DATASET,ID,VOICE_FAKE_PROB,MUSIC_FAKE_PROB,FILE_FAKE_PROB
factorial_eval_1200_v2_dev,factorial_0000,0.9897589,0.31549385,0.99782413
factorial_eval_1200_v2_dev,factorial_0001,0.09175484,0.16983059,0.15724677
factorial_eval_1200_v2_dev,factorial_0002,0.6707427,0.7064902,0.8500391
factorial_eval_1200_v2_dev,factorial_0003,0.97083753,0.44415477,0.9765261
factorial_eval_1200_v2_dev,factorial_0004,0.09108725,0.1401507,0.1403371
factorial_eval_1200_v2_dev,factorial_0005,0.10182247,0.14086615,0.15580264
factorial_eval_1200_v2_dev,factorial_0006,0.3995816,0.40977538,0.6084092
factorial_eval_1200_v2_dev,factorial_0007,0.10625025,0.35951874,0.2996438
factorial_eval_1200_v2_dev,factorial_0008,0.09010523,0.1336122,0.1341534
factorial_eval_1200_v2_dev,factorial_0009,0.26660615,0.47007996,0.58798707
factorial_eval_1200_v2_dev,factorial_0010,0.16639808,0.4895438,0.4777175
factorial_eval_1200_v2_dev,factorial_0011,0.5480461,0.5788579,0.7971066
factorial_eval_1200_v2_dev,factorial_0012,0.10336468,0.37736598,0.30643916
factorial_eval_1200_v2_dev,factorial_0013,0.09078558,0.078614086,0.11668378
factorial_eval_1200_v2_dev,factorial_0014,0.08609779,0.046189424,0.10008925
factorial_eval_1200_v2_dev,factorial_0015,0.089759044,0.082527965,0.12625793
factorial_eval_1200_v2_dev,factorial_0016,0.09010523,0.17882672,0.27754056
factorial_eval_1200_v2_dev,factorial_0017,0.16506952,0.4421129,0.42119527
factorial_eval_1200_v2_dev,factorial_0018,0.98254085,0.6062363,0.98698264
factorial_eval_1200_v2_dev,factorial_0019,0.106561504,0.15823156,0.18028791
factorial_eval_1200_v2_dev,factorial_0020,0.12891342,0.5353963,0.47550857
factorial_eval_1200_v2_dev,factorial_0021,0.08884509,0.03962014,0.09933451
factorial_eval_1200_v2_dev,factorial_0022,0.11903696,0.3345117,0.3062017
factorial_eval_1200_v2_dev,factorial_0023,0.22825518,0.26138195,0.32586557
factorial_eval_1200_v2_dev,factorial_0024,0.107616834,0.33046547,0.27135572
factorial_eval_1200_v2_dev,factorial_0025,0.44487247,0.94494414,0.92436016
factorial_eval_1200_v2_dev,factorial_0026,0.100509115,0.7279321,0.6715423
factorial_eval_1200_v2_dev,factorial_0027,0.096804455,0.2636191,0.37613338
factorial_eval_1200_v2_dev,factorial_0028,0.112328514,0.93892735,0.9251254
factorial_eval_1200_v2_dev,factorial_0029,0.2723293,0.17699623,0.33725253
factorial_eval_1200_v2_dev,factorial_0030,0.2726571,0.5393014,0.6092535
factorial_eval_1200_v2_dev,factorial_0031,0.12881577,0.58173233,0.5336828
factorial_eval_1200_v2_dev,factorial_0032,0.3165901,0.97540534,0.9646407
factorial_eval_1200_v2_dev,factorial_0033,0.23164818,0.31577864,0.43414423
factorial_eval_1200_v2_dev,factorial_0034,0.1422136,0.22189082,0.25074285
factorial_eval_1200_v2_dev,factorial_0035,0.08822913,0.9423885,0.90864253
factorial_eval_1200_v2_dev,factorial_0036,0.29757783,0.3746572,0.47462332
factorial_eval_1200_v2_dev,factorial_0037,0.09070705,0.90681916,0.86898005
factorial_eval_1200_v2_dev,factorial_0038,0.15757741,0.8854956,0.82401305
factorial_eval_1200_v2_dev,factorial_0039,0.123658665,0.9628625,0.946926
factorial_eval_1200_v2_dev,factorial_0040,0.19938144,0.8926742,0.8676042
factorial_eval_1200_v2_dev,factorial_0041,0.19717234,0.56860924,0.5704295
factorial_eval_1200_v2_dev,factorial_0042,0.18381444,0.30025038,0.35760182
factorial_eval_1200_v2_dev,factorial_0043,0.088306196,0.9686899,0.98001164
factorial_eval_1200_v2_dev,factorial_0044,0.69656116,0.3775971,0.7114606
factorial_eval_1200_v2_dev,factorial_0045,0.11785431,0.13856018,0.17058873
factorial_eval_1200_v2_dev,factorial_0046,0.1497616,0.3116062,0.32279685
factorial_eval_1200_v2_dev,factorial_0047,0.28808972,0.64697385,0.61103344
factorial_eval_1200_v2_dev,factorial_0048,0.46156338,0.30706665,0.58293647
factorial_eval_1200_v2_dev,factorial_0049,0.2039111,0.22778386,0.31520224
factorial_eval_1200_v2_dev,factorial_0050,0.99614906,0.80695194,0.99835175
factorial_eval_1200_v2_dev,factorial_0051,0.9955037,0.1373472,0.99464846
factorial_eval_1200_v2_dev,factorial_0052,0.9972824,0.50736415,0.9969448
factorial_eval_1200_v2_dev,factorial_0053,0.10174185,0.23597899,0.2089837
factorial_eval_1200_v2_dev,factorial_0054,0.98171306,0.9505128,0.9978354
factorial_eval_1200_v2_dev,factorial_0055,0.9941386,0.8557349,0.99823356
factorial_eval_1200_v2_dev,factorial_0056,0.9949731,0.63997036,0.99811393
factorial_eval_1200_v2_dev,factorial_0057,0.45062798,0.8022959,0.946558
factorial_eval_1200_v2_dev,factorial_0058,0.99793774,0.3490071,0.99892384
factorial_eval_1200_v2_dev,factorial_0059,0.9695268,0.7443437,0.99872345
factorial_eval_1200_v2_dev,factorial_0060,0.9722203,0.8679669,0.99759924
factorial_eval_1200_v2_dev,factorial_0061,0.9956373,0.71841145,0.9981927
factorial_eval_1200_v2_dev,factorial_0062,0.9920792,0.41328317,0.9928171
factorial_eval_1200_v2_dev,factorial_0063,0.99772304,0.4134458,0.99845636
factorial_eval_1200_v2_dev,factorial_0064,0.99440503,0.8984646,0.9956182
factorial_eval_1200_v2_dev,factorial_0065,0.9960081,0.5174998,0.99837416
factorial_eval_1200_v2_dev,factorial_0066,0.99553597,0.42780668,0.9955274
factorial_eval_1200_v2_dev,factorial_0067,0.9870086,0.8852893,0.99599475
factorial_eval_1200_v2_dev,factorial_0068,0.99803495,0.31103715,0.99771386
factorial_eval_1200_v2_dev,factorial_0069,0.99355435,0.28597647,0.9950561
factorial_eval_1200_v2_dev,factorial_0070,0.11232146,0.6325952,0.526519
factorial_eval_1200_v2_dev,factorial_0071,0.99902433,0.28033814,0.9988315
factorial_eval_1200_v2_dev,factorial_0072,0.99584913,0.89501196,0.9985962
factorial_eval_1200_v2_dev,factorial_0073,0.9870086,0.8852893,0.99599475
factorial_eval_1200_v2_dev,factorial_0074,0.9981306,0.38505366,0.9976605
factorial_eval_1200_v2_dev,factorial_0075,0.16878146,0.97714204,0.9869233
factorial_eval_1200_v2_dev,factorial_0076,0.076414816,0.988974,0.990557
factorial_eval_1200_v2_dev,factorial_0077,0.08045808,0.9602998,0.9728858
factorial_eval_1200_v2_dev,factorial_0078,0.08994843,0.9474969,0.90915483
factorial_eval_1200_v2_dev,factorial_0079,0.0811131,0.98781973,0.9897501
factorial_eval_1200_v2_dev,factorial_0080,0.057425153,0.9584264,0.93096536
factorial_eval_1200_v2_dev,factorial_0081,0.10769766,0.28105783,0.3665011
factorial_eval_1200_v2_dev,factorial_0082,0.13381246,0.95060176,0.917911
factorial_eval_1200_v2_dev,factorial_0083,0.077686526,0.9898693,0.9915328
factorial_eval_1200_v2_dev,factorial_0084,0.055535857,0.9746506,0.9630694
factorial_eval_1200_v2_dev,factorial_0085,0.057369083,0.9836273,0.978474
factorial_eval_1200_v2_dev,factorial_0086,0.10253309,0.967084,0.97660923
factorial_eval_1200_v2_dev,factorial_0087,0.17379701,0.9487183,0.92435974
factorial_eval_1200_v2_dev,factorial_0088,0.069042034,0.9871825,0.98597693
factorial_eval_1200_v2_dev,factorial_0089,0.059052616,0.98607,0.986494
factorial_eval_1200_v2_dev,factorial_0090,0.11639454,0.97374725,0.9893188
factorial_eval_1200_v2_dev,factorial_0091,0.059151113,0.9845983,0.9840866
factorial_eval_1200_v2_dev,factorial_0092,0.34876972,0.95874137,0.9839803
factorial_eval_1200_v2_dev,factorial_0093,0.12727597,0.9765757,0.96367025
factorial_eval_1200_v2_dev,factorial_0094,0.1461057,0.9209467,0.86827075
factorial_eval_1200_v2_dev,factorial_0095,0.10346122,0.96374595,0.94162124
factorial_eval_1200_v2_dev,factorial_0096,0.10133813,0.98466825,0.987723
factorial_eval_1200_v2_dev,factorial_0097,0.097352766,0.97876453,0.9723035
factorial_eval_1200_v2_dev,factorial_0098,0.060800705,0.98169845,0.97524226
factorial_eval_1200_v2_dev,factorial_0099,0.075232595,0.98088634,0.975557
factorial_eval_1200_v2_dev,factorial_0100,0.102456786,0.74373084,0.61944264
factorial_eval_1200_v2_dev,factorial_0101,0.2710599,0.5388146,0.62688833
factorial_eval_1200_v2_dev,factorial_0102,0.1613394,0.33860227,0.48498803
factorial_eval_1200_v2_dev,factorial_0103,0.10097953,0.84485406,0.74478143
factorial_eval_1200_v2_dev,factorial_0104,0.20532623,0.7797195,0.7808039
factorial_eval_1200_v2_dev,factorial_0105,0.31566152,0.3602947,0.50722414
factorial_eval_1200_v2_dev,factorial_0106,0.13011359,0.655299,0.5824572
factorial_eval_1200_v2_dev,factorial_0107,0.4324589,0.47521272,0.67025256
factorial_eval_1200_v2_dev,factorial_0108,0.25676844,0.6871053,0.56804556
factorial_eval_1200_v2_dev,factorial_0109,0.15336743,0.3810233,0.4449614
factorial_eval_1200_v2_dev,factorial_0110,0.4902114,0.3413924,0.63642716
factorial_eval_1200_v2_dev,factorial_0111,0.6553814,0.7598872,0.95157605
factorial_eval_1200_v2_dev,factorial_0112,0.5519226,0.55501765,0.6256478
factorial_eval_1200_v2_dev,factorial_0113,0.42932677,0.7503214,0.80449736
factorial_eval_1200_v2_dev,factorial_0114,0.14698954,0.7994835,0.7047127
factorial_eval_1200_v2_dev,factorial_0115,0.3940589,0.6405581,0.7191599
factorial_eval_1200_v2_dev,factorial_0116,0.18597564,0.84134644,0.8008243
factorial_eval_1200_v2_dev,factorial_0117,0.12220603,0.3127348,0.2680031
factorial_eval_1200_v2_dev,factorial_0118,0.107902825,0.4382103,0.3806312
factorial_eval_1200_v2_dev,factorial_0119,0.37000886,0.4351351,0.5611718
factorial_eval_1200_v2_dev,factorial_0120,0.142804,0.73240244,0.67358077
factorial_eval_1200_v2_dev,factorial_0121,0.44926324,0.9313607,0.9374708
factorial_eval_1200_v2_dev,factorial_0122,0.12994199,0.91346586,0.8701478
factorial_eval_1200_v2_dev,factorial_0123,0.11856256,0.8826588,0.8374137
factorial_eval_1200_v2_dev,factorial_0124,0.5124538,0.27589914,0.7694523
factorial_eval_1200_v2_dev,factorial_0125,0.1274496,0.9659592,0.95785624
factorial_eval_1200_v2_dev,factorial_0126,0.50835085,0.6544395,0.7596658
factorial_eval_1200_v2_dev,factorial_0127,0.20269099,0.9808792,0.99101794
factorial_eval_1200_v2_dev,factorial_0128,0.1490588,0.97653544,0.977349
factorial_eval_1200_v2_dev,factorial_0129,0.10967776,0.2626095,0.23713312
factorial_eval_1200_v2_dev,factorial_0130,0.44145757,0.90183926,0.92810154
factorial_eval_1200_v2_dev,factorial_0131,0.32910934,0.67357725,0.57264584
factorial_eval_1200_v2_dev,factorial_0132,0.9172291,0.6378495,0.94800985
factorial_eval_1200_v2_dev,factorial_0133,0.12200337,0.8813567,0.80072284
factorial_eval_1200_v2_dev,factorial_0134,0.11244351,0.8864888,0.8523488
factorial_eval_1200_v2_dev,factorial_0135,0.3144401,0.8476049,0.81364346
factorial_eval_1200_v2_dev,factorial_0136,0.29413486,0.82099116,0.9213153
factorial_eval_1200_v2_dev,factorial_0137,0.118314944,0.90827733,0.8644996
factorial_eval_1200_v2_dev,factorial_0138,0.4414276,0.8843703,0.94815063
factorial_eval_1200_v2_dev,factorial_0139,0.10947766,0.9550476,0.9782179
factorial_eval_1200_v2_dev,factorial_0140,0.70813257,0.9002882,0.9757168
factorial_eval_1200_v2_dev,factorial_0141,0.13363114,0.15940595,0.16900714
factorial_eval_1200_v2_dev,factorial_0142,0.106662646,0.98456496,0.9850924
factorial_eval_1200_v2_dev,factorial_0143,0.6193044,0.9771488,0.9929928
factorial_eval_1200_v2_dev,factorial_0144,0.2392302,0.9270928,0.875897
factorial_eval_1200_v2_dev,factorial_0145,0.085977465,0.98410326,0.98827535
factorial_eval_1200_v2_dev,factorial_0146,0.099216744,0.75819165,0.63345027
factorial_eval_1200_v2_dev,factorial_0147,0.14862259,0.6495899,0.59122604
factorial_eval_1200_v2_dev,factorial_0148,0.19264382,0.73787504,0.7815756
factorial_eval_1200_v2_dev,factorial_0149,0.4701085,0.93433553,0.9028237
factorial_eval_1200_v2_dev,factorial_0150,0.3774722,0.624719,0.7910132
factorial_eval_1200_v2_dev,factorial_0151,0.9483349,0.9162891,0.99847716
factorial_eval_1200_v2_dev,factorial_0152,0.33573964,0.74011916,0.8489853
factorial_eval_1200_v2_dev,factorial_0153,0.47655657,0.23251161,0.4730726
factorial_eval_1200_v2_dev,factorial_0154,0.33740538,0.4072912,0.66026676
factorial_eval_1200_v2_dev,factorial_0155,0.47312674,0.5359562,0.7590372
factorial_eval_1200_v2_dev,factorial_0156,0.57739496,0.907347,0.9279119
factorial_eval_1200_v2_dev,factorial_0157,0.13265592,0.8394163,0.76719576
factorial_eval_1200_v2_dev,factorial_0158,0.80510867,0.6753833,0.97349066
factorial_eval_1200_v2_dev,factorial_0159,0.99807394,0.22266966,0.9981743
factorial_eval_1200_v2_dev,factorial_0160,0.32071802,0.8204875,0.83841234
factorial_eval_1200_v2_dev,factorial_0161,0.65191823,0.748787,0.91694087
factorial_eval_1200_v2_dev,factorial_0162,0.5276447,0.9011795,0.9876142
factorial_eval_1200_v2_dev,factorial_0163,0.12082787,0.8057574,0.7407316
factorial_eval_1200_v2_dev,factorial_0164,0.72342753,0.8301946,0.92948097
factorial_eval_1200_v2_dev,factorial_0165,0.86474556,0.6474765,0.92436004
factorial_eval_1200_v2_dev,factorial_0166,0.37376866,0.20464008,0.41484457
factorial_eval_1200_v2_dev,factorial_0167,0.299984,0.971591,0.98533905
factorial_eval_1200_v2_dev,factorial_0168,0.56365836,0.8826516,0.9678692
factorial_eval_1200_v2_dev,factorial_0169,0.84460336,0.9271303,0.99697495
factorial_eval_1200_v2_dev,factorial_0170,0.6049923,0.9409138,0.9918804
factorial_eval_1200_v2_dev,factorial_0171,0.34371412,0.19890377,0.6651497
factorial_eval_1200_v2_dev,factorial_0172,0.97839653,0.72495824,0.99803126
factorial_eval_1200_v2_dev,factorial_0173,0.41864583,0.8750159,0.90976524
factorial_eval_1200_v2_dev,factorial_0174,0.4962545,0.35250628,0.6349693
factorial_eval_1200_v2_dev,factorial_0175,0.11264554,0.7683926,0.6634878
factorial_eval_1200_v2_dev,factorial_0176,0.14142285,0.95949304,0.98496217
factorial_eval_1200_v2_dev,factorial_0177,0.20861186,0.77391684,0.7892453
factorial_eval_1200_v2_dev,factorial_0178,0.075042196,0.98870796,0.99079365
factorial_eval_1200_v2_dev,factorial_0179,0.9193879,0.9059291,0.99820083
factorial_eval_1200_v2_dev,factorial_0180,0.6404645,0.96236783,0.99300605
factorial_eval_1200_v2_dev,factorial_0181,0.13153107,0.7200749,0.6543131
factorial_eval_1200_v2_dev,factorial_0182,0.11108342,0.94733787,0.92758256
factorial_eval_1200_v2_dev,factorial_0183,0.29370576,0.43219286,0.5014298
factorial_eval_1200_v2_dev,factorial_0184,0.53160506,0.9655183,0.99141043
factorial_eval_1200_v2_dev,factorial_0185,0.7068845,0.89746535,0.9903486
factorial_eval_1200_v2_dev,factorial_0186,0.16695769,0.9343358,0.89539707
factorial_eval_1200_v2_dev,factorial_0187,0.97839284,0.98074,0.9922944
factorial_eval_1200_v2_dev,factorial_0188,0.2075521,0.9750927,0.96977544
factorial_eval_1200_v2_dev,factorial_0189,0.11927306,0.8697559,0.90396494
factorial_eval_1200_v2_dev,factorial_0190,0.9928273,0.79336333,0.99765855
factorial_eval_1200_v2_dev,factorial_0191,0.9916762,0.78038204,0.995944
factorial_eval_1200_v2_dev,factorial_0192,0.17842229,0.9729221,0.97105235
factorial_eval_1200_v2_dev,factorial_0193,0.9187415,0.9297561,0.99761456
factorial_eval_1200_v2_dev,factorial_0194,0.405408,0.9359441,0.93111455
factorial_eval_1200_v2_dev,factorial_0195,0.38785127,0.6556384,0.6301092
factorial_eval_1200_v2_dev,factorial_0196,0.9880766,0.6072437,0.9980267
factorial_eval_1200_v2_dev,factorial_0197,0.9961184,0.40962753,0.99798495
factorial_eval_1200_v2_dev,factorial_0198,0.3539216,0.47410825,0.6530003
factorial_eval_1200_v2_dev,factorial_0199,0.97635233,0.9468633,0.9980626
factorial_eval_1200_v2_dev,factorial_0200,0.10961948,0.9469065,0.9395572
factorial_eval_1200_v2_dev,factorial_0201,0.18802406,0.7486126,0.76747316
factorial_eval_1200_v2_dev,factorial_0202,0.4475132,0.5114046,0.64718306
factorial_eval_1200_v2_dev,factorial_0203,0.11226166,0.83275485,0.77129567
factorial_eval_1200_v2_dev,factorial_0204,0.09282072,0.8789251,0.7950931
factorial_eval_1200_v2_dev,factorial_0205,0.099960476,0.37639737,0.3796078
factorial_eval_1200_v2_dev,factorial_0206,0.1579158,0.38358897,0.98116666
factorial_eval_1200_v2_dev,factorial_0207,0.10162757,0.95607185,0.9226727
factorial_eval_1200_v2_dev,factorial_0208,0.13469785,0.97856486,0.9794911
factorial_eval_1200_v2_dev,factorial_0209,0.2043018,0.97417575,0.95903265
factorial_eval_1200_v2_dev,factorial_0210,0.113828026,0.9571184,0.97549486
factorial_eval_1200_v2_dev,factorial_0211,0.11892567,0.64321727,0.65000427
factorial_eval_1200_v2_dev,factorial_0212,0.29063714,0.9315356,0.9532229
factorial_eval_1200_v2_dev,factorial_0213,0.96008533,0.7783537,0.97132975
factorial_eval_1200_v2_dev,factorial_0214,0.3012104,0.96374595,0.9435186
factorial_eval_1200_v2_dev,factorial_0215,0.12465397,0.614937,0.5633744
factorial_eval_1200_v2_dev,factorial_0216,0.5849122,0.95051235,0.96629184
factorial_eval_1200_v2_dev,factorial_0217,0.16882852,0.9771408,0.9707762
factorial_eval_1200_v2_dev,factorial_0218,0.19498615,0.8676448,0.8813699
factorial_eval_1200_v2_dev,factorial_0219,0.33300048,0.42744142,0.6469003
factorial_eval_1200_v2_dev,factorial_0220,0.42258492,0.7578399,0.86839336
factorial_eval_1200_v2_dev,factorial_0221,0.27393633,0.9686375,0.95042014
factorial_eval_1200_v2_dev,factorial_0222,0.48495317,0.82211727,0.79827553
factorial_eval_1200_v2_dev,factorial_0223,0.09070705,0.89141506,0.8180451
factorial_eval_1200_v2_dev,factorial_0224,0.15726246,0.39780515,0.8066104
factorial_eval_1200_v2_dev,factorial_0225,0.35659105,0.4099732,0.83420444
factorial_eval_1200_v2_dev,factorial_0226,0.088681735,0.9715375,0.9538286
factorial_eval_1200_v2_dev,factorial_0227,0.07414361,0.98222464,0.977049
factorial_eval_1200_v2_dev,factorial_0228,0.08046519,0.97543097,0.9691837
factorial_eval_1200_v2_dev,factorial_0229,0.3751128,0.98741174,0.9892186
factorial_eval_1200_v2_dev,factorial_0230,0.079537615,0.9879778,0.9894507
factorial_eval_1200_v2_dev,factorial_0231,0.99541456,0.6653531,0.99316007
factorial_eval_1200_v2_dev,factorial_0232,0.08369388,0.98880094,0.9917144
factorial_eval_1200_v2_dev,factorial_0233,0.09902022,0.93203247,0.94572103
factorial_eval_1200_v2_dev,factorial_0234,0.12505648,0.98211145,0.9884352
factorial_eval_1200_v2_dev,factorial_0235,0.0895438,0.9581245,0.9286182
factorial_eval_1200_v2_dev,factorial_0236,0.14157291,0.9474889,0.9480429
factorial_eval_1200_v2_dev,factorial_0237,0.102540724,0.9771475,0.9678839
factorial_eval_1200_v2_dev,factorial_0238,0.09996381,0.915311,0.97652704
factorial_eval_1200_v2_dev,factorial_0239,0.42036414,0.9701214,0.95387197
factorial_eval_1200_v2_dev,factorial_0240,0.18917577,0.97977257,0.98767924
factorial_eval_1200_v2_dev,factorial_0241,0.08497187,0.973542,0.9582515
factorial_eval_1200_v2_dev,factorial_0242,0.09224091,0.9859359,0.99136883
factorial_eval_1200_v2_dev,factorial_0243,0.09315418,0.93878996,0.9027798
factorial_eval_1200_v2_dev,factorial_0244,0.19566587,0.9574049,0.94166905
factorial_eval_1200_v2_dev,factorial_0245,0.12464513,0.7038971,0.8615692
factorial_eval_1200_v2_dev,factorial_0246,0.12769127,0.7980339,0.68279773
factorial_eval_1200_v2_dev,factorial_0247,0.17493464,0.9845607,0.9833677
factorial_eval_1200_v2_dev,factorial_0248,0.17732027,0.86752075,0.9527396
factorial_eval_1200_v2_dev,factorial_0249,0.24572684,0.7411754,0.73789436
factorial_eval_1200_v2_dev,factorial_0250,0.40070462,0.9174798,0.9934915
factorial_eval_1200_v2_dev,factorial_0251,0.9849361,0.7867613,0.99813336
factorial_eval_1200_v2_dev,factorial_0252,0.99830824,0.381294,0.9974746
factorial_eval_1200_v2_dev,factorial_0253,0.9936648,0.68094045,0.99872905
factorial_eval_1200_v2_dev,factorial_0254,0.95281196,0.84131175,0.99849606
factorial_eval_1200_v2_dev,factorial_0255,0.9191072,0.55193,0.9357227
factorial_eval_1200_v2_dev,factorial_0256,0.26882616,0.27564362,0.39320654
factorial_eval_1200_v2_dev,factorial_0257,0.97259563,0.6480486,0.99612117
factorial_eval_1200_v2_dev,factorial_0258,0.96008533,0.78435606,0.9931239
factorial_eval_1200_v2_dev,factorial_0259,0.9754042,0.54287565,0.99838877
factorial_eval_1200_v2_dev,factorial_0260,0.9262374,0.8526758,0.9984577
factorial_eval_1200_v2_dev,factorial_0261,0.14450938,0.51280683,0.98116666
factorial_eval_1200_v2_dev,factorial_0262,0.9972824,0.33854473,0.9965916
factorial_eval_1200_v2_dev,factorial_0263,0.99846894,0.8760291,0.99830455
factorial_eval_1200_v2_dev,factorial_0264,0.9735393,0.5785811,0.974744
factorial_eval_1200_v2_dev,factorial_0265,0.99366486,0.49022177,0.99872905
factorial_eval_1200_v2_dev,factorial_0266,0.9942642,0.4893077,0.99517024
factorial_eval_1200_v2_dev,factorial_0267,0.99880725,0.9218518,0.9985237
factorial_eval_1200_v2_dev,factorial_0268,0.20738922,0.80794626,0.8219877
factorial_eval_1200_v2_dev,factorial_0269,0.9973493,0.5247412,0.99623454
factorial_eval_1200_v2_dev,factorial_0270,0.98907024,0.9042315,0.99300575
factorial_eval_1200_v2_dev,factorial_0271,0.47867626,0.97014815,0.9590682
factorial_eval_1200_v2_dev,factorial_0272,0.98635006,0.5867264,0.9961448
factorial_eval_1200_v2_dev,factorial_0273,0.13723627,0.9191072,0.9714822
factorial_eval_1200_v2_dev,factorial_0274,0.9776926,0.952812,0.9983871
factorial_eval_1200_v2_dev,factorial_0275,0.9133528,0.95806235,0.9856957
factorial_eval_1200_v2_dev,factorial_0276,0.99552727,0.8262652,0.99365115
factorial_eval_1200_v2_dev,factorial_0277,0.80694455,0.9686446,0.95064217
factorial_eval_1200_v2_dev,factorial_0278,0.9776926,0.94228435,0.99810517
factorial_eval_1200_v2_dev,factorial_0279,0.8010359,0.7409383,0.95598197
factorial_eval_1200_v2_dev,factorial_0280,0.9765757,0.9333559,0.9983254
factorial_eval_1200_v2_dev,factorial_0281,0.6295953,0.9510643,0.9725551
factorial_eval_1200_v2_dev,factorial_0282,0.9970713,0.96379906,0.99604225
factorial_eval_1200_v2_dev,factorial_0283,0.98793465,0.9787575,0.9950487
factorial_eval_1200_v2_dev,factorial_0284,0.98700714,0.9591169,0.99101484
factorial_eval_1200_v2_dev,factorial_0285,0.67760295,0.93510437,0.9288672
factorial_eval_1200_v2_dev,factorial_0286,0.568848,0.9656069,0.9575174
factorial_eval_1200_v2_dev,factorial_0287,0.50092983,0.82592124,0.88524455
factorial_eval_1200_v2_dev,factorial_0288,0.089117855,0.94987047,0.9143848
factorial_eval_1200_v2_dev,factorial_0289,0.9782314,0.7224275,0.997655
factorial_eval_1200_v2_dev,factorial_0290,0.35950086,0.9828699,0.98638237
factorial_eval_1200_v2_dev,factorial_0291,0.35986075,0.9802915,0.9722012
factorial_eval_1200_v2_dev,factorial_0292,0.86179477,0.95134234,0.9628529
factorial_eval_1200_v2_dev,factorial_0293,0.9965132,0.9295841,0.9955176
factorial_eval_1200_v2_dev,factorial_0294,0.642568,0.9845624,0.98289436
factorial_eval_1200_v2_dev,factorial_0295,0.15401156,0.96460944,0.9978241
factorial_eval_1200_v2_dev,factorial_0296,0.9759969,0.9754048,0.9967819
factorial_eval_1200_v2_dev,factorial_0297,0.24272211,0.42283094,0.706789
factorial_eval_1200_v2_dev,factorial_0298,0.33229053,0.9855871,0.98443866
factorial_eval_1200_v2_dev,factorial_0299,0.84622276,0.96947706,0.99543935
factorial_eval_1200_v2_dev,factorial_0300,0.10927692,0.86117613,0.7970763
factorial_eval_1200_v2_dev,factorial_0301,0.104270406,0.1667478,0.25748277
factorial_eval_1200_v2_dev,factorial_0302,0.11411988,0.9386095,0.91357654
factorial_eval_1200_v2_dev,factorial_0303,0.1151152,0.8010353,0.7318148
factorial_eval_1200_v2_dev,factorial_0304,0.25914675,0.2697715,0.3736155
factorial_eval_1200_v2_dev,factorial_0305,0.3179141,0.61373925,0.6909993
factorial_eval_1200_v2_dev,factorial_0306,0.35879156,0.1911486,0.44071364
factorial_eval_1200_v2_dev,factorial_0307,0.12046396,0.7582,0.96000224
factorial_eval_1200_v2_dev,factorial_0308,0.15037446,0.16258052,0.22353907
factorial_eval_1200_v2_dev,factorial_0309,0.2081922,0.6368503,0.651358
factorial_eval_1200_v2_dev,factorial_0310,0.10261122,0.2480463,0.4759268
factorial_eval_1200_v2_dev,factorial_0311,0.115092106,0.41723222,0.41149876
factorial_eval_1200_v2_dev,factorial_0312,0.1558406,0.2936234,0.30752328
factorial_eval_1200_v2_dev,factorial_0313,0.09432109,0.9312129,0.9005511
factorial_eval_1200_v2_dev,factorial_0314,0.104736075,0.5726273,0.4727228
factorial_eval_1200_v2_dev,factorial_0315,0.10175895,0.5103177,0.42225686
factorial_eval_1200_v2_dev,factorial_0316,0.12322646,0.77200013,0.67312866
factorial_eval_1200_v2_dev,factorial_0317,0.14387193,0.85418105,0.94420767
factorial_eval_1200_v2_dev,factorial_0318,0.47711775,0.8676432,0.8179044
factorial_eval_1200_v2_dev,factorial_0319,0.10671541,0.61416733,0.48965645
factorial_eval_1200_v2_dev,factorial_0320,0.27679422,0.74776304,0.8795135
factorial_eval_1200_v2_dev,factorial_0321,0.16520993,0.3005897,0.5759999
factorial_eval_1200_v2_dev,factorial_0322,0.29055852,0.24752189,0.34872663
factorial_eval_1200_v2_dev,factorial_0323,0.5488198,0.8327548,0.939662
factorial_eval_1200_v2_dev,factorial_0324,0.10878654,0.43616474,0.5393571
factorial_eval_1200_v2_dev,factorial_0325,0.09441396,0.98600936,0.9856953
factorial_eval_1200_v2_dev,factorial_0326,0.08060499,0.9748863,0.961305
factorial_eval_1200_v2_dev,factorial_0327,0.39508882,0.9676117,0.97602254
factorial_eval_1200_v2_dev,factorial_0328,0.09692507,0.95281196,0.9318596
factorial_eval_1200_v2_dev,factorial_0329,0.0934978,0.9550098,0.92510724
factorial_eval_1200_v2_dev,factorial_0330,0.23517019,0.8292589,0.91124946
factorial_eval_1200_v2_dev,factorial_0331,0.0742489,0.9678811,0.9454726
factorial_eval_1200_v2_dev,factorial_0332,0.1736957,0.7384448,0.99517024
factorial_eval_1200_v2_dev,factorial_0333,0.09896557,0.8618186,0.77613586
factorial_eval_1200_v2_dev,factorial_0334,0.09388685,0.98417604,0.9787124
factorial_eval_1200_v2_dev,factorial_0335,0.14158466,0.93736833,0.92472935
factorial_eval_1200_v2_dev,factorial_0336,0.13211441,0.83275765,0.7480248
factorial_eval_1200_v2_dev,factorial_0337,0.09535483,0.9866826,0.98874557
factorial_eval_1200_v2_dev,factorial_0338,0.67073864,0.8996344,0.91527706
factorial_eval_1200_v2_dev,factorial_0339,0.09967226,0.3473073,0.34040666
factorial_eval_1200_v2_dev,factorial_0340,0.31791154,0.8362077,0.90774184
factorial_eval_1200_v2_dev,factorial_0341,0.5480457,0.9680126,0.94792944
factorial_eval_1200_v2_dev,factorial_0342,0.16054514,0.9442902,0.9070498
factorial_eval_1200_v2_dev,factorial_0343,0.09068326,0.9539238,0.9765326
factorial_eval_1200_v2_dev,factorial_0344,0.08494417,0.9812346,0.979361
factorial_eval_1200_v2_dev,factorial_0345,0.10750853,0.87737256,0.80350864
factorial_eval_1200_v2_dev,factorial_0346,0.08676899,0.9723016,0.97330004
factorial_eval_1200_v2_dev,factorial_0347,0.110656634,0.98600936,0.9839899
factorial_eval_1200_v2_dev,factorial_0348,0.10569312,0.97417575,0.961905
factorial_eval_1200_v2_dev,factorial_0349,0.113427974,0.9805556,0.9960432
factorial_eval_1200_v2_dev,factorial_0350,0.29408687,0.39294824,0.69387656
factorial_eval_1200_v2_dev,factorial_0351,0.9949348,0.688457,0.9951759
factorial_eval_1200_v2_dev,factorial_0352,0.9771408,0.81290007,0.99849606
factorial_eval_1200_v2_dev,factorial_0353,0.9954155,0.7970795,0.9984369
factorial_eval_1200_v2_dev,factorial_0354,0.99822164,0.27081233,0.9977471
factorial_eval_1200_v2_dev,factorial_0355,0.9701214,0.94282925,0.99854225
factorial_eval_1200_v2_dev,factorial_0356,0.9960508,0.96008956,0.99825746
factorial_eval_1200_v2_dev,factorial_0357,0.9989732,0.47905946,0.9985237
factorial_eval_1200_v2_dev,factorial_0358,0.9948072,0.75933397,0.9960534
factorial_eval_1200_v2_dev,factorial_0359,0.9722203,0.5803952,0.99830455
factorial_eval_1200_v2_dev,factorial_0360,0.97479725,0.7494368,0.99123436
factorial_eval_1200_v2_dev,factorial_0361,0.7535762,0.922749,0.94813603
factorial_eval_1200_v2_dev,factorial_0362,0.92094654,0.9345574,0.9980439
factorial_eval_1200_v2_dev,factorial_0363,0.99080884,0.2861329,0.99281466
factorial_eval_1200_v2_dev,factorial_0364,0.99188006,0.6666877,0.99885696
factorial_eval_1200_v2_dev,factorial_0365,0.35631365,0.58638,0.5704722
factorial_eval_1200_v2_dev,factorial_0366,0.9656909,0.6378924,0.9812994
factorial_eval_1200_v2_dev,factorial_0367,0.31738013,0.9343359,0.9559813
factorial_eval_1200_v2_dev,factorial_0368,0.97083944,0.639796,0.9980313
factorial_eval_1200_v2_dev,factorial_0369,0.5939402,0.93879044,0.8995134
factorial_eval_1200_v2_dev,factorial_0370,0.92792726,0.9019096,0.99803275
factorial_eval_1200_v2_dev,factorial_0371,0.94748825,0.9062207,0.9924483
factorial_eval_1200_v2_dev,factorial_0372,0.449359,0.31880113,0.55504805
factorial_eval_1200_v2_dev,factorial_0373,0.9550098,0.9701214,0.9979098
factorial_eval_1200_v2_dev,factorial_0374,0.97770154,0.8337617,0.99856234
factorial_eval_1200_v2_dev,factorial_0375,0.13447039,0.92192745,0.98452777
factorial_eval_1200_v2_dev,factorial_0376,0.9928273,0.90311193,0.99756
factorial_eval_1200_v2_dev,factorial_0377,0.9980352,0.46195734,0.9985477
factorial_eval_1200_v2_dev,factorial_0378,0.9972557,0.9550098,0.99844956
factorial_eval_1200_v2_dev,factorial_0379,0.36084947,0.9708376,0.9967573
factorial_eval_1200_v2_dev,factorial_0380,0.98600936,0.96595913,0.99165845
factorial_eval_1200_v2_dev,factorial_0381,0.20096269,0.818463,0.85576546
factorial_eval_1200_v2_dev,factorial_0382,0.9246107,0.9782317,0.9983231
factorial_eval_1200_v2_dev,factorial_0383,0.99541456,0.93334365,0.9971511
factorial_eval_1200_v2_dev,factorial_0384,0.9754042,0.7725064,0.97474444
factorial_eval_1200_v2_dev,factorial_0385,0.48843092,0.98362654,0.9911523
factorial_eval_1200_v2_dev,factorial_0386,0.9334552,0.9610336,0.9983451
factorial_eval_1200_v2_dev,factorial_0387,0.43749264,0.86475194,0.9929881
factorial_eval_1200_v2_dev,factorial_0388,0.92115253,0.8925909,0.99828917
factorial_eval_1200_v2_dev,factorial_0389,0.99541515,0.96708244,0.9985979
factorial_eval_1200_v2_dev,factorial_0390,0.44321674,0.94966686,0.97973436
factorial_eval_1200_v2_dev,factorial_0391,0.99317473,0.96877843,0.9975756
factorial_eval_1200_v2_dev,factorial_0392,0.13061464,0.94883966,0.9652195
factorial_eval_1200_v2_dev,factorial_0393,0.98210675,0.9771408,0.9981083
factorial_eval_1200_v2_dev,factorial_0394,0.97875744,0.9728876,0.9970657
factorial_eval_1200_v2_dev,factorial_0395,0.9797725,0.95407313,0.99629766
factorial_eval_1200_v2_dev,factorial_0396,0.30984446,0.37654936,0.64099425
factorial_eval_1200_v2_dev,factorial_0397,0.99692166,0.97697914,0.99720776
factorial_eval_1200_v2_dev,factorial_0398,0.21870235,0.8131516,0.96188104
factorial_eval_1200_v2_dev,factorial_0399,0.09290304,0.9296159,0.88044655
factorial_eval_1200_v2_holdout,factorial_0400,0.09481224,0.20827453,0.17823383
factorial_eval_1200_v2_holdout,factorial_0401,0.09387231,0.28887075,0.23612095
factorial_eval_1200_v2_holdout,factorial_0402,0.09078558,0.040631328,0.101693004
factorial_eval_1200_v2_holdout,factorial_0403,0.08958245,0.08164078,0.18389402
factorial_eval_1200_v2_holdout,factorial_0404,0.09464055,0.19023432,0.1755809
factorial_eval_1200_v2_holdout,factorial_0405,0.08950227,0.08545672,0.11985651
factorial_eval_1200_v2_holdout,factorial_0406,0.08995405,0.12033466,0.13232249
factorial_eval_1200_v2_holdout,factorial_0407,0.092737876,0.102514334,0.258412
factorial_eval_1200_v2_holdout,factorial_0408,0.09952285,0.33888736,0.27618897
factorial_eval_1200_v2_holdout,factorial_0409,0.11930718,0.54587036,0.46566737
factorial_eval_1200_v2_holdout,factorial_0410,0.0940788,0.12875983,0.13888754
factorial_eval_1200_v2_holdout,factorial_0411,0.0890735,0.06686851,0.11637662
factorial_eval_1200_v2_holdout,factorial_0412,0.087530226,0.045840915,0.100628264
factorial_eval_1200_v2_holdout,factorial_0413,0.09521353,0.1115568,0.14226303
factorial_eval_1200_v2_holdout,factorial_0414,0.09037766,0.09615185,0.12737645
factorial_eval_1200_v2_holdout,factorial_0415,0.09885684,0.12521689,0.14462323
factorial_eval_1200_v2_holdout,factorial_0416,0.088936016,0.095472805,0.12213525
factorial_eval_1200_v2_holdout,factorial_0417,0.093052395,0.12974519,0.14199781
factorial_eval_1200_v2_holdout,factorial_0418,0.08878464,0.06603016,0.11040213
factorial_eval_1200_v2_holdout,factorial_0419,0.0933027,0.14617464,0.15419102
factorial_eval_1200_v2_holdout,factorial_0420,0.08922513,0.069813736,0.108374454
factorial_eval_1200_v2_holdout,factorial_0421,0.110765524,0.49066025,0.40441957
factorial_eval_1200_v2_holdout,factorial_0422,0.098180965,0.15944685,0.16467251
factorial_eval_1200_v2_holdout,factorial_0423,0.09243508,0.15279435,0.17173174
factorial_eval_1200_v2_holdout,factorial_0424,0.09870444,0.207342,0.20335187
factorial_eval_1200_v2_holdout,factorial_0425,0.07261188,0.9709384,0.95614505
factorial_eval_1200_v2_holdout,factorial_0426,0.21537198,0.1527262,0.3355834
factorial_eval_1200_v2_holdout,factorial_0427,0.1037492,0.37133157,0.30143243
factorial_eval_1200_v2_holdout,factorial_0428,0.089759044,0.09638124,0.12821542
factorial_eval_1200_v2_holdout,factorial_0429,0.2229727,0.25026459,0.3298407
factorial_eval_1200_v2_holdout,factorial_0430,0.31318653,0.8462245,0.7448822
factorial_eval_1200_v2_holdout,factorial_0431,0.1765439,0.42272556,0.44297934
factorial_eval_1200_v2_holdout,factorial_0432,0.12234117,0.67932504,0.72606677
factorial_eval_1200_v2_holdout,factorial_0433,0.672166,0.96460944,0.9716722
factorial_eval_1200_v2_holdout,factorial_0434,0.3611037,0.79194057,0.8042787
factorial_eval_1200_v2_holdout,factorial_0435,0.45662495,0.7630718,0.82037705
factorial_eval_1200_v2_holdout,factorial_0436,0.17500265,0.7296605,0.65347165
factorial_eval_1200_v2_holdout,factorial_0437,0.4443467,0.8597022,0.9741231
factorial_eval_1200_v2_holdout,factorial_0438,0.15284935,0.2761693,0.31147364
factorial_eval_1200_v2_holdout,factorial_0439,0.13148318,0.39253888,0.7103347
factorial_eval_1200_v2_holdout,factorial_0440,0.17440538,0.42782217,0.42950234
factorial_eval_1200_v2_holdout,factorial_0441,0.271249,0.22740221,0.3927698
factorial_eval_1200_v2_holdout,factorial_0442,0.28952742,0.7674002,0.8785801
factorial_eval_1200_v2_holdout,factorial_0443,0.15569177,0.68845695,0.69294155
factorial_eval_1200_v2_holdout,factorial_0444,0.22729439,0.748382,0.81600016
factorial_eval_1200_v2_holdout,factorial_0445,0.3235036,0.9610334,0.94679844
factorial_eval_1200_v2_holdout,factorial_0446,0.20186238,0.11956884,0.24686386
factorial_eval_1200_v2_holdout,factorial_0447,0.11083625,0.6057356,0.6987485
factorial_eval_1200_v2_holdout,factorial_0448,0.11656289,0.78869873,0.79855394
factorial_eval_1200_v2_holdout,factorial_0449,0.16921625,0.6373818,0.70508707
factorial_eval_1200_v2_holdout,factorial_0450,0.99822164,0.55415463,0.998756
factorial_eval_1200_v2_holdout,factorial_0451,0.99788225,0.35730335,0.99813765
factorial_eval_1200_v2_holdout,factorial_0452,0.99917555,0.06676362,0.9986415
factorial_eval_1200_v2_holdout,factorial_0453,0.9990235,0.44205433,0.9987427
factorial_eval_1200_v2_holdout,factorial_0454,0.9952743,0.13587289,0.99408895
factorial_eval_1200_v2_holdout,factorial_0455,0.45048302,0.66092646,0.7503634
factorial_eval_1200_v2_holdout,factorial_0456,0.9787584,0.9245111,0.9983046
factorial_eval_1200_v2_holdout,factorial_0457,0.9969697,0.45246837,0.99776673
factorial_eval_1200_v2_holdout,factorial_0458,0.9826049,0.7387069,0.9981832
factorial_eval_1200_v2_holdout,factorial_0459,0.99037296,0.52081484,0.9988836
factorial_eval_1200_v2_holdout,factorial_0460,0.99469936,0.52043563,0.99841464
factorial_eval_1200_v2_holdout,factorial_0461,0.9985445,0.15126279,0.99857706
factorial_eval_1200_v2_holdout,factorial_0462,0.9701214,0.7387891,0.9980746
factorial_eval_1200_v2_holdout,factorial_0463,0.9979301,0.26690271,0.9987644
factorial_eval_1200_v2_holdout,factorial_0464,0.9984837,0.53486115,0.9987971
factorial_eval_1200_v2_holdout,factorial_0465,0.9887979,0.6769423,0.9987024
factorial_eval_1200_v2_holdout,factorial_0466,0.9895433,0.4232673,0.9936315
factorial_eval_1200_v2_holdout,factorial_0467,0.9950592,0.9303953,0.99817544
factorial_eval_1200_v2_holdout,factorial_0468,0.99674726,0.11155053,0.9955037
factorial_eval_1200_v2_holdout,factorial_0469,0.99602306,0.28609425,0.9983862
factorial_eval_1200_v2_holdout,factorial_0470,0.6178137,0.9516751,0.95644045
factorial_eval_1200_v2_holdout,factorial_0471,0.96435666,0.92708814,0.9985587
factorial_eval_1200_v2_holdout,factorial_0472,0.99911666,0.5216234,0.99895155
factorial_eval_1200_v2_holdout,factorial_0473,0.9991995,0.0932432,0.99903333
factorial_eval_1200_v2_holdout,factorial_0474,0.9972138,0.60659266,0.9987712
factorial_eval_1200_v2_holdout,factorial_0475,0.05793383,0.9856766,0.9831936
factorial_eval_1200_v2_holdout,factorial_0476,0.10094215,0.98451895,0.9887015
factorial_eval_1200_v2_holdout,factorial_0477,0.10612952,0.83280885,0.7651665
factorial_eval_1200_v2_holdout,factorial_0478,0.22526059,0.97540426,0.9653838
factorial_eval_1200_v2_holdout,factorial_0479,0.08189535,0.98370415,0.9881142
factorial_eval_1200_v2_holdout,factorial_0480,0.06297334,0.94108397,0.9055149
factorial_eval_1200_v2_holdout,factorial_0481,0.072460994,0.97359836,0.95807916
factorial_eval_1200_v2_holdout,factorial_0482,0.092264004,0.9789871,0.97175777
factorial_eval_1200_v2_holdout,factorial_0483,0.08449814,0.96669114,0.95151687
factorial_eval_1200_v2_holdout,factorial_0484,0.08355761,0.9865197,0.989617
factorial_eval_1200_v2_holdout,factorial_0485,0.10452435,0.98891777,0.9933899
factorial_eval_1200_v2_holdout,factorial_0486,0.672125,0.8494705,0.914816
factorial_eval_1200_v2_holdout,factorial_0487,0.15687658,0.98417926,0.98453003
factorial_eval_1200_v2_holdout,factorial_0488,0.14260527,0.9664276,0.9453406
factorial_eval_1200_v2_holdout,factorial_0489,0.084047385,0.96409273,0.948832
factorial_eval_1200_v2_holdout,factorial_0490,0.12623397,0.94900906,0.93738776
factorial_eval_1200_v2_holdout,factorial_0491,0.09060084,0.9848845,0.98611844
factorial_eval_1200_v2_holdout,factorial_0492,0.103012115,0.59391344,0.50391996
factorial_eval_1200_v2_holdout,factorial_0493,0.071022496,0.98380166,0.9809026
factorial_eval_1200_v2_holdout,factorial_0494,0.056838028,0.98006266,0.97509426
factorial_eval_1200_v2_holdout,factorial_0495,0.33229375,0.97770053,0.96723545
factorial_eval_1200_v2_holdout,factorial_0496,0.20224187,0.9456261,0.9115511
factorial_eval_1200_v2_holdout,factorial_0497,0.081927106,0.9823012,0.9783087
factorial_eval_1200_v2_holdout,factorial_0498,0.17419392,0.7279338,0.7060744
factorial_eval_1200_v2_holdout,factorial_0499,0.08416489,0.97300565,0.9639468
factorial_eval_1200_v2_holdout,factorial_0500,0.25572467,0.5207969,0.44449013
factorial_eval_1200_v2_holdout,factorial_0501,0.12455403,0.83823246,0.8115672
factorial_eval_1200_v2_holdout,factorial_0502,0.10776524,0.8852166,0.88894707
factorial_eval_1200_v2_holdout,factorial_0503,0.11056929,0.8705275,0.81876117
factorial_eval_1200_v2_holdout,factorial_0504,0.17443636,0.5447438,0.52463216
factorial_eval_1200_v2_holdout,factorial_0505,0.19687161,0.70594347,0.6486344
factorial_eval_1200_v2_holdout,factorial_0506,0.20974661,0.49237818,0.5645893
factorial_eval_1200_v2_holdout,factorial_0507,0.16593763,0.42733657,0.41858923
factorial_eval_1200_v2_holdout,factorial_0508,0.2667899,0.44006243,0.5832199
factorial_eval_1200_v2_holdout,factorial_0509,0.14570393,0.4066658,0.5193507
factorial_eval_1200_v2_holdout,factorial_0510,0.115250036,0.16375884,0.19215018
factorial_eval_1200_v2_holdout,factorial_0511,0.19325118,0.3459569,0.32101518
factorial_eval_1200_v2_holdout,factorial_0512,0.17976396,0.26996124,0.29633936
factorial_eval_1200_v2_holdout,factorial_0513,0.29672936,0.87310296,0.91374797
factorial_eval_1200_v2_holdout,factorial_0514,0.123585604,0.6363684,0.56786925
factorial_eval_1200_v2_holdout,factorial_0515,0.15482348,0.18859495,0.42024878
factorial_eval_1200_v2_holdout,factorial_0516,0.7073251,0.45998144,0.84014153
factorial_eval_1200_v2_holdout,factorial_0517,0.28032503,0.69905245,0.751367
factorial_eval_1200_v2_holdout,factorial_0518,0.09707974,0.19962357,0.18292947
factorial_eval_1200_v2_holdout,factorial_0519,0.17823389,0.90723044,0.95632
factorial_eval_1200_v2_holdout,factorial_0520,0.09612676,0.17827784,0.18313856
factorial_eval_1200_v2_holdout,factorial_0521,0.18373398,0.9422852,0.91139627
factorial_eval_1200_v2_holdout,factorial_0522,0.14071432,0.3636528,0.3575525
factorial_eval_1200_v2_holdout,factorial_0523,0.10164486,0.22446696,0.30943492
factorial_eval_1200_v2_holdout,factorial_0524,0.3914828,0.6666334,0.67981774
factorial_eval_1200_v2_holdout,factorial_0525,0.6457011,0.6107415,0.85080826
factorial_eval_1200_v2_holdout,factorial_0526,0.10590724,0.7196882,0.5943146
factorial_eval_1200_v2_holdout,factorial_0527,0.077832915,0.9797814,0.9760559
factorial_eval_1200_v2_holdout,factorial_0528,0.11521948,0.9321184,0.91763324
factorial_eval_1200_v2_holdout,factorial_0529,0.11891452,0.46472108,0.40293255
factorial_eval_1200_v2_holdout,factorial_0530,0.20442384,0.94160074,0.95598084
factorial_eval_1200_v2_holdout,factorial_0531,0.15262967,0.81384,0.7774614
factorial_eval_1200_v2_holdout,factorial_0532,0.10770243,0.6638179,0.54168135
factorial_eval_1200_v2_holdout,factorial_0533,0.2516771,0.9843094,0.9958419
factorial_eval_1200_v2_holdout,factorial_0534,0.107116304,0.25796676,0.23288555
factorial_eval_1200_v2_holdout,factorial_0535,0.34266916,0.97749436,0.9948212
factorial_eval_1200_v2_holdout,factorial_0536,0.5984542,0.84133613,0.9543999
factorial_eval_1200_v2_holdout,factorial_0537,0.174766,0.25848207,0.32473958
factorial_eval_1200_v2_holdout,factorial_0538,0.09664839,0.9829646,0.98167413
factorial_eval_1200_v2_holdout,factorial_0539,0.0937222,0.9528136,0.91987526
factorial_eval_1200_v2_holdout,factorial_0540,0.34173006,0.9155175,0.9670203
factorial_eval_1200_v2_holdout,factorial_0541,0.9123584,0.4608904,0.9538281
factorial_eval_1200_v2_holdout,factorial_0542,0.107938446,0.7874554,0.6948767
factorial_eval_1200_v2_holdout,factorial_0543,0.20111983,0.9715625,0.95854956
factorial_eval_1200_v2_holdout,factorial_0544,0.30320552,0.50907683,0.5688876
factorial_eval_1200_v2_holdout,factorial_0545,0.8430314,0.8973207,0.9825382
factorial_eval_1200_v2_holdout,factorial_0546,0.1473954,0.53841573,0.4386602
factorial_eval_1200_v2_holdout,factorial_0547,0.20539275,0.9490654,0.9591485
factorial_eval_1200_v2_holdout,factorial_0548,0.10430348,0.33782217,0.29360488
factorial_eval_1200_v2_holdout,factorial_0549,0.8589022,0.9825454,0.99522567
factorial_eval_1200_v2_holdout,factorial_0550,0.95624405,0.609422,0.97778946
factorial_eval_1200_v2_holdout,factorial_0551,0.24388887,0.9754062,0.9759989
factorial_eval_1200_v2_holdout,factorial_0552,0.16935065,0.33834022,0.3080001
factorial_eval_1200_v2_holdout,factorial_0553,0.14121765,0.25800383,0.4533375
factorial_eval_1200_v2_holdout,factorial_0554,0.26242563,0.37579554,0.45483497
factorial_eval_1200_v2_holdout,factorial_0555,0.5352904,0.6862209,0.81397057
factorial_eval_1200_v2_holdout,factorial_0556,0.2878067,0.22174765,0.39838102
factorial_eval_1200_v2_holdout,factorial_0557,0.3083701,0.935634,0.923531
factorial_eval_1200_v2_holdout,factorial_0558,0.40468052,0.8146321,0.91547644
factorial_eval_1200_v2_holdout,factorial_0559,0.36436805,0.54348207,0.7894948
factorial_eval_1200_v2_holdout,factorial_0560,0.82386816,0.9001604,0.9161992
factorial_eval_1200_v2_holdout,factorial_0561,0.38016018,0.54203135,0.81060773
factorial_eval_1200_v2_holdout,factorial_0562,0.28692207,0.6209572,0.6123956
factorial_eval_1200_v2_holdout,factorial_0563,0.2922742,0.16610318,0.40901655
factorial_eval_1200_v2_holdout,factorial_0564,0.36163542,0.57275367,0.71664685
factorial_eval_1200_v2_holdout,factorial_0565,0.10633208,0.35606274,0.5761105
factorial_eval_1200_v2_holdout,factorial_0566,0.19633947,0.83075947,0.818762
factorial_eval_1200_v2_holdout,factorial_0567,0.60669166,0.9209469,0.9365415
factorial_eval_1200_v2_holdout,factorial_0568,0.84944797,0.8445944,0.9829731
factorial_eval_1200_v2_holdout,factorial_0569,0.4012796,0.472674,0.6934072
factorial_eval_1200_v2_holdout,factorial_0570,0.15068385,0.376421,0.37563947
factorial_eval_1200_v2_holdout,factorial_0571,0.11273348,0.15436654,0.21733263
factorial_eval_1200_v2_holdout,factorial_0572,0.36049926,0.69378805,0.7987067
factorial_eval_1200_v2_holdout,factorial_0573,0.3374664,0.42607164,0.65114814
factorial_eval_1200_v2_holdout,factorial_0574,0.22254832,0.5444433,0.57093596
factorial_eval_1200_v2_holdout,factorial_0575,0.1335599,0.71012986,0.7197345
factorial_eval_1200_v2_holdout,factorial_0576,0.24415402,0.7770485,0.7508162
factorial_eval_1200_v2_holdout,factorial_0577,0.16366409,0.9787649,0.98820597
factorial_eval_1200_v2_holdout,factorial_0578,0.21443488,0.906383,0.8927696
factorial_eval_1200_v2_holdout,factorial_0579,0.28965172,0.8495947,0.7791201
factorial_eval_1200_v2_holdout,factorial_0580,0.46621114,0.85913575,0.9321841
factorial_eval_1200_v2_holdout,factorial_0581,0.5407422,0.8719288,0.96095127
factorial_eval_1200_v2_holdout,factorial_0582,0.21850161,0.521281,0.6614094
factorial_eval_1200_v2_holdout,factorial_0583,0.2298817,0.9517093,0.96303934
factorial_eval_1200_v2_holdout,factorial_0584,0.98700714,0.9701214,0.99771273
factorial_eval_1200_v2_holdout,factorial_0585,0.35323533,0.34793693,0.52951723
factorial_eval_1200_v2_holdout,factorial_0586,0.09716926,0.22681451,0.5281211
factorial_eval_1200_v2_holdout,factorial_0587,0.89499193,0.821078,0.99782455
factorial_eval_1200_v2_holdout,factorial_0588,0.14239149,0.9361313,0.9071779
factorial_eval_1200_v2_holdout,factorial_0589,0.78421307,0.94200593,0.9944276
factorial_eval_1200_v2_holdout,factorial_0590,0.12213331,0.9172928,0.8787018
factorial_eval_1200_v2_holdout,factorial_0591,0.08297876,0.9864448,0.9935133
factorial_eval_1200_v2_holdout,factorial_0592,0.14817804,0.98896426,0.9939878
factorial_eval_1200_v2_holdout,factorial_0593,0.8852158,0.96103835,0.9981447
factorial_eval_1200_v2_holdout,factorial_0594,0.2523325,0.39392713,0.4695906
factorial_eval_1200_v2_holdout,factorial_0595,0.3861721,0.9419514,0.974129
factorial_eval_1200_v2_holdout,factorial_0596,0.14827193,0.98278046,0.9881895
factorial_eval_1200_v2_holdout,factorial_0597,0.29820922,0.8677177,0.82084924
factorial_eval_1200_v2_holdout,factorial_0598,0.0815981,0.967198,0.94993734
factorial_eval_1200_v2_holdout,factorial_0599,0.408612,0.9580644,0.9869797
factorial_eval_1200_v2_holdout,factorial_0600,0.20110616,0.61096114,0.6144409
factorial_eval_1200_v2_holdout,factorial_0601,0.2783992,0.29540813,0.40243822
factorial_eval_1200_v2_holdout,factorial_0602,0.15374805,0.89731884,0.8359214
factorial_eval_1200_v2_holdout,factorial_0603,0.11547951,0.6436875,0.53695565
factorial_eval_1200_v2_holdout,factorial_0604,0.17792107,0.9191072,0.9111787
factorial_eval_1200_v2_holdout,factorial_0605,0.22020431,0.24675992,0.49853364
factorial_eval_1200_v2_holdout,factorial_0606,0.1643916,0.48132715,0.4114888
factorial_eval_1200_v2_holdout,factorial_0607,0.103888735,0.4702328,0.37536216
factorial_eval_1200_v2_holdout,factorial_0608,0.10776981,0.31316856,0.46939674
factorial_eval_1200_v2_holdout,factorial_0609,0.17393802,0.4984944,0.49210727
factorial_eval_1200_v2_holdout,factorial_0610,0.644013,0.7554798,0.9189599
factorial_eval_1200_v2_holdout,factorial_0611,0.07923561,0.9777074,0.965402
factorial_eval_1200_v2_holdout,factorial_0612,0.1291487,0.77023005,0.7381159
factorial_eval_1200_v2_holdout,factorial_0613,0.10697533,0.72716475,0.6507004
factorial_eval_1200_v2_holdout,factorial_0614,0.114656314,0.80302006,0.73172563
factorial_eval_1200_v2_holdout,factorial_0615,0.2689914,0.37495396,0.48007125
factorial_eval_1200_v2_holdout,factorial_0616,0.10144329,0.79191935,0.6915625
factorial_eval_1200_v2_holdout,factorial_0617,0.15766291,0.85119945,0.91711897
factorial_eval_1200_v2_holdout,factorial_0618,0.11915159,0.2926999,0.26653612
factorial_eval_1200_v2_holdout,factorial_0619,0.10506516,0.754735,0.63310033
factorial_eval_1200_v2_holdout,factorial_0620,0.10733971,0.46104318,0.375635
factorial_eval_1200_v2_holdout,factorial_0621,0.11921928,0.67144203,0.7661144
factorial_eval_1200_v2_holdout,factorial_0622,0.10806616,0.8816282,0.83201754
factorial_eval_1200_v2_holdout,factorial_0623,0.12459241,0.88135016,0.8085949
factorial_eval_1200_v2_holdout,factorial_0624,0.15159418,0.24864058,0.22297005
factorial_eval_1200_v2_holdout,factorial_0625,0.15206341,0.9855868,0.99253505
factorial_eval_1200_v2_holdout,factorial_0626,0.12602244,0.34689626,0.3191781
factorial_eval_1200_v2_holdout,factorial_0627,0.6425685,0.7962861,0.830261
factorial_eval_1200_v2_holdout,factorial_0628,0.15327281,0.98074603,0.98983043
factorial_eval_1200_v2_holdout,factorial_0629,0.5368049,0.89457667,0.84283394
factorial_eval_1200_v2_holdout,factorial_0630,0.23485658,0.26878044,0.38541982
factorial_eval_1200_v2_holdout,factorial_0631,0.09523962,0.98600936,0.9879426
factorial_eval_1200_v2_holdout,factorial_0632,0.10288885,0.95053047,0.9267676
factorial_eval_1200_v2_holdout,factorial_0633,0.16256288,0.9849361,0.9955187
factorial_eval_1200_v2_holdout,factorial_0634,0.10351953,0.98026955,0.97168076
factorial_eval_1200_v2_holdout,factorial_0635,0.08079186,0.9816654,0.97498333
factorial_eval_1200_v2_holdout,factorial_0636,0.17465971,0.8419843,0.8529033
factorial_eval_1200_v2_holdout,factorial_0637,0.12300191,0.9776935,0.9754303
factorial_eval_1200_v2_holdout,factorial_0638,0.11722273,0.8439425,0.7807834
factorial_eval_1200_v2_holdout,factorial_0639,0.47225416,0.858647,0.8939245
factorial_eval_1200_v2_holdout,factorial_0640,0.09081479,0.9693881,0.95782864
factorial_eval_1200_v2_holdout,factorial_0641,0.10082697,0.8691386,0.9286387
factorial_eval_1200_v2_holdout,factorial_0642,0.079448156,0.98107314,0.97729456
factorial_eval_1200_v2_holdout,factorial_0643,0.07841007,0.93040514,0.95277405
factorial_eval_1200_v2_holdout,factorial_0644,0.17103393,0.965453,0.97652614
factorial_eval_1200_v2_holdout,factorial_0645,0.12619235,0.9802621,0.9753523
factorial_eval_1200_v2_holdout,factorial_0646,0.09543921,0.22221409,0.1977196
factorial_eval_1200_v2_holdout,factorial_0647,0.10158305,0.9591163,0.93187124
factorial_eval_1200_v2_holdout,factorial_0648,0.09829916,0.49702704,0.3898857
factorial_eval_1200_v2_holdout,factorial_0649,0.6396934,0.983381,0.9972862
factorial_eval_1200_v2_holdout,factorial_0650,0.10331217,0.77348685,0.6555698
factorial_eval_1200_v2_holdout,factorial_0651,0.98210675,0.46543542,0.9845277
factorial_eval_1200_v2_holdout,factorial_0652,0.3595005,0.9795603,0.9918744
factorial_eval_1200_v2_holdout,factorial_0653,0.9928273,0.3556315,0.99868166
factorial_eval_1200_v2_holdout,factorial_0654,0.99766004,0.29274634,0.9966758
factorial_eval_1200_v2_holdout,factorial_0655,0.124603994,0.6440022,0.57138157
factorial_eval_1200_v2_holdout,factorial_0656,0.9950592,0.2175807,0.99365115
factorial_eval_1200_v2_holdout,factorial_0657,0.99868196,0.45609817,0.998589
factorial_eval_1200_v2_holdout,factorial_0658,0.93120044,0.8826688,0.98163354
factorial_eval_1200_v2_holdout,factorial_0659,0.9965132,0.8889734,0.997065
factorial_eval_1200_v2_holdout,factorial_0660,0.2465273,0.592448,0.6048847
factorial_eval_1200_v2_holdout,factorial_0661,0.9914673,0.5085825,0.99812657
factorial_eval_1200_v2_holdout,factorial_0662,0.99766004,0.27877817,0.99821776
factorial_eval_1200_v2_holdout,factorial_0663,0.2873586,0.4520151,0.53779685
factorial_eval_1200_v2_holdout,factorial_0664,0.9722203,0.87192214,0.992062
factorial_eval_1200_v2_holdout,factorial_0665,0.9936648,0.33403778,0.99492383
factorial_eval_1200_v2_holdout,factorial_0666,0.99440503,0.33778244,0.9972998
factorial_eval_1200_v2_holdout,factorial_0667,0.80694455,0.5542304,0.98632115
factorial_eval_1200_v2_holdout,factorial_0668,0.9776926,0.47208866,0.98983324
factorial_eval_1200_v2_holdout,factorial_0669,0.35207793,0.83479154,0.9929881
factorial_eval_1200_v2_holdout,factorial_0670,0.099062964,0.9093142,0.8478129
factorial_eval_1200_v2_holdout,factorial_0671,0.99624264,0.7107811,0.99604225
factorial_eval_1200_v2_holdout,factorial_0672,0.9628623,0.6929793,0.9962358
factorial_eval_1200_v2_holdout,factorial_0673,0.8852158,0.81422514,0.9913654
factorial_eval_1200_v2_holdout,factorial_0674,0.9964254,0.6255351,0.99812984
factorial_eval_1200_v2_holdout,factorial_0675,0.5688481,0.88659906,0.9250575
factorial_eval_1200_v2_holdout,factorial_0676,0.89141506,0.97288823,0.9975957
factorial_eval_1200_v2_holdout,factorial_0677,0.9983906,0.92288655,0.9972078
factorial_eval_1200_v2_holdout,factorial_0678,0.99861443,0.673796,0.9979345
factorial_eval_1200_v2_holdout,factorial_0679,0.12949738,0.9849732,0.9829424
factorial_eval_1200_v2_holdout,factorial_0680,0.9754042,0.987633,0.99748886
factorial_eval_1200_v2_holdout,factorial_0681,0.9866826,0.7814484,0.9983871
factorial_eval_1200_v2_holdout,factorial_0682,0.1306425,0.26896745,0.2666046
factorial_eval_1200_v2_holdout,factorial_0683,0.9983906,0.9768248,0.99735314
factorial_eval_1200_v2_holdout,factorial_0684,0.17347503,0.51832306,0.59236234
factorial_eval_1200_v2_holdout,factorial_0685,0.10004691,0.9074197,0.997065
factorial_eval_1200_v2_holdout,factorial_0686,0.42545518,0.94563603,0.9670698
factorial_eval_1200_v2_holdout,factorial_0687,0.9989206,0.91336405,0.99802047
factorial_eval_1200_v2_holdout,factorial_0688,0.12152588,0.9800387,0.981781
factorial_eval_1200_v2_holdout,factorial_0689,0.9960508,0.98317516,0.9961456
factorial_eval_1200_v2_holdout,factorial_0690,0.99382025,0.27391952,0.9980307
factorial_eval_1200_v2_holdout,factorial_0691,0.99188006,0.97770154,0.99079186
factorial_eval_1200_v2_holdout,factorial_0692,0.95911616,0.97770005,0.99803877
factorial_eval_1200_v2_holdout,factorial_0693,0.21041231,0.85729045,0.86600554
factorial_eval_1200_v2_holdout,factorial_0694,0.98254085,0.9765757,0.9984671
factorial_eval_1200_v2_holdout,factorial_0695,0.97907287,0.95607185,0.9982227
factorial_eval_1200_v2_holdout,factorial_0696,0.9965132,0.97527647,0.9962346
factorial_eval_1200_v2_holdout,factorial_0697,0.92094654,0.91135395,0.9252179
factorial_eval_1200_v2_holdout,factorial_0698,0.9941199,0.94160515,0.99720776
factorial_eval_1200_v2_holdout,factorial_0699,0.1588665,0.98417604,0.99720776
factorial_eval_1200_v2_holdout,factorial_0700,0.111683235,0.72963625,0.6899021
factorial_eval_1200_v2_holdout,factorial_0701,0.1377204,0.80041295,0.7226843
factorial_eval_1200_v2_holdout,factorial_0702,0.6525525,0.5995794,0.79495937
factorial_eval_1200_v2_holdout,factorial_0703,0.13569982,0.8547808,0.85850066
factorial_eval_1200_v2_holdout,factorial_0704,0.10434534,0.80901855,0.70420325
factorial_eval_1200_v2_holdout,factorial_0705,0.4455342,0.75007915,0.8120307
factorial_eval_1200_v2_holdout,factorial_0706,0.13188718,0.9686375,0.9580483
factorial_eval_1200_v2_holdout,factorial_0707,0.13322906,0.52629626,0.66132736
factorial_eval_1200_v2_holdout,factorial_0708,0.28894636,0.7147515,0.82515687
factorial_eval_1200_v2_holdout,factorial_0709,0.27383268,0.6041912,0.81665164
factorial_eval_1200_v2_holdout,factorial_0710,0.14588878,0.8889842,0.9361023
factorial_eval_1200_v2_holdout,factorial_0711,0.26157618,0.77729493,0.78870255
factorial_eval_1200_v2_holdout,factorial_0712,0.17732571,0.83275473,0.840274
factorial_eval_1200_v2_holdout,factorial_0713,0.09699277,0.94228625,0.94406176
factorial_eval_1200_v2_holdout,factorial_0714,0.13233146,0.6263428,0.5022736
factorial_eval_1200_v2_holdout,factorial_0715,0.09724685,0.7630121,0.6791109
factorial_eval_1200_v2_holdout,factorial_0716,0.22775939,0.8719474,0.8774488
factorial_eval_1200_v2_holdout,factorial_0717,0.24402653,0.63502216,0.73172516
factorial_eval_1200_v2_holdout,factorial_0718,0.164261,0.8690729,0.88128275
factorial_eval_1200_v2_holdout,factorial_0719,0.12474647,0.76771986,0.75917107
factorial_eval_1200_v2_holdout,factorial_0720,0.26514828,0.33396405,0.44557303
factorial_eval_1200_v2_holdout,factorial_0721,0.10635827,0.7236629,0.63132465
factorial_eval_1200_v2_holdout,factorial_0722,0.09408563,0.8587921,0.94009346
factorial_eval_1200_v2_holdout,factorial_0723,0.10102791,0.7556343,0.8201517
factorial_eval_1200_v2_holdout,factorial_0724,0.08835823,0.9693881,0.9733552
factorial_eval_1200_v2_holdout,factorial_0725,0.20183085,0.9771484,0.9931609
factorial_eval_1200_v2_holdout,factorial_0726,0.10255334,0.41402787,0.40162367
factorial_eval_1200_v2_holdout,factorial_0727,0.08281333,0.9865531,0.9847235
factorial_eval_1200_v2_holdout,factorial_0728,0.09192794,0.93514776,0.9431879
factorial_eval_1200_v2_holdout,factorial_0729,0.085110664,0.9845615,0.9855599
factorial_eval_1200_v2_holdout,factorial_0730,0.09065539,0.9833828,0.97973794
factorial_eval_1200_v2_holdout,factorial_0731,0.112973996,0.97358954,0.9903485
factorial_eval_1200_v2_holdout,factorial_0732,0.35416803,0.985797,0.99466926
factorial_eval_1200_v2_holdout,factorial_0733,0.0946371,0.98210675,0.9747456
factorial_eval_1200_v2_holdout,factorial_0734,0.097378686,0.52279025,0.41267222
factorial_eval_1200_v2_holdout,factorial_0735,0.23020996,0.986201,0.99453807
factorial_eval_1200_v2_holdout,factorial_0736,0.12675317,0.9829821,0.98931456
factorial_eval_1200_v2_holdout,factorial_0737,0.13872084,0.9443654,0.93430513
factorial_eval_1200_v2_holdout,factorial_0738,0.08628764,0.9359698,0.8995026
factorial_eval_1200_v2_holdout,factorial_0739,0.0888909,0.97875744,0.97480243
factorial_eval_1200_v2_holdout,factorial_0740,0.16530186,0.60203487,0.8289457
factorial_eval_1200_v2_holdout,factorial_0741,0.098513566,0.9646904,0.94397455
factorial_eval_1200_v2_holdout,factorial_0742,0.10406812,0.98300153,0.9849721
factorial_eval_1200_v2_holdout,factorial_0743,0.1115996,0.9871442,0.99112135
factorial_eval_1200_v2_holdout,factorial_0744,0.07556693,0.9697324,0.95388
factorial_eval_1200_v2_holdout,factorial_0745,0.09451889,0.9343358,0.89150685
factorial_eval_1200_v2_holdout,factorial_0746,0.10468395,0.96011657,0.9697755
factorial_eval_1200_v2_holdout,factorial_0747,0.08371264,0.971538,0.9751783
factorial_eval_1200_v2_holdout,factorial_0748,0.09233987,0.98417604,0.98173517
factorial_eval_1200_v2_holdout,factorial_0749,0.088161655,0.98697585,0.9896139
factorial_eval_1200_v2_holdout,factorial_0750,0.99584913,0.47907907,0.99604225
factorial_eval_1200_v2_holdout,factorial_0751,0.9926569,0.83791345,0.9977485
factorial_eval_1200_v2_holdout,factorial_0752,0.996844,0.96786916,0.9982086
factorial_eval_1200_v2_holdout,factorial_0753,0.9967643,0.6612973,0.99623454
factorial_eval_1200_v2_holdout,factorial_0754,0.9988543,0.85418105,0.9985145
factorial_eval_1200_v2_holdout,factorial_0755,0.6858206,0.87061787,0.9373134
factorial_eval_1200_v2_holdout,factorial_0756,0.9941199,0.7581914,0.99263126
factorial_eval_1200_v2_holdout,factorial_0757,0.9942642,0.49682078,0.99558747
factorial_eval_1200_v2_holdout,factorial_0758,0.9990708,0.9019498,0.9985237
factorial_eval_1200_v2_holdout,factorial_0759,0.82924384,0.9025913,0.98667413
factorial_eval_1200_v2_holdout,factorial_0760,0.2519946,0.8299217,0.98957545
factorial_eval_1200_v2_holdout,factorial_0761,0.9973493,0.8010362,0.9972765
factorial_eval_1200_v2_holdout,factorial_0762,0.98600936,0.76821166,0.98957545
factorial_eval_1200_v2_holdout,factorial_0763,0.9914673,0.918197,0.9946741
factorial_eval_1200_v2_holdout,factorial_0764,0.99081,0.47155014,0.9975503
factorial_eval_1200_v2_holdout,factorial_0765,0.9985031,0.82924384,0.99824184
factorial_eval_1200_v2_holdout,factorial_0766,0.9972138,0.97659683,0.99790084
factorial_eval_1200_v2_holdout,factorial_0767,0.99830824,0.92537874,0.9974095
factorial_eval_1200_v2_holdout,factorial_0768,0.94871855,0.41807517,0.99846566
factorial_eval_1200_v2_holdout,factorial_0769,0.94785106,0.4026675,0.9958402
factorial_eval_1200_v2_holdout,factorial_0770,0.9051048,0.9628645,0.99768746
factorial_eval_1200_v2_holdout,factorial_0771,0.60369927,0.9303953,0.9883308
factorial_eval_1200_v2_holdout,factorial_0772,0.99846894,0.9312129,0.9985278
factorial_eval_1200_v2_holdout,factorial_0773,0.9951806,0.97417575,0.99504864
factorial_eval_1200_v2_holdout,factorial_0774,0.99754035,0.81689334,0.9986662
factorial_eval_1200_v2_holdout,factorial_0775,0.97875744,0.9550371,0.9973437
factorial_eval_1200_v2_holdout,factorial_0776,0.9969217,0.96008533,0.99823725
factorial_eval_1200_v2_holdout,factorial_0777,0.9403799,0.82080585,0.99818563
factorial_eval_1200_v2_holdout,factorial_0778,0.9913189,0.8572719,0.99873734
factorial_eval_1200_v2_holdout,factorial_0779,0.9949348,0.9842483,0.99765813
factorial_eval_1200_v2_holdout,factorial_0780,0.31792578,0.76804763,0.8218654
factorial_eval_1200_v2_holdout,factorial_0781,0.9728876,0.9550794,0.99803233
factorial_eval_1200_v2_holdout,factorial_0782,0.99614793,0.93433565,0.99841315
factorial_eval_1200_v2_holdout,factorial_0783,0.9797725,0.94027734,0.9866542
factorial_eval_1200_v2_holdout,factorial_0784,0.9018346,0.9870115,0.9963592
factorial_eval_1200_v2_holdout,factorial_0785,0.9990708,0.95392334,0.99848235
factorial_eval_1200_v2_holdout,factorial_0786,0.99830824,0.55195224,0.9975957
factorial_eval_1200_v2_holdout,factorial_0787,0.09698337,0.98635006,0.9858076
factorial_eval_1200_v2_holdout,factorial_0788,0.9822987,0.68839425,0.9981422
factorial_eval_1200_v2_holdout,factorial_0789,0.9941199,0.9722203,0.9972765
factorial_eval_1200_v2_holdout,factorial_0790,0.99822164,0.97297746,0.9986797
factorial_eval_1200_v2_holdout,factorial_0791,0.11743351,0.9675625,0.9476057
factorial_eval_1200_v2_holdout,factorial_0792,0.9571099,0.92792857,0.99866617
factorial_eval_1200_v2_holdout,factorial_0793,0.11138508,0.9825669,0.9787204
factorial_eval_1200_v2_holdout,factorial_0794,0.99084616,0.78779405,0.99759686
factorial_eval_1200_v2_holdout,factorial_0795,0.9972138,0.9830043,0.99772555
factorial_eval_1200_v2_holdout,factorial_0796,0.99868196,0.89846486,0.9988307
factorial_eval_1200_v2_holdout,factorial_0797,0.9905815,0.9072311,0.9985587
factorial_eval_1200_v2_holdout,factorial_0798,0.11334289,0.927087,0.8882604
factorial_eval_1200_v2_holdout,factorial_0799,0.9900034,0.94090956,0.9966843
phone_factorial_1200_v1,sdxeq_0000__phonefact_resample8k,0.102624215,0.14463638,0.18744719
phone_factorial_1200_v1,sdxeq_0000__phonefact_g711_ulaw,0.113039285,0.17961498,0.23907717
phone_factorial_1200_v1,sdxeq_0000__phonefact_g726_24k,0.11197714,0.22421351,0.29998457
phone_factorial_1200_v1,sdxeq_0000__phonefact_opus_nb_8k,0.12558097,0.8732802,0.80592483
phone_factorial_1200_v1,sdxeq_0001__phonefact_resample8k,0.43186757,0.47660628,0.69728434
phone_factorial_1200_v1,sdxeq_0001__phonefact_g711_ulaw,0.29350486,0.6280914,0.58667725
phone_factorial_1200_v1,sdxeq_0001__phonefact_g726_24k,0.50405467,0.53518546,0.6326515
phone_factorial_1200_v1,sdxeq_0001__phonefact_opus_nb_8k,0.35790637,0.6908539,0.7773379
phone_factorial_1200_v1,sdxeq_0002__phonefact_resample8k,0.107426755,0.8763689,0.797359
phone_factorial_1200_v1,sdxeq_0002__phonefact_g711_ulaw,0.29731,0.54796535,0.54322547
phone_factorial_1200_v1,sdxeq_0002__phonefact_g726_24k,0.29276618,0.5800053,0.5263302
phone_factorial_1200_v1,sdxeq_0002__phonefact_opus_nb_8k,0.1379852,0.39701724,0.5680894
phone_factorial_1200_v1,sdxeq_0003__phonefact_resample8k,0.36730248,0.8393138,0.7787941
phone_factorial_1200_v1,sdxeq_0003__phonefact_g711_ulaw,0.17726362,0.509993,0.46146685
phone_factorial_1200_v1,sdxeq_0003__phonefact_g726_24k,0.37188277,0.43069306,0.60112894
phone_factorial_1200_v1,sdxeq_0003__phonefact_opus_nb_8k,0.270486,0.7024169,0.69315434
phone_factorial_1200_v1,sdxeq_0004__phonefact_resample8k,0.29802743,0.72382903,0.63066244
phone_factorial_1200_v1,sdxeq_0004__phonefact_g711_ulaw,0.28002104,0.8588734,0.81339777
phone_factorial_1200_v1,sdxeq_0004__phonefact_g726_24k,0.29541963,0.8986098,0.8666363
phone_factorial_1200_v1,sdxeq_0004__phonefact_opus_nb_8k,0.11820707,0.85973495,0.77738523
phone_factorial_1200_v1,sdxeq_0005__phonefact_resample8k,0.12940341,0.53250444,0.49735472
phone_factorial_1200_v1,sdxeq_0005__phonefact_g711_ulaw,0.1575242,0.5502817,0.51670146
phone_factorial_1200_v1,sdxeq_0005__phonefact_g726_24k,0.15658833,0.53968716,0.4885706
phone_factorial_1200_v1,sdxeq_0005__phonefact_opus_nb_8k,0.8292439,0.724767,0.9007004
phone_factorial_1200_v1,sdxeq_0006__phonefact_resample8k,0.24972135,0.8798772,0.8863728
phone_factorial_1200_v1,sdxeq_0006__phonefact_g711_ulaw,0.20629777,0.687108,0.7217042
phone_factorial_1200_v1,sdxeq_0006__phonefact_g726_24k,0.21069676,0.58339363,0.5986683
phone_factorial_1200_v1,sdxeq_0006__phonefact_opus_nb_8k,0.13418204,0.53627676,0.5489212
phone_factorial_1200_v1,sdxeq_0007__phonefact_resample8k,0.3516261,0.94575685,0.93105453
phone_factorial_1200_v1,sdxeq_0007__phonefact_g711_ulaw,0.106631234,0.88546985,0.81313044
phone_factorial_1200_v1,sdxeq_0007__phonefact_g726_24k,0.23476346,0.87620264,0.8755613
phone_factorial_1200_v1,sdxeq_0007__phonefact_opus_nb_8k,0.18830231,0.8765414,0.80996287
phone_factorial_1200_v1,sdxeq_0008__phonefact_resample8k,0.3773199,0.5172113,0.65914476
phone_factorial_1200_v1,sdxeq_0008__phonefact_g711_ulaw,0.35066965,0.585644,0.81168044
phone_factorial_1200_v1,sdxeq_0008__phonefact_g726_24k,0.579841,0.54084736,0.89849865
phone_factorial_1200_v1,sdxeq_0008__phonefact_opus_nb_8k,0.26831543,0.72224563,0.7555993
phone_factorial_1200_v1,sdxeq_0009__phonefact_resample8k,0.8069449,0.6595532,0.91720927
phone_factorial_1200_v1,sdxeq_0009__phonefact_g711_ulaw,0.3697905,0.52112484,0.7056749
phone_factorial_1200_v1,sdxeq_0009__phonefact_g726_24k,0.24352282,0.5638623,0.72734773
phone_factorial_1200_v1,sdxeq_0009__phonefact_opus_nb_8k,0.38131505,0.42678773,0.50357825
phone_factorial_1200_v1,sdxeq_0010__phonefact_resample8k,0.13234903,0.8069446,0.7108238
phone_factorial_1200_v1,sdxeq_0010__phonefact_g711_ulaw,0.115726486,0.50524884,0.417304
phone_factorial_1200_v1,sdxeq_0010__phonefact_g726_24k,0.18554646,0.45924607,0.41116244
phone_factorial_1200_v1,sdxeq_0010__phonefact_opus_nb_8k,0.2754319,0.77606887,0.8198936
phone_factorial_1200_v1,sdxeq_0011__phonefact_resample8k,0.102646925,0.7633517,0.72184885
phone_factorial_1200_v1,sdxeq_0011__phonefact_g711_ulaw,0.104917295,0.6861827,0.5582399
phone_factorial_1200_v1,sdxeq_0011__phonefact_g726_24k,0.10785925,0.6359248,0.51449746
phone_factorial_1200_v1,sdxeq_0011__phonefact_opus_nb_8k,0.22925414,0.62932307,0.5268047
phone_factorial_1200_v1,sdxeq_0012__phonefact_resample8k,0.5357854,0.374862,0.690462
phone_factorial_1200_v1,sdxeq_0012__phonefact_g711_ulaw,0.46467406,0.26948774,0.62044305
phone_factorial_1200_v1,sdxeq_0012__phonefact_g726_24k,0.7381895,0.29362595,0.7915582
phone_factorial_1200_v1,sdxeq_0012__phonefact_opus_nb_8k,0.3029899,0.4228422,0.60112816
phone_factorial_1200_v1,sdxeq_0013__phonefact_resample8k,0.11275227,0.54376274,0.44601545
phone_factorial_1200_v1,sdxeq_0013__phonefact_g711_ulaw,0.11690264,0.38483196,0.4708963
phone_factorial_1200_v1,sdxeq_0013__phonefact_g726_24k,0.10412211,0.27447766,0.2637328
phone_factorial_1200_v1,sdxeq_0013__phonefact_opus_nb_8k,0.17693233,0.34607327,0.37815794
phone_factorial_1200_v1,sdxeq_0014__phonefact_resample8k,0.102031745,0.7115467,0.77385336
phone_factorial_1200_v1,sdxeq_0014__phonefact_g711_ulaw,0.10365777,0.50144553,0.40762147
phone_factorial_1200_v1,sdxeq_0014__phonefact_g726_24k,0.099430755,0.36206183,0.30478445
phone_factorial_1200_v1,sdxeq_0014__phonefact_opus_nb_8k,0.115884066,0.37962034,0.38445237
phone_factorial_1200_v1,sdxeq_0015__phonefact_resample8k,0.0977077,0.97967577,0.98551947
phone_factorial_1200_v1,sdxeq_0015__phonefact_g711_ulaw,0.11255301,0.9772441,0.9889238
phone_factorial_1200_v1,sdxeq_0015__phonefact_g726_24k,0.10146592,0.98418206,0.989937
phone_factorial_1200_v1,sdxeq_0015__phonefact_opus_nb_8k,0.09600113,0.9628762,0.976683
phone_factorial_1200_v1,sdxeq_0016__phonefact_resample8k,0.15832017,0.90710163,0.8669583
phone_factorial_1200_v1,sdxeq_0016__phonefact_g711_ulaw,0.2563345,0.84294724,0.8798087
phone_factorial_1200_v1,sdxeq_0016__phonefact_g726_24k,0.16322687,0.6215235,0.59992963
phone_factorial_1200_v1,sdxeq_0016__phonefact_opus_nb_8k,0.468524,0.69647014,0.6876443
phone_factorial_1200_v1,sdxeq_0017__phonefact_resample8k,0.14090544,0.61584693,0.51515806
phone_factorial_1200_v1,sdxeq_0017__phonefact_g711_ulaw,0.276289,0.36990416,0.3763609
phone_factorial_1200_v1,sdxeq_0017__phonefact_g726_24k,0.28130963,0.54341316,0.43908858
phone_factorial_1200_v1,sdxeq_0017__phonefact_opus_nb_8k,0.26400006,0.73701274,0.63242644
phone_factorial_1200_v1,sdxeq_0018__phonefact_resample8k,0.14607877,0.38365126,0.6320104
phone_factorial_1200_v1,sdxeq_0018__phonefact_g711_ulaw,0.113901064,0.5177486,0.40903014
phone_factorial_1200_v1,sdxeq_0018__phonefact_g726_24k,0.11133638,0.4904146,0.38244298
phone_factorial_1200_v1,sdxeq_0018__phonefact_opus_nb_8k,0.18285224,0.3121646,0.36713082
phone_factorial_1200_v1,sdxeq_0019__phonefact_resample8k,0.27251428,0.76748127,0.7799778
phone_factorial_1200_v1,sdxeq_0019__phonefact_g711_ulaw,0.34176388,0.67561716,0.7800248
phone_factorial_1200_v1,sdxeq_0019__phonefact_g726_24k,0.62349623,0.60651255,0.94045925
phone_factorial_1200_v1,sdxeq_0019__phonefact_opus_nb_8k,0.25149632,0.4438684,0.5629898
phone_factorial_1200_v1,sdxeq_0020__phonefact_resample8k,0.13402227,0.51694775,0.46182567
phone_factorial_1200_v1,sdxeq_0020__phonefact_g711_ulaw,0.19855471,0.517506,0.5076285
phone_factorial_1200_v1,sdxeq_0020__phonefact_g726_24k,0.23005147,0.49278426,0.4911615
phone_factorial_1200_v1,sdxeq_0020__phonefact_opus_nb_8k,0.2529235,0.785577,0.78711534
phone_factorial_1200_v1,sdxeq_0021__phonefact_resample8k,0.9628623,0.69466114,0.9782728
phone_factorial_1200_v1,sdxeq_0021__phonefact_g711_ulaw,0.96627736,0.42121303,0.97348464
phone_factorial_1200_v1,sdxeq_0021__phonefact_g726_24k,0.9456073,0.5544382,0.9621104
phone_factorial_1200_v1,sdxeq_0021__phonefact_opus_nb_8k,0.24106365,0.797748,0.7949191
phone_factorial_1200_v1,sdxeq_0022__phonefact_resample8k,0.19802809,0.7558919,0.77037346
phone_factorial_1200_v1,sdxeq_0022__phonefact_g711_ulaw,0.17318758,0.82747495,0.7849271
phone_factorial_1200_v1,sdxeq_0022__phonefact_g726_24k,0.17804447,0.7383201,0.8398874
phone_factorial_1200_v1,sdxeq_0022__phonefact_opus_nb_8k,0.19123483,0.75224817,0.8602153
phone_factorial_1200_v1,sdxeq_0023__phonefact_resample8k,0.13857666,0.7143646,0.8410876
phone_factorial_1200_v1,sdxeq_0023__phonefact_g711_ulaw,0.11082488,0.67542243,0.5864313
phone_factorial_1200_v1,sdxeq_0023__phonefact_g726_24k,0.11082488,0.69339687,0.59274495
phone_factorial_1200_v1,sdxeq_0023__phonefact_opus_nb_8k,0.15564637,0.5613604,0.5220053
phone_factorial_1200_v1,sdxeq_0024__phonefact_resample8k,0.32137185,0.5600341,0.57132053
phone_factorial_1200_v1,sdxeq_0024__phonefact_g711_ulaw,0.343809,0.47503987,0.5017079
phone_factorial_1200_v1,sdxeq_0024__phonefact_g726_24k,0.27642912,0.3551485,0.4759899
phone_factorial_1200_v1,sdxeq_0024__phonefact_opus_nb_8k,0.28663376,0.9073082,0.8961938
phone_factorial_1200_v1,sdxeq_0025__phonefact_resample8k,0.33022612,0.98296523,0.9803828
phone_factorial_1200_v1,sdxeq_0025__phonefact_g711_ulaw,0.701674,0.9797725,0.97652817
phone_factorial_1200_v1,sdxeq_0025__phonefact_g726_24k,0.60370034,0.97823143,0.97412175
phone_factorial_1200_v1,sdxeq_0025__phonefact_opus_nb_8k,0.2877891,0.88647985,0.81290436
phone_factorial_1200_v1,sdxeq_0026__phonefact_resample8k,0.14286204,0.96865934,0.94909257
phone_factorial_1200_v1,sdxeq_0026__phonefact_g711_ulaw,0.1432253,0.9637474,0.9560462
phone_factorial_1200_v1,sdxeq_0026__phonefact_g726_24k,0.13074157,0.9600888,0.93431145
phone_factorial_1200_v1,sdxeq_0026__phonefact_opus_nb_8k,0.16198108,0.9272106,0.8891622
phone_factorial_1200_v1,sdxeq_0027__phonefact_resample8k,0.73086804,0.91821057,0.95049715
phone_factorial_1200_v1,sdxeq_0027__phonefact_g711_ulaw,0.2979928,0.80883896,0.90728384
phone_factorial_1200_v1,sdxeq_0027__phonefact_g726_24k,0.31858698,0.65533197,0.7752539
phone_factorial_1200_v1,sdxeq_0027__phonefact_opus_nb_8k,0.23453505,0.41036668,0.5500506
phone_factorial_1200_v1,sdxeq_0028__phonefact_resample8k,0.7980301,0.97420627,0.9877774
phone_factorial_1200_v1,sdxeq_0028__phonefact_g711_ulaw,0.7450181,0.92570156,0.9797445
phone_factorial_1200_v1,sdxeq_0028__phonefact_g726_24k,0.73575646,0.94380325,0.98563087
phone_factorial_1200_v1,sdxeq_0028__phonefact_opus_nb_8k,0.32066056,0.92186326,0.89227694
phone_factorial_1200_v1,sdxeq_0029__phonefact_resample8k,0.68303996,0.9621881,0.9967577
phone_factorial_1200_v1,sdxeq_0029__phonefact_g711_ulaw,0.08767223,0.9462731,0.9494222
phone_factorial_1200_v1,sdxeq_0029__phonefact_g726_24k,0.0835377,0.9260307,0.8843959
phone_factorial_1200_v1,sdxeq_0029__phonefact_opus_nb_8k,0.12769632,0.80554545,0.7459378
phone_factorial_1200_v1,sdxeq_0030__phonefact_resample8k,0.121620625,0.9529473,0.94036263
phone_factorial_1200_v1,sdxeq_0030__phonefact_g711_ulaw,0.14851007,0.86574864,0.82112676
phone_factorial_1200_v1,sdxeq_0030__phonefact_g726_24k,0.16959296,0.7227502,0.6268945
phone_factorial_1200_v1,sdxeq_0030__phonefact_opus_nb_8k,0.27736667,0.6246541,0.599644
phone_factorial_1200_v1,sdxeq_0031__phonefact_resample8k,0.1408991,0.9843873,0.9835072
phone_factorial_1200_v1,sdxeq_0031__phonefact_g711_ulaw,0.061946716,0.9840662,0.98302406
phone_factorial_1200_v1,sdxeq_0031__phonefact_g726_24k,0.071670026,0.98213655,0.984178
phone_factorial_1200_v1,sdxeq_0031__phonefact_opus_nb_8k,0.13520949,0.9728979,0.96251595
phone_factorial_1200_v1,sdxeq_0032__phonefact_resample8k,0.08025854,0.9349689,0.8921527
phone_factorial_1200_v1,sdxeq_0032__phonefact_g711_ulaw,0.08809121,0.9135091,0.8660672
phone_factorial_1200_v1,sdxeq_0032__phonefact_g726_24k,0.092169724,0.88347876,0.8872011
phone_factorial_1200_v1,sdxeq_0032__phonefact_opus_nb_8k,0.104155384,0.91836745,0.8764862
phone_factorial_1200_v1,sdxeq_0033__phonefact_resample8k,0.14620435,0.94307727,0.94015497
phone_factorial_1200_v1,sdxeq_0033__phonefact_g711_ulaw,0.1673919,0.9381771,0.9468392
phone_factorial_1200_v1,sdxeq_0033__phonefact_g726_24k,0.11911083,0.89446807,0.8604017
phone_factorial_1200_v1,sdxeq_0033__phonefact_opus_nb_8k,0.20797297,0.76131153,0.76683897
phone_factorial_1200_v1,sdxeq_0034__phonefact_resample8k,0.12436333,0.9817131,0.9880248
phone_factorial_1200_v1,sdxeq_0034__phonefact_g711_ulaw,0.14433466,0.9803172,0.9849197
phone_factorial_1200_v1,sdxeq_0034__phonefact_g726_24k,0.14964746,0.9708952,0.9759665
phone_factorial_1200_v1,sdxeq_0034__phonefact_opus_nb_8k,0.24843009,0.98221105,0.98032975
phone_factorial_1200_v1,sdxeq_0035__phonefact_resample8k,0.26150995,0.96241474,0.9550448
phone_factorial_1200_v1,sdxeq_0035__phonefact_g711_ulaw,0.17458719,0.8987833,0.8345648
phone_factorial_1200_v1,sdxeq_0035__phonefact_g726_24k,0.10142421,0.9014659,0.83915585
phone_factorial_1200_v1,sdxeq_0035__phonefact_opus_nb_8k,0.11367353,0.93737084,0.8932691
phone_factorial_1200_v1,sdxeq_0036__phonefact_resample8k,0.3632109,0.87446415,0.9257656
phone_factorial_1200_v1,sdxeq_0036__phonefact_g711_ulaw,0.15587436,0.8653385,0.9776456
phone_factorial_1200_v1,sdxeq_0036__phonefact_g726_24k,0.19486505,0.87553024,0.90951866
phone_factorial_1200_v1,sdxeq_0036__phonefact_opus_nb_8k,0.27670574,0.8119819,0.73866785
phone_factorial_1200_v1,sdxeq_0037__phonefact_resample8k,0.12352196,0.98676425,0.99006754
phone_factorial_1200_v1,sdxeq_0037__phonefact_g711_ulaw,0.22448689,0.98310804,0.9894242
phone_factorial_1200_v1,sdxeq_0037__phonefact_g726_24k,0.086808205,0.9834384,0.9848825
phone_factorial_1200_v1,sdxeq_0037__phonefact_opus_nb_8k,0.30803412,0.97947735,0.9951574
phone_factorial_1200_v1,sdxeq_0038__phonefact_resample8k,0.36672726,0.97708267,0.9912364
phone_factorial_1200_v1,sdxeq_0038__phonefact_g711_ulaw,0.95281196,0.9646286,0.98698056
phone_factorial_1200_v1,sdxeq_0038__phonefact_g726_24k,0.70558304,0.95836586,0.9916584
phone_factorial_1200_v1,sdxeq_0038__phonefact_opus_nb_8k,0.5213772,0.9577561,0.9949357
phone_factorial_1200_v1,sdxeq_0039__phonefact_resample8k,0.067836866,0.9704519,0.96272314
phone_factorial_1200_v1,sdxeq_0039__phonefact_g711_ulaw,0.084583834,0.9328304,0.93514895
phone_factorial_1200_v1,sdxeq_0039__phonefact_g726_24k,0.0700688,0.9504908,0.97475594
phone_factorial_1200_v1,sdxeq_0039__phonefact_opus_nb_8k,0.19680484,0.9469706,0.9169307
phone_factorial_1200_v1,sdxeq_0040__phonefact_resample8k,0.058088753,0.9843463,0.98732436
phone_factorial_1200_v1,sdxeq_0040__phonefact_g711_ulaw,0.09985581,0.9811283,0.98200655
phone_factorial_1200_v1,sdxeq_0040__phonefact_g726_24k,0.068853326,0.981748,0.9784941
phone_factorial_1200_v1,sdxeq_0040__phonefact_opus_nb_8k,0.14501564,0.9650783,0.96606994
phone_factorial_1200_v1,sdxeq_0041__phonefact_resample8k,0.10977454,0.9701275,0.9576914
phone_factorial_1200_v1,sdxeq_0041__phonefact_g711_ulaw,0.16380948,0.98061043,0.9799868
phone_factorial_1200_v1,sdxeq_0041__phonefact_g726_24k,0.09284909,0.96798664,0.95026386
phone_factorial_1200_v1,sdxeq_0041__phonefact_opus_nb_8k,0.36347196,0.9581784,0.9373099
phone_factorial_1200_v1,sdxeq_0042__phonefact_resample8k,0.07468469,0.9406234,0.90030605
phone_factorial_1200_v1,sdxeq_0042__phonefact_g711_ulaw,0.07844772,0.94742846,0.91932565
phone_factorial_1200_v1,sdxeq_0042__phonefact_g726_24k,0.09145423,0.9127061,0.86131155
phone_factorial_1200_v1,sdxeq_0042__phonefact_opus_nb_8k,0.09274901,0.87120175,0.7952888
phone_factorial_1200_v1,sdxeq_0043__phonefact_resample8k,0.08210086,0.9800861,0.9882835
phone_factorial_1200_v1,sdxeq_0043__phonefact_g711_ulaw,0.08131996,0.98366946,0.99284196
phone_factorial_1200_v1,sdxeq_0043__phonefact_g726_24k,0.07912546,0.98472273,0.9913603
phone_factorial_1200_v1,sdxeq_0043__phonefact_opus_nb_8k,0.08244072,0.96531564,0.95292014
phone_factorial_1200_v1,sdxeq_0044__phonefact_resample8k,0.06883367,0.9716066,0.9585536
phone_factorial_1200_v1,sdxeq_0044__phonefact_g711_ulaw,0.083590835,0.9496678,0.9184874
phone_factorial_1200_v1,sdxeq_0044__phonefact_g726_24k,0.087177746,0.9123202,0.86657953
phone_factorial_1200_v1,sdxeq_0044__phonefact_opus_nb_8k,0.09638998,0.88342017,0.8265406
phone_factorial_1200_v1,sdxeq_0045__phonefact_resample8k,0.07640725,0.94700515,0.9214406
phone_factorial_1200_v1,sdxeq_0045__phonefact_g711_ulaw,0.09194257,0.9023886,0.84649056
phone_factorial_1200_v1,sdxeq_0045__phonefact_g726_24k,0.087506235,0.89624643,0.84104556
phone_factorial_1200_v1,sdxeq_0045__phonefact_opus_nb_8k,0.10544165,0.81525743,0.85265535
phone_factorial_1200_v1,sdxeq_0046__phonefact_resample8k,0.16257334,0.97718465,0.98171145
phone_factorial_1200_v1,sdxeq_0046__phonefact_g711_ulaw,0.19579513,0.97769344,0.9798817
phone_factorial_1200_v1,sdxeq_0046__phonefact_g726_24k,0.2697037,0.97012275,0.96566695
phone_factorial_1200_v1,sdxeq_0046__phonefact_opus_nb_8k,0.19327568,0.941609,0.9415035
phone_factorial_1200_v1,sdxeq_0047__phonefact_resample8k,0.061020274,0.9695593,0.95157343
phone_factorial_1200_v1,sdxeq_0047__phonefact_g711_ulaw,0.06360838,0.9732984,0.9598417
phone_factorial_1200_v1,sdxeq_0047__phonefact_g726_24k,0.06129126,0.9757253,0.96795964
phone_factorial_1200_v1,sdxeq_0047__phonefact_opus_nb_8k,0.06718809,0.95622003,0.9346316
phone_factorial_1200_v1,sdxeq_0048__phonefact_resample8k,0.28276402,0.95522296,0.98983663
phone_factorial_1200_v1,sdxeq_0048__phonefact_g711_ulaw,0.69641614,0.9513973,0.9918645
phone_factorial_1200_v1,sdxeq_0048__phonefact_g726_24k,0.501929,0.9571155,0.98528165
phone_factorial_1200_v1,sdxeq_0048__phonefact_opus_nb_8k,0.5449482,0.96294546,0.99614
phone_factorial_1200_v1,sdxeq_0049__phonefact_resample8k,0.08803447,0.98831135,0.9911142
phone_factorial_1200_v1,sdxeq_0049__phonefact_g711_ulaw,0.12478435,0.982814,0.98596543
phone_factorial_1200_v1,sdxeq_0049__phonefact_g726_24k,0.09739809,0.9814112,0.9851622
phone_factorial_1200_v1,sdxeq_0049__phonefact_opus_nb_8k,0.0754357,0.95556873,0.9488756
phone_factorial_1200_v1,sdxeq_0050__phonefact_resample8k,0.51303595,0.75154585,0.7355552
phone_factorial_1200_v1,sdxeq_0050__phonefact_g711_ulaw,0.4701059,0.85976106,0.9184097
phone_factorial_1200_v1,sdxeq_0050__phonefact_g726_24k,0.49663246,0.89551413,0.8879519
phone_factorial_1200_v1,sdxeq_0050__phonefact_opus_nb_8k,0.21647944,0.74924064,0.719383
phone_factorial_1200_v1,sdxeq_0051__phonefact_resample8k,0.9909321,0.18941903,0.9911267
phone_factorial_1200_v1,sdxeq_0051__phonefact_g711_ulaw,0.9965132,0.14919192,0.994393
phone_factorial_1200_v1,sdxeq_0051__phonefact_g726_24k,0.98566025,0.19559418,0.97818583
phone_factorial_1200_v1,sdxeq_0051__phonefact_opus_nb_8k,0.60377014,0.87622756,0.95402735
phone_factorial_1200_v1,sdxeq_0052__phonefact_resample8k,0.9935291,0.52190363,0.99668455
phone_factorial_1200_v1,sdxeq_0052__phonefact_g711_ulaw,0.9885362,0.581923,0.99782526
phone_factorial_1200_v1,sdxeq_0052__phonefact_g726_24k,0.9918923,0.58957595,0.9966584
phone_factorial_1200_v1,sdxeq_0052__phonefact_opus_nb_8k,0.48121208,0.561633,0.7821399
phone_factorial_1200_v1,sdxeq_0053__phonefact_resample8k,0.9093132,0.70582306,0.95383227
phone_factorial_1200_v1,sdxeq_0053__phonefact_g711_ulaw,0.9191077,0.57730913,0.94352186
phone_factorial_1200_v1,sdxeq_0053__phonefact_g726_24k,0.6440034,0.7030552,0.8924413
phone_factorial_1200_v1,sdxeq_0053__phonefact_opus_nb_8k,0.3166844,0.8072817,0.7240428
phone_factorial_1200_v1,sdxeq_0054__phonefact_resample8k,0.52257836,0.7673812,0.8987455
phone_factorial_1200_v1,sdxeq_0054__phonefact_g711_ulaw,0.56869775,0.47125667,0.77630895
phone_factorial_1200_v1,sdxeq_0054__phonefact_g726_24k,0.70429355,0.5326519,0.855886
phone_factorial_1200_v1,sdxeq_0054__phonefact_opus_nb_8k,0.47209543,0.8082423,0.90392244
phone_factorial_1200_v1,sdxeq_0055__phonefact_resample8k,0.99615306,0.46185976,0.99764967
phone_factorial_1200_v1,sdxeq_0055__phonefact_g711_ulaw,0.9972138,0.20099932,0.9965237
phone_factorial_1200_v1,sdxeq_0055__phonefact_g726_24k,0.99334216,0.3885445,0.9967706
phone_factorial_1200_v1,sdxeq_0055__phonefact_opus_nb_8k,0.8853611,0.52080834,0.9811765
phone_factorial_1200_v1,sdxeq_0056__phonefact_resample8k,0.8183926,0.7313074,0.965535
phone_factorial_1200_v1,sdxeq_0056__phonefact_g711_ulaw,0.96949947,0.5612,0.97932017
phone_factorial_1200_v1,sdxeq_0056__phonefact_g726_24k,0.8855712,0.66622525,0.9496413
phone_factorial_1200_v1,sdxeq_0056__phonefact_opus_nb_8k,0.2701463,0.8005229,0.9051932
phone_factorial_1200_v1,sdxeq_0057__phonefact_resample8k,0.90510595,0.64875156,0.94223166
phone_factorial_1200_v1,sdxeq_0057__phonefact_g711_ulaw,0.74488264,0.6035939,0.83346415
phone_factorial_1200_v1,sdxeq_0057__phonefact_g726_24k,0.6224982,0.84460574,0.9096857
phone_factorial_1200_v1,sdxeq_0057__phonefact_opus_nb_8k,0.4259,0.80707854,0.8593035
phone_factorial_1200_v1,sdxeq_0058__phonefact_resample8k,0.9693882,0.95815724,0.9959913
phone_factorial_1200_v1,sdxeq_0058__phonefact_g711_ulaw,0.7409741,0.76458526,0.9497714
phone_factorial_1200_v1,sdxeq_0058__phonefact_g726_24k,0.8774678,0.7291398,0.9594011
phone_factorial_1200_v1,sdxeq_0058__phonefact_opus_nb_8k,0.22924957,0.9476235,0.9493579
phone_factorial_1200_v1,sdxeq_0059__phonefact_resample8k,0.5205932,0.7403878,0.94687307
phone_factorial_1200_v1,sdxeq_0059__phonefact_g711_ulaw,0.87871885,0.5081319,0.9396874
phone_factorial_1200_v1,sdxeq_0059__phonefact_g726_24k,0.76726145,0.59901893,0.940029
phone_factorial_1200_v1,sdxeq_0059__phonefact_opus_nb_8k,0.26091042,0.776077,0.8231977
phone_factorial_1200_v1,sdxeq_0060__phonefact_resample8k,0.5665473,0.9597198,0.97424096
phone_factorial_1200_v1,sdxeq_0060__phonefact_g711_ulaw,0.8852158,0.93203264,0.9686661
phone_factorial_1200_v1,sdxeq_0060__phonefact_g726_24k,0.8088844,0.9453373,0.95627517
phone_factorial_1200_v1,sdxeq_0060__phonefact_opus_nb_8k,0.2358289,0.9143079,0.9026341
phone_factorial_1200_v1,sdxeq_0061__phonefact_resample8k,0.98254085,0.7623441,0.9909015
phone_factorial_1200_v1,sdxeq_0061__phonefact_g711_ulaw,0.98417604,0.7979819,0.98562986
phone_factorial_1200_v1,sdxeq_0061__phonefact_g726_24k,0.93278545,0.7812108,0.95090866
phone_factorial_1200_v1,sdxeq_0061__phonefact_opus_nb_8k,0.8146168,0.7256312,0.95599234
phone_factorial_1200_v1,sdxeq_0062__phonefact_resample8k,0.76801485,0.63690543,0.92331946
phone_factorial_1200_v1,sdxeq_0062__phonefact_g711_ulaw,0.5217999,0.61652094,0.7968148
phone_factorial_1200_v1,sdxeq_0062__phonefact_g726_24k,0.36185148,0.49770746,0.6241653
phone_factorial_1200_v1,sdxeq_0062__phonefact_opus_nb_8k,0.40344816,0.34556624,0.5614219
phone_factorial_1200_v1,sdxeq_0063__phonefact_resample8k,0.94748825,0.36232373,0.9515757
phone_factorial_1200_v1,sdxeq_0063__phonefact_g711_ulaw,0.90072393,0.39499083,0.919884
phone_factorial_1200_v1,sdxeq_0063__phonefact_g726_24k,0.8743902,0.4762112,0.9110452
phone_factorial_1200_v1,sdxeq_0063__phonefact_opus_nb_8k,0.43718106,0.4917508,0.69316167
phone_factorial_1200_v1,sdxeq_0064__phonefact_resample8k,0.9983105,0.15199015,0.9976051
phone_factorial_1200_v1,sdxeq_0064__phonefact_g711_ulaw,0.9833787,0.36997056,0.987636
phone_factorial_1200_v1,sdxeq_0064__phonefact_g726_24k,0.97982883,0.44193006,0.9904158
phone_factorial_1200_v1,sdxeq_0064__phonefact_opus_nb_8k,0.5157678,0.56386316,0.87888837
phone_factorial_1200_v1,sdxeq_0065__phonefact_resample8k,0.74942505,0.5391198,0.8712215
phone_factorial_1200_v1,sdxeq_0065__phonefact_g711_ulaw,0.5277899,0.37178767,0.77799994
phone_factorial_1200_v1,sdxeq_0065__phonefact_g726_24k,0.49015898,0.53294426,0.8054252
phone_factorial_1200_v1,sdxeq_0065__phonefact_opus_nb_8k,0.24568994,0.5312872,0.5663739
phone_factorial_1200_v1,sdxeq_0066__phonefact_resample8k,0.98885477,0.41528264,0.98919916
phone_factorial_1200_v1,sdxeq_0066__phonefact_g711_ulaw,0.9741781,0.30852968,0.9787163
phone_factorial_1200_v1,sdxeq_0066__phonefact_g726_24k,0.96708244,0.4263628,0.9745659
phone_factorial_1200_v1,sdxeq_0066__phonefact_opus_nb_8k,0.3848637,0.52915764,0.6645545
phone_factorial_1200_v1,sdxeq_0067__phonefact_resample8k,0.97036964,0.73308563,0.99551684
phone_factorial_1200_v1,sdxeq_0067__phonefact_g711_ulaw,0.90830296,0.8214856,0.9900951
phone_factorial_1200_v1,sdxeq_0067__phonefact_g726_24k,0.6031867,0.75947607,0.9825094
phone_factorial_1200_v1,sdxeq_0067__phonefact_opus_nb_8k,0.6638815,0.71228296,0.8100714
phone_factorial_1200_v1,sdxeq_0068__phonefact_resample8k,0.64257073,0.8557425,0.8662633
phone_factorial_1200_v1,sdxeq_0068__phonefact_g711_ulaw,0.62370133,0.61737126,0.7991512
phone_factorial_1200_v1,sdxeq_0068__phonefact_g726_24k,0.6610055,0.7385342,0.83973765
phone_factorial_1200_v1,sdxeq_0068__phonefact_opus_nb_8k,0.23653208,0.46785313,0.4679192
phone_factorial_1200_v1,sdxeq_0069__phonefact_resample8k,0.5899994,0.87395996,0.9271444
phone_factorial_1200_v1,sdxeq_0069__phonefact_g711_ulaw,0.38569424,0.78389996,0.8636808
phone_factorial_1200_v1,sdxeq_0069__phonefact_g726_24k,0.30295777,0.9114281,0.8965671
phone_factorial_1200_v1,sdxeq_0069__phonefact_opus_nb_8k,0.3681856,0.7913501,0.8330961
phone_factorial_1200_v1,sdxeq_0070__phonefact_resample8k,0.9988697,0.11364216,0.9984334
phone_factorial_1200_v1,sdxeq_0070__phonefact_g711_ulaw,0.99766904,0.21695769,0.9977425
phone_factorial_1200_v1,sdxeq_0070__phonefact_g726_24k,0.99542624,0.32520458,0.9974211
phone_factorial_1200_v1,sdxeq_0070__phonefact_opus_nb_8k,0.98729336,0.46263802,0.99090856
phone_factorial_1200_v1,sdxeq_0071__phonefact_resample8k,0.15707757,0.81082225,0.7839037
phone_factorial_1200_v1,sdxeq_0071__phonefact_g711_ulaw,0.28540915,0.77060217,0.72115064
phone_factorial_1200_v1,sdxeq_0071__phonefact_g726_24k,0.35524577,0.776054,0.6859236
phone_factorial_1200_v1,sdxeq_0071__phonefact_opus_nb_8k,0.21500875,0.6463089,0.6432393
phone_factorial_1200_v1,sdxeq_0072__phonefact_resample8k,0.9914682,0.6703529,0.99634033
phone_factorial_1200_v1,sdxeq_0072__phonefact_g711_ulaw,0.38840762,0.5773504,0.8661793
phone_factorial_1200_v1,sdxeq_0072__phonefact_g726_24k,0.18396789,0.63647455,0.62945485
phone_factorial_1200_v1,sdxeq_0072__phonefact_opus_nb_8k,0.18449329,0.7087861,0.6503814
phone_factorial_1200_v1,sdxeq_0073__phonefact_resample8k,0.99034214,0.5488489,0.99292386
phone_factorial_1200_v1,sdxeq_0073__phonefact_g711_ulaw,0.98254114,0.5041101,0.9817339
phone_factorial_1200_v1,sdxeq_0073__phonefact_g726_24k,0.9075355,0.49028698,0.929098
phone_factorial_1200_v1,sdxeq_0073__phonefact_opus_nb_8k,0.32345057,0.7771669,0.9461386
phone_factorial_1200_v1,sdxeq_0074__phonefact_resample8k,0.23365378,0.8799641,0.84562814
phone_factorial_1200_v1,sdxeq_0074__phonefact_g711_ulaw,0.16260566,0.8875073,0.8796268
phone_factorial_1200_v1,sdxeq_0074__phonefact_g726_24k,0.122973725,0.93407947,0.9055027
phone_factorial_1200_v1,sdxeq_0074__phonefact_opus_nb_8k,0.1699516,0.8301645,0.74351674
phone_factorial_1200_v1,sdxeq_0075__phonefact_resample8k,0.73575664,0.9755661,0.9862947
phone_factorial_1200_v1,sdxeq_0075__phonefact_g711_ulaw,0.9051048,0.984182,0.9909
phone_factorial_1200_v1,sdxeq_0075__phonefact_g726_24k,0.867643,0.98616,0.98985606
phone_factorial_1200_v1,sdxeq_0075__phonefact_opus_nb_8k,0.19591929,0.95031387,0.96136224
phone_factorial_1200_v1,sdxeq_0076__phonefact_resample8k,0.9779143,0.6983797,0.9985913
phone_factorial_1200_v1,sdxeq_0076__phonefact_g711_ulaw,0.9896094,0.6885001,0.9984605
phone_factorial_1200_v1,sdxeq_0076__phonefact_g726_24k,0.96449363,0.7798839,0.9984085
phone_factorial_1200_v1,sdxeq_0076__phonefact_opus_nb_8k,0.9029435,0.89505196,0.98961896
phone_factorial_1200_v1,sdxeq_0077__phonefact_resample8k,0.23760991,0.9836017,0.9948455
phone_factorial_1200_v1,sdxeq_0077__phonefact_g711_ulaw,0.696316,0.9771489,0.9960184
phone_factorial_1200_v1,sdxeq_0077__phonefact_g726_24k,0.3929935,0.97786903,0.9969416
phone_factorial_1200_v1,sdxeq_0077__phonefact_opus_nb_8k,0.3656789,0.9367103,0.97328234
phone_factorial_1200_v1,sdxeq_0078__phonefact_resample8k,0.5269324,0.97288775,0.99411047
phone_factorial_1200_v1,sdxeq_0078__phonefact_g711_ulaw,0.5654961,0.90931326,0.9492253
phone_factorial_1200_v1,sdxeq_0078__phonefact_g726_24k,0.50027,0.90511537,0.9570214
phone_factorial_1200_v1,sdxeq_0078__phonefact_opus_nb_8k,0.20299053,0.798032,0.7555232
phone_factorial_1200_v1,sdxeq_0079__phonefact_resample8k,0.98926216,0.633647,0.9985437
phone_factorial_1200_v1,sdxeq_0079__phonefact_g711_ulaw,0.9904443,0.7133856,0.99773824
phone_factorial_1200_v1,sdxeq_0079__phonefact_g726_24k,0.9556439,0.76325727,0.9967637
phone_factorial_1200_v1,sdxeq_0079__phonefact_opus_nb_8k,0.43755892,0.96467596,0.98635465
phone_factorial_1200_v1,sdxeq_0080__phonefact_resample8k,0.89752835,0.95617044,0.9976629
phone_factorial_1200_v1,sdxeq_0080__phonefact_g711_ulaw,0.6415283,0.94786936,0.9973458
phone_factorial_1200_v1,sdxeq_0080__phonefact_g726_24k,0.8714442,0.9295869,0.99650973
phone_factorial_1200_v1,sdxeq_0080__phonefact_opus_nb_8k,0.11927307,0.65543824,0.74688584
phone_factorial_1200_v1,sdxeq_0081__phonefact_resample8k,0.2018415,0.98280805,0.9906028
phone_factorial_1200_v1,sdxeq_0081__phonefact_g711_ulaw,0.15838084,0.9838437,0.9909594
phone_factorial_1200_v1,sdxeq_0081__phonefact_g726_24k,0.13071716,0.98513985,0.98988974
phone_factorial_1200_v1,sdxeq_0081__phonefact_opus_nb_8k,0.15180196,0.9740559,0.9793885
phone_factorial_1200_v1,sdxeq_0082__phonefact_resample8k,0.3747474,0.96601856,0.99056375
phone_factorial_1200_v1,sdxeq_0082__phonefact_g711_ulaw,0.5085737,0.9172346,0.9572046
phone_factorial_1200_v1,sdxeq_0082__phonefact_g726_24k,0.5835329,0.8816584,0.96037436
phone_factorial_1200_v1,sdxeq_0082__phonefact_opus_nb_8k,0.22274242,0.9173373,0.9236408
phone_factorial_1200_v1,sdxeq_0083__phonefact_resample8k,0.99335325,0.53037953,0.9987612
phone_factorial_1200_v1,sdxeq_0083__phonefact_g711_ulaw,0.9916823,0.73961544,0.998309
phone_factorial_1200_v1,sdxeq_0083__phonefact_g726_24k,0.988797,0.9209887,0.99752456
phone_factorial_1200_v1,sdxeq_0083__phonefact_opus_nb_8k,0.29128295,0.975386,0.99577254
phone_factorial_1200_v1,sdxeq_0084__phonefact_resample8k,0.91135377,0.98339754,0.99644136
phone_factorial_1200_v1,sdxeq_0084__phonefact_g711_ulaw,0.44577655,0.97647,0.9940453
phone_factorial_1200_v1,sdxeq_0084__phonefact_g726_24k,0.32488516,0.97984904,0.99287105
phone_factorial_1200_v1,sdxeq_0084__phonefact_opus_nb_8k,0.14428285,0.9790247,0.98167723
phone_factorial_1200_v1,sdxeq_0085__phonefact_resample8k,0.99188036,0.774207,0.9983005
phone_factorial_1200_v1,sdxeq_0085__phonefact_g711_ulaw,0.9894761,0.50574493,0.99757254
phone_factorial_1200_v1,sdxeq_0085__phonefact_g726_24k,0.98494154,0.73247284,0.99764967
phone_factorial_1200_v1,sdxeq_0085__phonefact_opus_nb_8k,0.7406315,0.6982703,0.9210789
phone_factorial_1200_v1,sdxeq_0086__phonefact_resample8k,0.9811084,0.9093132,0.9892478
phone_factorial_1200_v1,sdxeq_0086__phonefact_g711_ulaw,0.864746,0.84868306,0.9212535
phone_factorial_1200_v1,sdxeq_0086__phonefact_g726_24k,0.92623734,0.6663451,0.94288296
phone_factorial_1200_v1,sdxeq_0086__phonefact_opus_nb_8k,0.6073951,0.669671,0.71981305
phone_factorial_1200_v1,sdxeq_0087__phonefact_resample8k,0.26317328,0.9405745,0.9406817
phone_factorial_1200_v1,sdxeq_0087__phonefact_g711_ulaw,0.56116927,0.9022898,0.9069373
phone_factorial_1200_v1,sdxeq_0087__phonefact_g726_24k,0.35494867,0.92050815,0.92823684
phone_factorial_1200_v1,sdxeq_0087__phonefact_opus_nb_8k,0.17156233,0.78965753,0.7022043
phone_factorial_1200_v1,sdxeq_0088__phonefact_resample8k,0.40393874,0.97853565,0.9905542
phone_factorial_1200_v1,sdxeq_0088__phonefact_g711_ulaw,0.17056262,0.97373784,0.9863911
phone_factorial_1200_v1,sdxeq_0088__phonefact_g726_24k,0.21275282,0.9775385,0.98770493
phone_factorial_1200_v1,sdxeq_0088__phonefact_opus_nb_8k,0.24354453,0.9387483,0.9700066
phone_factorial_1200_v1,sdxeq_0089__phonefact_resample8k,0.70980304,0.9709789,0.99689233
phone_factorial_1200_v1,sdxeq_0089__phonefact_g711_ulaw,0.93039536,0.9531529,0.9782105
phone_factorial_1200_v1,sdxeq_0089__phonefact_g726_24k,0.78881735,0.9113351,0.97147584
phone_factorial_1200_v1,sdxeq_0089__phonefact_opus_nb_8k,0.40855393,0.89051414,0.88263774
phone_factorial_1200_v1,sdxeq_0090__phonefact_resample8k,0.965453,0.97302604,0.99660826
phone_factorial_1200_v1,sdxeq_0090__phonefact_g711_ulaw,0.9581485,0.8859833,0.9929414
phone_factorial_1200_v1,sdxeq_0090__phonefact_g726_24k,0.9722228,0.97417593,0.99766344
phone_factorial_1200_v1,sdxeq_0090__phonefact_opus_nb_8k,0.5627509,0.8296114,0.85535645
phone_factorial_1200_v1,sdxeq_0091__phonefact_resample8k,0.245407,0.98371893,0.9956771
phone_factorial_1200_v1,sdxeq_0091__phonefact_g711_ulaw,0.6074566,0.9790908,0.9957216
phone_factorial_1200_v1,sdxeq_0091__phonefact_g726_24k,0.18538217,0.9794111,0.99098283
phone_factorial_1200_v1,sdxeq_0091__phonefact_opus_nb_8k,0.6748678,0.9708516,0.98117125
phone_factorial_1200_v1,sdxeq_0092__phonefact_resample8k,0.9965161,0.4490757,0.99893385
phone_factorial_1200_v1,sdxeq_0092__phonefact_g711_ulaw,0.9983279,0.233395,0.998735
phone_factorial_1200_v1,sdxeq_0092__phonefact_g726_24k,0.99777484,0.42540455,0.99868095
phone_factorial_1200_v1,sdxeq_0092__phonefact_opus_nb_8k,0.99676657,0.30251572,0.9985693
phone_factorial_1200_v1,sdxeq_0093__phonefact_resample8k,0.4311283,0.9619611,0.94441676
phone_factorial_1200_v1,sdxeq_0093__phonefact_g711_ulaw,0.3175912,0.96545774,0.9592602
phone_factorial_1200_v1,sdxeq_0093__phonefact_g726_24k,0.15399577,0.98232573,0.9816296
phone_factorial_1200_v1,sdxeq_0093__phonefact_opus_nb_8k,0.35953254,0.97599727,0.9693245
phone_factorial_1200_v1,sdxeq_0094__phonefact_resample8k,0.91022205,0.79168266,0.98290086
phone_factorial_1200_v1,sdxeq_0094__phonefact_g711_ulaw,0.91722894,0.6742274,0.9643588
phone_factorial_1200_v1,sdxeq_0094__phonefact_g726_24k,0.8826515,0.7402306,0.95181185
phone_factorial_1200_v1,sdxeq_0094__phonefact_opus_nb_8k,0.27590674,0.59288317,0.6540245
phone_factorial_1200_v1,sdxeq_0095__phonefact_resample8k,0.52089095,0.96061164,0.9916685
phone_factorial_1200_v1,sdxeq_0095__phonefact_g711_ulaw,0.53796875,0.93643695,0.959198
phone_factorial_1200_v1,sdxeq_0095__phonefact_g726_24k,0.32676807,0.95251286,0.97475815
phone_factorial_1200_v1,sdxeq_0095__phonefact_opus_nb_8k,0.1009386,0.96711206,0.94657505
phone_factorial_1200_v1,sdxeq_0096__phonefact_resample8k,0.14973016,0.9879201,0.9926423
phone_factorial_1200_v1,sdxeq_0096__phonefact_g711_ulaw,0.12614736,0.98735684,0.9902946
phone_factorial_1200_v1,sdxeq_0096__phonefact_g726_24k,0.10775596,0.98815566,0.9908179
phone_factorial_1200_v1,sdxeq_0096__phonefact_opus_nb_8k,0.07863839,0.97994787,0.97456
phone_factorial_1200_v1,sdxeq_0097__phonefact_resample8k,0.99302846,0.65861213,0.99872345
phone_factorial_1200_v1,sdxeq_0097__phonefact_g711_ulaw,0.9711307,0.6820771,0.99831295
phone_factorial_1200_v1,sdxeq_0097__phonefact_g726_24k,0.9765892,0.6434357,0.99838537
phone_factorial_1200_v1,sdxeq_0097__phonefact_opus_nb_8k,0.99264705,0.9686376,0.9978762
phone_factorial_1200_v1,sdxeq_0098__phonefact_resample8k,0.9946554,0.41466272,0.99727064
phone_factorial_1200_v1,sdxeq_0098__phonefact_g711_ulaw,0.990077,0.6696783,0.996514
phone_factorial_1200_v1,sdxeq_0098__phonefact_g726_24k,0.9866828,0.8853442,0.9966221
phone_factorial_1200_v1,sdxeq_0098__phonefact_opus_nb_8k,0.9162749,0.7808931,0.9702418
phone_factorial_1200_v1,sdxeq_0099__phonefact_resample8k,0.8787545,0.98338205,0.9962213
phone_factorial_1200_v1,sdxeq_0099__phonefact_g711_ulaw,0.9419507,0.9765758,0.99734575
phone_factorial_1200_v1,sdxeq_0099__phonefact_g726_24k,0.8643523,0.97977424,0.9974738
phone_factorial_1200_v1,sdxeq_0099__phonefact_opus_nb_8k,0.289622,0.9722222,0.96830344
phone_factorial_1200_v1,sdm_real_0000__phonefact_resample8k,0.11740423,0.79911727,0.8066209
phone_factorial_1200_v1,sdm_real_0000__phonefact_g711_ulaw,0.19629918,0.26266265,0.6188007
phone_factorial_1200_v1,sdm_real_0000__phonefact_g726_24k,0.15152308,0.3197082,0.67986715
phone_factorial_1200_v1,sdm_real_0000__phonefact_opus_nb_8k,0.12860192,0.3596991,0.4933581
phone_factorial_1200_v1,sdm_real_0001__phonefact_resample8k,0.3416773,0.3557381,0.48646328
phone_factorial_1200_v1,sdm_real_0001__phonefact_g711_ulaw,0.19511198,0.15092146,0.26478505
phone_factorial_1200_v1,sdm_real_0001__phonefact_g726_24k,0.19455604,0.18305735,0.25138265
phone_factorial_1200_v1,sdm_real_0001__phonefact_opus_nb_8k,0.16824147,0.37585437,0.3324806
phone_factorial_1200_v1,sdm_real_0002__phonefact_resample8k,0.3429786,0.36010814,0.5234435
phone_factorial_1200_v1,sdm_real_0002__phonefact_g711_ulaw,0.20195532,0.45196426,0.44722134
phone_factorial_1200_v1,sdm_real_0002__phonefact_g726_24k,0.24984156,0.62290794,0.6223697
phone_factorial_1200_v1,sdm_real_0002__phonefact_opus_nb_8k,0.27809682,0.89504576,0.8383075
phone_factorial_1200_v1,sdm_real_0003__phonefact_resample8k,0.13258283,0.7867293,0.69456244
phone_factorial_1200_v1,sdm_real_0003__phonefact_g711_ulaw,0.11321089,0.2592882,0.23550561
phone_factorial_1200_v1,sdm_real_0003__phonefact_g726_24k,0.120166615,0.22957884,0.22987856
phone_factorial_1200_v1,sdm_real_0003__phonefact_opus_nb_8k,0.17848709,0.22807053,0.25185382
phone_factorial_1200_v1,sdm_real_0004__phonefact_resample8k,0.09804212,0.35428005,0.28156844
phone_factorial_1200_v1,sdm_real_0004__phonefact_g711_ulaw,0.09464055,0.175559,0.17181413
phone_factorial_1200_v1,sdm_real_0004__phonefact_g726_24k,0.09726246,0.21564619,0.222185
phone_factorial_1200_v1,sdm_real_0004__phonefact_opus_nb_8k,0.19127831,0.40045655,0.364596
phone_factorial_1200_v1,sdm_real_0005__phonefact_resample8k,0.15094455,0.72719026,0.63302404
phone_factorial_1200_v1,sdm_real_0005__phonefact_g711_ulaw,0.10893211,0.6310063,0.51072156
phone_factorial_1200_v1,sdm_real_0005__phonefact_g726_24k,0.3146065,0.8760213,0.7987866
phone_factorial_1200_v1,sdm_real_0005__phonefact_opus_nb_8k,0.19725105,0.4669096,0.4666672
phone_factorial_1200_v1,sdm_real_0006__phonefact_resample8k,0.1447576,0.6735066,0.62848073
phone_factorial_1200_v1,sdm_real_0006__phonefact_g711_ulaw,0.13554272,0.3563119,0.30908108
phone_factorial_1200_v1,sdm_real_0006__phonefact_g726_24k,0.15950695,0.34046897,0.3704742
phone_factorial_1200_v1,sdm_real_0006__phonefact_opus_nb_8k,0.24669804,0.85418105,0.7906209
phone_factorial_1200_v1,sdm_real_0007__phonefact_resample8k,0.29668432,0.366733,0.43097788
phone_factorial_1200_v1,sdm_real_0007__phonefact_g711_ulaw,0.24057284,0.43412632,0.4133101
phone_factorial_1200_v1,sdm_real_0007__phonefact_g726_24k,0.27561095,0.7429831,0.63397896
phone_factorial_1200_v1,sdm_real_0007__phonefact_opus_nb_8k,0.2552034,0.6486832,0.6718064
phone_factorial_1200_v1,sdm_real_0008__phonefact_resample8k,0.102908395,0.79803014,0.69598913
phone_factorial_1200_v1,sdm_real_0008__phonefact_g711_ulaw,0.11917747,0.2648118,0.2685145
phone_factorial_1200_v1,sdm_real_0008__phonefact_g726_24k,0.1495578,0.37087977,0.42371416
phone_factorial_1200_v1,sdm_real_0008__phonefact_opus_nb_8k,0.102908395,0.37107924,0.3841481
phone_factorial_1200_v1,sdm_real_0009__phonefact_resample8k,0.3824734,0.3390703,0.5511229
phone_factorial_1200_v1,sdm_real_0009__phonefact_g711_ulaw,0.34067705,0.37389532,0.52873486
phone_factorial_1200_v1,sdm_real_0009__phonefact_g726_24k,0.30321178,0.49366245,0.59592044
phone_factorial_1200_v1,sdm_real_0009__phonefact_opus_nb_8k,0.1437555,0.3847342,0.36690825
phone_factorial_1200_v1,sdm_real_0010__phonefact_resample8k,0.3246119,0.7998611,0.9295451
phone_factorial_1200_v1,sdm_real_0010__phonefact_g711_ulaw,0.3027429,0.53212833,0.71826744
phone_factorial_1200_v1,sdm_real_0010__phonefact_g726_24k,0.25244328,0.6390779,0.66611075
phone_factorial_1200_v1,sdm_real_0010__phonefact_opus_nb_8k,0.2195352,0.31557965,0.62667364
phone_factorial_1200_v1,sdm_real_0011__phonefact_resample8k,0.34950727,0.39881778,0.5488885
phone_factorial_1200_v1,sdm_real_0011__phonefact_g711_ulaw,0.35979494,0.42688823,0.539312
phone_factorial_1200_v1,sdm_real_0011__phonefact_g726_24k,0.45030057,0.54832405,0.6431997
phone_factorial_1200_v1,sdm_real_0011__phonefact_opus_nb_8k,0.26739526,0.7990377,0.7391754
phone_factorial_1200_v1,sdm_real_0012__phonefact_resample8k,0.16828287,0.8637003,0.7800438
phone_factorial_1200_v1,sdm_real_0012__phonefact_g711_ulaw,0.24041001,0.84047246,0.78868574
phone_factorial_1200_v1,sdm_real_0012__phonefact_g726_24k,0.11375138,0.9183855,0.8598216
phone_factorial_1200_v1,sdm_real_0012__phonefact_opus_nb_8k,0.153724,0.89381593,0.8204721
phone_factorial_1200_v1,sdm_real_0013__phonefact_resample8k,0.10927843,0.5632924,0.44803473
phone_factorial_1200_v1,sdm_real_0013__phonefact_g711_ulaw,0.11386572,0.5496333,0.43202347
phone_factorial_1200_v1,sdm_real_0013__phonefact_g726_24k,0.13200696,0.44841033,0.35655352
phone_factorial_1200_v1,sdm_real_0013__phonefact_opus_nb_8k,0.11519335,0.23088193,0.26477715
phone_factorial_1200_v1,sdm_real_0014__phonefact_resample8k,0.11159166,0.1513937,0.1728963
phone_factorial_1200_v1,sdm_real_0014__phonefact_g711_ulaw,0.111373395,0.15330562,0.2006814
phone_factorial_1200_v1,sdm_real_0014__phonefact_g726_24k,0.13089478,0.16648911,0.21780688
phone_factorial_1200_v1,sdm_real_0014__phonefact_opus_nb_8k,0.3624154,0.65538496,0.53397936
phone_factorial_1200_v1,sdm_real_0015__phonefact_resample8k,0.24435854,0.88535225,0.8330061
phone_factorial_1200_v1,sdm_real_0015__phonefact_g711_ulaw,0.3856922,0.7188621,0.7344189
phone_factorial_1200_v1,sdm_real_0015__phonefact_g726_24k,0.2731894,0.8815302,0.8550866
phone_factorial_1200_v1,sdm_real_0015__phonefact_opus_nb_8k,0.21118246,0.5361791,0.61302054
phone_factorial_1200_v1,sdm_real_0016__phonefact_resample8k,0.41311845,0.4590766,0.8396274
phone_factorial_1200_v1,sdm_real_0016__phonefact_g711_ulaw,0.41445506,0.31177714,0.6758189
phone_factorial_1200_v1,sdm_real_0016__phonefact_g726_24k,0.463529,0.5511948,0.83597505
phone_factorial_1200_v1,sdm_real_0016__phonefact_opus_nb_8k,0.2247023,0.20361109,0.3002921
phone_factorial_1200_v1,sdm_real_0017__phonefact_resample8k,0.19860844,0.4611424,0.59830165
phone_factorial_1200_v1,sdm_real_0017__phonefact_g711_ulaw,0.18155617,0.6032619,0.8105884
phone_factorial_1200_v1,sdm_real_0017__phonefact_g726_24k,0.17822771,0.7350774,0.74964046
phone_factorial_1200_v1,sdm_real_0017__phonefact_opus_nb_8k,0.26155174,0.3223789,0.5656817
phone_factorial_1200_v1,sdm_real_0018__phonefact_resample8k,0.08694982,0.955219,0.9463549
phone_factorial_1200_v1,sdm_real_0018__phonefact_g711_ulaw,0.089436464,0.9354269,0.93080485
phone_factorial_1200_v1,sdm_real_0018__phonefact_g726_24k,0.06811295,0.97136307,0.95502496
phone_factorial_1200_v1,sdm_real_0018__phonefact_opus_nb_8k,0.11410106,0.8685208,0.8518071
phone_factorial_1200_v1,sdm_real_0019__phonefact_resample8k,0.15397781,0.6525028,0.53881764
phone_factorial_1200_v1,sdm_real_0019__phonefact_g711_ulaw,0.17162584,0.4360221,0.4392588
phone_factorial_1200_v1,sdm_real_0019__phonefact_g726_24k,0.14046223,0.4244755,0.39594445
phone_factorial_1200_v1,sdm_real_0019__phonefact_opus_nb_8k,0.13150318,0.33444506,0.34297237
phone_factorial_1200_v1,sdm_real_0020__phonefact_resample8k,0.09338412,0.8858288,0.9050455
phone_factorial_1200_v1,sdm_real_0020__phonefact_g711_ulaw,0.11385836,0.6635482,0.7038975
phone_factorial_1200_v1,sdm_real_0020__phonefact_g726_24k,0.11315379,0.7328605,0.7534482
phone_factorial_1200_v1,sdm_real_0020__phonefact_opus_nb_8k,0.12438498,0.47815338,0.4208526
phone_factorial_1200_v1,sdm_real_0021__phonefact_resample8k,0.18959923,0.4658131,0.51116544
phone_factorial_1200_v1,sdm_real_0021__phonefact_g711_ulaw,0.23381783,0.31240535,0.3959263
phone_factorial_1200_v1,sdm_real_0021__phonefact_g726_24k,0.21737342,0.27338716,0.35382912
phone_factorial_1200_v1,sdm_real_0021__phonefact_opus_nb_8k,0.13824247,0.566567,0.45028204
phone_factorial_1200_v1,sdm_real_0022__phonefact_resample8k,0.43555307,0.6045167,0.8194261
phone_factorial_1200_v1,sdm_real_0022__phonefact_g711_ulaw,0.5209728,0.7382928,0.74089366
phone_factorial_1200_v1,sdm_real_0022__phonefact_g726_24k,0.595481,0.84784317,0.8161351
phone_factorial_1200_v1,sdm_real_0022__phonefact_opus_nb_8k,0.47180972,0.54824775,0.87856025
phone_factorial_1200_v1,sdm_real_0023__phonefact_resample8k,0.071686625,0.9671126,0.9475915
phone_factorial_1200_v1,sdm_real_0023__phonefact_g711_ulaw,0.0804372,0.9701399,0.95160264
phone_factorial_1200_v1,sdm_real_0023__phonefact_g726_24k,0.083598085,0.97063273,0.9526589
phone_factorial_1200_v1,sdm_real_0023__phonefact_opus_nb_8k,0.08494955,0.8899669,0.90015835
phone_factorial_1200_v1,sdm_real_0024__phonefact_resample8k,0.3612701,0.8490189,0.8857644
phone_factorial_1200_v1,sdm_real_0024__phonefact_g711_ulaw,0.608929,0.7982503,0.7946956
phone_factorial_1200_v1,sdm_real_0024__phonefact_g726_24k,0.6148604,0.9191123,0.9029015
phone_factorial_1200_v1,sdm_real_0024__phonefact_opus_nb_8k,0.2664669,0.27460396,0.3527926
phone_factorial_1200_v1,sdm_real_0025__phonefact_resample8k,0.11200646,0.8861414,0.8213835
phone_factorial_1200_v1,sdm_real_0025__phonefact_g711_ulaw,0.099780396,0.8588626,0.82697386
phone_factorial_1200_v1,sdm_real_0025__phonefact_g726_24k,0.09850721,0.8983673,0.866574
phone_factorial_1200_v1,sdm_real_0025__phonefact_opus_nb_8k,0.0965386,0.9133636,0.86030316
phone_factorial_1200_v1,sdm_real_0026__phonefact_resample8k,0.24215537,0.55510604,0.516653
phone_factorial_1200_v1,sdm_real_0026__phonefact_g711_ulaw,0.25569412,0.42642498,0.41629532
phone_factorial_1200_v1,sdm_real_0026__phonefact_g726_24k,0.2375789,0.44065246,0.4399088
phone_factorial_1200_v1,sdm_real_0026__phonefact_opus_nb_8k,0.18587977,0.17029512,0.2490187
phone_factorial_1200_v1,sdm_real_0027__phonefact_resample8k,0.10049193,0.8380541,0.74617094
phone_factorial_1200_v1,sdm_real_0027__phonefact_g711_ulaw,0.10201805,0.6365444,0.577372
phone_factorial_1200_v1,sdm_real_0027__phonefact_g726_24k,0.10229177,0.74520326,0.6817975
phone_factorial_1200_v1,sdm_real_0027__phonefact_opus_nb_8k,0.114656314,0.5102608,0.44412938
phone_factorial_1200_v1,sdm_real_0028__phonefact_resample8k,0.092642516,0.9034112,0.84337854
phone_factorial_1200_v1,sdm_real_0028__phonefact_g711_ulaw,0.10022497,0.39840364,0.46325645
phone_factorial_1200_v1,sdm_real_0028__phonefact_g726_24k,0.100509115,0.38242608,0.421217
phone_factorial_1200_v1,sdm_real_0028__phonefact_opus_nb_8k,0.10433122,0.54954815,0.49059185
phone_factorial_1200_v1,sdm_real_0029__phonefact_resample8k,0.115899995,0.6050603,0.50816226
phone_factorial_1200_v1,sdm_real_0029__phonefact_g711_ulaw,0.10083953,0.39896777,0.33098575
phone_factorial_1200_v1,sdm_real_0029__phonefact_g726_24k,0.10833818,0.4348446,0.3763376
phone_factorial_1200_v1,sdm_real_0029__phonefact_opus_nb_8k,0.12603772,0.22964352,0.27430648
phone_factorial_1200_v1,sdm_real_0030__phonefact_resample8k,0.16512662,0.7133466,0.645452
phone_factorial_1200_v1,sdm_real_0030__phonefact_g711_ulaw,0.21737848,0.19647336,0.30013508
phone_factorial_1200_v1,sdm_real_0030__phonefact_g726_24k,0.21114282,0.30045468,0.44024435
phone_factorial_1200_v1,sdm_real_0030__phonefact_opus_nb_8k,0.13058129,0.49017042,0.40925598
phone_factorial_1200_v1,sdm_real_0031__phonefact_resample8k,0.18362597,0.59321445,0.75478345
phone_factorial_1200_v1,sdm_real_0031__phonefact_g711_ulaw,0.28606036,0.5423198,0.8307561
phone_factorial_1200_v1,sdm_real_0031__phonefact_g726_24k,0.28277677,0.42649102,0.9349668
phone_factorial_1200_v1,sdm_real_0031__phonefact_opus_nb_8k,0.16832651,0.63250184,0.6019855
phone_factorial_1200_v1,sdm_real_0032__phonefact_resample8k,0.12718502,0.16113883,0.18848819
phone_factorial_1200_v1,sdm_real_0032__phonefact_g711_ulaw,0.17274572,0.24383794,0.28984112
phone_factorial_1200_v1,sdm_real_0032__phonefact_g726_24k,0.16407715,0.30584124,0.32654426
phone_factorial_1200_v1,sdm_real_0032__phonefact_opus_nb_8k,0.13581476,0.59637123,0.63467926
phone_factorial_1200_v1,sdm_real_0033__phonefact_resample8k,0.10416412,0.18702745,0.4107286
phone_factorial_1200_v1,sdm_real_0033__phonefact_g711_ulaw,0.099322714,0.14494431,0.30309123
phone_factorial_1200_v1,sdm_real_0033__phonefact_g726_24k,0.09761944,0.14876306,0.26170436
phone_factorial_1200_v1,sdm_real_0033__phonefact_opus_nb_8k,0.0971852,0.14174141,0.29064438
phone_factorial_1200_v1,sdm_real_0034__phonefact_resample8k,0.2451558,0.92454773,0.91013855
phone_factorial_1200_v1,sdm_real_0034__phonefact_g711_ulaw,0.34943107,0.9262373,0.91416734
phone_factorial_1200_v1,sdm_real_0034__phonefact_g726_24k,0.28830552,0.8902065,0.85729676
phone_factorial_1200_v1,sdm_real_0034__phonefact_opus_nb_8k,0.21088617,0.603965,0.5252385
phone_factorial_1200_v1,sdm_real_0035__phonefact_resample8k,0.16576672,0.655549,0.683991
phone_factorial_1200_v1,sdm_real_0035__phonefact_g711_ulaw,0.20143211,0.42084977,0.42484048
phone_factorial_1200_v1,sdm_real_0035__phonefact_g726_24k,0.34087282,0.45212075,0.61788553
phone_factorial_1200_v1,sdm_real_0035__phonefact_opus_nb_8k,0.15721451,0.26877934,0.40612617
phone_factorial_1200_v1,sdm_real_0036__phonefact_resample8k,0.42584676,0.48584965,0.645779
phone_factorial_1200_v1,sdm_real_0036__phonefact_g711_ulaw,0.35638076,0.40814012,0.5477295
phone_factorial_1200_v1,sdm_real_0036__phonefact_g726_24k,0.37174138,0.28127134,0.4902439
phone_factorial_1200_v1,sdm_real_0036__phonefact_opus_nb_8k,0.25489497,0.31351188,0.36267158
phone_factorial_1200_v1,sdm_real_0037__phonefact_resample8k,0.13126516,0.68329185,0.61385757
phone_factorial_1200_v1,sdm_real_0037__phonefact_g711_ulaw,0.15571538,0.3140195,0.32144737
phone_factorial_1200_v1,sdm_real_0037__phonefact_g726_24k,0.1812836,0.39789993,0.41168594
phone_factorial_1200_v1,sdm_real_0037__phonefact_opus_nb_8k,0.16466142,0.49829838,0.48547247
phone_factorial_1200_v1,sdm_real_0038__phonefact_resample8k,0.17439385,0.2406092,0.36262342
phone_factorial_1200_v1,sdm_real_0038__phonefact_g711_ulaw,0.17274037,0.2254421,0.38983682
phone_factorial_1200_v1,sdm_real_0038__phonefact_g726_24k,0.19110842,0.25566944,0.34671447
phone_factorial_1200_v1,sdm_real_0038__phonefact_opus_nb_8k,0.14386363,0.22837165,0.2565996
phone_factorial_1200_v1,sdm_real_0039__phonefact_resample8k,0.40814316,0.5678805,0.7126203
phone_factorial_1200_v1,sdm_real_0039__phonefact_g711_ulaw,0.22605313,0.32634184,0.40062296
phone_factorial_1200_v1,sdm_real_0039__phonefact_g726_24k,0.2716407,0.2062187,0.37071452
phone_factorial_1200_v1,sdm_real_0039__phonefact_opus_nb_8k,0.14259367,0.19602308,0.3646759
phone_factorial_1200_v1,sdm_real_0040__phonefact_resample8k,0.476735,0.24308932,0.5630835
phone_factorial_1200_v1,sdm_real_0040__phonefact_g711_ulaw,0.19617766,0.4072905,0.44602278
phone_factorial_1200_v1,sdm_real_0040__phonefact_g726_24k,0.12002172,0.4583646,0.42663953
phone_factorial_1200_v1,sdm_real_0040__phonefact_opus_nb_8k,0.16079621,0.26625788,0.30362937
phone_factorial_1200_v1,sdm_real_0041__phonefact_resample8k,0.6133771,0.8127438,0.7965403
phone_factorial_1200_v1,sdm_real_0041__phonefact_g711_ulaw,0.68439156,0.6305578,0.794708
phone_factorial_1200_v1,sdm_real_0041__phonefact_g726_24k,0.5588581,0.5249034,0.6126755
phone_factorial_1200_v1,sdm_real_0041__phonefact_opus_nb_8k,0.5009336,0.69905335,0.65871924
phone_factorial_1200_v1,sdm_real_0042__phonefact_resample8k,0.5435911,0.69956845,0.82632416
phone_factorial_1200_v1,sdm_real_0042__phonefact_g711_ulaw,0.55046684,0.35378534,0.67779005
phone_factorial_1200_v1,sdm_real_0042__phonefact_g726_24k,0.57117593,0.35440683,0.7026578
phone_factorial_1200_v1,sdm_real_0042__phonefact_opus_nb_8k,0.41106462,0.28417212,0.51138186
phone_factorial_1200_v1,sdm_real_0043__phonefact_resample8k,0.10218032,0.76499814,0.6520683
phone_factorial_1200_v1,sdm_real_0043__phonefact_g711_ulaw,0.1077313,0.33205947,0.26889905
phone_factorial_1200_v1,sdm_real_0043__phonefact_g726_24k,0.10404943,0.55888224,0.4435746
phone_factorial_1200_v1,sdm_real_0043__phonefact_opus_nb_8k,0.1521166,0.39753157,0.54991907
phone_factorial_1200_v1,sdm_real_0044__phonefact_resample8k,0.1096647,0.7494021,0.7091822
phone_factorial_1200_v1,sdm_real_0044__phonefact_g711_ulaw,0.11697379,0.37297437,0.33000508
phone_factorial_1200_v1,sdm_real_0044__phonefact_g726_24k,0.09913182,0.2505799,0.22608559
phone_factorial_1200_v1,sdm_real_0044__phonefact_opus_nb_8k,0.10281648,0.558098,0.4584147
phone_factorial_1200_v1,sdm_real_0045__phonefact_resample8k,0.24010246,0.9722214,0.9870115
phone_factorial_1200_v1,sdm_real_0045__phonefact_g711_ulaw,0.32088128,0.82388735,0.8585389
phone_factorial_1200_v1,sdm_real_0045__phonefact_g726_24k,0.19527012,0.707359,0.66247225
phone_factorial_1200_v1,sdm_real_0045__phonefact_opus_nb_8k,0.123383224,0.6222365,0.6197101
phone_factorial_1200_v1,sdm_real_0046__phonefact_resample8k,0.11689575,0.90792304,0.85317755
phone_factorial_1200_v1,sdm_real_0046__phonefact_g711_ulaw,0.122528605,0.6966839,0.6087241
phone_factorial_1200_v1,sdm_real_0046__phonefact_g726_24k,0.21759409,0.6834915,0.57584155
phone_factorial_1200_v1,sdm_real_0046__phonefact_opus_nb_8k,0.10623404,0.87606287,0.8026957
phone_factorial_1200_v1,sdm_real_0047__phonefact_resample8k,0.36506134,0.5080747,0.5009385
phone_factorial_1200_v1,sdm_real_0047__phonefact_g711_ulaw,0.23229203,0.61567855,0.5882601
phone_factorial_1200_v1,sdm_real_0047__phonefact_g726_24k,0.3207683,0.8220475,0.73950434
phone_factorial_1200_v1,sdm_real_0047__phonefact_opus_nb_8k,0.20632432,0.7727969,0.6890452
phone_factorial_1200_v1,sdm_real_0048__phonefact_resample8k,0.27440274,0.7194544,0.70340395
phone_factorial_1200_v1,sdm_real_0048__phonefact_g711_ulaw,0.15370545,0.6236372,0.6011305
phone_factorial_1200_v1,sdm_real_0048__phonefact_g726_24k,0.13589904,0.72291887,0.6730403
phone_factorial_1200_v1,sdm_real_0048__phonefact_opus_nb_8k,0.14485058,0.6979172,0.57744527
phone_factorial_1200_v1,sdm_real_0049__phonefact_resample8k,0.21507916,0.22295108,0.30946824
phone_factorial_1200_v1,sdm_real_0049__phonefact_g711_ulaw,0.28453,0.24687888,0.34703502
phone_factorial_1200_v1,sdm_real_0049__phonefact_g726_24k,0.26210225,0.26367754,0.38061413
phone_factorial_1200_v1,sdm_real_0049__phonefact_opus_nb_8k,0.30223912,0.47074404,0.5681502
phone_factorial_1200_v1,sdm_fake_0000__phonefact_resample8k,0.5347868,0.9593762,0.9947232
phone_factorial_1200_v1,sdm_fake_0000__phonefact_g711_ulaw,0.5593184,0.9553319,0.99426717
phone_factorial_1200_v1,sdm_fake_0000__phonefact_g726_24k,0.43935415,0.9695846,0.9921807
phone_factorial_1200_v1,sdm_fake_0000__phonefact_opus_nb_8k,0.14693284,0.98074126,0.9856432
phone_factorial_1200_v1,sdm_fake_0001__phonefact_resample8k,0.3767143,0.98408264,0.9963732
phone_factorial_1200_v1,sdm_fake_0001__phonefact_g711_ulaw,0.3994309,0.9868993,0.9960993
phone_factorial_1200_v1,sdm_fake_0001__phonefact_g726_24k,0.27505022,0.9868532,0.99618214
phone_factorial_1200_v1,sdm_fake_0001__phonefact_opus_nb_8k,0.12269293,0.98679066,0.9879541
phone_factorial_1200_v1,sdm_fake_0002__phonefact_resample8k,0.13443553,0.9883582,0.99362034
phone_factorial_1200_v1,sdm_fake_0002__phonefact_g711_ulaw,0.11827035,0.98622036,0.99081147
phone_factorial_1200_v1,sdm_fake_0002__phonefact_g726_24k,0.1472174,0.9857753,0.9917291
phone_factorial_1200_v1,sdm_fake_0002__phonefact_opus_nb_8k,0.0941401,0.9734215,0.973546
phone_factorial_1200_v1,sdm_fake_0003__phonefact_resample8k,0.089741714,0.96637404,0.9514668
phone_factorial_1200_v1,sdm_fake_0003__phonefact_g711_ulaw,0.16189015,0.9772846,0.9710963
phone_factorial_1200_v1,sdm_fake_0003__phonefact_g726_24k,0.14579168,0.9835581,0.98253334
phone_factorial_1200_v1,sdm_fake_0003__phonefact_opus_nb_8k,0.09656316,0.9808085,0.9750689
phone_factorial_1200_v1,sdm_fake_0004__phonefact_resample8k,0.07280302,0.98911774,0.989905
phone_factorial_1200_v1,sdm_fake_0004__phonefact_g711_ulaw,0.058285825,0.98414344,0.9829821
phone_factorial_1200_v1,sdm_fake_0004__phonefact_g726_24k,0.060174096,0.9855268,0.9846946
phone_factorial_1200_v1,sdm_fake_0004__phonefact_opus_nb_8k,0.112963006,0.9219382,0.88141143
phone_factorial_1200_v1,sdm_fake_0005__phonefact_resample8k,0.46738216,0.9871566,0.99654645
phone_factorial_1200_v1,sdm_fake_0005__phonefact_g711_ulaw,0.34816492,0.98404694,0.99546134
phone_factorial_1200_v1,sdm_fake_0005__phonefact_g726_24k,0.38024214,0.98452985,0.995622
phone_factorial_1200_v1,sdm_fake_0005__phonefact_opus_nb_8k,0.21301284,0.9813361,0.98036146
phone_factorial_1200_v1,sdm_fake_0006__phonefact_resample8k,0.07543179,0.98369175,0.9812698
phone_factorial_1200_v1,sdm_fake_0006__phonefact_g711_ulaw,0.07815287,0.97304636,0.97456455
phone_factorial_1200_v1,sdm_fake_0006__phonefact_g726_24k,0.07238822,0.98019165,0.9781285
phone_factorial_1200_v1,sdm_fake_0006__phonefact_opus_nb_8k,0.093075514,0.9410201,0.92019767
phone_factorial_1200_v1,sdm_fake_0007__phonefact_resample8k,0.92626536,0.9655144,0.99816406
phone_factorial_1200_v1,sdm_fake_0007__phonefact_g711_ulaw,0.8108584,0.95715165,0.99758506
phone_factorial_1200_v1,sdm_fake_0007__phonefact_g726_24k,0.75126,0.9764671,0.99715304
phone_factorial_1200_v1,sdm_fake_0007__phonefact_opus_nb_8k,0.32177204,0.9701267,0.9887798
phone_factorial_1200_v1,sdm_fake_0008__phonefact_resample8k,0.056880195,0.9775919,0.9781436
phone_factorial_1200_v1,sdm_fake_0008__phonefact_g711_ulaw,0.063209414,0.97694695,0.97162193
phone_factorial_1200_v1,sdm_fake_0008__phonefact_g726_24k,0.06108648,0.9795796,0.9736867
phone_factorial_1200_v1,sdm_fake_0008__phonefact_opus_nb_8k,0.09705006,0.9493881,0.9267335
phone_factorial_1200_v1,sdm_fake_0009__phonefact_resample8k,0.84127927,0.9870868,0.9978256
phone_factorial_1200_v1,sdm_fake_0009__phonefact_g711_ulaw,0.61633694,0.9862813,0.9970678
phone_factorial_1200_v1,sdm_fake_0009__phonefact_g726_24k,0.7171316,0.9870664,0.9972292
phone_factorial_1200_v1,sdm_fake_0009__phonefact_opus_nb_8k,0.10881301,0.9851628,0.98598295
phone_factorial_1200_v1,sdm_fake_0010__phonefact_resample8k,0.07241058,0.9868314,0.9883112
phone_factorial_1200_v1,sdm_fake_0010__phonefact_g711_ulaw,0.08482185,0.9877257,0.98942274
phone_factorial_1200_v1,sdm_fake_0010__phonefact_g726_24k,0.09882895,0.9882336,0.99064493
phone_factorial_1200_v1,sdm_fake_0010__phonefact_opus_nb_8k,0.07354385,0.980331,0.9743999
phone_factorial_1200_v1,sdm_fake_0011__phonefact_resample8k,0.07565055,0.98727745,0.98816603
phone_factorial_1200_v1,sdm_fake_0011__phonefact_g711_ulaw,0.1176252,0.9833796,0.9913591
phone_factorial_1200_v1,sdm_fake_0011__phonefact_g726_24k,0.07158876,0.9855597,0.98504186
phone_factorial_1200_v1,sdm_fake_0011__phonefact_opus_nb_8k,0.12570998,0.8833467,0.9415035
phone_factorial_1200_v1,sdm_fake_0012__phonefact_resample8k,0.2915172,0.9857189,0.99089557
phone_factorial_1200_v1,sdm_fake_0012__phonefact_g711_ulaw,0.7616104,0.9816634,0.99573654
phone_factorial_1200_v1,sdm_fake_0012__phonefact_g726_24k,0.6074315,0.98566484,0.99563694
phone_factorial_1200_v1,sdm_fake_0012__phonefact_opus_nb_8k,0.12729165,0.96368754,0.97931266
phone_factorial_1200_v1,sdm_fake_0013__phonefact_resample8k,0.0843355,0.98936176,0.9918473
phone_factorial_1200_v1,sdm_fake_0013__phonefact_g711_ulaw,0.07343245,0.9854582,0.98179644
phone_factorial_1200_v1,sdm_fake_0013__phonefact_g726_24k,0.06834783,0.9852679,0.98509246
phone_factorial_1200_v1,sdm_fake_0013__phonefact_opus_nb_8k,0.12498233,0.9436233,0.91594493
phone_factorial_1200_v1,sdm_fake_0014__phonefact_resample8k,0.13541389,0.9842532,0.99127805
phone_factorial_1200_v1,sdm_fake_0014__phonefact_g711_ulaw,0.08259326,0.98531586,0.9889765
phone_factorial_1200_v1,sdm_fake_0014__phonefact_g726_24k,0.098413795,0.98775804,0.9916349
phone_factorial_1200_v1,sdm_fake_0014__phonefact_opus_nb_8k,0.124161415,0.96499616,0.94942796
phone_factorial_1200_v1,sdm_fake_0015__phonefact_resample8k,0.093161926,0.98887974,0.99256516
phone_factorial_1200_v1,sdm_fake_0015__phonefact_g711_ulaw,0.08771423,0.98757416,0.99040467
phone_factorial_1200_v1,sdm_fake_0015__phonefact_g726_24k,0.07134641,0.98623353,0.9858323
phone_factorial_1200_v1,sdm_fake_0015__phonefact_opus_nb_8k,0.08905176,0.95153075,0.93030095
phone_factorial_1200_v1,sdm_fake_0016__phonefact_resample8k,0.16060516,0.9655007,0.9647012
phone_factorial_1200_v1,sdm_fake_0016__phonefact_g711_ulaw,0.077261716,0.971663,0.95917463
phone_factorial_1200_v1,sdm_fake_0016__phonefact_g726_24k,0.06598607,0.9764136,0.96792823
phone_factorial_1200_v1,sdm_fake_0016__phonefact_opus_nb_8k,0.15091194,0.78302425,0.9039632
phone_factorial_1200_v1,sdm_fake_0017__phonefact_resample8k,0.1588118,0.9894058,0.993717
phone_factorial_1200_v1,sdm_fake_0017__phonefact_g711_ulaw,0.2699938,0.98642075,0.99446607
phone_factorial_1200_v1,sdm_fake_0017__phonefact_g726_24k,0.19474044,0.9863732,0.9942062
phone_factorial_1200_v1,sdm_fake_0017__phonefact_opus_nb_8k,0.070258655,0.98445106,0.98244673
phone_factorial_1200_v1,sdm_fake_0018__phonefact_resample8k,0.3912346,0.9809106,0.9962395
phone_factorial_1200_v1,sdm_fake_0018__phonefact_g711_ulaw,0.5060459,0.9803491,0.99309814
phone_factorial_1200_v1,sdm_fake_0018__phonefact_g726_24k,0.60743266,0.98167247,0.99287146
phone_factorial_1200_v1,sdm_fake_0018__phonefact_opus_nb_8k,0.29782957,0.9708516,0.9807238
phone_factorial_1200_v1,sdm_fake_0019__phonefact_resample8k,0.1115789,0.96707755,0.98027396
phone_factorial_1200_v1,sdm_fake_0019__phonefact_g711_ulaw,0.12764947,0.9573718,0.9827252
phone_factorial_1200_v1,sdm_fake_0019__phonefact_g726_24k,0.12886198,0.9782855,0.98078537
phone_factorial_1200_v1,sdm_fake_0019__phonefact_opus_nb_8k,0.12151666,0.97226137,0.95958865
phone_factorial_1200_v1,sdm_fake_0020__phonefact_resample8k,0.09895885,0.98513246,0.98800087
phone_factorial_1200_v1,sdm_fake_0020__phonefact_g711_ulaw,0.093400665,0.9832472,0.982349
phone_factorial_1200_v1,sdm_fake_0020__phonefact_g726_24k,0.07056055,0.9828123,0.9807463
phone_factorial_1200_v1,sdm_fake_0020__phonefact_opus_nb_8k,0.103927,0.97156,0.959072
phone_factorial_1200_v1,sdm_fake_0021__phonefact_resample8k,0.10000894,0.9888257,0.992063
phone_factorial_1200_v1,sdm_fake_0021__phonefact_g711_ulaw,0.11358182,0.9868698,0.98796576
phone_factorial_1200_v1,sdm_fake_0021__phonefact_g726_24k,0.0817902,0.98628205,0.9875022
phone_factorial_1200_v1,sdm_fake_0021__phonefact_opus_nb_8k,0.08907271,0.96681994,0.95407605
phone_factorial_1200_v1,sdm_fake_0022__phonefact_resample8k,0.14686108,0.9886426,0.99437225
phone_factorial_1200_v1,sdm_fake_0022__phonefact_g711_ulaw,0.12961905,0.98365974,0.9878807
phone_factorial_1200_v1,sdm_fake_0022__phonefact_g726_24k,0.098586574,0.9858865,0.98938936
phone_factorial_1200_v1,sdm_fake_0022__phonefact_opus_nb_8k,0.11199788,0.982882,0.98133296
phone_factorial_1200_v1,sdm_fake_0023__phonefact_resample8k,0.21894164,0.97978866,0.9921293
phone_factorial_1200_v1,sdm_fake_0023__phonefact_g711_ulaw,0.11021985,0.9802832,0.9842963
phone_factorial_1200_v1,sdm_fake_0023__phonefact_g726_24k,0.119749345,0.9742573,0.97165364
phone_factorial_1200_v1,sdm_fake_0023__phonefact_opus_nb_8k,0.14525916,0.88652873,0.8832428
phone_factorial_1200_v1,sdm_fake_0024__phonefact_resample8k,0.072653376,0.9633878,0.96009463
phone_factorial_1200_v1,sdm_fake_0024__phonefact_g711_ulaw,0.123924226,0.9749703,0.9714774
phone_factorial_1200_v1,sdm_fake_0024__phonefact_g726_24k,0.08043346,0.9806096,0.9765076
phone_factorial_1200_v1,sdm_fake_0024__phonefact_opus_nb_8k,0.074155204,0.9541167,0.92530674
phone_factorial_1200_v1,sdm_fake_0025__phonefact_resample8k,0.07641483,0.9863224,0.9857189
phone_factorial_1200_v1,sdm_fake_0025__phonefact_g711_ulaw,0.06618962,0.9794986,0.9710158
phone_factorial_1200_v1,sdm_fake_0025__phonefact_g726_24k,0.06712995,0.97984904,0.9721684
phone_factorial_1200_v1,sdm_fake_0025__phonefact_opus_nb_8k,0.08659337,0.9548609,0.9452227
phone_factorial_1200_v1,sdm_fake_0026__phonefact_resample8k,0.10992152,0.9886106,0.9927648
phone_factorial_1200_v1,sdm_fake_0026__phonefact_g711_ulaw,0.13733101,0.9750273,0.98241144
phone_factorial_1200_v1,sdm_fake_0026__phonefact_g726_24k,0.16582534,0.9798551,0.9835223
phone_factorial_1200_v1,sdm_fake_0026__phonefact_opus_nb_8k,0.14128822,0.951103,0.92863435
phone_factorial_1200_v1,sdm_fake_0027__phonefact_resample8k,0.12862097,0.9552267,0.97660327
phone_factorial_1200_v1,sdm_fake_0027__phonefact_g711_ulaw,0.22013171,0.9648483,0.979745
phone_factorial_1200_v1,sdm_fake_0027__phonefact_g726_24k,0.09923509,0.9806056,0.98673373
phone_factorial_1200_v1,sdm_fake_0027__phonefact_opus_nb_8k,0.0778691,0.97103935,0.97425294
phone_factorial_1200_v1,sdm_fake_0028__phonefact_resample8k,0.062581494,0.9866189,0.98886985
phone_factorial_1200_v1,sdm_fake_0028__phonefact_g711_ulaw,0.11750576,0.96324867,0.97481066
phone_factorial_1200_v1,sdm_fake_0028__phonefact_g726_24k,0.0756106,0.97244674,0.9798127
phone_factorial_1200_v1,sdm_fake_0028__phonefact_opus_nb_8k,0.1161201,0.9628758,0.9640311
phone_factorial_1200_v1,sdm_fake_0029__phonefact_resample8k,0.5969518,0.98765373,0.9962063
phone_factorial_1200_v1,sdm_fake_0029__phonefact_g711_ulaw,0.6610094,0.9852695,0.9973575
phone_factorial_1200_v1,sdm_fake_0029__phonefact_g726_24k,0.7120329,0.9792883,0.9969939
phone_factorial_1200_v1,sdm_fake_0029__phonefact_opus_nb_8k,0.2598321,0.9782391,0.9741682
phone_factorial_1200_v1,sdm_fake_0030__phonefact_resample8k,0.07746842,0.9859202,0.98613113
phone_factorial_1200_v1,sdm_fake_0030__phonefact_g711_ulaw,0.09097681,0.98473936,0.9830967
phone_factorial_1200_v1,sdm_fake_0030__phonefact_g726_24k,0.08200807,0.9858907,0.98621464
phone_factorial_1200_v1,sdm_fake_0030__phonefact_opus_nb_8k,0.065485194,0.98584056,0.9846651
phone_factorial_1200_v1,sdm_fake_0031__phonefact_resample8k,0.08395643,0.9904117,0.99227595
phone_factorial_1200_v1,sdm_fake_0031__phonefact_g711_ulaw,0.07977235,0.9898022,0.99162483
phone_factorial_1200_v1,sdm_fake_0031__phonefact_g726_24k,0.07786251,0.989769,0.99163383
phone_factorial_1200_v1,sdm_fake_0031__phonefact_opus_nb_8k,0.056536954,0.98386204,0.9801186
phone_factorial_1200_v1,sdm_fake_0032__phonefact_resample8k,0.09962888,0.8633087,0.7736667
phone_factorial_1200_v1,sdm_fake_0032__phonefact_g711_ulaw,0.10346921,0.5280587,0.44536778
phone_factorial_1200_v1,sdm_fake_0032__phonefact_g726_24k,0.10505816,0.5355275,0.4381245
phone_factorial_1200_v1,sdm_fake_0032__phonefact_opus_nb_8k,0.103242666,0.57387674,0.45400473
phone_factorial_1200_v1,sdm_fake_0033__phonefact_resample8k,0.09193369,0.98957676,0.99386626
phone_factorial_1200_v1,sdm_fake_0033__phonefact_g711_ulaw,0.1079106,0.98885465,0.9926095
phone_factorial_1200_v1,sdm_fake_0033__phonefact_g726_24k,0.08297923,0.9893792,0.994011
phone_factorial_1200_v1,sdm_fake_0033__phonefact_opus_nb_8k,0.062346645,0.9736841,0.96755147
phone_factorial_1200_v1,sdm_fake_0034__phonefact_resample8k,0.08528558,0.9846467,0.9876425
phone_factorial_1200_v1,sdm_fake_0034__phonefact_g711_ulaw,0.18021399,0.8831033,0.88558435
phone_factorial_1200_v1,sdm_fake_0034__phonefact_g726_24k,0.121453285,0.931261,0.92649156
phone_factorial_1200_v1,sdm_fake_0034__phonefact_opus_nb_8k,0.16535552,0.8269764,0.80903983
phone_factorial_1200_v1,sdm_fake_0035__phonefact_resample8k,0.16378498,0.9510765,0.95982945
phone_factorial_1200_v1,sdm_fake_0035__phonefact_g711_ulaw,0.077044174,0.97782815,0.97387916
phone_factorial_1200_v1,sdm_fake_0035__phonefact_g726_24k,0.07896843,0.9787891,0.97699004
phone_factorial_1200_v1,sdm_fake_0035__phonefact_opus_nb_8k,0.14082217,0.9511726,0.9294908
phone_factorial_1200_v1,sdm_fake_0036__phonefact_resample8k,0.22600873,0.95281196,0.9734835
phone_factorial_1200_v1,sdm_fake_0036__phonefact_g711_ulaw,0.9123584,0.58646697,0.9678017
phone_factorial_1200_v1,sdm_fake_0036__phonefact_g726_24k,0.8704877,0.7246774,0.97216177
phone_factorial_1200_v1,sdm_fake_0036__phonefact_opus_nb_8k,0.49865165,0.9550098,0.9662066
phone_factorial_1200_v1,sdm_fake_0037__phonefact_resample8k,0.29163057,0.9857862,0.99582165
phone_factorial_1200_v1,sdm_fake_0037__phonefact_g711_ulaw,0.37952334,0.98252785,0.99644345
phone_factorial_1200_v1,sdm_fake_0037__phonefact_g726_24k,0.39997527,0.9844953,0.9960022
phone_factorial_1200_v1,sdm_fake_0037__phonefact_opus_nb_8k,0.12419091,0.98566043,0.98699284
phone_factorial_1200_v1,sdm_fake_0038__phonefact_resample8k,0.09295214,0.9886281,0.9898372
phone_factorial_1200_v1,sdm_fake_0038__phonefact_g711_ulaw,0.080098026,0.9888158,0.99001265
phone_factorial_1200_v1,sdm_fake_0038__phonefact_g726_24k,0.087094516,0.98921865,0.9911401
phone_factorial_1200_v1,sdm_fake_0038__phonefact_opus_nb_8k,0.059845906,0.9841612,0.98002976
phone_factorial_1200_v1,sdm_fake_0039__phonefact_resample8k,0.07327579,0.9894925,0.99281114
phone_factorial_1200_v1,sdm_fake_0039__phonefact_g711_ulaw,0.065038905,0.9877218,0.9890757
phone_factorial_1200_v1,sdm_fake_0039__phonefact_g726_24k,0.06499054,0.9876651,0.98927736
phone_factorial_1200_v1,sdm_fake_0039__phonefact_opus_nb_8k,0.06407165,0.9706271,0.9737516
phone_factorial_1200_v1,sdm_fake_0040__phonefact_resample8k,0.81248313,0.95711035,0.9699631
phone_factorial_1200_v1,sdm_fake_0040__phonefact_g711_ulaw,0.9701214,0.9343398,0.98821354
phone_factorial_1200_v1,sdm_fake_0040__phonefact_g726_24k,0.5144193,0.9663096,0.9850065
phone_factorial_1200_v1,sdm_fake_0040__phonefact_opus_nb_8k,0.19324116,0.87848586,0.8932002
phone_factorial_1200_v1,sdm_fake_0041__phonefact_resample8k,0.11583246,0.9896476,0.9937182
phone_factorial_1200_v1,sdm_fake_0041__phonefact_g711_ulaw,0.06970129,0.987571,0.9885647
phone_factorial_1200_v1,sdm_fake_0041__phonefact_g726_24k,0.07520785,0.98778677,0.9892434
phone_factorial_1200_v1,sdm_fake_0041__phonefact_opus_nb_8k,0.115577735,0.9416136,0.9294442
phone_factorial_1200_v1,sdm_fake_0042__phonefact_resample8k,0.087500274,0.9896904,0.9922689
phone_factorial_1200_v1,sdm_fake_0042__phonefact_g711_ulaw,0.06676362,0.98734254,0.986027
phone_factorial_1200_v1,sdm_fake_0042__phonefact_g726_24k,0.06605316,0.9879374,0.98704004
phone_factorial_1200_v1,sdm_fake_0042__phonefact_opus_nb_8k,0.06261644,0.9634661,0.943788
phone_factorial_1200_v1,sdm_fake_0043__phonefact_resample8k,0.108995445,0.67459136,0.6529235
phone_factorial_1200_v1,sdm_fake_0043__phonefact_g711_ulaw,0.105867215,0.43724525,0.3985618
phone_factorial_1200_v1,sdm_fake_0043__phonefact_g726_24k,0.10821693,0.43920583,0.37585095
phone_factorial_1200_v1,sdm_fake_0043__phonefact_opus_nb_8k,0.11682097,0.32989255,0.43306243
phone_factorial_1200_v1,sdm_fake_0044__phonefact_resample8k,0.10890328,0.98809826,0.9917686
phone_factorial_1200_v1,sdm_fake_0044__phonefact_g711_ulaw,0.07767728,0.9880862,0.99142957
phone_factorial_1200_v1,sdm_fake_0044__phonefact_g726_24k,0.080966726,0.98721814,0.9906622
phone_factorial_1200_v1,sdm_fake_0044__phonefact_opus_nb_8k,0.07246765,0.97275966,0.9654284
phone_factorial_1200_v1,sdm_fake_0045__phonefact_resample8k,0.3348317,0.9850356,0.9962442
phone_factorial_1200_v1,sdm_fake_0045__phonefact_g711_ulaw,0.16669282,0.98575556,0.9944665
phone_factorial_1200_v1,sdm_fake_0045__phonefact_g726_24k,0.17082958,0.98496735,0.99310553
phone_factorial_1200_v1,sdm_fake_0045__phonefact_opus_nb_8k,0.11084039,0.9846611,0.98724204
phone_factorial_1200_v1,sdm_fake_0046__phonefact_resample8k,0.13853738,0.9891406,0.99460876
phone_factorial_1200_v1,sdm_fake_0046__phonefact_g711_ulaw,0.33790004,0.987057,0.99568117
phone_factorial_1200_v1,sdm_fake_0046__phonefact_g726_24k,0.14337957,0.98847556,0.9942635
phone_factorial_1200_v1,sdm_fake_0046__phonefact_opus_nb_8k,0.10431308,0.94264984,0.97974575
phone_factorial_1200_v1,sdm_fake_0047__phonefact_resample8k,0.19818097,0.9811181,0.9871658
phone_factorial_1200_v1,sdm_fake_0047__phonefact_g711_ulaw,0.5104961,0.9715487,0.9741015
phone_factorial_1200_v1,sdm_fake_0047__phonefact_g726_24k,0.5430492,0.97878903,0.98664004
phone_factorial_1200_v1,sdm_fake_0047__phonefact_opus_nb_8k,0.14099702,0.953364,0.9512101
phone_factorial_1200_v1,sdm_fake_0048__phonefact_resample8k,0.2163633,0.9880134,0.99531233
phone_factorial_1200_v1,sdm_fake_0048__phonefact_g711_ulaw,0.69776195,0.9753071,0.9958225
phone_factorial_1200_v1,sdm_fake_0048__phonefact_g726_24k,0.5764955,0.9842274,0.9956643
phone_factorial_1200_v1,sdm_fake_0048__phonefact_opus_nb_8k,0.15739895,0.975444,0.9892623
phone_factorial_1200_v1,sdm_fake_0049__phonefact_resample8k,0.08329731,0.98787254,0.992583
phone_factorial_1200_v1,sdm_fake_0049__phonefact_g711_ulaw,0.15866236,0.98459035,0.9883314
phone_factorial_1200_v1,sdm_fake_0049__phonefact_g726_24k,0.18015592,0.98635006,0.9881754
phone_factorial_1200_v1,sdm_fake_0049__phonefact_opus_nb_8k,0.21515806,0.9816621,0.97631377
phone_factorial_1200_v1,voice_0000__phonefact_resample8k,0.10640322,0.12684752,0.15709442
phone_factorial_1200_v1,voice_0000__phonefact_g711_ulaw,0.10358684,0.12416621,0.15446548
phone_factorial_1200_v1,voice_0000__phonefact_g726_24k,0.10514562,0.24985474,0.23082006
phone_factorial_1200_v1,voice_0000__phonefact_opus_nb_8k,0.107545115,0.22182423,0.2143475
phone_factorial_1200_v1,voice_0001__phonefact_resample8k,0.997601,0.82986176,0.9961396
phone_factorial_1200_v1,voice_0001__phonefact_g711_ulaw,0.9989732,0.63825774,0.9975958
phone_factorial_1200_v1,voice_0001__phonefact_g726_24k,0.9948072,0.4979896,0.99165833
phone_factorial_1200_v1,voice_0001__phonefact_opus_nb_8k,0.9335644,0.65079176,0.960964
phone_factorial_1200_v1,voice_0002__phonefact_resample8k,0.10552966,0.6927316,0.5726001
phone_factorial_1200_v1,voice_0002__phonefact_g711_ulaw,0.11591273,0.6297539,0.5307528
phone_factorial_1200_v1,voice_0002__phonefact_g726_24k,0.11257916,0.65406185,0.5508999
phone_factorial_1200_v1,voice_0002__phonefact_opus_nb_8k,0.13300209,0.6280463,0.5201789
phone_factorial_1200_v1,voice_0003__phonefact_resample8k,0.099093035,0.19650663,0.25620267
phone_factorial_1200_v1,voice_0003__phonefact_g711_ulaw,0.096595965,0.15913309,0.18246196
phone_factorial_1200_v1,voice_0003__phonefact_g726_24k,0.09952285,0.17074402,0.17942342
phone_factorial_1200_v1,voice_0003__phonefact_opus_nb_8k,0.110000834,0.3411114,0.39017466
phone_factorial_1200_v1,voice_0004__phonefact_resample8k,0.9960508,0.8647469,0.99500006
phone_factorial_1200_v1,voice_0004__phonefact_g711_ulaw,0.99874616,0.45200706,0.99772835
phone_factorial_1200_v1,voice_0004__phonefact_g726_24k,0.9988106,0.24578047,0.9979537
phone_factorial_1200_v1,voice_0004__phonefact_opus_nb_8k,0.99399954,0.8069453,0.99698
phone_factorial_1200_v1,voice_0005__phonefact_resample8k,0.10281648,0.4011553,0.3615325
phone_factorial_1200_v1,voice_0005__phonefact_g711_ulaw,0.1047192,0.37323824,0.31187254
phone_factorial_1200_v1,voice_0005__phonefact_g726_24k,0.09903517,0.18510114,0.1924745
phone_factorial_1200_v1,voice_0005__phonefact_opus_nb_8k,0.15294662,0.51496994,0.48099563
phone_factorial_1200_v1,voice_0006__phonefact_resample8k,0.09989831,0.21889609,0.23651053
phone_factorial_1200_v1,voice_0006__phonefact_g711_ulaw,0.10021456,0.16609722,0.20249726
phone_factorial_1200_v1,voice_0006__phonefact_g726_24k,0.104733415,0.22341722,0.37488642
phone_factorial_1200_v1,voice_0006__phonefact_opus_nb_8k,0.19251649,0.38088483,0.47068432
phone_factorial_1200_v1,voice_0007__phonefact_resample8k,0.10323964,0.17130949,0.17790586
phone_factorial_1200_v1,voice_0007__phonefact_g711_ulaw,0.10192644,0.15020272,0.16392897
phone_factorial_1200_v1,voice_0007__phonefact_g726_24k,0.09829495,0.11458046,0.14403118
phone_factorial_1200_v1,voice_0007__phonefact_opus_nb_8k,0.1067898,0.13400276,0.17033406
phone_factorial_1200_v1,voice_0008__phonefact_resample8k,0.1067898,0.70618117,0.5995482
phone_factorial_1200_v1,voice_0008__phonefact_g711_ulaw,0.10365777,0.79601717,0.6893653
phone_factorial_1200_v1,voice_0008__phonefact_g726_24k,0.1098383,0.4356271,0.3577306
phone_factorial_1200_v1,voice_0008__phonefact_opus_nb_8k,0.12804003,0.720694,0.6339102
phone_factorial_1200_v1,voice_0009__phonefact_resample8k,0.9954158,0.5786253,0.99737513
phone_factorial_1200_v1,voice_0009__phonefact_g711_ulaw,0.99783206,0.35238832,0.9977782
phone_factorial_1200_v1,voice_0009__phonefact_g726_24k,0.945092,0.4421462,0.982599
phone_factorial_1200_v1,voice_0009__phonefact_opus_nb_8k,0.99803495,0.8146675,0.9964181
phone_factorial_1200_v1,voice_0010__phonefact_resample8k,0.10126513,0.3063388,0.28330234
phone_factorial_1200_v1,voice_0010__phonefact_g711_ulaw,0.101386905,0.23758848,0.23910093
phone_factorial_1200_v1,voice_0010__phonefact_g726_24k,0.09903517,0.18739347,0.20863637
phone_factorial_1200_v1,voice_0010__phonefact_opus_nb_8k,0.10722467,0.35028866,0.38282603
phone_factorial_1200_v1,voice_0011__phonefact_resample8k,0.112493634,0.33356157,0.45763245
phone_factorial_1200_v1,voice_0011__phonefact_g711_ulaw,0.109434314,0.31339696,0.52363986
phone_factorial_1200_v1,voice_0011__phonefact_g726_24k,0.11806053,0.45598224,0.5970804
phone_factorial_1200_v1,voice_0011__phonefact_opus_nb_8k,0.38159928,0.6148013,0.9829283
phone_factorial_1200_v1,voice_0012__phonefact_resample8k,0.10611613,0.23642398,0.21290934
phone_factorial_1200_v1,voice_0012__phonefact_g711_ulaw,0.10404943,0.27426758,0.23755395
phone_factorial_1200_v1,voice_0012__phonefact_g726_24k,0.10463764,0.26062146,0.23496316
phone_factorial_1200_v1,voice_0012__phonefact_opus_nb_8k,0.1414274,0.4949347,0.45184907
phone_factorial_1200_v1,voice_0013__phonefact_resample8k,0.11405867,0.8676577,0.89770424
phone_factorial_1200_v1,voice_0013__phonefact_g711_ulaw,0.10743204,0.3245627,0.3152418
phone_factorial_1200_v1,voice_0013__phonefact_g726_24k,0.09975048,0.19455768,0.27920598
phone_factorial_1200_v1,voice_0013__phonefact_opus_nb_8k,0.105742075,0.36510292,0.4041649
phone_factorial_1200_v1,voice_0014__phonefact_resample8k,0.625269,0.8619662,0.96367174
phone_factorial_1200_v1,voice_0014__phonefact_g711_ulaw,0.7867223,0.8610023,0.9852718
phone_factorial_1200_v1,voice_0014__phonefact_g726_24k,0.13713317,0.5221448,0.86107224
phone_factorial_1200_v1,voice_0014__phonefact_opus_nb_8k,0.9093268,0.84895015,0.9954259
phone_factorial_1200_v1,voice_0015__phonefact_resample8k,0.077629454,0.93323636,0.90356684
phone_factorial_1200_v1,voice_0015__phonefact_g711_ulaw,0.10550509,0.28648853,0.26771438
phone_factorial_1200_v1,voice_0015__phonefact_g726_24k,0.10433122,0.22487143,0.2216201
phone_factorial_1200_v1,voice_0015__phonefact_opus_nb_8k,0.10433122,0.15283972,0.17328821
phone_factorial_1200_v1,voice_0016__phonefact_resample8k,0.10253144,0.12063191,0.15099661
phone_factorial_1200_v1,voice_0016__phonefact_g711_ulaw,0.10299068,0.108158685,0.14060694
phone_factorial_1200_v1,voice_0016__phonefact_g726_24k,0.103490196,0.1322011,0.15500195
phone_factorial_1200_v1,voice_0016__phonefact_opus_nb_8k,0.11155786,0.14779796,0.17279403
phone_factorial_1200_v1,voice_0017__phonefact_resample8k,0.101741865,0.34615245,0.28596509
phone_factorial_1200_v1,voice_0017__phonefact_g711_ulaw,0.10365777,0.4503829,0.35586083
phone_factorial_1200_v1,voice_0017__phonefact_g726_24k,0.10449678,0.32644203,0.27152774
phone_factorial_1200_v1,voice_0017__phonefact_opus_nb_8k,0.11093324,0.42306384,0.35206175
phone_factorial_1200_v1,voice_0018__phonefact_resample8k,0.16918385,0.6574674,0.83114165
phone_factorial_1200_v1,voice_0018__phonefact_g711_ulaw,0.19624454,0.5871691,0.49702078
phone_factorial_1200_v1,voice_0018__phonefact_g726_24k,0.3172401,0.38521922,0.52444774
phone_factorial_1200_v1,voice_0018__phonefact_opus_nb_8k,0.30651382,0.88647985,0.8125106
phone_factorial_1200_v1,voice_0019__phonefact_resample8k,0.116292335,0.32831234,0.28858027
phone_factorial_1200_v1,voice_0019__phonefact_g711_ulaw,0.09929326,0.22006989,0.2066978
phone_factorial_1200_v1,voice_0019__phonefact_g726_24k,0.101357825,0.18534398,0.5108618
phone_factorial_1200_v1,voice_0019__phonefact_opus_nb_8k,0.11646506,0.22746438,0.31128305
phone_factorial_1200_v1,voice_0020__phonefact_resample8k,0.101741865,0.11602181,0.14910774
phone_factorial_1200_v1,voice_0020__phonefact_g711_ulaw,0.09870444,0.10709157,0.14083205
phone_factorial_1200_v1,voice_0020__phonefact_g726_24k,0.099819124,0.13028672,0.16305043
phone_factorial_1200_v1,voice_0020__phonefact_opus_nb_8k,0.11050107,0.18851042,0.19275095
phone_factorial_1200_v1,voice_0021__phonefact_resample8k,0.5962024,0.67783,0.85882086
phone_factorial_1200_v1,voice_0021__phonefact_g711_ulaw,0.99911684,0.08516866,0.9987396
phone_factorial_1200_v1,voice_0021__phonefact_g726_24k,0.9970713,0.37709495,0.99739623
phone_factorial_1200_v1,voice_0021__phonefact_opus_nb_8k,0.99916774,0.05445235,0.99873674
phone_factorial_1200_v1,voice_0022__phonefact_resample8k,0.103775784,0.29807478,0.26181483
phone_factorial_1200_v1,voice_0022__phonefact_g711_ulaw,0.1098383,0.29452828,0.2824226
phone_factorial_1200_v1,voice_0022__phonefact_g726_24k,0.13199784,0.4348909,0.42151165
phone_factorial_1200_v1,voice_0022__phonefact_opus_nb_8k,0.52631396,0.5279417,0.7103456
phone_factorial_1200_v1,voice_0023__phonefact_resample8k,0.13242358,0.7041592,0.6668851
phone_factorial_1200_v1,voice_0023__phonefact_g711_ulaw,0.2666389,0.503171,0.5159548
phone_factorial_1200_v1,voice_0023__phonefact_g726_24k,0.11256349,0.48276117,0.41567376
phone_factorial_1200_v1,voice_0023__phonefact_opus_nb_8k,0.95723194,0.5807412,0.9913768
phone_factorial_1200_v1,voice_0024__phonefact_resample8k,0.109434314,0.6506816,0.5350485
phone_factorial_1200_v1,voice_0024__phonefact_g711_ulaw,0.107545115,0.19850707,0.20978728
phone_factorial_1200_v1,voice_0024__phonefact_g726_24k,0.1077247,0.1344422,0.16870467
phone_factorial_1200_v1,voice_0024__phonefact_opus_nb_8k,0.11464273,0.3946568,0.3373014
phone_factorial_1200_v1,voice_0025__phonefact_resample8k,0.10442848,0.26592895,0.24501598
phone_factorial_1200_v1,voice_0025__phonefact_g711_ulaw,0.12099499,0.3207363,0.32497096
phone_factorial_1200_v1,voice_0025__phonefact_g726_24k,0.20842655,0.44246885,0.51540786
phone_factorial_1200_v1,voice_0025__phonefact_opus_nb_8k,0.82390213,0.55948293,0.88321126
phone_factorial_1200_v1,voice_0026__phonefact_resample8k,0.12260313,0.721739,0.6253294
phone_factorial_1200_v1,voice_0026__phonefact_g711_ulaw,0.16239725,0.60966754,0.57682335
phone_factorial_1200_v1,voice_0026__phonefact_g726_24k,0.13538499,0.49963436,0.41152892
phone_factorial_1200_v1,voice_0026__phonefact_opus_nb_8k,0.13275595,0.5935165,0.5652296
phone_factorial_1200_v1,voice_0027__phonefact_resample8k,0.1215302,0.52587885,0.4527407
phone_factorial_1200_v1,voice_0027__phonefact_g711_ulaw,0.1416258,0.51996124,0.5197731
phone_factorial_1200_v1,voice_0027__phonefact_g726_24k,0.1999758,0.51375604,0.52769905
phone_factorial_1200_v1,voice_0027__phonefact_opus_nb_8k,0.16001959,0.59559435,0.5475563
phone_factorial_1200_v1,voice_0028__phonefact_resample8k,0.10164486,0.27854395,0.2500197
phone_factorial_1200_v1,voice_0028__phonefact_g711_ulaw,0.108755566,0.23981234,0.25084436
phone_factorial_1200_v1,voice_0028__phonefact_g726_24k,0.16141456,0.35879505,0.3676788
phone_factorial_1200_v1,voice_0028__phonefact_opus_nb_8k,0.63535917,0.5409364,0.8400011
phone_factorial_1200_v1,voice_0029__phonefact_resample8k,0.115884066,0.8220791,0.7578313
phone_factorial_1200_v1,voice_0029__phonefact_g711_ulaw,0.1096202,0.53381485,0.44103447
phone_factorial_1200_v1,voice_0029__phonefact_g726_24k,0.11200281,0.5388932,0.45150068
phone_factorial_1200_v1,voice_0029__phonefact_opus_nb_8k,0.12418818,0.8647456,0.832453
phone_factorial_1200_v1,voice_0030__phonefact_resample8k,0.10767984,0.26851055,0.31201908
phone_factorial_1200_v1,voice_0030__phonefact_g711_ulaw,0.10646972,0.20665014,0.21456952
phone_factorial_1200_v1,voice_0030__phonefact_g726_24k,0.09879971,0.13413653,0.16057459
phone_factorial_1200_v1,voice_0030__phonefact_opus_nb_8k,0.6734934,0.35552144,0.74264896
phone_factorial_1200_v1,voice_0031__phonefact_resample8k,0.10770243,0.6706477,0.55402505
phone_factorial_1200_v1,voice_0031__phonefact_g711_ulaw,0.11527756,0.5463298,0.55919355
phone_factorial_1200_v1,voice_0031__phonefact_g726_24k,0.11136025,0.29790702,0.434071
phone_factorial_1200_v1,voice_0031__phonefact_opus_nb_8k,0.11217209,0.37227935,0.33377576
phone_factorial_1200_v1,voice_0032__phonefact_resample8k,0.12788562,0.73034424,0.647978
phone_factorial_1200_v1,voice_0032__phonefact_g711_ulaw,0.4521962,0.62025183,0.7801788
phone_factorial_1200_v1,voice_0032__phonefact_g726_24k,0.15500942,0.65679497,0.62172884
phone_factorial_1200_v1,voice_0032__phonefact_opus_nb_8k,0.9715371,0.55832654,0.9841434
phone_factorial_1200_v1,voice_0033__phonefact_resample8k,0.1067898,0.6573144,0.52862614
phone_factorial_1200_v1,voice_0033__phonefact_g711_ulaw,0.11165365,0.40622762,0.3663263
phone_factorial_1200_v1,voice_0033__phonefact_g726_24k,0.10751313,0.2597848,0.25700393
phone_factorial_1200_v1,voice_0033__phonefact_opus_nb_8k,0.1074957,0.4615849,0.39136896
phone_factorial_1200_v1,voice_0034__phonefact_resample8k,0.10893211,0.66868335,0.5525068
phone_factorial_1200_v1,voice_0034__phonefact_g711_ulaw,0.11171446,0.56716835,0.46441406
phone_factorial_1200_v1,voice_0034__phonefact_g726_24k,0.111078404,0.33296818,0.30826944
phone_factorial_1200_v1,voice_0034__phonefact_opus_nb_8k,0.20304635,0.6531133,0.6460074
phone_factorial_1200_v1,voice_0035__phonefact_resample8k,0.11155791,0.50788456,0.46771178
phone_factorial_1200_v1,voice_0035__phonefact_g711_ulaw,0.10609698,0.25341505,0.25930825
phone_factorial_1200_v1,voice_0035__phonefact_g726_24k,0.10533693,0.23082425,0.22559662
phone_factorial_1200_v1,voice_0035__phonefact_opus_nb_8k,0.115076736,0.44831878,0.43578565
phone_factorial_1200_v1,voice_0036__phonefact_resample8k,0.18716103,0.66628295,0.6605709
phone_factorial_1200_v1,voice_0036__phonefact_g711_ulaw,0.11801305,0.5638801,0.5890935
phone_factorial_1200_v1,voice_0036__phonefact_g726_24k,0.12028442,0.41300747,0.43493405
phone_factorial_1200_v1,voice_0036__phonefact_opus_nb_8k,0.9782314,0.7161846,0.992702
phone_factorial_1200_v1,voice_0037__phonefact_resample8k,0.1067898,0.4539145,0.44843474
phone_factorial_1200_v1,voice_0037__phonefact_g711_ulaw,0.116399445,0.65956014,0.56409204
phone_factorial_1200_v1,voice_0037__phonefact_g726_24k,0.14006492,0.79907256,0.76016575
phone_factorial_1200_v1,voice_0037__phonefact_opus_nb_8k,0.12402069,0.74140924,0.743405
phone_factorial_1200_v1,voice_0038__phonefact_resample8k,0.52907366,0.7046761,0.93277264
phone_factorial_1200_v1,voice_0038__phonefact_g711_ulaw,0.3907085,0.7930806,0.88393456
phone_factorial_1200_v1,voice_0038__phonefact_g726_24k,0.19179481,0.6259482,0.62210363
phone_factorial_1200_v1,voice_0038__phonefact_opus_nb_8k,0.9882292,0.77099776,0.99765944
phone_factorial_1200_v1,voice_0039__phonefact_resample8k,0.35678697,0.6892397,0.8424085
phone_factorial_1200_v1,voice_0039__phonefact_g711_ulaw,0.11866091,0.38275537,0.42265573
phone_factorial_1200_v1,voice_0039__phonefact_g726_24k,0.12637965,0.410368,0.56675214
phone_factorial_1200_v1,voice_0039__phonefact_opus_nb_8k,0.1252262,0.37761277,0.35097966
phone_factorial_1200_v1,voice_0040__phonefact_resample8k,0.20605022,0.87473214,0.8880908
phone_factorial_1200_v1,voice_0040__phonefact_g711_ulaw,0.9343365,0.47992173,0.94011426
phone_factorial_1200_v1,voice_0040__phonefact_g726_24k,0.67777616,0.8019545,0.9071126
phone_factorial_1200_v1,voice_0040__phonefact_opus_nb_8k,0.9947166,0.5206615,0.9957646
phone_factorial_1200_v1,voice_0041__phonefact_resample8k,0.961958,0.8327628,0.98476297
phone_factorial_1200_v1,voice_0041__phonefact_g711_ulaw,0.8344884,0.3467018,0.87981236
phone_factorial_1200_v1,voice_0041__phonefact_g726_24k,0.64686567,0.40217808,0.77025616
phone_factorial_1200_v1,voice_0041__phonefact_opus_nb_8k,0.75590175,0.54667,0.9099399
phone_factorial_1200_v1,voice_0042__phonefact_resample8k,0.10552966,0.7167643,0.7077101
phone_factorial_1200_v1,voice_0042__phonefact_g711_ulaw,0.10699993,0.5296247,0.43717748
phone_factorial_1200_v1,voice_0042__phonefact_g726_24k,0.10494414,0.33052886,0.33069816
phone_factorial_1200_v1,voice_0042__phonefact_opus_nb_8k,0.11096144,0.62967974,0.5323871
phone_factorial_1200_v1,voice_0043__phonefact_resample8k,0.11056415,0.47312757,0.4277996
phone_factorial_1200_v1,voice_0043__phonefact_g711_ulaw,0.10494414,0.32855678,0.30157256
phone_factorial_1200_v1,voice_0043__phonefact_g726_24k,0.10365777,0.25206834,0.23429008
phone_factorial_1200_v1,voice_0043__phonefact_opus_nb_8k,0.10741768,0.35960537,0.30110145
phone_factorial_1200_v1,voice_0044__phonefact_resample8k,0.10117605,0.20404139,0.2056822
phone_factorial_1200_v1,voice_0044__phonefact_g711_ulaw,0.09848293,0.14548706,0.17306739
phone_factorial_1200_v1,voice_0044__phonefact_g726_24k,0.09726246,0.11287856,0.17050453
phone_factorial_1200_v1,voice_0044__phonefact_opus_nb_8k,0.103012115,0.21437469,0.20806757
phone_factorial_1200_v1,voice_0045__phonefact_resample8k,0.10255334,0.25781757,0.2399384
phone_factorial_1200_v1,voice_0045__phonefact_g711_ulaw,0.099430755,0.2425616,0.22386123
phone_factorial_1200_v1,voice_0045__phonefact_g726_24k,0.09990957,0.20036027,0.20800747
phone_factorial_1200_v1,voice_0045__phonefact_opus_nb_8k,0.23488815,0.41453314,0.47835615
phone_factorial_1200_v1,voice_0046__phonefact_resample8k,0.22399552,0.8108818,0.8358491
phone_factorial_1200_v1,voice_0046__phonefact_g711_ulaw,0.14989018,0.37227747,0.37229502
phone_factorial_1200_v1,voice_0046__phonefact_g726_24k,0.20308623,0.5114926,0.5295496
phone_factorial_1200_v1,voice_0046__phonefact_opus_nb_8k,0.26770207,0.49809447,0.67114246
phone_factorial_1200_v1,voice_0047__phonefact_resample8k,0.105265856,0.4139286,0.33859554
phone_factorial_1200_v1,voice_0047__phonefact_g711_ulaw,0.108743645,0.7694624,0.6506458
phone_factorial_1200_v1,voice_0047__phonefact_g726_24k,0.09767702,0.82021105,0.70517975
phone_factorial_1200_v1,voice_0047__phonefact_opus_nb_8k,0.1179033,0.7435156,0.6663003
phone_factorial_1200_v1,voice_0048__phonefact_resample8k,0.10255334,0.3261727,0.2767942
phone_factorial_1200_v1,voice_0048__phonefact_g711_ulaw,0.11603536,0.44192606,0.4224581
phone_factorial_1200_v1,voice_0048__phonefact_g726_24k,0.1436605,0.3478808,0.40556565
phone_factorial_1200_v1,voice_0048__phonefact_opus_nb_8k,0.31803113,0.7233561,0.7911262
phone_factorial_1200_v1,voice_0049__phonefact_resample8k,0.10671541,0.23123334,0.21914685
phone_factorial_1200_v1,voice_0049__phonefact_g711_ulaw,0.11344332,0.30388492,0.32592106
phone_factorial_1200_v1,voice_0049__phonefact_g726_24k,0.11519163,0.30739018,0.2927017
phone_factorial_1200_v1,voice_0049__phonefact_opus_nb_8k,0.12480831,0.29869002,0.276598
phone_factorial_1200_v1,voice_0100__phonefact_resample8k,0.99867713,0.13184445,0.9987239
phone_factorial_1200_v1,voice_0100__phonefact_g711_ulaw,0.99900335,0.11676805,0.99876565
phone_factorial_1200_v1,voice_0100__phonefact_g726_24k,0.9990358,0.21831013,0.9987521
phone_factorial_1200_v1,voice_0100__phonefact_opus_nb_8k,0.99892664,0.11452919,0.9987525
phone_factorial_1200_v1,voice_0101__phonefact_resample8k,0.9973311,0.27497807,0.9980627
phone_factorial_1200_v1,voice_0101__phonefact_g711_ulaw,0.99868774,0.09052147,0.9981864
phone_factorial_1200_v1,voice_0101__phonefact_g726_24k,0.9966041,0.21374331,0.997299
phone_factorial_1200_v1,voice_0101__phonefact_opus_nb_8k,0.9965677,0.43198663,0.996399
phone_factorial_1200_v1,voice_0102__phonefact_resample8k,0.99195254,0.51091814,0.99880165
phone_factorial_1200_v1,voice_0102__phonefact_g711_ulaw,0.998828,0.18063647,0.99876374
phone_factorial_1200_v1,voice_0102__phonefact_g726_24k,0.9797582,0.6654169,0.9984407
phone_factorial_1200_v1,voice_0102__phonefact_opus_nb_8k,0.898621,0.87543505,0.9984101
phone_factorial_1200_v1,voice_0103__phonefact_resample8k,0.98266697,0.6188111,0.99861085
phone_factorial_1200_v1,voice_0103__phonefact_g711_ulaw,0.99807686,0.2777235,0.9987984
phone_factorial_1200_v1,voice_0103__phonefact_g726_24k,0.9986145,0.44961345,0.99847084
phone_factorial_1200_v1,voice_0103__phonefact_opus_nb_8k,0.9984692,0.4451317,0.9986651
phone_factorial_1200_v1,voice_0104__phonefact_resample8k,0.9985637,0.6776032,0.9986971
phone_factorial_1200_v1,voice_0104__phonefact_g711_ulaw,0.9992691,0.6163366,0.99885345
phone_factorial_1200_v1,voice_0104__phonefact_g726_24k,0.9992127,0.6525524,0.99878013
phone_factorial_1200_v1,voice_0104__phonefact_opus_nb_8k,0.9987018,0.6843915,0.99862957
phone_factorial_1200_v1,voice_0105__phonefact_resample8k,0.99870765,0.12592275,0.99857193
phone_factorial_1200_v1,voice_0105__phonefact_g711_ulaw,0.99947417,0.019359928,0.9989932
phone_factorial_1200_v1,voice_0105__phonefact_g726_24k,0.99913335,0.05277494,0.9986415
phone_factorial_1200_v1,voice_0105__phonefact_opus_nb_8k,0.9986415,0.12319672,0.99842197
phone_factorial_1200_v1,voice_0106__phonefact_resample8k,0.23876725,0.9723035,0.98588955
phone_factorial_1200_v1,voice_0106__phonefact_g711_ulaw,0.3465988,0.9646445,0.96677464
phone_factorial_1200_v1,voice_0106__phonefact_g726_24k,0.2905842,0.95607823,0.9728308
phone_factorial_1200_v1,voice_0106__phonefact_opus_nb_8k,0.28756616,0.910565,0.9219089
phone_factorial_1200_v1,voice_0107__phonefact_resample8k,0.99880993,0.23392662,0.9985894
phone_factorial_1200_v1,voice_0107__phonefact_g711_ulaw,0.999119,0.09679026,0.99844235
phone_factorial_1200_v1,voice_0107__phonefact_g726_24k,0.9991129,0.05500789,0.9984118
phone_factorial_1200_v1,voice_0107__phonefact_opus_nb_8k,0.9989523,0.115831025,0.99840146
phone_factorial_1200_v1,voice_0108__phonefact_resample8k,0.9989759,0.11780339,0.9987642
phone_factorial_1200_v1,voice_0108__phonefact_g711_ulaw,0.9994646,0.09363137,0.9989025
phone_factorial_1200_v1,voice_0108__phonefact_g726_24k,0.9988653,0.7114726,0.9980307
phone_factorial_1200_v1,voice_0108__phonefact_opus_nb_8k,0.9983823,0.23474468,0.99786025
phone_factorial_1200_v1,voice_0109__phonefact_resample8k,0.781677,0.9611943,0.9971453
phone_factorial_1200_v1,voice_0109__phonefact_g711_ulaw,0.81087375,0.9689755,0.9956613
phone_factorial_1200_v1,voice_0109__phonefact_g726_24k,0.65893346,0.9134049,0.9869808
phone_factorial_1200_v1,voice_0109__phonefact_opus_nb_8k,0.6215546,0.8919098,0.94170254
phone_factorial_1200_v1,voice_0110__phonefact_resample8k,0.99862283,0.16551043,0.9984413
phone_factorial_1200_v1,voice_0110__phonefact_g711_ulaw,0.9994571,0.020800678,0.99892753
phone_factorial_1200_v1,voice_0110__phonefact_g726_24k,0.9991269,0.05073459,0.9984875
phone_factorial_1200_v1,voice_0110__phonefact_opus_nb_8k,0.9990444,0.07437189,0.998353
phone_factorial_1200_v1,voice_0111__phonefact_resample8k,0.9988653,0.45279384,0.99898386
phone_factorial_1200_v1,voice_0111__phonefact_g711_ulaw,0.9991161,0.4808837,0.9989493
phone_factorial_1200_v1,voice_0111__phonefact_g726_24k,0.9989206,0.44998997,0.99893737
phone_factorial_1200_v1,voice_0111__phonefact_opus_nb_8k,0.99861443,0.5252603,0.99891555
phone_factorial_1200_v1,voice_0112__phonefact_resample8k,0.87127256,0.9029871,0.9981607
phone_factorial_1200_v1,voice_0112__phonefact_g711_ulaw,0.99444425,0.6721978,0.9972455
phone_factorial_1200_v1,voice_0112__phonefact_g726_24k,0.9903587,0.77167827,0.99539036
phone_factorial_1200_v1,voice_0112__phonefact_opus_nb_8k,0.71093214,0.84157693,0.9856421
phone_factorial_1200_v1,voice_0113__phonefact_resample8k,0.99283814,0.5527411,0.9922785
phone_factorial_1200_v1,voice_0113__phonefact_g711_ulaw,0.53845626,0.6349307,0.7392861
phone_factorial_1200_v1,voice_0113__phonefact_g726_24k,0.6657688,0.5908841,0.8464303
phone_factorial_1200_v1,voice_0113__phonefact_opus_nb_8k,0.19672813,0.47381732,0.42710048
phone_factorial_1200_v1,voice_0114__phonefact_resample8k,0.9627322,0.58266276,0.9988902
phone_factorial_1200_v1,voice_0114__phonefact_g711_ulaw,0.9708106,0.5459813,0.9989665
phone_factorial_1200_v1,voice_0114__phonefact_g726_24k,0.98172426,0.55904865,0.9989557
phone_factorial_1200_v1,voice_0114__phonefact_opus_nb_8k,0.9752885,0.5784227,0.9988964
phone_factorial_1200_v1,voice_0115__phonefact_resample8k,0.9970713,0.6568057,0.99867713
phone_factorial_1200_v1,voice_0115__phonefact_g711_ulaw,0.9989732,0.5690586,0.998923
phone_factorial_1200_v1,voice_0115__phonefact_g726_24k,0.99880725,0.5637487,0.99878275
phone_factorial_1200_v1,voice_0115__phonefact_opus_nb_8k,0.9989732,0.42972076,0.9989034
phone_factorial_1200_v1,voice_0116__phonefact_resample8k,0.99839777,0.22476968,0.9990265
phone_factorial_1200_v1,voice_0116__phonefact_g711_ulaw,0.99823356,0.31181526,0.9990196
phone_factorial_1200_v1,voice_0116__phonefact_g726_24k,0.9962474,0.35158217,0.998999
phone_factorial_1200_v1,voice_0116__phonefact_opus_nb_8k,0.9944704,0.36797687,0.9990066
phone_factorial_1200_v1,voice_0117__phonefact_resample8k,0.9981333,0.38297498,0.99856097
phone_factorial_1200_v1,voice_0117__phonefact_g711_ulaw,0.99914885,0.069060944,0.998657
phone_factorial_1200_v1,voice_0117__phonefact_g726_24k,0.9990236,0.34700727,0.99858093
phone_factorial_1200_v1,voice_0117__phonefact_opus_nb_8k,0.99706817,0.34270468,0.9982269
phone_factorial_1200_v1,voice_0118__phonefact_resample8k,0.99480724,0.59979475,0.9988448
phone_factorial_1200_v1,voice_0118__phonefact_g711_ulaw,0.9986361,0.44542024,0.99892914
phone_factorial_1200_v1,voice_0118__phonefact_g726_24k,0.9973657,0.5879019,0.99875474
phone_factorial_1200_v1,voice_0118__phonefact_opus_nb_8k,0.99582875,0.68709254,0.9986346
phone_factorial_1200_v1,voice_0119__phonefact_resample8k,0.9044371,0.7832096,0.9983296
phone_factorial_1200_v1,voice_0119__phonefact_g711_ulaw,0.9917147,0.5341575,0.9989166
phone_factorial_1200_v1,voice_0119__phonefact_g726_24k,0.9728496,0.6530777,0.9987496
phone_factorial_1200_v1,voice_0119__phonefact_opus_nb_8k,0.9935055,0.7983213,0.9986031
phone_factorial_1200_v1,voice_0120__phonefact_resample8k,0.9983822,0.57878315,0.9988182
phone_factorial_1200_v1,voice_0120__phonefact_g711_ulaw,0.9972167,0.6526298,0.99868727
phone_factorial_1200_v1,voice_0120__phonefact_g726_24k,0.99822193,0.7727724,0.99861073
phone_factorial_1200_v1,voice_0120__phonefact_opus_nb_8k,0.98701555,0.75067496,0.9986896
phone_factorial_1200_v1,voice_0121__phonefact_resample8k,0.9417111,0.7705451,0.9986871
phone_factorial_1200_v1,voice_0121__phonefact_g711_ulaw,0.99807006,0.33636484,0.9987196
phone_factorial_1200_v1,voice_0121__phonefact_g726_24k,0.9972348,0.7500802,0.99836576
phone_factorial_1200_v1,voice_0121__phonefact_opus_nb_8k,0.9172861,0.89963657,0.99451077
phone_factorial_1200_v1,voice_0122__phonefact_resample8k,0.9991162,0.4327661,0.99892914
phone_factorial_1200_v1,voice_0122__phonefact_g711_ulaw,0.99911153,0.45263395,0.99883413
phone_factorial_1200_v1,voice_0122__phonefact_g726_24k,0.9978287,0.71138996,0.9983986
phone_factorial_1200_v1,voice_0122__phonefact_opus_nb_8k,0.99788225,0.6282305,0.9985081
phone_factorial_1200_v1,voice_0123__phonefact_resample8k,0.9989858,0.34987617,0.99894685
phone_factorial_1200_v1,voice_0123__phonefact_g711_ulaw,0.9989311,0.31384993,0.99877954
phone_factorial_1200_v1,voice_0123__phonefact_g726_24k,0.5395387,0.6301626,0.84722614
phone_factorial_1200_v1,voice_0123__phonefact_opus_nb_8k,0.56288904,0.7674418,0.98665416
phone_factorial_1200_v1,voice_0124__phonefact_resample8k,0.9978909,0.47497296,0.9987781
phone_factorial_1200_v1,voice_0124__phonefact_g711_ulaw,0.99940294,0.063449346,0.9989416
phone_factorial_1200_v1,voice_0124__phonefact_g726_24k,0.9992113,0.13218462,0.9988263
phone_factorial_1200_v1,voice_0124__phonefact_opus_nb_8k,0.99919266,0.16528556,0.99883497
phone_factorial_1200_v1,voice_0125__phonefact_resample8k,0.96814835,0.7518984,0.99862915
phone_factorial_1200_v1,voice_0125__phonefact_g711_ulaw,0.99902326,0.6000249,0.9988743
phone_factorial_1200_v1,voice_0125__phonefact_g726_24k,0.99892825,0.15178159,0.9986984
phone_factorial_1200_v1,voice_0125__phonefact_opus_nb_8k,0.99485147,0.7489282,0.9983578
phone_factorial_1200_v1,voice_0126__phonefact_resample8k,0.99923915,0.48995432,0.99894106
phone_factorial_1200_v1,voice_0126__phonefact_g711_ulaw,0.9984692,0.4285095,0.998896
phone_factorial_1200_v1,voice_0126__phonefact_g726_24k,0.9916762,0.92623734,0.99819845
phone_factorial_1200_v1,voice_0126__phonefact_opus_nb_8k,0.983308,0.5335319,0.9987443
phone_factorial_1200_v1,voice_0127__phonefact_resample8k,0.99874616,0.5019695,0.99893844
phone_factorial_1200_v1,voice_0127__phonefact_g711_ulaw,0.99915916,0.3739493,0.99905425
phone_factorial_1200_v1,voice_0127__phonefact_g726_24k,0.99886537,0.28681913,0.99905205
phone_factorial_1200_v1,voice_0127__phonefact_opus_nb_8k,0.99830824,0.52434987,0.99894154
phone_factorial_1200_v1,voice_0128__phonefact_resample8k,0.9981473,0.20736952,0.99819696
phone_factorial_1200_v1,voice_0128__phonefact_g711_ulaw,0.99652547,0.3457644,0.9952747
phone_factorial_1200_v1,voice_0128__phonefact_g726_24k,0.48024246,0.50259393,0.71838176
phone_factorial_1200_v1,voice_0128__phonefact_opus_nb_8k,0.97417575,0.59932524,0.9814234
phone_factorial_1200_v1,voice_0129__phonefact_resample8k,0.9702227,0.6913313,0.99866354
phone_factorial_1200_v1,voice_0129__phonefact_g711_ulaw,0.9985921,0.17319784,0.998636
phone_factorial_1200_v1,voice_0129__phonefact_g726_24k,0.9985974,0.165785,0.99841034
phone_factorial_1200_v1,voice_0129__phonefact_opus_nb_8k,0.9974429,0.23088786,0.99821526
phone_factorial_1200_v1,voice_0130__phonefact_resample8k,0.9485792,0.8163218,0.9984692
phone_factorial_1200_v1,voice_0130__phonefact_g711_ulaw,0.99658424,0.39777756,0.9962657
phone_factorial_1200_v1,voice_0130__phonefact_g726_24k,0.9898531,0.7489126,0.9953601
phone_factorial_1200_v1,voice_0130__phonefact_opus_nb_8k,0.40450302,0.7918606,0.95598656
phone_factorial_1200_v1,voice_0131__phonefact_resample8k,0.99694,0.43700406,0.9988345
phone_factorial_1200_v1,voice_0131__phonefact_g711_ulaw,0.99791443,0.25083423,0.9984933
phone_factorial_1200_v1,voice_0131__phonefact_g726_24k,0.99738187,0.5354015,0.9981762
phone_factorial_1200_v1,voice_0131__phonefact_opus_nb_8k,0.9925103,0.59437126,0.998077
phone_factorial_1200_v1,voice_0132__phonefact_resample8k,0.99948555,0.041515388,0.9990638
phone_factorial_1200_v1,voice_0132__phonefact_g711_ulaw,0.99952066,0.024968151,0.99907553
phone_factorial_1200_v1,voice_0132__phonefact_g726_24k,0.9994378,0.03876514,0.9989397
phone_factorial_1200_v1,voice_0132__phonefact_opus_nb_8k,0.9994756,0.03801151,0.9989964
phone_factorial_1200_v1,voice_0133__phonefact_resample8k,0.999399,0.04209095,0.99896127
phone_factorial_1200_v1,voice_0133__phonefact_g711_ulaw,0.9995589,0.0275328,0.9991285
phone_factorial_1200_v1,voice_0133__phonefact_g726_24k,0.99944335,0.041675016,0.99896574
phone_factorial_1200_v1,voice_0133__phonefact_opus_nb_8k,0.9993916,0.05084429,0.99890316
phone_factorial_1200_v1,voice_0134__phonefact_resample8k,0.99242276,0.4855509,0.99787104
phone_factorial_1200_v1,voice_0134__phonefact_g711_ulaw,0.94596124,0.5832034,0.9775772
phone_factorial_1200_v1,voice_0134__phonefact_g726_24k,0.97966766,0.4711259,0.98873806
phone_factorial_1200_v1,voice_0134__phonefact_opus_nb_8k,0.90356684,0.54673815,0.95313567
phone_factorial_1200_v1,voice_0135__phonefact_resample8k,0.926762,0.7107864,0.9984393
phone_factorial_1200_v1,voice_0135__phonefact_g711_ulaw,0.9931777,0.57118326,0.99877226
phone_factorial_1200_v1,voice_0135__phonefact_g726_24k,0.98616177,0.56855917,0.9987711
phone_factorial_1200_v1,voice_0135__phonefact_opus_nb_8k,0.9580177,0.79172266,0.99842703
phone_factorial_1200_v1,voice_0136__phonefact_resample8k,0.9913422,0.62754965,0.9978597
phone_factorial_1200_v1,voice_0136__phonefact_g711_ulaw,0.9838812,0.84130347,0.9964783
phone_factorial_1200_v1,voice_0136__phonefact_g726_24k,0.9922039,0.40988553,0.99499536
phone_factorial_1200_v1,voice_0136__phonefact_opus_nb_8k,0.80031323,0.70029026,0.9271997
phone_factorial_1200_v1,voice_0137__phonefact_resample8k,0.9273076,0.910144,0.99797887
phone_factorial_1200_v1,voice_0137__phonefact_g711_ulaw,0.9556171,0.77758586,0.99805665
phone_factorial_1200_v1,voice_0137__phonefact_g726_24k,0.983012,0.6212038,0.9964909
phone_factorial_1200_v1,voice_0137__phonefact_opus_nb_8k,0.9955766,0.5508573,0.99801284
phone_factorial_1200_v1,voice_0138__phonefact_resample8k,0.9986553,0.19994105,0.9989085
phone_factorial_1200_v1,voice_0138__phonefact_g711_ulaw,0.99938977,0.045052104,0.9990921
phone_factorial_1200_v1,voice_0138__phonefact_g726_24k,0.9991444,0.1204072,0.99871874
phone_factorial_1200_v1,voice_0138__phonefact_opus_nb_8k,0.99935347,0.04856154,0.99895316
phone_factorial_1200_v1,voice_0139__phonefact_resample8k,0.9969442,0.30986345,0.9989841
phone_factorial_1200_v1,voice_0139__phonefact_g711_ulaw,0.98969615,0.47010362,0.9989469
phone_factorial_1200_v1,voice_0139__phonefact_g726_24k,0.9965194,0.35287592,0.9989957
phone_factorial_1200_v1,voice_0139__phonefact_opus_nb_8k,0.9937012,0.41169408,0.99891424
phone_factorial_1200_v1,voice_0140__phonefact_resample8k,0.99875706,0.22413227,0.99832773
phone_factorial_1200_v1,voice_0140__phonefact_g711_ulaw,0.9991946,0.057180554,0.9985199
phone_factorial_1200_v1,voice_0140__phonefact_g726_24k,0.9977408,0.17525458,0.99718064
phone_factorial_1200_v1,voice_0140__phonefact_opus_nb_8k,0.9965549,0.28768933,0.99731404
phone_factorial_1200_v1,voice_0141__phonefact_resample8k,0.84846663,0.94392025,0.99806994
phone_factorial_1200_v1,voice_0141__phonefact_g711_ulaw,0.99328744,0.4857329,0.9985984
phone_factorial_1200_v1,voice_0141__phonefact_g726_24k,0.9812363,0.7494714,0.99838066
phone_factorial_1200_v1,voice_0141__phonefact_opus_nb_8k,0.9860135,0.79942214,0.9986885
phone_factorial_1200_v1,voice_0142__phonefact_resample8k,0.9986491,0.41277647,0.998548
phone_factorial_1200_v1,voice_0142__phonefact_g711_ulaw,0.9991008,0.058619726,0.9981825
phone_factorial_1200_v1,voice_0142__phonefact_g726_24k,0.99856573,0.14892285,0.99802333
phone_factorial_1200_v1,voice_0142__phonefact_opus_nb_8k,0.9984692,0.28647327,0.9975876
phone_factorial_1200_v1,voice_0143__phonefact_resample8k,0.99903417,0.095247306,0.9985109
phone_factorial_1200_v1,voice_0143__phonefact_g711_ulaw,0.9994827,0.026558703,0.99901885
phone_factorial_1200_v1,voice_0143__phonefact_g726_24k,0.9989498,0.10293175,0.99849164
phone_factorial_1200_v1,voice_0143__phonefact_opus_nb_8k,0.9990229,0.09522729,0.99857193
phone_factorial_1200_v1,voice_0144__phonefact_resample8k,0.9986151,0.18095154,0.99887496
phone_factorial_1200_v1,voice_0144__phonefact_g711_ulaw,0.9935477,0.32558817,0.9957299
phone_factorial_1200_v1,voice_0144__phonefact_g726_24k,0.99768,0.29611316,0.99715734
phone_factorial_1200_v1,voice_0144__phonefact_opus_nb_8k,0.99052864,0.43871224,0.99094915
phone_factorial_1200_v1,voice_0145__phonefact_resample8k,0.92503005,0.76172566,0.9985172
phone_factorial_1200_v1,voice_0145__phonefact_g711_ulaw,0.99480796,0.57590795,0.9987699
phone_factorial_1200_v1,voice_0145__phonefact_g726_24k,0.99707144,0.548655,0.99875826
phone_factorial_1200_v1,voice_0145__phonefact_opus_nb_8k,0.9983749,0.56808466,0.9986956
phone_factorial_1200_v1,voice_0146__phonefact_resample8k,0.9986154,0.11113714,0.998048
phone_factorial_1200_v1,voice_0146__phonefact_g711_ulaw,0.9987706,0.07533901,0.9979495
phone_factorial_1200_v1,voice_0146__phonefact_g726_24k,0.99827564,0.17198834,0.9982053
phone_factorial_1200_v1,voice_0146__phonefact_opus_nb_8k,0.9982027,0.1332996,0.99784595
phone_factorial_1200_v1,voice_0147__phonefact_resample8k,0.9992063,0.20891891,0.99893415
phone_factorial_1200_v1,voice_0147__phonefact_g711_ulaw,0.9992261,0.07828026,0.99889576
phone_factorial_1200_v1,voice_0147__phonefact_g726_24k,0.99941635,0.057944864,0.99890226
phone_factorial_1200_v1,voice_0147__phonefact_opus_nb_8k,0.99908495,0.23020785,0.9987002
phone_factorial_1200_v1,voice_0148__phonefact_resample8k,0.9536441,0.82811683,0.99868447
phone_factorial_1200_v1,voice_0148__phonefact_g711_ulaw,0.99847007,0.17678098,0.99841845
phone_factorial_1200_v1,voice_0148__phonefact_g726_24k,0.9991018,0.14060475,0.998479
phone_factorial_1200_v1,voice_0148__phonefact_opus_nb_8k,0.9992607,0.043569323,0.998723
phone_factorial_1200_v1,voice_0149__phonefact_resample8k,0.9988425,0.16736695,0.9988166
phone_factorial_1200_v1,voice_0149__phonefact_g711_ulaw,0.99836785,0.6251651,0.99835974
phone_factorial_1200_v1,voice_0149__phonefact_g726_24k,0.9866826,0.5958914,0.9962499
phone_factorial_1200_v1,voice_0149__phonefact_opus_nb_8k,0.99832296,0.34735936,0.9982931
yue_cross_component_audit_v1,yue_000_music_real,0.32004,0.24787737,0.4019094
yue_cross_component_audit_v1,yue_000_music_fake,0.1099083,0.87060475,0.8137866
yue_cross_component_audit_v1,yue_000_concurrent_v0_m0,0.571155,0.25671318,0.64940155
yue_cross_component_audit_v1,yue_000_concurrent_v1_m0,0.58265376,0.5100542,0.8311648
yue_cross_component_audit_v1,yue_000_concurrent_v0_m1,0.9797725,0.6090209,0.9829283
yue_cross_component_audit_v1,yue_000_concurrent_v1_m1,0.3700096,0.8558004,0.9110595
yue_cross_component_audit_v1,yue_000_partial_overlap_v0_m0,0.17862889,0.36526212,0.6103176
yue_cross_component_audit_v1,yue_000_partial_overlap_v1_m0,0.99440503,0.65964437,0.99765503
yue_cross_component_audit_v1,yue_000_partial_overlap_v0_m1,0.10606919,0.7547813,0.8887664
yue_cross_component_audit_v1,yue_000_partial_overlap_v1_m1,0.9965132,0.88897145,0.99662864
yue_cross_component_audit_v1,yue_000_sequential_v0_m0,0.5657798,0.1651248,0.5797881
yue_cross_component_audit_v1,yue_000_sequential_v1_m0,0.9373376,0.5173858,0.99623454
yue_cross_component_audit_v1,yue_000_sequential_v0_m1,0.09455255,0.96103346,0.9358945
yue_cross_component_audit_v1,yue_000_sequential_v1_m1,0.98879665,0.8735933,0.99157757
yue_cross_component_audit_v1,yue_000_native_vocal_real_music,0.17961493,0.9797725,0.9900304
yue_cross_component_audit_v1,yue_000_native_vocal_fake_music,0.21765321,0.98275656,0.99614125
yue_cross_component_audit_v1,yue_001_music_real,0.10152394,0.8328866,0.7323182
yue_cross_component_audit_v1,yue_001_music_fake,0.08445339,0.9883352,0.9908111
yue_cross_component_audit_v1,yue_001_concurrent_v0_m0,0.2415993,0.34796748,0.3818033
yue_cross_component_audit_v1,yue_001_concurrent_v1_m0,0.64543545,0.34082195,0.7726162
yue_cross_component_audit_v1,yue_001_concurrent_v0_m1,0.14772403,0.7085792,0.6789287
yue_cross_component_audit_v1,yue_001_concurrent_v1_m1,0.9961481,0.9093137,0.9982713
yue_cross_component_audit_v1,yue_001_partial_overlap_v0_m0,0.09716926,0.7196605,0.5828593
yue_cross_component_audit_v1,yue_001_partial_overlap_v1_m0,0.9969974,0.6924374,0.99830455
yue_cross_component_audit_v1,yue_001_partial_overlap_v0_m1,0.09543855,0.9693881,0.9538285
yue_cross_component_audit_v1,yue_001_partial_overlap_v1_m1,0.99747825,0.9628623,0.99830455
yue_cross_component_audit_v1,yue_001_sequential_v0_m0,0.10703192,0.65255964,0.55901504
yue_cross_component_audit_v1,yue_001_sequential_v1_m0,0.99595124,0.595201,0.99854124
yue_cross_component_audit_v1,yue_001_sequential_v0_m1,0.08315789,0.9602864,0.98820424
yue_cross_component_audit_v1,yue_001_sequential_v1_m1,0.9969974,0.9870072,0.99795747
yue_cross_component_audit_v1,yue_001_native_vocal_real_music,0.14472832,0.984024,0.9950837
yue_cross_component_audit_v1,yue_001_native_vocal_fake_music,0.30682003,0.9883765,0.99552166
yue_cross_component_audit_v1,yue_002_music_real,0.1902441,0.92958164,0.8837268
yue_cross_component_audit_v1,yue_002_music_fake,0.08176159,0.949623,0.9292543
yue_cross_component_audit_v1,yue_002_concurrent_v0_m0,0.11373766,0.5360182,0.5873089
yue_cross_component_audit_v1,yue_002_concurrent_v1_m0,0.32934564,0.7520034,0.80630755
yue_cross_component_audit_v1,yue_002_concurrent_v0_m1,0.12382894,0.63055193,0.5121756
yue_cross_component_audit_v1,yue_002_concurrent_v1_m1,0.80498976,0.91685694,0.95638806
yue_cross_component_audit_v1,yue_002_partial_overlap_v0_m0,0.09245406,0.8813501,0.8161702
yue_cross_component_audit_v1,yue_002_partial_overlap_v1_m0,0.9967643,0.57108325,0.9974482
yue_cross_component_audit_v1,yue_002_partial_overlap_v0_m1,0.086619206,0.9018346,0.8307107
yue_cross_component_audit_v1,yue_002_partial_overlap_v1_m1,0.99541456,0.972264,0.9984896
yue_cross_component_audit_v1,yue_002_sequential_v0_m0,0.1002492,0.7980301,0.71111387
yue_cross_component_audit_v1,yue_002_sequential_v1_m0,0.99563724,0.5137081,0.9975464
yue_cross_component_audit_v1,yue_002_sequential_v0_m1,0.09354473,0.9358541,0.8939743
yue_cross_component_audit_v1,yue_002_sequential_v1_m1,0.98879665,0.90139854,0.99781346
yue_cross_component_audit_v1,yue_003_music_real,0.21613891,0.5357368,0.75359076
yue_cross_component_audit_v1,yue_003_music_fake,0.24210598,0.98828083,0.9964476
yue_cross_component_audit_v1,yue_003_concurrent_v0_m0,0.45234698,0.16844285,0.46731505
yue_cross_component_audit_v1,yue_003_concurrent_v1_m0,0.11603536,0.8661897,0.8008333
yue_cross_component_audit_v1,yue_003_concurrent_v0_m1,0.11048711,0.8832473,0.9183273
yue_cross_component_audit_v1,yue_003_concurrent_v1_m1,0.25454348,0.98767734,0.99533105
yue_cross_component_audit_v1,yue_003_partial_overlap_v0_m0,0.26943716,0.62076145,0.6759409
yue_cross_component_audit_v1,yue_003_partial_overlap_v1_m0,0.26438332,0.98026866,0.9969447
yue_cross_component_audit_v1,yue_003_partial_overlap_v0_m1,0.18276979,0.98417604,0.99425185
yue_cross_component_audit_v1,yue_003_partial_overlap_v1_m1,0.5711461,0.9504223,0.99685174
yue_cross_component_audit_v1,yue_003_sequential_v0_m0,0.13207413,0.7705691,0.71161366
yue_cross_component_audit_v1,yue_003_sequential_v1_m0,0.9776926,0.98456067,0.99295354
yue_cross_component_audit_v1,yue_003_sequential_v0_m1,0.1949835,0.9830821,0.99396133
yue_cross_component_audit_v1,yue_003_sequential_v1_m1,0.33997694,0.9880029,0.99595946
yue_cross_component_audit_v1,yue_003_native_vocal_real_music,0.29023814,0.5674599,0.7455324
yue_cross_component_audit_v1,yue_003_native_vocal_fake_music,0.8296415,0.9771499,0.9981216
yue_cross_component_audit_v1,yue_004_music_real,0.62881905,0.6063572,0.84443796
yue_cross_component_audit_v1,yue_004_music_fake,0.055230394,0.97603726,0.9705692
yue_cross_component_audit_v1,yue_004_concurrent_v0_m0,0.6007058,0.55903107,0.823992
yue_cross_component_audit_v1,yue_004_concurrent_v1_m0,0.99468356,0.6762434,0.9968713
yue_cross_component_audit_v1,yue_004_concurrent_v0_m1,0.10578705,0.6886972,0.5621631
yue_cross_component_audit_v1,yue_004_concurrent_v1_m1,0.9956404,0.557203,0.99872345
yue_cross_component_audit_v1,yue_004_partial_overlap_v0_m0,0.10805395,0.36870393,0.45350918
yue_cross_component_audit_v1,yue_004_partial_overlap_v1_m0,0.997039,0.35823458,0.998434
yue_cross_component_audit_v1,yue_004_partial_overlap_v0_m1,0.09729388,0.92451096,0.87024516
yue_cross_component_audit_v1,yue_004_partial_overlap_v1_m1,0.9915175,0.89616126,0.99872744
yue_cross_component_audit_v1,yue_004_sequential_v0_m0,0.10502457,0.6266299,0.5078686
yue_cross_component_audit_v1,yue_004_sequential_v1_m0,0.9821068,0.5044201,0.99876237
yue_cross_component_audit_v1,yue_004_sequential_v0_m1,0.08390941,0.96235657,0.94033587
yue_cross_component_audit_v1,yue_004_sequential_v1_m1,0.99188006,0.9513128,0.99859035
yue_cross_component_audit_v1,yue_004_native_vocal_real_music,0.10891015,0.73183686,0.7634381
yue_cross_component_audit_v1,yue_004_native_vocal_fake_music,0.0725345,0.9543436,0.9272921
yue_cross_component_audit_v1,yue_005_music_real,0.11287928,0.877373,0.8473448
yue_cross_component_audit_v1,yue_005_music_fake,0.12969008,0.9575597,0.9512144
yue_cross_component_audit_v1,yue_005_concurrent_v0_m0,0.23861898,0.53868204,0.5770503
yue_cross_component_audit_v1,yue_005_concurrent_v1_m0,0.99755174,0.64691687,0.99831957
yue_cross_component_audit_v1,yue_005_concurrent_v0_m1,0.5071457,0.7792624,0.8974521
yue_cross_component_audit_v1,yue_005_concurrent_v1_m1,0.984182,0.87737733,0.998405
yue_cross_component_audit_v1,yue_005_partial_overlap_v0_m0,0.12092773,0.54229563,0.46650943
yue_cross_component_audit_v1,yue_005_partial_overlap_v1_m0,0.9760398,0.5335793,0.9984379
yue_cross_component_audit_v1,yue_005_partial_overlap_v0_m1,0.092990056,0.9701214,0.9549782
yue_cross_component_audit_v1,yue_005_partial_overlap_v1_m1,0.9950644,0.94932306,0.9985698
yue_cross_component_audit_v1,yue_005_sequential_v0_m0,0.10182847,0.92094654,0.87027526
yue_cross_component_audit_v1,yue_005_sequential_v1_m0,0.99506235,0.8587908,0.9987291
yue_cross_component_audit_v1,yue_005_sequential_v0_m1,0.09056232,0.9481079,0.9410739
yue_cross_component_audit_v1,yue_005_sequential_v1_m1,0.99754035,0.93809456,0.9982696
yue_cross_component_audit_v1,yue_005_native_vocal_real_music,0.33024305,0.8773722,0.96123576
yue_cross_component_audit_v1,yue_005_native_vocal_fake_music,0.15538608,0.98315054,0.9925611
yue_cross_component_audit_v1,yue_006_music_real,0.09960899,0.78989714,0.7336384
yue_cross_component_audit_v1,yue_006_music_fake,0.07334319,0.981854,0.9808411
yue_cross_component_audit_v1,yue_006_concurrent_v0_m0,0.10572584,0.88265103,0.82893735
yue_cross_component_audit_v1,yue_006_concurrent_v1_m0,0.8494534,0.85145575,0.9649719
yue_cross_component_audit_v1,yue_006_concurrent_v0_m1,0.6163376,0.9460317,0.93718094
yue_cross_component_audit_v1,yue_006_concurrent_v1_m1,0.9209928,0.85884696,0.9919445
yue_cross_component_audit_v1,yue_006_partial_overlap_v0_m0,0.60369927,0.82023454,0.81249744
yue_cross_component_audit_v1,yue_006_partial_overlap_v1_m0,0.9916762,0.8732825,0.9983715
yue_cross_component_audit_v1,yue_006_partial_overlap_v0_m1,0.5433975,0.9771424,0.97706825
yue_cross_component_audit_v1,yue_006_partial_overlap_v1_m1,0.97875744,0.980745,0.9984683
yue_cross_component_audit_v1,yue_006_sequential_v0_m0,0.099420615,0.7620049,0.7788833
yue_cross_component_audit_v1,yue_006_sequential_v1_m0,0.98026204,0.9539277,0.99822074
yue_cross_component_audit_v1,yue_006_sequential_v0_m1,0.080660336,0.9538766,0.95848364
yue_cross_component_audit_v1,yue_006_sequential_v1_m1,0.98026204,0.98074,0.99848235
yue_cross_component_audit_v1,yue_006_native_vocal_real_music,0.16452983,0.9741758,0.98334277
yue_cross_component_audit_v1,yue_006_native_vocal_fake_music,0.1705055,0.98123837,0.9905602
yue_cross_component_audit_v1,yue_007_music_real,0.22277951,0.71969813,0.5839959
yue_cross_component_audit_v1,yue_007_music_fake,0.06514112,0.9778601,0.9667922
yue_cross_component_audit_v1,yue_007_concurrent_v0_m0,0.42939582,0.603999,0.7476496
yue_cross_component_audit_v1,yue_007_concurrent_v1_m0,0.4131491,0.4493384,0.732764
yue_cross_component_audit_v1,yue_007_concurrent_v0_m1,0.24884394,0.8676632,0.9027523
yue_cross_component_audit_v1,yue_007_concurrent_v1_m1,0.97012985,0.8569483,0.9964541
yue_cross_component_audit_v1,yue_007_partial_overlap_v0_m0,0.23480636,0.36969906,0.35041004
yue_cross_component_audit_v1,yue_007_partial_overlap_v1_m0,0.98933727,0.6037005,0.9964198
yue_cross_component_audit_v1,yue_007_partial_overlap_v0_m1,0.3031827,0.95051235,0.9141705
yue_cross_component_audit_v1,yue_007_partial_overlap_v1_m1,0.98822904,0.9161398,0.995282
yue_cross_component_audit_v1,yue_007_sequential_v0_m0,0.12901096,0.5701159,0.50146013
yue_cross_component_audit_v1,yue_007_sequential_v1_m0,0.97012186,0.60664934,0.9884961
yue_cross_component_audit_v1,yue_007_sequential_v0_m1,0.081302695,0.9693996,0.95249337
yue_cross_component_audit_v1,yue_007_sequential_v1_m1,0.99188006,0.9520458,0.9944544
