ID,FILE_FAKE,VOICE_FAKE,MUSIC_FAKE,VOICE_PRESENT,MUSIC_PRESENT,AUDIO_TYPE,CONDITION,SOURCE,CODEC,VOICE_SOURCE_ID,MUSIC_SOURCE_ID,SNR_DB,PARENT_ID,CHANNEL,SOURCE_DATASET,GENERATOR,GROUP_ID,SPLIT,VOCODER,SPEAKER,DURATION,SOFIA_MERT_FAKE_PROB
sdxeq_0000__phonefact_resample8k,0,0.0,0.0,1,1,mixed,simultaneous,synthetic_mixture,flac16k,voice_0022,sdm_real_0032,-6.0,sdxeq_0000,resample8k,source_disjoint_mixed_equal_v1,,,,,,,0.013636630028486252
sdxeq_0000__phonefact_g711_ulaw,0,0.0,0.0,1,1,mixed,simultaneous,synthetic_mixture,flac16k,voice_0022,sdm_real_0032,-6.0,sdxeq_0000,g711_ulaw,source_disjoint_mixed_equal_v1,,,,,,,0.029292630031704903
sdxeq_0000__phonefact_g726_24k,0,0.0,0.0,1,1,mixed,simultaneous,synthetic_mixture,flac16k,voice_0022,sdm_real_0032,-6.0,sdxeq_0000,g726_24k,source_disjoint_mixed_equal_v1,,,,,,,0.03521072492003441
sdxeq_0000__phonefact_opus_nb_8k,0,0.0,0.0,1,1,mixed,simultaneous,synthetic_mixture,flac16k,voice_0022,sdm_real_0032,-6.0,sdxeq_0000,opus_nb_8k,source_disjoint_mixed_equal_v1,,,,,,,0.015445276163518429
sdxeq_0001__phonefact_resample8k,0,0.0,0.0,1,1,mixed,simultaneous,synthetic_mixture,flac16k,voice_0063,sdm_real_0094,0.0,sdxeq_0001,resample8k,source_disjoint_mixed_equal_v1,,,,,,,0.04245617985725403
sdxeq_0001__phonefact_g711_ulaw,0,0.0,0.0,1,1,mixed,simultaneous,synthetic_mixture,flac16k,voice_0063,sdm_real_0094,0.0,sdxeq_0001,g711_ulaw,source_disjoint_mixed_equal_v1,,,,,,,0.04759831354022026
sdxeq_0001__phonefact_g726_24k,0,0.0,0.0,1,1,mixed,simultaneous,synthetic_mixture,flac16k,voice_0063,sdm_real_0094,0.0,sdxeq_0001,g726_24k,source_disjoint_mixed_equal_v1,,,,,,,0.05147955194115639
sdxeq_0001__phonefact_opus_nb_8k,0,0.0,0.0,1,1,mixed,simultaneous,synthetic_mixture,flac16k,voice_0063,sdm_real_0094,0.0,sdxeq_0001,opus_nb_8k,source_disjoint_mixed_equal_v1,,,,,,,0.01073999423533678
sdxeq_0002__phonefact_resample8k,0,0.0,0.0,1,1,mixed,simultaneous,synthetic_mixture,flac16k,voice_0033,sdm_real_0069,6.0,sdxeq_0002,resample8k,source_disjoint_mixed_equal_v1,,,,,,,0.02935165725648403
sdxeq_0002__phonefact_g711_ulaw,0,0.0,0.0,1,1,mixed,simultaneous,synthetic_mixture,flac16k,voice_0033,sdm_real_0069,6.0,sdxeq_0002,g711_ulaw,source_disjoint_mixed_equal_v1,,,,,,,0.0742325484752655
sdxeq_0002__phonefact_g726_24k,0,0.0,0.0,1,1,mixed,simultaneous,synthetic_mixture,flac16k,voice_0033,sdm_real_0069,6.0,sdxeq_0002,g726_24k,source_disjoint_mixed_equal_v1,,,,,,,0.06728809326887131
sdxeq_0002__phonefact_opus_nb_8k,0,0.0,0.0,1,1,mixed,simultaneous,synthetic_mixture,flac16k,voice_0033,sdm_real_0069,6.0,sdxeq_0002,opus_nb_8k,source_disjoint_mixed_equal_v1,,,,,,,0.02415522374212742
sdxeq_0003__phonefact_resample8k,0,0.0,0.0,1,1,mixed,simultaneous,synthetic_mixture,flac16k,voice_0067,sdm_real_0150,-6.0,sdxeq_0003,resample8k,source_disjoint_mixed_equal_v1,,,,,,,0.15498200058937073
sdxeq_0003__phonefact_g711_ulaw,0,0.0,0.0,1,1,mixed,simultaneous,synthetic_mixture,flac16k,voice_0067,sdm_real_0150,-6.0,sdxeq_0003,g711_ulaw,source_disjoint_mixed_equal_v1,,,,,,,0.10684744268655777
sdxeq_0003__phonefact_g726_24k,0,0.0,0.0,1,1,mixed,simultaneous,synthetic_mixture,flac16k,voice_0067,sdm_real_0150,-6.0,sdxeq_0003,g726_24k,source_disjoint_mixed_equal_v1,,,,,,,0.11605990678071976
sdxeq_0003__phonefact_opus_nb_8k,0,0.0,0.0,1,1,mixed,simultaneous,synthetic_mixture,flac16k,voice_0067,sdm_real_0150,-6.0,sdxeq_0003,opus_nb_8k,source_disjoint_mixed_equal_v1,,,,,,,0.05024999752640724
sdxeq_0004__phonefact_resample8k,0,0.0,0.0,1,1,mixed,simultaneous,synthetic_mixture,flac16k,voice_0015,sdm_real_0031,0.0,sdxeq_0004,resample8k,source_disjoint_mixed_equal_v1,,,,,,,0.09916761517524719
sdxeq_0004__phonefact_g711_ulaw,0,0.0,0.0,1,1,mixed,simultaneous,synthetic_mixture,flac16k,voice_0015,sdm_real_0031,0.0,sdxeq_0004,g711_ulaw,source_disjoint_mixed_equal_v1,,,,,,,0.19511452317237854
sdxeq_0004__phonefact_g726_24k,0,0.0,0.0,1,1,mixed,simultaneous,synthetic_mixture,flac16k,voice_0015,sdm_real_0031,0.0,sdxeq_0004,g726_24k,source_disjoint_mixed_equal_v1,,,,,,,0.18974481523036957
sdxeq_0004__phonefact_opus_nb_8k,0,0.0,0.0,1,1,mixed,simultaneous,synthetic_mixture,flac16k,voice_0015,sdm_real_0031,0.0,sdxeq_0004,opus_nb_8k,source_disjoint_mixed_equal_v1,,,,,,,0.02203373983502388
sdxeq_0005__phonefact_resample8k,0,0.0,0.0,1,1,mixed,simultaneous,synthetic_mixture,flac16k,voice_0095,sdm_real_0071,6.0,sdxeq_0005,resample8k,source_disjoint_mixed_equal_v1,,,,,,,0.06174987554550171
sdxeq_0005__phonefact_g711_ulaw,0,0.0,0.0,1,1,mixed,simultaneous,synthetic_mixture,flac16k,voice_0095,sdm_real_0071,6.0,sdxeq_0005,g711_ulaw,source_disjoint_mixed_equal_v1,,,,,,,0.06080309674143791
sdxeq_0005__phonefact_g726_24k,0,0.0,0.0,1,1,mixed,simultaneous,synthetic_mixture,flac16k,voice_0095,sdm_real_0071,6.0,sdxeq_0005,g726_24k,source_disjoint_mixed_equal_v1,,,,,,,0.06434383988380432
sdxeq_0005__phonefact_opus_nb_8k,0,0.0,0.0,1,1,mixed,simultaneous,synthetic_mixture,flac16k,voice_0095,sdm_real_0071,6.0,sdxeq_0005,opus_nb_8k,source_disjoint_mixed_equal_v1,,,,,,,0.0120354313403368
sdxeq_0006__phonefact_resample8k,0,0.0,0.0,1,1,mixed,simultaneous,synthetic_mixture,flac16k,voice_0088,sdm_real_0144,-6.0,sdxeq_0006,resample8k,source_disjoint_mixed_equal_v1,,,,,,,0.06598896533250809
sdxeq_0006__phonefact_g711_ulaw,0,0.0,0.0,1,1,mixed,simultaneous,synthetic_mixture,flac16k,voice_0088,sdm_real_0144,-6.0,sdxeq_0006,g711_ulaw,source_disjoint_mixed_equal_v1,,,,,,,0.07811503112316132
sdxeq_0006__phonefact_g726_24k,0,0.0,0.0,1,1,mixed,simultaneous,synthetic_mixture,flac16k,voice_0088,sdm_real_0144,-6.0,sdxeq_0006,g726_24k,source_disjoint_mixed_equal_v1,,,,,,,0.08078399300575256
sdxeq_0006__phonefact_opus_nb_8k,0,0.0,0.0,1,1,mixed,simultaneous,synthetic_mixture,flac16k,voice_0088,sdm_real_0144,-6.0,sdxeq_0006,opus_nb_8k,source_disjoint_mixed_equal_v1,,,,,,,0.023729683831334114
sdxeq_0007__phonefact_resample8k,0,0.0,0.0,1,1,mixed,simultaneous,synthetic_mixture,flac16k,voice_0013,sdm_real_0088,0.0,sdxeq_0007,resample8k,source_disjoint_mixed_equal_v1,,,,,,,0.32372087240219116
sdxeq_0007__phonefact_g711_ulaw,0,0.0,0.0,1,1,mixed,simultaneous,synthetic_mixture,flac16k,voice_0013,sdm_real_0088,0.0,sdxeq_0007,g711_ulaw,source_disjoint_mixed_equal_v1,,,,,,,0.174237921833992
sdxeq_0007__phonefact_g726_24k,0,0.0,0.0,1,1,mixed,simultaneous,synthetic_mixture,flac16k,voice_0013,sdm_real_0088,0.0,sdxeq_0007,g726_24k,source_disjoint_mixed_equal_v1,,,,,,,0.1877344399690628
sdxeq_0007__phonefact_opus_nb_8k,0,0.0,0.0,1,1,mixed,simultaneous,synthetic_mixture,flac16k,voice_0013,sdm_real_0088,0.0,sdxeq_0007,opus_nb_8k,source_disjoint_mixed_equal_v1,,,,,,,0.035103656351566315
sdxeq_0008__phonefact_resample8k,0,0.0,0.0,1,1,mixed,simultaneous,synthetic_mixture,flac16k,voice_0098,sdm_real_0077,6.0,sdxeq_0008,resample8k,source_disjoint_mixed_equal_v1,,,,,,,0.02389329858124256
sdxeq_0008__phonefact_g711_ulaw,0,0.0,0.0,1,1,mixed,simultaneous,synthetic_mixture,flac16k,voice_0098,sdm_real_0077,6.0,sdxeq_0008,g711_ulaw,source_disjoint_mixed_equal_v1,,,,,,,0.04270192235708237
sdxeq_0008__phonefact_g726_24k,0,0.0,0.0,1,1,mixed,simultaneous,synthetic_mixture,flac16k,voice_0098,sdm_real_0077,6.0,sdxeq_0008,g726_24k,source_disjoint_mixed_equal_v1,,,,,,,0.04335101321339607
sdxeq_0008__phonefact_opus_nb_8k,0,0.0,0.0,1,1,mixed,simultaneous,synthetic_mixture,flac16k,voice_0098,sdm_real_0077,6.0,sdxeq_0008,opus_nb_8k,source_disjoint_mixed_equal_v1,,,,,,,0.01719755493104458
sdxeq_0009__phonefact_resample8k,0,0.0,0.0,1,1,mixed,simultaneous,synthetic_mixture,flac16k,voice_0075,sdm_real_0095,-6.0,sdxeq_0009,resample8k,source_disjoint_mixed_equal_v1,,,,,,,0.3501250147819519
sdxeq_0009__phonefact_g711_ulaw,0,0.0,0.0,1,1,mixed,simultaneous,synthetic_mixture,flac16k,voice_0075,sdm_real_0095,-6.0,sdxeq_0009,g711_ulaw,source_disjoint_mixed_equal_v1,,,,,,,0.13054926693439484
sdxeq_0009__phonefact_g726_24k,0,0.0,0.0,1,1,mixed,simultaneous,synthetic_mixture,flac16k,voice_0075,sdm_real_0095,-6.0,sdxeq_0009,g726_24k,source_disjoint_mixed_equal_v1,,,,,,,0.11494997143745422
sdxeq_0009__phonefact_opus_nb_8k,0,0.0,0.0,1,1,mixed,simultaneous,synthetic_mixture,flac16k,voice_0075,sdm_real_0095,-6.0,sdxeq_0009,opus_nb_8k,source_disjoint_mixed_equal_v1,,,,,,,0.018645258620381355
sdxeq_0010__phonefact_resample8k,0,0.0,0.0,1,1,mixed,simultaneous,synthetic_mixture,flac16k,voice_0017,sdm_real_0178,0.0,sdxeq_0010,resample8k,source_disjoint_mixed_equal_v1,,,,,,,0.027425693348050117
sdxeq_0010__phonefact_g711_ulaw,0,0.0,0.0,1,1,mixed,simultaneous,synthetic_mixture,flac16k,voice_0017,sdm_real_0178,0.0,sdxeq_0010,g711_ulaw,source_disjoint_mixed_equal_v1,,,,,,,0.03652273863554001
sdxeq_0010__phonefact_g726_24k,0,0.0,0.0,1,1,mixed,simultaneous,synthetic_mixture,flac16k,voice_0017,sdm_real_0178,0.0,sdxeq_0010,g726_24k,source_disjoint_mixed_equal_v1,,,,,,,0.03769661486148834
sdxeq_0010__phonefact_opus_nb_8k,0,0.0,0.0,1,1,mixed,simultaneous,synthetic_mixture,flac16k,voice_0017,sdm_real_0178,0.0,sdxeq_0010,opus_nb_8k,source_disjoint_mixed_equal_v1,,,,,,,0.018638042733073235
sdxeq_0011__phonefact_resample8k,0,0.0,0.0,1,1,mixed,simultaneous,synthetic_mixture,flac16k,voice_0029,sdm_real_0045,6.0,sdxeq_0011,resample8k,source_disjoint_mixed_equal_v1,,,,,,,0.26778820157051086
sdxeq_0011__phonefact_g711_ulaw,0,0.0,0.0,1,1,mixed,simultaneous,synthetic_mixture,flac16k,voice_0029,sdm_real_0045,6.0,sdxeq_0011,g711_ulaw,source_disjoint_mixed_equal_v1,,,,,,,0.15940332412719727
sdxeq_0011__phonefact_g726_24k,0,0.0,0.0,1,1,mixed,simultaneous,synthetic_mixture,flac16k,voice_0029,sdm_real_0045,6.0,sdxeq_0011,g726_24k,source_disjoint_mixed_equal_v1,,,,,,,0.14391589164733887
sdxeq_0011__phonefact_opus_nb_8k,0,0.0,0.0,1,1,mixed,simultaneous,synthetic_mixture,flac16k,voice_0029,sdm_real_0045,6.0,sdxeq_0011,opus_nb_8k,source_disjoint_mixed_equal_v1,,,,,,,0.055303074419498444
sdxeq_0012__phonefact_resample8k,0,0.0,0.0,1,1,mixed,simultaneous,synthetic_mixture,flac16k,voice_0099,sdm_real_0050,-6.0,sdxeq_0012,resample8k,source_disjoint_mixed_equal_v1,,,,,,,0.03202976658940315
sdxeq_0012__phonefact_g711_ulaw,0,0.0,0.0,1,1,mixed,simultaneous,synthetic_mixture,flac16k,voice_0099,sdm_real_0050,-6.0,sdxeq_0012,g711_ulaw,source_disjoint_mixed_equal_v1,,,,,,,0.01914740353822708
sdxeq_0012__phonefact_g726_24k,0,0.0,0.0,1,1,mixed,simultaneous,synthetic_mixture,flac16k,voice_0099,sdm_real_0050,-6.0,sdxeq_0012,g726_24k,source_disjoint_mixed_equal_v1,,,,,,,0.02438890002667904
sdxeq_0012__phonefact_opus_nb_8k,0,0.0,0.0,1,1,mixed,simultaneous,synthetic_mixture,flac16k,voice_0099,sdm_real_0050,-6.0,sdxeq_0012,opus_nb_8k,source_disjoint_mixed_equal_v1,,,,,,,0.01249939575791359
sdxeq_0013__phonefact_resample8k,0,0.0,0.0,1,1,mixed,simultaneous,synthetic_mixture,flac16k,voice_0090,sdm_real_0044,0.0,sdxeq_0013,resample8k,source_disjoint_mixed_equal_v1,,,,,,,0.0260392464697361
sdxeq_0013__phonefact_g711_ulaw,0,0.0,0.0,1,1,mixed,simultaneous,synthetic_mixture,flac16k,voice_0090,sdm_real_0044,0.0,sdxeq_0013,g711_ulaw,source_disjoint_mixed_equal_v1,,,,,,,0.0190520491451025
sdxeq_0013__phonefact_g726_24k,0,0.0,0.0,1,1,mixed,simultaneous,synthetic_mixture,flac16k,voice_0090,sdm_real_0044,0.0,sdxeq_0013,g726_24k,source_disjoint_mixed_equal_v1,,,,,,,0.028766117990016937
sdxeq_0013__phonefact_opus_nb_8k,0,0.0,0.0,1,1,mixed,simultaneous,synthetic_mixture,flac16k,voice_0090,sdm_real_0044,0.0,sdxeq_0013,opus_nb_8k,source_disjoint_mixed_equal_v1,,,,,,,0.014206724241375923
sdxeq_0014__phonefact_resample8k,0,0.0,0.0,1,1,mixed,simultaneous,synthetic_mixture,flac16k,voice_0062,sdm_real_0100,6.0,sdxeq_0014,resample8k,source_disjoint_mixed_equal_v1,,,,,,,0.03565540164709091
sdxeq_0014__phonefact_g711_ulaw,0,0.0,0.0,1,1,mixed,simultaneous,synthetic_mixture,flac16k,voice_0062,sdm_real_0100,6.0,sdxeq_0014,g711_ulaw,source_disjoint_mixed_equal_v1,,,,,,,0.020824434235692024
sdxeq_0014__phonefact_g726_24k,0,0.0,0.0,1,1,mixed,simultaneous,synthetic_mixture,flac16k,voice_0062,sdm_real_0100,6.0,sdxeq_0014,g726_24k,source_disjoint_mixed_equal_v1,,,,,,,0.022428840398788452
sdxeq_0014__phonefact_opus_nb_8k,0,0.0,0.0,1,1,mixed,simultaneous,synthetic_mixture,flac16k,voice_0062,sdm_real_0100,6.0,sdxeq_0014,opus_nb_8k,source_disjoint_mixed_equal_v1,,,,,,,0.015564498491585255
sdxeq_0015__phonefact_resample8k,0,0.0,0.0,1,1,mixed,simultaneous,synthetic_mixture,flac16k,voice_0027,sdm_real_0086,-6.0,sdxeq_0015,resample8k,source_disjoint_mixed_equal_v1,,,,,,,0.06592201441526413
sdxeq_0015__phonefact_g711_ulaw,0,0.0,0.0,1,1,mixed,simultaneous,synthetic_mixture,flac16k,voice_0027,sdm_real_0086,-6.0,sdxeq_0015,g711_ulaw,source_disjoint_mixed_equal_v1,,,,,,,0.05452427640557289
sdxeq_0015__phonefact_g726_24k,0,0.0,0.0,1,1,mixed,simultaneous,synthetic_mixture,flac16k,voice_0027,sdm_real_0086,-6.0,sdxeq_0015,g726_24k,source_disjoint_mixed_equal_v1,,,,,,,0.05558781698346138
sdxeq_0015__phonefact_opus_nb_8k,0,0.0,0.0,1,1,mixed,simultaneous,synthetic_mixture,flac16k,voice_0027,sdm_real_0086,-6.0,sdxeq_0015,opus_nb_8k,source_disjoint_mixed_equal_v1,,,,,,,0.01276614610105753
sdxeq_0016__phonefact_resample8k,0,0.0,0.0,1,1,mixed,simultaneous,synthetic_mixture,flac16k,voice_0090,sdm_real_0117,0.0,sdxeq_0016,resample8k,source_disjoint_mixed_equal_v1,,,,,,,0.05921505391597748
sdxeq_0016__phonefact_g711_ulaw,0,0.0,0.0,1,1,mixed,simultaneous,synthetic_mixture,flac16k,voice_0090,sdm_real_0117,0.0,sdxeq_0016,g711_ulaw,source_disjoint_mixed_equal_v1,,,,,,,0.02923739142715931
sdxeq_0016__phonefact_g726_24k,0,0.0,0.0,1,1,mixed,simultaneous,synthetic_mixture,flac16k,voice_0090,sdm_real_0117,0.0,sdxeq_0016,g726_24k,source_disjoint_mixed_equal_v1,,,,,,,0.043875761330127716
sdxeq_0016__phonefact_opus_nb_8k,0,0.0,0.0,1,1,mixed,simultaneous,synthetic_mixture,flac16k,voice_0090,sdm_real_0117,0.0,sdxeq_0016,opus_nb_8k,source_disjoint_mixed_equal_v1,,,,,,,0.024339275434613228
sdxeq_0017__phonefact_resample8k,0,0.0,0.0,1,1,mixed,simultaneous,synthetic_mixture,flac16k,voice_0073,sdm_real_0168,6.0,sdxeq_0017,resample8k,source_disjoint_mixed_equal_v1,,,,,,,0.023323923349380493
sdxeq_0017__phonefact_g711_ulaw,0,0.0,0.0,1,1,mixed,simultaneous,synthetic_mixture,flac16k,voice_0073,sdm_real_0168,6.0,sdxeq_0017,g711_ulaw,source_disjoint_mixed_equal_v1,,,,,,,0.04155539348721504
sdxeq_0017__phonefact_g726_24k,0,0.0,0.0,1,1,mixed,simultaneous,synthetic_mixture,flac16k,voice_0073,sdm_real_0168,6.0,sdxeq_0017,g726_24k,source_disjoint_mixed_equal_v1,,,,,,,0.044421494007110596
sdxeq_0017__phonefact_opus_nb_8k,0,0.0,0.0,1,1,mixed,simultaneous,synthetic_mixture,flac16k,voice_0073,sdm_real_0168,6.0,sdxeq_0017,opus_nb_8k,source_disjoint_mixed_equal_v1,,,,,,,0.01027356181293726
sdxeq_0018__phonefact_resample8k,0,0.0,0.0,1,1,mixed,simultaneous,synthetic_mixture,flac16k,voice_0081,sdm_real_0033,-6.0,sdxeq_0018,resample8k,source_disjoint_mixed_equal_v1,,,,,,,0.13332274556159973
sdxeq_0018__phonefact_g711_ulaw,0,0.0,0.0,1,1,mixed,simultaneous,synthetic_mixture,flac16k,voice_0081,sdm_real_0033,-6.0,sdxeq_0018,g711_ulaw,source_disjoint_mixed_equal_v1,,,,,,,0.06021280214190483
sdxeq_0018__phonefact_g726_24k,0,0.0,0.0,1,1,mixed,simultaneous,synthetic_mixture,flac16k,voice_0081,sdm_real_0033,-6.0,sdxeq_0018,g726_24k,source_disjoint_mixed_equal_v1,,,,,,,0.07608218491077423
sdxeq_0018__phonefact_opus_nb_8k,0,0.0,0.0,1,1,mixed,simultaneous,synthetic_mixture,flac16k,voice_0081,sdm_real_0033,-6.0,sdxeq_0018,opus_nb_8k,source_disjoint_mixed_equal_v1,,,,,,,0.02781854383647442
sdxeq_0019__phonefact_resample8k,0,0.0,0.0,1,1,mixed,simultaneous,synthetic_mixture,flac16k,voice_0059,sdm_real_0033,0.0,sdxeq_0019,resample8k,source_disjoint_mixed_equal_v1,,,,,,,0.07534259557723999
sdxeq_0019__phonefact_g711_ulaw,0,0.0,0.0,1,1,mixed,simultaneous,synthetic_mixture,flac16k,voice_0059,sdm_real_0033,0.0,sdxeq_0019,g711_ulaw,source_disjoint_mixed_equal_v1,,,,,,,0.05683378130197525
sdxeq_0019__phonefact_g726_24k,0,0.0,0.0,1,1,mixed,simultaneous,synthetic_mixture,flac16k,voice_0059,sdm_real_0033,0.0,sdxeq_0019,g726_24k,source_disjoint_mixed_equal_v1,,,,,,,0.06897107511758804
sdxeq_0019__phonefact_opus_nb_8k,0,0.0,0.0,1,1,mixed,simultaneous,synthetic_mixture,flac16k,voice_0059,sdm_real_0033,0.0,sdxeq_0019,opus_nb_8k,source_disjoint_mixed_equal_v1,,,,,,,0.028641756623983383
sdxeq_0020__phonefact_resample8k,0,0.0,0.0,1,1,mixed,simultaneous,synthetic_mixture,flac16k,voice_0032,sdm_real_0148,6.0,sdxeq_0020,resample8k,source_disjoint_mixed_equal_v1,,,,,,,0.02283417247235775
sdxeq_0020__phonefact_g711_ulaw,0,0.0,0.0,1,1,mixed,simultaneous,synthetic_mixture,flac16k,voice_0032,sdm_real_0148,6.0,sdxeq_0020,g711_ulaw,source_disjoint_mixed_equal_v1,,,,,,,0.038031112402677536
sdxeq_0020__phonefact_g726_24k,0,0.0,0.0,1,1,mixed,simultaneous,synthetic_mixture,flac16k,voice_0032,sdm_real_0148,6.0,sdxeq_0020,g726_24k,source_disjoint_mixed_equal_v1,,,,,,,0.054053470492362976
sdxeq_0020__phonefact_opus_nb_8k,0,0.0,0.0,1,1,mixed,simultaneous,synthetic_mixture,flac16k,voice_0032,sdm_real_0148,6.0,sdxeq_0020,opus_nb_8k,source_disjoint_mixed_equal_v1,,,,,,,0.01868128590285778
sdxeq_0021__phonefact_resample8k,0,0.0,0.0,1,1,mixed,simultaneous,synthetic_mixture,flac16k,voice_0036,sdm_real_0039,-6.0,sdxeq_0021,resample8k,source_disjoint_mixed_equal_v1,,,,,,,0.014987143687903881
sdxeq_0021__phonefact_g711_ulaw,0,0.0,0.0,1,1,mixed,simultaneous,synthetic_mixture,flac16k,voice_0036,sdm_real_0039,-6.0,sdxeq_0021,g711_ulaw,source_disjoint_mixed_equal_v1,,,,,,,0.01732146181166172
sdxeq_0021__phonefact_g726_24k,0,0.0,0.0,1,1,mixed,simultaneous,synthetic_mixture,flac16k,voice_0036,sdm_real_0039,-6.0,sdxeq_0021,g726_24k,source_disjoint_mixed_equal_v1,,,,,,,0.02106267772614956
sdxeq_0021__phonefact_opus_nb_8k,0,0.0,0.0,1,1,mixed,simultaneous,synthetic_mixture,flac16k,voice_0036,sdm_real_0039,-6.0,sdxeq_0021,opus_nb_8k,source_disjoint_mixed_equal_v1,,,,,,,0.010730859823524952
sdxeq_0022__phonefact_resample8k,0,0.0,0.0,1,1,mixed,simultaneous,synthetic_mixture,flac16k,voice_0015,sdm_real_0089,0.0,sdxeq_0022,resample8k,source_disjoint_mixed_equal_v1,,,,,,,0.02408352494239807
sdxeq_0022__phonefact_g711_ulaw,0,0.0,0.0,1,1,mixed,simultaneous,synthetic_mixture,flac16k,voice_0015,sdm_real_0089,0.0,sdxeq_0022,g711_ulaw,source_disjoint_mixed_equal_v1,,,,,,,0.050537109375
sdxeq_0022__phonefact_g726_24k,0,0.0,0.0,1,1,mixed,simultaneous,synthetic_mixture,flac16k,voice_0015,sdm_real_0089,0.0,sdxeq_0022,g726_24k,source_disjoint_mixed_equal_v1,,,,,,,0.0612093061208725
sdxeq_0022__phonefact_opus_nb_8k,0,0.0,0.0,1,1,mixed,simultaneous,synthetic_mixture,flac16k,voice_0015,sdm_real_0089,0.0,sdxeq_0022,opus_nb_8k,source_disjoint_mixed_equal_v1,,,,,,,0.022099819034337997
sdxeq_0023__phonefact_resample8k,0,0.0,0.0,1,1,mixed,simultaneous,synthetic_mixture,flac16k,voice_0073,sdm_real_0091,6.0,sdxeq_0023,resample8k,source_disjoint_mixed_equal_v1,,,,,,,0.26740702986717224
sdxeq_0023__phonefact_g711_ulaw,0,0.0,0.0,1,1,mixed,simultaneous,synthetic_mixture,flac16k,voice_0073,sdm_real_0091,6.0,sdxeq_0023,g711_ulaw,source_disjoint_mixed_equal_v1,,,,,,,0.29392188787460327
sdxeq_0023__phonefact_g726_24k,0,0.0,0.0,1,1,mixed,simultaneous,synthetic_mixture,flac16k,voice_0073,sdm_real_0091,6.0,sdxeq_0023,g726_24k,source_disjoint_mixed_equal_v1,,,,,,,0.23650319874286652
sdxeq_0023__phonefact_opus_nb_8k,0,0.0,0.0,1,1,mixed,simultaneous,synthetic_mixture,flac16k,voice_0073,sdm_real_0091,6.0,sdxeq_0023,opus_nb_8k,source_disjoint_mixed_equal_v1,,,,,,,0.01637626625597477
sdxeq_0024__phonefact_resample8k,0,0.0,0.0,1,1,mixed,simultaneous,synthetic_mixture,flac16k,voice_0080,sdm_real_0057,-6.0,sdxeq_0024,resample8k,source_disjoint_mixed_equal_v1,,,,,,,0.30087554454803467
sdxeq_0024__phonefact_g711_ulaw,0,0.0,0.0,1,1,mixed,simultaneous,synthetic_mixture,flac16k,voice_0080,sdm_real_0057,-6.0,sdxeq_0024,g711_ulaw,source_disjoint_mixed_equal_v1,,,,,,,0.10776499658823013
sdxeq_0024__phonefact_g726_24k,0,0.0,0.0,1,1,mixed,simultaneous,synthetic_mixture,flac16k,voice_0080,sdm_real_0057,-6.0,sdxeq_0024,g726_24k,source_disjoint_mixed_equal_v1,,,,,,,0.09414464980363846
sdxeq_0024__phonefact_opus_nb_8k,0,0.0,0.0,1,1,mixed,simultaneous,synthetic_mixture,flac16k,voice_0080,sdm_real_0057,-6.0,sdxeq_0024,opus_nb_8k,source_disjoint_mixed_equal_v1,,,,,,,0.021569497883319855
sdxeq_0025__phonefact_resample8k,1,0.0,1.0,1,1,mixed,simultaneous,synthetic_mixture,flac16k,voice_0035,sdm_fake_0192,-6.0,sdxeq_0025,resample8k,source_disjoint_mixed_equal_v1,,,,,,,0.40022358298301697
sdxeq_0025__phonefact_g711_ulaw,1,0.0,1.0,1,1,mixed,simultaneous,synthetic_mixture,flac16k,voice_0035,sdm_fake_0192,-6.0,sdxeq_0025,g711_ulaw,source_disjoint_mixed_equal_v1,,,,,,,0.30283817648887634
sdxeq_0025__phonefact_g726_24k,1,0.0,1.0,1,1,mixed,simultaneous,synthetic_mixture,flac16k,voice_0035,sdm_fake_0192,-6.0,sdxeq_0025,g726_24k,source_disjoint_mixed_equal_v1,,,,,,,0.2698342204093933
sdxeq_0025__phonefact_opus_nb_8k,1,0.0,1.0,1,1,mixed,simultaneous,synthetic_mixture,flac16k,voice_0035,sdm_fake_0192,-6.0,sdxeq_0025,opus_nb_8k,source_disjoint_mixed_equal_v1,,,,,,,0.02773008681833744
sdxeq_0026__phonefact_resample8k,1,0.0,1.0,1,1,mixed,simultaneous,synthetic_mixture,flac16k,voice_0085,sdm_fake_0010,0.0,sdxeq_0026,resample8k,source_disjoint_mixed_equal_v1,,,,,,,0.03884671628475189
sdxeq_0026__phonefact_g711_ulaw,1,0.0,1.0,1,1,mixed,simultaneous,synthetic_mixture,flac16k,voice_0085,sdm_fake_0010,0.0,sdxeq_0026,g711_ulaw,source_disjoint_mixed_equal_v1,,,,,,,0.07682575285434723
sdxeq_0026__phonefact_g726_24k,1,0.0,1.0,1,1,mixed,simultaneous,synthetic_mixture,flac16k,voice_0085,sdm_fake_0010,0.0,sdxeq_0026,g726_24k,source_disjoint_mixed_equal_v1,,,,,,,0.08414234220981598
sdxeq_0026__phonefact_opus_nb_8k,1,0.0,1.0,1,1,mixed,simultaneous,synthetic_mixture,flac16k,voice_0085,sdm_fake_0010,0.0,sdxeq_0026,opus_nb_8k,source_disjoint_mixed_equal_v1,,,,,,,0.020511597394943237
sdxeq_0027__phonefact_resample8k,1,0.0,1.0,1,1,mixed,simultaneous,synthetic_mixture,flac16k,voice_0041,sdm_fake_0128,6.0,sdxeq_0027,resample8k,source_disjoint_mixed_equal_v1,,,,,,,0.16780874133110046
sdxeq_0027__phonefact_g711_ulaw,1,0.0,1.0,1,1,mixed,simultaneous,synthetic_mixture,flac16k,voice_0041,sdm_fake_0128,6.0,sdxeq_0027,g711_ulaw,source_disjoint_mixed_equal_v1,,,,,,,0.09566222876310349
sdxeq_0027__phonefact_g726_24k,1,0.0,1.0,1,1,mixed,simultaneous,synthetic_mixture,flac16k,voice_0041,sdm_fake_0128,6.0,sdxeq_0027,g726_24k,source_disjoint_mixed_equal_v1,,,,,,,0.1073264628648758
sdxeq_0027__phonefact_opus_nb_8k,1,0.0,1.0,1,1,mixed,simultaneous,synthetic_mixture,flac16k,voice_0041,sdm_fake_0128,6.0,sdxeq_0027,opus_nb_8k,source_disjoint_mixed_equal_v1,,,,,,,0.02220795303583145
sdxeq_0028__phonefact_resample8k,1,0.0,1.0,1,1,mixed,simultaneous,synthetic_mixture,flac16k,voice_0013,sdm_fake_0163,-6.0,sdxeq_0028,resample8k,source_disjoint_mixed_equal_v1,,,,,,,0.9857683777809143
sdxeq_0028__phonefact_g711_ulaw,1,0.0,1.0,1,1,mixed,simultaneous,synthetic_mixture,flac16k,voice_0013,sdm_fake_0163,-6.0,sdxeq_0028,g711_ulaw,source_disjoint_mixed_equal_v1,,,,,,,0.24179114401340485
sdxeq_0028__phonefact_g726_24k,1,0.0,1.0,1,1,mixed,simultaneous,synthetic_mixture,flac16k,voice_0013,sdm_fake_0163,-6.0,sdxeq_0028,g726_24k,source_disjoint_mixed_equal_v1,,,,,,,0.23785287141799927
sdxeq_0028__phonefact_opus_nb_8k,1,0.0,1.0,1,1,mixed,simultaneous,synthetic_mixture,flac16k,voice_0013,sdm_fake_0163,-6.0,sdxeq_0028,opus_nb_8k,source_disjoint_mixed_equal_v1,,,,,,,0.02289184369146824
sdxeq_0029__phonefact_resample8k,1,0.0,1.0,1,1,mixed,simultaneous,synthetic_mixture,flac16k,voice_0007,sdm_fake_0157,0.0,sdxeq_0029,resample8k,source_disjoint_mixed_equal_v1,,,,,,,0.3853926956653595
sdxeq_0029__phonefact_g711_ulaw,1,0.0,1.0,1,1,mixed,simultaneous,synthetic_mixture,flac16k,voice_0007,sdm_fake_0157,0.0,sdxeq_0029,g711_ulaw,source_disjoint_mixed_equal_v1,,,,,,,0.0769355371594429
sdxeq_0029__phonefact_g726_24k,1,0.0,1.0,1,1,mixed,simultaneous,synthetic_mixture,flac16k,voice_0007,sdm_fake_0157,0.0,sdxeq_0029,g726_24k,source_disjoint_mixed_equal_v1,,,,,,,0.0754408985376358
sdxeq_0029__phonefact_opus_nb_8k,1,0.0,1.0,1,1,mixed,simultaneous,synthetic_mixture,flac16k,voice_0007,sdm_fake_0157,0.0,sdxeq_0029,opus_nb_8k,source_disjoint_mixed_equal_v1,,,,,,,0.014661195687949657
sdxeq_0030__phonefact_resample8k,1,0.0,1.0,1,1,mixed,simultaneous,synthetic_mixture,flac16k,voice_0056,sdm_fake_0163,6.0,sdxeq_0030,resample8k,source_disjoint_mixed_equal_v1,,,,,,,0.6956698894500732
sdxeq_0030__phonefact_g711_ulaw,1,0.0,1.0,1,1,mixed,simultaneous,synthetic_mixture,flac16k,voice_0056,sdm_fake_0163,6.0,sdxeq_0030,g711_ulaw,source_disjoint_mixed_equal_v1,,,,,,,0.08235244452953339
sdxeq_0030__phonefact_g726_24k,1,0.0,1.0,1,1,mixed,simultaneous,synthetic_mixture,flac16k,voice_0056,sdm_fake_0163,6.0,sdxeq_0030,g726_24k,source_disjoint_mixed_equal_v1,,,,,,,0.06984038650989532
sdxeq_0030__phonefact_opus_nb_8k,1,0.0,1.0,1,1,mixed,simultaneous,synthetic_mixture,flac16k,voice_0056,sdm_fake_0163,6.0,sdxeq_0030,opus_nb_8k,source_disjoint_mixed_equal_v1,,,,,,,0.019732248038053513
sdxeq_0031__phonefact_resample8k,1,0.0,1.0,1,1,mixed,simultaneous,synthetic_mixture,flac16k,voice_0046,sdm_fake_0166,-6.0,sdxeq_0031,resample8k,source_disjoint_mixed_equal_v1,,,,,,,0.03636891022324562
sdxeq_0031__phonefact_g711_ulaw,1,0.0,1.0,1,1,mixed,simultaneous,synthetic_mixture,flac16k,voice_0046,sdm_fake_0166,-6.0,sdxeq_0031,g711_ulaw,source_disjoint_mixed_equal_v1,,,,,,,0.08590325713157654
sdxeq_0031__phonefact_g726_24k,1,0.0,1.0,1,1,mixed,simultaneous,synthetic_mixture,flac16k,voice_0046,sdm_fake_0166,-6.0,sdxeq_0031,g726_24k,source_disjoint_mixed_equal_v1,,,,,,,0.0984368696808815
sdxeq_0031__phonefact_opus_nb_8k,1,0.0,1.0,1,1,mixed,simultaneous,synthetic_mixture,flac16k,voice_0046,sdm_fake_0166,-6.0,sdxeq_0031,opus_nb_8k,source_disjoint_mixed_equal_v1,,,,,,,0.02045825868844986
sdxeq_0032__phonefact_resample8k,1,0.0,1.0,1,1,mixed,simultaneous,synthetic_mixture,flac16k,voice_0091,sdm_fake_0031,0.0,sdxeq_0032,resample8k,source_disjoint_mixed_equal_v1,,,,,,,0.7775153517723083
sdxeq_0032__phonefact_g711_ulaw,1,0.0,1.0,1,1,mixed,simultaneous,synthetic_mixture,flac16k,voice_0091,sdm_fake_0031,0.0,sdxeq_0032,g711_ulaw,source_disjoint_mixed_equal_v1,,,,,,,0.2108720988035202
sdxeq_0032__phonefact_g726_24k,1,0.0,1.0,1,1,mixed,simultaneous,synthetic_mixture,flac16k,voice_0091,sdm_fake_0031,0.0,sdxeq_0032,g726_24k,source_disjoint_mixed_equal_v1,,,,,,,0.20974473655223846
sdxeq_0032__phonefact_opus_nb_8k,1,0.0,1.0,1,1,mixed,simultaneous,synthetic_mixture,flac16k,voice_0091,sdm_fake_0031,0.0,sdxeq_0032,opus_nb_8k,source_disjoint_mixed_equal_v1,,,,,,,0.02022605761885643
sdxeq_0033__phonefact_resample8k,1,0.0,1.0,1,1,mixed,simultaneous,synthetic_mixture,flac16k,voice_0071,sdm_fake_0137,6.0,sdxeq_0033,resample8k,source_disjoint_mixed_equal_v1,,,,,,,0.27159327268600464
sdxeq_0033__phonefact_g711_ulaw,1,0.0,1.0,1,1,mixed,simultaneous,synthetic_mixture,flac16k,voice_0071,sdm_fake_0137,6.0,sdxeq_0033,g711_ulaw,source_disjoint_mixed_equal_v1,,,,,,,0.16050156950950623
sdxeq_0033__phonefact_g726_24k,1,0.0,1.0,1,1,mixed,simultaneous,synthetic_mixture,flac16k,voice_0071,sdm_fake_0137,6.0,sdxeq_0033,g726_24k,source_disjoint_mixed_equal_v1,,,,,,,0.1448102593421936
sdxeq_0033__phonefact_opus_nb_8k,1,0.0,1.0,1,1,mixed,simultaneous,synthetic_mixture,flac16k,voice_0071,sdm_fake_0137,6.0,sdxeq_0033,opus_nb_8k,source_disjoint_mixed_equal_v1,,,,,,,0.03200172632932663
sdxeq_0034__phonefact_resample8k,1,0.0,1.0,1,1,mixed,simultaneous,synthetic_mixture,flac16k,voice_0084,sdm_fake_0018,-6.0,sdxeq_0034,resample8k,source_disjoint_mixed_equal_v1,,,,,,,0.45744460821151733
sdxeq_0034__phonefact_g711_ulaw,1,0.0,1.0,1,1,mixed,simultaneous,synthetic_mixture,flac16k,voice_0084,sdm_fake_0018,-6.0,sdxeq_0034,g711_ulaw,source_disjoint_mixed_equal_v1,,,,,,,0.08231225609779358
sdxeq_0034__phonefact_g726_24k,1,0.0,1.0,1,1,mixed,simultaneous,synthetic_mixture,flac16k,voice_0084,sdm_fake_0018,-6.0,sdxeq_0034,g726_24k,source_disjoint_mixed_equal_v1,,,,,,,0.08600287139415741
sdxeq_0034__phonefact_opus_nb_8k,1,0.0,1.0,1,1,mixed,simultaneous,synthetic_mixture,flac16k,voice_0084,sdm_fake_0018,-6.0,sdxeq_0034,opus_nb_8k,source_disjoint_mixed_equal_v1,,,,,,,0.02446470782160759
sdxeq_0035__phonefact_resample8k,1,0.0,1.0,1,1,mixed,simultaneous,synthetic_mixture,flac16k,voice_0068,sdm_fake_0168,0.0,sdxeq_0035,resample8k,source_disjoint_mixed_equal_v1,,,,,,,0.7930800914764404
sdxeq_0035__phonefact_g711_ulaw,1,0.0,1.0,1,1,mixed,simultaneous,synthetic_mixture,flac16k,voice_0068,sdm_fake_0168,0.0,sdxeq_0035,g711_ulaw,source_disjoint_mixed_equal_v1,,,,,,,0.16906240582466125
sdxeq_0035__phonefact_g726_24k,1,0.0,1.0,1,1,mixed,simultaneous,synthetic_mixture,flac16k,voice_0068,sdm_fake_0168,0.0,sdxeq_0035,g726_24k,source_disjoint_mixed_equal_v1,,,,,,,0.15190447866916656
sdxeq_0035__phonefact_opus_nb_8k,1,0.0,1.0,1,1,mixed,simultaneous,synthetic_mixture,flac16k,voice_0068,sdm_fake_0168,0.0,sdxeq_0035,opus_nb_8k,source_disjoint_mixed_equal_v1,,,,,,,0.027161704376339912
sdxeq_0036__phonefact_resample8k,1,0.0,1.0,1,1,mixed,simultaneous,synthetic_mixture,flac16k,voice_0069,sdm_fake_0104,6.0,sdxeq_0036,resample8k,source_disjoint_mixed_equal_v1,,,,,,,0.08654147386550903
sdxeq_0036__phonefact_g711_ulaw,1,0.0,1.0,1,1,mixed,simultaneous,synthetic_mixture,flac16k,voice_0069,sdm_fake_0104,6.0,sdxeq_0036,g711_ulaw,source_disjoint_mixed_equal_v1,,,,,,,0.05224164202809334
sdxeq_0036__phonefact_g726_24k,1,0.0,1.0,1,1,mixed,simultaneous,synthetic_mixture,flac16k,voice_0069,sdm_fake_0104,6.0,sdxeq_0036,g726_24k,source_disjoint_mixed_equal_v1,,,,,,,0.045217834413051605
sdxeq_0036__phonefact_opus_nb_8k,1,0.0,1.0,1,1,mixed,simultaneous,synthetic_mixture,flac16k,voice_0069,sdm_fake_0104,6.0,sdxeq_0036,opus_nb_8k,source_disjoint_mixed_equal_v1,,,,,,,0.01216413639485836
sdxeq_0037__phonefact_resample8k,1,0.0,1.0,1,1,mixed,simultaneous,synthetic_mixture,flac16k,voice_0045,sdm_fake_0076,-6.0,sdxeq_0037,resample8k,source_disjoint_mixed_equal_v1,,,,,,,0.8690494894981384
sdxeq_0037__phonefact_g711_ulaw,1,0.0,1.0,1,1,mixed,simultaneous,synthetic_mixture,flac16k,voice_0045,sdm_fake_0076,-6.0,sdxeq_0037,g711_ulaw,source_disjoint_mixed_equal_v1,,,,,,,0.2337484508752823
sdxeq_0037__phonefact_g726_24k,1,0.0,1.0,1,1,mixed,simultaneous,synthetic_mixture,flac16k,voice_0045,sdm_fake_0076,-6.0,sdxeq_0037,g726_24k,source_disjoint_mixed_equal_v1,,,,,,,0.22934669256210327
sdxeq_0037__phonefact_opus_nb_8k,1,0.0,1.0,1,1,mixed,simultaneous,synthetic_mixture,flac16k,voice_0045,sdm_fake_0076,-6.0,sdxeq_0037,opus_nb_8k,source_disjoint_mixed_equal_v1,,,,,,,0.0572771318256855
sdxeq_0038__phonefact_resample8k,1,0.0,1.0,1,1,mixed,simultaneous,synthetic_mixture,flac16k,voice_0051,sdm_fake_0170,0.0,sdxeq_0038,resample8k,source_disjoint_mixed_equal_v1,,,,,,,0.5366246700286865
sdxeq_0038__phonefact_g711_ulaw,1,0.0,1.0,1,1,mixed,simultaneous,synthetic_mixture,flac16k,voice_0051,sdm_fake_0170,0.0,sdxeq_0038,g711_ulaw,source_disjoint_mixed_equal_v1,,,,,,,0.35145801305770874
sdxeq_0038__phonefact_g726_24k,1,0.0,1.0,1,1,mixed,simultaneous,synthetic_mixture,flac16k,voice_0051,sdm_fake_0170,0.0,sdxeq_0038,g726_24k,source_disjoint_mixed_equal_v1,,,,,,,0.32929447293281555
sdxeq_0038__phonefact_opus_nb_8k,1,0.0,1.0,1,1,mixed,simultaneous,synthetic_mixture,flac16k,voice_0051,sdm_fake_0170,0.0,sdxeq_0038,opus_nb_8k,source_disjoint_mixed_equal_v1,,,,,,,0.025482896715402603
sdxeq_0039__phonefact_resample8k,1,0.0,1.0,1,1,mixed,simultaneous,synthetic_mixture,flac16k,voice_0059,sdm_fake_0044,6.0,sdxeq_0039,resample8k,source_disjoint_mixed_equal_v1,,,,,,,0.07988321036100388
sdxeq_0039__phonefact_g711_ulaw,1,0.0,1.0,1,1,mixed,simultaneous,synthetic_mixture,flac16k,voice_0059,sdm_fake_0044,6.0,sdxeq_0039,g711_ulaw,source_disjoint_mixed_equal_v1,,,,,,,0.09163364768028259
sdxeq_0039__phonefact_g726_24k,1,0.0,1.0,1,1,mixed,simultaneous,synthetic_mixture,flac16k,voice_0059,sdm_fake_0044,6.0,sdxeq_0039,g726_24k,source_disjoint_mixed_equal_v1,,,,,,,0.09422799199819565
sdxeq_0039__phonefact_opus_nb_8k,1,0.0,1.0,1,1,mixed,simultaneous,synthetic_mixture,flac16k,voice_0059,sdm_fake_0044,6.0,sdxeq_0039,opus_nb_8k,source_disjoint_mixed_equal_v1,,,,,,,0.022260839119553566
sdxeq_0040__phonefact_resample8k,1,0.0,1.0,1,1,mixed,simultaneous,synthetic_mixture,flac16k,voice_0084,sdm_fake_0075,-6.0,sdxeq_0040,resample8k,source_disjoint_mixed_equal_v1,,,,,,,0.7071882486343384
sdxeq_0040__phonefact_g711_ulaw,1,0.0,1.0,1,1,mixed,simultaneous,synthetic_mixture,flac16k,voice_0084,sdm_fake_0075,-6.0,sdxeq_0040,g711_ulaw,source_disjoint_mixed_equal_v1,,,,,,,0.12927775084972382
sdxeq_0040__phonefact_g726_24k,1,0.0,1.0,1,1,mixed,simultaneous,synthetic_mixture,flac16k,voice_0084,sdm_fake_0075,-6.0,sdxeq_0040,g726_24k,source_disjoint_mixed_equal_v1,,,,,,,0.1141701489686966
sdxeq_0040__phonefact_opus_nb_8k,1,0.0,1.0,1,1,mixed,simultaneous,synthetic_mixture,flac16k,voice_0084,sdm_fake_0075,-6.0,sdxeq_0040,opus_nb_8k,source_disjoint_mixed_equal_v1,,,,,,,0.011911092326045036
sdxeq_0041__phonefact_resample8k,1,0.0,1.0,1,1,mixed,simultaneous,synthetic_mixture,flac16k,voice_0034,sdm_fake_0084,0.0,sdxeq_0041,resample8k,source_disjoint_mixed_equal_v1,,,,,,,0.024622444063425064
sdxeq_0041__phonefact_g711_ulaw,1,0.0,1.0,1,1,mixed,simultaneous,synthetic_mixture,flac16k,voice_0034,sdm_fake_0084,0.0,sdxeq_0041,g711_ulaw,source_disjoint_mixed_equal_v1,,,,,,,0.061049338430166245
sdxeq_0041__phonefact_g726_24k,1,0.0,1.0,1,1,mixed,simultaneous,synthetic_mixture,flac16k,voice_0034,sdm_fake_0084,0.0,sdxeq_0041,g726_24k,source_disjoint_mixed_equal_v1,,,,,,,0.061464399099349976
sdxeq_0041__phonefact_opus_nb_8k,1,0.0,1.0,1,1,mixed,simultaneous,synthetic_mixture,flac16k,voice_0034,sdm_fake_0084,0.0,sdxeq_0041,opus_nb_8k,source_disjoint_mixed_equal_v1,,,,,,,0.013741068542003632
sdxeq_0042__phonefact_resample8k,1,0.0,1.0,1,1,mixed,simultaneous,synthetic_mixture,flac16k,voice_0070,sdm_fake_0085,6.0,sdxeq_0042,resample8k,source_disjoint_mixed_equal_v1,,,,,,,0.8320314288139343
sdxeq_0042__phonefact_g711_ulaw,1,0.0,1.0,1,1,mixed,simultaneous,synthetic_mixture,flac16k,voice_0070,sdm_fake_0085,6.0,sdxeq_0042,g711_ulaw,source_disjoint_mixed_equal_v1,,,,,,,0.5731754899024963
sdxeq_0042__phonefact_g726_24k,1,0.0,1.0,1,1,mixed,simultaneous,synthetic_mixture,flac16k,voice_0070,sdm_fake_0085,6.0,sdxeq_0042,g726_24k,source_disjoint_mixed_equal_v1,,,,,,,0.46514248847961426
sdxeq_0042__phonefact_opus_nb_8k,1,0.0,1.0,1,1,mixed,simultaneous,synthetic_mixture,flac16k,voice_0070,sdm_fake_0085,6.0,sdxeq_0042,opus_nb_8k,source_disjoint_mixed_equal_v1,,,,,,,0.2460254728794098
sdxeq_0043__phonefact_resample8k,1,0.0,1.0,1,1,mixed,simultaneous,synthetic_mixture,flac16k,voice_0024,sdm_fake_0135,-6.0,sdxeq_0043,resample8k,source_disjoint_mixed_equal_v1,,,,,,,0.26382312178611755
sdxeq_0043__phonefact_g711_ulaw,1,0.0,1.0,1,1,mixed,simultaneous,synthetic_mixture,flac16k,voice_0024,sdm_fake_0135,-6.0,sdxeq_0043,g711_ulaw,source_disjoint_mixed_equal_v1,,,,,,,0.09103520214557648
sdxeq_0043__phonefact_g726_24k,1,0.0,1.0,1,1,mixed,simultaneous,synthetic_mixture,flac16k,voice_0024,sdm_fake_0135,-6.0,sdxeq_0043,g726_24k,source_disjoint_mixed_equal_v1,,,,,,,0.10150554776191711
sdxeq_0043__phonefact_opus_nb_8k,1,0.0,1.0,1,1,mixed,simultaneous,synthetic_mixture,flac16k,voice_0024,sdm_fake_0135,-6.0,sdxeq_0043,opus_nb_8k,source_disjoint_mixed_equal_v1,,,,,,,0.022495241835713387
sdxeq_0044__phonefact_resample8k,1,0.0,1.0,1,1,mixed,simultaneous,synthetic_mixture,flac16k,voice_0016,sdm_fake_0116,0.0,sdxeq_0044,resample8k,source_disjoint_mixed_equal_v1,,,,,,,0.7227112650871277
sdxeq_0044__phonefact_g711_ulaw,1,0.0,1.0,1,1,mixed,simultaneous,synthetic_mixture,flac16k,voice_0016,sdm_fake_0116,0.0,sdxeq_0044,g711_ulaw,source_disjoint_mixed_equal_v1,,,,,,,0.2052033543586731
sdxeq_0044__phonefact_g726_24k,1,0.0,1.0,1,1,mixed,simultaneous,synthetic_mixture,flac16k,voice_0016,sdm_fake_0116,0.0,sdxeq_0044,g726_24k,source_disjoint_mixed_equal_v1,,,,,,,0.2176397442817688
sdxeq_0044__phonefact_opus_nb_8k,1,0.0,1.0,1,1,mixed,simultaneous,synthetic_mixture,flac16k,voice_0016,sdm_fake_0116,0.0,sdxeq_0044,opus_nb_8k,source_disjoint_mixed_equal_v1,,,,,,,0.020869644358754158
sdxeq_0045__phonefact_resample8k,1,0.0,1.0,1,1,mixed,simultaneous,synthetic_mixture,flac16k,voice_0000,sdm_fake_0126,6.0,sdxeq_0045,resample8k,source_disjoint_mixed_equal_v1,,,,,,,0.1184227243065834
sdxeq_0045__phonefact_g711_ulaw,1,0.0,1.0,1,1,mixed,simultaneous,synthetic_mixture,flac16k,voice_0000,sdm_fake_0126,6.0,sdxeq_0045,g711_ulaw,source_disjoint_mixed_equal_v1,,,,,,,0.147604301571846
sdxeq_0045__phonefact_g726_24k,1,0.0,1.0,1,1,mixed,simultaneous,synthetic_mixture,flac16k,voice_0000,sdm_fake_0126,6.0,sdxeq_0045,g726_24k,source_disjoint_mixed_equal_v1,,,,,,,0.14406460523605347
sdxeq_0045__phonefact_opus_nb_8k,1,0.0,1.0,1,1,mixed,simultaneous,synthetic_mixture,flac16k,voice_0000,sdm_fake_0126,6.0,sdxeq_0045,opus_nb_8k,source_disjoint_mixed_equal_v1,,,,,,,0.05997014790773392
sdxeq_0046__phonefact_resample8k,1,0.0,1.0,1,1,mixed,simultaneous,synthetic_mixture,flac16k,voice_0055,sdm_fake_0041,-6.0,sdxeq_0046,resample8k,source_disjoint_mixed_equal_v1,,,,,,,0.9690332412719727
sdxeq_0046__phonefact_g711_ulaw,1,0.0,1.0,1,1,mixed,simultaneous,synthetic_mixture,flac16k,voice_0055,sdm_fake_0041,-6.0,sdxeq_0046,g711_ulaw,source_disjoint_mixed_equal_v1,,,,,,,0.276201993227005
sdxeq_0046__phonefact_g726_24k,1,0.0,1.0,1,1,mixed,simultaneous,synthetic_mixture,flac16k,voice_0055,sdm_fake_0041,-6.0,sdxeq_0046,g726_24k,source_disjoint_mixed_equal_v1,,,,,,,0.28233540058135986
sdxeq_0046__phonefact_opus_nb_8k,1,0.0,1.0,1,1,mixed,simultaneous,synthetic_mixture,flac16k,voice_0055,sdm_fake_0041,-6.0,sdxeq_0046,opus_nb_8k,source_disjoint_mixed_equal_v1,,,,,,,0.027530500665307045
sdxeq_0047__phonefact_resample8k,1,0.0,1.0,1,1,mixed,simultaneous,synthetic_mixture,flac16k,voice_0049,sdm_fake_0073,0.0,sdxeq_0047,resample8k,source_disjoint_mixed_equal_v1,,,,,,,0.13465838134288788
sdxeq_0047__phonefact_g711_ulaw,1,0.0,1.0,1,1,mixed,simultaneous,synthetic_mixture,flac16k,voice_0049,sdm_fake_0073,0.0,sdxeq_0047,g711_ulaw,source_disjoint_mixed_equal_v1,,,,,,,0.08133222907781601
sdxeq_0047__phonefact_g726_24k,1,0.0,1.0,1,1,mixed,simultaneous,synthetic_mixture,flac16k,voice_0049,sdm_fake_0073,0.0,sdxeq_0047,g726_24k,source_disjoint_mixed_equal_v1,,,,,,,0.07543706893920898
sdxeq_0047__phonefact_opus_nb_8k,1,0.0,1.0,1,1,mixed,simultaneous,synthetic_mixture,flac16k,voice_0049,sdm_fake_0073,0.0,sdxeq_0047,opus_nb_8k,source_disjoint_mixed_equal_v1,,,,,,,0.02359509840607643
sdxeq_0048__phonefact_resample8k,1,0.0,1.0,1,1,mixed,simultaneous,synthetic_mixture,flac16k,voice_0009,sdm_fake_0114,6.0,sdxeq_0048,resample8k,source_disjoint_mixed_equal_v1,,,,,,,0.06727878004312515
sdxeq_0048__phonefact_g711_ulaw,1,0.0,1.0,1,1,mixed,simultaneous,synthetic_mixture,flac16k,voice_0009,sdm_fake_0114,6.0,sdxeq_0048,g711_ulaw,source_disjoint_mixed_equal_v1,,,,,,,0.052698638290166855
sdxeq_0048__phonefact_g726_24k,1,0.0,1.0,1,1,mixed,simultaneous,synthetic_mixture,flac16k,voice_0009,sdm_fake_0114,6.0,sdxeq_0048,g726_24k,source_disjoint_mixed_equal_v1,,,,,,,0.05360192805528641
sdxeq_0048__phonefact_opus_nb_8k,1,0.0,1.0,1,1,mixed,simultaneous,synthetic_mixture,flac16k,voice_0009,sdm_fake_0114,6.0,sdxeq_0048,opus_nb_8k,source_disjoint_mixed_equal_v1,,,,,,,0.029631435871124268
sdxeq_0049__phonefact_resample8k,1,0.0,1.0,1,1,mixed,simultaneous,synthetic_mixture,flac16k,voice_0028,sdm_fake_0021,-6.0,sdxeq_0049,resample8k,source_disjoint_mixed_equal_v1,,,,,,,0.2756739854812622
sdxeq_0049__phonefact_g711_ulaw,1,0.0,1.0,1,1,mixed,simultaneous,synthetic_mixture,flac16k,voice_0028,sdm_fake_0021,-6.0,sdxeq_0049,g711_ulaw,source_disjoint_mixed_equal_v1,,,,,,,0.13633666932582855
sdxeq_0049__phonefact_g726_24k,1,0.0,1.0,1,1,mixed,simultaneous,synthetic_mixture,flac16k,voice_0028,sdm_fake_0021,-6.0,sdxeq_0049,g726_24k,source_disjoint_mixed_equal_v1,,,,,,,0.12203328311443329
sdxeq_0049__phonefact_opus_nb_8k,1,0.0,1.0,1,1,mixed,simultaneous,synthetic_mixture,flac16k,voice_0028,sdm_fake_0021,-6.0,sdxeq_0049,opus_nb_8k,source_disjoint_mixed_equal_v1,,,,,,,0.027868682518601418
sdxeq_0050__phonefact_resample8k,1,1.0,0.0,1,1,mixed,simultaneous,synthetic_mixture,flac16k,voice_0192,sdm_real_0194,-6.0,sdxeq_0050,resample8k,source_disjoint_mixed_equal_v1,,,,,,,0.09965696930885315
sdxeq_0050__phonefact_g711_ulaw,1,1.0,0.0,1,1,mixed,simultaneous,synthetic_mixture,flac16k,voice_0192,sdm_real_0194,-6.0,sdxeq_0050,g711_ulaw,source_disjoint_mixed_equal_v1,,,,,,,0.1398787796497345
sdxeq_0050__phonefact_g726_24k,1,1.0,0.0,1,1,mixed,simultaneous,synthetic_mixture,flac16k,voice_0192,sdm_real_0194,-6.0,sdxeq_0050,g726_24k,source_disjoint_mixed_equal_v1,,,,,,,0.1369100660085678
sdxeq_0050__phonefact_opus_nb_8k,1,1.0,0.0,1,1,mixed,simultaneous,synthetic_mixture,flac16k,voice_0192,sdm_real_0194,-6.0,sdxeq_0050,opus_nb_8k,source_disjoint_mixed_equal_v1,,,,,,,0.04027736559510231
sdxeq_0051__phonefact_resample8k,1,1.0,0.0,1,1,mixed,simultaneous,synthetic_mixture,flac16k,voice_0175,sdm_real_0032,0.0,sdxeq_0051,resample8k,source_disjoint_mixed_equal_v1,,,,,,,0.03832756355404854
sdxeq_0051__phonefact_g711_ulaw,1,1.0,0.0,1,1,mixed,simultaneous,synthetic_mixture,flac16k,voice_0175,sdm_real_0032,0.0,sdxeq_0051,g711_ulaw,source_disjoint_mixed_equal_v1,,,,,,,0.037664592266082764
sdxeq_0051__phonefact_g726_24k,1,1.0,0.0,1,1,mixed,simultaneous,synthetic_mixture,flac16k,voice_0175,sdm_real_0032,0.0,sdxeq_0051,g726_24k,source_disjoint_mixed_equal_v1,,,,,,,0.04733135551214218
sdxeq_0051__phonefact_opus_nb_8k,1,1.0,0.0,1,1,mixed,simultaneous,synthetic_mixture,flac16k,voice_0175,sdm_real_0032,0.0,sdxeq_0051,opus_nb_8k,source_disjoint_mixed_equal_v1,,,,,,,0.012612294405698776
sdxeq_0052__phonefact_resample8k,1,1.0,0.0,1,1,mixed,simultaneous,synthetic_mixture,flac16k,voice_0198,sdm_real_0146,6.0,sdxeq_0052,resample8k,source_disjoint_mixed_equal_v1,,,,,,,0.01235269196331501
sdxeq_0052__phonefact_g711_ulaw,1,1.0,0.0,1,1,mixed,simultaneous,synthetic_mixture,flac16k,voice_0198,sdm_real_0146,6.0,sdxeq_0052,g711_ulaw,source_disjoint_mixed_equal_v1,,,,,,,0.014135876670479774
sdxeq_0052__phonefact_g726_24k,1,1.0,0.0,1,1,mixed,simultaneous,synthetic_mixture,flac16k,voice_0198,sdm_real_0146,6.0,sdxeq_0052,g726_24k,source_disjoint_mixed_equal_v1,,,,,,,0.018223702907562256
sdxeq_0052__phonefact_opus_nb_8k,1,1.0,0.0,1,1,mixed,simultaneous,synthetic_mixture,flac16k,voice_0198,sdm_real_0146,6.0,sdxeq_0052,opus_nb_8k,source_disjoint_mixed_equal_v1,,,,,,,0.008906605653464794
sdxeq_0053__phonefact_resample8k,1,1.0,0.0,1,1,mixed,simultaneous,synthetic_mixture,flac16k,voice_0153,sdm_real_0062,-6.0,sdxeq_0053,resample8k,source_disjoint_mixed_equal_v1,,,,,,,0.03508322685956955
sdxeq_0053__phonefact_g711_ulaw,1,1.0,0.0,1,1,mixed,simultaneous,synthetic_mixture,flac16k,voice_0153,sdm_real_0062,-6.0,sdxeq_0053,g711_ulaw,source_disjoint_mixed_equal_v1,,,,,,,0.0518660731613636
sdxeq_0053__phonefact_g726_24k,1,1.0,0.0,1,1,mixed,simultaneous,synthetic_mixture,flac16k,voice_0153,sdm_real_0062,-6.0,sdxeq_0053,g726_24k,source_disjoint_mixed_equal_v1,,,,,,,0.06546475738286972
sdxeq_0053__phonefact_opus_nb_8k,1,1.0,0.0,1,1,mixed,simultaneous,synthetic_mixture,flac16k,voice_0153,sdm_real_0062,-6.0,sdxeq_0053,opus_nb_8k,source_disjoint_mixed_equal_v1,,,,,,,0.02737860381603241
sdxeq_0054__phonefact_resample8k,1,1.0,0.0,1,1,mixed,simultaneous,synthetic_mixture,flac16k,voice_0148,sdm_real_0066,0.0,sdxeq_0054,resample8k,source_disjoint_mixed_equal_v1,,,,,,,0.04838128015398979
sdxeq_0054__phonefact_g711_ulaw,1,1.0,0.0,1,1,mixed,simultaneous,synthetic_mixture,flac16k,voice_0148,sdm_real_0066,0.0,sdxeq_0054,g711_ulaw,source_disjoint_mixed_equal_v1,,,,,,,0.034133490175008774
sdxeq_0054__phonefact_g726_24k,1,1.0,0.0,1,1,mixed,simultaneous,synthetic_mixture,flac16k,voice_0148,sdm_real_0066,0.0,sdxeq_0054,g726_24k,source_disjoint_mixed_equal_v1,,,,,,,0.04807990789413452
sdxeq_0054__phonefact_opus_nb_8k,1,1.0,0.0,1,1,mixed,simultaneous,synthetic_mixture,flac16k,voice_0148,sdm_real_0066,0.0,sdxeq_0054,opus_nb_8k,source_disjoint_mixed_equal_v1,,,,,,,0.016803206875920296
sdxeq_0055__phonefact_resample8k,1,1.0,0.0,1,1,mixed,simultaneous,synthetic_mixture,flac16k,voice_0162,sdm_real_0077,6.0,sdxeq_0055,resample8k,source_disjoint_mixed_equal_v1,,,,,,,0.013535465113818645
sdxeq_0055__phonefact_g711_ulaw,1,1.0,0.0,1,1,mixed,simultaneous,synthetic_mixture,flac16k,voice_0162,sdm_real_0077,6.0,sdxeq_0055,g711_ulaw,source_disjoint_mixed_equal_v1,,,,,,,0.02967674471437931
sdxeq_0055__phonefact_g726_24k,1,1.0,0.0,1,1,mixed,simultaneous,synthetic_mixture,flac16k,voice_0162,sdm_real_0077,6.0,sdxeq_0055,g726_24k,source_disjoint_mixed_equal_v1,,,,,,,0.030989866703748703
sdxeq_0055__phonefact_opus_nb_8k,1,1.0,0.0,1,1,mixed,simultaneous,synthetic_mixture,flac16k,voice_0162,sdm_real_0077,6.0,sdxeq_0055,opus_nb_8k,source_disjoint_mixed_equal_v1,,,,,,,0.013483717106282711
sdxeq_0056__phonefact_resample8k,1,1.0,0.0,1,1,mixed,simultaneous,synthetic_mixture,flac16k,voice_0196,sdm_real_0066,-6.0,sdxeq_0056,resample8k,source_disjoint_mixed_equal_v1,,,,,,,0.028143582865595818
sdxeq_0056__phonefact_g711_ulaw,1,1.0,0.0,1,1,mixed,simultaneous,synthetic_mixture,flac16k,voice_0196,sdm_real_0066,-6.0,sdxeq_0056,g711_ulaw,source_disjoint_mixed_equal_v1,,,,,,,0.025117378681898117
sdxeq_0056__phonefact_g726_24k,1,1.0,0.0,1,1,mixed,simultaneous,synthetic_mixture,flac16k,voice_0196,sdm_real_0066,-6.0,sdxeq_0056,g726_24k,source_disjoint_mixed_equal_v1,,,,,,,0.029994912445545197
sdxeq_0056__phonefact_opus_nb_8k,1,1.0,0.0,1,1,mixed,simultaneous,synthetic_mixture,flac16k,voice_0196,sdm_real_0066,-6.0,sdxeq_0056,opus_nb_8k,source_disjoint_mixed_equal_v1,,,,,,,0.03290709853172302
sdxeq_0057__phonefact_resample8k,1,1.0,0.0,1,1,mixed,simultaneous,synthetic_mixture,flac16k,voice_0137,sdm_real_0123,0.0,sdxeq_0057,resample8k,source_disjoint_mixed_equal_v1,,,,,,,0.10945983231067657
sdxeq_0057__phonefact_g711_ulaw,1,1.0,0.0,1,1,mixed,simultaneous,synthetic_mixture,flac16k,voice_0137,sdm_real_0123,0.0,sdxeq_0057,g711_ulaw,source_disjoint_mixed_equal_v1,,,,,,,0.10944035649299622
sdxeq_0057__phonefact_g726_24k,1,1.0,0.0,1,1,mixed,simultaneous,synthetic_mixture,flac16k,voice_0137,sdm_real_0123,0.0,sdxeq_0057,g726_24k,source_disjoint_mixed_equal_v1,,,,,,,0.09615620970726013
sdxeq_0057__phonefact_opus_nb_8k,1,1.0,0.0,1,1,mixed,simultaneous,synthetic_mixture,flac16k,voice_0137,sdm_real_0123,0.0,sdxeq_0057,opus_nb_8k,source_disjoint_mixed_equal_v1,,,,,,,0.03676455467939377
sdxeq_0058__phonefact_resample8k,1,1.0,0.0,1,1,mixed,simultaneous,synthetic_mixture,flac16k,voice_0105,sdm_real_0058,6.0,sdxeq_0058,resample8k,source_disjoint_mixed_equal_v1,,,,,,,0.06843400001525879
sdxeq_0058__phonefact_g711_ulaw,1,1.0,0.0,1,1,mixed,simultaneous,synthetic_mixture,flac16k,voice_0105,sdm_real_0058,6.0,sdxeq_0058,g711_ulaw,source_disjoint_mixed_equal_v1,,,,,,,0.08371805399656296
sdxeq_0058__phonefact_g726_24k,1,1.0,0.0,1,1,mixed,simultaneous,synthetic_mixture,flac16k,voice_0105,sdm_real_0058,6.0,sdxeq_0058,g726_24k,source_disjoint_mixed_equal_v1,,,,,,,0.07349629700183868
sdxeq_0058__phonefact_opus_nb_8k,1,1.0,0.0,1,1,mixed,simultaneous,synthetic_mixture,flac16k,voice_0105,sdm_real_0058,6.0,sdxeq_0058,opus_nb_8k,source_disjoint_mixed_equal_v1,,,,,,,0.024033082649111748
sdxeq_0059__phonefact_resample8k,1,1.0,0.0,1,1,mixed,simultaneous,synthetic_mixture,flac16k,voice_0141,sdm_real_0129,-6.0,sdxeq_0059,resample8k,source_disjoint_mixed_equal_v1,,,,,,,0.10067825019359589
sdxeq_0059__phonefact_g711_ulaw,1,1.0,0.0,1,1,mixed,simultaneous,synthetic_mixture,flac16k,voice_0141,sdm_real_0129,-6.0,sdxeq_0059,g711_ulaw,source_disjoint_mixed_equal_v1,,,,,,,0.06417307257652283
sdxeq_0059__phonefact_g726_24k,1,1.0,0.0,1,1,mixed,simultaneous,synthetic_mixture,flac16k,voice_0141,sdm_real_0129,-6.0,sdxeq_0059,g726_24k,source_disjoint_mixed_equal_v1,,,,,,,0.07260985672473907
sdxeq_0059__phonefact_opus_nb_8k,1,1.0,0.0,1,1,mixed,simultaneous,synthetic_mixture,flac16k,voice_0141,sdm_real_0129,-6.0,sdxeq_0059,opus_nb_8k,source_disjoint_mixed_equal_v1,,,,,,,0.012328573502600193
sdxeq_0060__phonefact_resample8k,1,1.0,0.0,1,1,mixed,simultaneous,synthetic_mixture,flac16k,voice_0177,sdm_real_0023,0.0,sdxeq_0060,resample8k,source_disjoint_mixed_equal_v1,,,,,,,0.5358233451843262
sdxeq_0060__phonefact_g711_ulaw,1,1.0,0.0,1,1,mixed,simultaneous,synthetic_mixture,flac16k,voice_0177,sdm_real_0023,0.0,sdxeq_0060,g711_ulaw,source_disjoint_mixed_equal_v1,,,,,,,0.48381751775741577
sdxeq_0060__phonefact_g726_24k,1,1.0,0.0,1,1,mixed,simultaneous,synthetic_mixture,flac16k,voice_0177,sdm_real_0023,0.0,sdxeq_0060,g726_24k,source_disjoint_mixed_equal_v1,,,,,,,0.4658494293689728
sdxeq_0060__phonefact_opus_nb_8k,1,1.0,0.0,1,1,mixed,simultaneous,synthetic_mixture,flac16k,voice_0177,sdm_real_0023,0.0,sdxeq_0060,opus_nb_8k,source_disjoint_mixed_equal_v1,,,,,,,0.04206591844558716
sdxeq_0061__phonefact_resample8k,1,1.0,0.0,1,1,mixed,simultaneous,synthetic_mixture,flac16k,voice_0142,sdm_real_0025,6.0,sdxeq_0061,resample8k,source_disjoint_mixed_equal_v1,,,,,,,0.05834762752056122
sdxeq_0061__phonefact_g711_ulaw,1,1.0,0.0,1,1,mixed,simultaneous,synthetic_mixture,flac16k,voice_0142,sdm_real_0025,6.0,sdxeq_0061,g711_ulaw,source_disjoint_mixed_equal_v1,,,,,,,0.08777528256177902
sdxeq_0061__phonefact_g726_24k,1,1.0,0.0,1,1,mixed,simultaneous,synthetic_mixture,flac16k,voice_0142,sdm_real_0025,6.0,sdxeq_0061,g726_24k,source_disjoint_mixed_equal_v1,,,,,,,0.09542816877365112
sdxeq_0061__phonefact_opus_nb_8k,1,1.0,0.0,1,1,mixed,simultaneous,synthetic_mixture,flac16k,voice_0142,sdm_real_0025,6.0,sdxeq_0061,opus_nb_8k,source_disjoint_mixed_equal_v1,,,,,,,0.01761842891573906
sdxeq_0062__phonefact_resample8k,1,1.0,0.0,1,1,mixed,simultaneous,synthetic_mixture,flac16k,voice_0171,sdm_real_0137,-6.0,sdxeq_0062,resample8k,source_disjoint_mixed_equal_v1,,,,,,,0.058847956359386444
sdxeq_0062__phonefact_g711_ulaw,1,1.0,0.0,1,1,mixed,simultaneous,synthetic_mixture,flac16k,voice_0171,sdm_real_0137,-6.0,sdxeq_0062,g711_ulaw,source_disjoint_mixed_equal_v1,,,,,,,0.16151240468025208
sdxeq_0062__phonefact_g726_24k,1,1.0,0.0,1,1,mixed,simultaneous,synthetic_mixture,flac16k,voice_0171,sdm_real_0137,-6.0,sdxeq_0062,g726_24k,source_disjoint_mixed_equal_v1,,,,,,,0.16575229167938232
sdxeq_0062__phonefact_opus_nb_8k,1,1.0,0.0,1,1,mixed,simultaneous,synthetic_mixture,flac16k,voice_0171,sdm_real_0137,-6.0,sdxeq_0062,opus_nb_8k,source_disjoint_mixed_equal_v1,,,,,,,0.02123432606458664
sdxeq_0063__phonefact_resample8k,1,1.0,0.0,1,1,mixed,simultaneous,synthetic_mixture,flac16k,voice_0153,sdm_real_0148,0.0,sdxeq_0063,resample8k,source_disjoint_mixed_equal_v1,,,,,,,0.015231194905936718
sdxeq_0063__phonefact_g711_ulaw,1,1.0,0.0,1,1,mixed,simultaneous,synthetic_mixture,flac16k,voice_0153,sdm_real_0148,0.0,sdxeq_0063,g711_ulaw,source_disjoint_mixed_equal_v1,,,,,,,0.03509607911109924
sdxeq_0063__phonefact_g726_24k,1,1.0,0.0,1,1,mixed,simultaneous,synthetic_mixture,flac16k,voice_0153,sdm_real_0148,0.0,sdxeq_0063,g726_24k,source_disjoint_mixed_equal_v1,,,,,,,0.04992838576436043
sdxeq_0063__phonefact_opus_nb_8k,1,1.0,0.0,1,1,mixed,simultaneous,synthetic_mixture,flac16k,voice_0153,sdm_real_0148,0.0,sdxeq_0063,opus_nb_8k,source_disjoint_mixed_equal_v1,,,,,,,0.012887785211205482
sdxeq_0064__phonefact_resample8k,1,1.0,0.0,1,1,mixed,simultaneous,synthetic_mixture,flac16k,voice_0107,sdm_real_0173,6.0,sdxeq_0064,resample8k,source_disjoint_mixed_equal_v1,,,,,,,0.040474049746990204
sdxeq_0064__phonefact_g711_ulaw,1,1.0,0.0,1,1,mixed,simultaneous,synthetic_mixture,flac16k,voice_0107,sdm_real_0173,6.0,sdxeq_0064,g711_ulaw,source_disjoint_mixed_equal_v1,,,,,,,0.0455508753657341
sdxeq_0064__phonefact_g726_24k,1,1.0,0.0,1,1,mixed,simultaneous,synthetic_mixture,flac16k,voice_0107,sdm_real_0173,6.0,sdxeq_0064,g726_24k,source_disjoint_mixed_equal_v1,,,,,,,0.05122615396976471
sdxeq_0064__phonefact_opus_nb_8k,1,1.0,0.0,1,1,mixed,simultaneous,synthetic_mixture,flac16k,voice_0107,sdm_real_0173,6.0,sdxeq_0064,opus_nb_8k,source_disjoint_mixed_equal_v1,,,,,,,0.016711927950382233
sdxeq_0065__phonefact_resample8k,1,1.0,0.0,1,1,mixed,simultaneous,synthetic_mixture,flac16k,voice_0111,sdm_real_0056,-6.0,sdxeq_0065,resample8k,source_disjoint_mixed_equal_v1,,,,,,,0.2350511997938156
sdxeq_0065__phonefact_g711_ulaw,1,1.0,0.0,1,1,mixed,simultaneous,synthetic_mixture,flac16k,voice_0111,sdm_real_0056,-6.0,sdxeq_0065,g711_ulaw,source_disjoint_mixed_equal_v1,,,,,,,0.1912136971950531
sdxeq_0065__phonefact_g726_24k,1,1.0,0.0,1,1,mixed,simultaneous,synthetic_mixture,flac16k,voice_0111,sdm_real_0056,-6.0,sdxeq_0065,g726_24k,source_disjoint_mixed_equal_v1,,,,,,,0.18253472447395325
sdxeq_0065__phonefact_opus_nb_8k,1,1.0,0.0,1,1,mixed,simultaneous,synthetic_mixture,flac16k,voice_0111,sdm_real_0056,-6.0,sdxeq_0065,opus_nb_8k,source_disjoint_mixed_equal_v1,,,,,,,0.011963393539190292
sdxeq_0066__phonefact_resample8k,1,1.0,0.0,1,1,mixed,simultaneous,synthetic_mixture,flac16k,voice_0175,sdm_real_0074,0.0,sdxeq_0066,resample8k,source_disjoint_mixed_equal_v1,,,,,,,0.018979310989379883
sdxeq_0066__phonefact_g711_ulaw,1,1.0,0.0,1,1,mixed,simultaneous,synthetic_mixture,flac16k,voice_0175,sdm_real_0074,0.0,sdxeq_0066,g711_ulaw,source_disjoint_mixed_equal_v1,,,,,,,0.05376002565026283
sdxeq_0066__phonefact_g726_24k,1,1.0,0.0,1,1,mixed,simultaneous,synthetic_mixture,flac16k,voice_0175,sdm_real_0074,0.0,sdxeq_0066,g726_24k,source_disjoint_mixed_equal_v1,,,,,,,0.06143883243203163
sdxeq_0066__phonefact_opus_nb_8k,1,1.0,0.0,1,1,mixed,simultaneous,synthetic_mixture,flac16k,voice_0175,sdm_real_0074,0.0,sdxeq_0066,opus_nb_8k,source_disjoint_mixed_equal_v1,,,,,,,0.014433181844651699
sdxeq_0067__phonefact_resample8k,1,1.0,0.0,1,1,mixed,simultaneous,synthetic_mixture,flac16k,voice_0129,sdm_real_0068,6.0,sdxeq_0067,resample8k,source_disjoint_mixed_equal_v1,,,,,,,0.1915721893310547
sdxeq_0067__phonefact_g711_ulaw,1,1.0,0.0,1,1,mixed,simultaneous,synthetic_mixture,flac16k,voice_0129,sdm_real_0068,6.0,sdxeq_0067,g711_ulaw,source_disjoint_mixed_equal_v1,,,,,,,0.15132661163806915
sdxeq_0067__phonefact_g726_24k,1,1.0,0.0,1,1,mixed,simultaneous,synthetic_mixture,flac16k,voice_0129,sdm_real_0068,6.0,sdxeq_0067,g726_24k,source_disjoint_mixed_equal_v1,,,,,,,0.16744084656238556
sdxeq_0067__phonefact_opus_nb_8k,1,1.0,0.0,1,1,mixed,simultaneous,synthetic_mixture,flac16k,voice_0129,sdm_real_0068,6.0,sdxeq_0067,opus_nb_8k,source_disjoint_mixed_equal_v1,,,,,,,0.03279760479927063
sdxeq_0068__phonefact_resample8k,1,1.0,0.0,1,1,mixed,simultaneous,synthetic_mixture,flac16k,voice_0182,sdm_real_0122,-6.0,sdxeq_0068,resample8k,source_disjoint_mixed_equal_v1,,,,,,,0.534477710723877
sdxeq_0068__phonefact_g711_ulaw,1,1.0,0.0,1,1,mixed,simultaneous,synthetic_mixture,flac16k,voice_0182,sdm_real_0122,-6.0,sdxeq_0068,g711_ulaw,source_disjoint_mixed_equal_v1,,,,,,,0.31803661584854126
sdxeq_0068__phonefact_g726_24k,1,1.0,0.0,1,1,mixed,simultaneous,synthetic_mixture,flac16k,voice_0182,sdm_real_0122,-6.0,sdxeq_0068,g726_24k,source_disjoint_mixed_equal_v1,,,,,,,0.2947934865951538
sdxeq_0068__phonefact_opus_nb_8k,1,1.0,0.0,1,1,mixed,simultaneous,synthetic_mixture,flac16k,voice_0182,sdm_real_0122,-6.0,sdxeq_0068,opus_nb_8k,source_disjoint_mixed_equal_v1,,,,,,,0.017686912789940834
sdxeq_0069__phonefact_resample8k,1,1.0,0.0,1,1,mixed,simultaneous,synthetic_mixture,flac16k,voice_0150,sdm_real_0012,0.0,sdxeq_0069,resample8k,source_disjoint_mixed_equal_v1,,,,,,,0.5468149185180664
sdxeq_0069__phonefact_g711_ulaw,1,1.0,0.0,1,1,mixed,simultaneous,synthetic_mixture,flac16k,voice_0150,sdm_real_0012,0.0,sdxeq_0069,g711_ulaw,source_disjoint_mixed_equal_v1,,,,,,,0.5677958130836487
sdxeq_0069__phonefact_g726_24k,1,1.0,0.0,1,1,mixed,simultaneous,synthetic_mixture,flac16k,voice_0150,sdm_real_0012,0.0,sdxeq_0069,g726_24k,source_disjoint_mixed_equal_v1,,,,,,,0.4787250757217407
sdxeq_0069__phonefact_opus_nb_8k,1,1.0,0.0,1,1,mixed,simultaneous,synthetic_mixture,flac16k,voice_0150,sdm_real_0012,0.0,sdxeq_0069,opus_nb_8k,source_disjoint_mixed_equal_v1,,,,,,,0.09375905245542526
sdxeq_0070__phonefact_resample8k,1,1.0,0.0,1,1,mixed,simultaneous,synthetic_mixture,flac16k,voice_0116,sdm_real_0187,6.0,sdxeq_0070,resample8k,source_disjoint_mixed_equal_v1,,,,,,,0.15597838163375854
sdxeq_0070__phonefact_g711_ulaw,1,1.0,0.0,1,1,mixed,simultaneous,synthetic_mixture,flac16k,voice_0116,sdm_real_0187,6.0,sdxeq_0070,g711_ulaw,source_disjoint_mixed_equal_v1,,,,,,,0.1427515745162964
sdxeq_0070__phonefact_g726_24k,1,1.0,0.0,1,1,mixed,simultaneous,synthetic_mixture,flac16k,voice_0116,sdm_real_0187,6.0,sdxeq_0070,g726_24k,source_disjoint_mixed_equal_v1,,,,,,,0.14642876386642456
sdxeq_0070__phonefact_opus_nb_8k,1,1.0,0.0,1,1,mixed,simultaneous,synthetic_mixture,flac16k,voice_0116,sdm_real_0187,6.0,sdxeq_0070,opus_nb_8k,source_disjoint_mixed_equal_v1,,,,,,,0.03390703350305557
sdxeq_0071__phonefact_resample8k,1,1.0,0.0,1,1,mixed,simultaneous,synthetic_mixture,flac16k,voice_0113,sdm_real_0152,-6.0,sdxeq_0071,resample8k,source_disjoint_mixed_equal_v1,,,,,,,0.1593053787946701
sdxeq_0071__phonefact_g711_ulaw,1,1.0,0.0,1,1,mixed,simultaneous,synthetic_mixture,flac16k,voice_0113,sdm_real_0152,-6.0,sdxeq_0071,g711_ulaw,source_disjoint_mixed_equal_v1,,,,,,,0.11815819144248962
sdxeq_0071__phonefact_g726_24k,1,1.0,0.0,1,1,mixed,simultaneous,synthetic_mixture,flac16k,voice_0113,sdm_real_0152,-6.0,sdxeq_0071,g726_24k,source_disjoint_mixed_equal_v1,,,,,,,0.1663932502269745
sdxeq_0071__phonefact_opus_nb_8k,1,1.0,0.0,1,1,mixed,simultaneous,synthetic_mixture,flac16k,voice_0113,sdm_real_0152,-6.0,sdxeq_0071,opus_nb_8k,source_disjoint_mixed_equal_v1,,,,,,,0.012194403447210789
sdxeq_0072__phonefact_resample8k,1,1.0,0.0,1,1,mixed,simultaneous,synthetic_mixture,flac16k,voice_0128,sdm_real_0111,0.0,sdxeq_0072,resample8k,source_disjoint_mixed_equal_v1,,,,,,,0.0985746681690216
sdxeq_0072__phonefact_g711_ulaw,1,1.0,0.0,1,1,mixed,simultaneous,synthetic_mixture,flac16k,voice_0128,sdm_real_0111,0.0,sdxeq_0072,g711_ulaw,source_disjoint_mixed_equal_v1,,,,,,,0.01940794102847576
sdxeq_0072__phonefact_g726_24k,1,1.0,0.0,1,1,mixed,simultaneous,synthetic_mixture,flac16k,voice_0128,sdm_real_0111,0.0,sdxeq_0072,g726_24k,source_disjoint_mixed_equal_v1,,,,,,,0.020070459693670273
sdxeq_0072__phonefact_opus_nb_8k,1,1.0,0.0,1,1,mixed,simultaneous,synthetic_mixture,flac16k,voice_0128,sdm_real_0111,0.0,sdxeq_0072,opus_nb_8k,source_disjoint_mixed_equal_v1,,,,,,,0.01282309740781784
sdxeq_0073__phonefact_resample8k,1,1.0,0.0,1,1,mixed,simultaneous,synthetic_mixture,flac16k,voice_0114,sdm_real_0066,6.0,sdxeq_0073,resample8k,source_disjoint_mixed_equal_v1,,,,,,,0.03154560178518295
sdxeq_0073__phonefact_g711_ulaw,1,1.0,0.0,1,1,mixed,simultaneous,synthetic_mixture,flac16k,voice_0114,sdm_real_0066,6.0,sdxeq_0073,g711_ulaw,source_disjoint_mixed_equal_v1,,,,,,,0.021176546812057495
sdxeq_0073__phonefact_g726_24k,1,1.0,0.0,1,1,mixed,simultaneous,synthetic_mixture,flac16k,voice_0114,sdm_real_0066,6.0,sdxeq_0073,g726_24k,source_disjoint_mixed_equal_v1,,,,,,,0.028771206736564636
sdxeq_0073__phonefact_opus_nb_8k,1,1.0,0.0,1,1,mixed,simultaneous,synthetic_mixture,flac16k,voice_0114,sdm_real_0066,6.0,sdxeq_0073,opus_nb_8k,source_disjoint_mixed_equal_v1,,,,,,,0.01063473429530859
sdxeq_0074__phonefact_resample8k,1,1.0,0.0,1,1,mixed,simultaneous,synthetic_mixture,flac16k,voice_0129,sdm_real_0116,-6.0,sdxeq_0074,resample8k,source_disjoint_mixed_equal_v1,,,,,,,0.5568912029266357
sdxeq_0074__phonefact_g711_ulaw,1,1.0,0.0,1,1,mixed,simultaneous,synthetic_mixture,flac16k,voice_0129,sdm_real_0116,-6.0,sdxeq_0074,g711_ulaw,source_disjoint_mixed_equal_v1,,,,,,,0.39623889327049255
sdxeq_0074__phonefact_g726_24k,1,1.0,0.0,1,1,mixed,simultaneous,synthetic_mixture,flac16k,voice_0129,sdm_real_0116,-6.0,sdxeq_0074,g726_24k,source_disjoint_mixed_equal_v1,,,,,,,0.38277941942214966
sdxeq_0074__phonefact_opus_nb_8k,1,1.0,0.0,1,1,mixed,simultaneous,synthetic_mixture,flac16k,voice_0129,sdm_real_0116,-6.0,sdxeq_0074,opus_nb_8k,source_disjoint_mixed_equal_v1,,,,,,,0.02889186516404152
sdxeq_0075__phonefact_resample8k,1,1.0,1.0,1,1,mixed,simultaneous,synthetic_mixture,flac16k,voice_0190,sdm_fake_0193,-6.0,sdxeq_0075,resample8k,source_disjoint_mixed_equal_v1,,,,,,,0.9557254910469055
sdxeq_0075__phonefact_g711_ulaw,1,1.0,1.0,1,1,mixed,simultaneous,synthetic_mixture,flac16k,voice_0190,sdm_fake_0193,-6.0,sdxeq_0075,g711_ulaw,source_disjoint_mixed_equal_v1,,,,,,,0.16827039420604706
sdxeq_0075__phonefact_g726_24k,1,1.0,1.0,1,1,mixed,simultaneous,synthetic_mixture,flac16k,voice_0190,sdm_fake_0193,-6.0,sdxeq_0075,g726_24k,source_disjoint_mixed_equal_v1,,,,,,,0.14675770699977875
sdxeq_0075__phonefact_opus_nb_8k,1,1.0,1.0,1,1,mixed,simultaneous,synthetic_mixture,flac16k,voice_0190,sdm_fake_0193,-6.0,sdxeq_0075,opus_nb_8k,source_disjoint_mixed_equal_v1,,,,,,,0.017217325046658516
sdxeq_0076__phonefact_resample8k,1,1.0,1.0,1,1,mixed,simultaneous,synthetic_mixture,flac16k,voice_0183,sdm_fake_0061,0.0,sdxeq_0076,resample8k,source_disjoint_mixed_equal_v1,,,,,,,0.04191208258271217
sdxeq_0076__phonefact_g711_ulaw,1,1.0,1.0,1,1,mixed,simultaneous,synthetic_mixture,flac16k,voice_0183,sdm_fake_0061,0.0,sdxeq_0076,g711_ulaw,source_disjoint_mixed_equal_v1,,,,,,,0.048730701208114624
sdxeq_0076__phonefact_g726_24k,1,1.0,1.0,1,1,mixed,simultaneous,synthetic_mixture,flac16k,voice_0183,sdm_fake_0061,0.0,sdxeq_0076,g726_24k,source_disjoint_mixed_equal_v1,,,,,,,0.04774317145347595
sdxeq_0076__phonefact_opus_nb_8k,1,1.0,1.0,1,1,mixed,simultaneous,synthetic_mixture,flac16k,voice_0183,sdm_fake_0061,0.0,sdxeq_0076,opus_nb_8k,source_disjoint_mixed_equal_v1,,,,,,,0.03270905092358589
sdxeq_0077__phonefact_resample8k,1,1.0,1.0,1,1,mixed,simultaneous,synthetic_mixture,flac16k,voice_0197,sdm_fake_0115,6.0,sdxeq_0077,resample8k,source_disjoint_mixed_equal_v1,,,,,,,0.1798766702413559
sdxeq_0077__phonefact_g711_ulaw,1,1.0,1.0,1,1,mixed,simultaneous,synthetic_mixture,flac16k,voice_0197,sdm_fake_0115,6.0,sdxeq_0077,g711_ulaw,source_disjoint_mixed_equal_v1,,,,,,,0.08679654449224472
sdxeq_0077__phonefact_g726_24k,1,1.0,1.0,1,1,mixed,simultaneous,synthetic_mixture,flac16k,voice_0197,sdm_fake_0115,6.0,sdxeq_0077,g726_24k,source_disjoint_mixed_equal_v1,,,,,,,0.07148848474025726
sdxeq_0077__phonefact_opus_nb_8k,1,1.0,1.0,1,1,mixed,simultaneous,synthetic_mixture,flac16k,voice_0197,sdm_fake_0115,6.0,sdxeq_0077,opus_nb_8k,source_disjoint_mixed_equal_v1,,,,,,,0.024964015930891037
sdxeq_0078__phonefact_resample8k,1,1.0,1.0,1,1,mixed,simultaneous,synthetic_mixture,flac16k,voice_0154,sdm_fake_0179,-6.0,sdxeq_0078,resample8k,source_disjoint_mixed_equal_v1,,,,,,,0.11257001757621765
sdxeq_0078__phonefact_g711_ulaw,1,1.0,1.0,1,1,mixed,simultaneous,synthetic_mixture,flac16k,voice_0154,sdm_fake_0179,-6.0,sdxeq_0078,g711_ulaw,source_disjoint_mixed_equal_v1,,,,,,,0.160896897315979
sdxeq_0078__phonefact_g726_24k,1,1.0,1.0,1,1,mixed,simultaneous,synthetic_mixture,flac16k,voice_0154,sdm_fake_0179,-6.0,sdxeq_0078,g726_24k,source_disjoint_mixed_equal_v1,,,,,,,0.18474900722503662
sdxeq_0078__phonefact_opus_nb_8k,1,1.0,1.0,1,1,mixed,simultaneous,synthetic_mixture,flac16k,voice_0154,sdm_fake_0179,-6.0,sdxeq_0078,opus_nb_8k,source_disjoint_mixed_equal_v1,,,,,,,0.026634974405169487
sdxeq_0079__phonefact_resample8k,1,1.0,1.0,1,1,mixed,simultaneous,synthetic_mixture,flac16k,voice_0149,sdm_fake_0031,0.0,sdxeq_0079,resample8k,source_disjoint_mixed_equal_v1,,,,,,,0.5807383060455322
sdxeq_0079__phonefact_g711_ulaw,1,1.0,1.0,1,1,mixed,simultaneous,synthetic_mixture,flac16k,voice_0149,sdm_fake_0031,0.0,sdxeq_0079,g711_ulaw,source_disjoint_mixed_equal_v1,,,,,,,0.1326269656419754
sdxeq_0079__phonefact_g726_24k,1,1.0,1.0,1,1,mixed,simultaneous,synthetic_mixture,flac16k,voice_0149,sdm_fake_0031,0.0,sdxeq_0079,g726_24k,source_disjoint_mixed_equal_v1,,,,,,,0.1375798135995865
sdxeq_0079__phonefact_opus_nb_8k,1,1.0,1.0,1,1,mixed,simultaneous,synthetic_mixture,flac16k,voice_0149,sdm_fake_0031,0.0,sdxeq_0079,opus_nb_8k,source_disjoint_mixed_equal_v1,,,,,,,0.018663352355360985
sdxeq_0080__phonefact_resample8k,1,1.0,1.0,1,1,mixed,simultaneous,synthetic_mixture,flac16k,voice_0189,sdm_fake_0128,6.0,sdxeq_0080,resample8k,source_disjoint_mixed_equal_v1,,,,,,,0.05752222612500191
sdxeq_0080__phonefact_g711_ulaw,1,1.0,1.0,1,1,mixed,simultaneous,synthetic_mixture,flac16k,voice_0189,sdm_fake_0128,6.0,sdxeq_0080,g711_ulaw,source_disjoint_mixed_equal_v1,,,,,,,0.05905734747648239
sdxeq_0080__phonefact_g726_24k,1,1.0,1.0,1,1,mixed,simultaneous,synthetic_mixture,flac16k,voice_0189,sdm_fake_0128,6.0,sdxeq_0080,g726_24k,source_disjoint_mixed_equal_v1,,,,,,,0.07749897986650467
sdxeq_0080__phonefact_opus_nb_8k,1,1.0,1.0,1,1,mixed,simultaneous,synthetic_mixture,flac16k,voice_0189,sdm_fake_0128,6.0,sdxeq_0080,opus_nb_8k,source_disjoint_mixed_equal_v1,,,,,,,0.022256553173065186
sdxeq_0081__phonefact_resample8k,1,1.0,1.0,1,1,mixed,simultaneous,synthetic_mixture,flac16k,voice_0174,sdm_fake_0135,-6.0,sdxeq_0081,resample8k,source_disjoint_mixed_equal_v1,,,,,,,0.2367609739303589
sdxeq_0081__phonefact_g711_ulaw,1,1.0,1.0,1,1,mixed,simultaneous,synthetic_mixture,flac16k,voice_0174,sdm_fake_0135,-6.0,sdxeq_0081,g711_ulaw,source_disjoint_mixed_equal_v1,,,,,,,0.10177119821310043
sdxeq_0081__phonefact_g726_24k,1,1.0,1.0,1,1,mixed,simultaneous,synthetic_mixture,flac16k,voice_0174,sdm_fake_0135,-6.0,sdxeq_0081,g726_24k,source_disjoint_mixed_equal_v1,,,,,,,0.08740738779306412
sdxeq_0081__phonefact_opus_nb_8k,1,1.0,1.0,1,1,mixed,simultaneous,synthetic_mixture,flac16k,voice_0174,sdm_fake_0135,-6.0,sdxeq_0081,opus_nb_8k,source_disjoint_mixed_equal_v1,,,,,,,0.019491592422127724
sdxeq_0082__phonefact_resample8k,1,1.0,1.0,1,1,mixed,simultaneous,synthetic_mixture,flac16k,voice_0120,sdm_fake_0174,0.0,sdxeq_0082,resample8k,source_disjoint_mixed_equal_v1,,,,,,,0.09249291568994522
sdxeq_0082__phonefact_g711_ulaw,1,1.0,1.0,1,1,mixed,simultaneous,synthetic_mixture,flac16k,voice_0120,sdm_fake_0174,0.0,sdxeq_0082,g711_ulaw,source_disjoint_mixed_equal_v1,,,,,,,0.07834289968013763
sdxeq_0082__phonefact_g726_24k,1,1.0,1.0,1,1,mixed,simultaneous,synthetic_mixture,flac16k,voice_0120,sdm_fake_0174,0.0,sdxeq_0082,g726_24k,source_disjoint_mixed_equal_v1,,,,,,,0.07980547845363617
sdxeq_0082__phonefact_opus_nb_8k,1,1.0,1.0,1,1,mixed,simultaneous,synthetic_mixture,flac16k,voice_0120,sdm_fake_0174,0.0,sdxeq_0082,opus_nb_8k,source_disjoint_mixed_equal_v1,,,,,,,0.025337660685181618
sdxeq_0083__phonefact_resample8k,1,1.0,1.0,1,1,mixed,simultaneous,synthetic_mixture,flac16k,voice_0183,sdm_fake_0067,6.0,sdxeq_0083,resample8k,source_disjoint_mixed_equal_v1,,,,,,,0.03184210881590843
sdxeq_0083__phonefact_g711_ulaw,1,1.0,1.0,1,1,mixed,simultaneous,synthetic_mixture,flac16k,voice_0183,sdm_fake_0067,6.0,sdxeq_0083,g711_ulaw,source_disjoint_mixed_equal_v1,,,,,,,0.03784337267279625
sdxeq_0083__phonefact_g726_24k,1,1.0,1.0,1,1,mixed,simultaneous,synthetic_mixture,flac16k,voice_0183,sdm_fake_0067,6.0,sdxeq_0083,g726_24k,source_disjoint_mixed_equal_v1,,,,,,,0.03363553807139397
sdxeq_0083__phonefact_opus_nb_8k,1,1.0,1.0,1,1,mixed,simultaneous,synthetic_mixture,flac16k,voice_0183,sdm_fake_0067,6.0,sdxeq_0083,opus_nb_8k,source_disjoint_mixed_equal_v1,,,,,,,0.031496092677116394
sdxeq_0084__phonefact_resample8k,1,1.0,1.0,1,1,mixed,simultaneous,synthetic_mixture,flac16k,voice_0100,sdm_fake_0109,-6.0,sdxeq_0084,resample8k,source_disjoint_mixed_equal_v1,,,,,,,0.5326983332633972
sdxeq_0084__phonefact_g711_ulaw,1,1.0,1.0,1,1,mixed,simultaneous,synthetic_mixture,flac16k,voice_0100,sdm_fake_0109,-6.0,sdxeq_0084,g711_ulaw,source_disjoint_mixed_equal_v1,,,,,,,0.10752667486667633
sdxeq_0084__phonefact_g726_24k,1,1.0,1.0,1,1,mixed,simultaneous,synthetic_mixture,flac16k,voice_0100,sdm_fake_0109,-6.0,sdxeq_0084,g726_24k,source_disjoint_mixed_equal_v1,,,,,,,0.10280279815196991
sdxeq_0084__phonefact_opus_nb_8k,1,1.0,1.0,1,1,mixed,simultaneous,synthetic_mixture,flac16k,voice_0100,sdm_fake_0109,-6.0,sdxeq_0084,opus_nb_8k,source_disjoint_mixed_equal_v1,,,,,,,0.02252850867807865
sdxeq_0085__phonefact_resample8k,1,1.0,1.0,1,1,mixed,simultaneous,synthetic_mixture,flac16k,voice_0127,sdm_fake_0033,0.0,sdxeq_0085,resample8k,source_disjoint_mixed_equal_v1,,,,,,,0.6510723829269409
sdxeq_0085__phonefact_g711_ulaw,1,1.0,1.0,1,1,mixed,simultaneous,synthetic_mixture,flac16k,voice_0127,sdm_fake_0033,0.0,sdxeq_0085,g711_ulaw,source_disjoint_mixed_equal_v1,,,,,,,0.18484243750572205
sdxeq_0085__phonefact_g726_24k,1,1.0,1.0,1,1,mixed,simultaneous,synthetic_mixture,flac16k,voice_0127,sdm_fake_0033,0.0,sdxeq_0085,g726_24k,source_disjoint_mixed_equal_v1,,,,,,,0.18388494849205017
sdxeq_0085__phonefact_opus_nb_8k,1,1.0,1.0,1,1,mixed,simultaneous,synthetic_mixture,flac16k,voice_0127,sdm_fake_0033,0.0,sdxeq_0085,opus_nb_8k,source_disjoint_mixed_equal_v1,,,,,,,0.018277354538440704
sdxeq_0086__phonefact_resample8k,1,1.0,1.0,1,1,mixed,simultaneous,synthetic_mixture,flac16k,voice_0158,sdm_fake_0020,6.0,sdxeq_0086,resample8k,source_disjoint_mixed_equal_v1,,,,,,,0.11954905092716217
sdxeq_0086__phonefact_g711_ulaw,1,1.0,1.0,1,1,mixed,simultaneous,synthetic_mixture,flac16k,voice_0158,sdm_fake_0020,6.0,sdxeq_0086,g711_ulaw,source_disjoint_mixed_equal_v1,,,,,,,0.08316335082054138
sdxeq_0086__phonefact_g726_24k,1,1.0,1.0,1,1,mixed,simultaneous,synthetic_mixture,flac16k,voice_0158,sdm_fake_0020,6.0,sdxeq_0086,g726_24k,source_disjoint_mixed_equal_v1,,,,,,,0.08310867100954056
sdxeq_0086__phonefact_opus_nb_8k,1,1.0,1.0,1,1,mixed,simultaneous,synthetic_mixture,flac16k,voice_0158,sdm_fake_0020,6.0,sdxeq_0086,opus_nb_8k,source_disjoint_mixed_equal_v1,,,,,,,0.013508820906281471
sdxeq_0087__phonefact_resample8k,1,1.0,1.0,1,1,mixed,simultaneous,synthetic_mixture,flac16k,voice_0131,sdm_fake_0019,-6.0,sdxeq_0087,resample8k,source_disjoint_mixed_equal_v1,,,,,,,0.09494472295045853
sdxeq_0087__phonefact_g711_ulaw,1,1.0,1.0,1,1,mixed,simultaneous,synthetic_mixture,flac16k,voice_0131,sdm_fake_0019,-6.0,sdxeq_0087,g711_ulaw,source_disjoint_mixed_equal_v1,,,,,,,0.08563800901174545
sdxeq_0087__phonefact_g726_24k,1,1.0,1.0,1,1,mixed,simultaneous,synthetic_mixture,flac16k,voice_0131,sdm_fake_0019,-6.0,sdxeq_0087,g726_24k,source_disjoint_mixed_equal_v1,,,,,,,0.08199436217546463
sdxeq_0087__phonefact_opus_nb_8k,1,1.0,1.0,1,1,mixed,simultaneous,synthetic_mixture,flac16k,voice_0131,sdm_fake_0019,-6.0,sdxeq_0087,opus_nb_8k,source_disjoint_mixed_equal_v1,,,,,,,0.018283499404788017
sdxeq_0088__phonefact_resample8k,1,1.0,1.0,1,1,mixed,simultaneous,synthetic_mixture,flac16k,voice_0165,sdm_fake_0057,0.0,sdxeq_0088,resample8k,source_disjoint_mixed_equal_v1,,,,,,,0.0905691534280777
sdxeq_0088__phonefact_g711_ulaw,1,1.0,1.0,1,1,mixed,simultaneous,synthetic_mixture,flac16k,voice_0165,sdm_fake_0057,0.0,sdxeq_0088,g711_ulaw,source_disjoint_mixed_equal_v1,,,,,,,0.10584767162799835
sdxeq_0088__phonefact_g726_24k,1,1.0,1.0,1,1,mixed,simultaneous,synthetic_mixture,flac16k,voice_0165,sdm_fake_0057,0.0,sdxeq_0088,g726_24k,source_disjoint_mixed_equal_v1,,,,,,,0.09969301521778107
sdxeq_0088__phonefact_opus_nb_8k,1,1.0,1.0,1,1,mixed,simultaneous,synthetic_mixture,flac16k,voice_0165,sdm_fake_0057,0.0,sdxeq_0088,opus_nb_8k,source_disjoint_mixed_equal_v1,,,,,,,0.021431924775242805
sdxeq_0089__phonefact_resample8k,1,1.0,1.0,1,1,mixed,simultaneous,synthetic_mixture,flac16k,voice_0125,sdm_fake_0068,6.0,sdxeq_0089,resample8k,source_disjoint_mixed_equal_v1,,,,,,,0.02634325437247753
sdxeq_0089__phonefact_g711_ulaw,1,1.0,1.0,1,1,mixed,simultaneous,synthetic_mixture,flac16k,voice_0125,sdm_fake_0068,6.0,sdxeq_0089,g711_ulaw,source_disjoint_mixed_equal_v1,,,,,,,0.04746794328093529
sdxeq_0089__phonefact_g726_24k,1,1.0,1.0,1,1,mixed,simultaneous,synthetic_mixture,flac16k,voice_0125,sdm_fake_0068,6.0,sdxeq_0089,g726_24k,source_disjoint_mixed_equal_v1,,,,,,,0.05448724702000618
sdxeq_0089__phonefact_opus_nb_8k,1,1.0,1.0,1,1,mixed,simultaneous,synthetic_mixture,flac16k,voice_0125,sdm_fake_0068,6.0,sdxeq_0089,opus_nb_8k,source_disjoint_mixed_equal_v1,,,,,,,0.021139493212103844
sdxeq_0090__phonefact_resample8k,1,1.0,1.0,1,1,mixed,simultaneous,synthetic_mixture,flac16k,voice_0127,sdm_fake_0160,-6.0,sdxeq_0090,resample8k,source_disjoint_mixed_equal_v1,,,,,,,0.16808663308620453
sdxeq_0090__phonefact_g711_ulaw,1,1.0,1.0,1,1,mixed,simultaneous,synthetic_mixture,flac16k,voice_0127,sdm_fake_0160,-6.0,sdxeq_0090,g711_ulaw,source_disjoint_mixed_equal_v1,,,,,,,0.08028987050056458
sdxeq_0090__phonefact_g726_24k,1,1.0,1.0,1,1,mixed,simultaneous,synthetic_mixture,flac16k,voice_0127,sdm_fake_0160,-6.0,sdxeq_0090,g726_24k,source_disjoint_mixed_equal_v1,,,,,,,0.10088533163070679
sdxeq_0090__phonefact_opus_nb_8k,1,1.0,1.0,1,1,mixed,simultaneous,synthetic_mixture,flac16k,voice_0127,sdm_fake_0160,-6.0,sdxeq_0090,opus_nb_8k,source_disjoint_mixed_equal_v1,,,,,,,0.019093839451670647
sdxeq_0091__phonefact_resample8k,1,1.0,1.0,1,1,mixed,simultaneous,synthetic_mixture,flac16k,voice_0193,sdm_fake_0126,0.0,sdxeq_0091,resample8k,source_disjoint_mixed_equal_v1,,,,,,,0.38899561762809753
sdxeq_0091__phonefact_g711_ulaw,1,1.0,1.0,1,1,mixed,simultaneous,synthetic_mixture,flac16k,voice_0193,sdm_fake_0126,0.0,sdxeq_0091,g711_ulaw,source_disjoint_mixed_equal_v1,,,,,,,0.09236795455217361
sdxeq_0091__phonefact_g726_24k,1,1.0,1.0,1,1,mixed,simultaneous,synthetic_mixture,flac16k,voice_0193,sdm_fake_0126,0.0,sdxeq_0091,g726_24k,source_disjoint_mixed_equal_v1,,,,,,,0.1331188827753067
sdxeq_0091__phonefact_opus_nb_8k,1,1.0,1.0,1,1,mixed,simultaneous,synthetic_mixture,flac16k,voice_0193,sdm_fake_0126,0.0,sdxeq_0091,opus_nb_8k,source_disjoint_mixed_equal_v1,,,,,,,0.02830592356622219
sdxeq_0092__phonefact_resample8k,1,1.0,1.0,1,1,mixed,simultaneous,synthetic_mixture,flac16k,voice_0196,sdm_fake_0013,6.0,sdxeq_0092,resample8k,source_disjoint_mixed_equal_v1,,,,,,,0.05595623329281807
sdxeq_0092__phonefact_g711_ulaw,1,1.0,1.0,1,1,mixed,simultaneous,synthetic_mixture,flac16k,voice_0196,sdm_fake_0013,6.0,sdxeq_0092,g711_ulaw,source_disjoint_mixed_equal_v1,,,,,,,0.04422369599342346
sdxeq_0092__phonefact_g726_24k,1,1.0,1.0,1,1,mixed,simultaneous,synthetic_mixture,flac16k,voice_0196,sdm_fake_0013,6.0,sdxeq_0092,g726_24k,source_disjoint_mixed_equal_v1,,,,,,,0.04307611286640167
sdxeq_0092__phonefact_opus_nb_8k,1,1.0,1.0,1,1,mixed,simultaneous,synthetic_mixture,flac16k,voice_0196,sdm_fake_0013,6.0,sdxeq_0092,opus_nb_8k,source_disjoint_mixed_equal_v1,,,,,,,0.03728469833731651
sdxeq_0093__phonefact_resample8k,1,1.0,1.0,1,1,mixed,simultaneous,synthetic_mixture,flac16k,voice_0134,sdm_fake_0152,-6.0,sdxeq_0093,resample8k,source_disjoint_mixed_equal_v1,,,,,,,0.7319153547286987
sdxeq_0093__phonefact_g711_ulaw,1,1.0,1.0,1,1,mixed,simultaneous,synthetic_mixture,flac16k,voice_0134,sdm_fake_0152,-6.0,sdxeq_0093,g711_ulaw,source_disjoint_mixed_equal_v1,,,,,,,0.20397208631038666
sdxeq_0093__phonefact_g726_24k,1,1.0,1.0,1,1,mixed,simultaneous,synthetic_mixture,flac16k,voice_0134,sdm_fake_0152,-6.0,sdxeq_0093,g726_24k,source_disjoint_mixed_equal_v1,,,,,,,0.16340593993663788
sdxeq_0093__phonefact_opus_nb_8k,1,1.0,1.0,1,1,mixed,simultaneous,synthetic_mixture,flac16k,voice_0134,sdm_fake_0152,-6.0,sdxeq_0093,opus_nb_8k,source_disjoint_mixed_equal_v1,,,,,,,0.020225269719958305
sdxeq_0094__phonefact_resample8k,1,1.0,1.0,1,1,mixed,simultaneous,synthetic_mixture,flac16k,voice_0109,sdm_fake_0089,0.0,sdxeq_0094,resample8k,source_disjoint_mixed_equal_v1,,,,,,,0.10923763364553452
sdxeq_0094__phonefact_g711_ulaw,1,1.0,1.0,1,1,mixed,simultaneous,synthetic_mixture,flac16k,voice_0109,sdm_fake_0089,0.0,sdxeq_0094,g711_ulaw,source_disjoint_mixed_equal_v1,,,,,,,0.07187407463788986
sdxeq_0094__phonefact_g726_24k,1,1.0,1.0,1,1,mixed,simultaneous,synthetic_mixture,flac16k,voice_0109,sdm_fake_0089,0.0,sdxeq_0094,g726_24k,source_disjoint_mixed_equal_v1,,,,,,,0.0832151249051094
sdxeq_0094__phonefact_opus_nb_8k,1,1.0,1.0,1,1,mixed,simultaneous,synthetic_mixture,flac16k,voice_0109,sdm_fake_0089,0.0,sdxeq_0094,opus_nb_8k,source_disjoint_mixed_equal_v1,,,,,,,0.021857663989067078
sdxeq_0095__phonefact_resample8k,1,1.0,1.0,1,1,mixed,simultaneous,synthetic_mixture,flac16k,voice_0192,sdm_fake_0089,6.0,sdxeq_0095,resample8k,source_disjoint_mixed_equal_v1,,,,,,,0.3446533679962158
sdxeq_0095__phonefact_g711_ulaw,1,1.0,1.0,1,1,mixed,simultaneous,synthetic_mixture,flac16k,voice_0192,sdm_fake_0089,6.0,sdxeq_0095,g711_ulaw,source_disjoint_mixed_equal_v1,,,,,,,0.12893110513687134
sdxeq_0095__phonefact_g726_24k,1,1.0,1.0,1,1,mixed,simultaneous,synthetic_mixture,flac16k,voice_0192,sdm_fake_0089,6.0,sdxeq_0095,g726_24k,source_disjoint_mixed_equal_v1,,,,,,,0.16665928065776825
sdxeq_0095__phonefact_opus_nb_8k,1,1.0,1.0,1,1,mixed,simultaneous,synthetic_mixture,flac16k,voice_0192,sdm_fake_0089,6.0,sdxeq_0095,opus_nb_8k,source_disjoint_mixed_equal_v1,,,,,,,0.020943230018019676
sdxeq_0096__phonefact_resample8k,1,1.0,1.0,1,1,mixed,simultaneous,synthetic_mixture,flac16k,voice_0104,sdm_fake_0063,-6.0,sdxeq_0096,resample8k,source_disjoint_mixed_equal_v1,,,,,,,0.5494798421859741
sdxeq_0096__phonefact_g711_ulaw,1,1.0,1.0,1,1,mixed,simultaneous,synthetic_mixture,flac16k,voice_0104,sdm_fake_0063,-6.0,sdxeq_0096,g711_ulaw,source_disjoint_mixed_equal_v1,,,,,,,0.22486963868141174
sdxeq_0096__phonefact_g726_24k,1,1.0,1.0,1,1,mixed,simultaneous,synthetic_mixture,flac16k,voice_0104,sdm_fake_0063,-6.0,sdxeq_0096,g726_24k,source_disjoint_mixed_equal_v1,,,,,,,0.18731270730495453
sdxeq_0096__phonefact_opus_nb_8k,1,1.0,1.0,1,1,mixed,simultaneous,synthetic_mixture,flac16k,voice_0104,sdm_fake_0063,-6.0,sdxeq_0096,opus_nb_8k,source_disjoint_mixed_equal_v1,,,,,,,0.019249042496085167
sdxeq_0097__phonefact_resample8k,1,1.0,1.0,1,1,mixed,simultaneous,synthetic_mixture,flac16k,voice_0183,sdm_fake_0007,0.0,sdxeq_0097,resample8k,source_disjoint_mixed_equal_v1,,,,,,,0.09777448326349258
sdxeq_0097__phonefact_g711_ulaw,1,1.0,1.0,1,1,mixed,simultaneous,synthetic_mixture,flac16k,voice_0183,sdm_fake_0007,0.0,sdxeq_0097,g711_ulaw,source_disjoint_mixed_equal_v1,,,,,,,0.05621964856982231
sdxeq_0097__phonefact_g726_24k,1,1.0,1.0,1,1,mixed,simultaneous,synthetic_mixture,flac16k,voice_0183,sdm_fake_0007,0.0,sdxeq_0097,g726_24k,source_disjoint_mixed_equal_v1,,,,,,,0.0678672194480896
sdxeq_0097__phonefact_opus_nb_8k,1,1.0,1.0,1,1,mixed,simultaneous,synthetic_mixture,flac16k,voice_0183,sdm_fake_0007,0.0,sdxeq_0097,opus_nb_8k,source_disjoint_mixed_equal_v1,,,,,,,0.059115491807460785
sdxeq_0098__phonefact_resample8k,1,1.0,1.0,1,1,mixed,simultaneous,synthetic_mixture,flac16k,voice_0131,sdm_fake_0047,6.0,sdxeq_0098,resample8k,source_disjoint_mixed_equal_v1,,,,,,,0.5375552177429199
sdxeq_0098__phonefact_g711_ulaw,1,1.0,1.0,1,1,mixed,simultaneous,synthetic_mixture,flac16k,voice_0131,sdm_fake_0047,6.0,sdxeq_0098,g711_ulaw,source_disjoint_mixed_equal_v1,,,,,,,0.21815162897109985
sdxeq_0098__phonefact_g726_24k,1,1.0,1.0,1,1,mixed,simultaneous,synthetic_mixture,flac16k,voice_0131,sdm_fake_0047,6.0,sdxeq_0098,g726_24k,source_disjoint_mixed_equal_v1,,,,,,,0.23297077417373657
sdxeq_0098__phonefact_opus_nb_8k,1,1.0,1.0,1,1,mixed,simultaneous,synthetic_mixture,flac16k,voice_0131,sdm_fake_0047,6.0,sdxeq_0098,opus_nb_8k,source_disjoint_mixed_equal_v1,,,,,,,0.02891550213098526
sdxeq_0099__phonefact_resample8k,1,1.0,1.0,1,1,mixed,simultaneous,synthetic_mixture,flac16k,voice_0160,sdm_fake_0105,-6.0,sdxeq_0099,resample8k,source_disjoint_mixed_equal_v1,,,,,,,0.9494900703430176
sdxeq_0099__phonefact_g711_ulaw,1,1.0,1.0,1,1,mixed,simultaneous,synthetic_mixture,flac16k,voice_0160,sdm_fake_0105,-6.0,sdxeq_0099,g711_ulaw,source_disjoint_mixed_equal_v1,,,,,,,0.13582514226436615
sdxeq_0099__phonefact_g726_24k,1,1.0,1.0,1,1,mixed,simultaneous,synthetic_mixture,flac16k,voice_0160,sdm_fake_0105,-6.0,sdxeq_0099,g726_24k,source_disjoint_mixed_equal_v1,,,,,,,0.11408044397830963
sdxeq_0099__phonefact_opus_nb_8k,1,1.0,1.0,1,1,mixed,simultaneous,synthetic_mixture,flac16k,voice_0160,sdm_fake_0105,-6.0,sdxeq_0099,opus_nb_8k,source_disjoint_mixed_equal_v1,,,,,,,0.01599310338497162
sdm_real_0000__phonefact_resample8k,0,,0.0,0,1,music,source_disjoint,FMA,common_flac16k,,,,sdm_real_0000,resample8k,source_disjoint_music_v1,real,025608,alignment,,,,0.10087628662586212
sdm_real_0000__phonefact_g711_ulaw,0,,0.0,0,1,music,source_disjoint,FMA,common_flac16k,,,,sdm_real_0000,g711_ulaw,source_disjoint_music_v1,real,025608,alignment,,,,0.05827239900827408
sdm_real_0000__phonefact_g726_24k,0,,0.0,0,1,music,source_disjoint,FMA,common_flac16k,,,,sdm_real_0000,g726_24k,source_disjoint_music_v1,real,025608,alignment,,,,0.050450146198272705
sdm_real_0000__phonefact_opus_nb_8k,0,,0.0,0,1,music,source_disjoint,FMA,common_flac16k,,,,sdm_real_0000,opus_nb_8k,source_disjoint_music_v1,real,025608,alignment,,,,0.009815056808292866
sdm_real_0001__phonefact_resample8k,0,,0.0,0,1,music,source_disjoint,FMA,common_flac16k,,,,sdm_real_0001,resample8k,source_disjoint_music_v1,real,152262,prospective,,,,0.0442311130464077
sdm_real_0001__phonefact_g711_ulaw,0,,0.0,0,1,music,source_disjoint,FMA,common_flac16k,,,,sdm_real_0001,g711_ulaw,source_disjoint_music_v1,real,152262,prospective,,,,0.08092515915632248
sdm_real_0001__phonefact_g726_24k,0,,0.0,0,1,music,source_disjoint,FMA,common_flac16k,,,,sdm_real_0001,g726_24k,source_disjoint_music_v1,real,152262,prospective,,,,0.10384366661310196
sdm_real_0001__phonefact_opus_nb_8k,0,,0.0,0,1,music,source_disjoint,FMA,common_flac16k,,,,sdm_real_0001,opus_nb_8k,source_disjoint_music_v1,real,152262,prospective,,,,0.008844520896673203
sdm_real_0002__phonefact_resample8k,0,,0.0,0,1,music,source_disjoint,FMA,common_flac16k,,,,sdm_real_0002,resample8k,source_disjoint_music_v1,real,001688,alignment,,,,0.27845534682273865
sdm_real_0002__phonefact_g711_ulaw,0,,0.0,0,1,music,source_disjoint,FMA,common_flac16k,,,,sdm_real_0002,g711_ulaw,source_disjoint_music_v1,real,001688,alignment,,,,0.22681395709514618
sdm_real_0002__phonefact_g726_24k,0,,0.0,0,1,music,source_disjoint,FMA,common_flac16k,,,,sdm_real_0002,g726_24k,source_disjoint_music_v1,real,001688,alignment,,,,0.19880011677742004
sdm_real_0002__phonefact_opus_nb_8k,0,,0.0,0,1,music,source_disjoint,FMA,common_flac16k,,,,sdm_real_0002,opus_nb_8k,source_disjoint_music_v1,real,001688,alignment,,,,0.009357484988868237
sdm_real_0003__phonefact_resample8k,0,,0.0,0,1,music,source_disjoint,FMA,common_flac16k,,,,sdm_real_0003,resample8k,source_disjoint_music_v1,real,021167,prospective,,,,0.04931690916419029
sdm_real_0003__phonefact_g711_ulaw,0,,0.0,0,1,music,source_disjoint,FMA,common_flac16k,,,,sdm_real_0003,g711_ulaw,source_disjoint_music_v1,real,021167,prospective,,,,0.01613042689859867
sdm_real_0003__phonefact_g726_24k,0,,0.0,0,1,music,source_disjoint,FMA,common_flac16k,,,,sdm_real_0003,g726_24k,source_disjoint_music_v1,real,021167,prospective,,,,0.01911991275846958
sdm_real_0003__phonefact_opus_nb_8k,0,,0.0,0,1,music,source_disjoint,FMA,common_flac16k,,,,sdm_real_0003,opus_nb_8k,source_disjoint_music_v1,real,021167,prospective,,,,0.009183699265122414
sdm_real_0004__phonefact_resample8k,0,,0.0,0,1,music,source_disjoint,FMA,common_flac16k,,,,sdm_real_0004,resample8k,source_disjoint_music_v1,real,110105,alignment,,,,0.6607789993286133
sdm_real_0004__phonefact_g711_ulaw,0,,0.0,0,1,music,source_disjoint,FMA,common_flac16k,,,,sdm_real_0004,g711_ulaw,source_disjoint_music_v1,real,110105,alignment,,,,0.22945736348628998
sdm_real_0004__phonefact_g726_24k,0,,0.0,0,1,music,source_disjoint,FMA,common_flac16k,,,,sdm_real_0004,g726_24k,source_disjoint_music_v1,real,110105,alignment,,,,0.3085927963256836
sdm_real_0004__phonefact_opus_nb_8k,0,,0.0,0,1,music,source_disjoint,FMA,common_flac16k,,,,sdm_real_0004,opus_nb_8k,source_disjoint_music_v1,real,110105,alignment,,,,0.01081506535410881
sdm_real_0005__phonefact_resample8k,0,,0.0,0,1,music,source_disjoint,FMA,common_flac16k,,,,sdm_real_0005,resample8k,source_disjoint_music_v1,real,148584,prospective,,,,0.03381447121500969
sdm_real_0005__phonefact_g711_ulaw,0,,0.0,0,1,music,source_disjoint,FMA,common_flac16k,,,,sdm_real_0005,g711_ulaw,source_disjoint_music_v1,real,148584,prospective,,,,0.03298558294773102
sdm_real_0005__phonefact_g726_24k,0,,0.0,0,1,music,source_disjoint,FMA,common_flac16k,,,,sdm_real_0005,g726_24k,source_disjoint_music_v1,real,148584,prospective,,,,0.03837462514638901
sdm_real_0005__phonefact_opus_nb_8k,0,,0.0,0,1,music,source_disjoint,FMA,common_flac16k,,,,sdm_real_0005,opus_nb_8k,source_disjoint_music_v1,real,148584,prospective,,,,0.008599665947258472
sdm_real_0006__phonefact_resample8k,0,,0.0,0,1,music,source_disjoint,FMA,common_flac16k,,,,sdm_real_0006,resample8k,source_disjoint_music_v1,real,123099,alignment,,,,0.2947850227355957
sdm_real_0006__phonefact_g711_ulaw,0,,0.0,0,1,music,source_disjoint,FMA,common_flac16k,,,,sdm_real_0006,g711_ulaw,source_disjoint_music_v1,real,123099,alignment,,,,0.21434111893177032
sdm_real_0006__phonefact_g726_24k,0,,0.0,0,1,music,source_disjoint,FMA,common_flac16k,,,,sdm_real_0006,g726_24k,source_disjoint_music_v1,real,123099,alignment,,,,0.27035588026046753
sdm_real_0006__phonefact_opus_nb_8k,0,,0.0,0,1,music,source_disjoint,FMA,common_flac16k,,,,sdm_real_0006,opus_nb_8k,source_disjoint_music_v1,real,123099,alignment,,,,0.01798899844288826
sdm_real_0007__phonefact_resample8k,0,,0.0,0,1,music,source_disjoint,FMA,common_flac16k,,,,sdm_real_0007,resample8k,source_disjoint_music_v1,real,004092,prospective,,,,0.01703370362520218
sdm_real_0007__phonefact_g711_ulaw,0,,0.0,0,1,music,source_disjoint,FMA,common_flac16k,,,,sdm_real_0007,g711_ulaw,source_disjoint_music_v1,real,004092,prospective,,,,0.015016242861747742
sdm_real_0007__phonefact_g726_24k,0,,0.0,0,1,music,source_disjoint,FMA,common_flac16k,,,,sdm_real_0007,g726_24k,source_disjoint_music_v1,real,004092,prospective,,,,0.01578516885638237
sdm_real_0007__phonefact_opus_nb_8k,0,,0.0,0,1,music,source_disjoint,FMA,common_flac16k,,,,sdm_real_0007,opus_nb_8k,source_disjoint_music_v1,real,004092,prospective,,,,0.0070568108931183815
sdm_real_0008__phonefact_resample8k,0,,0.0,0,1,music,source_disjoint,FMA,common_flac16k,,,,sdm_real_0008,resample8k,source_disjoint_music_v1,real,127279,alignment,,,,0.5502064824104309
sdm_real_0008__phonefact_g711_ulaw,0,,0.0,0,1,music,source_disjoint,FMA,common_flac16k,,,,sdm_real_0008,g711_ulaw,source_disjoint_music_v1,real,127279,alignment,,,,0.29102835059165955
sdm_real_0008__phonefact_g726_24k,0,,0.0,0,1,music,source_disjoint,FMA,common_flac16k,,,,sdm_real_0008,g726_24k,source_disjoint_music_v1,real,127279,alignment,,,,0.4492611587047577
sdm_real_0008__phonefact_opus_nb_8k,0,,0.0,0,1,music,source_disjoint,FMA,common_flac16k,,,,sdm_real_0008,opus_nb_8k,source_disjoint_music_v1,real,127279,alignment,,,,0.020980561152100563
sdm_real_0009__phonefact_resample8k,0,,0.0,0,1,music,source_disjoint,FMA,common_flac16k,,,,sdm_real_0009,resample8k,source_disjoint_music_v1,real,126320,prospective,,,,0.688734233379364
sdm_real_0009__phonefact_g711_ulaw,0,,0.0,0,1,music,source_disjoint,FMA,common_flac16k,,,,sdm_real_0009,g711_ulaw,source_disjoint_music_v1,real,126320,prospective,,,,0.7311419248580933
sdm_real_0009__phonefact_g726_24k,0,,0.0,0,1,music,source_disjoint,FMA,common_flac16k,,,,sdm_real_0009,g726_24k,source_disjoint_music_v1,real,126320,prospective,,,,0.6011749505996704
sdm_real_0009__phonefact_opus_nb_8k,0,,0.0,0,1,music,source_disjoint,FMA,common_flac16k,,,,sdm_real_0009,opus_nb_8k,source_disjoint_music_v1,real,126320,prospective,,,,0.05003885552287102
sdm_real_0010__phonefact_resample8k,0,,0.0,0,1,music,source_disjoint,FMA,common_flac16k,,,,sdm_real_0010,resample8k,source_disjoint_music_v1,real,062595,alignment,,,,0.14724263548851013
sdm_real_0010__phonefact_g711_ulaw,0,,0.0,0,1,music,source_disjoint,FMA,common_flac16k,,,,sdm_real_0010,g711_ulaw,source_disjoint_music_v1,real,062595,alignment,,,,0.1797066479921341
sdm_real_0010__phonefact_g726_24k,0,,0.0,0,1,music,source_disjoint,FMA,common_flac16k,,,,sdm_real_0010,g726_24k,source_disjoint_music_v1,real,062595,alignment,,,,0.1962033212184906
sdm_real_0010__phonefact_opus_nb_8k,0,,0.0,0,1,music,source_disjoint,FMA,common_flac16k,,,,sdm_real_0010,opus_nb_8k,source_disjoint_music_v1,real,062595,alignment,,,,0.04086122661828995
sdm_real_0011__phonefact_resample8k,0,,0.0,0,1,music,source_disjoint,FMA,common_flac16k,,,,sdm_real_0011,resample8k,source_disjoint_music_v1,real,127290,prospective,,,,0.03986012190580368
sdm_real_0011__phonefact_g711_ulaw,0,,0.0,0,1,music,source_disjoint,FMA,common_flac16k,,,,sdm_real_0011,g711_ulaw,source_disjoint_music_v1,real,127290,prospective,,,,0.031025540083646774
sdm_real_0011__phonefact_g726_24k,0,,0.0,0,1,music,source_disjoint,FMA,common_flac16k,,,,sdm_real_0011,g726_24k,source_disjoint_music_v1,real,127290,prospective,,,,0.0269026979804039
sdm_real_0011__phonefact_opus_nb_8k,0,,0.0,0,1,music,source_disjoint,FMA,common_flac16k,,,,sdm_real_0011,opus_nb_8k,source_disjoint_music_v1,real,127290,prospective,,,,0.008492058143019676
sdm_real_0012__phonefact_resample8k,0,,0.0,0,1,music,source_disjoint,FMA,common_flac16k,,,,sdm_real_0012,resample8k,source_disjoint_music_v1,real,044803,alignment,,,,0.5072714686393738
sdm_real_0012__phonefact_g711_ulaw,0,,0.0,0,1,music,source_disjoint,FMA,common_flac16k,,,,sdm_real_0012,g711_ulaw,source_disjoint_music_v1,real,044803,alignment,,,,0.5222340822219849
sdm_real_0012__phonefact_g726_24k,0,,0.0,0,1,music,source_disjoint,FMA,common_flac16k,,,,sdm_real_0012,g726_24k,source_disjoint_music_v1,real,044803,alignment,,,,0.4375627934932709
sdm_real_0012__phonefact_opus_nb_8k,0,,0.0,0,1,music,source_disjoint,FMA,common_flac16k,,,,sdm_real_0012,opus_nb_8k,source_disjoint_music_v1,real,044803,alignment,,,,0.10565777868032455
sdm_real_0013__phonefact_resample8k,0,,0.0,0,1,music,source_disjoint,FMA,common_flac16k,,,,sdm_real_0013,resample8k,source_disjoint_music_v1,real,031390,prospective,,,,0.2528480291366577
sdm_real_0013__phonefact_g711_ulaw,0,,0.0,0,1,music,source_disjoint,FMA,common_flac16k,,,,sdm_real_0013,g711_ulaw,source_disjoint_music_v1,real,031390,prospective,,,,0.09143726527690887
sdm_real_0013__phonefact_g726_24k,0,,0.0,0,1,music,source_disjoint,FMA,common_flac16k,,,,sdm_real_0013,g726_24k,source_disjoint_music_v1,real,031390,prospective,,,,0.06602907180786133
sdm_real_0013__phonefact_opus_nb_8k,0,,0.0,0,1,music,source_disjoint,FMA,common_flac16k,,,,sdm_real_0013,opus_nb_8k,source_disjoint_music_v1,real,031390,prospective,,,,0.01001425739377737
sdm_real_0014__phonefact_resample8k,0,,0.0,0,1,music,source_disjoint,FMA,common_flac16k,,,,sdm_real_0014,resample8k,source_disjoint_music_v1,real,052954,alignment,,,,0.07979331910610199
sdm_real_0014__phonefact_g711_ulaw,0,,0.0,0,1,music,source_disjoint,FMA,common_flac16k,,,,sdm_real_0014,g711_ulaw,source_disjoint_music_v1,real,052954,alignment,,,,0.06829338520765305
sdm_real_0014__phonefact_g726_24k,0,,0.0,0,1,music,source_disjoint,FMA,common_flac16k,,,,sdm_real_0014,g726_24k,source_disjoint_music_v1,real,052954,alignment,,,,0.059177324175834656
sdm_real_0014__phonefact_opus_nb_8k,0,,0.0,0,1,music,source_disjoint,FMA,common_flac16k,,,,sdm_real_0014,opus_nb_8k,source_disjoint_music_v1,real,052954,alignment,,,,0.012003760784864426
sdm_real_0015__phonefact_resample8k,0,,0.0,0,1,music,source_disjoint,FMA,common_flac16k,,,,sdm_real_0015,resample8k,source_disjoint_music_v1,real,059727,prospective,,,,0.38242673873901367
sdm_real_0015__phonefact_g711_ulaw,0,,0.0,0,1,music,source_disjoint,FMA,common_flac16k,,,,sdm_real_0015,g711_ulaw,source_disjoint_music_v1,real,059727,prospective,,,,0.4149453639984131
sdm_real_0015__phonefact_g726_24k,0,,0.0,0,1,music,source_disjoint,FMA,common_flac16k,,,,sdm_real_0015,g726_24k,source_disjoint_music_v1,real,059727,prospective,,,,0.4221837818622589
sdm_real_0015__phonefact_opus_nb_8k,0,,0.0,0,1,music,source_disjoint,FMA,common_flac16k,,,,sdm_real_0015,opus_nb_8k,source_disjoint_music_v1,real,059727,prospective,,,,0.021967845037579536
sdm_real_0016__phonefact_resample8k,0,,0.0,0,1,music,source_disjoint,FMA,common_flac16k,,,,sdm_real_0016,resample8k,source_disjoint_music_v1,real,076129,alignment,,,,0.14005492627620697
sdm_real_0016__phonefact_g711_ulaw,0,,0.0,0,1,music,source_disjoint,FMA,common_flac16k,,,,sdm_real_0016,g711_ulaw,source_disjoint_music_v1,real,076129,alignment,,,,0.09486870467662811
sdm_real_0016__phonefact_g726_24k,0,,0.0,0,1,music,source_disjoint,FMA,common_flac16k,,,,sdm_real_0016,g726_24k,source_disjoint_music_v1,real,076129,alignment,,,,0.13274890184402466
sdm_real_0016__phonefact_opus_nb_8k,0,,0.0,0,1,music,source_disjoint,FMA,common_flac16k,,,,sdm_real_0016,opus_nb_8k,source_disjoint_music_v1,real,076129,alignment,,,,0.02339521050453186
sdm_real_0017__phonefact_resample8k,0,,0.0,0,1,music,source_disjoint,FMA,common_flac16k,,,,sdm_real_0017,resample8k,source_disjoint_music_v1,real,116517,prospective,,,,0.08194408565759659
sdm_real_0017__phonefact_g711_ulaw,0,,0.0,0,1,music,source_disjoint,FMA,common_flac16k,,,,sdm_real_0017,g711_ulaw,source_disjoint_music_v1,real,116517,prospective,,,,0.1045365110039711
sdm_real_0017__phonefact_g726_24k,0,,0.0,0,1,music,source_disjoint,FMA,common_flac16k,,,,sdm_real_0017,g726_24k,source_disjoint_music_v1,real,116517,prospective,,,,0.07545679062604904
sdm_real_0017__phonefact_opus_nb_8k,0,,0.0,0,1,music,source_disjoint,FMA,common_flac16k,,,,sdm_real_0017,opus_nb_8k,source_disjoint_music_v1,real,116517,prospective,,,,0.022137589752674103
sdm_real_0018__phonefact_resample8k,0,,0.0,0,1,music,source_disjoint,FMA,common_flac16k,,,,sdm_real_0018,resample8k,source_disjoint_music_v1,real,060753,alignment,,,,0.1861148476600647
sdm_real_0018__phonefact_g711_ulaw,0,,0.0,0,1,music,source_disjoint,FMA,common_flac16k,,,,sdm_real_0018,g711_ulaw,source_disjoint_music_v1,real,060753,alignment,,,,0.294314980506897
sdm_real_0018__phonefact_g726_24k,0,,0.0,0,1,music,source_disjoint,FMA,common_flac16k,,,,sdm_real_0018,g726_24k,source_disjoint_music_v1,real,060753,alignment,,,,0.23284268379211426
sdm_real_0018__phonefact_opus_nb_8k,0,,0.0,0,1,music,source_disjoint,FMA,common_flac16k,,,,sdm_real_0018,opus_nb_8k,source_disjoint_music_v1,real,060753,alignment,,,,0.01649344153702259
sdm_real_0019__phonefact_resample8k,0,,0.0,0,1,music,source_disjoint,FMA,common_flac16k,,,,sdm_real_0019,resample8k,source_disjoint_music_v1,real,119831,prospective,,,,0.17040149867534637
sdm_real_0019__phonefact_g711_ulaw,0,,0.0,0,1,music,source_disjoint,FMA,common_flac16k,,,,sdm_real_0019,g711_ulaw,source_disjoint_music_v1,real,119831,prospective,,,,0.15013478696346283
sdm_real_0019__phonefact_g726_24k,0,,0.0,0,1,music,source_disjoint,FMA,common_flac16k,,,,sdm_real_0019,g726_24k,source_disjoint_music_v1,real,119831,prospective,,,,0.1305454522371292
sdm_real_0019__phonefact_opus_nb_8k,0,,0.0,0,1,music,source_disjoint,FMA,common_flac16k,,,,sdm_real_0019,opus_nb_8k,source_disjoint_music_v1,real,119831,prospective,,,,0.012898647226393223
sdm_real_0020__phonefact_resample8k,0,,0.0,0,1,music,source_disjoint,FMA,common_flac16k,,,,sdm_real_0020,resample8k,source_disjoint_music_v1,real,096935,alignment,,,,0.20254060626029968
sdm_real_0020__phonefact_g711_ulaw,0,,0.0,0,1,music,source_disjoint,FMA,common_flac16k,,,,sdm_real_0020,g711_ulaw,source_disjoint_music_v1,real,096935,alignment,,,,0.10667255520820618
sdm_real_0020__phonefact_g726_24k,0,,0.0,0,1,music,source_disjoint,FMA,common_flac16k,,,,sdm_real_0020,g726_24k,source_disjoint_music_v1,real,096935,alignment,,,,0.09877391159534454
sdm_real_0020__phonefact_opus_nb_8k,0,,0.0,0,1,music,source_disjoint,FMA,common_flac16k,,,,sdm_real_0020,opus_nb_8k,source_disjoint_music_v1,real,096935,alignment,,,,0.01595274917781353
sdm_real_0021__phonefact_resample8k,0,,0.0,0,1,music,source_disjoint,FMA,common_flac16k,,,,sdm_real_0021,resample8k,source_disjoint_music_v1,real,002097,prospective,,,,0.07472791522741318
sdm_real_0021__phonefact_g711_ulaw,0,,0.0,0,1,music,source_disjoint,FMA,common_flac16k,,,,sdm_real_0021,g711_ulaw,source_disjoint_music_v1,real,002097,prospective,,,,0.15452490746974945
sdm_real_0021__phonefact_g726_24k,0,,0.0,0,1,music,source_disjoint,FMA,common_flac16k,,,,sdm_real_0021,g726_24k,source_disjoint_music_v1,real,002097,prospective,,,,0.11056573688983917
sdm_real_0021__phonefact_opus_nb_8k,0,,0.0,0,1,music,source_disjoint,FMA,common_flac16k,,,,sdm_real_0021,opus_nb_8k,source_disjoint_music_v1,real,002097,prospective,,,,0.0386279821395874
sdm_real_0022__phonefact_resample8k,0,,0.0,0,1,music,source_disjoint,FMA,common_flac16k,,,,sdm_real_0022,resample8k,source_disjoint_music_v1,real,105717,alignment,,,,0.03157343342900276
sdm_real_0022__phonefact_g711_ulaw,0,,0.0,0,1,music,source_disjoint,FMA,common_flac16k,,,,sdm_real_0022,g711_ulaw,source_disjoint_music_v1,real,105717,alignment,,,,0.04036468267440796
sdm_real_0022__phonefact_g726_24k,0,,0.0,0,1,music,source_disjoint,FMA,common_flac16k,,,,sdm_real_0022,g726_24k,source_disjoint_music_v1,real,105717,alignment,,,,0.04651720076799393
sdm_real_0022__phonefact_opus_nb_8k,0,,0.0,0,1,music,source_disjoint,FMA,common_flac16k,,,,sdm_real_0022,opus_nb_8k,source_disjoint_music_v1,real,105717,alignment,,,,0.01367977261543274
sdm_real_0023__phonefact_resample8k,0,,0.0,0,1,music,source_disjoint,FMA,common_flac16k,,,,sdm_real_0023,resample8k,source_disjoint_music_v1,real,122004,prospective,,,,0.7573437690734863
sdm_real_0023__phonefact_g711_ulaw,0,,0.0,0,1,music,source_disjoint,FMA,common_flac16k,,,,sdm_real_0023,g711_ulaw,source_disjoint_music_v1,real,122004,prospective,,,,0.7838950157165527
sdm_real_0023__phonefact_g726_24k,0,,0.0,0,1,music,source_disjoint,FMA,common_flac16k,,,,sdm_real_0023,g726_24k,source_disjoint_music_v1,real,122004,prospective,,,,0.7748755216598511
sdm_real_0023__phonefact_opus_nb_8k,0,,0.0,0,1,music,source_disjoint,FMA,common_flac16k,,,,sdm_real_0023,opus_nb_8k,source_disjoint_music_v1,real,122004,prospective,,,,0.3601108193397522
sdm_real_0024__phonefact_resample8k,0,,0.0,0,1,music,source_disjoint,FMA,common_flac16k,,,,sdm_real_0024,resample8k,source_disjoint_music_v1,real,042238,alignment,,,,0.1724422723054886
sdm_real_0024__phonefact_g711_ulaw,0,,0.0,0,1,music,source_disjoint,FMA,common_flac16k,,,,sdm_real_0024,g711_ulaw,source_disjoint_music_v1,real,042238,alignment,,,,0.20265154540538788
sdm_real_0024__phonefact_g726_24k,0,,0.0,0,1,music,source_disjoint,FMA,common_flac16k,,,,sdm_real_0024,g726_24k,source_disjoint_music_v1,real,042238,alignment,,,,0.19764338433742523
sdm_real_0024__phonefact_opus_nb_8k,0,,0.0,0,1,music,source_disjoint,FMA,common_flac16k,,,,sdm_real_0024,opus_nb_8k,source_disjoint_music_v1,real,042238,alignment,,,,0.012356247752904892
sdm_real_0025__phonefact_resample8k,0,,0.0,0,1,music,source_disjoint,FMA,common_flac16k,,,,sdm_real_0025,resample8k,source_disjoint_music_v1,real,099436,prospective,,,,0.016143707558512688
sdm_real_0025__phonefact_g711_ulaw,0,,0.0,0,1,music,source_disjoint,FMA,common_flac16k,,,,sdm_real_0025,g711_ulaw,source_disjoint_music_v1,real,099436,prospective,,,,0.06903086602687836
sdm_real_0025__phonefact_g726_24k,0,,0.0,0,1,music,source_disjoint,FMA,common_flac16k,,,,sdm_real_0025,g726_24k,source_disjoint_music_v1,real,099436,prospective,,,,0.06197259947657585
sdm_real_0025__phonefact_opus_nb_8k,0,,0.0,0,1,music,source_disjoint,FMA,common_flac16k,,,,sdm_real_0025,opus_nb_8k,source_disjoint_music_v1,real,099436,prospective,,,,0.01180485263466835
sdm_real_0026__phonefact_resample8k,0,,0.0,0,1,music,source_disjoint,FMA,common_flac16k,,,,sdm_real_0026,resample8k,source_disjoint_music_v1,real,135010,alignment,,,,0.30542728304862976
sdm_real_0026__phonefact_g711_ulaw,0,,0.0,0,1,music,source_disjoint,FMA,common_flac16k,,,,sdm_real_0026,g711_ulaw,source_disjoint_music_v1,real,135010,alignment,,,,0.09807958453893661
sdm_real_0026__phonefact_g726_24k,0,,0.0,0,1,music,source_disjoint,FMA,common_flac16k,,,,sdm_real_0026,g726_24k,source_disjoint_music_v1,real,135010,alignment,,,,0.07715968787670135
sdm_real_0026__phonefact_opus_nb_8k,0,,0.0,0,1,music,source_disjoint,FMA,common_flac16k,,,,sdm_real_0026,opus_nb_8k,source_disjoint_music_v1,real,135010,alignment,,,,0.008564649149775505
sdm_real_0027__phonefact_resample8k,0,,0.0,0,1,music,source_disjoint,FMA,common_flac16k,,,,sdm_real_0027,resample8k,source_disjoint_music_v1,real,037727,prospective,,,,0.06066345423460007
sdm_real_0027__phonefact_g711_ulaw,0,,0.0,0,1,music,source_disjoint,FMA,common_flac16k,,,,sdm_real_0027,g711_ulaw,source_disjoint_music_v1,real,037727,prospective,,,,0.032983679324388504
sdm_real_0027__phonefact_g726_24k,0,,0.0,0,1,music,source_disjoint,FMA,common_flac16k,,,,sdm_real_0027,g726_24k,source_disjoint_music_v1,real,037727,prospective,,,,0.03601254150271416
sdm_real_0027__phonefact_opus_nb_8k,0,,0.0,0,1,music,source_disjoint,FMA,common_flac16k,,,,sdm_real_0027,opus_nb_8k,source_disjoint_music_v1,real,037727,prospective,,,,0.009331327863037586
sdm_real_0028__phonefact_resample8k,0,,0.0,0,1,music,source_disjoint,FMA,common_flac16k,,,,sdm_real_0028,resample8k,source_disjoint_music_v1,real,098237,alignment,,,,0.2607194185256958
sdm_real_0028__phonefact_g711_ulaw,0,,0.0,0,1,music,source_disjoint,FMA,common_flac16k,,,,sdm_real_0028,g711_ulaw,source_disjoint_music_v1,real,098237,alignment,,,,0.1567302793264389
sdm_real_0028__phonefact_g726_24k,0,,0.0,0,1,music,source_disjoint,FMA,common_flac16k,,,,sdm_real_0028,g726_24k,source_disjoint_music_v1,real,098237,alignment,,,,0.09550802409648895
sdm_real_0028__phonefact_opus_nb_8k,0,,0.0,0,1,music,source_disjoint,FMA,common_flac16k,,,,sdm_real_0028,opus_nb_8k,source_disjoint_music_v1,real,098237,alignment,,,,0.1107146292924881
sdm_real_0029__phonefact_resample8k,0,,0.0,0,1,music,source_disjoint,FMA,common_flac16k,,,,sdm_real_0029,resample8k,source_disjoint_music_v1,real,087965,prospective,,,,0.4581691026687622
sdm_real_0029__phonefact_g711_ulaw,0,,0.0,0,1,music,source_disjoint,FMA,common_flac16k,,,,sdm_real_0029,g711_ulaw,source_disjoint_music_v1,real,087965,prospective,,,,0.23496411740779877
sdm_real_0029__phonefact_g726_24k,0,,0.0,0,1,music,source_disjoint,FMA,common_flac16k,,,,sdm_real_0029,g726_24k,source_disjoint_music_v1,real,087965,prospective,,,,0.1785050332546234
sdm_real_0029__phonefact_opus_nb_8k,0,,0.0,0,1,music,source_disjoint,FMA,common_flac16k,,,,sdm_real_0029,opus_nb_8k,source_disjoint_music_v1,real,087965,prospective,,,,0.020961912348866463
sdm_real_0030__phonefact_resample8k,0,,0.0,0,1,music,source_disjoint,FMA,common_flac16k,,,,sdm_real_0030,resample8k,source_disjoint_music_v1,real,129972,alignment,,,,0.04076376184821129
sdm_real_0030__phonefact_g711_ulaw,0,,0.0,0,1,music,source_disjoint,FMA,common_flac16k,,,,sdm_real_0030,g711_ulaw,source_disjoint_music_v1,real,129972,alignment,,,,0.021042566746473312
sdm_real_0030__phonefact_g726_24k,0,,0.0,0,1,music,source_disjoint,FMA,common_flac16k,,,,sdm_real_0030,g726_24k,source_disjoint_music_v1,real,129972,alignment,,,,0.021315347403287888
sdm_real_0030__phonefact_opus_nb_8k,0,,0.0,0,1,music,source_disjoint,FMA,common_flac16k,,,,sdm_real_0030,opus_nb_8k,source_disjoint_music_v1,real,129972,alignment,,,,0.008311973884701729
sdm_real_0031__phonefact_resample8k,0,,0.0,0,1,music,source_disjoint,FMA,common_flac16k,,,,sdm_real_0031,resample8k,source_disjoint_music_v1,real,070425,prospective,,,,0.5987650156021118
sdm_real_0031__phonefact_g711_ulaw,0,,0.0,0,1,music,source_disjoint,FMA,common_flac16k,,,,sdm_real_0031,g711_ulaw,source_disjoint_music_v1,real,070425,prospective,,,,0.27892205119132996
sdm_real_0031__phonefact_g726_24k,0,,0.0,0,1,music,source_disjoint,FMA,common_flac16k,,,,sdm_real_0031,g726_24k,source_disjoint_music_v1,real,070425,prospective,,,,0.24818292260169983
sdm_real_0031__phonefact_opus_nb_8k,0,,0.0,0,1,music,source_disjoint,FMA,common_flac16k,,,,sdm_real_0031,opus_nb_8k,source_disjoint_music_v1,real,070425,prospective,,,,0.01323903352022171
sdm_real_0032__phonefact_resample8k,0,,0.0,0,1,music,source_disjoint,FMA,common_flac16k,,,,sdm_real_0032,resample8k,source_disjoint_music_v1,real,108497,alignment,,,,0.08707530051469803
sdm_real_0032__phonefact_g711_ulaw,0,,0.0,0,1,music,source_disjoint,FMA,common_flac16k,,,,sdm_real_0032,g711_ulaw,source_disjoint_music_v1,real,108497,alignment,,,,0.04466385766863823
sdm_real_0032__phonefact_g726_24k,0,,0.0,0,1,music,source_disjoint,FMA,common_flac16k,,,,sdm_real_0032,g726_24k,source_disjoint_music_v1,real,108497,alignment,,,,0.052077919244766235
sdm_real_0032__phonefact_opus_nb_8k,0,,0.0,0,1,music,source_disjoint,FMA,common_flac16k,,,,sdm_real_0032,opus_nb_8k,source_disjoint_music_v1,real,108497,alignment,,,,0.015067377127707005
sdm_real_0033__phonefact_resample8k,0,,0.0,0,1,music,source_disjoint,FMA,common_flac16k,,,,sdm_real_0033,resample8k,source_disjoint_music_v1,real,121415,prospective,,,,0.31643596291542053
sdm_real_0033__phonefact_g711_ulaw,0,,0.0,0,1,music,source_disjoint,FMA,common_flac16k,,,,sdm_real_0033,g711_ulaw,source_disjoint_music_v1,real,121415,prospective,,,,0.07693188637495041
sdm_real_0033__phonefact_g726_24k,0,,0.0,0,1,music,source_disjoint,FMA,common_flac16k,,,,sdm_real_0033,g726_24k,source_disjoint_music_v1,real,121415,prospective,,,,0.09421515464782715
sdm_real_0033__phonefact_opus_nb_8k,0,,0.0,0,1,music,source_disjoint,FMA,common_flac16k,,,,sdm_real_0033,opus_nb_8k,source_disjoint_music_v1,real,121415,prospective,,,,0.026365704834461212
sdm_real_0034__phonefact_resample8k,0,,0.0,0,1,music,source_disjoint,FMA,common_flac16k,,,,sdm_real_0034,resample8k,source_disjoint_music_v1,real,104668,alignment,,,,0.06556492298841476
sdm_real_0034__phonefact_g711_ulaw,0,,0.0,0,1,music,source_disjoint,FMA,common_flac16k,,,,sdm_real_0034,g711_ulaw,source_disjoint_music_v1,real,104668,alignment,,,,0.09075090289115906
sdm_real_0034__phonefact_g726_24k,0,,0.0,0,1,music,source_disjoint,FMA,common_flac16k,,,,sdm_real_0034,g726_24k,source_disjoint_music_v1,real,104668,alignment,,,,0.08410042524337769
sdm_real_0034__phonefact_opus_nb_8k,0,,0.0,0,1,music,source_disjoint,FMA,common_flac16k,,,,sdm_real_0034,opus_nb_8k,source_disjoint_music_v1,real,104668,alignment,,,,0.011788460426032543
sdm_real_0035__phonefact_resample8k,0,,0.0,0,1,music,source_disjoint,FMA,common_flac16k,,,,sdm_real_0035,resample8k,source_disjoint_music_v1,real,069785,prospective,,,,0.196136936545372
sdm_real_0035__phonefact_g711_ulaw,0,,0.0,0,1,music,source_disjoint,FMA,common_flac16k,,,,sdm_real_0035,g711_ulaw,source_disjoint_music_v1,real,069785,prospective,,,,0.020331867039203644
sdm_real_0035__phonefact_g726_24k,0,,0.0,0,1,music,source_disjoint,FMA,common_flac16k,,,,sdm_real_0035,g726_24k,source_disjoint_music_v1,real,069785,prospective,,,,0.018534183502197266
sdm_real_0035__phonefact_opus_nb_8k,0,,0.0,0,1,music,source_disjoint,FMA,common_flac16k,,,,sdm_real_0035,opus_nb_8k,source_disjoint_music_v1,real,069785,prospective,,,,0.007959946058690548
sdm_real_0036__phonefact_resample8k,0,,0.0,0,1,music,source_disjoint,FMA,common_flac16k,,,,sdm_real_0036,resample8k,source_disjoint_music_v1,real,019417,alignment,,,,0.0568762831389904
sdm_real_0036__phonefact_g711_ulaw,0,,0.0,0,1,music,source_disjoint,FMA,common_flac16k,,,,sdm_real_0036,g711_ulaw,source_disjoint_music_v1,real,019417,alignment,,,,0.05893709510564804
sdm_real_0036__phonefact_g726_24k,0,,0.0,0,1,music,source_disjoint,FMA,common_flac16k,,,,sdm_real_0036,g726_24k,source_disjoint_music_v1,real,019417,alignment,,,,0.06217682361602783
sdm_real_0036__phonefact_opus_nb_8k,0,,0.0,0,1,music,source_disjoint,FMA,common_flac16k,,,,sdm_real_0036,opus_nb_8k,source_disjoint_music_v1,real,019417,alignment,,,,0.013649772852659225
sdm_real_0037__phonefact_resample8k,0,,0.0,0,1,music,source_disjoint,FMA,common_flac16k,,,,sdm_real_0037,resample8k,source_disjoint_music_v1,real,048044,prospective,,,,0.16885802149772644
sdm_real_0037__phonefact_g711_ulaw,0,,0.0,0,1,music,source_disjoint,FMA,common_flac16k,,,,sdm_real_0037,g711_ulaw,source_disjoint_music_v1,real,048044,prospective,,,,0.20748886466026306
sdm_real_0037__phonefact_g726_24k,0,,0.0,0,1,music,source_disjoint,FMA,common_flac16k,,,,sdm_real_0037,g726_24k,source_disjoint_music_v1,real,048044,prospective,,,,0.1358458399772644
sdm_real_0037__phonefact_opus_nb_8k,0,,0.0,0,1,music,source_disjoint,FMA,common_flac16k,,,,sdm_real_0037,opus_nb_8k,source_disjoint_music_v1,real,048044,prospective,,,,0.03535125032067299
sdm_real_0038__phonefact_resample8k,0,,0.0,0,1,music,source_disjoint,FMA,common_flac16k,,,,sdm_real_0038,resample8k,source_disjoint_music_v1,real,021409,alignment,,,,0.013046951964497566
sdm_real_0038__phonefact_g711_ulaw,0,,0.0,0,1,music,source_disjoint,FMA,common_flac16k,,,,sdm_real_0038,g711_ulaw,source_disjoint_music_v1,real,021409,alignment,,,,0.023439211770892143
sdm_real_0038__phonefact_g726_24k,0,,0.0,0,1,music,source_disjoint,FMA,common_flac16k,,,,sdm_real_0038,g726_24k,source_disjoint_music_v1,real,021409,alignment,,,,0.023862846195697784
sdm_real_0038__phonefact_opus_nb_8k,0,,0.0,0,1,music,source_disjoint,FMA,common_flac16k,,,,sdm_real_0038,opus_nb_8k,source_disjoint_music_v1,real,021409,alignment,,,,0.012060897424817085
sdm_real_0039__phonefact_resample8k,0,,0.0,0,1,music,source_disjoint,FMA,common_flac16k,,,,sdm_real_0039,resample8k,source_disjoint_music_v1,real,055231,prospective,,,,0.01586874946951866
sdm_real_0039__phonefact_g711_ulaw,0,,0.0,0,1,music,source_disjoint,FMA,common_flac16k,,,,sdm_real_0039,g711_ulaw,source_disjoint_music_v1,real,055231,prospective,,,,0.018528398126363754
sdm_real_0039__phonefact_g726_24k,0,,0.0,0,1,music,source_disjoint,FMA,common_flac16k,,,,sdm_real_0039,g726_24k,source_disjoint_music_v1,real,055231,prospective,,,,0.026263263076543808
sdm_real_0039__phonefact_opus_nb_8k,0,,0.0,0,1,music,source_disjoint,FMA,common_flac16k,,,,sdm_real_0039,opus_nb_8k,source_disjoint_music_v1,real,055231,prospective,,,,0.007601440418511629
sdm_real_0040__phonefact_resample8k,0,,0.0,0,1,music,source_disjoint,FMA,common_flac16k,,,,sdm_real_0040,resample8k,source_disjoint_music_v1,real,033072,alignment,,,,0.17203320562839508
sdm_real_0040__phonefact_g711_ulaw,0,,0.0,0,1,music,source_disjoint,FMA,common_flac16k,,,,sdm_real_0040,g711_ulaw,source_disjoint_music_v1,real,033072,alignment,,,,0.037225667387247086
sdm_real_0040__phonefact_g726_24k,0,,0.0,0,1,music,source_disjoint,FMA,common_flac16k,,,,sdm_real_0040,g726_24k,source_disjoint_music_v1,real,033072,alignment,,,,0.04217875748872757
sdm_real_0040__phonefact_opus_nb_8k,0,,0.0,0,1,music,source_disjoint,FMA,common_flac16k,,,,sdm_real_0040,opus_nb_8k,source_disjoint_music_v1,real,033072,alignment,,,,0.008211526088416576
sdm_real_0041__phonefact_resample8k,0,,0.0,0,1,music,source_disjoint,FMA,common_flac16k,,,,sdm_real_0041,resample8k,source_disjoint_music_v1,real,036428,prospective,,,,0.03221435844898224
sdm_real_0041__phonefact_g711_ulaw,0,,0.0,0,1,music,source_disjoint,FMA,common_flac16k,,,,sdm_real_0041,g711_ulaw,source_disjoint_music_v1,real,036428,prospective,,,,0.01925305835902691
sdm_real_0041__phonefact_g726_24k,0,,0.0,0,1,music,source_disjoint,FMA,common_flac16k,,,,sdm_real_0041,g726_24k,source_disjoint_music_v1,real,036428,prospective,,,,0.029579313471913338
sdm_real_0041__phonefact_opus_nb_8k,0,,0.0,0,1,music,source_disjoint,FMA,common_flac16k,,,,sdm_real_0041,opus_nb_8k,source_disjoint_music_v1,real,036428,prospective,,,,0.012479300610721111
sdm_real_0042__phonefact_resample8k,0,,0.0,0,1,music,source_disjoint,FMA,common_flac16k,,,,sdm_real_0042,resample8k,source_disjoint_music_v1,real,092130,alignment,,,,0.18022093176841736
sdm_real_0042__phonefact_g711_ulaw,0,,0.0,0,1,music,source_disjoint,FMA,common_flac16k,,,,sdm_real_0042,g711_ulaw,source_disjoint_music_v1,real,092130,alignment,,,,0.22732731699943542
sdm_real_0042__phonefact_g726_24k,0,,0.0,0,1,music,source_disjoint,FMA,common_flac16k,,,,sdm_real_0042,g726_24k,source_disjoint_music_v1,real,092130,alignment,,,,0.2737998962402344
sdm_real_0042__phonefact_opus_nb_8k,0,,0.0,0,1,music,source_disjoint,FMA,common_flac16k,,,,sdm_real_0042,opus_nb_8k,source_disjoint_music_v1,real,092130,alignment,,,,0.04811394587159157
sdm_real_0043__phonefact_resample8k,0,,0.0,0,1,music,source_disjoint,FMA,common_flac16k,,,,sdm_real_0043,resample8k,source_disjoint_music_v1,real,134952,prospective,,,,0.14270959794521332
sdm_real_0043__phonefact_g711_ulaw,0,,0.0,0,1,music,source_disjoint,FMA,common_flac16k,,,,sdm_real_0043,g711_ulaw,source_disjoint_music_v1,real,134952,prospective,,,,0.2563563585281372
sdm_real_0043__phonefact_g726_24k,0,,0.0,0,1,music,source_disjoint,FMA,common_flac16k,,,,sdm_real_0043,g726_24k,source_disjoint_music_v1,real,134952,prospective,,,,0.21502918004989624
sdm_real_0043__phonefact_opus_nb_8k,0,,0.0,0,1,music,source_disjoint,FMA,common_flac16k,,,,sdm_real_0043,opus_nb_8k,source_disjoint_music_v1,real,134952,prospective,,,,0.01530152652412653
sdm_real_0044__phonefact_resample8k,0,,0.0,0,1,music,source_disjoint,FMA,common_flac16k,,,,sdm_real_0044,resample8k,source_disjoint_music_v1,real,038890,alignment,,,,0.059266526252031326
sdm_real_0044__phonefact_g711_ulaw,0,,0.0,0,1,music,source_disjoint,FMA,common_flac16k,,,,sdm_real_0044,g711_ulaw,source_disjoint_music_v1,real,038890,alignment,,,,0.12687581777572632
sdm_real_0044__phonefact_g726_24k,0,,0.0,0,1,music,source_disjoint,FMA,common_flac16k,,,,sdm_real_0044,g726_24k,source_disjoint_music_v1,real,038890,alignment,,,,0.09327410161495209
sdm_real_0044__phonefact_opus_nb_8k,0,,0.0,0,1,music,source_disjoint,FMA,common_flac16k,,,,sdm_real_0044,opus_nb_8k,source_disjoint_music_v1,real,038890,alignment,,,,0.024361247196793556
sdm_real_0045__phonefact_resample8k,0,,0.0,0,1,music,source_disjoint,FMA,common_flac16k,,,,sdm_real_0045,resample8k,source_disjoint_music_v1,real,054467,prospective,,,,0.10733302682638168
sdm_real_0045__phonefact_g711_ulaw,0,,0.0,0,1,music,source_disjoint,FMA,common_flac16k,,,,sdm_real_0045,g711_ulaw,source_disjoint_music_v1,real,054467,prospective,,,,0.09751635044813156
sdm_real_0045__phonefact_g726_24k,0,,0.0,0,1,music,source_disjoint,FMA,common_flac16k,,,,sdm_real_0045,g726_24k,source_disjoint_music_v1,real,054467,prospective,,,,0.08679214864969254
sdm_real_0045__phonefact_opus_nb_8k,0,,0.0,0,1,music,source_disjoint,FMA,common_flac16k,,,,sdm_real_0045,opus_nb_8k,source_disjoint_music_v1,real,054467,prospective,,,,0.035945825278759
sdm_real_0046__phonefact_resample8k,0,,0.0,0,1,music,source_disjoint,FMA,common_flac16k,,,,sdm_real_0046,resample8k,source_disjoint_music_v1,real,114559,alignment,,,,0.4010530710220337
sdm_real_0046__phonefact_g711_ulaw,0,,0.0,0,1,music,source_disjoint,FMA,common_flac16k,,,,sdm_real_0046,g711_ulaw,source_disjoint_music_v1,real,114559,alignment,,,,0.2553861141204834
sdm_real_0046__phonefact_g726_24k,0,,0.0,0,1,music,source_disjoint,FMA,common_flac16k,,,,sdm_real_0046,g726_24k,source_disjoint_music_v1,real,114559,alignment,,,,0.2592913508415222
sdm_real_0046__phonefact_opus_nb_8k,0,,0.0,0,1,music,source_disjoint,FMA,common_flac16k,,,,sdm_real_0046,opus_nb_8k,source_disjoint_music_v1,real,114559,alignment,,,,0.015167545527219772
sdm_real_0047__phonefact_resample8k,0,,0.0,0,1,music,source_disjoint,FMA,common_flac16k,,,,sdm_real_0047,resample8k,source_disjoint_music_v1,real,096408,prospective,,,,0.0683341771364212
sdm_real_0047__phonefact_g711_ulaw,0,,0.0,0,1,music,source_disjoint,FMA,common_flac16k,,,,sdm_real_0047,g711_ulaw,source_disjoint_music_v1,real,096408,prospective,,,,0.09606096148490906
sdm_real_0047__phonefact_g726_24k,0,,0.0,0,1,music,source_disjoint,FMA,common_flac16k,,,,sdm_real_0047,g726_24k,source_disjoint_music_v1,real,096408,prospective,,,,0.09754131734371185
sdm_real_0047__phonefact_opus_nb_8k,0,,0.0,0,1,music,source_disjoint,FMA,common_flac16k,,,,sdm_real_0047,opus_nb_8k,source_disjoint_music_v1,real,096408,prospective,,,,0.022999534383416176
sdm_real_0048__phonefact_resample8k,0,,0.0,0,1,music,source_disjoint,FMA,common_flac16k,,,,sdm_real_0048,resample8k,source_disjoint_music_v1,real,123964,alignment,,,,0.6463742852210999
sdm_real_0048__phonefact_g711_ulaw,0,,0.0,0,1,music,source_disjoint,FMA,common_flac16k,,,,sdm_real_0048,g711_ulaw,source_disjoint_music_v1,real,123964,alignment,,,,0.3218935430049896
sdm_real_0048__phonefact_g726_24k,0,,0.0,0,1,music,source_disjoint,FMA,common_flac16k,,,,sdm_real_0048,g726_24k,source_disjoint_music_v1,real,123964,alignment,,,,0.3379809260368347
sdm_real_0048__phonefact_opus_nb_8k,0,,0.0,0,1,music,source_disjoint,FMA,common_flac16k,,,,sdm_real_0048,opus_nb_8k,source_disjoint_music_v1,real,123964,alignment,,,,0.05671330913901329
sdm_real_0049__phonefact_resample8k,0,,0.0,0,1,music,source_disjoint,FMA,common_flac16k,,,,sdm_real_0049,resample8k,source_disjoint_music_v1,real,116833,prospective,,,,0.13328801095485687
sdm_real_0049__phonefact_g711_ulaw,0,,0.0,0,1,music,source_disjoint,FMA,common_flac16k,,,,sdm_real_0049,g711_ulaw,source_disjoint_music_v1,real,116833,prospective,,,,0.01480502262711525
sdm_real_0049__phonefact_g726_24k,0,,0.0,0,1,music,source_disjoint,FMA,common_flac16k,,,,sdm_real_0049,g726_24k,source_disjoint_music_v1,real,116833,prospective,,,,0.017688313499093056
sdm_real_0049__phonefact_opus_nb_8k,0,,0.0,0,1,music,source_disjoint,FMA,common_flac16k,,,,sdm_real_0049,opus_nb_8k,source_disjoint_music_v1,real,116833,prospective,,,,0.009801603853702545
sdm_fake_0000__phonefact_resample8k,1,,1.0,0,1,music,source_disjoint,SONICS-udio,common_flac16k,,,,sdm_fake_0000,resample8k,source_disjoint_music_v1,udio-120s,sonics_5274,alignment,,,,0.5213435888290405
sdm_fake_0000__phonefact_g711_ulaw,1,,1.0,0,1,music,source_disjoint,SONICS-udio,common_flac16k,,,,sdm_fake_0000,g711_ulaw,source_disjoint_music_v1,udio-120s,sonics_5274,alignment,,,,0.19804947078227997
sdm_fake_0000__phonefact_g726_24k,1,,1.0,0,1,music,source_disjoint,SONICS-udio,common_flac16k,,,,sdm_fake_0000,g726_24k,source_disjoint_music_v1,udio-120s,sonics_5274,alignment,,,,0.16067521274089813
sdm_fake_0000__phonefact_opus_nb_8k,1,,1.0,0,1,music,source_disjoint,SONICS-udio,common_flac16k,,,,sdm_fake_0000,opus_nb_8k,source_disjoint_music_v1,udio-120s,sonics_5274,alignment,,,,0.02149784378707409
sdm_fake_0001__phonefact_resample8k,1,,1.0,0,1,music,source_disjoint,SONICS-suno,common_flac16k,,,,sdm_fake_0001,resample8k,source_disjoint_music_v1,chirp-v3.5,sonics_3480,prospective,,,,0.9969056248664856
sdm_fake_0001__phonefact_g711_ulaw,1,,1.0,0,1,music,source_disjoint,SONICS-suno,common_flac16k,,,,sdm_fake_0001,g711_ulaw,source_disjoint_music_v1,chirp-v3.5,sonics_3480,prospective,,,,0.5246338248252869
sdm_fake_0001__phonefact_g726_24k,1,,1.0,0,1,music,source_disjoint,SONICS-suno,common_flac16k,,,,sdm_fake_0001,g726_24k,source_disjoint_music_v1,chirp-v3.5,sonics_3480,prospective,,,,0.5727599859237671
sdm_fake_0001__phonefact_opus_nb_8k,1,,1.0,0,1,music,source_disjoint,SONICS-suno,common_flac16k,,,,sdm_fake_0001,opus_nb_8k,source_disjoint_music_v1,chirp-v3.5,sonics_3480,prospective,,,,0.05952169746160507
sdm_fake_0002__phonefact_resample8k,1,,1.0,0,1,music,source_disjoint,SONICS-suno,common_flac16k,,,,sdm_fake_0002,resample8k,source_disjoint_music_v1,chirp-v3.5,sonics_340,alignment,,,,0.8381830453872681
sdm_fake_0002__phonefact_g711_ulaw,1,,1.0,0,1,music,source_disjoint,SONICS-suno,common_flac16k,,,,sdm_fake_0002,g711_ulaw,source_disjoint_music_v1,chirp-v3.5,sonics_340,alignment,,,,0.19184590876102448
sdm_fake_0002__phonefact_g726_24k,1,,1.0,0,1,music,source_disjoint,SONICS-suno,common_flac16k,,,,sdm_fake_0002,g726_24k,source_disjoint_music_v1,chirp-v3.5,sonics_340,alignment,,,,0.19040879607200623
sdm_fake_0002__phonefact_opus_nb_8k,1,,1.0,0,1,music,source_disjoint,SONICS-suno,common_flac16k,,,,sdm_fake_0002,opus_nb_8k,source_disjoint_music_v1,chirp-v3.5,sonics_340,alignment,,,,0.016014721244573593
sdm_fake_0003__phonefact_resample8k,1,,1.0,0,1,music,source_disjoint,SONICS-udio,common_flac16k,,,,sdm_fake_0003,resample8k,source_disjoint_music_v1,udio-120s,sonics_2376,prospective,,,,0.4423920214176178
sdm_fake_0003__phonefact_g711_ulaw,1,,1.0,0,1,music,source_disjoint,SONICS-udio,common_flac16k,,,,sdm_fake_0003,g711_ulaw,source_disjoint_music_v1,udio-120s,sonics_2376,prospective,,,,0.06984639912843704
sdm_fake_0003__phonefact_g726_24k,1,,1.0,0,1,music,source_disjoint,SONICS-udio,common_flac16k,,,,sdm_fake_0003,g726_24k,source_disjoint_music_v1,udio-120s,sonics_2376,prospective,,,,0.06326015293598175
sdm_fake_0003__phonefact_opus_nb_8k,1,,1.0,0,1,music,source_disjoint,SONICS-udio,common_flac16k,,,,sdm_fake_0003,opus_nb_8k,source_disjoint_music_v1,udio-120s,sonics_2376,prospective,,,,0.013420210219919682
sdm_fake_0004__phonefact_resample8k,1,,1.0,0,1,music,source_disjoint,SONICS-suno,common_flac16k,,,,sdm_fake_0004,resample8k,source_disjoint_music_v1,chirp-v3.5,sonics_819,alignment,,,,0.9971766471862793
sdm_fake_0004__phonefact_g711_ulaw,1,,1.0,0,1,music,source_disjoint,SONICS-suno,common_flac16k,,,,sdm_fake_0004,g711_ulaw,source_disjoint_music_v1,chirp-v3.5,sonics_819,alignment,,,,0.20832312107086182
sdm_fake_0004__phonefact_g726_24k,1,,1.0,0,1,music,source_disjoint,SONICS-suno,common_flac16k,,,,sdm_fake_0004,g726_24k,source_disjoint_music_v1,chirp-v3.5,sonics_819,alignment,,,,0.1503845453262329
sdm_fake_0004__phonefact_opus_nb_8k,1,,1.0,0,1,music,source_disjoint,SONICS-suno,common_flac16k,,,,sdm_fake_0004,opus_nb_8k,source_disjoint_music_v1,chirp-v3.5,sonics_819,alignment,,,,0.012940593995153904
sdm_fake_0005__phonefact_resample8k,1,,1.0,0,1,music,source_disjoint,SONICS-suno,common_flac16k,,,,sdm_fake_0005,resample8k,source_disjoint_music_v1,chirp-v3.5,sonics_4061,prospective,,,,0.996507465839386
sdm_fake_0005__phonefact_g711_ulaw,1,,1.0,0,1,music,source_disjoint,SONICS-suno,common_flac16k,,,,sdm_fake_0005,g711_ulaw,source_disjoint_music_v1,chirp-v3.5,sonics_4061,prospective,,,,0.5622609257698059
sdm_fake_0005__phonefact_g726_24k,1,,1.0,0,1,music,source_disjoint,SONICS-suno,common_flac16k,,,,sdm_fake_0005,g726_24k,source_disjoint_music_v1,chirp-v3.5,sonics_4061,prospective,,,,0.4670792520046234
sdm_fake_0005__phonefact_opus_nb_8k,1,,1.0,0,1,music,source_disjoint,SONICS-suno,common_flac16k,,,,sdm_fake_0005,opus_nb_8k,source_disjoint_music_v1,chirp-v3.5,sonics_4061,prospective,,,,0.02579587511718273
sdm_fake_0006__phonefact_resample8k,1,,1.0,0,1,music,source_disjoint,SONICS-udio,common_flac16k,,,,sdm_fake_0006,resample8k,source_disjoint_music_v1,udio-120s,sonics_3140,alignment,,,,0.9695059061050415
sdm_fake_0006__phonefact_g711_ulaw,1,,1.0,0,1,music,source_disjoint,SONICS-udio,common_flac16k,,,,sdm_fake_0006,g711_ulaw,source_disjoint_music_v1,udio-120s,sonics_3140,alignment,,,,0.20854473114013672
sdm_fake_0006__phonefact_g726_24k,1,,1.0,0,1,music,source_disjoint,SONICS-udio,common_flac16k,,,,sdm_fake_0006,g726_24k,source_disjoint_music_v1,udio-120s,sonics_3140,alignment,,,,0.2155478149652481
sdm_fake_0006__phonefact_opus_nb_8k,1,,1.0,0,1,music,source_disjoint,SONICS-udio,common_flac16k,,,,sdm_fake_0006,opus_nb_8k,source_disjoint_music_v1,udio-120s,sonics_3140,alignment,,,,0.030167941004037857
sdm_fake_0007__phonefact_resample8k,1,,1.0,0,1,music,source_disjoint,SONICS-suno,common_flac16k,,,,sdm_fake_0007,resample8k,source_disjoint_music_v1,chirp-v3.5,sonics_2365,prospective,,,,0.9573551416397095
sdm_fake_0007__phonefact_g711_ulaw,1,,1.0,0,1,music,source_disjoint,SONICS-suno,common_flac16k,,,,sdm_fake_0007,g711_ulaw,source_disjoint_music_v1,chirp-v3.5,sonics_2365,prospective,,,,0.3751743733882904
sdm_fake_0007__phonefact_g726_24k,1,,1.0,0,1,music,source_disjoint,SONICS-suno,common_flac16k,,,,sdm_fake_0007,g726_24k,source_disjoint_music_v1,chirp-v3.5,sonics_2365,prospective,,,,0.2946805953979492
sdm_fake_0007__phonefact_opus_nb_8k,1,,1.0,0,1,music,source_disjoint,SONICS-suno,common_flac16k,,,,sdm_fake_0007,opus_nb_8k,source_disjoint_music_v1,chirp-v3.5,sonics_2365,prospective,,,,0.019212983548641205
sdm_fake_0008__phonefact_resample8k,1,,1.0,0,1,music,source_disjoint,SONICS-udio,common_flac16k,,,,sdm_fake_0008,resample8k,source_disjoint_music_v1,udio-120s,sonics_5411,alignment,,,,0.4379379451274872
sdm_fake_0008__phonefact_g711_ulaw,1,,1.0,0,1,music,source_disjoint,SONICS-udio,common_flac16k,,,,sdm_fake_0008,g711_ulaw,source_disjoint_music_v1,udio-120s,sonics_5411,alignment,,,,0.27279573678970337
sdm_fake_0008__phonefact_g726_24k,1,,1.0,0,1,music,source_disjoint,SONICS-udio,common_flac16k,,,,sdm_fake_0008,g726_24k,source_disjoint_music_v1,udio-120s,sonics_5411,alignment,,,,0.31204673647880554
sdm_fake_0008__phonefact_opus_nb_8k,1,,1.0,0,1,music,source_disjoint,SONICS-udio,common_flac16k,,,,sdm_fake_0008,opus_nb_8k,source_disjoint_music_v1,udio-120s,sonics_5411,alignment,,,,0.03482299670577049
sdm_fake_0009__phonefact_resample8k,1,,1.0,0,1,music,source_disjoint,SONICS-suno,common_flac16k,,,,sdm_fake_0009,resample8k,source_disjoint_music_v1,chirp-v3.5,sonics_3198,prospective,,,,0.947995126247406
sdm_fake_0009__phonefact_g711_ulaw,1,,1.0,0,1,music,source_disjoint,SONICS-suno,common_flac16k,,,,sdm_fake_0009,g711_ulaw,source_disjoint_music_v1,chirp-v3.5,sonics_3198,prospective,,,,0.42755332589149475
sdm_fake_0009__phonefact_g726_24k,1,,1.0,0,1,music,source_disjoint,SONICS-suno,common_flac16k,,,,sdm_fake_0009,g726_24k,source_disjoint_music_v1,chirp-v3.5,sonics_3198,prospective,,,,0.45182880759239197
sdm_fake_0009__phonefact_opus_nb_8k,1,,1.0,0,1,music,source_disjoint,SONICS-suno,common_flac16k,,,,sdm_fake_0009,opus_nb_8k,source_disjoint_music_v1,chirp-v3.5,sonics_3198,prospective,,,,0.02690822258591652
sdm_fake_0010__phonefact_resample8k,1,,1.0,0,1,music,source_disjoint,SONICS-udio,common_flac16k,,,,sdm_fake_0010,resample8k,source_disjoint_music_v1,udio-120s,sonics_1281,alignment,,,,0.9438245892524719
sdm_fake_0010__phonefact_g711_ulaw,1,,1.0,0,1,music,source_disjoint,SONICS-udio,common_flac16k,,,,sdm_fake_0010,g711_ulaw,source_disjoint_music_v1,udio-120s,sonics_1281,alignment,,,,0.3107426166534424
sdm_fake_0010__phonefact_g726_24k,1,,1.0,0,1,music,source_disjoint,SONICS-udio,common_flac16k,,,,sdm_fake_0010,g726_24k,source_disjoint_music_v1,udio-120s,sonics_1281,alignment,,,,0.2920783460140228
sdm_fake_0010__phonefact_opus_nb_8k,1,,1.0,0,1,music,source_disjoint,SONICS-udio,common_flac16k,,,,sdm_fake_0010,opus_nb_8k,source_disjoint_music_v1,udio-120s,sonics_1281,alignment,,,,0.03631538152694702
sdm_fake_0011__phonefact_resample8k,1,,1.0,0,1,music,source_disjoint,SONICS-suno,common_flac16k,,,,sdm_fake_0011,resample8k,source_disjoint_music_v1,chirp-v3.5,sonics_3652,prospective,,,,0.9969953298568726
sdm_fake_0011__phonefact_g711_ulaw,1,,1.0,0,1,music,source_disjoint,SONICS-suno,common_flac16k,,,,sdm_fake_0011,g711_ulaw,source_disjoint_music_v1,chirp-v3.5,sonics_3652,prospective,,,,0.7508291006088257
sdm_fake_0011__phonefact_g726_24k,1,,1.0,0,1,music,source_disjoint,SONICS-suno,common_flac16k,,,,sdm_fake_0011,g726_24k,source_disjoint_music_v1,chirp-v3.5,sonics_3652,prospective,,,,0.681158185005188
sdm_fake_0011__phonefact_opus_nb_8k,1,,1.0,0,1,music,source_disjoint,SONICS-suno,common_flac16k,,,,sdm_fake_0011,opus_nb_8k,source_disjoint_music_v1,chirp-v3.5,sonics_3652,prospective,,,,0.061534613370895386
sdm_fake_0012__phonefact_resample8k,1,,1.0,0,1,music,source_disjoint,SONICS-udio,common_flac16k,,,,sdm_fake_0012,resample8k,source_disjoint_music_v1,udio-120s,sonics_3298,alignment,,,,0.7336719036102295
sdm_fake_0012__phonefact_g711_ulaw,1,,1.0,0,1,music,source_disjoint,SONICS-udio,common_flac16k,,,,sdm_fake_0012,g711_ulaw,source_disjoint_music_v1,udio-120s,sonics_3298,alignment,,,,0.588349461555481
sdm_fake_0012__phonefact_g726_24k,1,,1.0,0,1,music,source_disjoint,SONICS-udio,common_flac16k,,,,sdm_fake_0012,g726_24k,source_disjoint_music_v1,udio-120s,sonics_3298,alignment,,,,0.5732914209365845
sdm_fake_0012__phonefact_opus_nb_8k,1,,1.0,0,1,music,source_disjoint,SONICS-udio,common_flac16k,,,,sdm_fake_0012,opus_nb_8k,source_disjoint_music_v1,udio-120s,sonics_3298,alignment,,,,0.03847135230898857
sdm_fake_0013__phonefact_resample8k,1,,1.0,0,1,music,source_disjoint,SONICS-suno,common_flac16k,,,,sdm_fake_0013,resample8k,source_disjoint_music_v1,chirp-v3.5,sonics_1959,prospective,,,,0.9970983266830444
sdm_fake_0013__phonefact_g711_ulaw,1,,1.0,0,1,music,source_disjoint,SONICS-suno,common_flac16k,,,,sdm_fake_0013,g711_ulaw,source_disjoint_music_v1,chirp-v3.5,sonics_1959,prospective,,,,0.4236554503440857
sdm_fake_0013__phonefact_g726_24k,1,,1.0,0,1,music,source_disjoint,SONICS-suno,common_flac16k,,,,sdm_fake_0013,g726_24k,source_disjoint_music_v1,chirp-v3.5,sonics_1959,prospective,,,,0.3926428556442261
sdm_fake_0013__phonefact_opus_nb_8k,1,,1.0,0,1,music,source_disjoint,SONICS-suno,common_flac16k,,,,sdm_fake_0013,opus_nb_8k,source_disjoint_music_v1,chirp-v3.5,sonics_1959,prospective,,,,0.014764571562409401
sdm_fake_0014__phonefact_resample8k,1,,1.0,0,1,music,source_disjoint,SONICS-udio,common_flac16k,,,,sdm_fake_0014,resample8k,source_disjoint_music_v1,udio-120s,sonics_2503,alignment,,,,0.8558256030082703
sdm_fake_0014__phonefact_g711_ulaw,1,,1.0,0,1,music,source_disjoint,SONICS-udio,common_flac16k,,,,sdm_fake_0014,g711_ulaw,source_disjoint_music_v1,udio-120s,sonics_2503,alignment,,,,0.22585472464561462
sdm_fake_0014__phonefact_g726_24k,1,,1.0,0,1,music,source_disjoint,SONICS-udio,common_flac16k,,,,sdm_fake_0014,g726_24k,source_disjoint_music_v1,udio-120s,sonics_2503,alignment,,,,0.2086523473262787
sdm_fake_0014__phonefact_opus_nb_8k,1,,1.0,0,1,music,source_disjoint,SONICS-udio,common_flac16k,,,,sdm_fake_0014,opus_nb_8k,source_disjoint_music_v1,udio-120s,sonics_2503,alignment,,,,0.018468141555786133
sdm_fake_0015__phonefact_resample8k,1,,1.0,0,1,music,source_disjoint,SONICS-suno,common_flac16k,,,,sdm_fake_0015,resample8k,source_disjoint_music_v1,chirp-v3.5,sonics_3798,prospective,,,,0.9804263114929199
sdm_fake_0015__phonefact_g711_ulaw,1,,1.0,0,1,music,source_disjoint,SONICS-suno,common_flac16k,,,,sdm_fake_0015,g711_ulaw,source_disjoint_music_v1,chirp-v3.5,sonics_3798,prospective,,,,0.3373442590236664
sdm_fake_0015__phonefact_g726_24k,1,,1.0,0,1,music,source_disjoint,SONICS-suno,common_flac16k,,,,sdm_fake_0015,g726_24k,source_disjoint_music_v1,chirp-v3.5,sonics_3798,prospective,,,,0.30487585067749023
sdm_fake_0015__phonefact_opus_nb_8k,1,,1.0,0,1,music,source_disjoint,SONICS-suno,common_flac16k,,,,sdm_fake_0015,opus_nb_8k,source_disjoint_music_v1,chirp-v3.5,sonics_3798,prospective,,,,0.016489196568727493
sdm_fake_0016__phonefact_resample8k,1,,1.0,0,1,music,source_disjoint,SONICS-udio,common_flac16k,,,,sdm_fake_0016,resample8k,source_disjoint_music_v1,udio-120s,sonics_4722,alignment,,,,0.08586344867944717
sdm_fake_0016__phonefact_g711_ulaw,1,,1.0,0,1,music,source_disjoint,SONICS-udio,common_flac16k,,,,sdm_fake_0016,g711_ulaw,source_disjoint_music_v1,udio-120s,sonics_4722,alignment,,,,0.0368366502225399
sdm_fake_0016__phonefact_g726_24k,1,,1.0,0,1,music,source_disjoint,SONICS-udio,common_flac16k,,,,sdm_fake_0016,g726_24k,source_disjoint_music_v1,udio-120s,sonics_4722,alignment,,,,0.03432166948914528
sdm_fake_0016__phonefact_opus_nb_8k,1,,1.0,0,1,music,source_disjoint,SONICS-udio,common_flac16k,,,,sdm_fake_0016,opus_nb_8k,source_disjoint_music_v1,udio-120s,sonics_4722,alignment,,,,0.011234624311327934
sdm_fake_0017__phonefact_resample8k,1,,1.0,0,1,music,source_disjoint,SONICS-suno,common_flac16k,,,,sdm_fake_0017,resample8k,source_disjoint_music_v1,chirp-v3.5,sonics_2163,prospective,,,,0.9891285300254822
sdm_fake_0017__phonefact_g711_ulaw,1,,1.0,0,1,music,source_disjoint,SONICS-suno,common_flac16k,,,,sdm_fake_0017,g711_ulaw,source_disjoint_music_v1,chirp-v3.5,sonics_2163,prospective,,,,0.4844825267791748
sdm_fake_0017__phonefact_g726_24k,1,,1.0,0,1,music,source_disjoint,SONICS-suno,common_flac16k,,,,sdm_fake_0017,g726_24k,source_disjoint_music_v1,chirp-v3.5,sonics_2163,prospective,,,,0.462430477142334
sdm_fake_0017__phonefact_opus_nb_8k,1,,1.0,0,1,music,source_disjoint,SONICS-suno,common_flac16k,,,,sdm_fake_0017,opus_nb_8k,source_disjoint_music_v1,chirp-v3.5,sonics_2163,prospective,,,,0.03894808143377304
sdm_fake_0018__phonefact_resample8k,1,,1.0,0,1,music,source_disjoint,SONICS-suno,common_flac16k,,,,sdm_fake_0018,resample8k,source_disjoint_music_v1,chirp-v3.5,sonics_2420,alignment,,,,0.9627565741539001
sdm_fake_0018__phonefact_g711_ulaw,1,,1.0,0,1,music,source_disjoint,SONICS-suno,common_flac16k,,,,sdm_fake_0018,g711_ulaw,source_disjoint_music_v1,chirp-v3.5,sonics_2420,alignment,,,,0.13959495723247528
sdm_fake_0018__phonefact_g726_24k,1,,1.0,0,1,music,source_disjoint,SONICS-suno,common_flac16k,,,,sdm_fake_0018,g726_24k,source_disjoint_music_v1,chirp-v3.5,sonics_2420,alignment,,,,0.1060408279299736
sdm_fake_0018__phonefact_opus_nb_8k,1,,1.0,0,1,music,source_disjoint,SONICS-suno,common_flac16k,,,,sdm_fake_0018,opus_nb_8k,source_disjoint_music_v1,chirp-v3.5,sonics_2420,alignment,,,,0.020384669303894043
sdm_fake_0019__phonefact_resample8k,1,,1.0,0,1,music,source_disjoint,SONICS-udio,common_flac16k,,,,sdm_fake_0019,resample8k,source_disjoint_music_v1,udio-120s,sonics_1054,prospective,,,,0.1485183835029602
sdm_fake_0019__phonefact_g711_ulaw,1,,1.0,0,1,music,source_disjoint,SONICS-udio,common_flac16k,,,,sdm_fake_0019,g711_ulaw,source_disjoint_music_v1,udio-120s,sonics_1054,prospective,,,,0.04680691286921501
sdm_fake_0019__phonefact_g726_24k,1,,1.0,0,1,music,source_disjoint,SONICS-udio,common_flac16k,,,,sdm_fake_0019,g726_24k,source_disjoint_music_v1,udio-120s,sonics_1054,prospective,,,,0.048047348856925964
sdm_fake_0019__phonefact_opus_nb_8k,1,,1.0,0,1,music,source_disjoint,SONICS-udio,common_flac16k,,,,sdm_fake_0019,opus_nb_8k,source_disjoint_music_v1,udio-120s,sonics_1054,prospective,,,,0.013570482842624187
sdm_fake_0020__phonefact_resample8k,1,,1.0,0,1,music,source_disjoint,SONICS-udio,common_flac16k,,,,sdm_fake_0020,resample8k,source_disjoint_music_v1,udio-120s,sonics_21,alignment,,,,0.3106907308101654
sdm_fake_0020__phonefact_g711_ulaw,1,,1.0,0,1,music,source_disjoint,SONICS-udio,common_flac16k,,,,sdm_fake_0020,g711_ulaw,source_disjoint_music_v1,udio-120s,sonics_21,alignment,,,,0.1956327110528946
sdm_fake_0020__phonefact_g726_24k,1,,1.0,0,1,music,source_disjoint,SONICS-udio,common_flac16k,,,,sdm_fake_0020,g726_24k,source_disjoint_music_v1,udio-120s,sonics_21,alignment,,,,0.15648819506168365
sdm_fake_0020__phonefact_opus_nb_8k,1,,1.0,0,1,music,source_disjoint,SONICS-udio,common_flac16k,,,,sdm_fake_0020,opus_nb_8k,source_disjoint_music_v1,udio-120s,sonics_21,alignment,,,,0.015711361542344093
sdm_fake_0021__phonefact_resample8k,1,,1.0,0,1,music,source_disjoint,SONICS-udio,common_flac16k,,,,sdm_fake_0021,resample8k,source_disjoint_music_v1,udio-120s,sonics_786,prospective,,,,0.4326361119747162
sdm_fake_0021__phonefact_g711_ulaw,1,,1.0,0,1,music,source_disjoint,SONICS-udio,common_flac16k,,,,sdm_fake_0021,g711_ulaw,source_disjoint_music_v1,udio-120s,sonics_786,prospective,,,,0.15358859300613403
sdm_fake_0021__phonefact_g726_24k,1,,1.0,0,1,music,source_disjoint,SONICS-udio,common_flac16k,,,,sdm_fake_0021,g726_24k,source_disjoint_music_v1,udio-120s,sonics_786,prospective,,,,0.1570378839969635
sdm_fake_0021__phonefact_opus_nb_8k,1,,1.0,0,1,music,source_disjoint,SONICS-udio,common_flac16k,,,,sdm_fake_0021,opus_nb_8k,source_disjoint_music_v1,udio-120s,sonics_786,prospective,,,,0.02187385968863964
sdm_fake_0022__phonefact_resample8k,1,,1.0,0,1,music,source_disjoint,SONICS-suno,common_flac16k,,,,sdm_fake_0022,resample8k,source_disjoint_music_v1,chirp-v3.5,sonics_5072,alignment,,,,0.9929627776145935
sdm_fake_0022__phonefact_g711_ulaw,1,,1.0,0,1,music,source_disjoint,SONICS-suno,common_flac16k,,,,sdm_fake_0022,g711_ulaw,source_disjoint_music_v1,chirp-v3.5,sonics_5072,alignment,,,,0.3080151081085205
sdm_fake_0022__phonefact_g726_24k,1,,1.0,0,1,music,source_disjoint,SONICS-suno,common_flac16k,,,,sdm_fake_0022,g726_24k,source_disjoint_music_v1,chirp-v3.5,sonics_5072,alignment,,,,0.21876628696918488
sdm_fake_0022__phonefact_opus_nb_8k,1,,1.0,0,1,music,source_disjoint,SONICS-suno,common_flac16k,,,,sdm_fake_0022,opus_nb_8k,source_disjoint_music_v1,chirp-v3.5,sonics_5072,alignment,,,,0.035207100212574005
sdm_fake_0023__phonefact_resample8k,1,,1.0,0,1,music,source_disjoint,SONICS-suno,common_flac16k,,,,sdm_fake_0023,resample8k,source_disjoint_music_v1,chirp-v3.5,sonics_2700,prospective,,,,0.9859181642532349
sdm_fake_0023__phonefact_g711_ulaw,1,,1.0,0,1,music,source_disjoint,SONICS-suno,common_flac16k,,,,sdm_fake_0023,g711_ulaw,source_disjoint_music_v1,chirp-v3.5,sonics_2700,prospective,,,,0.5915828347206116
sdm_fake_0023__phonefact_g726_24k,1,,1.0,0,1,music,source_disjoint,SONICS-suno,common_flac16k,,,,sdm_fake_0023,g726_24k,source_disjoint_music_v1,chirp-v3.5,sonics_2700,prospective,,,,0.4868760108947754
sdm_fake_0023__phonefact_opus_nb_8k,1,,1.0,0,1,music,source_disjoint,SONICS-suno,common_flac16k,,,,sdm_fake_0023,opus_nb_8k,source_disjoint_music_v1,chirp-v3.5,sonics_2700,prospective,,,,0.016197940334677696
sdm_fake_0024__phonefact_resample8k,1,,1.0,0,1,music,source_disjoint,SONICS-udio,common_flac16k,,,,sdm_fake_0024,resample8k,source_disjoint_music_v1,udio-120s,sonics_3502,alignment,,,,0.5195053219795227
sdm_fake_0024__phonefact_g711_ulaw,1,,1.0,0,1,music,source_disjoint,SONICS-udio,common_flac16k,,,,sdm_fake_0024,g711_ulaw,source_disjoint_music_v1,udio-120s,sonics_3502,alignment,,,,0.11357438564300537
sdm_fake_0024__phonefact_g726_24k,1,,1.0,0,1,music,source_disjoint,SONICS-udio,common_flac16k,,,,sdm_fake_0024,g726_24k,source_disjoint_music_v1,udio-120s,sonics_3502,alignment,,,,0.09661266952753067
sdm_fake_0024__phonefact_opus_nb_8k,1,,1.0,0,1,music,source_disjoint,SONICS-udio,common_flac16k,,,,sdm_fake_0024,opus_nb_8k,source_disjoint_music_v1,udio-120s,sonics_3502,alignment,,,,0.010977568104863167
sdm_fake_0025__phonefact_resample8k,1,,1.0,0,1,music,source_disjoint,SONICS-udio,common_flac16k,,,,sdm_fake_0025,resample8k,source_disjoint_music_v1,udio-120s,sonics_2440,prospective,,,,0.17704886198043823
sdm_fake_0025__phonefact_g711_ulaw,1,,1.0,0,1,music,source_disjoint,SONICS-udio,common_flac16k,,,,sdm_fake_0025,g711_ulaw,source_disjoint_music_v1,udio-120s,sonics_2440,prospective,,,,0.17398279905319214
sdm_fake_0025__phonefact_g726_24k,1,,1.0,0,1,music,source_disjoint,SONICS-udio,common_flac16k,,,,sdm_fake_0025,g726_24k,source_disjoint_music_v1,udio-120s,sonics_2440,prospective,,,,0.17098857462406158
sdm_fake_0025__phonefact_opus_nb_8k,1,,1.0,0,1,music,source_disjoint,SONICS-udio,common_flac16k,,,,sdm_fake_0025,opus_nb_8k,source_disjoint_music_v1,udio-120s,sonics_2440,prospective,,,,0.022370105609297752
sdm_fake_0026__phonefact_resample8k,1,,1.0,0,1,music,source_disjoint,SONICS-suno,common_flac16k,,,,sdm_fake_0026,resample8k,source_disjoint_music_v1,chirp-v3.5,sonics_4970,alignment,,,,0.9943530559539795
sdm_fake_0026__phonefact_g711_ulaw,1,,1.0,0,1,music,source_disjoint,SONICS-suno,common_flac16k,,,,sdm_fake_0026,g711_ulaw,source_disjoint_music_v1,chirp-v3.5,sonics_4970,alignment,,,,0.2133961021900177
sdm_fake_0026__phonefact_g726_24k,1,,1.0,0,1,music,source_disjoint,SONICS-suno,common_flac16k,,,,sdm_fake_0026,g726_24k,source_disjoint_music_v1,chirp-v3.5,sonics_4970,alignment,,,,0.14346377551555634
sdm_fake_0026__phonefact_opus_nb_8k,1,,1.0,0,1,music,source_disjoint,SONICS-suno,common_flac16k,,,,sdm_fake_0026,opus_nb_8k,source_disjoint_music_v1,chirp-v3.5,sonics_4970,alignment,,,,0.017800139263272285
sdm_fake_0027__phonefact_resample8k,1,,1.0,0,1,music,source_disjoint,SONICS-udio,common_flac16k,,,,sdm_fake_0027,resample8k,source_disjoint_music_v1,udio-120s,sonics_2952,prospective,,,,0.4638027548789978
sdm_fake_0027__phonefact_g711_ulaw,1,,1.0,0,1,music,source_disjoint,SONICS-udio,common_flac16k,,,,sdm_fake_0027,g711_ulaw,source_disjoint_music_v1,udio-120s,sonics_2952,prospective,,,,0.4684530198574066
sdm_fake_0027__phonefact_g726_24k,1,,1.0,0,1,music,source_disjoint,SONICS-udio,common_flac16k,,,,sdm_fake_0027,g726_24k,source_disjoint_music_v1,udio-120s,sonics_2952,prospective,,,,0.3672235310077667
sdm_fake_0027__phonefact_opus_nb_8k,1,,1.0,0,1,music,source_disjoint,SONICS-udio,common_flac16k,,,,sdm_fake_0027,opus_nb_8k,source_disjoint_music_v1,udio-120s,sonics_2952,prospective,,,,0.035185307264328
sdm_fake_0028__phonefact_resample8k,1,,1.0,0,1,music,source_disjoint,SONICS-suno,common_flac16k,,,,sdm_fake_0028,resample8k,source_disjoint_music_v1,chirp-v3.5,sonics_2319,alignment,,,,0.994699239730835
sdm_fake_0028__phonefact_g711_ulaw,1,,1.0,0,1,music,source_disjoint,SONICS-suno,common_flac16k,,,,sdm_fake_0028,g711_ulaw,source_disjoint_music_v1,chirp-v3.5,sonics_2319,alignment,,,,0.20270200073719025
sdm_fake_0028__phonefact_g726_24k,1,,1.0,0,1,music,source_disjoint,SONICS-suno,common_flac16k,,,,sdm_fake_0028,g726_24k,source_disjoint_music_v1,chirp-v3.5,sonics_2319,alignment,,,,0.17057856917381287
sdm_fake_0028__phonefact_opus_nb_8k,1,,1.0,0,1,music,source_disjoint,SONICS-suno,common_flac16k,,,,sdm_fake_0028,opus_nb_8k,source_disjoint_music_v1,chirp-v3.5,sonics_2319,alignment,,,,0.014700621366500854
sdm_fake_0029__phonefact_resample8k,1,,1.0,0,1,music,source_disjoint,SONICS-suno,common_flac16k,,,,sdm_fake_0029,resample8k,source_disjoint_music_v1,chirp-v3.5,sonics_3091,prospective,,,,0.9642840623855591
sdm_fake_0029__phonefact_g711_ulaw,1,,1.0,0,1,music,source_disjoint,SONICS-suno,common_flac16k,,,,sdm_fake_0029,g711_ulaw,source_disjoint_music_v1,chirp-v3.5,sonics_3091,prospective,,,,0.1523791402578354
sdm_fake_0029__phonefact_g726_24k,1,,1.0,0,1,music,source_disjoint,SONICS-suno,common_flac16k,,,,sdm_fake_0029,g726_24k,source_disjoint_music_v1,chirp-v3.5,sonics_3091,prospective,,,,0.17376403510570526
sdm_fake_0029__phonefact_opus_nb_8k,1,,1.0,0,1,music,source_disjoint,SONICS-suno,common_flac16k,,,,sdm_fake_0029,opus_nb_8k,source_disjoint_music_v1,chirp-v3.5,sonics_3091,prospective,,,,0.016899125650525093
sdm_fake_0030__phonefact_resample8k,1,,1.0,0,1,music,source_disjoint,SONICS-udio,common_flac16k,,,,sdm_fake_0030,resample8k,source_disjoint_music_v1,udio-120s,sonics_638,alignment,,,,0.9172210097312927
sdm_fake_0030__phonefact_g711_ulaw,1,,1.0,0,1,music,source_disjoint,SONICS-udio,common_flac16k,,,,sdm_fake_0030,g711_ulaw,source_disjoint_music_v1,udio-120s,sonics_638,alignment,,,,0.1885901242494583
sdm_fake_0030__phonefact_g726_24k,1,,1.0,0,1,music,source_disjoint,SONICS-udio,common_flac16k,,,,sdm_fake_0030,g726_24k,source_disjoint_music_v1,udio-120s,sonics_638,alignment,,,,0.1859101802110672
sdm_fake_0030__phonefact_opus_nb_8k,1,,1.0,0,1,music,source_disjoint,SONICS-udio,common_flac16k,,,,sdm_fake_0030,opus_nb_8k,source_disjoint_music_v1,udio-120s,sonics_638,alignment,,,,0.020137466490268707
sdm_fake_0031__phonefact_resample8k,1,,1.0,0,1,music,source_disjoint,SONICS-suno,common_flac16k,,,,sdm_fake_0031,resample8k,source_disjoint_music_v1,chirp-v3.5,sonics_2554,prospective,,,,0.9969857335090637
sdm_fake_0031__phonefact_g711_ulaw,1,,1.0,0,1,music,source_disjoint,SONICS-suno,common_flac16k,,,,sdm_fake_0031,g711_ulaw,source_disjoint_music_v1,chirp-v3.5,sonics_2554,prospective,,,,0.325336217880249
sdm_fake_0031__phonefact_g726_24k,1,,1.0,0,1,music,source_disjoint,SONICS-suno,common_flac16k,,,,sdm_fake_0031,g726_24k,source_disjoint_music_v1,chirp-v3.5,sonics_2554,prospective,,,,0.25301432609558105
sdm_fake_0031__phonefact_opus_nb_8k,1,,1.0,0,1,music,source_disjoint,SONICS-suno,common_flac16k,,,,sdm_fake_0031,opus_nb_8k,source_disjoint_music_v1,chirp-v3.5,sonics_2554,prospective,,,,0.017122408375144005
sdm_fake_0032__phonefact_resample8k,1,,1.0,0,1,music,source_disjoint,SONICS-udio,common_flac16k,,,,sdm_fake_0032,resample8k,source_disjoint_music_v1,udio-120s,sonics_5236,alignment,,,,0.8693040609359741
sdm_fake_0032__phonefact_g711_ulaw,1,,1.0,0,1,music,source_disjoint,SONICS-udio,common_flac16k,,,,sdm_fake_0032,g711_ulaw,source_disjoint_music_v1,udio-120s,sonics_5236,alignment,,,,0.31501585245132446
sdm_fake_0032__phonefact_g726_24k,1,,1.0,0,1,music,source_disjoint,SONICS-udio,common_flac16k,,,,sdm_fake_0032,g726_24k,source_disjoint_music_v1,udio-120s,sonics_5236,alignment,,,,0.26708588004112244
sdm_fake_0032__phonefact_opus_nb_8k,1,,1.0,0,1,music,source_disjoint,SONICS-udio,common_flac16k,,,,sdm_fake_0032,opus_nb_8k,source_disjoint_music_v1,udio-120s,sonics_5236,alignment,,,,0.07818783074617386
sdm_fake_0033__phonefact_resample8k,1,,1.0,0,1,music,source_disjoint,SONICS-suno,common_flac16k,,,,sdm_fake_0033,resample8k,source_disjoint_music_v1,chirp-v3.5,sonics_2739,prospective,,,,0.9971165657043457
sdm_fake_0033__phonefact_g711_ulaw,1,,1.0,0,1,music,source_disjoint,SONICS-suno,common_flac16k,,,,sdm_fake_0033,g711_ulaw,source_disjoint_music_v1,chirp-v3.5,sonics_2739,prospective,,,,0.7378854751586914
sdm_fake_0033__phonefact_g726_24k,1,,1.0,0,1,music,source_disjoint,SONICS-suno,common_flac16k,,,,sdm_fake_0033,g726_24k,source_disjoint_music_v1,chirp-v3.5,sonics_2739,prospective,,,,0.660123348236084
sdm_fake_0033__phonefact_opus_nb_8k,1,,1.0,0,1,music,source_disjoint,SONICS-suno,common_flac16k,,,,sdm_fake_0033,opus_nb_8k,source_disjoint_music_v1,chirp-v3.5,sonics_2739,prospective,,,,0.02317037619650364
sdm_fake_0034__phonefact_resample8k,1,,1.0,0,1,music,source_disjoint,SONICS-suno,common_flac16k,,,,sdm_fake_0034,resample8k,source_disjoint_music_v1,chirp-v3.5,sonics_4757,alignment,,,,0.9637739062309265
sdm_fake_0034__phonefact_g711_ulaw,1,,1.0,0,1,music,source_disjoint,SONICS-suno,common_flac16k,,,,sdm_fake_0034,g711_ulaw,source_disjoint_music_v1,chirp-v3.5,sonics_4757,alignment,,,,0.16506832838058472
sdm_fake_0034__phonefact_g726_24k,1,,1.0,0,1,music,source_disjoint,SONICS-suno,common_flac16k,,,,sdm_fake_0034,g726_24k,source_disjoint_music_v1,chirp-v3.5,sonics_4757,alignment,,,,0.12762588262557983
sdm_fake_0034__phonefact_opus_nb_8k,1,,1.0,0,1,music,source_disjoint,SONICS-suno,common_flac16k,,,,sdm_fake_0034,opus_nb_8k,source_disjoint_music_v1,chirp-v3.5,sonics_4757,alignment,,,,0.011385719291865826
sdm_fake_0035__phonefact_resample8k,1,,1.0,0,1,music,source_disjoint,SONICS-udio,common_flac16k,,,,sdm_fake_0035,resample8k,source_disjoint_music_v1,udio-120s,sonics_3960,prospective,,,,0.14686791598796844
sdm_fake_0035__phonefact_g711_ulaw,1,,1.0,0,1,music,source_disjoint,SONICS-udio,common_flac16k,,,,sdm_fake_0035,g711_ulaw,source_disjoint_music_v1,udio-120s,sonics_3960,prospective,,,,0.15790295600891113
sdm_fake_0035__phonefact_g726_24k,1,,1.0,0,1,music,source_disjoint,SONICS-udio,common_flac16k,,,,sdm_fake_0035,g726_24k,source_disjoint_music_v1,udio-120s,sonics_3960,prospective,,,,0.1863628327846527
sdm_fake_0035__phonefact_opus_nb_8k,1,,1.0,0,1,music,source_disjoint,SONICS-udio,common_flac16k,,,,sdm_fake_0035,opus_nb_8k,source_disjoint_music_v1,udio-120s,sonics_3960,prospective,,,,0.02644062414765358
sdm_fake_0036__phonefact_resample8k,1,,1.0,0,1,music,source_disjoint,SONICS-udio,common_flac16k,,,,sdm_fake_0036,resample8k,source_disjoint_music_v1,udio-120s,sonics_3493,alignment,,,,0.3524300754070282
sdm_fake_0036__phonefact_g711_ulaw,1,,1.0,0,1,music,source_disjoint,SONICS-udio,common_flac16k,,,,sdm_fake_0036,g711_ulaw,source_disjoint_music_v1,udio-120s,sonics_3493,alignment,,,,0.28677210211753845
sdm_fake_0036__phonefact_g726_24k,1,,1.0,0,1,music,source_disjoint,SONICS-udio,common_flac16k,,,,sdm_fake_0036,g726_24k,source_disjoint_music_v1,udio-120s,sonics_3493,alignment,,,,0.20756350457668304
sdm_fake_0036__phonefact_opus_nb_8k,1,,1.0,0,1,music,source_disjoint,SONICS-udio,common_flac16k,,,,sdm_fake_0036,opus_nb_8k,source_disjoint_music_v1,udio-120s,sonics_3493,alignment,,,,0.015803705900907516
sdm_fake_0037__phonefact_resample8k,1,,1.0,0,1,music,source_disjoint,SONICS-suno,common_flac16k,,,,sdm_fake_0037,resample8k,source_disjoint_music_v1,chirp-v3.5,sonics_1352,prospective,,,,0.9953691363334656
sdm_fake_0037__phonefact_g711_ulaw,1,,1.0,0,1,music,source_disjoint,SONICS-suno,common_flac16k,,,,sdm_fake_0037,g711_ulaw,source_disjoint_music_v1,chirp-v3.5,sonics_1352,prospective,,,,0.5283738374710083
sdm_fake_0037__phonefact_g726_24k,1,,1.0,0,1,music,source_disjoint,SONICS-suno,common_flac16k,,,,sdm_fake_0037,g726_24k,source_disjoint_music_v1,chirp-v3.5,sonics_1352,prospective,,,,0.5024861097335815
sdm_fake_0037__phonefact_opus_nb_8k,1,,1.0,0,1,music,source_disjoint,SONICS-suno,common_flac16k,,,,sdm_fake_0037,opus_nb_8k,source_disjoint_music_v1,chirp-v3.5,sonics_1352,prospective,,,,0.017466478049755096
sdm_fake_0038__phonefact_resample8k,1,,1.0,0,1,music,source_disjoint,SONICS-suno,common_flac16k,,,,sdm_fake_0038,resample8k,source_disjoint_music_v1,chirp-v3.5,sonics_4270,alignment,,,,0.855108916759491
sdm_fake_0038__phonefact_g711_ulaw,1,,1.0,0,1,music,source_disjoint,SONICS-suno,common_flac16k,,,,sdm_fake_0038,g711_ulaw,source_disjoint_music_v1,chirp-v3.5,sonics_4270,alignment,,,,0.33112990856170654
sdm_fake_0038__phonefact_g726_24k,1,,1.0,0,1,music,source_disjoint,SONICS-suno,common_flac16k,,,,sdm_fake_0038,g726_24k,source_disjoint_music_v1,chirp-v3.5,sonics_4270,alignment,,,,0.29677432775497437
sdm_fake_0038__phonefact_opus_nb_8k,1,,1.0,0,1,music,source_disjoint,SONICS-suno,common_flac16k,,,,sdm_fake_0038,opus_nb_8k,source_disjoint_music_v1,chirp-v3.5,sonics_4270,alignment,,,,0.023738201707601547
sdm_fake_0039__phonefact_resample8k,1,,1.0,0,1,music,source_disjoint,SONICS-suno,common_flac16k,,,,sdm_fake_0039,resample8k,source_disjoint_music_v1,chirp-v3.5,sonics_2424,prospective,,,,0.996276319026947
sdm_fake_0039__phonefact_g711_ulaw,1,,1.0,0,1,music,source_disjoint,SONICS-suno,common_flac16k,,,,sdm_fake_0039,g711_ulaw,source_disjoint_music_v1,chirp-v3.5,sonics_2424,prospective,,,,0.22919033467769623
sdm_fake_0039__phonefact_g726_24k,1,,1.0,0,1,music,source_disjoint,SONICS-suno,common_flac16k,,,,sdm_fake_0039,g726_24k,source_disjoint_music_v1,chirp-v3.5,sonics_2424,prospective,,,,0.18018141388893127
sdm_fake_0039__phonefact_opus_nb_8k,1,,1.0,0,1,music,source_disjoint,SONICS-suno,common_flac16k,,,,sdm_fake_0039,opus_nb_8k,source_disjoint_music_v1,chirp-v3.5,sonics_2424,prospective,,,,0.013237981125712395
sdm_fake_0040__phonefact_resample8k,1,,1.0,0,1,music,source_disjoint,SONICS-udio,common_flac16k,,,,sdm_fake_0040,resample8k,source_disjoint_music_v1,udio-120s,sonics_3329,alignment,,,,0.3094137907028198
sdm_fake_0040__phonefact_g711_ulaw,1,,1.0,0,1,music,source_disjoint,SONICS-udio,common_flac16k,,,,sdm_fake_0040,g711_ulaw,source_disjoint_music_v1,udio-120s,sonics_3329,alignment,,,,0.19116508960723877
sdm_fake_0040__phonefact_g726_24k,1,,1.0,0,1,music,source_disjoint,SONICS-udio,common_flac16k,,,,sdm_fake_0040,g726_24k,source_disjoint_music_v1,udio-120s,sonics_3329,alignment,,,,0.18651099503040314
sdm_fake_0040__phonefact_opus_nb_8k,1,,1.0,0,1,music,source_disjoint,SONICS-udio,common_flac16k,,,,sdm_fake_0040,opus_nb_8k,source_disjoint_music_v1,udio-120s,sonics_3329,alignment,,,,0.03521810099482536
sdm_fake_0041__phonefact_resample8k,1,,1.0,0,1,music,source_disjoint,SONICS-suno,common_flac16k,,,,sdm_fake_0041,resample8k,source_disjoint_music_v1,chirp-v3.5,sonics_614,prospective,,,,0.9959090948104858
sdm_fake_0041__phonefact_g711_ulaw,1,,1.0,0,1,music,source_disjoint,SONICS-suno,common_flac16k,,,,sdm_fake_0041,g711_ulaw,source_disjoint_music_v1,chirp-v3.5,sonics_614,prospective,,,,0.28922683000564575
sdm_fake_0041__phonefact_g726_24k,1,,1.0,0,1,music,source_disjoint,SONICS-suno,common_flac16k,,,,sdm_fake_0041,g726_24k,source_disjoint_music_v1,chirp-v3.5,sonics_614,prospective,,,,0.22631067037582397
sdm_fake_0041__phonefact_opus_nb_8k,1,,1.0,0,1,music,source_disjoint,SONICS-suno,common_flac16k,,,,sdm_fake_0041,opus_nb_8k,source_disjoint_music_v1,chirp-v3.5,sonics_614,prospective,,,,0.01691490411758423
sdm_fake_0042__phonefact_resample8k,1,,1.0,0,1,music,source_disjoint,SONICS-suno,common_flac16k,,,,sdm_fake_0042,resample8k,source_disjoint_music_v1,chirp-v3.5,sonics_1609,alignment,,,,0.9963523149490356
sdm_fake_0042__phonefact_g711_ulaw,1,,1.0,0,1,music,source_disjoint,SONICS-suno,common_flac16k,,,,sdm_fake_0042,g711_ulaw,source_disjoint_music_v1,chirp-v3.5,sonics_1609,alignment,,,,0.15690121054649353
sdm_fake_0042__phonefact_g726_24k,1,,1.0,0,1,music,source_disjoint,SONICS-suno,common_flac16k,,,,sdm_fake_0042,g726_24k,source_disjoint_music_v1,chirp-v3.5,sonics_1609,alignment,,,,0.13432933390140533
sdm_fake_0042__phonefact_opus_nb_8k,1,,1.0,0,1,music,source_disjoint,SONICS-suno,common_flac16k,,,,sdm_fake_0042,opus_nb_8k,source_disjoint_music_v1,chirp-v3.5,sonics_1609,alignment,,,,0.011811678297817707
sdm_fake_0043__phonefact_resample8k,1,,1.0,0,1,music,source_disjoint,SONICS-udio,common_flac16k,,,,sdm_fake_0043,resample8k,source_disjoint_music_v1,udio-120s,sonics_662,prospective,,,,0.1933899223804474
sdm_fake_0043__phonefact_g711_ulaw,1,,1.0,0,1,music,source_disjoint,SONICS-udio,common_flac16k,,,,sdm_fake_0043,g711_ulaw,source_disjoint_music_v1,udio-120s,sonics_662,prospective,,,,0.22243732213974
sdm_fake_0043__phonefact_g726_24k,1,,1.0,0,1,music,source_disjoint,SONICS-udio,common_flac16k,,,,sdm_fake_0043,g726_24k,source_disjoint_music_v1,udio-120s,sonics_662,prospective,,,,0.16546419262886047
sdm_fake_0043__phonefact_opus_nb_8k,1,,1.0,0,1,music,source_disjoint,SONICS-udio,common_flac16k,,,,sdm_fake_0043,opus_nb_8k,source_disjoint_music_v1,udio-120s,sonics_662,prospective,,,,0.014164933934807777
sdm_fake_0044__phonefact_resample8k,1,,1.0,0,1,music,source_disjoint,SONICS-udio,common_flac16k,,,,sdm_fake_0044,resample8k,source_disjoint_music_v1,udio-120s,sonics_677,alignment,,,,0.9486255049705505
sdm_fake_0044__phonefact_g711_ulaw,1,,1.0,0,1,music,source_disjoint,SONICS-udio,common_flac16k,,,,sdm_fake_0044,g711_ulaw,source_disjoint_music_v1,udio-120s,sonics_677,alignment,,,,0.19517837464809418
sdm_fake_0044__phonefact_g726_24k,1,,1.0,0,1,music,source_disjoint,SONICS-udio,common_flac16k,,,,sdm_fake_0044,g726_24k,source_disjoint_music_v1,udio-120s,sonics_677,alignment,,,,0.18901897966861725
sdm_fake_0044__phonefact_opus_nb_8k,1,,1.0,0,1,music,source_disjoint,SONICS-udio,common_flac16k,,,,sdm_fake_0044,opus_nb_8k,source_disjoint_music_v1,udio-120s,sonics_677,alignment,,,,0.02615613490343094
sdm_fake_0045__phonefact_resample8k,1,,1.0,0,1,music,source_disjoint,SONICS-suno,common_flac16k,,,,sdm_fake_0045,resample8k,source_disjoint_music_v1,chirp-v3.5,sonics_3825,prospective,,,,0.9940046668052673
sdm_fake_0045__phonefact_g711_ulaw,1,,1.0,0,1,music,source_disjoint,SONICS-suno,common_flac16k,,,,sdm_fake_0045,g711_ulaw,source_disjoint_music_v1,chirp-v3.5,sonics_3825,prospective,,,,0.4756038188934326
sdm_fake_0045__phonefact_g726_24k,1,,1.0,0,1,music,source_disjoint,SONICS-suno,common_flac16k,,,,sdm_fake_0045,g726_24k,source_disjoint_music_v1,chirp-v3.5,sonics_3825,prospective,,,,0.3484121263027191
sdm_fake_0045__phonefact_opus_nb_8k,1,,1.0,0,1,music,source_disjoint,SONICS-suno,common_flac16k,,,,sdm_fake_0045,opus_nb_8k,source_disjoint_music_v1,chirp-v3.5,sonics_3825,prospective,,,,0.031374115496873856
sdm_fake_0046__phonefact_resample8k,1,,1.0,0,1,music,source_disjoint,SONICS-suno,common_flac16k,,,,sdm_fake_0046,resample8k,source_disjoint_music_v1,chirp-v3.5,sonics_4651,alignment,,,,0.9886013865470886
sdm_fake_0046__phonefact_g711_ulaw,1,,1.0,0,1,music,source_disjoint,SONICS-suno,common_flac16k,,,,sdm_fake_0046,g711_ulaw,source_disjoint_music_v1,chirp-v3.5,sonics_4651,alignment,,,,0.583782434463501
sdm_fake_0046__phonefact_g726_24k,1,,1.0,0,1,music,source_disjoint,SONICS-suno,common_flac16k,,,,sdm_fake_0046,g726_24k,source_disjoint_music_v1,chirp-v3.5,sonics_4651,alignment,,,,0.5271760821342468
sdm_fake_0046__phonefact_opus_nb_8k,1,,1.0,0,1,music,source_disjoint,SONICS-suno,common_flac16k,,,,sdm_fake_0046,opus_nb_8k,source_disjoint_music_v1,chirp-v3.5,sonics_4651,alignment,,,,0.05736054852604866
sdm_fake_0047__phonefact_resample8k,1,,1.0,0,1,music,source_disjoint,SONICS-udio,common_flac16k,,,,sdm_fake_0047,resample8k,source_disjoint_music_v1,udio-120s,sonics_17,prospective,,,,0.6307367086410522
sdm_fake_0047__phonefact_g711_ulaw,1,,1.0,0,1,music,source_disjoint,SONICS-udio,common_flac16k,,,,sdm_fake_0047,g711_ulaw,source_disjoint_music_v1,udio-120s,sonics_17,prospective,,,,0.28144943714141846
sdm_fake_0047__phonefact_g726_24k,1,,1.0,0,1,music,source_disjoint,SONICS-udio,common_flac16k,,,,sdm_fake_0047,g726_24k,source_disjoint_music_v1,udio-120s,sonics_17,prospective,,,,0.2938394248485565
sdm_fake_0047__phonefact_opus_nb_8k,1,,1.0,0,1,music,source_disjoint,SONICS-udio,common_flac16k,,,,sdm_fake_0047,opus_nb_8k,source_disjoint_music_v1,udio-120s,sonics_17,prospective,,,,0.02737141028046608
sdm_fake_0048__phonefact_resample8k,1,,1.0,0,1,music,source_disjoint,SONICS-suno,common_flac16k,,,,sdm_fake_0048,resample8k,source_disjoint_music_v1,chirp-v3.5,sonics_2393,alignment,,,,0.9971935153007507
sdm_fake_0048__phonefact_g711_ulaw,1,,1.0,0,1,music,source_disjoint,SONICS-suno,common_flac16k,,,,sdm_fake_0048,g711_ulaw,source_disjoint_music_v1,chirp-v3.5,sonics_2393,alignment,,,,0.7045626044273376
sdm_fake_0048__phonefact_g726_24k,1,,1.0,0,1,music,source_disjoint,SONICS-suno,common_flac16k,,,,sdm_fake_0048,g726_24k,source_disjoint_music_v1,chirp-v3.5,sonics_2393,alignment,,,,0.6109620332717896
sdm_fake_0048__phonefact_opus_nb_8k,1,,1.0,0,1,music,source_disjoint,SONICS-suno,common_flac16k,,,,sdm_fake_0048,opus_nb_8k,source_disjoint_music_v1,chirp-v3.5,sonics_2393,alignment,,,,0.0308925099670887
sdm_fake_0049__phonefact_resample8k,1,,1.0,0,1,music,source_disjoint,SONICS-suno,common_flac16k,,,,sdm_fake_0049,resample8k,source_disjoint_music_v1,chirp-v3.5,sonics_3410,prospective,,,,0.9963687658309937
sdm_fake_0049__phonefact_g711_ulaw,1,,1.0,0,1,music,source_disjoint,SONICS-suno,common_flac16k,,,,sdm_fake_0049,g711_ulaw,source_disjoint_music_v1,chirp-v3.5,sonics_3410,prospective,,,,0.6322820782661438
sdm_fake_0049__phonefact_g726_24k,1,,1.0,0,1,music,source_disjoint,SONICS-suno,common_flac16k,,,,sdm_fake_0049,g726_24k,source_disjoint_music_v1,chirp-v3.5,sonics_3410,prospective,,,,0.5732538104057312
sdm_fake_0049__phonefact_opus_nb_8k,1,,1.0,0,1,music,source_disjoint,SONICS-suno,common_flac16k,,,,sdm_fake_0049,opus_nb_8k,source_disjoint_music_v1,chirp-v3.5,sonics_3410,prospective,,,,0.02646041288971901
voice_0000__phonefact_resample8k,0,0.0,,1,0,voice,speech_only,vcc2020,nocodec,,,,voice_0000,resample8k,asvspoof_voice_v1,-,,,bonafide,TFM1,4.1066875,0.2888680696487427
voice_0000__phonefact_g711_ulaw,0,0.0,,1,0,voice,speech_only,vcc2020,nocodec,,,,voice_0000,g711_ulaw,asvspoof_voice_v1,-,,,bonafide,TFM1,4.1066875,0.39034324884414673
voice_0000__phonefact_g726_24k,0,0.0,,1,0,voice,speech_only,vcc2020,nocodec,,,,voice_0000,g726_24k,asvspoof_voice_v1,-,,,bonafide,TFM1,4.1066875,0.6163354516029358
voice_0000__phonefact_opus_nb_8k,0,0.0,,1,0,voice,speech_only,vcc2020,nocodec,,,,voice_0000,opus_nb_8k,asvspoof_voice_v1,-,,,bonafide,TFM1,4.1066875,0.35498741269111633
voice_0001__phonefact_resample8k,0,0.0,,1,0,voice,speech_only,vcc2018,low_ogg,,,,voice_0001,resample8k,asvspoof_voice_v1,-,,,bonafide,VCC2SM1,5.352,0.9888647794723511
voice_0001__phonefact_g711_ulaw,0,0.0,,1,0,voice,speech_only,vcc2018,low_ogg,,,,voice_0001,g711_ulaw,asvspoof_voice_v1,-,,,bonafide,VCC2SM1,5.352,0.49566903710365295
voice_0001__phonefact_g726_24k,0,0.0,,1,0,voice,speech_only,vcc2018,low_ogg,,,,voice_0001,g726_24k,asvspoof_voice_v1,-,,,bonafide,VCC2SM1,5.352,0.5965365767478943
voice_0001__phonefact_opus_nb_8k,0,0.0,,1,0,voice,speech_only,vcc2018,low_ogg,,,,voice_0001,opus_nb_8k,asvspoof_voice_v1,-,,,bonafide,VCC2SM1,5.352,0.2863895893096924
voice_0002__phonefact_resample8k,0,0.0,,1,0,voice,speech_only,asvspoof,high_ogg,,,,voice_0002,resample8k,asvspoof_voice_v1,-,,,bonafide,LA_0019,4.952,0.3908768594264984
voice_0002__phonefact_g711_ulaw,0,0.0,,1,0,voice,speech_only,asvspoof,high_ogg,,,,voice_0002,g711_ulaw,asvspoof_voice_v1,-,,,bonafide,LA_0019,4.952,0.30732038617134094
voice_0002__phonefact_g726_24k,0,0.0,,1,0,voice,speech_only,asvspoof,high_ogg,,,,voice_0002,g726_24k,asvspoof_voice_v1,-,,,bonafide,LA_0019,4.952,0.3267301917076111
voice_0002__phonefact_opus_nb_8k,0,0.0,,1,0,voice,speech_only,asvspoof,high_ogg,,,,voice_0002,opus_nb_8k,asvspoof_voice_v1,-,,,bonafide,LA_0019,4.952,0.21693271398544312
voice_0003__phonefact_resample8k,0,0.0,,1,0,voice,speech_only,vcc2020,high_m4a,,,,voice_0003,resample8k,asvspoof_voice_v1,-,,,bonafide,TEM1,5.632,0.489231139421463
voice_0003__phonefact_g711_ulaw,0,0.0,,1,0,voice,speech_only,vcc2020,high_m4a,,,,voice_0003,g711_ulaw,asvspoof_voice_v1,-,,,bonafide,TEM1,5.632,0.10518693178892136
voice_0003__phonefact_g726_24k,0,0.0,,1,0,voice,speech_only,vcc2020,high_m4a,,,,voice_0003,g726_24k,asvspoof_voice_v1,-,,,bonafide,TEM1,5.632,0.12018343806266785
voice_0003__phonefact_opus_nb_8k,0,0.0,,1,0,voice,speech_only,vcc2020,high_m4a,,,,voice_0003,opus_nb_8k,asvspoof_voice_v1,-,,,bonafide,TEM1,5.632,0.04555806890130043
voice_0004__phonefact_resample8k,0,0.0,,1,0,voice,speech_only,vcc2018,oggm4a,,,,voice_0004,resample8k,asvspoof_voice_v1,-,,,bonafide,VCC2SM4,4.544,0.9010139107704163
voice_0004__phonefact_g711_ulaw,0,0.0,,1,0,voice,speech_only,vcc2018,oggm4a,,,,voice_0004,g711_ulaw,asvspoof_voice_v1,-,,,bonafide,VCC2SM4,4.544,0.3741735816001892
voice_0004__phonefact_g726_24k,0,0.0,,1,0,voice,speech_only,vcc2018,oggm4a,,,,voice_0004,g726_24k,asvspoof_voice_v1,-,,,bonafide,VCC2SM4,4.544,0.6410115361213684
voice_0004__phonefact_opus_nb_8k,0,0.0,,1,0,voice,speech_only,vcc2018,oggm4a,,,,voice_0004,opus_nb_8k,asvspoof_voice_v1,-,,,bonafide,VCC2SM4,4.544,0.14808490872383118
voice_0005__phonefact_resample8k,0,0.0,,1,0,voice,speech_only,asvspoof,high_ogg,,,,voice_0005,resample8k,asvspoof_voice_v1,-,,,bonafide,LA_0024,4.616,0.3698320984840393
voice_0005__phonefact_g711_ulaw,0,0.0,,1,0,voice,speech_only,asvspoof,high_ogg,,,,voice_0005,g711_ulaw,asvspoof_voice_v1,-,,,bonafide,LA_0024,4.616,0.2815518081188202
voice_0005__phonefact_g726_24k,0,0.0,,1,0,voice,speech_only,asvspoof,high_ogg,,,,voice_0005,g726_24k,asvspoof_voice_v1,-,,,bonafide,LA_0024,4.616,0.42653802037239075
voice_0005__phonefact_opus_nb_8k,0,0.0,,1,0,voice,speech_only,asvspoof,high_ogg,,,,voice_0005,opus_nb_8k,asvspoof_voice_v1,-,,,bonafide,LA_0024,4.616,0.15472018718719482
voice_0006__phonefact_resample8k,0,0.0,,1,0,voice,speech_only,vcc2020,low_mp3,,,,voice_0006,resample8k,asvspoof_voice_v1,-,,,bonafide,TFM1,7.168,0.19239738583564758
voice_0006__phonefact_g711_ulaw,0,0.0,,1,0,voice,speech_only,vcc2020,low_mp3,,,,voice_0006,g711_ulaw,asvspoof_voice_v1,-,,,bonafide,TFM1,7.168,0.18699121475219727
voice_0006__phonefact_g726_24k,0,0.0,,1,0,voice,speech_only,vcc2020,low_mp3,,,,voice_0006,g726_24k,asvspoof_voice_v1,-,,,bonafide,TFM1,7.168,0.3949468731880188
voice_0006__phonefact_opus_nb_8k,0,0.0,,1,0,voice,speech_only,vcc2020,low_mp3,,,,voice_0006,opus_nb_8k,asvspoof_voice_v1,-,,,bonafide,TFM1,7.168,0.21022868156433105
voice_0007__phonefact_resample8k,0,0.0,,1,0,voice,speech_only,asvspoof,nocodec,,,,voice_0007,resample8k,asvspoof_voice_v1,-,,,bonafide,LA_0036,4.4804375,0.576822817325592
voice_0007__phonefact_g711_ulaw,0,0.0,,1,0,voice,speech_only,asvspoof,nocodec,,,,voice_0007,g711_ulaw,asvspoof_voice_v1,-,,,bonafide,LA_0036,4.4804375,0.4921053946018219
voice_0007__phonefact_g726_24k,0,0.0,,1,0,voice,speech_only,asvspoof,nocodec,,,,voice_0007,g726_24k,asvspoof_voice_v1,-,,,bonafide,LA_0036,4.4804375,0.48558053374290466
voice_0007__phonefact_opus_nb_8k,0,0.0,,1,0,voice,speech_only,asvspoof,nocodec,,,,voice_0007,opus_nb_8k,asvspoof_voice_v1,-,,,bonafide,LA_0036,4.4804375,0.3864690661430359
voice_0008__phonefact_resample8k,0,0.0,,1,0,voice,speech_only,vcc2020,high_mp3,,,,voice_0008,resample8k,asvspoof_voice_v1,-,,,bonafide,TMM1,4.78,0.47733059525489807
voice_0008__phonefact_g711_ulaw,0,0.0,,1,0,voice,speech_only,vcc2020,high_mp3,,,,voice_0008,g711_ulaw,asvspoof_voice_v1,-,,,bonafide,TMM1,4.78,0.18271403014659882
voice_0008__phonefact_g726_24k,0,0.0,,1,0,voice,speech_only,vcc2020,high_mp3,,,,voice_0008,g726_24k,asvspoof_voice_v1,-,,,bonafide,TMM1,4.78,0.19923627376556396
voice_0008__phonefact_opus_nb_8k,0,0.0,,1,0,voice,speech_only,vcc2020,high_mp3,,,,voice_0008,opus_nb_8k,asvspoof_voice_v1,-,,,bonafide,TMM1,4.78,0.10406092554330826
voice_0009__phonefact_resample8k,0,0.0,,1,0,voice,speech_only,vcc2018,mp3m4a,,,,voice_0009,resample8k,asvspoof_voice_v1,-,,,bonafide,VCC2TM1,4.48,0.8237719535827637
voice_0009__phonefact_g711_ulaw,0,0.0,,1,0,voice,speech_only,vcc2018,mp3m4a,,,,voice_0009,g711_ulaw,asvspoof_voice_v1,-,,,bonafide,VCC2TM1,4.48,0.4521448016166687
voice_0009__phonefact_g726_24k,0,0.0,,1,0,voice,speech_only,vcc2018,mp3m4a,,,,voice_0009,g726_24k,asvspoof_voice_v1,-,,,bonafide,VCC2TM1,4.48,0.5544102191925049
voice_0009__phonefact_opus_nb_8k,0,0.0,,1,0,voice,speech_only,vcc2018,mp3m4a,,,,voice_0009,opus_nb_8k,asvspoof_voice_v1,-,,,bonafide,VCC2TM1,4.48,0.24033039808273315
voice_0010__phonefact_resample8k,0,0.0,,1,0,voice,speech_only,asvspoof,low_ogg,,,,voice_0010,resample8k,asvspoof_voice_v1,-,,,bonafide,LA_0063,4.104,0.4910810887813568
voice_0010__phonefact_g711_ulaw,0,0.0,,1,0,voice,speech_only,asvspoof,low_ogg,,,,voice_0010,g711_ulaw,asvspoof_voice_v1,-,,,bonafide,LA_0063,4.104,0.4761737287044525
voice_0010__phonefact_g726_24k,0,0.0,,1,0,voice,speech_only,asvspoof,low_ogg,,,,voice_0010,g726_24k,asvspoof_voice_v1,-,,,bonafide,LA_0063,4.104,0.43696755170822144
voice_0010__phonefact_opus_nb_8k,0,0.0,,1,0,voice,speech_only,asvspoof,low_ogg,,,,voice_0010,opus_nb_8k,asvspoof_voice_v1,-,,,bonafide,LA_0063,4.104,0.2135211080312729
voice_0011__phonefact_resample8k,0,0.0,,1,0,voice,speech_only,vcc2020,low_ogg,,,,voice_0011,resample8k,asvspoof_voice_v1,-,,,bonafide,TFF1,5.608,0.39693349599838257
voice_0011__phonefact_g711_ulaw,0,0.0,,1,0,voice,speech_only,vcc2020,low_ogg,,,,voice_0011,g711_ulaw,asvspoof_voice_v1,-,,,bonafide,TFF1,5.608,0.4751480221748352
voice_0011__phonefact_g726_24k,0,0.0,,1,0,voice,speech_only,vcc2020,low_ogg,,,,voice_0011,g726_24k,asvspoof_voice_v1,-,,,bonafide,TFF1,5.608,0.473760724067688
voice_0011__phonefact_opus_nb_8k,0,0.0,,1,0,voice,speech_only,vcc2020,low_ogg,,,,voice_0011,opus_nb_8k,asvspoof_voice_v1,-,,,bonafide,TFF1,5.608,0.2340703159570694
voice_0012__phonefact_resample8k,0,0.0,,1,0,voice,speech_only,asvspoof,high_mp3,,,,voice_0012,resample8k,asvspoof_voice_v1,-,,,bonafide,LA_0022,6.0149375,0.20245379209518433
voice_0012__phonefact_g711_ulaw,0,0.0,,1,0,voice,speech_only,asvspoof,high_mp3,,,,voice_0012,g711_ulaw,asvspoof_voice_v1,-,,,bonafide,LA_0022,6.0149375,0.2654668390750885
voice_0012__phonefact_g726_24k,0,0.0,,1,0,voice,speech_only,asvspoof,high_mp3,,,,voice_0012,g726_24k,asvspoof_voice_v1,-,,,bonafide,LA_0022,6.0149375,0.3034088909626007
voice_0012__phonefact_opus_nb_8k,0,0.0,,1,0,voice,speech_only,asvspoof,high_mp3,,,,voice_0012,opus_nb_8k,asvspoof_voice_v1,-,,,bonafide,LA_0022,6.0149375,0.20315927267074585
voice_0013__phonefact_resample8k,0,0.0,,1,0,voice,speech_only,asvspoof,mp3m4a,,,,voice_0013,resample8k,asvspoof_voice_v1,-,,,bonafide,LA_0013,5.504,0.48331543803215027
voice_0013__phonefact_g711_ulaw,0,0.0,,1,0,voice,speech_only,asvspoof,mp3m4a,,,,voice_0013,g711_ulaw,asvspoof_voice_v1,-,,,bonafide,LA_0013,5.504,0.38278859853744507
voice_0013__phonefact_g726_24k,0,0.0,,1,0,voice,speech_only,asvspoof,mp3m4a,,,,voice_0013,g726_24k,asvspoof_voice_v1,-,,,bonafide,LA_0013,5.504,0.47832348942756653
voice_0013__phonefact_opus_nb_8k,0,0.0,,1,0,voice,speech_only,asvspoof,mp3m4a,,,,voice_0013,opus_nb_8k,asvspoof_voice_v1,-,,,bonafide,LA_0013,5.504,0.19758717715740204
voice_0014__phonefact_resample8k,0,0.0,,1,0,voice,speech_only,vcc2020,low_mp3,,,,voice_0014,resample8k,asvspoof_voice_v1,-,,,bonafide,SEF2,4.23275,0.6858725547790527
voice_0014__phonefact_g711_ulaw,0,0.0,,1,0,voice,speech_only,vcc2020,low_mp3,,,,voice_0014,g711_ulaw,asvspoof_voice_v1,-,,,bonafide,SEF2,4.23275,0.1721523106098175
voice_0014__phonefact_g726_24k,0,0.0,,1,0,voice,speech_only,vcc2020,low_mp3,,,,voice_0014,g726_24k,asvspoof_voice_v1,-,,,bonafide,SEF2,4.23275,0.22435161471366882
voice_0014__phonefact_opus_nb_8k,0,0.0,,1,0,voice,speech_only,vcc2020,low_mp3,,,,voice_0014,opus_nb_8k,asvspoof_voice_v1,-,,,bonafide,SEF2,4.23275,0.08066019415855408
voice_0015__phonefact_resample8k,0,0.0,,1,0,voice,speech_only,asvspoof,high_m4a,,,,voice_0015,resample8k,asvspoof_voice_v1,-,,,bonafide,LA_0032,4.032,0.10920093208551407
voice_0015__phonefact_g711_ulaw,0,0.0,,1,0,voice,speech_only,asvspoof,high_m4a,,,,voice_0015,g711_ulaw,asvspoof_voice_v1,-,,,bonafide,LA_0032,4.032,0.1265149861574173
voice_0015__phonefact_g726_24k,0,0.0,,1,0,voice,speech_only,asvspoof,high_m4a,,,,voice_0015,g726_24k,asvspoof_voice_v1,-,,,bonafide,LA_0032,4.032,0.17153656482696533
voice_0015__phonefact_opus_nb_8k,0,0.0,,1,0,voice,speech_only,asvspoof,high_m4a,,,,voice_0015,opus_nb_8k,asvspoof_voice_v1,-,,,bonafide,LA_0032,4.032,0.10184480249881744
voice_0016__phonefact_resample8k,0,0.0,,1,0,voice,speech_only,asvspoof,high_ogg,,,,voice_0016,resample8k,asvspoof_voice_v1,-,,,bonafide,LA_0036,4.192,0.2586819529533386
voice_0016__phonefact_g711_ulaw,0,0.0,,1,0,voice,speech_only,asvspoof,high_ogg,,,,voice_0016,g711_ulaw,asvspoof_voice_v1,-,,,bonafide,LA_0036,4.192,0.3750603497028351
voice_0016__phonefact_g726_24k,0,0.0,,1,0,voice,speech_only,asvspoof,high_ogg,,,,voice_0016,g726_24k,asvspoof_voice_v1,-,,,bonafide,LA_0036,4.192,0.45221614837646484
voice_0016__phonefact_opus_nb_8k,0,0.0,,1,0,voice,speech_only,asvspoof,high_ogg,,,,voice_0016,opus_nb_8k,asvspoof_voice_v1,-,,,bonafide,LA_0036,4.192,0.4049545228481293
voice_0017__phonefact_resample8k,0,0.0,,1,0,voice,speech_only,asvspoof,low_ogg,,,,voice_0017,resample8k,asvspoof_voice_v1,-,,,bonafide,LA_0044,4.568,0.10762051492929459
voice_0017__phonefact_g711_ulaw,0,0.0,,1,0,voice,speech_only,asvspoof,low_ogg,,,,voice_0017,g711_ulaw,asvspoof_voice_v1,-,,,bonafide,LA_0044,4.568,0.11904732137918472
voice_0017__phonefact_g726_24k,0,0.0,,1,0,voice,speech_only,asvspoof,low_ogg,,,,voice_0017,g726_24k,asvspoof_voice_v1,-,,,bonafide,LA_0044,4.568,0.11316672712564468
voice_0017__phonefact_opus_nb_8k,0,0.0,,1,0,voice,speech_only,asvspoof,low_ogg,,,,voice_0017,opus_nb_8k,asvspoof_voice_v1,-,,,bonafide,LA_0044,4.568,0.07787618041038513
voice_0018__phonefact_resample8k,0,0.0,,1,0,voice,speech_only,vcc2020,high_m4a,,,,voice_0018,resample8k,asvspoof_voice_v1,-,,,bonafide,TMF1,5.696,0.5982661247253418
voice_0018__phonefact_g711_ulaw,0,0.0,,1,0,voice,speech_only,vcc2020,high_m4a,,,,voice_0018,g711_ulaw,asvspoof_voice_v1,-,,,bonafide,TMF1,5.696,0.26375168561935425
voice_0018__phonefact_g726_24k,0,0.0,,1,0,voice,speech_only,vcc2020,high_m4a,,,,voice_0018,g726_24k,asvspoof_voice_v1,-,,,bonafide,TMF1,5.696,0.2899932861328125
voice_0018__phonefact_opus_nb_8k,0,0.0,,1,0,voice,speech_only,vcc2020,high_m4a,,,,voice_0018,opus_nb_8k,asvspoof_voice_v1,-,,,bonafide,TMF1,5.696,0.10058249533176422
voice_0019__phonefact_resample8k,0,0.0,,1,0,voice,speech_only,vcc2018,oggm4a,,,,voice_0019,resample8k,asvspoof_voice_v1,-,,,bonafide,VCC2TM2,5.44,0.5957196354866028
voice_0019__phonefact_g711_ulaw,0,0.0,,1,0,voice,speech_only,vcc2018,oggm4a,,,,voice_0019,g711_ulaw,asvspoof_voice_v1,-,,,bonafide,VCC2TM2,5.44,0.5235687494277954
voice_0019__phonefact_g726_24k,0,0.0,,1,0,voice,speech_only,vcc2018,oggm4a,,,,voice_0019,g726_24k,asvspoof_voice_v1,-,,,bonafide,VCC2TM2,5.44,0.5386911630630493
voice_0019__phonefact_opus_nb_8k,0,0.0,,1,0,voice,speech_only,vcc2018,oggm4a,,,,voice_0019,opus_nb_8k,asvspoof_voice_v1,-,,,bonafide,VCC2TM2,5.44,0.22347356379032135
voice_0020__phonefact_resample8k,0,0.0,,1,0,voice,speech_only,asvspoof,high_mp3,,,,voice_0020,resample8k,asvspoof_voice_v1,-,,,bonafide,LA_0018,4.1429375,0.2713105380535126
voice_0020__phonefact_g711_ulaw,0,0.0,,1,0,voice,speech_only,asvspoof,high_mp3,,,,voice_0020,g711_ulaw,asvspoof_voice_v1,-,,,bonafide,LA_0018,4.1429375,0.20124757289886475
voice_0020__phonefact_g726_24k,0,0.0,,1,0,voice,speech_only,asvspoof,high_mp3,,,,voice_0020,g726_24k,asvspoof_voice_v1,-,,,bonafide,LA_0018,4.1429375,0.34853219985961914
voice_0020__phonefact_opus_nb_8k,0,0.0,,1,0,voice,speech_only,asvspoof,high_mp3,,,,voice_0020,opus_nb_8k,asvspoof_voice_v1,-,,,bonafide,LA_0018,4.1429375,0.21333381533622742
voice_0021__phonefact_resample8k,0,0.0,,1,0,voice,speech_only,vcc2018,high_ogg,,,,voice_0021,resample8k,asvspoof_voice_v1,-,,,bonafide,VCC2SF4,4.216,0.6287386417388916
voice_0021__phonefact_g711_ulaw,0,0.0,,1,0,voice,speech_only,vcc2018,high_ogg,,,,voice_0021,g711_ulaw,asvspoof_voice_v1,-,,,bonafide,VCC2SF4,4.216,0.24222426116466522
voice_0021__phonefact_g726_24k,0,0.0,,1,0,voice,speech_only,vcc2018,high_ogg,,,,voice_0021,g726_24k,asvspoof_voice_v1,-,,,bonafide,VCC2SF4,4.216,0.349152147769928
voice_0021__phonefact_opus_nb_8k,0,0.0,,1,0,voice,speech_only,vcc2018,high_ogg,,,,voice_0021,opus_nb_8k,asvspoof_voice_v1,-,,,bonafide,VCC2SF4,4.216,0.1717224270105362
voice_0022__phonefact_resample8k,0,0.0,,1,0,voice,speech_only,vcc2020,mp3m4a,,,,voice_0022,resample8k,asvspoof_voice_v1,-,,,bonafide,TFM1,4.864,0.28340500593185425
voice_0022__phonefact_g711_ulaw,0,0.0,,1,0,voice,speech_only,vcc2020,mp3m4a,,,,voice_0022,g711_ulaw,asvspoof_voice_v1,-,,,bonafide,TFM1,4.864,0.34490105509757996
voice_0022__phonefact_g726_24k,0,0.0,,1,0,voice,speech_only,vcc2020,mp3m4a,,,,voice_0022,g726_24k,asvspoof_voice_v1,-,,,bonafide,TFM1,4.864,0.7076582312583923
voice_0022__phonefact_opus_nb_8k,0,0.0,,1,0,voice,speech_only,vcc2020,mp3m4a,,,,voice_0022,opus_nb_8k,asvspoof_voice_v1,-,,,bonafide,TFM1,4.864,0.41469335556030273
voice_0023__phonefact_resample8k,0,0.0,,1,0,voice,speech_only,vcc2018,high_ogg,,,,voice_0023,resample8k,asvspoof_voice_v1,-,,,bonafide,VCC2SF1,4.072,0.5645006895065308
voice_0023__phonefact_g711_ulaw,0,0.0,,1,0,voice,speech_only,vcc2018,high_ogg,,,,voice_0023,g711_ulaw,asvspoof_voice_v1,-,,,bonafide,VCC2SF1,4.072,0.2836199700832367
voice_0023__phonefact_g726_24k,0,0.0,,1,0,voice,speech_only,vcc2018,high_ogg,,,,voice_0023,g726_24k,asvspoof_voice_v1,-,,,bonafide,VCC2SF1,4.072,0.35939860343933105
voice_0023__phonefact_opus_nb_8k,0,0.0,,1,0,voice,speech_only,vcc2018,high_ogg,,,,voice_0023,opus_nb_8k,asvspoof_voice_v1,-,,,bonafide,VCC2SF1,4.072,0.21463307738304138
voice_0024__phonefact_resample8k,0,0.0,,1,0,voice,speech_only,asvspoof,mp3m4a,,,,voice_0024,resample8k,asvspoof_voice_v1,-,,,bonafide,LA_0040,4.224,0.286275178194046
voice_0024__phonefact_g711_ulaw,0,0.0,,1,0,voice,speech_only,asvspoof,mp3m4a,,,,voice_0024,g711_ulaw,asvspoof_voice_v1,-,,,bonafide,LA_0040,4.224,0.25139427185058594
voice_0024__phonefact_g726_24k,0,0.0,,1,0,voice,speech_only,asvspoof,mp3m4a,,,,voice_0024,g726_24k,asvspoof_voice_v1,-,,,bonafide,LA_0040,4.224,0.43673622608184814
voice_0024__phonefact_opus_nb_8k,0,0.0,,1,0,voice,speech_only,asvspoof,mp3m4a,,,,voice_0024,opus_nb_8k,asvspoof_voice_v1,-,,,bonafide,LA_0040,4.224,0.23516437411308289
voice_0025__phonefact_resample8k,0,0.0,,1,0,voice,speech_only,vcc2018,oggm4a,,,,voice_0025,resample8k,asvspoof_voice_v1,-,,,bonafide,VCC2SF2,4.096,0.8425027132034302
voice_0025__phonefact_g711_ulaw,0,0.0,,1,0,voice,speech_only,vcc2018,oggm4a,,,,voice_0025,g711_ulaw,asvspoof_voice_v1,-,,,bonafide,VCC2SF2,4.096,0.5242087244987488
voice_0025__phonefact_g726_24k,0,0.0,,1,0,voice,speech_only,vcc2018,oggm4a,,,,voice_0025,g726_24k,asvspoof_voice_v1,-,,,bonafide,VCC2SF2,4.096,0.6510562896728516
voice_0025__phonefact_opus_nb_8k,0,0.0,,1,0,voice,speech_only,vcc2018,oggm4a,,,,voice_0025,opus_nb_8k,asvspoof_voice_v1,-,,,bonafide,VCC2SF2,4.096,0.2826176583766937
voice_0026__phonefact_resample8k,0,0.0,,1,0,voice,speech_only,vcc2020,oggm4a,,,,voice_0026,resample8k,asvspoof_voice_v1,-,,,bonafide,TMF1,7.168,0.971631646156311
voice_0026__phonefact_g711_ulaw,0,0.0,,1,0,voice,speech_only,vcc2020,oggm4a,,,,voice_0026,g711_ulaw,asvspoof_voice_v1,-,,,bonafide,TMF1,7.168,0.513645589351654
voice_0026__phonefact_g726_24k,0,0.0,,1,0,voice,speech_only,vcc2020,oggm4a,,,,voice_0026,g726_24k,asvspoof_voice_v1,-,,,bonafide,TMF1,7.168,0.476993590593338
voice_0026__phonefact_opus_nb_8k,0,0.0,,1,0,voice,speech_only,vcc2020,oggm4a,,,,voice_0026,opus_nb_8k,asvspoof_voice_v1,-,,,bonafide,TMF1,7.168,0.14265455305576324
voice_0027__phonefact_resample8k,0,0.0,,1,0,voice,speech_only,asvspoof,oggm4a,,,,voice_0027,resample8k,asvspoof_voice_v1,-,,,bonafide,LA_0045,4.672,0.5424163937568665
voice_0027__phonefact_g711_ulaw,0,0.0,,1,0,voice,speech_only,asvspoof,oggm4a,,,,voice_0027,g711_ulaw,asvspoof_voice_v1,-,,,bonafide,LA_0045,4.672,0.6391545534133911
voice_0027__phonefact_g726_24k,0,0.0,,1,0,voice,speech_only,asvspoof,oggm4a,,,,voice_0027,g726_24k,asvspoof_voice_v1,-,,,bonafide,LA_0045,4.672,0.8101991415023804
voice_0027__phonefact_opus_nb_8k,0,0.0,,1,0,voice,speech_only,asvspoof,oggm4a,,,,voice_0027,opus_nb_8k,asvspoof_voice_v1,-,,,bonafide,LA_0045,4.672,0.37038058042526245
voice_0028__phonefact_resample8k,0,0.0,,1,0,voice,speech_only,vcc2018,high_mp3,,,,voice_0028,resample8k,asvspoof_voice_v1,-,,,bonafide,VCC2SF2,6.225625,0.38914769887924194
voice_0028__phonefact_g711_ulaw,0,0.0,,1,0,voice,speech_only,vcc2018,high_mp3,,,,voice_0028,g711_ulaw,asvspoof_voice_v1,-,,,bonafide,VCC2SF2,6.225625,0.2390882819890976
voice_0028__phonefact_g726_24k,0,0.0,,1,0,voice,speech_only,vcc2018,high_mp3,,,,voice_0028,g726_24k,asvspoof_voice_v1,-,,,bonafide,VCC2SF2,6.225625,0.6917912364006042
voice_0028__phonefact_opus_nb_8k,0,0.0,,1,0,voice,speech_only,vcc2018,high_mp3,,,,voice_0028,opus_nb_8k,asvspoof_voice_v1,-,,,bonafide,VCC2SF2,6.225625,0.1896170675754547
voice_0029__phonefact_resample8k,0,0.0,,1,0,voice,speech_only,asvspoof,low_ogg,,,,voice_0029,resample8k,asvspoof_voice_v1,-,,,bonafide,LA_0046,5.224,0.5037316083908081
voice_0029__phonefact_g711_ulaw,0,0.0,,1,0,voice,speech_only,asvspoof,low_ogg,,,,voice_0029,g711_ulaw,asvspoof_voice_v1,-,,,bonafide,LA_0046,5.224,0.4418463408946991
voice_0029__phonefact_g726_24k,0,0.0,,1,0,voice,speech_only,asvspoof,low_ogg,,,,voice_0029,g726_24k,asvspoof_voice_v1,-,,,bonafide,LA_0046,5.224,0.679561197757721
voice_0029__phonefact_opus_nb_8k,0,0.0,,1,0,voice,speech_only,asvspoof,low_ogg,,,,voice_0029,opus_nb_8k,asvspoof_voice_v1,-,,,bonafide,LA_0046,5.224,0.256468802690506
voice_0030__phonefact_resample8k,0,0.0,,1,0,voice,speech_only,vcc2020,low_ogg,,,,voice_0030,resample8k,asvspoof_voice_v1,-,,,bonafide,TFM1,4.888,0.35885927081108093
voice_0030__phonefact_g711_ulaw,0,0.0,,1,0,voice,speech_only,vcc2020,low_ogg,,,,voice_0030,g711_ulaw,asvspoof_voice_v1,-,,,bonafide,TFM1,4.888,0.38608747720718384
voice_0030__phonefact_g726_24k,0,0.0,,1,0,voice,speech_only,vcc2020,low_ogg,,,,voice_0030,g726_24k,asvspoof_voice_v1,-,,,bonafide,TFM1,4.888,0.4718480706214905
voice_0030__phonefact_opus_nb_8k,0,0.0,,1,0,voice,speech_only,vcc2020,low_ogg,,,,voice_0030,opus_nb_8k,asvspoof_voice_v1,-,,,bonafide,TFM1,4.888,0.25661322474479675
voice_0031__phonefact_resample8k,0,0.0,,1,0,voice,speech_only,asvspoof,mp3m4a,,,,voice_0031,resample8k,asvspoof_voice_v1,-,,,bonafide,LA_0009,5.12,0.5119310021400452
voice_0031__phonefact_g711_ulaw,0,0.0,,1,0,voice,speech_only,asvspoof,mp3m4a,,,,voice_0031,g711_ulaw,asvspoof_voice_v1,-,,,bonafide,LA_0009,5.12,0.4302089512348175
voice_0031__phonefact_g726_24k,0,0.0,,1,0,voice,speech_only,asvspoof,mp3m4a,,,,voice_0031,g726_24k,asvspoof_voice_v1,-,,,bonafide,LA_0009,5.12,0.6704959273338318
voice_0031__phonefact_opus_nb_8k,0,0.0,,1,0,voice,speech_only,asvspoof,mp3m4a,,,,voice_0031,opus_nb_8k,asvspoof_voice_v1,-,,,bonafide,LA_0009,5.12,0.20575904846191406
voice_0032__phonefact_resample8k,0,0.0,,1,0,voice,speech_only,vcc2020,oggm4a,,,,voice_0032,resample8k,asvspoof_voice_v1,-,,,bonafide,TGM1,5.248,0.6287803649902344
voice_0032__phonefact_g711_ulaw,0,0.0,,1,0,voice,speech_only,vcc2020,oggm4a,,,,voice_0032,g711_ulaw,asvspoof_voice_v1,-,,,bonafide,TGM1,5.248,0.31608062982559204
voice_0032__phonefact_g726_24k,0,0.0,,1,0,voice,speech_only,vcc2020,oggm4a,,,,voice_0032,g726_24k,asvspoof_voice_v1,-,,,bonafide,TGM1,5.248,0.7800211310386658
voice_0032__phonefact_opus_nb_8k,0,0.0,,1,0,voice,speech_only,vcc2020,oggm4a,,,,voice_0032,opus_nb_8k,asvspoof_voice_v1,-,,,bonafide,TGM1,5.248,0.3714480698108673
voice_0033__phonefact_resample8k,0,0.0,,1,0,voice,speech_only,asvspoof,high_mp3,,,,voice_0033,resample8k,asvspoof_voice_v1,-,,,bonafide,LA_0011,4.8659375,0.40053659677505493
voice_0033__phonefact_g711_ulaw,0,0.0,,1,0,voice,speech_only,asvspoof,high_mp3,,,,voice_0033,g711_ulaw,asvspoof_voice_v1,-,,,bonafide,LA_0011,4.8659375,0.5705931782722473
voice_0033__phonefact_g726_24k,0,0.0,,1,0,voice,speech_only,asvspoof,high_mp3,,,,voice_0033,g726_24k,asvspoof_voice_v1,-,,,bonafide,LA_0011,4.8659375,0.5611392855644226
voice_0033__phonefact_opus_nb_8k,0,0.0,,1,0,voice,speech_only,asvspoof,high_mp3,,,,voice_0033,opus_nb_8k,asvspoof_voice_v1,-,,,bonafide,LA_0011,4.8659375,0.27295222878456116
voice_0034__phonefact_resample8k,0,0.0,,1,0,voice,speech_only,asvspoof,high_m4a,,,,voice_0034,resample8k,asvspoof_voice_v1,-,,,bonafide,LA_0011,4.544,0.33153459429740906
voice_0034__phonefact_g711_ulaw,0,0.0,,1,0,voice,speech_only,asvspoof,high_m4a,,,,voice_0034,g711_ulaw,asvspoof_voice_v1,-,,,bonafide,LA_0011,4.544,0.2920650541782379
voice_0034__phonefact_g726_24k,0,0.0,,1,0,voice,speech_only,asvspoof,high_m4a,,,,voice_0034,g726_24k,asvspoof_voice_v1,-,,,bonafide,LA_0011,4.544,0.360921710729599
voice_0034__phonefact_opus_nb_8k,0,0.0,,1,0,voice,speech_only,asvspoof,high_m4a,,,,voice_0034,opus_nb_8k,asvspoof_voice_v1,-,,,bonafide,LA_0011,4.544,0.19113287329673767
voice_0035__phonefact_resample8k,0,0.0,,1,0,voice,speech_only,asvspoof,low_mp3,,,,voice_0035,resample8k,asvspoof_voice_v1,-,,,bonafide,LA_0030,5.33625,0.18807518482208252
voice_0035__phonefact_g711_ulaw,0,0.0,,1,0,voice,speech_only,asvspoof,low_mp3,,,,voice_0035,g711_ulaw,asvspoof_voice_v1,-,,,bonafide,LA_0030,5.33625,0.2408556342124939
voice_0035__phonefact_g726_24k,0,0.0,,1,0,voice,speech_only,asvspoof,low_mp3,,,,voice_0035,g726_24k,asvspoof_voice_v1,-,,,bonafide,LA_0030,5.33625,0.39974233508110046
voice_0035__phonefact_opus_nb_8k,0,0.0,,1,0,voice,speech_only,asvspoof,low_mp3,,,,voice_0035,opus_nb_8k,asvspoof_voice_v1,-,,,bonafide,LA_0030,5.33625,0.1871795654296875
voice_0036__phonefact_resample8k,0,0.0,,1,0,voice,speech_only,vcc2020,nocodec,,,,voice_0036,resample8k,asvspoof_voice_v1,-,,,bonafide,TGF1,4.85875,0.8429609537124634
voice_0036__phonefact_g711_ulaw,0,0.0,,1,0,voice,speech_only,vcc2020,nocodec,,,,voice_0036,g711_ulaw,asvspoof_voice_v1,-,,,bonafide,TGF1,4.85875,0.22663380205631256
voice_0036__phonefact_g726_24k,0,0.0,,1,0,voice,speech_only,vcc2020,nocodec,,,,voice_0036,g726_24k,asvspoof_voice_v1,-,,,bonafide,TGF1,4.85875,0.26980286836624146
voice_0036__phonefact_opus_nb_8k,0,0.0,,1,0,voice,speech_only,vcc2020,nocodec,,,,voice_0036,opus_nb_8k,asvspoof_voice_v1,-,,,bonafide,TGF1,4.85875,0.13312330842018127
voice_0037__phonefact_resample8k,0,0.0,,1,0,voice,speech_only,vcc2020,high_m4a,,,,voice_0037,resample8k,asvspoof_voice_v1,-,,,bonafide,TGF1,4.48,0.739018976688385
voice_0037__phonefact_g711_ulaw,0,0.0,,1,0,voice,speech_only,vcc2020,high_m4a,,,,voice_0037,g711_ulaw,asvspoof_voice_v1,-,,,bonafide,TGF1,4.48,0.17887525260448456
voice_0037__phonefact_g726_24k,0,0.0,,1,0,voice,speech_only,vcc2020,high_m4a,,,,voice_0037,g726_24k,asvspoof_voice_v1,-,,,bonafide,TGF1,4.48,0.22768492996692657
voice_0037__phonefact_opus_nb_8k,0,0.0,,1,0,voice,speech_only,vcc2020,high_m4a,,,,voice_0037,opus_nb_8k,asvspoof_voice_v1,-,,,bonafide,TGF1,4.48,0.07844135165214539
voice_0038__phonefact_resample8k,0,0.0,,1,0,voice,speech_only,vcc2020,mp3m4a,,,,voice_0038,resample8k,asvspoof_voice_v1,-,,,bonafide,SEF2,4.288,0.7338115572929382
voice_0038__phonefact_g711_ulaw,0,0.0,,1,0,voice,speech_only,vcc2020,mp3m4a,,,,voice_0038,g711_ulaw,asvspoof_voice_v1,-,,,bonafide,SEF2,4.288,0.19099164009094238
voice_0038__phonefact_g726_24k,0,0.0,,1,0,voice,speech_only,vcc2020,mp3m4a,,,,voice_0038,g726_24k,asvspoof_voice_v1,-,,,bonafide,SEF2,4.288,0.25075387954711914
voice_0038__phonefact_opus_nb_8k,0,0.0,,1,0,voice,speech_only,vcc2020,mp3m4a,,,,voice_0038,opus_nb_8k,asvspoof_voice_v1,-,,,bonafide,SEF2,4.288,0.09226739406585693
voice_0039__phonefact_resample8k,0,0.0,,1,0,voice,speech_only,vcc2018,low_m4a,,,,voice_0039,resample8k,asvspoof_voice_v1,-,,,bonafide,VCC2SM3,4.352,0.771299421787262
voice_0039__phonefact_g711_ulaw,0,0.0,,1,0,voice,speech_only,vcc2018,low_m4a,,,,voice_0039,g711_ulaw,asvspoof_voice_v1,-,,,bonafide,VCC2SM3,4.352,0.24406656622886658
voice_0039__phonefact_g726_24k,0,0.0,,1,0,voice,speech_only,vcc2018,low_m4a,,,,voice_0039,g726_24k,asvspoof_voice_v1,-,,,bonafide,VCC2SM3,4.352,0.5209403038024902
voice_0039__phonefact_opus_nb_8k,0,0.0,,1,0,voice,speech_only,vcc2018,low_m4a,,,,voice_0039,opus_nb_8k,asvspoof_voice_v1,-,,,bonafide,VCC2SM3,4.352,0.13455450534820557
voice_0040__phonefact_resample8k,0,0.0,,1,0,voice,speech_only,vcc2018,nocodec,,,,voice_0040,resample8k,asvspoof_voice_v1,-,,,bonafide,VCC2SF1,4.3179375,0.3829419016838074
voice_0040__phonefact_g711_ulaw,0,0.0,,1,0,voice,speech_only,vcc2018,nocodec,,,,voice_0040,g711_ulaw,asvspoof_voice_v1,-,,,bonafide,VCC2SF1,4.3179375,0.2202645093202591
voice_0040__phonefact_g726_24k,0,0.0,,1,0,voice,speech_only,vcc2018,nocodec,,,,voice_0040,g726_24k,asvspoof_voice_v1,-,,,bonafide,VCC2SF1,4.3179375,0.47628021240234375
voice_0040__phonefact_opus_nb_8k,0,0.0,,1,0,voice,speech_only,vcc2018,nocodec,,,,voice_0040,opus_nb_8k,asvspoof_voice_v1,-,,,bonafide,VCC2SF1,4.3179375,0.19163799285888672
voice_0041__phonefact_resample8k,0,0.0,,1,0,voice,speech_only,vcc2020,low_ogg,,,,voice_0041,resample8k,asvspoof_voice_v1,-,,,bonafide,TEM2,4.36,0.8312958478927612
voice_0041__phonefact_g711_ulaw,0,0.0,,1,0,voice,speech_only,vcc2020,low_ogg,,,,voice_0041,g711_ulaw,asvspoof_voice_v1,-,,,bonafide,TEM2,4.36,0.33873724937438965
voice_0041__phonefact_g726_24k,0,0.0,,1,0,voice,speech_only,vcc2020,low_ogg,,,,voice_0041,g726_24k,asvspoof_voice_v1,-,,,bonafide,TEM2,4.36,0.4962506890296936
voice_0041__phonefact_opus_nb_8k,0,0.0,,1,0,voice,speech_only,vcc2020,low_ogg,,,,voice_0041,opus_nb_8k,asvspoof_voice_v1,-,,,bonafide,TEM2,4.36,0.15275435149669647
voice_0042__phonefact_resample8k,0,0.0,,1,0,voice,speech_only,asvspoof,low_mp3,,,,voice_0042,resample8k,asvspoof_voice_v1,-,,,bonafide,LA_0013,5.33725,0.3152718245983124
voice_0042__phonefact_g711_ulaw,0,0.0,,1,0,voice,speech_only,asvspoof,low_mp3,,,,voice_0042,g711_ulaw,asvspoof_voice_v1,-,,,bonafide,LA_0013,5.33725,0.3179973065853119
voice_0042__phonefact_g726_24k,0,0.0,,1,0,voice,speech_only,asvspoof,low_mp3,,,,voice_0042,g726_24k,asvspoof_voice_v1,-,,,bonafide,LA_0013,5.33725,0.37431761622428894
voice_0042__phonefact_opus_nb_8k,0,0.0,,1,0,voice,speech_only,asvspoof,low_mp3,,,,voice_0042,opus_nb_8k,asvspoof_voice_v1,-,,,bonafide,LA_0013,5.33725,0.1408386081457138
voice_0043__phonefact_resample8k,0,0.0,,1,0,voice,speech_only,asvspoof,low_mp3,,,,voice_0043,resample8k,asvspoof_voice_v1,-,,,bonafide,LA_0030,5.3349375,0.26374390721321106
voice_0043__phonefact_g711_ulaw,0,0.0,,1,0,voice,speech_only,asvspoof,low_mp3,,,,voice_0043,g711_ulaw,asvspoof_voice_v1,-,,,bonafide,LA_0030,5.3349375,0.20310454070568085
voice_0043__phonefact_g726_24k,0,0.0,,1,0,voice,speech_only,asvspoof,low_mp3,,,,voice_0043,g726_24k,asvspoof_voice_v1,-,,,bonafide,LA_0030,5.3349375,0.20938023924827576
voice_0043__phonefact_opus_nb_8k,0,0.0,,1,0,voice,speech_only,asvspoof,low_mp3,,,,voice_0043,opus_nb_8k,asvspoof_voice_v1,-,,,bonafide,LA_0030,5.3349375,0.11598685383796692
voice_0044__phonefact_resample8k,0,0.0,,1,0,voice,speech_only,asvspoof,low_m4a,,,,voice_0044,resample8k,asvspoof_voice_v1,-,,,bonafide,LA_0002,4.864,0.4244874119758606
voice_0044__phonefact_g711_ulaw,0,0.0,,1,0,voice,speech_only,asvspoof,low_m4a,,,,voice_0044,g711_ulaw,asvspoof_voice_v1,-,,,bonafide,LA_0002,4.864,0.45733776688575745
voice_0044__phonefact_g726_24k,0,0.0,,1,0,voice,speech_only,asvspoof,low_m4a,,,,voice_0044,g726_24k,asvspoof_voice_v1,-,,,bonafide,LA_0002,4.864,0.39094170928001404
voice_0044__phonefact_opus_nb_8k,0,0.0,,1,0,voice,speech_only,asvspoof,low_m4a,,,,voice_0044,opus_nb_8k,asvspoof_voice_v1,-,,,bonafide,LA_0002,4.864,0.360015869140625
voice_0045__phonefact_resample8k,0,0.0,,1,0,voice,speech_only,vcc2020,nocodec,,,,voice_0045,resample8k,asvspoof_voice_v1,-,,,bonafide,TFF1,4.768,0.39511096477508545
voice_0045__phonefact_g711_ulaw,0,0.0,,1,0,voice,speech_only,vcc2020,nocodec,,,,voice_0045,g711_ulaw,asvspoof_voice_v1,-,,,bonafide,TFF1,4.768,0.5775095224380493
voice_0045__phonefact_g726_24k,0,0.0,,1,0,voice,speech_only,vcc2020,nocodec,,,,voice_0045,g726_24k,asvspoof_voice_v1,-,,,bonafide,TFF1,4.768,0.4096863567829132
voice_0045__phonefact_opus_nb_8k,0,0.0,,1,0,voice,speech_only,vcc2020,nocodec,,,,voice_0045,opus_nb_8k,asvspoof_voice_v1,-,,,bonafide,TFF1,4.768,0.4712667167186737
voice_0046__phonefact_resample8k,0,0.0,,1,0,voice,speech_only,vcc2020,high_ogg,,,,voice_0046,resample8k,asvspoof_voice_v1,-,,,bonafide,TMF1,5.512,0.6901564002037048
voice_0046__phonefact_g711_ulaw,0,0.0,,1,0,voice,speech_only,vcc2020,high_ogg,,,,voice_0046,g711_ulaw,asvspoof_voice_v1,-,,,bonafide,TMF1,5.512,0.316102534532547
voice_0046__phonefact_g726_24k,0,0.0,,1,0,voice,speech_only,vcc2020,high_ogg,,,,voice_0046,g726_24k,asvspoof_voice_v1,-,,,bonafide,TMF1,5.512,0.31280896067619324
voice_0046__phonefact_opus_nb_8k,0,0.0,,1,0,voice,speech_only,vcc2020,high_ogg,,,,voice_0046,opus_nb_8k,asvspoof_voice_v1,-,,,bonafide,TMF1,5.512,0.15742024779319763
voice_0047__phonefact_resample8k,0,0.0,,1,0,voice,speech_only,asvspoof,oggm4a,,,,voice_0047,resample8k,asvspoof_voice_v1,-,,,bonafide,LA_0002,8.768,0.2821739614009857
voice_0047__phonefact_g711_ulaw,0,0.0,,1,0,voice,speech_only,asvspoof,oggm4a,,,,voice_0047,g711_ulaw,asvspoof_voice_v1,-,,,bonafide,LA_0002,8.768,0.4551616311073303
voice_0047__phonefact_g726_24k,0,0.0,,1,0,voice,speech_only,asvspoof,oggm4a,,,,voice_0047,g726_24k,asvspoof_voice_v1,-,,,bonafide,LA_0002,8.768,0.45699837803840637
voice_0047__phonefact_opus_nb_8k,0,0.0,,1,0,voice,speech_only,asvspoof,oggm4a,,,,voice_0047,opus_nb_8k,asvspoof_voice_v1,-,,,bonafide,LA_0002,8.768,0.2603748142719269
voice_0048__phonefact_resample8k,0,0.0,,1,0,voice,speech_only,vcc2018,high_m4a,,,,voice_0048,resample8k,asvspoof_voice_v1,-,,,bonafide,VCC2SF3,4.352,0.5902760028839111
voice_0048__phonefact_g711_ulaw,0,0.0,,1,0,voice,speech_only,vcc2018,high_m4a,,,,voice_0048,g711_ulaw,asvspoof_voice_v1,-,,,bonafide,VCC2SF3,4.352,0.31738340854644775
voice_0048__phonefact_g726_24k,0,0.0,,1,0,voice,speech_only,vcc2018,high_m4a,,,,voice_0048,g726_24k,asvspoof_voice_v1,-,,,bonafide,VCC2SF3,4.352,0.5106407403945923
voice_0048__phonefact_opus_nb_8k,0,0.0,,1,0,voice,speech_only,vcc2018,high_m4a,,,,voice_0048,opus_nb_8k,asvspoof_voice_v1,-,,,bonafide,VCC2SF3,4.352,0.19455431401729584
voice_0049__phonefact_resample8k,0,0.0,,1,0,voice,speech_only,asvspoof,nocodec,,,,voice_0049,resample8k,asvspoof_voice_v1,-,,,bonafide,LA_0022,4.737,0.20202898979187012
voice_0049__phonefact_g711_ulaw,0,0.0,,1,0,voice,speech_only,asvspoof,nocodec,,,,voice_0049,g711_ulaw,asvspoof_voice_v1,-,,,bonafide,LA_0022,4.737,0.2584954500198364
voice_0049__phonefact_g726_24k,0,0.0,,1,0,voice,speech_only,asvspoof,nocodec,,,,voice_0049,g726_24k,asvspoof_voice_v1,-,,,bonafide,LA_0022,4.737,0.367764413356781
voice_0049__phonefact_opus_nb_8k,0,0.0,,1,0,voice,speech_only,asvspoof,nocodec,,,,voice_0049,opus_nb_8k,asvspoof_voice_v1,-,,,bonafide,LA_0022,4.737,0.21695560216903687
voice_0100__phonefact_resample8k,1,1.0,,1,0,voice,speech_only,vcc2018,high_ogg,,,,voice_0100,resample8k,asvspoof_voice_v1,HUB-D04,,,traditional_vocoder,VCC2TM2,6.216,0.3288328945636749
voice_0100__phonefact_g711_ulaw,1,1.0,,1,0,voice,speech_only,vcc2018,high_ogg,,,,voice_0100,g711_ulaw,asvspoof_voice_v1,HUB-D04,,,traditional_vocoder,VCC2TM2,6.216,0.4387768805027008
voice_0100__phonefact_g726_24k,1,1.0,,1,0,voice,speech_only,vcc2018,high_ogg,,,,voice_0100,g726_24k,asvspoof_voice_v1,HUB-D04,,,traditional_vocoder,VCC2TM2,6.216,0.8235660791397095
voice_0100__phonefact_opus_nb_8k,1,1.0,,1,0,voice,speech_only,vcc2018,high_ogg,,,,voice_0100,opus_nb_8k,asvspoof_voice_v1,HUB-D04,,,traditional_vocoder,VCC2TM2,6.216,0.3092239201068878
voice_0101__phonefact_resample8k,1,1.0,,1,0,voice,speech_only,vcc2018,low_mp3,,,,voice_0101,resample8k,asvspoof_voice_v1,SPO-N05,,,traditional_vocoder,VCC2TF2,5.295875,0.8741099834442139
voice_0101__phonefact_g711_ulaw,1,1.0,,1,0,voice,speech_only,vcc2018,low_mp3,,,,voice_0101,g711_ulaw,asvspoof_voice_v1,SPO-N05,,,traditional_vocoder,VCC2TF2,5.295875,0.44257184863090515
voice_0101__phonefact_g726_24k,1,1.0,,1,0,voice,speech_only,vcc2018,low_mp3,,,,voice_0101,g726_24k,asvspoof_voice_v1,SPO-N05,,,traditional_vocoder,VCC2TF2,5.295875,0.785934567451477
voice_0101__phonefact_opus_nb_8k,1,1.0,,1,0,voice,speech_only,vcc2018,low_mp3,,,,voice_0101,opus_nb_8k,asvspoof_voice_v1,SPO-N05,,,traditional_vocoder,VCC2TF2,5.295875,0.1945519745349884
voice_0102__phonefact_resample8k,1,1.0,,1,0,voice,speech_only,vcc2018,high_ogg,,,,voice_0102,resample8k,asvspoof_voice_v1,SPO-N18,,,traditional_vocoder,VCC2TF2,5.08,0.95215904712677
voice_0102__phonefact_g711_ulaw,1,1.0,,1,0,voice,speech_only,vcc2018,high_ogg,,,,voice_0102,g711_ulaw,asvspoof_voice_v1,SPO-N18,,,traditional_vocoder,VCC2TF2,5.08,0.9237210154533386
voice_0102__phonefact_g726_24k,1,1.0,,1,0,voice,speech_only,vcc2018,high_ogg,,,,voice_0102,g726_24k,asvspoof_voice_v1,SPO-N18,,,traditional_vocoder,VCC2TF2,5.08,0.9849479794502258
voice_0102__phonefact_opus_nb_8k,1,1.0,,1,0,voice,speech_only,vcc2018,high_ogg,,,,voice_0102,opus_nb_8k,asvspoof_voice_v1,SPO-N18,,,traditional_vocoder,VCC2TF2,5.08,0.7336728572845459
voice_0103__phonefact_resample8k,1,1.0,,1,0,voice,speech_only,vcc2018,mp3m4a,,,,voice_0103,resample8k,asvspoof_voice_v1,HUB-D01,,,traditional_vocoder,VCC2TM1,4.8,0.14909911155700684
voice_0103__phonefact_g711_ulaw,1,1.0,,1,0,voice,speech_only,vcc2018,mp3m4a,,,,voice_0103,g711_ulaw,asvspoof_voice_v1,HUB-D01,,,traditional_vocoder,VCC2TM1,4.8,0.1653708666563034
voice_0103__phonefact_g726_24k,1,1.0,,1,0,voice,speech_only,vcc2018,mp3m4a,,,,voice_0103,g726_24k,asvspoof_voice_v1,HUB-D01,,,traditional_vocoder,VCC2TM1,4.8,0.20918110013008118
voice_0103__phonefact_opus_nb_8k,1,1.0,,1,0,voice,speech_only,vcc2018,mp3m4a,,,,voice_0103,opus_nb_8k,asvspoof_voice_v1,HUB-D01,,,traditional_vocoder,VCC2TM1,4.8,0.14542502164840698
voice_0104__phonefact_resample8k,1,1.0,,1,0,voice,speech_only,vcc2020,low_mp3,,,,voice_0104,resample8k,asvspoof_voice_v1,Task2-team16,,,neural_vocoder_nonautoregressive,TMF1,4.485,0.5053849816322327
voice_0104__phonefact_g711_ulaw,1,1.0,,1,0,voice,speech_only,vcc2020,low_mp3,,,,voice_0104,g711_ulaw,asvspoof_voice_v1,Task2-team16,,,neural_vocoder_nonautoregressive,TMF1,4.485,0.31819674372673035
voice_0104__phonefact_g726_24k,1,1.0,,1,0,voice,speech_only,vcc2020,low_mp3,,,,voice_0104,g726_24k,asvspoof_voice_v1,Task2-team16,,,neural_vocoder_nonautoregressive,TMF1,4.485,0.2949942350387573
voice_0104__phonefact_opus_nb_8k,1,1.0,,1,0,voice,speech_only,vcc2020,low_mp3,,,,voice_0104,opus_nb_8k,asvspoof_voice_v1,Task2-team16,,,neural_vocoder_nonautoregressive,TMF1,4.485,0.08411020040512085
voice_0105__phonefact_resample8k,1,1.0,,1,0,voice,speech_only,vcc2018,high_m4a,,,,voice_0105,resample8k,asvspoof_voice_v1,SPO-N18,,,traditional_vocoder,VCC2TM2,4.032,0.9814984202384949
voice_0105__phonefact_g711_ulaw,1,1.0,,1,0,voice,speech_only,vcc2018,high_m4a,,,,voice_0105,g711_ulaw,asvspoof_voice_v1,SPO-N18,,,traditional_vocoder,VCC2TM2,4.032,0.9310156106948853
voice_0105__phonefact_g726_24k,1,1.0,,1,0,voice,speech_only,vcc2018,high_m4a,,,,voice_0105,g726_24k,asvspoof_voice_v1,SPO-N18,,,traditional_vocoder,VCC2TM2,4.032,0.9777576327323914
voice_0105__phonefact_opus_nb_8k,1,1.0,,1,0,voice,speech_only,vcc2018,high_m4a,,,,voice_0105,opus_nb_8k,asvspoof_voice_v1,SPO-N18,,,traditional_vocoder,VCC2TM2,4.032,0.5056120753288269
voice_0106__phonefact_resample8k,1,1.0,,1,0,voice,speech_only,vcc2018,nocodec,,,,voice_0106,resample8k,asvspoof_voice_v1,SPO-N06,,,traditional_vocoder,VCC2TF1,5.3401875,0.19171132147312164
voice_0106__phonefact_g711_ulaw,1,1.0,,1,0,voice,speech_only,vcc2018,nocodec,,,,voice_0106,g711_ulaw,asvspoof_voice_v1,SPO-N06,,,traditional_vocoder,VCC2TF1,5.3401875,0.14352452754974365
voice_0106__phonefact_g726_24k,1,1.0,,1,0,voice,speech_only,vcc2018,nocodec,,,,voice_0106,g726_24k,asvspoof_voice_v1,SPO-N06,,,traditional_vocoder,VCC2TF1,5.3401875,0.21125143766403198
voice_0106__phonefact_opus_nb_8k,1,1.0,,1,0,voice,speech_only,vcc2018,nocodec,,,,voice_0106,opus_nb_8k,asvspoof_voice_v1,SPO-N06,,,traditional_vocoder,VCC2TF1,5.3401875,0.05985890328884125
voice_0107__phonefact_resample8k,1,1.0,,1,0,voice,speech_only,vcc2020,mp3m4a,,,,voice_0107,resample8k,asvspoof_voice_v1,Task2-team03,,,neural_vocoder_autoregressive,TFF1,4.096,0.9616796970367432
voice_0107__phonefact_g711_ulaw,1,1.0,,1,0,voice,speech_only,vcc2020,mp3m4a,,,,voice_0107,g711_ulaw,asvspoof_voice_v1,Task2-team03,,,neural_vocoder_autoregressive,TFF1,4.096,0.8643895983695984
voice_0107__phonefact_g726_24k,1,1.0,,1,0,voice,speech_only,vcc2020,mp3m4a,,,,voice_0107,g726_24k,asvspoof_voice_v1,Task2-team03,,,neural_vocoder_autoregressive,TFF1,4.096,0.9211760759353638
voice_0107__phonefact_opus_nb_8k,1,1.0,,1,0,voice,speech_only,vcc2020,mp3m4a,,,,voice_0107,opus_nb_8k,asvspoof_voice_v1,Task2-team03,,,neural_vocoder_autoregressive,TFF1,4.096,0.24070607125759125
voice_0108__phonefact_resample8k,1,1.0,,1,0,voice,speech_only,vcc2018,mp3m4a,,,,voice_0108,resample8k,asvspoof_voice_v1,HUB-B01,,,traditional_vocoder,VCC2TF2,6.272,0.7451962232589722
voice_0108__phonefact_g711_ulaw,1,1.0,,1,0,voice,speech_only,vcc2018,mp3m4a,,,,voice_0108,g711_ulaw,asvspoof_voice_v1,HUB-B01,,,traditional_vocoder,VCC2TF2,6.272,0.4080681800842285
voice_0108__phonefact_g726_24k,1,1.0,,1,0,voice,speech_only,vcc2018,mp3m4a,,,,voice_0108,g726_24k,asvspoof_voice_v1,HUB-B01,,,traditional_vocoder,VCC2TF2,6.272,0.6948267221450806
voice_0108__phonefact_opus_nb_8k,1,1.0,,1,0,voice,speech_only,vcc2018,mp3m4a,,,,voice_0108,opus_nb_8k,asvspoof_voice_v1,HUB-B01,,,traditional_vocoder,VCC2TF2,6.272,0.17680111527442932
voice_0109__phonefact_resample8k,1,1.0,,1,0,voice,speech_only,vcc2020,oggm4a,,,,voice_0109,resample8k,asvspoof_voice_v1,Task2-team12,,,traditional_vocoder,TFM1,4.544,0.16482596099376678
voice_0109__phonefact_g711_ulaw,1,1.0,,1,0,voice,speech_only,vcc2020,oggm4a,,,,voice_0109,g711_ulaw,asvspoof_voice_v1,Task2-team12,,,traditional_vocoder,TFM1,4.544,0.1733400821685791
voice_0109__phonefact_g726_24k,1,1.0,,1,0,voice,speech_only,vcc2020,oggm4a,,,,voice_0109,g726_24k,asvspoof_voice_v1,Task2-team12,,,traditional_vocoder,TFM1,4.544,0.2528727650642395
voice_0109__phonefact_opus_nb_8k,1,1.0,,1,0,voice,speech_only,vcc2020,oggm4a,,,,voice_0109,opus_nb_8k,asvspoof_voice_v1,Task2-team12,,,traditional_vocoder,TFM1,4.544,0.113904669880867
voice_0110__phonefact_resample8k,1,1.0,,1,0,voice,speech_only,vcc2020,low_ogg,,,,voice_0110,resample8k,asvspoof_voice_v1,Task2-team13,,,neural_vocoder_autoregressive,TFF1,4.2,0.8580949306488037
voice_0110__phonefact_g711_ulaw,1,1.0,,1,0,voice,speech_only,vcc2020,low_ogg,,,,voice_0110,g711_ulaw,asvspoof_voice_v1,Task2-team13,,,neural_vocoder_autoregressive,TFF1,4.2,0.5542562007904053
voice_0110__phonefact_g726_24k,1,1.0,,1,0,voice,speech_only,vcc2020,low_ogg,,,,voice_0110,g726_24k,asvspoof_voice_v1,Task2-team13,,,neural_vocoder_autoregressive,TFF1,4.2,0.6571410298347473
voice_0110__phonefact_opus_nb_8k,1,1.0,,1,0,voice,speech_only,vcc2020,low_ogg,,,,voice_0110,opus_nb_8k,asvspoof_voice_v1,Task2-team13,,,neural_vocoder_autoregressive,TFF1,4.2,0.27776068449020386
voice_0111__phonefact_resample8k,1,1.0,,1,0,voice,speech_only,vcc2020,high_ogg,,,,voice_0111,resample8k,asvspoof_voice_v1,Task2-team20,,,neural_vocoder_nonautoregressive,TMF1,4.344,0.5776795148849487
voice_0111__phonefact_g711_ulaw,1,1.0,,1,0,voice,speech_only,vcc2020,high_ogg,,,,voice_0111,g711_ulaw,asvspoof_voice_v1,Task2-team20,,,neural_vocoder_nonautoregressive,TMF1,4.344,0.5329005718231201
voice_0111__phonefact_g726_24k,1,1.0,,1,0,voice,speech_only,vcc2020,high_ogg,,,,voice_0111,g726_24k,asvspoof_voice_v1,Task2-team20,,,neural_vocoder_nonautoregressive,TMF1,4.344,0.5083437561988831
voice_0111__phonefact_opus_nb_8k,1,1.0,,1,0,voice,speech_only,vcc2020,high_ogg,,,,voice_0111,opus_nb_8k,asvspoof_voice_v1,Task2-team20,,,neural_vocoder_nonautoregressive,TMF1,4.344,0.1930665224790573
voice_0112__phonefact_resample8k,1,1.0,,1,0,voice,speech_only,vcc2018,nocodec,,,,voice_0112,resample8k,asvspoof_voice_v1,HUB-N13,,,traditional_vocoder,VCC2TM2,4.1621875,0.742564857006073
voice_0112__phonefact_g711_ulaw,1,1.0,,1,0,voice,speech_only,vcc2018,nocodec,,,,voice_0112,g711_ulaw,asvspoof_voice_v1,HUB-N13,,,traditional_vocoder,VCC2TM2,4.1621875,0.27481043338775635
voice_0112__phonefact_g726_24k,1,1.0,,1,0,voice,speech_only,vcc2018,nocodec,,,,voice_0112,g726_24k,asvspoof_voice_v1,HUB-N13,,,traditional_vocoder,VCC2TM2,4.1621875,0.40310922265052795
voice_0112__phonefact_opus_nb_8k,1,1.0,,1,0,voice,speech_only,vcc2018,nocodec,,,,voice_0112,opus_nb_8k,asvspoof_voice_v1,HUB-N13,,,traditional_vocoder,VCC2TM2,4.1621875,0.11593513190746307
voice_0113__phonefact_resample8k,1,1.0,,1,0,voice,speech_only,asvspoof,low_ogg,,,,voice_0113,resample8k,asvspoof_voice_v1,A17,,,traditional_vocoder,LA_0030,5.688,0.4564482867717743
voice_0113__phonefact_g711_ulaw,1,1.0,,1,0,voice,speech_only,asvspoof,low_ogg,,,,voice_0113,g711_ulaw,asvspoof_voice_v1,A17,,,traditional_vocoder,LA_0030,5.688,0.42724940180778503
voice_0113__phonefact_g726_24k,1,1.0,,1,0,voice,speech_only,asvspoof,low_ogg,,,,voice_0113,g726_24k,asvspoof_voice_v1,A17,,,traditional_vocoder,LA_0030,5.688,0.5173760056495667
voice_0113__phonefact_opus_nb_8k,1,1.0,,1,0,voice,speech_only,asvspoof,low_ogg,,,,voice_0113,opus_nb_8k,asvspoof_voice_v1,A17,,,traditional_vocoder,LA_0030,5.688,0.3742932081222534
voice_0114__phonefact_resample8k,1,1.0,,1,0,voice,speech_only,vcc2020,low_m4a,,,,voice_0114,resample8k,asvspoof_voice_v1,Task1-team22,,,neural_vocoder_nonautoregressive,TEM1,4.8,0.5461263656616211
voice_0114__phonefact_g711_ulaw,1,1.0,,1,0,voice,speech_only,vcc2020,low_m4a,,,,voice_0114,g711_ulaw,asvspoof_voice_v1,Task1-team22,,,neural_vocoder_nonautoregressive,TEM1,4.8,0.16926920413970947
voice_0114__phonefact_g726_24k,1,1.0,,1,0,voice,speech_only,vcc2020,low_m4a,,,,voice_0114,g726_24k,asvspoof_voice_v1,Task1-team22,,,neural_vocoder_nonautoregressive,TEM1,4.8,0.19864371418952942
voice_0114__phonefact_opus_nb_8k,1,1.0,,1,0,voice,speech_only,vcc2020,low_m4a,,,,voice_0114,opus_nb_8k,asvspoof_voice_v1,Task1-team22,,,neural_vocoder_nonautoregressive,TEM1,4.8,0.02971302904188633
voice_0115__phonefact_resample8k,1,1.0,,1,0,voice,speech_only,vcc2020,high_mp3,,,,voice_0115,resample8k,asvspoof_voice_v1,Task2-team33,,,neural_vocoder_nonautoregressive,TGF1,4.5029375,0.8958608508110046
voice_0115__phonefact_g711_ulaw,1,1.0,,1,0,voice,speech_only,vcc2020,high_mp3,,,,voice_0115,g711_ulaw,asvspoof_voice_v1,Task2-team33,,,neural_vocoder_nonautoregressive,TGF1,4.5029375,0.23329751193523407
voice_0115__phonefact_g726_24k,1,1.0,,1,0,voice,speech_only,vcc2020,high_mp3,,,,voice_0115,g726_24k,asvspoof_voice_v1,Task2-team33,,,neural_vocoder_nonautoregressive,TGF1,4.5029375,0.28724193572998047
voice_0115__phonefact_opus_nb_8k,1,1.0,,1,0,voice,speech_only,vcc2020,high_mp3,,,,voice_0115,opus_nb_8k,asvspoof_voice_v1,Task2-team33,,,neural_vocoder_nonautoregressive,TGF1,4.5029375,0.04146617278456688
voice_0116__phonefact_resample8k,1,1.0,,1,0,voice,speech_only,vcc2020,oggm4a,,,,voice_0116,resample8k,asvspoof_voice_v1,Task2-team03,,,neural_vocoder_autoregressive,TFM1,4.096,0.8924559950828552
voice_0116__phonefact_g711_ulaw,1,1.0,,1,0,voice,speech_only,vcc2020,oggm4a,,,,voice_0116,g711_ulaw,asvspoof_voice_v1,Task2-team03,,,neural_vocoder_autoregressive,TFM1,4.096,0.7574861645698547
voice_0116__phonefact_g726_24k,1,1.0,,1,0,voice,speech_only,vcc2020,oggm4a,,,,voice_0116,g726_24k,asvspoof_voice_v1,Task2-team03,,,neural_vocoder_autoregressive,TFM1,4.096,0.786414623260498
voice_0116__phonefact_opus_nb_8k,1,1.0,,1,0,voice,speech_only,vcc2020,oggm4a,,,,voice_0116,opus_nb_8k,asvspoof_voice_v1,Task2-team03,,,neural_vocoder_autoregressive,TFM1,4.096,0.16046980023384094
voice_0117__phonefact_resample8k,1,1.0,,1,0,voice,speech_only,vcc2018,high_mp3,,,,voice_0117,resample8k,asvspoof_voice_v1,SPO-N17,,,neural_vocoder_autoregressive,VCC2TF2,4.29525,0.08239955455064774
voice_0117__phonefact_g711_ulaw,1,1.0,,1,0,voice,speech_only,vcc2018,high_mp3,,,,voice_0117,g711_ulaw,asvspoof_voice_v1,SPO-N17,,,neural_vocoder_autoregressive,VCC2TF2,4.29525,0.057795196771621704
voice_0117__phonefact_g726_24k,1,1.0,,1,0,voice,speech_only,vcc2018,high_mp3,,,,voice_0117,g726_24k,asvspoof_voice_v1,SPO-N17,,,neural_vocoder_autoregressive,VCC2TF2,4.29525,0.07819748669862747
voice_0117__phonefact_opus_nb_8k,1,1.0,,1,0,voice,speech_only,vcc2018,high_mp3,,,,voice_0117,opus_nb_8k,asvspoof_voice_v1,SPO-N17,,,neural_vocoder_autoregressive,VCC2TF2,4.29525,0.049366775900125504
voice_0118__phonefact_resample8k,1,1.0,,1,0,voice,speech_only,vcc2020,high_mp3,,,,voice_0118,resample8k,asvspoof_voice_v1,Task1-team10,,,neural_vocoder_autoregressive,TEM1,4.4,0.7919183969497681
voice_0118__phonefact_g711_ulaw,1,1.0,,1,0,voice,speech_only,vcc2020,high_mp3,,,,voice_0118,g711_ulaw,asvspoof_voice_v1,Task1-team10,,,neural_vocoder_autoregressive,TEM1,4.4,0.1717861294746399
voice_0118__phonefact_g726_24k,1,1.0,,1,0,voice,speech_only,vcc2020,high_mp3,,,,voice_0118,g726_24k,asvspoof_voice_v1,Task1-team10,,,neural_vocoder_autoregressive,TEM1,4.4,0.23455940186977386
voice_0118__phonefact_opus_nb_8k,1,1.0,,1,0,voice,speech_only,vcc2020,high_mp3,,,,voice_0118,opus_nb_8k,asvspoof_voice_v1,Task1-team10,,,neural_vocoder_autoregressive,TEM1,4.4,0.06893643736839294
voice_0119__phonefact_resample8k,1,1.0,,1,0,voice,speech_only,vcc2020,oggm4a,,,,voice_0119,resample8k,asvspoof_voice_v1,Task1-team32,,,neural_vocoder_autoregressive,TEM1,4.416,0.2931467890739441
voice_0119__phonefact_g711_ulaw,1,1.0,,1,0,voice,speech_only,vcc2020,oggm4a,,,,voice_0119,g711_ulaw,asvspoof_voice_v1,Task1-team32,,,neural_vocoder_autoregressive,TEM1,4.416,0.19969840347766876
voice_0119__phonefact_g726_24k,1,1.0,,1,0,voice,speech_only,vcc2020,oggm4a,,,,voice_0119,g726_24k,asvspoof_voice_v1,Task1-team32,,,neural_vocoder_autoregressive,TEM1,4.416,0.18988080322742462
voice_0119__phonefact_opus_nb_8k,1,1.0,,1,0,voice,speech_only,vcc2020,oggm4a,,,,voice_0119,opus_nb_8k,asvspoof_voice_v1,Task1-team32,,,neural_vocoder_autoregressive,TEM1,4.416,0.09181246906518936
voice_0120__phonefact_resample8k,1,1.0,,1,0,voice,speech_only,vcc2018,low_ogg,,,,voice_0120,resample8k,asvspoof_voice_v1,HUB-N09,,,traditional_vocoder,VCC2TF2,4.488,0.5056731104850769
voice_0120__phonefact_g711_ulaw,1,1.0,,1,0,voice,speech_only,vcc2018,low_ogg,,,,voice_0120,g711_ulaw,asvspoof_voice_v1,HUB-N09,,,traditional_vocoder,VCC2TF2,4.488,0.4726102650165558
voice_0120__phonefact_g726_24k,1,1.0,,1,0,voice,speech_only,vcc2018,low_ogg,,,,voice_0120,g726_24k,asvspoof_voice_v1,HUB-N09,,,traditional_vocoder,VCC2TF2,4.488,0.6613758206367493
voice_0120__phonefact_opus_nb_8k,1,1.0,,1,0,voice,speech_only,vcc2018,low_ogg,,,,voice_0120,opus_nb_8k,asvspoof_voice_v1,HUB-N09,,,traditional_vocoder,VCC2TF2,4.488,0.17032834887504578
voice_0121__phonefact_resample8k,1,1.0,,1,0,voice,speech_only,vcc2018,low_ogg,,,,voice_0121,resample8k,asvspoof_voice_v1,HUB-N06,,,traditional_vocoder,VCC2TF2,4.088,0.1661943644285202
voice_0121__phonefact_g711_ulaw,1,1.0,,1,0,voice,speech_only,vcc2018,low_ogg,,,,voice_0121,g711_ulaw,asvspoof_voice_v1,HUB-N06,,,traditional_vocoder,VCC2TF2,4.088,0.2765745222568512
voice_0121__phonefact_g726_24k,1,1.0,,1,0,voice,speech_only,vcc2018,low_ogg,,,,voice_0121,g726_24k,asvspoof_voice_v1,HUB-N06,,,traditional_vocoder,VCC2TF2,4.088,0.3526741564273834
voice_0121__phonefact_opus_nb_8k,1,1.0,,1,0,voice,speech_only,vcc2018,low_ogg,,,,voice_0121,opus_nb_8k,asvspoof_voice_v1,HUB-N06,,,traditional_vocoder,VCC2TF2,4.088,0.08570768684148788
voice_0122__phonefact_resample8k,1,1.0,,1,0,voice,speech_only,vcc2018,nocodec,,,,voice_0122,resample8k,asvspoof_voice_v1,SPO-N18,,,traditional_vocoder,VCC2TM1,4.5150625,0.997087299823761
voice_0122__phonefact_g711_ulaw,1,1.0,,1,0,voice,speech_only,vcc2018,nocodec,,,,voice_0122,g711_ulaw,asvspoof_voice_v1,SPO-N18,,,traditional_vocoder,VCC2TM1,4.5150625,0.9958070516586304
voice_0122__phonefact_g726_24k,1,1.0,,1,0,voice,speech_only,vcc2018,nocodec,,,,voice_0122,g726_24k,asvspoof_voice_v1,SPO-N18,,,traditional_vocoder,VCC2TM1,4.5150625,0.9959854483604431
voice_0122__phonefact_opus_nb_8k,1,1.0,,1,0,voice,speech_only,vcc2018,nocodec,,,,voice_0122,opus_nb_8k,asvspoof_voice_v1,SPO-N18,,,traditional_vocoder,VCC2TM1,4.5150625,0.961279034614563
voice_0123__phonefact_resample8k,1,1.0,,1,0,voice,speech_only,vcc2020,mp3m4a,,,,voice_0123,resample8k,asvspoof_voice_v1,Task2-team10,,,neural_vocoder_autoregressive,TMM1,5.44,0.7662280797958374
voice_0123__phonefact_g711_ulaw,1,1.0,,1,0,voice,speech_only,vcc2020,mp3m4a,,,,voice_0123,g711_ulaw,asvspoof_voice_v1,Task2-team10,,,neural_vocoder_autoregressive,TMM1,5.44,0.24167916178703308
voice_0123__phonefact_g726_24k,1,1.0,,1,0,voice,speech_only,vcc2020,mp3m4a,,,,voice_0123,g726_24k,asvspoof_voice_v1,Task2-team10,,,neural_vocoder_autoregressive,TMM1,5.44,0.2277810275554657
voice_0123__phonefact_opus_nb_8k,1,1.0,,1,0,voice,speech_only,vcc2020,mp3m4a,,,,voice_0123,opus_nb_8k,asvspoof_voice_v1,Task2-team10,,,neural_vocoder_autoregressive,TMM1,5.44,0.07255379855632782
voice_0124__phonefact_resample8k,1,1.0,,1,0,voice,speech_only,vcc2020,mp3m4a,,,,voice_0124,resample8k,asvspoof_voice_v1,Task2-team25,,,neural_vocoder_autoregressive,TFF1,4.864,0.9309999346733093
voice_0124__phonefact_g711_ulaw,1,1.0,,1,0,voice,speech_only,vcc2020,mp3m4a,,,,voice_0124,g711_ulaw,asvspoof_voice_v1,Task2-team25,,,neural_vocoder_autoregressive,TFF1,4.864,0.7248004078865051
voice_0124__phonefact_g726_24k,1,1.0,,1,0,voice,speech_only,vcc2020,mp3m4a,,,,voice_0124,g726_24k,asvspoof_voice_v1,Task2-team25,,,neural_vocoder_autoregressive,TFF1,4.864,0.7156832814216614
voice_0124__phonefact_opus_nb_8k,1,1.0,,1,0,voice,speech_only,vcc2020,mp3m4a,,,,voice_0124,opus_nb_8k,asvspoof_voice_v1,Task2-team25,,,neural_vocoder_autoregressive,TFF1,4.864,0.3043133020401001
voice_0125__phonefact_resample8k,1,1.0,,1,0,voice,speech_only,vcc2020,high_mp3,,,,voice_0125,resample8k,asvspoof_voice_v1,Task2-team28,,,neural_vocoder_autoregressive,TGM1,4.725,0.3108806312084198
voice_0125__phonefact_g711_ulaw,1,1.0,,1,0,voice,speech_only,vcc2020,high_mp3,,,,voice_0125,g711_ulaw,asvspoof_voice_v1,Task2-team28,,,neural_vocoder_autoregressive,TGM1,4.725,0.14193646609783173
voice_0125__phonefact_g726_24k,1,1.0,,1,0,voice,speech_only,vcc2020,high_mp3,,,,voice_0125,g726_24k,asvspoof_voice_v1,Task2-team28,,,neural_vocoder_autoregressive,TGM1,4.725,0.17851662635803223
voice_0125__phonefact_opus_nb_8k,1,1.0,,1,0,voice,speech_only,vcc2020,high_mp3,,,,voice_0125,opus_nb_8k,asvspoof_voice_v1,Task2-team28,,,neural_vocoder_autoregressive,TGM1,4.725,0.07388611137866974
voice_0126__phonefact_resample8k,1,1.0,,1,0,voice,speech_only,vcc2020,high_mp3,,,,voice_0126,resample8k,asvspoof_voice_v1,Task2-team11,,,neural_vocoder_autoregressive,TFM1,4.3900625,0.4684864282608032
voice_0126__phonefact_g711_ulaw,1,1.0,,1,0,voice,speech_only,vcc2020,high_mp3,,,,voice_0126,g711_ulaw,asvspoof_voice_v1,Task2-team11,,,neural_vocoder_autoregressive,TFM1,4.3900625,0.3763706386089325
voice_0126__phonefact_g726_24k,1,1.0,,1,0,voice,speech_only,vcc2020,high_mp3,,,,voice_0126,g726_24k,asvspoof_voice_v1,Task2-team11,,,neural_vocoder_autoregressive,TFM1,4.3900625,0.37305009365081787
voice_0126__phonefact_opus_nb_8k,1,1.0,,1,0,voice,speech_only,vcc2020,high_mp3,,,,voice_0126,opus_nb_8k,asvspoof_voice_v1,Task2-team11,,,neural_vocoder_autoregressive,TFM1,4.3900625,0.24835960566997528
voice_0127__phonefact_resample8k,1,1.0,,1,0,voice,speech_only,vcc2020,high_ogg,,,,voice_0127,resample8k,asvspoof_voice_v1,Task2-team33,,,neural_vocoder_nonautoregressive,TFM1,4.392,0.9181138277053833
voice_0127__phonefact_g711_ulaw,1,1.0,,1,0,voice,speech_only,vcc2020,high_ogg,,,,voice_0127,g711_ulaw,asvspoof_voice_v1,Task2-team33,,,neural_vocoder_nonautoregressive,TFM1,4.392,0.4287298619747162
voice_0127__phonefact_g726_24k,1,1.0,,1,0,voice,speech_only,vcc2020,high_ogg,,,,voice_0127,g726_24k,asvspoof_voice_v1,Task2-team33,,,neural_vocoder_nonautoregressive,TFM1,4.392,0.4752197563648224
voice_0127__phonefact_opus_nb_8k,1,1.0,,1,0,voice,speech_only,vcc2020,high_ogg,,,,voice_0127,opus_nb_8k,asvspoof_voice_v1,Task2-team33,,,neural_vocoder_nonautoregressive,TFM1,4.392,0.22495496273040771
voice_0128__phonefact_resample8k,1,1.0,,1,0,voice,speech_only,vcc2018,low_m4a,,,,voice_0128,resample8k,asvspoof_voice_v1,HUB-N13,,,traditional_vocoder,VCC2TM1,4.544,0.5304573774337769
voice_0128__phonefact_g711_ulaw,1,1.0,,1,0,voice,speech_only,vcc2018,low_m4a,,,,voice_0128,g711_ulaw,asvspoof_voice_v1,HUB-N13,,,traditional_vocoder,VCC2TM1,4.544,0.22585400938987732
voice_0128__phonefact_g726_24k,1,1.0,,1,0,voice,speech_only,vcc2018,low_m4a,,,,voice_0128,g726_24k,asvspoof_voice_v1,HUB-N13,,,traditional_vocoder,VCC2TM1,4.544,0.36690646409988403
voice_0128__phonefact_opus_nb_8k,1,1.0,,1,0,voice,speech_only,vcc2018,low_m4a,,,,voice_0128,opus_nb_8k,asvspoof_voice_v1,HUB-N13,,,traditional_vocoder,VCC2TM1,4.544,0.13649502396583557
voice_0129__phonefact_resample8k,1,1.0,,1,0,voice,speech_only,vcc2018,oggm4a,,,,voice_0129,resample8k,asvspoof_voice_v1,HUB-N03,,,unknown,VCC2TF2,4.352,0.1808055192232132
voice_0129__phonefact_g711_ulaw,1,1.0,,1,0,voice,speech_only,vcc2018,oggm4a,,,,voice_0129,g711_ulaw,asvspoof_voice_v1,HUB-N03,,,unknown,VCC2TF2,4.352,0.20972196757793427
voice_0129__phonefact_g726_24k,1,1.0,,1,0,voice,speech_only,vcc2018,oggm4a,,,,voice_0129,g726_24k,asvspoof_voice_v1,HUB-N03,,,unknown,VCC2TF2,4.352,0.32528674602508545
voice_0129__phonefact_opus_nb_8k,1,1.0,,1,0,voice,speech_only,vcc2018,oggm4a,,,,voice_0129,opus_nb_8k,asvspoof_voice_v1,HUB-N03,,,unknown,VCC2TF2,4.352,0.09174708276987076
voice_0130__phonefact_resample8k,1,1.0,,1,0,voice,speech_only,vcc2018,high_m4a,,,,voice_0130,resample8k,asvspoof_voice_v1,HUB-B00,,,unknown,VCC2TF1,4.48,0.3163166642189026
voice_0130__phonefact_g711_ulaw,1,1.0,,1,0,voice,speech_only,vcc2018,high_m4a,,,,voice_0130,g711_ulaw,asvspoof_voice_v1,HUB-B00,,,unknown,VCC2TF1,4.48,0.19841791689395905
voice_0130__phonefact_g726_24k,1,1.0,,1,0,voice,speech_only,vcc2018,high_m4a,,,,voice_0130,g726_24k,asvspoof_voice_v1,HUB-B00,,,unknown,VCC2TF1,4.48,0.31078705191612244
voice_0130__phonefact_opus_nb_8k,1,1.0,,1,0,voice,speech_only,vcc2018,high_m4a,,,,voice_0130,opus_nb_8k,asvspoof_voice_v1,HUB-B00,,,unknown,VCC2TF1,4.48,0.0882553979754448
voice_0131__phonefact_resample8k,1,1.0,,1,0,voice,speech_only,vcc2020,high_ogg,,,,voice_0131,resample8k,asvspoof_voice_v1,Task1-team24,,,neural_vocoder_autoregressive,TEM2,4.84,0.9627081155776978
voice_0131__phonefact_g711_ulaw,1,1.0,,1,0,voice,speech_only,vcc2020,high_ogg,,,,voice_0131,g711_ulaw,asvspoof_voice_v1,Task1-team24,,,neural_vocoder_autoregressive,TEM2,4.84,0.3694123923778534
voice_0131__phonefact_g726_24k,1,1.0,,1,0,voice,speech_only,vcc2020,high_ogg,,,,voice_0131,g726_24k,asvspoof_voice_v1,Task1-team24,,,neural_vocoder_autoregressive,TEM2,4.84,0.38369300961494446
voice_0131__phonefact_opus_nb_8k,1,1.0,,1,0,voice,speech_only,vcc2020,high_ogg,,,,voice_0131,opus_nb_8k,asvspoof_voice_v1,Task1-team24,,,neural_vocoder_autoregressive,TEM2,4.84,0.1235828846693039
voice_0132__phonefact_resample8k,1,1.0,,1,0,voice,speech_only,vcc2018,mp3m4a,,,,voice_0132,resample8k,asvspoof_voice_v1,SPO-N10,,,neural_vocoder_autoregressive,VCC2TF1,4.096,0.8728093504905701
voice_0132__phonefact_g711_ulaw,1,1.0,,1,0,voice,speech_only,vcc2018,mp3m4a,,,,voice_0132,g711_ulaw,asvspoof_voice_v1,SPO-N10,,,neural_vocoder_autoregressive,VCC2TF1,4.096,0.40029338002204895
voice_0132__phonefact_g726_24k,1,1.0,,1,0,voice,speech_only,vcc2018,mp3m4a,,,,voice_0132,g726_24k,asvspoof_voice_v1,SPO-N10,,,neural_vocoder_autoregressive,VCC2TF1,4.096,0.5863968729972839
voice_0132__phonefact_opus_nb_8k,1,1.0,,1,0,voice,speech_only,vcc2018,mp3m4a,,,,voice_0132,opus_nb_8k,asvspoof_voice_v1,SPO-N10,,,neural_vocoder_autoregressive,VCC2TF1,4.096,0.30860504508018494
voice_0133__phonefact_resample8k,1,1.0,,1,0,voice,speech_only,vcc2018,oggm4a,,,,voice_0133,resample8k,asvspoof_voice_v1,SPO-N18,,,traditional_vocoder,VCC2TM1,4.224,0.9774880409240723
voice_0133__phonefact_g711_ulaw,1,1.0,,1,0,voice,speech_only,vcc2018,oggm4a,,,,voice_0133,g711_ulaw,asvspoof_voice_v1,SPO-N18,,,traditional_vocoder,VCC2TM1,4.224,0.9755202531814575
voice_0133__phonefact_g726_24k,1,1.0,,1,0,voice,speech_only,vcc2018,oggm4a,,,,voice_0133,g726_24k,asvspoof_voice_v1,SPO-N18,,,traditional_vocoder,VCC2TM1,4.224,0.9935810565948486
voice_0133__phonefact_opus_nb_8k,1,1.0,,1,0,voice,speech_only,vcc2018,oggm4a,,,,voice_0133,opus_nb_8k,asvspoof_voice_v1,SPO-N18,,,traditional_vocoder,VCC2TM1,4.224,0.7370814085006714
voice_0134__phonefact_resample8k,1,1.0,,1,0,voice,speech_only,asvspoof,high_ogg,,,,voice_0134,resample8k,asvspoof_voice_v1,A19,,,traditional_vocoder,LA_0036,4.024,0.6062757968902588
voice_0134__phonefact_g711_ulaw,1,1.0,,1,0,voice,speech_only,asvspoof,high_ogg,,,,voice_0134,g711_ulaw,asvspoof_voice_v1,A19,,,traditional_vocoder,LA_0036,4.024,0.2954942584037781
voice_0134__phonefact_g726_24k,1,1.0,,1,0,voice,speech_only,asvspoof,high_ogg,,,,voice_0134,g726_24k,asvspoof_voice_v1,A19,,,traditional_vocoder,LA_0036,4.024,0.3097202777862549
voice_0134__phonefact_opus_nb_8k,1,1.0,,1,0,voice,speech_only,asvspoof,high_ogg,,,,voice_0134,opus_nb_8k,asvspoof_voice_v1,A19,,,traditional_vocoder,LA_0036,4.024,0.2115471512079239
voice_0135__phonefact_resample8k,1,1.0,,1,0,voice,speech_only,vcc2020,oggm4a,,,,voice_0135,resample8k,asvspoof_voice_v1,Task1-team32,,,neural_vocoder_autoregressive,TEM1,4.352,0.19380341470241547
voice_0135__phonefact_g711_ulaw,1,1.0,,1,0,voice,speech_only,vcc2020,oggm4a,,,,voice_0135,g711_ulaw,asvspoof_voice_v1,Task1-team32,,,neural_vocoder_autoregressive,TEM1,4.352,0.12625347077846527
voice_0135__phonefact_g726_24k,1,1.0,,1,0,voice,speech_only,vcc2020,oggm4a,,,,voice_0135,g726_24k,asvspoof_voice_v1,Task1-team32,,,neural_vocoder_autoregressive,TEM1,4.352,0.13803791999816895
voice_0135__phonefact_opus_nb_8k,1,1.0,,1,0,voice,speech_only,vcc2020,oggm4a,,,,voice_0135,opus_nb_8k,asvspoof_voice_v1,Task1-team32,,,neural_vocoder_autoregressive,TEM1,4.352,0.05375522002577782
voice_0136__phonefact_resample8k,1,1.0,,1,0,voice,speech_only,vcc2020,low_ogg,,,,voice_0136,resample8k,asvspoof_voice_v1,Task1-team18,,,unknown,TEM1,4.072,0.07953496277332306
voice_0136__phonefact_g711_ulaw,1,1.0,,1,0,voice,speech_only,vcc2020,low_ogg,,,,voice_0136,g711_ulaw,asvspoof_voice_v1,Task1-team18,,,unknown,TEM1,4.072,0.09675349295139313
voice_0136__phonefact_g726_24k,1,1.0,,1,0,voice,speech_only,vcc2020,low_ogg,,,,voice_0136,g726_24k,asvspoof_voice_v1,Task1-team18,,,unknown,TEM1,4.072,0.12812571227550507
voice_0136__phonefact_opus_nb_8k,1,1.0,,1,0,voice,speech_only,vcc2020,low_ogg,,,,voice_0136,opus_nb_8k,asvspoof_voice_v1,Task1-team18,,,unknown,TEM1,4.072,0.046264078468084335
voice_0137__phonefact_resample8k,1,1.0,,1,0,voice,speech_only,vcc2018,low_m4a,,,,voice_0137,resample8k,asvspoof_voice_v1,HUB-N13,,,traditional_vocoder,VCC2TF1,4.224,0.5444731116294861
voice_0137__phonefact_g711_ulaw,1,1.0,,1,0,voice,speech_only,vcc2018,low_m4a,,,,voice_0137,g711_ulaw,asvspoof_voice_v1,HUB-N13,,,traditional_vocoder,VCC2TF1,4.224,0.334607869386673
voice_0137__phonefact_g726_24k,1,1.0,,1,0,voice,speech_only,vcc2018,low_m4a,,,,voice_0137,g726_24k,asvspoof_voice_v1,HUB-N13,,,traditional_vocoder,VCC2TF1,4.224,0.47945019602775574
voice_0137__phonefact_opus_nb_8k,1,1.0,,1,0,voice,speech_only,vcc2018,low_m4a,,,,voice_0137,opus_nb_8k,asvspoof_voice_v1,HUB-N13,,,traditional_vocoder,VCC2TF1,4.224,0.1504392921924591
voice_0138__phonefact_resample8k,1,1.0,,1,0,voice,speech_only,vcc2018,mp3m4a,,,,voice_0138,resample8k,asvspoof_voice_v1,HUB-N04,,,traditional_vocoder,VCC2TM1,5.44,0.2793976068496704
voice_0138__phonefact_g711_ulaw,1,1.0,,1,0,voice,speech_only,vcc2018,mp3m4a,,,,voice_0138,g711_ulaw,asvspoof_voice_v1,HUB-N04,,,traditional_vocoder,VCC2TM1,5.44,0.1960250586271286
voice_0138__phonefact_g726_24k,1,1.0,,1,0,voice,speech_only,vcc2018,mp3m4a,,,,voice_0138,g726_24k,asvspoof_voice_v1,HUB-N04,,,traditional_vocoder,VCC2TM1,5.44,0.23553608357906342
voice_0138__phonefact_opus_nb_8k,1,1.0,,1,0,voice,speech_only,vcc2018,mp3m4a,,,,voice_0138,opus_nb_8k,asvspoof_voice_v1,HUB-N04,,,traditional_vocoder,VCC2TM1,5.44,0.309772253036499
voice_0139__phonefact_resample8k,1,1.0,,1,0,voice,speech_only,vcc2020,low_ogg,,,,voice_0139,resample8k,asvspoof_voice_v1,Task1-team03,,,neural_vocoder_autoregressive,TEM2,4.104,0.8498411774635315
voice_0139__phonefact_g711_ulaw,1,1.0,,1,0,voice,speech_only,vcc2020,low_ogg,,,,voice_0139,g711_ulaw,asvspoof_voice_v1,Task1-team03,,,neural_vocoder_autoregressive,TEM2,4.104,0.6240821480751038
voice_0139__phonefact_g726_24k,1,1.0,,1,0,voice,speech_only,vcc2020,low_ogg,,,,voice_0139,g726_24k,asvspoof_voice_v1,Task1-team03,,,neural_vocoder_autoregressive,TEM2,4.104,0.6455977559089661
voice_0139__phonefact_opus_nb_8k,1,1.0,,1,0,voice,speech_only,vcc2020,low_ogg,,,,voice_0139,opus_nb_8k,asvspoof_voice_v1,Task1-team03,,,neural_vocoder_autoregressive,TEM2,4.104,0.16459301114082336
voice_0140__phonefact_resample8k,1,1.0,,1,0,voice,speech_only,vcc2018,low_ogg,,,,voice_0140,resample8k,asvspoof_voice_v1,HUB-D04,,,traditional_vocoder,VCC2TM2,4.52,0.6061718463897705
voice_0140__phonefact_g711_ulaw,1,1.0,,1,0,voice,speech_only,vcc2018,low_ogg,,,,voice_0140,g711_ulaw,asvspoof_voice_v1,HUB-D04,,,traditional_vocoder,VCC2TM2,4.52,0.8858098983764648
voice_0140__phonefact_g726_24k,1,1.0,,1,0,voice,speech_only,vcc2018,low_ogg,,,,voice_0140,g726_24k,asvspoof_voice_v1,HUB-D04,,,traditional_vocoder,VCC2TM2,4.52,0.896799623966217
voice_0140__phonefact_opus_nb_8k,1,1.0,,1,0,voice,speech_only,vcc2018,low_ogg,,,,voice_0140,opus_nb_8k,asvspoof_voice_v1,HUB-D04,,,traditional_vocoder,VCC2TM2,4.52,0.4239797592163086
voice_0141__phonefact_resample8k,1,1.0,,1,0,voice,speech_only,asvspoof,nocodec,,,,voice_0141,resample8k,asvspoof_voice_v1,A13,,,traditional_vocoder,LA_0043,5.5714375,0.16916899383068085
voice_0141__phonefact_g711_ulaw,1,1.0,,1,0,voice,speech_only,asvspoof,nocodec,,,,voice_0141,g711_ulaw,asvspoof_voice_v1,A13,,,traditional_vocoder,LA_0043,5.5714375,0.12414626777172089
voice_0141__phonefact_g726_24k,1,1.0,,1,0,voice,speech_only,asvspoof,nocodec,,,,voice_0141,g726_24k,asvspoof_voice_v1,A13,,,traditional_vocoder,LA_0043,5.5714375,0.19674897193908691
voice_0141__phonefact_opus_nb_8k,1,1.0,,1,0,voice,speech_only,asvspoof,nocodec,,,,voice_0141,opus_nb_8k,asvspoof_voice_v1,A13,,,traditional_vocoder,LA_0043,5.5714375,0.04345995560288429
voice_0142__phonefact_resample8k,1,1.0,,1,0,voice,speech_only,asvspoof,low_m4a,,,,voice_0142,resample8k,asvspoof_voice_v1,A12,,,neural_vocoder_autoregressive,LA_0019,4.672,0.23755933344364166
voice_0142__phonefact_g711_ulaw,1,1.0,,1,0,voice,speech_only,asvspoof,low_m4a,,,,voice_0142,g711_ulaw,asvspoof_voice_v1,A12,,,neural_vocoder_autoregressive,LA_0019,4.672,0.29498839378356934
voice_0142__phonefact_g726_24k,1,1.0,,1,0,voice,speech_only,asvspoof,low_m4a,,,,voice_0142,g726_24k,asvspoof_voice_v1,A12,,,neural_vocoder_autoregressive,LA_0019,4.672,0.5283092260360718
voice_0142__phonefact_opus_nb_8k,1,1.0,,1,0,voice,speech_only,asvspoof,low_m4a,,,,voice_0142,opus_nb_8k,asvspoof_voice_v1,A12,,,neural_vocoder_autoregressive,LA_0019,4.672,0.1483638435602188
voice_0143__phonefact_resample8k,1,1.0,,1,0,voice,speech_only,vcc2018,high_mp3,,,,voice_0143,resample8k,asvspoof_voice_v1,HUB-D04,,,traditional_vocoder,VCC2TM2,4.245125,0.285331130027771
voice_0143__phonefact_g711_ulaw,1,1.0,,1,0,voice,speech_only,vcc2018,high_mp3,,,,voice_0143,g711_ulaw,asvspoof_voice_v1,HUB-D04,,,traditional_vocoder,VCC2TM2,4.245125,0.3364354968070984
voice_0143__phonefact_g726_24k,1,1.0,,1,0,voice,speech_only,vcc2018,high_mp3,,,,voice_0143,g726_24k,asvspoof_voice_v1,HUB-D04,,,traditional_vocoder,VCC2TM2,4.245125,0.6141611337661743
voice_0143__phonefact_opus_nb_8k,1,1.0,,1,0,voice,speech_only,vcc2018,high_mp3,,,,voice_0143,opus_nb_8k,asvspoof_voice_v1,HUB-D04,,,traditional_vocoder,VCC2TM2,4.245125,0.3938432037830353
voice_0144__phonefact_resample8k,1,1.0,,1,0,voice,speech_only,vcc2020,high_m4a,,,,voice_0144,resample8k,asvspoof_voice_v1,Task2-team23,,,neural_vocoder_autoregressive,TGF1,4.16,0.33723682165145874
voice_0144__phonefact_g711_ulaw,1,1.0,,1,0,voice,speech_only,vcc2020,high_m4a,,,,voice_0144,g711_ulaw,asvspoof_voice_v1,Task2-team23,,,neural_vocoder_autoregressive,TGF1,4.16,0.17688769102096558
voice_0144__phonefact_g726_24k,1,1.0,,1,0,voice,speech_only,vcc2020,high_m4a,,,,voice_0144,g726_24k,asvspoof_voice_v1,Task2-team23,,,neural_vocoder_autoregressive,TGF1,4.16,0.23320896923542023
voice_0144__phonefact_opus_nb_8k,1,1.0,,1,0,voice,speech_only,vcc2020,high_m4a,,,,voice_0144,opus_nb_8k,asvspoof_voice_v1,Task2-team23,,,neural_vocoder_autoregressive,TGF1,4.16,0.07074510306119919
voice_0145__phonefact_resample8k,1,1.0,,1,0,voice,speech_only,vcc2020,nocodec,,,,voice_0145,resample8k,asvspoof_voice_v1,Task2-team22,,,neural_vocoder_nonautoregressive,TGM1,4.512,0.8914804458618164
voice_0145__phonefact_g711_ulaw,1,1.0,,1,0,voice,speech_only,vcc2020,nocodec,,,,voice_0145,g711_ulaw,asvspoof_voice_v1,Task2-team22,,,neural_vocoder_nonautoregressive,TGM1,4.512,0.5299687385559082
voice_0145__phonefact_g726_24k,1,1.0,,1,0,voice,speech_only,vcc2020,nocodec,,,,voice_0145,g726_24k,asvspoof_voice_v1,Task2-team22,,,neural_vocoder_nonautoregressive,TGM1,4.512,0.5639696717262268
voice_0145__phonefact_opus_nb_8k,1,1.0,,1,0,voice,speech_only,vcc2020,nocodec,,,,voice_0145,opus_nb_8k,asvspoof_voice_v1,Task2-team22,,,neural_vocoder_nonautoregressive,TGM1,4.512,0.14775466918945312
voice_0146__phonefact_resample8k,1,1.0,,1,0,voice,speech_only,vcc2020,high_ogg,,,,voice_0146,resample8k,asvspoof_voice_v1,Task1-team03,,,neural_vocoder_autoregressive,TEF1,4.088,0.29790085554122925
voice_0146__phonefact_g711_ulaw,1,1.0,,1,0,voice,speech_only,vcc2020,high_ogg,,,,voice_0146,g711_ulaw,asvspoof_voice_v1,Task1-team03,,,neural_vocoder_autoregressive,TEF1,4.088,0.235835462808609
voice_0146__phonefact_g726_24k,1,1.0,,1,0,voice,speech_only,vcc2020,high_ogg,,,,voice_0146,g726_24k,asvspoof_voice_v1,Task1-team03,,,neural_vocoder_autoregressive,TEF1,4.088,0.2768046259880066
voice_0146__phonefact_opus_nb_8k,1,1.0,,1,0,voice,speech_only,vcc2020,high_ogg,,,,voice_0146,opus_nb_8k,asvspoof_voice_v1,Task1-team03,,,neural_vocoder_autoregressive,TEF1,4.088,0.08243384957313538
voice_0147__phonefact_resample8k,1,1.0,,1,0,voice,speech_only,asvspoof,low_ogg,,,,voice_0147,resample8k,asvspoof_voice_v1,A15,,,neural_vocoder_autoregressive,LA_0023,4.28,0.8364074230194092
voice_0147__phonefact_g711_ulaw,1,1.0,,1,0,voice,speech_only,asvspoof,low_ogg,,,,voice_0147,g711_ulaw,asvspoof_voice_v1,A15,,,neural_vocoder_autoregressive,LA_0023,4.28,0.8026641607284546
voice_0147__phonefact_g726_24k,1,1.0,,1,0,voice,speech_only,asvspoof,low_ogg,,,,voice_0147,g726_24k,asvspoof_voice_v1,A15,,,neural_vocoder_autoregressive,LA_0023,4.28,0.8954746723175049
voice_0147__phonefact_opus_nb_8k,1,1.0,,1,0,voice,speech_only,asvspoof,low_ogg,,,,voice_0147,opus_nb_8k,asvspoof_voice_v1,A15,,,neural_vocoder_autoregressive,LA_0023,4.28,0.4014507532119751
voice_0148__phonefact_resample8k,1,1.0,,1,0,voice,speech_only,vcc2018,high_mp3,,,,voice_0148,resample8k,asvspoof_voice_v1,SPO-N13,,,traditional_vocoder,VCC2TF1,4.208625,0.6854186058044434
voice_0148__phonefact_g711_ulaw,1,1.0,,1,0,voice,speech_only,vcc2018,high_mp3,,,,voice_0148,g711_ulaw,asvspoof_voice_v1,SPO-N13,,,traditional_vocoder,VCC2TF1,4.208625,0.207293301820755
voice_0148__phonefact_g726_24k,1,1.0,,1,0,voice,speech_only,vcc2018,high_mp3,,,,voice_0148,g726_24k,asvspoof_voice_v1,SPO-N13,,,traditional_vocoder,VCC2TF1,4.208625,0.29448774456977844
voice_0148__phonefact_opus_nb_8k,1,1.0,,1,0,voice,speech_only,vcc2018,high_mp3,,,,voice_0148,opus_nb_8k,asvspoof_voice_v1,SPO-N13,,,traditional_vocoder,VCC2TF1,4.208625,0.14571309089660645
voice_0149__phonefact_resample8k,1,1.0,,1,0,voice,speech_only,vcc2018,low_ogg,,,,voice_0149,resample8k,asvspoof_voice_v1,HUB-N08,,,traditional_vocoder,VCC2TM1,4.792,0.5395808815956116
voice_0149__phonefact_g711_ulaw,1,1.0,,1,0,voice,speech_only,vcc2018,low_ogg,,,,voice_0149,g711_ulaw,asvspoof_voice_v1,HUB-N08,,,traditional_vocoder,VCC2TM1,4.792,0.37904539704322815
voice_0149__phonefact_g726_24k,1,1.0,,1,0,voice,speech_only,vcc2018,low_ogg,,,,voice_0149,g726_24k,asvspoof_voice_v1,HUB-N08,,,traditional_vocoder,VCC2TM1,4.792,0.48323771357536316
voice_0149__phonefact_opus_nb_8k,1,1.0,,1,0,voice,speech_only,vcc2018,low_ogg,,,,voice_0149,opus_nb_8k,asvspoof_voice_v1,HUB-N08,,,traditional_vocoder,VCC2TM1,4.792,0.291262686252594
