DATASET,ID,FILE_FAKE_PROB,VOICE_FAKE_PROB,MUSIC_FAKE_PROB,VOICE_PRESENT_PROB,MUSIC_PRESENT_PROB
multigen_music_presence_train_v1,mgm_fake_0000,0.99976987,0.069567665,0.99995685,0.16262643,0.9998702
multigen_music_presence_train_v1,mgm_fake_0001,0.9989219,0.6816441,0.9995357,0.05639634,0.99952745
multigen_music_presence_train_v1,mgm_fake_0002,0.9999821,0.14156614,0.99999,0.2819087,0.9999776
multigen_music_presence_train_v1,mgm_fake_0003,0.9999553,0.33295697,0.9999745,0.5776911,0.99988747
multigen_music_presence_train_v1,mgm_fake_0004,0.27765262,0.35686132,0.018404994,0.5533239,0.9997003
multigen_music_presence_train_v1,mgm_fake_0005,0.9999579,0.8831427,0.9999621,0.3551984,0.9950964
multigen_music_presence_train_v1,mgm_fake_0006,0.46167448,0.085622646,0.7606807,0.02105534,0.94934434
multigen_music_presence_train_v1,mgm_fake_0007,0.99999,0.23655753,0.99999,0.8785489,0.99999
multigen_music_presence_train_v1,mgm_fake_0008,0.99994755,0.9293734,0.9999497,0.98258716,0.99999
multigen_music_presence_train_v1,mgm_fake_0009,0.4571613,0.110169895,0.90243655,0.31463087,0.9993125
multigen_music_presence_train_v1,mgm_fake_0010,0.9999732,0.34802186,0.9999707,0.7885067,0.9999666
multigen_music_presence_train_v1,mgm_fake_0011,0.9991906,0.48369554,0.99969435,0.45833677,0.99987257
multigen_music_presence_train_v1,mgm_fake_0012,0.99959844,0.77479786,0.9999254,0.65673923,0.99995434
multigen_music_presence_train_v1,mgm_fake_0013,0.9999838,0.89797676,0.999984,0.9486638,0.99998164
multigen_music_presence_train_v1,mgm_fake_0014,0.97200686,0.25797802,0.9621122,0.8793554,0.9999082
multigen_music_presence_train_v1,mgm_fake_0015,0.63581854,0.17272846,0.6544345,0.9256822,0.99993706
multigen_music_presence_train_v1,mgm_fake_0016,0.99939764,0.10008558,0.9998128,0.19004269,0.9995665
multigen_music_presence_train_v1,mgm_fake_0017,0.9992366,0.24657707,0.9998375,0.7341291,0.9998878
multigen_music_presence_train_v1,mgm_fake_0018,0.9792964,0.2999318,0.972772,0.238676,0.99858606
multigen_music_presence_train_v1,mgm_fake_0019,0.9770785,0.113323145,0.98399967,0.17966542,0.99752027
multigen_music_presence_train_v1,mgm_fake_0020,0.99803776,0.3014651,0.99952066,0.0555741,0.999788
multigen_music_presence_train_v1,mgm_fake_0021,0.99747616,0.22550593,0.99956137,0.6958599,0.9998938
multigen_music_presence_train_v1,mgm_fake_0022,0.9982918,0.23121414,0.99844223,0.36000645,0.99946064
multigen_music_presence_train_v1,mgm_fake_0023,0.9998871,0.17087507,0.9999213,0.48763865,0.99992037
multigen_music_presence_train_v1,mgm_fake_0024,0.9784241,0.07333559,0.977553,0.54882234,0.9991572
multigen_music_presence_train_v1,mgm_fake_0025,0.076368205,0.032292034,0.72994137,0.0073048,0.9275417
multigen_music_presence_train_v1,mgm_fake_0026,0.9999777,0.21709709,0.9999794,0.27353916,0.9998186
multigen_music_presence_train_v1,mgm_fake_0027,0.30306083,0.07451795,0.107975714,0.76183444,0.9999255
multigen_music_presence_train_v1,mgm_fake_0028,0.9960128,0.356213,0.99710244,0.8493004,0.99993
multigen_music_presence_train_v1,mgm_fake_0029,0.9999807,0.39260778,0.99998546,0.98922426,0.99998415
multigen_music_presence_train_v1,mgm_fake_0030,0.9998517,0.17380725,0.9999596,0.31977406,0.9997451
multigen_music_presence_train_v1,mgm_fake_0031,0.9673575,0.06671813,0.9725609,0.6518212,0.99994195
multigen_music_presence_train_v1,mgm_fake_0032,0.998071,0.0902305,0.99947196,0.48477826,0.99987316
multigen_music_presence_train_v1,mgm_fake_0033,0.99736613,0.3119038,0.9993118,0.2905289,0.9969177
multigen_music_presence_train_v1,mgm_fake_0034,0.99963367,0.09097019,0.9998159,0.33049425,0.9993331
multigen_music_presence_train_v1,mgm_fake_0035,0.67563117,0.74091554,0.012990063,0.11719314,0.99089396
multigen_music_presence_train_v1,mgm_fake_0036,0.9974293,0.6882598,0.9909033,0.5977625,0.99992836
multigen_music_presence_train_v1,mgm_fake_0037,0.927267,0.17391692,0.903002,0.92569804,0.9999647
multigen_music_presence_train_v1,mgm_fake_0038,0.9999224,0.27522528,0.99997747,0.3127125,0.9994783
multigen_music_presence_train_v1,mgm_fake_0039,0.99034435,0.44697487,0.992448,0.17439547,0.9968561
multigen_music_presence_train_v1,mgm_fake_0040,0.99999,0.42656887,0.99999,0.5441802,0.99999
multigen_music_presence_train_v1,mgm_fake_0041,0.64095306,0.8166877,0.0024487227,0.12530753,0.99352044
multigen_music_presence_train_v1,mgm_fake_0042,0.9999373,0.29693428,0.9999566,0.49338105,0.9998354
multigen_music_presence_train_v1,mgm_fake_0043,0.98955274,0.5959796,0.984527,0.7544207,0.9999881
multigen_music_presence_train_v1,mgm_fake_0044,0.97367394,0.17283097,0.9692459,0.18519834,0.9999511
multigen_music_presence_train_v1,mgm_fake_0045,0.9999597,0.108586445,0.9999684,0.41128394,0.999964
multigen_music_presence_train_v1,mgm_fake_0046,0.9926554,0.2617682,0.969504,0.11967125,0.99935013
multigen_music_presence_train_v1,mgm_fake_0047,0.99752694,0.04709893,0.9991504,0.3324909,0.9997627
multigen_music_presence_train_v1,mgm_fake_0048,0.3505992,0.61441463,0.04067504,0.116208345,0.9435806
multigen_music_presence_train_v1,mgm_fake_0049,0.9999888,0.3333437,0.99998987,0.96849716,0.99999
multigen_music_presence_train_v1,mgm_fake_0050,0.999985,0.32510316,0.9999845,0.979684,0.99999
multigen_music_presence_train_v1,mgm_fake_0051,0.9913195,0.04611177,0.99732167,0.23818016,0.9997929
multigen_music_presence_train_v1,mgm_fake_0052,0.99998844,0.09751157,0.99998856,0.6855364,0.99996555
multigen_music_presence_train_v1,mgm_fake_0053,0.99999,0.5441284,0.99999,0.95922625,0.99998736
multigen_music_presence_train_v1,mgm_fake_0054,0.44246075,0.03790564,0.8975442,0.07152467,0.9680635
multigen_music_presence_train_v1,mgm_fake_0055,0.9976024,0.087937556,0.99869365,0.09636128,0.9915439
multigen_music_presence_train_v1,mgm_fake_0056,0.9900574,0.016925002,0.99638724,0.34667557,0.9995591
multigen_music_presence_train_v1,mgm_fake_0057,0.98758113,0.15984279,0.97119606,0.08471486,0.9995795
multigen_music_presence_train_v1,mgm_fake_0058,0.9752871,0.86955774,0.99656373,0.22015183,0.9622722
multigen_music_presence_train_v1,mgm_fake_0059,0.9999442,0.95510185,0.99740016,0.015144093,0.9901725
multigen_music_presence_train_v1,mgm_fake_0060,0.99996567,0.28093964,0.9999645,0.697198,0.99989927
multigen_music_presence_train_v1,mgm_fake_0061,0.9970553,0.035527483,0.9997335,0.9295729,0.99995434
multigen_music_presence_train_v1,mgm_fake_0062,0.4044412,0.13919106,0.17813243,0.33105946,0.9999424
multigen_music_presence_train_v1,mgm_fake_0063,0.9998568,0.17641407,0.9999616,0.8691817,0.99999
multigen_music_presence_train_v1,mgm_fake_0064,0.89060473,0.2613971,0.90758497,0.3630811,0.9999386
multigen_music_presence_train_v1,mgm_fake_0065,0.9998319,0.4252533,0.99983525,0.36118343,0.9999206
multigen_music_presence_train_v1,mgm_fake_0066,0.99923015,0.027613865,0.9998839,0.23221996,0.9999639
multigen_music_presence_train_v1,mgm_fake_0067,0.79225934,0.16538243,0.97551936,0.42943037,0.9999063
multigen_music_presence_train_v1,mgm_fake_0068,0.99999,0.928713,0.99999,0.7926107,0.99997354
multigen_music_presence_train_v1,mgm_fake_0069,0.99989283,0.88747686,0.99982953,0.0969176,0.9999486
multigen_music_presence_train_v1,mgm_fake_0070,0.99994695,0.2782205,0.9999584,0.35875285,0.99974805
multigen_music_presence_train_v1,mgm_fake_0071,0.99987495,0.4818791,0.9999417,0.5321437,0.99977654
multigen_music_presence_train_v1,mgm_fake_0072,0.9960943,0.5562121,0.9960731,0.075609446,0.9993426
multigen_music_presence_train_v1,mgm_fake_0073,0.993038,0.060782548,0.99902666,0.53739375,0.9997428
multigen_music_presence_train_v1,mgm_fake_0074,0.99944705,0.15341936,0.9999603,0.11509015,0.9975805
multigen_music_presence_train_v1,mgm_fake_0075,0.14830464,0.24939866,0.12678367,0.15466681,0.9921902
multigen_music_presence_train_v1,mgm_fake_0076,0.989782,0.33332926,0.98654455,0.81204087,0.9999639
multigen_music_presence_train_v1,mgm_fake_0077,0.23056623,0.038755473,0.13113815,0.5001583,0.9986732
multigen_music_presence_train_v1,mgm_fake_0078,0.99996805,0.14159146,0.9999789,0.737737,0.9998305
multigen_music_presence_train_v1,mgm_fake_0079,0.9997341,0.6090153,0.99963605,0.1187426,0.9978684
multigen_music_presence_train_v1,mgm_fake_0080,0.9991491,0.68404704,0.99970895,0.29837954,0.998939
multigen_music_presence_train_v1,mgm_fake_0081,0.990058,0.1577721,0.9883868,0.22269095,0.9985688
multigen_music_presence_train_v1,mgm_fake_0082,0.9992606,0.3144815,0.999869,0.9446486,0.99986863
multigen_music_presence_train_v1,mgm_fake_0083,0.978227,0.14152347,0.9642732,0.6065376,0.9999292
multigen_music_presence_train_v1,mgm_fake_0084,0.9608952,0.0256539,0.98184067,0.23810925,0.998933
multigen_music_presence_train_v1,mgm_fake_0085,0.010450756,0.010539971,0.0074207014,0.030127,0.89922696
multigen_music_presence_train_v1,mgm_fake_0086,0.99996567,0.29154608,0.99995947,0.75628126,0.9999715
multigen_music_presence_train_v1,mgm_fake_0087,0.99990916,0.5911787,0.9999654,0.14139502,0.99892056
multigen_music_presence_train_v1,mgm_fake_0088,0.9983559,0.60781014,0.9998074,0.8059771,0.9999682
multigen_music_presence_train_v1,mgm_fake_0089,0.978574,0.8680977,0.89214104,0.24896504,0.9958085
multigen_music_presence_train_v1,mgm_fake_0090,0.19599478,0.12874967,0.7631629,0.16998988,0.9864086
multigen_music_presence_train_v1,mgm_fake_0091,0.99940825,0.35299957,0.9998752,0.097043894,0.9998202
multigen_music_presence_train_v1,mgm_fake_0092,0.99999,0.8852497,0.99999,0.84319717,0.999985
multigen_music_presence_train_v1,mgm_fake_0093,0.99999,0.86118406,0.9999887,0.712402,0.99999
multigen_music_presence_train_v1,mgm_fake_0094,0.9069602,0.85490966,0.28188384,0.11487067,0.99914074
multigen_music_presence_train_v1,mgm_fake_0095,0.98726475,0.7140853,0.9636666,0.40959987,0.99677014
multigen_music_presence_train_v1,mgm_fake_0096,0.99929476,0.6144089,0.9997855,0.52428824,0.99993217
multigen_music_presence_train_v1,mgm_fake_0097,0.99355847,0.09412697,0.9971095,0.05694013,0.9986205
multigen_music_presence_train_v1,mgm_fake_0098,0.99864966,0.828723,0.98590636,0.23497996,0.9986524
multigen_music_presence_train_v1,mgm_fake_0099,0.9724157,0.51960766,0.9816471,0.976454,0.9999801
multigen_music_presence_train_v1,mgm_fake_0100,0.9931183,0.38988253,0.9710292,0.30570242,0.99916816
multigen_music_presence_train_v1,mgm_fake_0101,0.99990904,0.1716313,0.99992144,0.09271435,0.9991301
multigen_music_presence_train_v1,mgm_fake_0102,0.99982363,0.61815184,0.99992263,0.4675945,0.9997851
multigen_music_presence_train_v1,mgm_fake_0103,0.80741584,0.36066073,0.9906618,0.09704194,0.9382286
multigen_music_presence_train_v1,mgm_fake_0104,0.9996216,0.23192424,0.99991834,0.2012482,0.9969445
multigen_music_presence_train_v1,mgm_fake_0105,0.9999651,0.26057673,0.9999572,0.49165422,0.9999739
multigen_music_presence_train_v1,mgm_fake_0106,0.6434456,0.20526718,0.94658095,0.47099936,0.9995728
multigen_music_presence_train_v1,mgm_fake_0107,0.99999,0.77075994,0.99999,0.9827235,0.99999
multigen_music_presence_train_v1,mgm_fake_0108,0.86925304,0.6958889,0.8089277,0.009628804,0.9799477
multigen_music_presence_train_v1,mgm_fake_0109,0.999928,0.4433058,0.9999747,0.7967784,0.9999776
multigen_music_presence_train_v1,mgm_fake_0110,0.9943212,0.14102496,0.99937063,0.042736415,0.953799
multigen_music_presence_train_v1,mgm_fake_0111,0.99994624,0.26497966,0.999962,0.6883139,0.99997365
multigen_music_presence_train_v1,mgm_fake_0112,0.99999,0.68298274,0.99999,0.22202446,0.9999732
multigen_music_presence_train_v1,mgm_fake_0113,0.99835205,0.49420255,0.99931836,0.22159794,0.9994598
multigen_music_presence_train_v1,mgm_fake_0114,0.9996315,0.082271695,0.99991894,0.56794834,0.99998987
multigen_music_presence_train_v1,mgm_fake_0115,0.9999567,0.01884699,0.9999701,0.9727102,0.9999795
multigen_music_presence_train_v1,mgm_fake_0116,0.9999783,0.84749895,0.99997747,0.98009175,0.99999
multigen_music_presence_train_v1,mgm_fake_0117,0.9981993,0.08743213,0.99961275,0.09825561,0.9837991
multigen_music_presence_train_v1,mgm_fake_0118,0.011704488,0.037189044,8.645965e-05,0.59243315,0.9997918
multigen_music_presence_train_v1,mgm_fake_0119,0.99997413,0.38736948,0.99998796,0.31302774,0.99994195
multigen_music_presence_train_v1,mgm_fake_0120,0.9999764,0.13206735,0.99998426,0.90520966,0.99999
multigen_music_presence_train_v1,mgm_fake_0121,0.9999819,0.2083002,0.99998355,0.86880213,0.99998045
multigen_music_presence_train_v1,mgm_fake_0122,0.9914253,0.069164425,0.9991611,0.7543714,0.9999707
multigen_music_presence_train_v1,mgm_fake_0123,0.99999,0.6174862,0.99999,0.8730157,0.99996555
multigen_music_presence_train_v1,mgm_fake_0124,0.97539514,0.21629842,0.9767222,0.09427478,0.98905355
multigen_music_presence_train_v1,mgm_fake_0125,0.9965653,0.121882655,0.99892056,0.10090871,0.9997241
multigen_music_presence_train_v1,mgm_fake_0126,0.9998864,0.050838746,0.9999541,0.883815,0.99998987
multigen_music_presence_train_v1,mgm_fake_0127,0.09821876,0.10023355,0.005278757,0.09460163,0.9900406
multigen_music_presence_train_v1,mgm_fake_0128,0.98738587,0.94847876,0.9711397,0.16279928,0.9594858
multigen_music_presence_train_v1,mgm_fake_0129,0.14400458,0.28108752,0.0023812696,0.31120402,0.99153477
multigen_music_presence_train_v1,mgm_fake_0130,0.9466805,0.95615286,0.012641002,0.55532557,0.9962308
multigen_music_presence_train_v1,mgm_fake_0131,0.9156414,0.06367974,0.9181113,0.4797949,0.9994987
multigen_music_presence_train_v1,mgm_fake_0132,0.8744907,0.048599057,0.9699799,0.73405075,0.9998325
multigen_music_presence_train_v1,mgm_fake_0133,0.99999,0.23405378,0.99999,0.40870053,0.9999434
multigen_music_presence_train_v1,mgm_fake_0134,0.019987421,0.024189208,0.0005746761,0.117244,0.9780075
multigen_music_presence_train_v1,mgm_fake_0135,0.9923768,0.0957747,0.98844856,0.11992378,0.99975973
multigen_music_presence_train_v1,mgm_fake_0136,0.9988175,0.04256545,0.9996062,0.75231487,0.99992657
multigen_music_presence_train_v1,mgm_fake_0137,0.9938,0.023985399,0.9984451,0.30342358,0.99987936
multigen_music_presence_train_v1,mgm_fake_0138,0.9997167,0.49230394,0.9998417,0.3631041,0.99921095
multigen_music_presence_train_v1,mgm_fake_0139,0.9872334,0.10681914,0.9842928,0.43871114,0.99987435
multigen_music_presence_train_v1,mgm_fake_0140,0.54059637,0.6574265,0.0528774,0.3359954,0.99725515
multigen_music_presence_train_v1,mgm_fake_0141,0.99992526,0.18377207,0.9999609,0.89300835,0.9999404
multigen_music_presence_train_v1,mgm_fake_0142,0.7466258,0.053813145,0.7249384,0.15093324,0.9997336
multigen_music_presence_train_v1,mgm_fake_0143,0.998863,0.5312567,0.9994823,0.10136382,0.9994698
multigen_music_presence_train_v1,mgm_fake_0144,0.9999726,0.50780475,0.99999,0.5208727,0.9999641
multigen_music_presence_train_v1,mgm_fake_0145,0.057012957,0.06329735,0.0013601312,0.0613221,0.9951035
multigen_music_presence_train_v1,mgm_fake_0146,0.99995947,0.42201677,0.9999709,0.5529709,0.9993451
multigen_music_presence_train_v1,mgm_fake_0147,0.9999366,0.04329365,0.99995923,0.90496147,0.9999602
multigen_music_presence_train_v1,mgm_fake_0148,0.9969458,0.097797975,0.9994734,0.95502216,0.999876
multigen_music_presence_train_v1,mgm_fake_0149,0.99996257,0.28388557,0.99998116,0.30912942,0.9998204
multigen_music_presence_train_v1,mgm_fake_0150,0.99999,0.9581362,0.99999,0.9644588,0.99998546
multigen_music_presence_train_v1,mgm_fake_0151,0.9997609,0.35192534,0.9999634,0.21223378,0.9992047
multigen_music_presence_train_v1,mgm_fake_0152,0.9912436,0.15957507,0.99415636,0.0730473,0.96078223
multigen_music_presence_train_v1,mgm_fake_0153,0.16541114,0.27335158,0.00090367877,0.55513793,0.99355835
multigen_music_presence_train_v1,mgm_fake_0154,0.8660537,0.20629159,0.540476,0.11313207,0.9971323
multigen_music_presence_train_v1,mgm_fake_0155,0.9977366,0.09465823,0.9996239,0.075349525,0.99939156
multigen_music_presence_train_v1,mgm_fake_0156,0.9999604,0.65164423,0.99996173,0.61120415,0.9999645
multigen_music_presence_train_v1,mgm_fake_0157,0.99999,0.5816063,0.99999,0.6846097,0.9999541
multigen_music_presence_train_v1,mgm_fake_0158,0.9999523,0.19078836,0.9999609,0.8756419,0.99999
multigen_music_presence_train_v1,mgm_fake_0159,0.9989241,0.8466611,0.9998783,0.7882667,0.99997616
multigen_music_presence_train_v1,mgm_fake_0160,0.99997485,0.13674118,0.9999893,0.040493302,0.99927
multigen_music_presence_train_v1,mgm_fake_0161,0.9977004,0.24923399,0.99917233,0.19698064,0.99985576
multigen_music_presence_train_v1,mgm_fake_0162,0.32055202,0.21071284,0.056011055,0.5473267,0.999608
multigen_music_presence_train_v1,mgm_fake_0163,0.9996668,0.024195224,0.99991953,0.21611524,0.9982253
multigen_music_presence_train_v1,mgm_fake_0164,0.9862795,0.5811564,0.97725075,0.27382708,0.95792973
multigen_music_presence_train_v1,mgm_fake_0165,0.6208612,0.608364,0.01946841,0.027296916,0.9852217
multigen_music_presence_train_v1,mgm_fake_0166,0.9880014,0.12115243,0.99205726,0.05043296,0.9159907
multigen_music_presence_train_v1,mgm_fake_0167,0.975104,0.66388124,0.93723935,0.52909094,0.9994931
multigen_music_presence_train_v1,mgm_fake_0168,0.99472815,0.38261315,0.9822841,0.08877793,0.9996265
multigen_music_presence_train_v1,mgm_fake_0169,0.9998355,0.44766185,0.99995995,0.09559528,0.99644333
multigen_music_presence_train_v1,mgm_fake_0170,0.9796718,0.30217597,0.9899705,0.8126884,0.99993885
multigen_music_presence_train_v1,mgm_fake_0171,0.98378664,0.09445355,0.98208815,0.1660638,0.9970258
multigen_music_presence_train_v1,mgm_fake_0172,0.9996177,0.11969729,0.99973196,0.3615803,0.9999347
multigen_music_presence_train_v1,mgm_fake_0173,0.99913305,0.10957219,0.9995704,0.16823964,0.9997557
multigen_music_presence_train_v1,mgm_fake_0174,0.9999025,0.40807173,0.9999676,0.49555063,0.9999106
multigen_music_presence_train_v1,mgm_fake_0175,0.9999747,0.3123504,0.99997747,0.70242923,0.99988484
multigen_music_presence_train_v1,mgm_fake_0176,0.99638844,0.46167827,0.99824214,0.35060045,0.9997162
multigen_music_presence_train_v1,mgm_fake_0177,0.9960128,0.01748935,0.99834275,0.05432305,0.98906004
multigen_music_presence_train_v1,mgm_fake_0178,0.99999,0.0944394,0.99999,0.81329316,0.9999856
multigen_music_presence_train_v1,mgm_fake_0179,0.99997747,0.1151052,0.9999789,0.78280395,0.99997175
multigen_music_presence_train_v1,mgm_fake_0180,0.20111774,0.28005293,0.0005325449,0.68316334,0.9997608
multigen_music_presence_train_v1,mgm_fake_0181,0.9168032,0.331021,0.89211375,0.18294032,0.9964755
multigen_music_presence_train_v1,mgm_fake_0182,0.262827,0.28696188,0.014909304,0.5814348,0.9993216
multigen_music_presence_train_v1,mgm_fake_0183,0.9894392,0.42611876,0.9721457,0.06146056,0.9869465
multigen_music_presence_train_v1,mgm_fake_0184,0.98171747,0.06032779,0.9989485,0.74888253,0.99985754
multigen_music_presence_train_v1,mgm_fake_0185,0.9955155,0.26438123,0.98663634,0.7766748,0.99995875
multigen_music_presence_train_v1,mgm_fake_0186,0.99242353,0.081873715,0.9974989,0.28921658,0.9999716
multigen_music_presence_train_v1,mgm_fake_0187,0.9674742,0.75572366,0.9311538,0.28121307,0.99858284
multigen_music_presence_train_v1,mgm_fake_0188,0.9999149,0.02546123,0.99998426,0.09407632,0.999936
multigen_music_presence_train_v1,mgm_fake_0189,0.9904236,0.16437787,0.95020896,0.31141293,0.99622846
multigen_music_presence_train_v1,mgm_fake_0190,0.9999871,0.44013837,0.99998665,0.90898657,0.9999815
multigen_music_presence_train_v1,mgm_fake_0191,0.9932187,0.9060787,0.8305618,0.34730646,0.9960083
multigen_music_presence_train_v1,mgm_fake_0192,0.99999,0.8776352,0.99999,0.97879195,0.99999
multigen_music_presence_train_v1,mgm_fake_0193,0.82582605,0.25909784,0.52091855,0.6409163,0.99982905
multigen_music_presence_train_v1,mgm_fake_0194,0.99965346,0.9917149,0.99978346,0.112818815,0.99587184
multigen_music_presence_train_v1,mgm_fake_0195,0.9513098,0.09116932,0.956005,0.84488994,0.9998411
multigen_music_presence_train_v1,mgm_fake_0196,0.4787436,0.23842023,0.5706383,0.21633351,0.9990245
multigen_music_presence_train_v1,mgm_fake_0197,0.99999,0.08345912,0.99999,0.55876136,0.99996674
multigen_music_presence_train_v1,mgm_fake_0198,0.9983936,0.07437842,0.9994881,0.17277044,0.9990458
multigen_music_presence_train_v1,mgm_fake_0199,0.95782465,0.34505495,0.94530445,0.36983466,0.99979883
multigen_music_presence_train_v1,mgm_fake_0200,0.99863726,0.4269302,0.99986506,0.90531665,0.99998283
multigen_music_presence_train_v1,mgm_fake_0201,0.99762076,0.12623432,0.9986854,0.22546354,0.9997069
multigen_music_presence_train_v1,mgm_fake_0202,0.9502042,0.68127537,0.6104377,0.719055,0.9996686
multigen_music_presence_train_v1,mgm_fake_0203,0.99968207,0.39919382,0.99995863,0.18302669,0.98725384
multigen_music_presence_train_v1,mgm_fake_0204,0.30161208,0.0037741135,0.47458792,0.087487556,0.9975439
multigen_music_presence_train_v1,mgm_fake_0205,0.97747326,0.26362753,0.97071743,0.85393465,0.9999615
multigen_music_presence_train_v1,mgm_fake_0206,0.99801433,0.091544785,0.9997924,0.69266766,0.9999268
multigen_music_presence_train_v1,mgm_fake_0207,0.99887496,0.6918948,0.99607074,0.13702865,0.9998217
multigen_music_presence_train_v1,mgm_fake_0208,0.99984765,0.19610378,0.9999815,0.7515219,0.9999889
multigen_music_presence_train_v1,mgm_fake_0209,0.9996049,0.24958643,0.999908,0.116717085,0.9867818
multigen_music_presence_train_v1,mgm_fake_0210,0.999972,0.3260002,0.99998164,0.4963099,0.99986374
multigen_music_presence_train_v1,mgm_fake_0211,0.999892,0.23795126,0.99994934,0.43639886,0.9995401
multigen_music_presence_train_v1,mgm_fake_0212,0.9962722,0.72482836,0.996789,0.2856191,0.9999006
multigen_music_presence_train_v1,mgm_fake_0213,0.99994195,0.37821263,0.9999745,0.0849654,0.9993513
multigen_music_presence_train_v1,mgm_fake_0214,0.73295027,0.1732023,0.881057,0.20680936,0.9960056
multigen_music_presence_train_v1,mgm_fake_0215,0.99247026,0.044853132,0.9942128,0.74968535,0.9997929
multigen_music_presence_train_v1,mgm_fake_0216,0.99999,0.27690825,0.99999,0.80669916,0.99999
multigen_music_presence_train_v1,mgm_fake_0217,0.9364974,0.15890595,0.98862565,0.024731454,0.9813446
multigen_music_presence_train_v1,mgm_fake_0218,0.99783903,0.18601497,0.99951375,0.46975654,0.99857056
multigen_music_presence_train_v1,mgm_fake_0219,0.9997353,0.53974545,0.999938,0.7231404,0.99997663
multigen_music_presence_train_v1,mgm_fake_0220,0.055378463,0.10377034,0.0025321997,0.30377603,0.9993807
multigen_music_presence_train_v1,mgm_fake_0221,0.97508824,0.105548024,0.98502874,0.099500164,0.98181826
multigen_music_presence_train_v1,mgm_fake_0222,0.8706334,0.12418788,0.9407002,0.5643301,0.99991465
multigen_music_presence_train_v1,mgm_fake_0223,0.9999374,0.3288005,0.99994195,0.3876339,0.9999429
multigen_music_presence_train_v1,mgm_fake_0224,0.19843704,0.29220042,0.0031476906,0.3133671,0.9979479
multigen_music_presence_train_v1,mgm_fake_0225,0.22373521,0.0453097,0.9430027,0.04695477,0.9970331
multigen_music_presence_train_v1,mgm_fake_0226,0.88267845,0.010428111,0.92727876,0.8311897,0.9998871
multigen_music_presence_train_v1,mgm_fake_0227,0.99362034,0.26643458,0.9953336,0.045531735,0.85071784
multigen_music_presence_train_v1,mgm_fake_0228,0.99005705,0.5796155,0.99724895,0.6904528,0.9999099
multigen_music_presence_train_v1,mgm_fake_0229,0.390253,0.24664567,0.0015121585,0.7618941,0.9998165
multigen_music_presence_train_v1,mgm_fake_0230,0.9993206,0.70195514,0.9996369,0.058343943,0.9877216
multigen_music_presence_train_v1,mgm_fake_0231,0.998095,0.53258455,0.9889864,0.13128991,0.99984753
multigen_music_presence_train_v1,mgm_fake_0232,0.9999877,0.40417007,0.99998724,0.82147765,0.9998752
multigen_music_presence_train_v1,mgm_fake_0233,0.99968433,0.30965796,0.9999465,0.7409129,0.99962604
multigen_music_presence_train_v1,mgm_fake_0234,0.99999,0.5531894,0.9999896,0.32507575,0.99996805
multigen_music_presence_train_v1,mgm_fake_0235,0.9999702,0.18010694,0.9999831,0.25601494,0.9999
multigen_music_presence_train_v1,mgm_fake_0236,0.9999616,0.9211186,0.9999418,0.99967253,0.9999659
multigen_music_presence_train_v1,mgm_fake_0237,0.73348266,0.1714929,0.9658372,0.08874063,0.95261776
multigen_music_presence_train_v1,mgm_fake_0238,0.9997545,0.44126147,0.99991465,0.3856863,0.9996915
multigen_music_presence_train_v1,mgm_fake_0239,0.9999485,0.23661546,0.99995697,0.7823466,0.9999645
multigen_music_presence_train_v1,mgm_real_0000,0.035829373,0.060947258,0.0003598915,0.29598013,0.99823004
multigen_music_presence_train_v1,mgm_real_0001,0.08399146,0.06210469,0.016174871,0.6242654,0.99958354
multigen_music_presence_train_v1,mgm_real_0002,0.018108409,0.009254844,0.0009364835,0.075991794,0.9908846
multigen_music_presence_train_v1,mgm_real_0003,0.20416999,0.35018858,0.00021101961,0.97260225,0.9993135
multigen_music_presence_train_v1,mgm_real_0004,0.37157068,0.58597434,0.002651773,0.9878685,0.9999658
multigen_music_presence_train_v1,mgm_real_0005,0.026942702,0.034321316,0.0011290266,0.5572329,0.99970394
multigen_music_presence_train_v1,mgm_real_0006,0.85141146,0.48849773,0.9623956,0.6003357,0.99960893
multigen_music_presence_train_v1,mgm_real_0007,0.0020644276,0.0038730558,6.7658344e-05,0.053071372,0.8295277
multigen_music_presence_train_v1,mgm_real_0008,0.019867111,0.023272086,0.00034545996,0.7997627,0.9813464
multigen_music_presence_train_v1,mgm_real_0009,0.2478218,0.2519322,0.060133714,0.45242685,0.9998807
multigen_music_presence_train_v1,mgm_real_0010,0.8831608,0.75216395,0.00019304173,0.93479997,0.9999857
multigen_music_presence_train_v1,mgm_real_0011,0.037634585,0.09174496,6.337776e-05,0.7989653,0.9991942
multigen_music_presence_train_v1,mgm_real_0012,0.20513494,0.43853977,3.065246e-05,0.79405034,0.99981457
multigen_music_presence_train_v1,mgm_real_0013,0.10848324,0.17695737,0.003426566,0.38532937,0.99879396
multigen_music_presence_train_v1,mgm_real_0014,0.03908504,0.28990662,4.4358374e-05,0.5645277,0.9925954
multigen_music_presence_train_v1,mgm_real_0015,0.27386466,0.077658765,0.013798129,0.4595576,0.9953035
multigen_music_presence_train_v1,mgm_real_0016,0.93235785,0.84455234,0.011873925,0.5590323,0.99978274
multigen_music_presence_train_v1,mgm_real_0017,0.20658824,0.20234668,0.0028534974,0.2941276,0.99483055
multigen_music_presence_train_v1,mgm_real_0018,0.03240492,0.10835561,0.00010160338,0.96465546,0.9999528
multigen_music_presence_train_v1,mgm_real_0019,0.88218117,0.94793314,0.00023936668,0.99020034,0.9999192
multigen_music_presence_train_v1,mgm_real_0020,0.86227626,0.66982687,0.63906556,0.9033156,0.9994862
multigen_music_presence_train_v1,mgm_real_0021,0.9968207,0.99969876,0.042967923,0.9922105,0.9998894
multigen_music_presence_train_v1,mgm_real_0022,0.9986645,0.98132265,0.98727465,0.9301235,0.99999
multigen_music_presence_train_v1,mgm_real_0023,0.16972363,0.6404557,0.00012483072,0.6992458,0.99924767
multigen_music_presence_train_v1,mgm_real_0024,0.13894807,0.15854609,0.00037153735,0.89905137,0.9979418
multigen_music_presence_train_v1,mgm_real_0025,0.98199224,0.3078726,0.66508484,0.7923661,0.99855894
multigen_music_presence_train_v1,mgm_real_0026,0.41009864,0.33036062,0.032808166,0.37679708,0.98864424
multigen_music_presence_train_v1,mgm_real_0027,0.32426807,0.05908264,0.00877642,0.5572627,0.9998042
multigen_music_presence_train_v1,mgm_real_0028,0.025614629,0.015989982,0.0006305724,0.7482358,0.9989053
multigen_music_presence_train_v1,mgm_real_0029,0.9556561,0.8776469,0.002532689,0.79507387,0.9997991
multigen_music_presence_train_v1,mgm_real_0030,0.79277337,0.061111026,0.79221916,0.9641206,0.99999
multigen_music_presence_train_v1,mgm_real_0031,0.116513625,0.2959345,0.1606322,0.6941249,0.99972695
multigen_music_presence_train_v1,mgm_real_0032,0.12692839,0.23784776,0.0007395997,0.65951806,0.99989295
multigen_music_presence_train_v1,mgm_real_0033,0.20861198,0.50502414,0.00017383264,0.70237917,0.9996854
multigen_music_presence_train_v1,mgm_real_0034,0.040095747,0.12517768,0.00019755952,0.323332,0.99777454
multigen_music_presence_train_v1,mgm_real_0035,0.26941773,0.031187326,0.026307901,0.83099955,0.9997718
multigen_music_presence_train_v1,mgm_real_0036,0.00887382,0.018733913,0.00017807355,0.7318229,0.9994086
multigen_music_presence_train_v1,mgm_real_0037,0.003187037,0.0054058568,9.4190524e-05,0.9073309,0.9998704
multigen_music_presence_train_v1,mgm_real_0038,0.08009112,0.15084773,0.0003132737,0.8562788,0.99996305
multigen_music_presence_train_v1,mgm_real_0039,0.054280516,0.04396659,0.0066434406,0.5058065,0.9999515
multigen_music_presence_train_v1,mgm_real_0040,0.07421817,0.00817385,0.079708084,0.51364577,0.9998752
multigen_music_presence_train_v1,mgm_real_0041,0.12052455,0.27030304,2.9154364e-05,0.083074495,0.78475523
multigen_music_presence_train_v1,mgm_real_0042,0.17408322,0.14221191,0.012993091,0.85257584,0.9999652
multigen_music_presence_train_v1,mgm_real_0043,0.09291827,0.19460413,0.00014594967,0.9331797,0.9996575
multigen_music_presence_train_v1,mgm_real_0044,0.06337989,0.072243415,0.0031328027,0.8389767,0.9999269
multigen_music_presence_train_v1,mgm_real_0045,0.1123231,0.12471397,0.0005432203,0.51345474,0.9997495
multigen_music_presence_train_v1,mgm_real_0046,0.016356485,0.07303669,0.001703941,0.8432801,0.9992543
multigen_music_presence_train_v1,mgm_real_0047,0.039459784,0.016012032,0.019545667,0.14025067,0.99973327
multigen_music_presence_train_v1,mgm_real_0048,0.050876215,0.12802747,2.9035553e-05,0.49325094,0.99743724
multigen_music_presence_train_v1,mgm_real_0049,0.12153756,0.029720508,0.0019587146,0.9852911,0.9986243
multigen_music_presence_train_v1,mgm_real_0050,0.09822856,0.11174848,0.051004622,0.23164028,0.99989235
multigen_music_presence_train_v1,mgm_real_0051,0.007924764,0.0056748,0.0009970227,0.23671941,0.9782098
multigen_music_presence_train_v1,mgm_real_0052,0.04613236,0.09926964,0.00028677617,0.38896275,0.99951565
multigen_music_presence_train_v1,mgm_real_0053,0.5208131,0.04739045,0.8569319,0.9835791,0.9999733
multigen_music_presence_train_v1,mgm_real_0054,0.59005606,0.51668584,0.0074612405,0.9974934,0.9999335
multigen_music_presence_train_v1,mgm_real_0055,0.003133145,0.016276332,0.00012250169,0.7371288,0.99883145
multigen_music_presence_train_v1,mgm_real_0056,0.01424798,0.030723108,0.00017550577,0.69868034,0.9972223
multigen_music_presence_train_v1,mgm_real_0057,0.17255169,0.2722766,0.0208259,0.23687886,0.99930394
multigen_music_presence_train_v1,mgm_real_0058,0.36188886,0.30106384,0.043080457,0.8677858,0.99838567
multigen_music_presence_train_v1,mgm_real_0059,0.9953048,0.9879581,0.14570946,0.98966646,0.99996555
multigen_music_presence_train_v1,mgm_real_0060,0.5200691,0.45616192,0.00029930714,0.6954069,0.99969435
multigen_music_presence_train_v1,mgm_real_0061,0.6377808,0.5369373,0.007689285,0.7872408,0.99992
multigen_music_presence_train_v1,mgm_real_0062,0.30809277,0.016698243,0.16868834,0.6339362,0.99913627
multigen_music_presence_train_v1,mgm_real_0063,0.0070926896,0.013581856,4.8558188e-05,0.6884327,0.99771297
multigen_music_presence_train_v1,mgm_real_0064,0.03402609,0.123509146,0.00042994763,0.9364605,0.9999715
multigen_music_presence_train_v1,mgm_real_0066,0.7643151,0.6092598,0.13635841,0.9795248,0.99997365
multigen_music_presence_train_v1,mgm_real_0067,0.03862406,0.08210407,0.0005174515,0.3811069,0.9954456
multigen_music_presence_train_v1,mgm_real_0068,0.01513977,0.0062129134,0.007852054,0.05315425,0.99702924
multigen_music_presence_train_v1,mgm_real_0069,0.10464523,0.059482113,0.0046444773,0.05268042,0.9996326
multigen_music_presence_train_v1,mgm_real_0070,0.7230492,0.41471967,0.6487646,0.9836918,0.9996915
multigen_music_presence_train_v1,mgm_real_0071,0.14449538,0.34154263,0.00059652125,0.919227,0.99993265
multigen_music_presence_train_v1,mgm_real_0072,0.27305344,0.17963237,0.056364436,0.16000183,0.9993988
multigen_music_presence_train_v1,mgm_real_0073,0.86504126,0.83668417,0.0006634077,0.92933035,0.9997781
multigen_music_presence_train_v1,mgm_real_0074,0.0014837465,0.0063949167,1.8912555e-05,0.44390458,0.99673694
multigen_music_presence_train_v1,mgm_real_0075,0.061268296,0.16803555,0.00052462536,0.13595116,0.9680473
multigen_music_presence_train_v1,mgm_real_0076,0.00470871,0.004228603,0.0003667832,0.55899704,0.99918586
multigen_music_presence_train_v1,mgm_real_0077,0.08928818,0.56524485,6.698204e-05,0.53185135,0.9968958
multigen_music_presence_train_v1,mgm_real_0078,0.006320393,0.01938134,2.847066e-05,0.4211941,0.988997
multigen_music_presence_train_v1,mgm_real_0079,0.10787192,0.039503094,0.0025661734,0.87123275,0.9999325
multigen_music_presence_train_v1,mgm_real_0080,0.059954897,0.15996853,9.356309e-05,0.635812,0.99948835
multigen_music_presence_train_v1,mgm_real_0081,0.39017427,0.5496668,0.00010707599,0.39439484,0.998966
multigen_music_presence_train_v1,mgm_real_0082,0.07878933,0.018417042,0.00030834042,0.92084765,0.9996475
multigen_music_presence_train_v1,mgm_real_0083,0.017983716,0.049979534,0.00016525979,0.92263037,0.9999316
multigen_music_presence_train_v1,mgm_real_0085,0.728559,0.28272057,0.5386119,0.87772983,0.9999753
multigen_music_presence_train_v1,mgm_real_0086,0.070315726,0.17655757,4.7184534e-05,0.96818984,0.99998283
multigen_music_presence_train_v1,mgm_real_0087,0.22568426,0.09399585,0.0042566885,0.43577203,0.98911244
multigen_music_presence_train_v1,mgm_real_0088,0.009785886,0.05156747,1.8664896e-05,0.13079248,0.9539022
multigen_music_presence_train_v1,mgm_real_0089,0.13770188,0.413715,0.00018313227,0.8902192,0.99966455
multigen_music_presence_train_v1,mgm_real_0090,0.023853526,0.005069463,0.005579544,0.58643883,0.9985806
multigen_music_presence_train_v1,mgm_real_0091,0.40906447,0.50778615,0.018353326,0.76065826,0.99956614
multigen_music_presence_train_v1,mgm_real_0092,0.010212288,0.009139092,9.941934e-05,0.6270248,0.99974054
multigen_music_presence_train_v1,mgm_real_0093,0.27254784,0.15966459,0.16898476,0.9213306,0.9999546
multigen_music_presence_train_v1,mgm_real_0094,0.33622044,0.41888413,0.0095442785,0.7812338,0.9998934
multigen_music_presence_train_v1,mgm_real_0095,0.050066296,0.040806625,0.0027595824,0.34152165,0.9996824
multigen_music_presence_train_v1,mgm_real_0096,0.47128707,0.33359298,0.085036844,0.85330206,0.99991155
multigen_music_presence_train_v1,mgm_real_0097,0.21023718,0.17804427,0.1100158,0.84745055,0.9998869
multigen_music_presence_train_v1,mgm_real_0098,0.13644251,0.27005067,0.00023854717,0.1493341,0.9938146
multigen_music_presence_train_v1,mgm_real_0099,0.028769461,0.06423688,0.00042994454,0.17672297,0.96278876
multigen_music_presence_train_v1,mgm_real_0100,0.9487379,0.9575681,0.03612347,0.79389834,0.99990284
multigen_music_presence_train_v1,mgm_real_0101,0.036273725,0.17214984,2.2651e-05,0.47337472,0.99709034
multigen_music_presence_train_v1,mgm_real_0102,0.024543753,0.17208913,0.00015692279,0.8045233,0.99888843
multigen_music_presence_train_v1,mgm_real_0103,0.08541525,0.3375108,5.7900685e-05,0.13560654,0.9958205
multigen_music_presence_train_v1,mgm_real_0104,0.39256904,0.38400745,0.48442397,0.19667788,0.9800045
multigen_music_presence_train_v1,mgm_real_0105,0.92317057,0.9694835,0.0009633574,0.23911534,0.9981488
multigen_music_presence_train_v1,mgm_real_0106,0.96347445,0.98565245,0.005087299,0.42964873,0.95161813
multigen_music_presence_train_v1,mgm_real_0107,0.39183694,0.36497524,0.00012561043,0.8857245,0.99977607
multigen_music_presence_train_v1,mgm_real_0108,0.39136222,0.014504731,0.61186403,0.8673623,0.99999
multigen_music_presence_train_v1,mgm_real_0109,0.15772088,0.13858558,0.019684054,0.60513043,0.9996687
multigen_music_presence_train_v1,mgm_real_0110,0.63376474,0.7651547,0.00060305663,0.88210726,0.9946773
multigen_music_presence_train_v1,mgm_real_0111,0.11485002,0.36002603,0.00015156073,0.9102797,0.9997665
multigen_music_presence_train_v1,mgm_real_0112,0.034766536,0.08201721,0.0025987802,0.30766082,0.9971873
multigen_music_presence_train_v1,mgm_real_0113,0.6516095,0.64820725,0.0036989704,0.99683964,0.99997807
multigen_music_presence_train_v1,mgm_real_0114,0.99309397,0.51146173,0.99632543,0.9596454,0.99999
multigen_music_presence_train_v1,mgm_real_0115,0.014753324,0.024605146,0.00034575223,0.732031,0.99458015
multigen_music_presence_train_v1,mgm_real_0116,0.21515253,0.36812368,0.0004694515,0.5781124,0.9999417
multigen_music_presence_train_v1,mgm_real_0117,0.004459535,0.009770991,2.20242e-05,0.4211486,0.9995989
multigen_music_presence_train_v1,mgm_real_0118,0.1762634,0.3194137,0.0016623938,0.72159463,0.997969
multigen_music_presence_train_v1,mgm_real_0119,0.05923719,0.12657264,0.002315395,0.16559781,0.98855585
multigen_music_presence_train_v1,mgm_real_0120,0.43277895,0.46912867,5.6179666e-05,0.7234539,0.9917671
multigen_music_presence_train_v1,mgm_real_0121,0.39171532,0.13740449,0.5413936,0.66284895,0.99999
multigen_music_presence_train_v1,mgm_real_0122,0.99602354,0.9964964,0.94500446,0.7492862,0.9999374
multigen_music_presence_train_v1,mgm_real_0123,0.108997695,0.04140184,0.10218299,0.6457002,0.9986405
multigen_music_presence_train_v1,mgm_real_0125,0.18133108,0.17750148,0.00027818,0.33871016,0.9997341
multigen_music_presence_train_v1,mgm_real_0126,0.13723339,0.0049234005,0.020747613,0.96658564,0.9999827
multigen_music_presence_train_v1,mgm_real_0127,0.5818427,0.69251066,0.00058977434,0.9467922,0.9998976
multigen_music_presence_train_v1,mgm_real_0128,0.19144754,0.14016347,0.011876936,0.8698865,0.9531443
multigen_music_presence_train_v1,mgm_real_0129,0.00955838,0.030254342,9.297963e-05,0.24862489,0.98783714
multigen_music_presence_train_v1,mgm_real_0130,0.2746433,0.32044908,1.3744454e-05,0.84367037,0.9988782
multigen_music_presence_train_v1,mgm_real_0131,0.18432261,0.08566938,0.34679398,0.25706792,0.9933108
multigen_music_presence_train_v1,mgm_real_0132,0.40824443,0.022804804,0.18673979,0.48784512,0.99871504
multigen_music_presence_train_v1,mgm_real_0133,0.9107215,0.35643834,0.98453474,0.7594634,0.9998946
multigen_music_presence_train_v1,mgm_real_0134,0.99997103,0.98558366,0.9999584,0.9544925,0.99999
multigen_music_presence_train_v1,mgm_real_0135,0.3494903,0.17609549,0.040844876,0.891421,0.999673
multigen_music_presence_train_v1,mgm_real_0136,0.06897782,0.06033456,0.0011196507,0.68854916,0.99908197
multigen_music_presence_train_v1,mgm_real_0137,0.6074574,0.86613333,0.00019627882,0.45396242,0.98895043
multigen_music_presence_train_v1,mgm_real_0138,0.05633197,0.13368616,0.0009030281,0.57862043,0.9975914
multigen_music_presence_train_v1,mgm_real_0139,0.7165698,0.33386138,0.7677572,0.98905736,0.99999
multigen_music_presence_train_v1,mgm_real_0140,0.9905661,0.9364376,0.9968464,0.6194525,0.99995077
multigen_music_presence_train_v1,mgm_real_0141,0.99865675,0.152641,0.999936,0.3365903,0.99970216
multigen_music_presence_train_v1,mgm_real_0142,0.009809881,0.011741202,0.00010442591,0.44198844,0.998684
multigen_music_presence_train_v1,mgm_real_0143,0.99990094,0.9194614,0.99996257,0.25845677,0.99999
multigen_music_presence_train_v1,mgm_real_0144,0.7692921,0.09675762,0.8243813,0.27009207,0.9994344
multigen_music_presence_train_v1,mgm_real_0145,0.37812304,0.19805838,0.24576516,0.122212,0.9946378
multigen_music_presence_train_v1,mgm_real_0146,0.94152135,0.94845766,0.0005323143,0.80240405,0.9980678
multigen_music_presence_train_v1,mgm_real_0147,0.85289353,0.7586925,0.0007755484,0.9960998,0.9999782
multigen_music_presence_train_v1,mgm_real_0148,0.022748902,0.021184217,0.00609758,0.5826532,0.99887186
multigen_music_presence_train_v1,mgm_real_0149,0.08685096,0.18682298,0.022796692,0.17907618,0.9997887
multigen_music_presence_train_v1,mgm_real_0150,0.82271194,0.013850486,0.73772216,0.7403823,0.9999709
multigen_music_presence_train_v1,mgm_real_0151,0.06584363,0.22090396,0.00018033192,0.929366,0.9999188
multigen_music_presence_train_v1,mgm_real_0152,0.81866467,0.4767605,9.007109e-05,0.8179355,0.99996996
multigen_music_presence_train_v1,mgm_real_0153,0.99985814,0.10680627,0.99992347,0.58895147,0.9998671
multigen_music_presence_train_v1,mgm_real_0154,0.7394236,0.14752649,0.28480506,0.2884041,0.9996687
multigen_music_presence_train_v1,mgm_real_0155,0.0032748233,0.0141675705,5.93861e-05,0.6550494,0.99865997
multigen_music_presence_train_v1,mgm_real_0156,0.20381798,0.29978746,0.00012540517,0.8322758,0.9998541
multigen_music_presence_train_v1,mgm_real_0157,0.048287608,0.06705184,8.21555e-05,0.14683099,0.99888796
multigen_music_presence_train_v1,mgm_real_0158,0.96929866,0.053366628,0.9993932,0.44241747,0.9998723
multigen_music_presence_train_v1,mgm_real_0159,0.8078853,0.042149104,0.7480335,0.47862962,0.999589
multigen_music_presence_train_v1,mgm_real_0160,0.079502694,0.1736158,0.0032370032,0.16278751,0.9994338
multigen_music_presence_train_v1,mgm_real_0161,0.90677696,0.9010287,0.02558822,0.015335308,0.9675108
multigen_music_presence_train_v1,mgm_real_0162,0.26469696,0.1920615,0.00041412082,0.9129191,0.9999298
multigen_music_presence_train_v1,mgm_real_0163,0.30457905,0.4718996,0.0068751797,0.98910785,0.9995254
multigen_music_presence_train_v1,mgm_real_0164,0.090286165,0.19597861,0.0022077889,0.5315692,0.9995059
multigen_music_presence_train_v1,mgm_real_0165,0.99739325,0.98532563,0.9964347,0.99485034,0.99999
multigen_music_presence_train_v1,mgm_real_0166,0.02131649,0.039715193,5.0220962e-05,0.9964759,0.9999229
multigen_music_presence_train_v1,mgm_real_0167,0.78664297,0.8582422,0.0031571786,0.9809476,0.99988556
multigen_music_presence_train_v1,mgm_real_0168,0.035270292,0.10230436,2.8900413e-05,0.4994014,0.98898345
multigen_music_presence_train_v1,mgm_real_0169,0.7972342,0.33653533,0.46680322,0.72471863,0.99999
multigen_music_presence_train_v1,mgm_real_0170,0.16098933,0.46319664,0.00030088617,0.65032595,0.9996543
multigen_music_presence_train_v1,mgm_real_0171,0.9999497,0.87212586,0.9999417,0.09037866,0.98158044
multigen_music_presence_train_v1,mgm_real_0172,0.8665542,0.9291029,0.00027968944,0.08760263,0.9623492
multigen_music_presence_train_v1,mgm_real_0173,0.9776676,0.87864554,0.99039453,0.9788932,0.9999833
multigen_music_presence_train_v1,mgm_real_0174,0.51912266,0.13238287,0.018526308,0.78539914,0.9998517
multigen_music_presence_train_v1,mgm_real_0175,0.16328481,0.14842859,5.97398e-05,0.7727873,0.9998312
multigen_music_presence_train_v1,mgm_real_0176,0.51762795,0.80345094,0.000103124345,0.91654736,0.99973446
multigen_music_presence_train_v1,mgm_real_0177,0.033498757,0.02165371,0.0017730884,0.72128224,0.99953175
multigen_music_presence_train_v1,mgm_real_0178,0.12978737,0.10671166,0.005080779,0.9597726,0.99992967
multigen_music_presence_train_v1,mgm_real_0179,0.1462885,0.33621162,0.00164354,0.77985466,0.99966156
multigen_music_presence_train_v1,mgm_real_0180,0.03402073,0.054318283,0.00041880226,0.08252203,0.9974137
multigen_music_presence_train_v1,mgm_real_0181,0.059039805,0.017528681,0.035108887,0.30334654,0.9953082
multigen_music_presence_train_v1,mgm_real_0183,0.03476462,0.0995411,0.00019365361,0.79281473,0.9993936
multigen_music_presence_train_v1,mgm_real_0184,0.17677039,0.17105694,0.0001368427,0.70097077,0.99919254
multigen_music_presence_train_v1,mgm_real_0185,0.004622907,0.009244985,4.8835795e-05,0.83071136,0.9998535
multigen_music_presence_train_v1,mgm_real_0187,0.015138319,0.019880403,9.802927e-05,0.45925596,0.9978777
multigen_music_presence_train_v1,mgm_real_0188,0.9984156,0.16124886,0.99994206,0.13155405,0.99965334
multigen_music_presence_train_v1,mgm_real_0189,0.48072842,0.55985636,0.10915429,0.07429063,0.9980628
multigen_music_presence_train_v1,mgm_real_0190,0.52845997,0.5277799,0.31065148,0.9727798,0.99993396
multigen_music_presence_train_v1,mgm_real_0191,0.49287626,0.6923459,0.0012861259,0.9376391,0.9998055
multigen_music_presence_train_v1,mgm_real_0192,0.076948166,0.07008884,3.268643e-05,0.8601352,0.9998864
multigen_music_presence_train_v1,mgm_real_0193,0.18159558,0.35072848,0.0023740705,0.07900839,0.9295838
multigen_music_presence_train_v1,mgm_real_0194,0.014640509,0.061405353,2.8642608e-05,0.74912983,0.9815787
multigen_music_presence_train_v1,mgm_real_0195,0.896837,0.01370209,0.9251664,0.4612514,0.999858
multigen_music_presence_train_v1,mgm_real_0196,0.13141382,0.13781269,5.268296e-05,0.6929368,0.9971111
multigen_music_presence_train_v1,mgm_real_0197,0.84459805,0.30926833,0.8218749,0.8181274,0.999969
multigen_music_presence_train_v1,mgm_real_0198,0.12357468,0.23920275,0.00048726873,0.9593546,0.9997814
multigen_music_presence_train_v1,mgm_real_0199,0.9476018,0.34155875,0.9960562,0.83345896,0.99997854
multigen_music_presence_train_v1,mgm_real_0200,0.08162187,0.05861519,0.006241283,0.4678481,0.9988067
multigen_music_presence_train_v1,mgm_real_0201,0.15739055,0.24035174,0.00022021377,0.9369364,0.9999567
multigen_music_presence_train_v1,mgm_real_0202,0.03326951,0.14767326,2.3325916e-05,0.99667454,0.99997663
multigen_music_presence_train_v1,mgm_real_0203,0.45178312,0.5694498,0.0003301817,0.94484437,0.9999367
multigen_music_presence_train_v1,mgm_real_0204,0.15062006,0.3032866,0.00014858409,0.26594412,0.99955314
multigen_music_presence_train_v1,mgm_real_0205,0.21268238,0.42451128,4.8973794e-05,0.79449743,0.9996592
multigen_music_presence_train_v1,mgm_real_0206,0.996009,0.15945718,0.9999641,0.06990669,0.99982506
multigen_music_presence_train_v1,mgm_real_0207,0.84559816,0.9474596,8.819352e-05,0.3214792,0.99724495
multigen_music_presence_train_v1,mgm_real_0208,0.20905188,0.29468006,0.00052435964,0.6132981,0.99934834
multigen_music_presence_train_v1,mgm_real_0209,0.99249625,0.24173002,0.99971,0.9235893,0.99999
multigen_music_presence_train_v1,mgm_real_0210,0.9998221,0.36621746,0.9999118,0.81053144,0.999959
multigen_music_presence_train_v1,mgm_real_0211,0.7931595,0.62764704,0.00282424,0.72478795,0.9999505
multigen_music_presence_train_v1,mgm_real_0212,0.08596132,0.25698656,0.00026995924,0.2604019,0.9942966
multigen_music_presence_train_v1,mgm_real_0213,0.0063443966,0.013641826,3.5475812e-05,0.78369164,0.9983791
multigen_music_presence_train_v1,mgm_real_0214,0.99176395,0.30098206,0.9978775,0.098366864,0.9970372
multigen_music_presence_train_v1,mgm_real_0215,0.9989513,0.29616436,0.9987803,0.761327,0.9998042
multigen_music_presence_train_v1,mgm_real_0216,0.48625767,0.1824856,0.3409641,0.73756677,0.9999416
multigen_music_presence_train_v1,mgm_real_0217,0.282672,0.7420162,0.0012672263,0.91072935,0.9988852
multigen_music_presence_train_v1,mgm_real_0218,0.13154608,0.0127957165,0.054385435,0.8654416,0.99999
multigen_music_presence_train_v1,mgm_real_0219,0.026833652,0.01726973,0.00525551,0.9004423,0.9884886
multigen_music_presence_train_v1,mgm_real_0220,0.02517711,0.08814209,3.364046e-05,0.59183955,0.9850214
multigen_music_presence_train_v1,mgm_real_0221,0.043533523,0.12368395,8.132056e-05,0.24041629,0.9901966
multigen_music_presence_train_v1,mgm_real_0222,0.01679615,0.042132676,3.0797557e-05,0.33101827,0.97967416
multigen_music_presence_train_v1,mgm_real_0223,0.8145592,0.3729673,0.08830376,0.96577704,0.9999881
multigen_music_presence_train_v1,mgm_real_0224,0.9873596,0.97244906,0.0040504485,0.9561997,0.9998597
multigen_music_presence_train_v1,mgm_real_0225,0.09240654,0.2928538,2.204599e-05,0.5859576,0.9996495
multigen_music_presence_train_v1,mgm_real_0226,0.89906555,0.84674346,0.0017842962,0.96431744,0.9998467
multigen_music_presence_train_v1,mgm_real_0227,0.042417508,0.07889064,0.00011817225,0.055181187,0.98290455
multigen_music_presence_train_v1,mgm_real_0228,0.024917036,0.038350824,0.0001730334,0.9677512,0.99990237
multigen_music_presence_train_v1,mgm_real_0229,0.057316743,0.14088343,0.00029296198,0.38762575,0.99835324
multigen_music_presence_train_v1,mgm_real_0230,0.66619253,0.5752505,0.002708656,0.8878948,0.99996924
multigen_music_presence_train_v1,mgm_real_0231,0.19504708,0.21197674,6.5853026e-05,0.28613603,0.9849068
multigen_music_presence_train_v1,mgm_real_0232,0.059295002,0.08139794,5.653151e-05,0.8104521,0.9992537
multigen_music_presence_train_v1,mgm_real_0233,0.050085597,0.16960546,5.3236887e-05,0.074047744,0.78375226
multigen_music_presence_train_v1,mgm_real_0235,0.043559518,0.0031552375,0.10260512,0.28961974,0.9897238
multigen_music_presence_train_v1,mgm_real_0236,0.40536729,0.42934328,0.00027501548,0.9942015,0.9998104
multigen_music_presence_train_v1,mgm_real_0237,0.82509214,0.8844386,6.040119e-05,0.61940867,0.98899883
multigen_music_presence_train_v1,mgm_real_0238,0.5683062,0.10824102,0.84850353,0.058242828,0.99222434
multigen_music_presence_train_v1,mgm_real_0239,0.5371616,0.18710546,0.7370461,0.7843644,0.9997185
phone_presence_factorial_train_v1,phone_presence_train_0000,0.87250656,0.12598118,0.58376026,0.36900243,0.99994826
phone_presence_factorial_train_v1,phone_presence_train_0001,0.4309991,0.34477696,0.073088,0.60859823,0.99911755
phone_presence_factorial_train_v1,phone_presence_train_0002,0.99824655,0.020079669,0.99850357,0.46862537,0.99989235
phone_presence_factorial_train_v1,phone_presence_train_0003,0.010167699,0.00200297,0.0047226436,0.068908446,0.9952683
phone_presence_factorial_train_v1,phone_presence_train_0004,0.9422333,0.006092865,0.8544871,0.63000786,0.99983287
phone_presence_factorial_train_v1,phone_presence_train_0005,0.98052603,0.39811423,0.90235674,0.659188,0.99985826
phone_presence_factorial_train_v1,phone_presence_train_0006,0.15247208,0.20772682,8.628742e-05,0.47088853,0.999972
phone_presence_factorial_train_v1,phone_presence_train_0007,0.112053804,0.005122028,0.8087334,0.041703716,0.94359875
phone_presence_factorial_train_v1,phone_presence_train_0008,0.2824381,0.33199024,9.58489e-05,0.5013802,0.99982315
phone_presence_factorial_train_v1,phone_presence_train_0009,0.5487204,0.60221535,0.00054485427,0.7849695,0.99955434
phone_presence_factorial_train_v1,phone_presence_train_0010,0.48854676,0.33224168,0.0018882477,0.42236024,0.9971662
phone_presence_factorial_train_v1,phone_presence_train_0011,0.7731896,0.82868695,0.019662842,0.83668995,0.9998938
phone_presence_factorial_train_v1,phone_presence_train_0012,0.011311951,0.013300932,0.0020121098,0.3123198,0.9952533
phone_presence_factorial_train_v1,phone_presence_train_0013,0.62841576,0.5084774,5.256498e-05,0.98924875,0.99997723
phone_presence_factorial_train_v1,phone_presence_train_0014,0.01848954,0.025008552,0.00073837256,0.36161053,0.99895394
phone_presence_factorial_train_v1,phone_presence_train_0015,0.05254047,0.14366621,0.002920231,0.18375996,0.9985257
phone_presence_factorial_train_v1,phone_presence_train_0016,0.85246694,0.45599708,0.7732477,0.7127581,0.99998116
phone_presence_factorial_train_v1,phone_presence_train_0017,0.23256813,0.1796924,0.008494338,0.93627226,0.9999106
phone_presence_factorial_train_v1,phone_presence_train_0018,0.62948614,0.5853208,0.03961661,0.68344593,0.99686664
phone_presence_factorial_train_v1,phone_presence_train_0019,0.09520215,0.1343423,0.0003011192,0.80162483,0.9995166
phone_presence_factorial_train_v1,phone_presence_train_0020,0.6859318,0.04142237,0.14676875,0.31387773,0.99861085
phone_presence_factorial_train_v1,phone_presence_train_0021,0.33167854,0.44504115,5.9694008e-05,0.7840383,0.99965537
phone_presence_factorial_train_v1,phone_presence_train_0022,0.124435365,0.05078195,0.038013473,0.03783229,0.9479349
phone_presence_factorial_train_v1,phone_presence_train_0023,0.20033202,0.33926934,0.0005349896,0.24908817,0.97967786
phone_presence_factorial_train_v1,phone_presence_train_0024,0.535338,0.38204077,0.060104642,0.3985678,0.9984743
phone_presence_factorial_train_v1,phone_presence_train_0025,0.94945943,0.11469727,0.92759734,0.108227834,0.9890984
phone_presence_factorial_train_v1,phone_presence_train_0026,0.9869262,0.18975382,0.96633977,0.637384,0.99985015
phone_presence_factorial_train_v1,phone_presence_train_0027,0.812167,0.6787345,0.20063181,0.3996204,0.9187692
phone_presence_factorial_train_v1,phone_presence_train_0028,0.71588457,0.010451604,0.8391822,0.3558203,0.99991107
phone_presence_factorial_train_v1,phone_presence_train_0029,0.7420074,0.11437529,0.1339833,0.87451404,0.99985707
phone_presence_factorial_train_v1,phone_presence_train_0030,0.032709677,0.13521098,0.0060016266,0.49434665,0.9995895
phone_presence_factorial_train_v1,phone_presence_train_0031,0.012726363,0.05378825,2.2608572e-05,0.68615556,0.99199355
phone_presence_factorial_train_v1,phone_presence_train_0032,0.018835135,0.07243307,3.739389e-05,0.66937417,0.9980482
phone_presence_factorial_train_v1,phone_presence_train_0033,0.2731455,0.15264934,0.0011500295,0.39055756,0.99932516
phone_presence_factorial_train_v1,phone_presence_train_0034,0.9479377,0.6739498,0.01120481,0.9473669,0.99996364
phone_presence_factorial_train_v1,phone_presence_train_0035,0.013339825,0.04988256,1.1770446e-05,0.3693165,0.9983615
phone_presence_factorial_train_v1,phone_presence_train_0036,0.014401823,0.028021518,0.00014118999,0.3862369,0.97487307
phone_presence_factorial_train_v1,phone_presence_train_0037,0.9911902,0.25761506,0.93375695,0.85395575,0.9995491
phone_presence_factorial_train_v1,phone_presence_train_0038,0.46656275,0.62998295,0.0034372706,0.2622791,0.9704442
phone_presence_factorial_train_v1,phone_presence_train_0039,0.046939902,0.07806792,0.00012763072,0.30331406,0.99655724
phone_presence_factorial_train_v1,phone_presence_train_0040,0.18166864,0.47649735,0.00011789402,0.31618506,0.9902542
phone_presence_factorial_train_v1,phone_presence_train_0041,0.93633306,0.53260064,0.9810449,0.5549909,0.9994937
phone_presence_factorial_train_v1,phone_presence_train_0042,0.04500594,0.041179087,0.001336551,0.10241424,0.9976743
phone_presence_factorial_train_v1,phone_presence_train_0043,0.05299868,0.14926516,0.0001097283,0.45053372,0.95669806
phone_presence_factorial_train_v1,phone_presence_train_0044,0.3188775,0.1919468,2.5340501e-05,0.9913449,0.99991286
phone_presence_factorial_train_v1,phone_presence_train_0045,0.07950575,0.09815379,1.5604464e-05,0.12067825,0.8918452
phone_presence_factorial_train_v1,phone_presence_train_0046,0.76138693,0.0060276315,0.923987,0.32792255,0.99721515
phone_presence_factorial_train_v1,phone_presence_train_0047,0.5291926,0.12335936,0.97206885,0.85788053,0.99999
phone_presence_factorial_train_v1,phone_presence_train_0048,0.0014563008,0.0075126966,9.999999e-06,0.97123003,0.99993896
phone_presence_factorial_train_v1,phone_presence_train_0049,0.0024640523,0.010898488,2.1710686e-05,0.36668092,0.9986645
phone_presence_factorial_train_v1,phone_presence_train_0050,0.21556862,0.17579967,0.009506227,0.73591506,0.99337363
phone_presence_factorial_train_v1,phone_presence_train_0051,0.82953376,0.06393438,0.7160719,0.3325391,0.9993461
phone_presence_factorial_train_v1,phone_presence_train_0052,0.13932595,0.1318025,0.0015090666,0.35419986,0.9981364
phone_presence_factorial_train_v1,phone_presence_train_0053,0.74038124,0.7846755,0.00993473,0.8622402,0.9907307
phone_presence_factorial_train_v1,phone_presence_train_0054,0.005063538,0.012527071,0.00014280502,0.60961175,0.99935406
phone_presence_factorial_train_v1,phone_presence_train_0055,0.8917072,0.33347312,0.6491381,0.71609867,0.99986804
phone_presence_factorial_train_v1,phone_presence_train_0056,0.69301397,0.095533684,0.85358113,0.92479485,0.99994516
phone_presence_factorial_train_v1,phone_presence_train_0057,0.9897731,0.06551713,0.9592154,0.07481619,0.994093
phone_presence_factorial_train_v1,phone_presence_train_0058,0.007712408,0.014886309,0.00027475314,0.95832163,0.9998821
phone_presence_factorial_train_v1,phone_presence_train_0059,0.31815606,0.28982443,0.0024902213,0.8528079,0.9995696
phone_presence_factorial_train_v1,phone_presence_train_0060,0.2760859,0.187878,0.08352191,0.024657905,0.6729631
phone_presence_factorial_train_v1,phone_presence_train_0061,0.0050558327,0.016200447,1.9649733e-05,0.7890179,0.9997855
phone_presence_factorial_train_v1,phone_presence_train_0062,0.36787271,0.31423303,0.0013718395,0.9239818,0.9976966
phone_presence_factorial_train_v1,phone_presence_train_0063,0.2781813,0.24822506,0.00049374497,0.67147565,0.98758847
phone_presence_factorial_train_v1,phone_presence_train_0064,0.15941142,0.015417001,0.019517737,0.21843454,0.9975383
phone_presence_factorial_train_v1,phone_presence_train_0065,0.6125003,0.21735586,0.07833202,0.6512075,0.9991279
phone_presence_factorial_train_v1,phone_presence_train_0066,0.02325194,0.06406253,1.7660905e-05,0.721718,0.99870014
phone_presence_factorial_train_v1,phone_presence_train_0067,0.8408144,0.06134236,0.877513,0.6370037,0.999848
phone_presence_factorial_train_v1,phone_presence_train_0068,0.05553777,0.01395344,0.029764522,0.15241534,0.997251
phone_presence_factorial_train_v1,phone_presence_train_0069,0.6545929,0.6159973,7.593568e-05,0.88159174,0.9995946
phone_presence_factorial_train_v1,phone_presence_train_0070,0.24952671,0.13633245,0.66560376,0.12680516,0.9919131
phone_presence_factorial_train_v1,phone_presence_train_0071,0.7947102,0.79775065,0.0031811118,0.3037762,0.9490009
phone_presence_factorial_train_v1,phone_presence_train_0072,0.9999757,0.13122709,0.99999,0.3070947,0.99990666
phone_presence_factorial_train_v1,phone_presence_train_0073,0.65716064,0.72477657,0.00060997665,0.82849663,0.9994642
phone_presence_factorial_train_v1,phone_presence_train_0074,0.23611341,0.11544644,0.019599155,0.45571652,0.99970514
phone_presence_factorial_train_v1,phone_presence_train_0075,0.14265114,0.18101501,0.036088992,0.32261917,0.99417007
phone_presence_factorial_train_v1,phone_presence_train_0076,0.78023684,0.71897215,0.09921907,0.22192155,0.87083524
phone_presence_factorial_train_v1,phone_presence_train_0077,0.70463645,0.024147872,0.7539942,0.12370327,0.9978254
phone_presence_factorial_train_v1,phone_presence_train_0078,0.9573075,0.84377587,0.76654655,0.22174965,0.9954419
phone_presence_factorial_train_v1,phone_presence_train_0079,0.44611818,0.18290673,2.0066502e-05,0.7863372,0.999944
phone_presence_factorial_train_v1,phone_presence_train_0080,0.07028101,0.05436391,0.0038693892,0.4405937,0.99947876
phone_presence_factorial_train_v1,phone_presence_train_0081,0.022150967,0.031312943,5.6261906e-05,0.8324605,0.99991345
phone_presence_factorial_train_v1,phone_presence_train_0082,0.09698065,0.04614199,3.090017e-05,0.7865281,0.9996613
phone_presence_factorial_train_v1,phone_presence_train_0083,0.015044268,0.056335974,0.00012477777,0.09079019,0.71522355
phone_presence_factorial_train_v1,phone_presence_train_0084,0.09829379,0.0779386,0.012326158,0.89291984,0.999572
phone_presence_factorial_train_v1,phone_presence_train_0085,0.61598045,0.33134162,0.0021486979,0.7466165,0.999895
phone_presence_factorial_train_v1,phone_presence_train_0086,0.014647294,0.02758496,5.8787093e-05,0.4431425,0.9968591
phone_presence_factorial_train_v1,phone_presence_train_0087,0.27855256,0.02738995,0.47902712,0.3253348,0.9992157
phone_presence_factorial_train_v1,phone_presence_train_0088,0.15082069,0.04884721,0.091041565,0.6602575,0.99984634
phone_presence_factorial_train_v1,phone_presence_train_0089,0.81449586,0.7846243,0.00030508704,0.6086993,0.9962441
phone_presence_factorial_train_v1,phone_presence_train_0090,0.97832423,0.95552593,0.00010357511,0.12816039,0.9261125
phone_presence_factorial_train_v1,phone_presence_train_0091,0.9386171,0.24990883,0.9790708,0.97620505,0.99999
phone_presence_factorial_train_v1,phone_presence_train_0092,0.04983837,0.1573702,0.000104000486,0.87877834,0.9966828
phone_presence_factorial_train_v1,phone_presence_train_0093,0.033995777,0.06334299,9.999999e-06,0.9432135,0.9997614
phone_presence_factorial_train_v1,phone_presence_train_0094,0.6575229,0.5307439,0.00030690627,0.8930151,0.9999795
phone_presence_factorial_train_v1,phone_presence_train_0095,0.63515097,0.20683317,0.032996755,0.18215784,0.99843544
phone_presence_factorial_train_v1,phone_presence_train_0096,0.8932894,0.03661397,0.46104634,0.62693775,0.9999087
phone_presence_factorial_train_v1,phone_presence_train_0097,0.019460205,0.03629374,6.267648e-05,0.2711114,0.99861133
phone_presence_factorial_train_v1,phone_presence_train_0098,0.34076074,0.31042904,0.0016361815,0.3606653,0.999977
phone_presence_factorial_train_v1,phone_presence_train_0099,0.9812104,0.47996575,0.97214836,0.71219623,0.9997991
phone_presence_factorial_train_v1,phone_presence_train_0100,0.02329512,0.003965508,0.0036018349,0.42417094,0.99991405
phone_presence_factorial_train_v1,phone_presence_train_0101,0.039411604,0.173018,3.4536988e-05,0.8532649,0.99998415
phone_presence_factorial_train_v1,phone_presence_train_0102,0.08936851,0.05249724,0.43549535,0.22633107,0.98787177
phone_presence_factorial_train_v1,phone_presence_train_0103,0.054726582,0.008812866,0.05689324,0.53579295,0.99973375
phone_presence_factorial_train_v1,phone_presence_train_0104,0.23760784,0.2559938,0.0003470866,0.49143922,0.99996734
phone_presence_factorial_train_v1,phone_presence_train_0105,0.41613808,0.56717825,0.0012359517,0.35047197,0.99546045
phone_presence_factorial_train_v1,phone_presence_train_0106,0.17667824,0.081068896,0.18630718,0.6610302,0.99975055
phone_presence_factorial_train_v1,phone_presence_train_0107,0.1572967,0.13311265,0.0016394164,0.67118645,0.9997634
phone_presence_factorial_train_v1,phone_presence_train_0108,0.025181288,0.022504779,0.004533385,0.27436155,0.99956685
phone_presence_factorial_train_v1,phone_presence_train_0109,0.23713592,0.26425353,0.0016890735,0.6338087,0.99905413
phone_presence_factorial_train_v1,phone_presence_train_0110,0.8468191,0.74184483,0.0009248512,0.79186404,0.9989827
phone_presence_factorial_train_v1,phone_presence_train_0111,0.9933343,0.2516145,0.99632984,0.60362977,0.9998801
phone_presence_factorial_train_v1,phone_presence_train_0112,0.048023593,0.11702357,0.00014892039,0.40732858,0.9985355
phone_presence_factorial_train_v1,phone_presence_train_0113,0.017091997,0.022453217,0.0022174097,0.75919205,0.9998128
phone_presence_factorial_train_v1,phone_presence_train_0114,0.00056587136,0.0029664992,9.999999e-06,0.99154234,0.99996126
phone_presence_factorial_train_v1,phone_presence_train_0115,0.02757232,0.039150786,0.006794384,0.29179475,0.99911636
phone_presence_factorial_train_v1,phone_presence_train_0116,0.5677444,0.62481254,0.00021236954,0.9399168,0.9999844
phone_presence_factorial_train_v1,phone_presence_train_0117,0.4825594,0.5970527,8.567299e-05,0.66097575,0.99944955
phone_presence_factorial_train_v1,phone_presence_train_0118,0.9893735,0.5388515,0.96424603,0.8633968,0.99958867
phone_presence_factorial_train_v1,phone_presence_train_0119,0.708037,0.48675144,0.022118503,0.83041316,0.9999434
phone_presence_factorial_train_v1,phone_presence_train_0120,0.98507994,0.44345465,0.99898547,0.602955,0.99995804
phone_presence_factorial_train_v1,phone_presence_train_0121,0.09296788,0.0074102394,0.024707401,0.29711708,0.9945868
phone_presence_factorial_train_v1,phone_presence_train_0122,0.9399018,0.0030396525,0.8917929,0.077200696,0.9431946
phone_presence_factorial_train_v1,phone_presence_train_0123,0.05486548,0.11757068,0.00043810636,0.034778673,0.88771176
phone_presence_factorial_train_v1,phone_presence_train_0124,0.9999714,0.9660255,0.99997604,0.0700374,0.9869996
phone_presence_factorial_train_v1,phone_presence_train_0125,0.071135096,0.014998811,0.16636366,0.6246614,0.99921
phone_presence_factorial_train_v1,phone_presence_train_0126,0.9327492,0.039403453,0.9095303,0.8671367,0.99988437
phone_presence_factorial_train_v1,phone_presence_train_0127,0.9994862,0.16559367,0.99935764,0.69009537,0.9997627
phone_presence_factorial_train_v1,phone_presence_train_0128,0.11497274,0.099856324,0.00013192091,0.39638004,0.99968266
phone_presence_factorial_train_v1,phone_presence_train_0129,0.98792124,0.98780733,0.00034145094,0.9740733,0.9998466
phone_presence_factorial_train_v1,phone_presence_train_0130,0.2164756,0.28214037,0.0123143215,0.7165431,0.9988852
phone_presence_factorial_train_v1,phone_presence_train_0131,0.42565536,0.45814213,0.0017058523,0.97922426,0.9999225
phone_presence_factorial_train_v1,phone_presence_train_0132,0.091109246,0.14052443,0.000159018,0.060308617,0.97861606
phone_presence_factorial_train_v1,phone_presence_train_0133,0.9675916,0.9515946,0.00010848958,0.8355392,0.99951553
phone_presence_factorial_train_v1,phone_presence_train_0134,0.50719666,0.6599802,0.00015786951,0.95095897,0.9998068
phone_presence_factorial_train_v1,phone_presence_train_0135,0.73653346,0.12764099,0.8063673,0.26607528,0.9981628
phone_presence_factorial_train_v1,phone_presence_train_0136,0.19576532,0.31660908,5.286252e-05,0.9096801,0.99982125
phone_presence_factorial_train_v1,phone_presence_train_0137,0.94740117,0.032194175,0.98180455,0.40737122,0.9998976
phone_presence_factorial_train_v1,phone_presence_train_0138,0.37825906,0.7044594,0.004312546,0.8627246,0.9997832
phone_presence_factorial_train_v1,phone_presence_train_0139,0.9995895,0.9978734,0.8548977,0.8883294,0.99999
phone_presence_factorial_train_v1,phone_presence_train_0140,0.7417639,0.8020329,0.00014107411,0.10903958,0.98176414
phone_presence_factorial_train_v1,phone_presence_train_0141,0.9844058,0.53813434,0.99059653,0.511115,0.99973816
phone_presence_factorial_train_v1,phone_presence_train_0142,0.05924155,0.019185387,0.003907612,0.7858879,0.9999416
phone_presence_factorial_train_v1,phone_presence_train_0143,0.016868621,0.04905068,5.3658852e-05,0.50997216,0.99938965
phone_presence_factorial_train_v1,phone_presence_train_0144,0.020004017,0.015315239,0.00043060817,0.37293065,0.9904879
phone_presence_factorial_train_v1,phone_presence_train_0145,0.028829914,0.13403444,0.0003084598,0.10501717,0.9637264
phone_presence_factorial_train_v1,phone_presence_train_0146,0.74811435,0.80179495,0.0007352207,0.8848387,0.99939454
phone_presence_factorial_train_v1,phone_presence_train_0147,0.10219009,0.0815247,0.0033636428,0.6162931,0.9986765
phone_presence_factorial_train_v1,phone_presence_train_0148,0.8268272,0.8098855,9.221821e-05,0.6596145,0.98725265
phone_presence_factorial_train_v1,phone_presence_train_0149,0.96716243,0.1839019,0.83602965,0.5049403,0.9992843
phone_presence_factorial_train_v1,phone_presence_train_0150,0.005611699,0.025534471,5.3767704e-05,0.63073266,0.9992804
phone_presence_factorial_train_v1,phone_presence_train_0151,0.9999151,0.6791359,0.9999136,0.9209806,0.99999
phone_presence_factorial_train_v1,phone_presence_train_0152,0.96393096,0.018542677,0.95657563,0.7241886,0.9999268
phone_presence_factorial_train_v1,phone_presence_train_0153,0.12578851,0.14463392,2.4147681e-05,0.8564541,0.9999161
phone_presence_factorial_train_v1,phone_presence_train_0154,0.5810332,0.56216145,0.00042656861,0.9884133,0.99995697
phone_presence_factorial_train_v1,phone_presence_train_0155,0.21301691,0.0054217055,0.31265548,0.06497716,0.97559106
phone_presence_factorial_train_v1,phone_presence_train_0156,0.999676,0.75395304,0.99982613,0.19513562,0.9698741
phone_presence_factorial_train_v1,phone_presence_train_0157,0.99062926,0.07113782,0.99472094,0.6239618,0.999892
phone_presence_factorial_train_v1,phone_presence_train_0158,0.13682966,0.032302175,0.05707476,0.15461674,0.99508494
phone_presence_factorial_train_v1,phone_presence_train_0159,0.044512667,0.0750387,3.7549402e-05,0.9128649,0.99997914
phone_presence_factorial_train_v1,phone_presence_train_0160,0.025609411,0.036929782,0.008690598,0.207511,0.99618196
phone_presence_factorial_train_v1,phone_presence_train_0161,0.695115,0.4285231,0.002269676,0.60325253,0.96463567
phone_presence_factorial_train_v1,phone_presence_train_0162,0.011376887,0.030614635,0.00011148117,0.3532313,0.9978865
phone_presence_factorial_train_v1,phone_presence_train_0163,0.090854324,0.19681725,0.0005948061,0.33316293,0.8799732
phone_presence_factorial_train_v1,phone_presence_train_0164,0.11870394,0.003980211,0.035014328,0.10101695,0.9997218
phone_presence_factorial_train_v1,phone_presence_train_0165,0.67605597,0.606771,0.40391782,0.07731645,0.9456122
phone_presence_factorial_train_v1,phone_presence_train_0166,0.110287584,0.4034995,0.00019902045,0.6356969,0.9889432
phone_presence_factorial_train_v1,phone_presence_train_0167,0.99194217,0.03253481,0.9950256,0.42091623,0.9997713
phone_presence_factorial_train_v1,phone_presence_train_0168,0.4833777,0.040763773,0.9268035,0.39516577,0.9998797
phone_presence_factorial_train_v1,phone_presence_train_0169,0.850182,0.02404536,0.644447,0.8037609,0.9999764
phone_presence_factorial_train_v1,phone_presence_train_0170,0.05275027,0.07640422,0.048028268,0.4566456,0.9999764
phone_presence_factorial_train_v1,phone_presence_train_0171,0.99886864,0.95037645,0.93698686,0.9953885,0.9998888
phone_presence_factorial_train_v1,phone_presence_train_0172,0.20404819,0.060097616,0.8175292,0.48643515,0.9893567
phone_presence_factorial_train_v1,phone_presence_train_0173,0.73947704,0.12777524,0.6606112,0.062613614,0.99917334
phone_presence_factorial_train_v1,phone_presence_train_0174,0.001101904,0.0042681834,1.2615617e-05,0.4774234,0.94669795
phone_presence_factorial_train_v1,phone_presence_train_0175,0.10746954,0.04899493,0.45442837,0.116955645,0.98969203
phone_presence_factorial_train_v1,phone_presence_train_0176,0.99853396,0.14973626,0.9995092,0.7347285,0.9997303
phone_presence_factorial_train_v1,phone_presence_train_0177,0.9997967,0.31961176,0.9999827,0.3173785,0.9998934
phone_presence_factorial_train_v1,phone_presence_train_0178,0.95727026,0.9256775,0.2780898,0.63668185,0.27401206
phone_presence_factorial_train_v1,phone_presence_train_0179,0.2505262,0.4164659,3.3410553e-05,0.9636096,0.9939891
phone_presence_factorial_train_v1,phone_presence_train_0180,0.6275126,0.84727687,0.0006515048,0.32725376,0.9972121
phone_presence_factorial_train_v1,phone_presence_train_0181,0.028563226,0.048226297,0.00043089583,0.40375924,0.99824643
phone_presence_factorial_train_v1,phone_presence_train_0182,0.099689476,0.23021565,0.0030443466,0.82779884,0.9997261
phone_presence_factorial_train_v1,phone_presence_train_0183,0.9932475,0.23376374,0.99754107,0.22457512,0.99954957
phone_presence_factorial_train_v1,phone_presence_train_0184,0.5117413,0.57401586,0.0001373752,0.9513699,0.99995995
phone_presence_factorial_train_v1,phone_presence_train_0185,0.08360588,0.24287851,0.0019869846,0.81431425,0.99949193
phone_presence_factorial_train_v1,phone_presence_train_0186,0.076073825,0.08121153,0.0009707845,0.9078188,0.99991727
phone_presence_factorial_train_v1,phone_presence_train_0187,0.022616332,0.04127418,7.9541074e-05,0.32415548,0.9906962
phone_presence_factorial_train_v1,phone_presence_train_0188,0.77474004,0.5030405,0.04332915,0.07280667,0.98651904
phone_presence_factorial_train_v1,phone_presence_train_0189,0.9205759,0.6843711,9.08166e-05,0.9375776,0.99935097
phone_presence_factorial_train_v1,phone_presence_train_0190,0.07371766,0.010993665,0.10887586,0.6142154,0.99995124
phone_presence_factorial_train_v1,phone_presence_train_0191,0.99019253,0.054680567,0.991305,0.8940378,0.99980694
phone_presence_factorial_train_v1,phone_presence_train_0192,0.6422545,0.598718,0.071333736,0.87802684,0.99979013
phone_presence_factorial_train_v1,phone_presence_train_0193,0.99998164,0.052013695,0.999987,0.1648836,0.9999455
phone_presence_factorial_train_v1,phone_presence_train_0194,0.7804332,0.56333274,0.018303843,0.7545111,0.9998596
phone_presence_factorial_train_v1,phone_presence_train_0195,0.94141394,0.018638331,0.98978686,0.57263076,0.99995923
phone_presence_factorial_train_v1,phone_presence_train_0196,0.008751062,0.010719086,0.00011957737,0.9082266,0.99999
phone_presence_factorial_train_v1,phone_presence_train_0197,0.9973348,0.009804325,0.999121,0.39952704,0.99988925
phone_presence_factorial_train_v1,phone_presence_train_0198,0.116894715,0.056632604,0.00885245,0.9421434,0.99994564
phone_presence_factorial_train_v1,phone_presence_train_0199,0.5371614,0.33466083,0.00029723637,0.26626298,0.98319376
phone_presence_factorial_train_v1,phone_presence_train_0200,0.014500569,0.02454316,0.0058538,0.23791648,0.99977237
phone_presence_factorial_train_v1,phone_presence_train_0201,0.9951285,0.97955555,0.017015161,0.7616779,0.99991226
phone_presence_factorial_train_v1,phone_presence_train_0202,0.39926815,0.030034686,0.9611376,0.19301784,0.99797755
phone_presence_factorial_train_v1,phone_presence_train_0203,0.12151604,0.31564397,0.0003985883,0.37317264,0.9928456
phone_presence_factorial_train_v1,phone_presence_train_0204,0.689945,0.44521403,0.0031479956,0.6866435,0.9996762
phone_presence_factorial_train_v1,phone_presence_train_0205,0.9004581,0.16543922,0.5810169,0.51837486,0.99798274
phone_presence_factorial_train_v1,phone_presence_train_0206,0.4608333,0.5974251,0.32980657,0.22315611,0.9986045
phone_presence_factorial_train_v1,phone_presence_train_0207,0.9942168,0.028277837,0.9958131,0.858247,0.99999
phone_presence_factorial_train_v1,phone_presence_train_0208,0.036248088,0.06228755,0.001191718,0.871152,0.99990773
phone_presence_factorial_train_v1,phone_presence_train_0209,0.22568876,0.2760311,3.674816e-05,0.890023,0.99959904
phone_presence_factorial_train_v1,phone_presence_train_0210,0.72293884,0.7805274,0.00017986877,0.26203734,0.97166526
phone_presence_factorial_train_v1,phone_presence_train_0211,0.99999,0.91389835,0.99999,0.966685,0.99999
phone_presence_factorial_train_v1,phone_presence_train_0212,0.6096689,0.6998583,4.2641856e-05,0.15638605,0.9930264
phone_presence_factorial_train_v1,phone_presence_train_0213,0.99880373,0.075451374,0.9984635,0.71617806,0.9999418
phone_presence_factorial_train_v1,phone_presence_train_0214,0.20578593,0.12400298,0.0039940686,0.26799572,0.9990257
phone_presence_factorial_train_v1,phone_presence_train_0215,0.36097178,0.05361355,0.3218935,0.008444261,0.87851155
phone_presence_factorial_train_v1,phone_presence_train_0216,0.09178731,0.052119203,0.018815938,0.8549451,0.9999
phone_presence_factorial_train_v1,phone_presence_train_0217,0.8613897,0.04188642,0.95376086,0.08299243,0.95421964
phone_presence_factorial_train_v1,phone_presence_train_0218,0.08188291,0.17376985,0.0012733969,0.34837177,0.99142075
phone_presence_factorial_train_v1,phone_presence_train_0219,0.02542648,0.025159549,0.00018520279,0.99148446,0.9999169
phone_presence_factorial_train_v1,phone_presence_train_0220,0.5654418,0.14556806,0.12154345,0.087020725,0.9910439
phone_presence_factorial_train_v1,phone_presence_train_0221,0.43074575,0.683743,0.00013111779,0.9759252,0.99998033
phone_presence_factorial_train_v1,phone_presence_train_0222,0.9993291,0.6255,0.9938298,0.9436145,0.9998623
phone_presence_factorial_train_v1,phone_presence_train_0223,0.915378,0.8910082,0.41270456,0.76997596,0.09378866
phone_presence_factorial_train_v1,phone_presence_train_0224,0.96415263,0.71150315,0.88512254,0.5473341,0.99979347
phone_presence_factorial_train_v1,phone_presence_train_0225,0.50345314,0.4343115,0.00034675308,0.86684024,0.9965868
phone_presence_factorial_train_v1,phone_presence_train_0226,0.023037843,0.053424887,9.999999e-06,0.9608687,0.99992824
phone_presence_factorial_train_v1,phone_presence_train_0227,0.99593914,0.07571104,0.9922718,0.34821692,0.99941504
phone_presence_factorial_train_v1,phone_presence_train_0228,0.039541956,0.030300621,0.002311556,0.4826136,0.99827886
phone_presence_factorial_train_v1,phone_presence_train_0229,0.9866579,0.049035188,0.8042624,0.03553357,0.9983625
phone_presence_factorial_train_v1,phone_presence_train_0230,0.03873546,0.08099059,0.0017928701,0.43802318,0.99968696
phone_presence_factorial_train_v1,phone_presence_train_0231,0.8030534,0.15547238,0.2866626,0.5033172,0.99938846
phone_presence_factorial_train_v1,phone_presence_train_0232,0.009273567,0.025032142,0.00032388914,0.021179825,0.42182603
phone_presence_factorial_train_v1,phone_presence_train_0233,0.032894854,0.15481317,3.9843013e-05,0.3560965,0.97544515
phone_presence_factorial_train_v1,phone_presence_train_0234,0.0014741998,0.0061413543,1.4151415e-05,0.41471398,0.95443135
phone_presence_factorial_train_v1,phone_presence_train_0235,0.35325477,0.10845272,0.05027973,0.06600123,0.9980184
phone_presence_factorial_train_v1,phone_presence_train_0236,0.93717843,0.6392734,0.00019394928,0.50288457,0.9979538
phone_presence_factorial_train_v1,phone_presence_train_0237,0.8292932,0.10367587,0.6731023,0.6710252,0.9999511
phone_presence_factorial_train_v1,phone_presence_train_0238,0.3559327,0.6304513,3.755943e-05,0.266956,0.88350695
phone_presence_factorial_train_v1,phone_presence_train_0239,0.33931175,0.0911617,0.56561655,0.44991985,0.99995136
phone_presence_factorial_train_v1,phone_presence_train_0240,0.32853788,0.07806979,0.2594063,0.3673831,0.999959
phone_presence_factorial_train_v1,phone_presence_train_0241,0.6065252,0.82741874,0.00204917,0.98723674,0.99967337
phone_presence_factorial_train_v1,phone_presence_train_0242,0.3412031,0.13282014,0.006620656,0.81610477,0.99994755
phone_presence_factorial_train_v1,phone_presence_train_0243,0.02963117,0.04819691,2.6572876e-05,0.5260138,0.98817563
phone_presence_factorial_train_v1,phone_presence_train_0244,0.0027898813,0.0038739147,2.0814825e-05,0.7706349,0.99995387
phone_presence_factorial_train_v1,phone_presence_train_0245,0.71761173,0.43964672,0.054247882,0.33461457,0.9997714
phone_presence_factorial_train_v1,phone_presence_train_0246,0.99999,0.5664756,0.99999,0.9862898,0.99995947
phone_presence_factorial_train_v1,phone_presence_train_0247,0.09855459,0.14086607,0.002537937,0.35226217,0.9687755
phone_presence_factorial_train_v1,phone_presence_train_0248,0.9998933,0.7976378,0.9999757,0.19555615,0.9996884
phone_presence_factorial_train_v1,phone_presence_train_0249,0.27731976,0.33671454,2.7066799e-05,0.98835224,0.9999864
phone_presence_factorial_train_v1,phone_presence_train_0250,0.3023318,0.016860202,0.39290884,0.08545456,0.9981029
phone_presence_factorial_train_v1,phone_presence_train_0251,0.1755123,0.10562102,0.018128375,0.8286186,0.9999604
phone_presence_factorial_train_v1,phone_presence_train_0252,0.6193119,0.22540654,0.0015770025,0.4232088,0.9948197
phone_presence_factorial_train_v1,phone_presence_train_0253,0.99432135,0.24390735,0.92324775,0.3442152,0.995159
phone_presence_factorial_train_v1,phone_presence_train_0254,0.92555636,0.7087182,0.9712285,0.56965685,0.99985445
phone_presence_factorial_train_v1,phone_presence_train_0255,0.84813523,0.5794933,0.08044014,0.37182644,0.99925643
phone_presence_factorial_train_v1,phone_presence_train_0256,0.3409129,0.1049204,0.41751277,0.7062117,0.99998224
phone_presence_factorial_train_v1,phone_presence_train_0257,0.12056801,0.017140402,0.0045428975,0.09940091,0.99113655
phone_presence_factorial_train_v1,phone_presence_train_0258,0.95951116,0.9234615,0.00072570634,0.9014562,0.99975485
phone_presence_factorial_train_v1,phone_presence_train_0259,0.008213774,0.0023724446,0.0007242092,0.25781295,0.9998167
phone_presence_factorial_train_v1,phone_presence_train_0260,0.94318277,0.83741945,0.61673677,0.7896939,0.9998776
phone_presence_factorial_train_v1,phone_presence_train_0261,0.9998367,0.08832323,0.9999465,0.9247733,0.99996364
phone_presence_factorial_train_v1,phone_presence_train_0262,0.028718555,0.026251644,1.9446277e-05,0.8263251,0.99977404
phone_presence_factorial_train_v1,phone_presence_train_0263,0.023046007,0.018092202,0.006752069,0.3227499,0.9998634
phone_presence_factorial_train_v1,phone_presence_train_0264,0.30571815,0.026763493,0.2014245,0.73415715,0.9999666
phone_presence_factorial_train_v1,phone_presence_train_0265,0.041427616,0.005738781,0.030954799,0.7033496,0.99997187
phone_presence_factorial_train_v1,phone_presence_train_0266,0.15752031,0.2908064,0.0027536675,0.91947794,0.99987733
phone_presence_factorial_train_v1,phone_presence_train_0267,0.99812025,0.027298639,0.9991467,0.5270877,0.999795
phone_presence_factorial_train_v1,phone_presence_train_0268,0.057289362,0.1370023,2.691881e-05,0.73836946,0.992601
phone_presence_factorial_train_v1,phone_presence_train_0269,0.9934028,0.97756505,0.0012400008,0.9628837,0.99967515
phone_presence_factorial_train_v1,phone_presence_train_0270,0.116192326,0.054761063,0.015116693,0.69147515,0.99992883
phone_presence_factorial_train_v1,phone_presence_train_0271,0.9858919,0.024640433,0.95756143,0.833171,0.99998546
phone_presence_factorial_train_v1,phone_presence_train_0272,0.5169929,0.015766222,0.9821929,0.56844676,0.99940765
phone_presence_factorial_train_v1,phone_presence_train_0273,0.04013303,0.043304242,0.0016714273,0.12637074,0.9995609
phone_presence_factorial_train_v1,phone_presence_train_0274,0.6382629,0.22795804,0.60766405,0.7870478,0.99964666
phone_presence_factorial_train_v1,phone_presence_train_0275,0.04439378,0.08696191,0.00022089429,0.39197528,0.9693831
phone_presence_factorial_train_v1,phone_presence_train_0276,0.6455621,0.38421053,0.0012243808,0.5976597,0.96266633
phone_presence_factorial_train_v1,phone_presence_train_0277,0.22968146,0.008996849,0.11830385,0.71786416,0.99959
phone_presence_factorial_train_v1,phone_presence_train_0278,0.018574439,0.029576596,0.00020104997,0.16974233,0.4487302
phone_presence_factorial_train_v1,phone_presence_train_0279,0.5584177,0.56486595,0.00022626734,0.88962114,0.9995208
phone_presence_factorial_train_v1,phone_presence_train_0280,0.96397245,0.9134653,0.01041477,0.08836082,0.21997833
phone_presence_factorial_train_v1,phone_presence_train_0281,0.4939113,0.027166938,0.89382267,0.089707516,0.90216124
phone_presence_factorial_train_v1,phone_presence_train_0282,0.90159,0.87382716,0.007334309,0.8645928,0.9997949
phone_presence_factorial_train_v1,phone_presence_train_0283,0.10646276,0.20189251,0.00014641313,0.34770212,0.99654263
phone_presence_factorial_train_v1,phone_presence_train_0284,0.85345167,0.7888473,0.0011115813,0.8673136,0.99969244
phone_presence_factorial_train_v1,phone_presence_train_0285,0.94807386,0.12531799,0.97466964,0.09152097,0.9589932
phone_presence_factorial_train_v1,phone_presence_train_0286,0.883812,0.94008577,8.480012e-05,0.9768187,0.9996624
phone_presence_factorial_train_v1,phone_presence_train_0287,0.32047266,0.394461,0.023919294,0.0877793,0.9826156
phone_presence_factorial_train_v1,phone_presence_train_0288,0.11858315,0.11928082,0.00011888293,0.31896526,0.99921525
phone_presence_factorial_train_v1,phone_presence_train_0289,0.08500631,0.19417982,0.0016562766,0.51558983,0.97741413
phone_presence_factorial_train_v1,phone_presence_train_0290,0.8799453,0.09447997,0.20707458,0.034492895,0.9972607
phone_presence_factorial_train_v1,phone_presence_train_0291,0.0064337547,0.014063693,1.39633175e-05,0.8311714,0.9995602
phone_presence_factorial_train_v1,phone_presence_train_0292,0.98081446,0.1351968,0.9831467,0.23075294,0.9922084
phone_presence_factorial_train_v1,phone_presence_train_0293,0.036975168,0.11006184,8.4591185e-05,0.18069729,0.9971648
phone_presence_factorial_train_v1,phone_presence_train_0294,0.00843632,0.03158382,3.235496e-05,0.78080034,0.9995999
phone_presence_factorial_train_v1,phone_presence_train_0295,0.04733006,0.13626574,3.91579e-05,0.3910183,0.99952877
phone_presence_factorial_train_v1,phone_presence_train_0296,0.010757904,0.029742545,2.2768534e-05,0.9858375,0.9999341
phone_presence_factorial_train_v1,phone_presence_train_0297,0.60008234,0.4736897,0.00036614842,0.7252855,0.99979
phone_presence_factorial_train_v1,phone_presence_train_0298,0.09322221,0.13615774,0.020612983,0.48905614,0.9999337
phone_presence_factorial_train_v1,phone_presence_train_0299,0.9939016,0.1140451,0.8794331,0.018786188,0.9953483
phone_presence_factorial_train_v1,phone_presence_train_0300,0.004672779,0.020973204,2.9849873e-05,0.0640413,0.9905391
phone_presence_factorial_train_v1,phone_presence_train_0301,0.34721434,0.50031173,0.0015299503,0.5302702,0.99925715
phone_presence_factorial_train_v1,phone_presence_train_0302,0.062063675,0.019106388,0.0068910704,0.7663302,0.9843539
phone_presence_factorial_train_v1,phone_presence_train_0303,0.98327166,0.962969,0.0016411976,0.9715775,0.9999598
phone_presence_factorial_train_v1,phone_presence_train_0304,0.05383243,0.0065703965,0.072183035,0.08237893,0.9992167
phone_presence_factorial_train_v1,phone_presence_train_0305,0.015580246,0.0077944924,0.0013351243,0.46774057,0.99966586
phone_presence_factorial_train_v1,phone_presence_train_0306,0.6539221,0.4777181,0.00046124365,0.858493,0.9997316
phone_presence_factorial_train_v1,phone_presence_train_0307,0.04204094,0.083105356,0.0004716325,0.09237651,0.94354874
phone_presence_factorial_train_v1,phone_presence_train_0308,0.99134046,0.05948889,0.995795,0.04156913,0.99591535
phone_presence_factorial_train_v1,phone_presence_train_0309,0.8996703,0.8628792,0.07672272,0.58653843,0.9990945
phone_presence_factorial_train_v1,phone_presence_train_0310,0.061238267,0.1901544,0.00021444216,0.32513976,0.9977385
phone_presence_factorial_train_v1,phone_presence_train_0311,0.6543482,0.48429626,0.0668766,0.14586611,0.8595064
phone_presence_factorial_train_v1,phone_presence_train_0312,0.5478464,0.0076116514,0.63587344,0.7192392,0.9998503
phone_presence_factorial_train_v1,phone_presence_train_0313,0.8922125,0.9509773,0.022358116,0.8606877,0.5493374
phone_presence_factorial_train_v1,phone_presence_train_0314,0.999874,0.98523813,0.9754034,0.99786,0.9999491
phone_presence_factorial_train_v1,phone_presence_train_0315,0.07221563,0.25446135,7.264233e-05,0.049649477,0.87440836
phone_presence_factorial_train_v1,phone_presence_train_0316,0.0016696698,0.0017587385,1.9552792e-05,0.945478,0.9999192
phone_presence_factorial_train_v1,phone_presence_train_0317,0.15612397,0.29576978,5.140975e-05,0.30621585,0.9962513
phone_presence_factorial_train_v1,phone_presence_train_0318,0.070651874,0.0073950053,0.19768792,0.5670179,0.99894947
phone_presence_factorial_train_v1,phone_presence_train_0319,0.27974945,0.17398648,3.21305e-05,0.98109907,0.9997271
phone_presence_factorial_train_v1,phone_presence_train_0320,0.13401875,0.14502892,0.0008669758,0.293263,0.92987597
phone_presence_factorial_train_v1,phone_presence_train_0321,0.2105636,0.1290425,0.5638526,0.035273068,0.7626087
phone_presence_factorial_train_v1,phone_presence_train_0322,0.99715257,0.27772835,0.9945016,0.5092396,0.99875
phone_presence_factorial_train_v1,phone_presence_train_0323,0.9484955,0.92268884,0.00029601017,0.7349399,0.99977225
phone_presence_factorial_train_v1,phone_presence_train_0324,0.99474525,0.8966397,0.53611183,0.99467105,0.9999877
phone_presence_factorial_train_v1,phone_presence_train_0325,0.90378666,0.05726493,0.9554117,0.08312825,0.99656516
phone_presence_factorial_train_v1,phone_presence_train_0326,0.28726023,0.14897285,0.00021490597,0.81699747,0.9703945
phone_presence_factorial_train_v1,phone_presence_train_0327,0.17329627,0.059002254,0.010140425,0.1637262,0.9992095
phone_presence_factorial_train_v1,phone_presence_train_0328,0.009386052,0.020602386,0.00017762298,0.9427699,0.99979967
phone_presence_factorial_train_v1,phone_presence_train_0329,0.036184743,0.031734165,0.014142471,0.8141197,0.99997246
phone_presence_factorial_train_v1,phone_presence_train_0330,0.9927604,0.16735214,0.93340296,0.13346888,0.9996469
phone_presence_factorial_train_v1,phone_presence_train_0331,0.95249885,0.4998974,0.9992124,0.55769485,0.99853265
phone_presence_factorial_train_v1,phone_presence_train_0332,0.11049747,0.018068833,0.4444645,0.07179297,0.99670935
phone_presence_factorial_train_v1,phone_presence_train_0333,0.34191465,0.54165906,0.00014742742,0.76481426,0.98938036
phone_presence_factorial_train_v1,phone_presence_train_0334,0.03960936,0.04062068,2.3284778e-05,0.97127706,0.99995506
phone_presence_factorial_train_v1,phone_presence_train_0335,0.048459787,0.12724777,0.009149504,0.11015524,0.98947245
phone_presence_factorial_train_v1,phone_presence_train_0336,0.062672146,0.17527449,0.07354477,0.43599108,0.9905744
phone_presence_factorial_train_v1,phone_presence_train_0337,0.9716078,0.19901186,0.96240073,0.24117512,0.99928576
phone_presence_factorial_train_v1,phone_presence_train_0338,0.9417158,0.6768181,0.00012561845,0.6799653,0.99913305
phone_presence_factorial_train_v1,phone_presence_train_0339,0.09751809,0.35905957,0.0007274117,0.16431595,0.9870652
phone_presence_factorial_train_v1,phone_presence_train_0340,0.10204946,0.08677075,0.0001789783,0.4965873,0.9888775
phone_presence_factorial_train_v1,phone_presence_train_0341,0.005750541,0.0068046562,0.0001123792,0.91320294,0.99990916
phone_presence_factorial_train_v1,phone_presence_train_0342,0.11486697,0.36920202,0.004667459,0.73667777,0.998511
phone_presence_factorial_train_v1,phone_presence_train_0343,0.98643166,0.7371828,0.99650973,0.90315914,0.99999
phone_presence_factorial_train_v1,phone_presence_train_0344,0.21505184,0.15560514,0.0001491546,0.6175624,0.9721497
phone_presence_factorial_train_v1,phone_presence_train_0345,0.9966252,0.4055293,0.99489576,0.34454834,0.9998005
phone_presence_factorial_train_v1,phone_presence_train_0346,0.020957185,0.023442982,1.9396195e-05,0.91429657,0.9989286
phone_presence_factorial_train_v1,phone_presence_train_0347,0.10224105,0.2054171,6.0751718e-05,0.56599426,0.9986142
phone_presence_factorial_train_v1,phone_presence_train_0348,0.0865474,0.19611774,0.017943148,0.49319154,0.99813324
phone_presence_factorial_train_v1,phone_presence_train_0349,0.3373528,0.41274354,1.2025555e-05,0.9511439,0.9999696
phone_presence_factorial_train_v1,phone_presence_train_0350,0.19183092,0.11921096,0.00019130121,0.6590304,0.7010789
phone_presence_factorial_train_v1,phone_presence_train_0351,0.999814,0.09716813,0.999948,0.9318236,0.9998634
phone_presence_factorial_train_v1,phone_presence_train_0352,0.13464122,0.45510986,0.00031341528,0.82224095,0.9999404
phone_presence_factorial_train_v1,phone_presence_train_0353,0.0821854,0.08076913,0.011706386,0.20178598,0.9993005
phone_presence_factorial_train_v1,phone_presence_train_0354,0.004069788,0.0130400155,1.0679793e-05,0.8115132,0.99437886
phone_presence_factorial_train_v1,phone_presence_train_0355,0.7212226,0.0733113,0.63144803,0.06572865,0.99832886
phone_presence_factorial_train_v1,phone_presence_train_0356,0.99985504,0.35695902,0.9999416,0.9234566,0.99985087
phone_presence_factorial_train_v1,phone_presence_train_0357,0.9352015,0.051976558,0.9738712,0.7196998,0.99985015
phone_presence_factorial_train_v1,phone_presence_train_0358,0.99335796,0.975204,0.05605678,0.94747317,0.9997501
phone_presence_factorial_train_v1,phone_presence_train_0359,0.95699,0.90466416,0.00011041769,0.710448,0.9389451
phone_presence_factorial_train_v1,phone_presence_train_0360,0.37466282,0.04291983,0.5116149,0.023110528,0.997154
phone_presence_factorial_train_v1,phone_presence_train_0361,0.30035838,0.8102272,6.0479695e-05,0.84280884,0.9997403
phone_presence_factorial_train_v1,phone_presence_train_0362,0.8100978,0.73352784,0.0003299787,0.64175546,0.9840875
phone_presence_factorial_train_v1,phone_presence_train_0363,0.08877667,0.20817746,5.0359416e-05,0.43791872,0.9915053
phone_presence_factorial_train_v1,phone_presence_train_0364,0.3383835,0.15442613,0.04653182,0.49921203,0.9998348
phone_presence_factorial_train_v1,phone_presence_train_0365,0.1269939,0.060535483,0.0015101712,0.4668014,0.9999373
phone_presence_factorial_train_v1,phone_presence_train_0366,0.5795089,0.15372263,0.9463374,0.28656837,0.9996885
phone_presence_factorial_train_v1,phone_presence_train_0367,0.99818987,0.23438177,0.9988299,0.048507646,0.999566
phone_presence_factorial_train_v1,phone_presence_train_0368,0.99448025,0.08397908,0.96072656,0.008587491,0.9763179
phone_presence_factorial_train_v1,phone_presence_train_0369,0.45099297,0.4348957,0.00022037509,0.28999636,0.9950958
phone_presence_factorial_train_v1,phone_presence_train_0370,0.4265484,0.7098978,0.000105213934,0.32541803,0.988255
phone_presence_factorial_train_v1,phone_presence_train_0371,0.030772323,0.037732527,0.0017712193,0.17090268,0.9256243
phone_presence_factorial_train_v1,phone_presence_train_0372,0.6599859,0.42461804,0.10320032,0.302384,0.9995604
phone_presence_factorial_train_v1,phone_presence_train_0373,0.0131708775,0.009607347,0.00039695002,0.29184788,0.999204
phone_presence_factorial_train_v1,phone_presence_train_0374,0.03447997,0.05207503,0.00049825653,0.63471895,0.99994946
phone_presence_factorial_train_v1,phone_presence_train_0375,0.4540647,0.6704794,0.00070095423,0.60224116,0.9866479
phone_presence_factorial_train_v1,phone_presence_train_0376,0.7657487,0.7372235,2.7132415e-05,0.96913975,0.99999
phone_presence_factorial_train_v1,phone_presence_train_0377,0.96129155,0.030546129,0.9992248,0.56641245,0.99986243
phone_presence_factorial_train_v1,phone_presence_train_0378,0.63015145,0.45198733,0.0018747351,0.5628941,0.99347234
phone_presence_factorial_train_v1,phone_presence_train_0379,0.1487259,0.030436963,0.011572479,0.67031556,0.99991536
phone_presence_factorial_train_v1,phone_presence_train_0380,0.96851325,0.13563322,0.9695179,0.19132952,0.9996495
phone_presence_factorial_train_v1,phone_presence_train_0381,0.3241529,0.2925045,0.013064789,0.84348834,0.999943
phone_presence_factorial_train_v1,phone_presence_train_0382,0.030411543,0.056703463,5.5512694e-05,0.3892064,0.9942656
phone_presence_factorial_train_v1,phone_presence_train_0383,0.18783075,0.42944393,0.0002719554,0.6669571,0.9918513
phone_presence_factorial_train_v1,phone_presence_train_0384,0.011021421,0.04616419,8.21707e-05,0.91244876,0.9999821
phone_presence_factorial_train_v1,phone_presence_train_0385,0.07055006,0.08262336,0.00073193223,0.2219029,0.99947625
phone_presence_factorial_train_v1,phone_presence_train_0386,0.9997993,0.12020433,0.99998844,0.97540873,0.9999852
phone_presence_factorial_train_v1,phone_presence_train_0387,0.9050227,0.005673958,0.9974896,0.7698044,0.9988475
phone_presence_factorial_train_v1,phone_presence_train_0388,0.5777474,0.15152088,0.15798728,0.48978394,0.9998342
phone_presence_factorial_train_v1,phone_presence_train_0389,0.6118712,0.66179943,0.00081086624,0.89172935,0.9994289
phone_presence_factorial_train_v1,phone_presence_train_0390,0.055434175,0.16320547,0.0005143182,0.025559857,0.84796137
phone_presence_factorial_train_v1,phone_presence_train_0391,0.9998932,0.35960844,0.99993896,0.9393654,0.999877
phone_presence_factorial_train_v1,phone_presence_train_0392,0.045705363,0.10756532,4.4458993e-05,0.95568985,0.99997866
phone_presence_factorial_train_v1,phone_presence_train_0393,0.17168655,0.15579915,0.0016115032,0.15909547,0.9938538
phone_presence_factorial_train_v1,phone_presence_train_0394,0.46799228,0.5072897,0.005895027,0.95464945,0.99997425
phone_presence_factorial_train_v1,phone_presence_train_0395,0.98005784,0.12238976,0.70448834,0.110832945,0.9987656
phone_presence_factorial_train_v1,phone_presence_train_0396,0.0021988426,0.0031113592,2.6288884e-05,0.93919826,0.9999318
phone_presence_factorial_train_v1,phone_presence_train_0397,0.16587032,0.28079265,0.00011267085,0.708061,0.9993649
phone_presence_factorial_train_v1,phone_presence_train_0398,0.999432,0.34428537,0.99980515,0.25495833,0.9994759
phone_presence_factorial_train_v1,phone_presence_train_0399,0.9860869,0.47635543,0.99248827,0.905366,0.9999764
phone_presence_factorial_train_v1,phone_presence_train_0400,0.989405,0.9709264,0.05443017,0.99681276,0.06999415
phone_presence_factorial_train_v1,phone_presence_train_0401,0.998374,0.9989248,0.003258961,0.6302359,1.4333881e-05
phone_presence_factorial_train_v1,phone_presence_train_0402,0.012245751,0.041120388,0.0008311294,0.32181484,1.4642593e-05
phone_presence_factorial_train_v1,phone_presence_train_0403,0.0312757,0.007180512,0.0016195927,0.354187,9.999999e-06
phone_presence_factorial_train_v1,phone_presence_train_0404,0.9698229,0.93404984,0.00014086912,0.19211169,9.785285e-05
phone_presence_factorial_train_v1,phone_presence_train_0405,0.124894604,0.1385769,1.762658e-05,0.17007351,9.999999e-06
phone_presence_factorial_train_v1,phone_presence_train_0406,0.833292,0.8588163,0.0005019315,0.33845243,1.4907144e-05
phone_presence_factorial_train_v1,phone_presence_train_0407,0.9994742,0.99916506,0.3072718,0.90672404,5.626856e-05
phone_presence_factorial_train_v1,phone_presence_train_0408,0.92631215,0.89873374,0.006205749,0.766223,1.4665988e-05
phone_presence_factorial_train_v1,phone_presence_train_0409,0.84691316,0.78819484,0.00020155612,0.27169344,9.999999e-06
phone_presence_factorial_train_v1,phone_presence_train_0410,0.9992403,0.9919469,0.96908575,0.94221056,0.013181622
phone_presence_factorial_train_v1,phone_presence_train_0411,0.99999,0.9835814,0.99999,0.9582409,0.4021232
phone_presence_factorial_train_v1,phone_presence_train_0412,0.0033169265,0.013245838,9.999999e-06,0.44224092,0.0011818144
phone_presence_factorial_train_v1,phone_presence_train_0413,0.99657613,0.9934161,0.00039400355,0.48847234,9.999999e-06
phone_presence_factorial_train_v1,phone_presence_train_0414,0.89592856,0.6921973,0.0025861436,0.7542157,1.0536453e-05
phone_presence_factorial_train_v1,phone_presence_train_0415,0.9978126,0.95848125,0.8475877,0.047130037,2.8656159e-05
phone_presence_factorial_train_v1,phone_presence_train_0416,0.99983275,0.99972695,0.3063795,0.12842482,1.6051505e-05
phone_presence_factorial_train_v1,phone_presence_train_0417,0.9881009,0.64961594,0.99751747,0.52685255,0.0001484374
phone_presence_factorial_train_v1,phone_presence_train_0418,0.42081413,0.45468533,0.00061891484,0.2563161,9.999999e-06
phone_presence_factorial_train_v1,phone_presence_train_0419,0.9912237,0.9383016,0.0052489997,0.987563,0.1068714
phone_presence_factorial_train_v1,phone_presence_train_0420,0.99987364,0.9806707,0.99974555,0.67815024,0.104233354
phone_presence_factorial_train_v1,phone_presence_train_0421,0.8526118,0.5344191,0.19056056,0.2484309,9.999999e-06
phone_presence_factorial_train_v1,phone_presence_train_0422,0.98747116,0.9937605,0.00023371942,0.040911086,9.999999e-06
phone_presence_factorial_train_v1,phone_presence_train_0423,0.9977418,0.99941003,7.246756e-05,0.96498877,1.4043364e-05
phone_presence_factorial_train_v1,phone_presence_train_0424,0.09246716,0.05159424,3.187123e-05,0.62978065,9.999999e-06
phone_presence_factorial_train_v1,phone_presence_train_0425,0.9565232,0.8962231,0.0056958846,0.9442617,4.8879967e-05
phone_presence_factorial_train_v1,phone_presence_train_0426,0.5527109,0.21479449,0.0007112656,0.12247303,9.999999e-06
phone_presence_factorial_train_v1,phone_presence_train_0427,0.84180444,0.89136493,0.00022727122,0.21060304,9.999999e-06
phone_presence_factorial_train_v1,phone_presence_train_0428,0.99343723,0.99831665,0.00020858893,0.5149097,9.999999e-06
phone_presence_factorial_train_v1,phone_presence_train_0429,0.459119,0.62675893,0.00021991458,0.25172958,9.999999e-06
phone_presence_factorial_train_v1,phone_presence_train_0430,0.9646043,0.5276038,0.81615454,0.12378243,9.999999e-06
phone_presence_factorial_train_v1,phone_presence_train_0431,0.7594273,0.03355721,0.04764969,0.015927903,9.999999e-06
phone_presence_factorial_train_v1,phone_presence_train_0432,0.21368138,0.055250116,0.0058589303,0.0214276,9.999999e-06
phone_presence_factorial_train_v1,phone_presence_train_0433,0.95934504,0.96961,8.75621e-05,0.8820858,1.3142967e-05
phone_presence_factorial_train_v1,phone_presence_train_0434,0.99535733,0.9925206,0.008834703,0.8478388,9.999999e-06
phone_presence_factorial_train_v1,phone_presence_train_0435,0.05939523,0.020960195,0.00016383077,0.069913514,1.0023065e-05
phone_presence_factorial_train_v1,phone_presence_train_0436,0.0035715392,0.00039362174,0.006713431,0.056135084,7.222927e-05
phone_presence_factorial_train_v1,phone_presence_train_0437,0.21663652,0.06483413,0.007362982,0.97931814,0.045606997
phone_presence_factorial_train_v1,phone_presence_train_0438,0.115205385,0.15381336,0.011053271,0.57310396,2.0730613e-05
phone_presence_factorial_train_v1,phone_presence_train_0439,0.047135666,0.01342557,0.17222904,0.0417986,9.999999e-06
phone_presence_factorial_train_v1,phone_presence_train_0440,0.9824202,0.98536587,0.06942625,0.31606594,9.999999e-06
phone_presence_factorial_train_v1,phone_presence_train_0441,0.9946979,0.8970636,0.38122168,0.08722552,9.999999e-06
phone_presence_factorial_train_v1,phone_presence_train_0442,0.9960269,0.96482134,0.058676563,0.38552243,9.999999e-06
phone_presence_factorial_train_v1,phone_presence_train_0443,0.96643496,0.9081344,0.001336842,0.6375695,2.1264515e-05
phone_presence_factorial_train_v1,phone_presence_train_0444,0.926029,0.887703,0.00126751,0.30748624,9.999999e-06
phone_presence_factorial_train_v1,phone_presence_train_0445,0.93732363,0.6658606,0.31372592,0.013626173,9.999999e-06
phone_presence_factorial_train_v1,phone_presence_train_0446,0.99797267,0.9962501,0.07305657,0.72981745,9.999999e-06
phone_presence_factorial_train_v1,phone_presence_train_0447,0.98778045,0.68180996,0.63805526,0.008942015,9.999999e-06
phone_presence_factorial_train_v1,phone_presence_train_0448,0.9904731,0.99688244,0.0016503384,0.59545726,1.224996e-05
phone_presence_factorial_train_v1,phone_presence_train_0449,0.9959812,0.99739385,0.00033066492,0.75735235,9.999999e-06
phone_presence_factorial_train_v1,phone_presence_train_0450,0.93274045,0.50434065,0.72676027,0.09825327,1.0927488e-05
phone_presence_factorial_train_v1,phone_presence_train_0451,0.9316289,0.56762356,0.9995988,0.6053301,0.000104112114
phone_presence_factorial_train_v1,phone_presence_train_0452,0.21559982,0.2304774,0.0009962213,0.7642338,3.7499376e-05
phone_presence_factorial_train_v1,phone_presence_train_0453,0.99581724,0.99711084,7.239559e-05,0.84841454,9.999999e-06
phone_presence_factorial_train_v1,phone_presence_train_0454,0.7315392,0.9082534,0.00021629561,0.15207551,3.259662e-05
phone_presence_factorial_train_v1,phone_presence_train_0455,0.9951958,0.9819583,0.019240648,0.29260093,3.246289e-05
phone_presence_factorial_train_v1,phone_presence_train_0456,0.20656686,0.13334112,0.0014598499,0.08618033,9.999999e-06
phone_presence_factorial_train_v1,phone_presence_train_0457,0.2905416,0.3810279,0.0035341948,0.0020894948,9.999999e-06
phone_presence_factorial_train_v1,phone_presence_train_0458,0.62010944,0.56069165,0.0013324623,0.33897695,9.999999e-06
phone_presence_factorial_train_v1,phone_presence_train_0459,0.98485684,0.90740097,0.02155026,0.7951136,0.00079373823
phone_presence_factorial_train_v1,phone_presence_train_0460,0.19428205,0.026834954,0.0031655997,0.13456598,9.999999e-06
phone_presence_factorial_train_v1,phone_presence_train_0461,0.61087894,0.53623295,6.531586e-05,0.016510723,9.999999e-06
phone_presence_factorial_train_v1,phone_presence_train_0462,0.17983682,0.05363406,0.028614882,0.003761159,9.999999e-06
phone_presence_factorial_train_v1,phone_presence_train_0463,0.008496363,0.019726885,8.347415e-05,0.6408338,1.561688e-05
phone_presence_factorial_train_v1,phone_presence_train_0464,0.1918347,0.15546997,0.0034856594,0.279553,9.999999e-06
phone_presence_factorial_train_v1,phone_presence_train_0465,0.45675296,0.16879727,0.124924034,0.18008631,9.999999e-06
phone_presence_factorial_train_v1,phone_presence_train_0466,0.23194315,0.28541937,4.5771805e-05,0.017332762,9.999999e-06
phone_presence_factorial_train_v1,phone_presence_train_0467,0.88523453,0.7928915,0.015508635,0.25824168,9.999999e-06
phone_presence_factorial_train_v1,phone_presence_train_0468,0.8215381,0.75771534,0.00016743851,0.9856564,4.1667172e-05
phone_presence_factorial_train_v1,phone_presence_train_0469,0.42969033,0.14336058,0.0029997302,0.7553257,0.0005305371
phone_presence_factorial_train_v1,phone_presence_train_0470,0.10259355,0.18038142,0.00039219807,0.090796605,2.6289159e-05
phone_presence_factorial_train_v1,phone_presence_train_0471,0.013927798,0.0057496633,1.744031e-05,0.40611836,4.460368e-05
phone_presence_factorial_train_v1,phone_presence_train_0472,0.2948937,0.31860217,0.0003086669,0.10038005,9.999999e-06
phone_presence_factorial_train_v1,phone_presence_train_0473,0.98273116,0.98528105,0.00019348529,0.7538109,1.15586945e-05
phone_presence_factorial_train_v1,phone_presence_train_0474,0.21100673,0.09593994,0.00020219634,0.26886106,9.999999e-06
phone_presence_factorial_train_v1,phone_presence_train_0475,0.9956577,0.89690214,0.7998962,0.11838328,5.2953594e-05
phone_presence_factorial_train_v1,phone_presence_train_0476,0.8915473,0.7895748,0.005416602,0.21900348,1.31328425e-05
phone_presence_factorial_train_v1,phone_presence_train_0477,0.9278077,0.3494467,0.9815625,0.1312925,4.1262854e-05
phone_presence_factorial_train_v1,phone_presence_train_0478,0.14708059,0.09621597,6.928656e-05,0.81554383,9.999999e-06
phone_presence_factorial_train_v1,phone_presence_train_0479,0.5291915,0.62863195,1.6524771e-05,0.80046904,9.999999e-06
phone_presence_factorial_train_v1,phone_presence_train_0480,0.5515257,0.2077933,0.00046441288,0.024245266,9.999999e-06
phone_presence_factorial_train_v1,phone_presence_train_0481,0.8915473,0.7895748,0.005416602,0.21900348,1.31328425e-05
phone_presence_factorial_train_v1,phone_presence_train_0482,0.88667697,0.9311805,0.0017746809,0.2228228,9.999999e-06
phone_presence_factorial_train_v1,phone_presence_train_0483,0.9599336,0.99081576,0.0030251734,0.69264495,9.999999e-06
phone_presence_factorial_train_v1,phone_presence_train_0484,0.30454344,0.44363186,0.00059848966,0.9689043,0.010482467
phone_presence_factorial_train_v1,phone_presence_train_0485,0.99930024,0.65937686,0.99982494,0.9975915,0.990939
phone_presence_factorial_train_v1,phone_presence_train_0486,0.917112,0.12705512,0.9105007,0.19909076,3.383169e-05
phone_presence_factorial_train_v1,phone_presence_train_0487,0.0405484,0.11721182,7.953364e-05,0.01610867,9.999999e-06
phone_presence_factorial_train_v1,phone_presence_train_0488,0.9764484,0.98083246,0.0020948767,0.9018708,9.073817e-05
phone_presence_factorial_train_v1,phone_presence_train_0489,0.95924556,0.82021356,0.21425864,0.85985935,5.273217e-05
phone_presence_factorial_train_v1,phone_presence_train_0490,0.9826995,0.11673801,0.9986808,0.034664955,3.271281e-05
phone_presence_factorial_train_v1,phone_presence_train_0491,0.01193255,0.027028844,9.6787946e-05,0.09714868,9.999999e-06
phone_presence_factorial_train_v1,phone_presence_train_0492,0.9483797,0.9039647,0.0002756192,0.18922226,9.999999e-06
phone_presence_factorial_train_v1,phone_presence_train_0493,0.85390073,0.6233159,0.61561507,0.9005741,0.0036373672
phone_presence_factorial_train_v1,phone_presence_train_0494,0.9100848,0.9105756,7.0140006e-05,0.14022043,4.7143516e-05
phone_presence_factorial_train_v1,phone_presence_train_0495,0.3283251,0.22203007,0.0002807723,0.2642526,4.8781523e-05
phone_presence_factorial_train_v1,phone_presence_train_0496,0.9322908,0.27646145,0.09812341,0.002881485,9.999999e-06
phone_presence_factorial_train_v1,phone_presence_train_0497,0.81257385,0.8708478,0.0057931594,0.22639538,9.999999e-06
phone_presence_factorial_train_v1,phone_presence_train_0498,0.94911075,0.9551425,0.09815297,0.5820278,9.999999e-06
phone_presence_factorial_train_v1,phone_presence_train_0499,0.9825713,0.60303396,0.8342872,0.8529637,0.00012531935
phone_presence_factorial_train_v1,phone_presence_train_0500,0.11248147,0.0127096465,0.00046566516,0.6743474,4.0963623e-05
phone_presence_factorial_train_v1,phone_presence_train_0501,0.94962204,0.92289704,0.0002980525,0.17112936,9.999999e-06
phone_presence_factorial_train_v1,phone_presence_train_0502,0.14960319,0.077158414,0.38772076,0.0429769,9.999999e-06
phone_presence_factorial_train_v1,phone_presence_train_0503,0.9380278,0.8887701,8.473974e-05,0.57324076,6.0333725e-05
phone_presence_factorial_train_v1,phone_presence_train_0504,0.26206782,0.09150602,0.000303265,0.28064543,9.999999e-06
phone_presence_factorial_train_v1,phone_presence_train_0505,0.32735133,0.16811952,0.0023580976,0.0006028463,1.1217947e-05
phone_presence_factorial_train_v1,phone_presence_train_0506,0.98173517,0.8828755,0.56611514,0.58376056,0.00018798714
phone_presence_factorial_train_v1,phone_presence_train_0507,0.26320788,0.0472771,0.007292991,0.4127519,1.0756054e-05
phone_presence_factorial_train_v1,phone_presence_train_0508,0.38590586,0.36713567,4.7795507e-05,0.92405057,0.00012526498
phone_presence_factorial_train_v1,phone_presence_train_0509,0.14141151,0.17624635,0.00033035676,0.22304748,1.1173136e-05
phone_presence_factorial_train_v1,phone_presence_train_0510,0.23113917,0.09113476,0.052661754,0.25477946,3.5491004e-05
phone_presence_factorial_train_v1,phone_presence_train_0511,0.99585354,0.92023164,0.80603516,0.105854236,9.999999e-06
phone_presence_factorial_train_v1,phone_presence_train_0512,0.9896981,0.99260277,5.3827007e-05,0.94753087,0.0001098466
phone_presence_factorial_train_v1,phone_presence_train_0513,0.8844267,0.7448873,0.48047635,0.731662,3.726058e-05
phone_presence_factorial_train_v1,phone_presence_train_0514,0.88506603,0.77065355,0.00034250217,0.3488062,3.0389227e-05
phone_presence_factorial_train_v1,phone_presence_train_0515,0.9995449,0.9878768,0.8771654,0.3158161,9.999999e-06
phone_presence_factorial_train_v1,phone_presence_train_0516,0.083543286,0.11018932,0.00052546087,0.100826755,9.999999e-06
phone_presence_factorial_train_v1,phone_presence_train_0517,0.9936606,0.53036636,0.99409205,0.0101905735,2.8836155e-05
phone_presence_factorial_train_v1,phone_presence_train_0518,0.99998486,0.99964225,0.85865676,0.9857392,0.018285709
phone_presence_factorial_train_v1,phone_presence_train_0519,0.7585545,0.57518756,0.00051994034,0.82995737,1.5879517e-05
phone_presence_factorial_train_v1,phone_presence_train_0520,0.9840888,0.9716797,0.11369578,0.73468614,1.6311149e-05
phone_presence_factorial_train_v1,phone_presence_train_0521,0.9700388,0.49663886,0.53623414,0.8836823,0.00012690912
phone_presence_factorial_train_v1,phone_presence_train_0522,0.08826816,0.0048957765,0.06428048,0.88749605,0.001407994
phone_presence_factorial_train_v1,phone_presence_train_0523,0.9996082,0.9995447,0.00033630422,0.16008122,1.28053525e-05
phone_presence_factorial_train_v1,phone_presence_train_0524,0.12236591,0.068079434,0.000110532936,0.18254006,1.0937684e-05
phone_presence_factorial_train_v1,phone_presence_train_0525,0.8010335,0.13247643,0.19857344,0.05749439,1.43836705e-05
phone_presence_factorial_train_v1,phone_presence_train_0526,0.8531867,0.58648294,0.03386139,0.015181247,2.1038519e-05
phone_presence_factorial_train_v1,phone_presence_train_0527,0.007485653,0.012920254,0.0005575877,0.057308093,9.999999e-06
phone_presence_factorial_train_v1,phone_presence_train_0528,0.9760894,0.929224,0.00096976495,0.4352405,9.999999e-06
phone_presence_factorial_train_v1,phone_presence_train_0529,0.9939154,0.996491,3.1013e-05,0.9128999,7.0343965e-05
phone_presence_factorial_train_v1,phone_presence_train_0530,0.9999379,0.99983716,0.9599886,0.99945027,0.7154595
phone_presence_factorial_train_v1,phone_presence_train_0531,0.9890904,0.9960757,0.008026211,0.9016339,1.2898942e-05
phone_presence_factorial_train_v1,phone_presence_train_0532,0.99481887,0.9961278,0.18510921,0.92109424,1.60409e-05
phone_presence_factorial_train_v1,phone_presence_train_0533,0.96298414,0.98259467,0.009706015,0.5296365,9.999999e-06
phone_presence_factorial_train_v1,phone_presence_train_0534,0.057651773,0.030473696,0.000121105855,0.047591787,9.999999e-06
phone_presence_factorial_train_v1,phone_presence_train_0535,0.10259355,0.18038142,0.00039219807,0.090796605,2.6289159e-05
phone_presence_factorial_train_v1,phone_presence_train_0536,0.99994874,0.9883044,0.9979867,0.91780114,0.02868736
phone_presence_factorial_train_v1,phone_presence_train_0537,0.31725857,0.044568207,0.9348874,0.23738874,0.00013788558
phone_presence_factorial_train_v1,phone_presence_train_0538,0.25716743,0.23442888,0.00028372073,0.69003195,2.7844486e-05
phone_presence_factorial_train_v1,phone_presence_train_0539,0.81846505,0.71986324,0.00034239757,0.6433293,9.999999e-06
phone_presence_factorial_train_v1,phone_presence_train_0540,0.97959054,0.6577688,0.7710433,0.028465252,1.4945634e-05
phone_presence_factorial_train_v1,phone_presence_train_0541,0.037757065,0.0237677,6.852865e-05,0.13441518,0.0018402814
phone_presence_factorial_train_v1,phone_presence_train_0542,0.16410561,0.20944506,0.0002807426,0.19408979,3.4749417e-05
phone_presence_factorial_train_v1,phone_presence_train_0543,0.014360486,0.058347385,2.4756502e-05,0.9502621,2.1452455e-05
phone_presence_factorial_train_v1,phone_presence_train_0544,0.9906432,0.97986513,0.00016769863,0.93584627,1.3621053e-05
phone_presence_factorial_train_v1,phone_presence_train_0545,0.49873376,0.2555527,0.00020886118,0.54139954,1.1420264e-05
phone_presence_factorial_train_v1,phone_presence_train_0546,0.3548339,0.5044737,8.680902e-05,0.80493826,2.180493e-05
phone_presence_factorial_train_v1,phone_presence_train_0547,0.9987478,0.998348,0.08086562,0.004321868,1.7574614e-05
phone_presence_factorial_train_v1,phone_presence_train_0548,0.40989932,0.4078763,0.00017500379,0.7658495,0.00010637499
phone_presence_factorial_train_v1,phone_presence_train_0549,0.574561,0.6413285,0.00022657454,0.98567605,0.0004801329
phone_presence_factorial_train_v1,phone_presence_train_0550,0.868782,0.7201925,0.0116382195,0.16073897,9.999999e-06
phone_presence_factorial_train_v1,phone_presence_train_0551,0.0146863945,0.013301909,0.001616276,0.067206986,7.4511314e-05
phone_presence_factorial_train_v1,phone_presence_train_0552,0.9948377,0.99545765,0.017598478,0.088222966,9.999999e-06
phone_presence_factorial_train_v1,phone_presence_train_0553,0.2683489,0.806911,0.0004095267,0.8742524,1.7051283e-05
phone_presence_factorial_train_v1,phone_presence_train_0554,0.99932396,0.9966683,0.00072595256,0.63500196,7.272898e-05
phone_presence_factorial_train_v1,phone_presence_train_0555,0.99104697,0.9861899,0.038535416,0.027881911,9.999999e-06
phone_presence_factorial_train_v1,phone_presence_train_0556,0.9992525,0.9725725,0.960191,0.15974493,5.1500625e-05
phone_presence_factorial_train_v1,phone_presence_train_0557,0.61981577,0.5851232,0.0054624234,0.06500221,1.1895684e-05
phone_presence_factorial_train_v1,phone_presence_train_0558,0.9998209,0.9998209,0.0025747078,0.93152696,4.716042e-05
phone_presence_factorial_train_v1,phone_presence_train_0559,0.002028081,0.0045021097,3.498483e-05,0.95513374,1.8714694e-05
phone_presence_factorial_train_v1,phone_presence_train_0560,0.08018405,0.05502671,0.0024503164,0.73729306,5.203199e-05
phone_presence_factorial_train_v1,phone_presence_train_0561,0.99257314,0.988398,0.00642782,0.41090414,4.56145e-05
phone_presence_factorial_train_v1,phone_presence_train_0562,0.007395187,0.00454047,0.000105451894,0.44862983,9.999999e-06
phone_presence_factorial_train_v1,phone_presence_train_0563,0.8783714,0.87771827,0.0014005715,0.174541,9.999999e-06
phone_presence_factorial_train_v1,phone_presence_train_0564,0.4830942,0.15428323,0.84832275,0.46830693,0.0067947893
phone_presence_factorial_train_v1,phone_presence_train_0565,0.108345106,0.0070134457,0.65762514,0.0067532267,9.999999e-06
phone_presence_factorial_train_v1,phone_presence_train_0566,0.62309194,0.17277409,0.73139113,0.021117728,9.999999e-06
phone_presence_factorial_train_v1,phone_presence_train_0567,0.7468748,0.1254111,0.34438396,0.9314133,0.04505895
phone_presence_factorial_train_v1,phone_presence_train_0568,0.4430598,0.19474222,0.011827295,0.62060195,8.6198605e-05
phone_presence_factorial_train_v1,phone_presence_train_0569,0.16904879,0.14492792,0.00018015558,0.2732324,9.999999e-06
phone_presence_factorial_train_v1,phone_presence_train_0570,0.99551255,0.9893611,0.12133754,0.82172215,0.0005187822
phone_presence_factorial_train_v1,phone_presence_train_0571,0.039656024,0.05404275,4.115184e-05,0.023145724,9.999999e-06
phone_presence_factorial_train_v1,phone_presence_train_0572,0.0077483775,0.011069404,0.005050369,0.011369306,9.999999e-06
phone_presence_factorial_train_v1,phone_presence_train_0573,0.20318992,0.59788305,1.5604197e-05,0.36565474,9.999999e-06
phone_presence_factorial_train_v1,phone_presence_train_0574,0.99866545,0.99591774,0.004210211,0.39424798,1.9285215e-05
phone_presence_factorial_train_v1,phone_presence_train_0575,0.14081632,0.019189388,0.0153621035,0.975657,0.023787657
phone_presence_factorial_train_v1,phone_presence_train_0576,0.27011418,0.43591973,0.00024242298,0.14198,9.999999e-06
phone_presence_factorial_train_v1,phone_presence_train_0577,0.99459994,0.62417775,0.8664066,0.7344399,0.005754738
phone_presence_factorial_train_v1,phone_presence_train_0578,0.033963796,0.19245805,4.2654585e-05,0.9018856,9.781954e-05
phone_presence_factorial_train_v1,phone_presence_train_0579,0.91463524,0.96147853,0.00011709407,0.5823061,0.00021230234
phone_presence_factorial_train_v1,phone_presence_train_0580,0.0006872621,0.0015545632,0.0002501641,0.24621743,0.00032621768
phone_presence_factorial_train_v1,phone_presence_train_0581,0.36247703,0.35603404,2.2996353e-05,0.20938462,0.00014567465
phone_presence_factorial_train_v1,phone_presence_train_0582,0.9095016,0.9704616,5.741606e-05,0.87798125,2.5704543e-05
phone_presence_factorial_train_v1,phone_presence_train_0583,0.9828556,0.25496808,0.5849276,0.7763648,0.0022922321
phone_presence_factorial_train_v1,phone_presence_train_0584,0.4641912,0.24534337,0.0022630126,0.90125,0.00070634193
phone_presence_factorial_train_v1,phone_presence_train_0585,0.9017757,0.9193766,0.0060379305,0.072377585,9.999999e-06
phone_presence_factorial_train_v1,phone_presence_train_0586,0.99999,0.8126034,0.9999896,0.8205219,0.0060939332
phone_presence_factorial_train_v1,phone_presence_train_0587,0.38568902,0.021515755,0.21578853,0.23226106,9.999999e-06
phone_presence_factorial_train_v1,phone_presence_train_0588,0.63194084,0.6014575,0.0016448488,0.1556786,9.999999e-06
phone_presence_factorial_train_v1,phone_presence_train_0589,0.90680224,0.79743767,0.0012296776,0.72484833,0.00036851814
phone_presence_factorial_train_v1,phone_presence_train_0590,0.99933976,0.9844669,0.9986094,0.99945205,0.9779773
phone_presence_factorial_train_v1,phone_presence_train_0591,0.57079715,0.29016903,0.00043047458,0.06666276,9.999999e-06
phone_presence_factorial_train_v1,phone_presence_train_0592,0.7185328,0.30479458,0.85578513,0.0022246905,9.999999e-06
phone_presence_factorial_train_v1,phone_presence_train_0593,0.9836097,0.94412655,0.0003894373,0.7336213,0.00013028165
phone_presence_factorial_train_v1,phone_presence_train_0594,0.327102,0.3663446,1.1721629e-05,0.3789607,2.5665742e-05
phone_presence_factorial_train_v1,phone_presence_train_0595,0.9410273,0.29595932,0.9752587,0.3112717,0.0002384694
phone_presence_factorial_train_v1,phone_presence_train_0596,0.99585354,0.92023164,0.80603516,0.105854236,9.999999e-06
phone_presence_factorial_train_v1,phone_presence_train_0597,0.046102162,0.018362219,0.0003090986,0.9971289,0.0073652887
phone_presence_factorial_train_v1,phone_presence_train_0598,0.9999801,0.99222577,0.99976104,0.94266677,0.020491144
phone_presence_factorial_train_v1,phone_presence_train_0599,0.9958125,0.9814114,0.06163766,0.7771715,0.00015266072
phone_presence_factorial_train_v1,phone_presence_train_0600,0.057210285,0.024441218,4.629896e-05,0.058909226,9.999999e-06
phone_presence_factorial_train_v1,phone_presence_train_0601,0.9998615,0.9998499,0.0296858,0.7005707,4.7222256e-05
phone_presence_factorial_train_v1,phone_presence_train_0602,0.3592499,0.33485833,0.00043776107,0.64038295,1.4574857e-05
phone_presence_factorial_train_v1,phone_presence_train_0603,0.99423665,0.99529546,6.4512795e-05,0.72582835,9.999999e-06
phone_presence_factorial_train_v1,phone_presence_train_0604,0.8797903,0.8760382,0.00023076443,0.9604494,0.00015732192
phone_presence_factorial_train_v1,phone_presence_train_0605,0.69411296,0.3729719,0.00048094502,0.07000723,9.999999e-06
phone_presence_factorial_train_v1,phone_presence_train_0606,0.3464567,0.45155102,7.286253e-05,0.27174085,0.0001958201
phone_presence_factorial_train_v1,phone_presence_train_0607,0.9759102,0.6651748,0.99701023,0.56252694,4.854888e-05
phone_presence_factorial_train_v1,phone_presence_train_0608,0.9996747,0.99976164,0.08804177,0.9971693,0.011087396
phone_presence_factorial_train_v1,phone_presence_train_0609,0.036270242,0.04076412,2.8636216e-05,0.31899282,5.2562824e-05
phone_presence_factorial_train_v1,phone_presence_train_0610,0.9975719,0.9966133,0.0046560736,0.6855722,9.999999e-06
phone_presence_factorial_train_v1,phone_presence_train_0611,0.26742172,0.36063522,4.7934955e-05,0.5110711,0.00014620415
phone_presence_factorial_train_v1,phone_presence_train_0612,0.53794324,0.3767309,0.0010269774,0.12883736,1.277743e-05
phone_presence_factorial_train_v1,phone_presence_train_0613,0.7161045,0.6318422,0.0005728738,0.8673031,2.2537277e-05
phone_presence_factorial_train_v1,phone_presence_train_0614,0.30384314,0.25212538,9.034188e-05,0.39384586,2.4883515e-05
phone_presence_factorial_train_v1,phone_presence_train_0615,0.0020110675,0.004275323,0.00014000591,0.18777207,9.999999e-06
phone_presence_factorial_train_v1,phone_presence_train_0616,0.95145345,0.9441895,0.00044200628,0.039336637,9.999999e-06
phone_presence_factorial_train_v1,phone_presence_train_0617,0.0112149315,0.04615257,2.4409985e-05,0.065601625,9.999999e-06
phone_presence_factorial_train_v1,phone_presence_train_0618,0.9896863,0.98820215,0.013593443,0.93778133,1.2563798e-05
phone_presence_factorial_train_v1,phone_presence_train_0619,0.81863654,0.8635214,9.329376e-05,0.41066155,1.5514663e-05
phone_presence_factorial_train_v1,phone_presence_train_0620,0.9848439,0.9205077,0.086736865,0.7057493,4.2434967e-05
phone_presence_factorial_train_v1,phone_presence_train_0621,0.008213328,0.01495949,0.00014216076,0.17394309,1.22864285e-05
phone_presence_factorial_train_v1,phone_presence_train_0622,0.6938396,0.92050165,0.0006524259,0.6297087,2.9912737e-05
phone_presence_factorial_train_v1,phone_presence_train_0623,0.9999583,0.9998714,0.0024567752,0.7637625,0.0001409285
phone_presence_factorial_train_v1,phone_presence_train_0624,0.122721694,0.036543008,0.000115391296,0.94454986,0.00050728803
phone_presence_factorial_train_v1,phone_presence_train_0625,0.6466387,0.76696223,8.2480794e-05,0.4170502,1.8170149e-05
phone_presence_factorial_train_v1,phone_presence_train_0626,0.47873646,0.45369714,0.00012061145,0.11871158,9.999999e-06
phone_presence_factorial_train_v1,phone_presence_train_0627,0.014726614,0.076406926,9.3461254e-05,0.0982734,9.999999e-06
phone_presence_factorial_train_v1,phone_presence_train_0628,0.9055049,0.9185243,1.7218988e-05,0.99292433,0.0017447002
phone_presence_factorial_train_v1,phone_presence_train_0629,0.8698333,0.8742824,2.733958e-05,0.4938154,6.626754e-05
phone_presence_factorial_train_v1,phone_presence_train_0630,0.89781255,0.9881616,0.00017778632,0.49986854,1.653527e-05
phone_presence_factorial_train_v1,phone_presence_train_0631,0.8965329,0.45854002,0.0012402377,0.041974537,1.5952737e-05
phone_presence_factorial_train_v1,phone_presence_train_0632,0.0032329194,0.008873587,1.7524439e-05,0.45950463,9.999999e-06
phone_presence_factorial_train_v1,phone_presence_train_0633,0.9995074,0.999527,0.003318716,0.80189335,9.999999e-06
phone_presence_factorial_train_v1,phone_presence_train_0634,0.76937217,0.70209754,0.00033943282,0.3153876,7.5458534e-05
phone_presence_factorial_train_v1,phone_presence_train_0635,0.3105943,0.10056073,0.0044724713,0.06751882,9.999999e-06
phone_presence_factorial_train_v1,phone_presence_train_0636,0.9946979,0.8970636,0.38122168,0.08722552,9.999999e-06
phone_presence_factorial_train_v1,phone_presence_train_0637,0.1819535,0.08464289,0.061537247,0.04673954,9.999999e-06
phone_presence_factorial_train_v1,phone_presence_train_0638,0.95676494,0.97424656,3.7812908e-05,0.8010602,1.2424664e-05
phone_presence_factorial_train_v1,phone_presence_train_0639,0.0053952094,0.004678824,0.00086782925,0.10428172,9.999999e-06
phone_presence_factorial_train_v1,phone_presence_train_0640,0.016983066,0.006638719,9.8139266e-05,0.024012338,9.999999e-06
phone_presence_factorial_train_v1,phone_presence_train_0641,0.16099866,0.06399779,0.0012817321,0.014316728,9.999999e-06
phone_presence_factorial_train_v1,phone_presence_train_0642,0.8651599,0.75363785,0.7832538,0.3948295,3.675019e-05
phone_presence_factorial_train_v1,phone_presence_train_0643,0.05455814,0.099460006,0.00087440474,0.8625238,2.62854e-05
phone_presence_factorial_train_v1,phone_presence_train_0644,0.6536672,0.74718887,6.3550244e-05,0.6571142,9.999999e-06
phone_presence_factorial_train_v1,phone_presence_train_0645,0.94781184,0.95032024,0.002945674,0.6280371,2.2927354e-05
phone_presence_factorial_train_v1,phone_presence_train_0646,0.007318485,0.002315125,5.393599e-05,0.06843966,9.999999e-06
phone_presence_factorial_train_v1,phone_presence_train_0647,0.56024337,0.64542466,0.00012982715,0.066237636,9.999999e-06
phone_presence_factorial_train_v1,phone_presence_train_0648,0.979114,0.98799163,3.4353234e-05,0.9610624,0.00023668332
phone_presence_factorial_train_v1,phone_presence_train_0649,0.6256938,0.12965204,0.3446225,0.43263805,9.999999e-06
phone_presence_factorial_train_v1,phone_presence_train_0650,0.9990446,0.997875,0.04078345,0.01696607,8.915002e-05
phone_presence_factorial_train_v1,phone_presence_train_0651,0.17865327,0.047072355,0.0013408746,0.008107765,9.999999e-06
phone_presence_factorial_train_v1,phone_presence_train_0652,0.08058597,0.004964539,0.59852433,0.008629623,9.999999e-06
phone_presence_factorial_train_v1,phone_presence_train_0653,0.9782357,0.9941989,5.0501094e-05,0.11183491,9.999999e-06
phone_presence_factorial_train_v1,phone_presence_train_0654,0.996624,0.97771513,0.081907794,0.8879693,0.0009637383
phone_presence_factorial_train_v1,phone_presence_train_0655,0.41861105,0.0045289025,0.9904912,0.000114047536,9.999999e-06
phone_presence_factorial_train_v1,phone_presence_train_0656,0.9998499,0.99437547,0.9970662,0.97794104,0.46985948
phone_presence_factorial_train_v1,phone_presence_train_0657,0.7422822,0.2326365,0.0035591912,0.25904346,2.8909839e-05
phone_presence_factorial_train_v1,phone_presence_train_0658,0.026294744,0.01768958,6.750104e-05,0.9205589,1.5223004e-05
phone_presence_factorial_train_v1,phone_presence_train_0659,0.9967734,0.9813942,0.02289259,0.87884796,0.00020211287
phone_presence_factorial_train_v1,phone_presence_train_0660,0.2585336,0.10283642,0.0005166693,0.7450023,0.00048216718
phone_presence_factorial_train_v1,phone_presence_train_0661,0.03815019,0.022420434,0.00011102901,0.2896579,4.6099998e-05
phone_presence_factorial_train_v1,phone_presence_train_0662,0.9272098,0.824658,0.007698211,0.78724027,0.0718648
phone_presence_factorial_train_v1,phone_presence_train_0663,0.9721491,0.9606407,0.0027447203,0.33993006,9.999999e-06
phone_presence_factorial_train_v1,phone_presence_train_0664,0.9885833,0.9863188,0.029233234,0.69088113,9.999999e-06
phone_presence_factorial_train_v1,phone_presence_train_0665,0.3287239,0.15116446,0.89327455,0.26998597,2.7352931e-05
phone_presence_factorial_train_v1,phone_presence_train_0666,0.99990475,0.9843932,0.99915206,0.93203926,0.0018873743
phone_presence_factorial_train_v1,phone_presence_train_0667,0.012872033,0.030730685,0.0018571756,0.25905934,1.0828759e-05
phone_presence_factorial_train_v1,phone_presence_train_0668,0.63194084,0.6014575,0.0016448488,0.1556786,9.999999e-06
phone_presence_factorial_train_v1,phone_presence_train_0669,0.80533457,0.8574779,0.00012212893,0.062236153,9.999999e-06
phone_presence_factorial_train_v1,phone_presence_train_0670,0.7946893,0.08884299,0.992307,0.023490282,9.999999e-06
phone_presence_factorial_train_v1,phone_presence_train_0671,0.1983552,0.0058437963,0.22548193,0.0003228296,9.999999e-06
phone_presence_factorial_train_v1,phone_presence_train_0672,0.9733295,0.9716158,0.0003020482,0.028544132,9.999999e-06
phone_presence_factorial_train_v1,phone_presence_train_0673,0.9766813,0.90675724,0.14753583,0.71624994,2.0584124e-05
phone_presence_factorial_train_v1,phone_presence_train_0674,0.016474672,0.07807611,1.63378e-05,0.37218663,1.18366015e-05
phone_presence_factorial_train_v1,phone_presence_train_0675,0.107972674,0.06086553,0.00020273069,0.049584303,9.999999e-06
phone_presence_factorial_train_v1,phone_presence_train_0676,0.9931639,0.9832615,0.94615424,0.77517223,1.0711924e-05
phone_presence_factorial_train_v1,phone_presence_train_0677,0.11508252,0.016258964,0.00021836173,0.34189397,1.3296863e-05
phone_presence_factorial_train_v1,phone_presence_train_0678,0.24352963,0.066400915,0.0007726663,0.49703896,0.0011983818
phone_presence_factorial_train_v1,phone_presence_train_0679,0.95260984,0.9378431,0.0006560908,0.24011187,0.00036383938
phone_presence_factorial_train_v1,phone_presence_train_0680,0.7311521,0.06304114,0.0047156382,0.056163985,1.0804239e-05
phone_presence_factorial_train_v1,phone_presence_train_0681,0.060367182,0.018924724,0.00078601757,0.26121622,9.999999e-06
phone_presence_factorial_train_v1,phone_presence_train_0682,0.38472748,0.25937146,0.0025003478,0.30743316,2.3066857e-05
phone_presence_factorial_train_v1,phone_presence_train_0683,0.138364,0.6419296,7.96579e-05,0.5708864,1.8528162e-05
phone_presence_factorial_train_v1,phone_presence_train_0684,0.879632,0.91597617,2.6378813e-05,0.22499031,9.999999e-06
phone_presence_factorial_train_v1,phone_presence_train_0685,0.47268206,0.13365145,0.05405906,0.5973236,3.24951e-05
phone_presence_factorial_train_v1,phone_presence_train_0686,0.9707785,0.9486207,0.0004868604,0.09181212,9.999999e-06
phone_presence_factorial_train_v1,phone_presence_train_0687,0.5227605,0.77652186,9.284885e-05,0.4901986,1.3684853e-05
phone_presence_factorial_train_v1,phone_presence_train_0688,0.9996735,0.9997652,0.00028807533,0.5771778,9.999999e-06
phone_presence_factorial_train_v1,phone_presence_train_0689,0.013650331,0.0108388895,2.551843e-05,0.61990726,0.0002044108
phone_presence_factorial_train_v1,phone_presence_train_0690,0.9993998,0.99722385,0.25777304,0.96483475,0.00037961593
phone_presence_factorial_train_v1,phone_presence_train_0691,0.029106881,0.03575587,9.314273e-05,0.18664235,9.999999e-06
phone_presence_factorial_train_v1,phone_presence_train_0692,0.9977531,0.9785252,0.47363567,0.27378112,9.999999e-06
phone_presence_factorial_train_v1,phone_presence_train_0693,0.56092066,0.5217047,1.2895548e-05,0.7675327,0.00035602512
phone_presence_factorial_train_v1,phone_presence_train_0694,0.057651773,0.030473696,0.000121105855,0.047591787,9.999999e-06
phone_presence_factorial_train_v1,phone_presence_train_0695,0.09473197,0.0763199,0.001338481,0.47946635,9.999999e-06
phone_presence_factorial_train_v1,phone_presence_train_0696,0.41485825,0.5342902,0.00012354422,0.22897688,1.8337087e-05
phone_presence_factorial_train_v1,phone_presence_train_0697,0.19223696,0.30418795,0.000149901,0.02944156,9.999999e-06
phone_presence_factorial_train_v1,phone_presence_train_0698,0.99992204,0.9998361,0.00033480674,0.94944966,9.999999e-06
phone_presence_factorial_train_v1,phone_presence_train_0699,0.9757971,0.8590083,0.0028884658,0.3520798,5.9818576e-05
phone_presence_factorial_train_v1,phone_presence_train_0700,0.13445415,0.053117305,0.00018007126,0.104320124,9.999999e-06
phone_presence_factorial_train_v1,phone_presence_train_0701,0.8965329,0.45854002,0.0012402377,0.041974537,1.5952737e-05
phone_presence_factorial_train_v1,phone_presence_train_0702,0.9713117,0.89317954,0.0010507482,0.033274293,9.999999e-06
phone_presence_factorial_train_v1,phone_presence_train_0703,0.9776768,0.99093634,0.00069553993,0.9540422,1.0907675e-05
phone_presence_factorial_train_v1,phone_presence_train_0704,0.0016722947,0.005666919,4.1375308e-05,0.5260987,1.8638464e-05
phone_presence_factorial_train_v1,phone_presence_train_0705,0.64400804,0.2572456,0.18124388,0.7110945,2.0115474e-05
phone_presence_factorial_train_v1,phone_presence_train_0706,0.95314413,0.5093178,0.27962372,0.13379331,9.999999e-06
phone_presence_factorial_train_v1,phone_presence_train_0707,0.063698724,0.086448215,1.8170113e-05,0.718212,6.148245e-05
phone_presence_factorial_train_v1,phone_presence_train_0708,0.9455138,0.9788497,0.00016121649,0.9646622,7.327573e-05
phone_presence_factorial_train_v1,phone_presence_train_0709,0.81846505,0.71986324,0.00034239757,0.6433293,9.999999e-06
phone_presence_factorial_train_v1,phone_presence_train_0710,0.6727375,0.6826809,0.0016732566,0.06301674,9.999999e-06
phone_presence_factorial_train_v1,phone_presence_train_0711,0.04760427,0.05979663,9.6083175e-05,0.8350094,1.3308065e-05
phone_presence_factorial_train_v1,phone_presence_train_0712,0.9990318,0.9110795,0.99801373,0.12117296,4.022563e-05
phone_presence_factorial_train_v1,phone_presence_train_0713,0.946391,0.9873121,0.0001434604,0.41893542,1.4634356e-05
phone_presence_factorial_train_v1,phone_presence_train_0714,0.048491932,0.047578525,7.047288e-05,0.087891884,2.50159e-05
phone_presence_factorial_train_v1,phone_presence_train_0715,0.98610395,0.88654816,0.91822463,0.9975447,0.8265718
phone_presence_factorial_train_v1,phone_presence_train_0716,0.49372262,0.28680888,0.008467934,0.114764035,0.00011188233
phone_presence_factorial_train_v1,phone_presence_train_0717,0.95267516,0.97612596,0.014127009,0.77878004,9.999999e-06
phone_presence_factorial_train_v1,phone_presence_train_0718,0.07576437,0.112544246,0.00017823986,0.700403,9.999999e-06
phone_presence_factorial_train_v1,phone_presence_train_0719,0.118288875,0.016788159,0.00035591485,0.92106986,6.21155e-05
phone_presence_factorial_train_v1,phone_presence_train_0720,0.15161353,0.018415626,0.22677325,0.06706673,9.999999e-06
phone_presence_factorial_train_v1,phone_presence_train_0721,0.962125,0.95934063,9.9062476e-05,0.9607493,0.00011461324
phone_presence_factorial_train_v1,phone_presence_train_0722,0.9881009,0.64961594,0.99751747,0.52685255,0.0001484374
phone_presence_factorial_train_v1,phone_presence_train_0723,0.96196336,0.98061794,3.1634554e-05,0.25751656,9.999999e-06
phone_presence_factorial_train_v1,phone_presence_train_0724,0.50386393,0.3495996,0.00018017637,0.084219694,9.999999e-06
phone_presence_factorial_train_v1,phone_presence_train_0725,0.997591,0.9990792,0.00096193893,0.46366984,9.999999e-06
phone_presence_factorial_train_v1,phone_presence_train_0726,0.99997854,0.9986866,0.9998186,0.9192666,0.006450666
phone_presence_factorial_train_v1,phone_presence_train_0727,0.99604106,0.9969111,0.002155774,0.3201497,4.8432026e-05
phone_presence_factorial_train_v1,phone_presence_train_0728,0.9995833,0.9996043,0.003541793,0.769804,9.999999e-06
phone_presence_factorial_train_v1,phone_presence_train_0729,0.4232214,0.3269265,0.0053714444,0.38518724,1.0675068e-05
phone_presence_factorial_train_v1,phone_presence_train_0730,0.107972674,0.06086553,0.00020273069,0.049584303,9.999999e-06
phone_presence_factorial_train_v1,phone_presence_train_0731,0.8849012,0.30062917,0.19329575,0.09569598,3.256369e-05
phone_presence_factorial_train_v1,phone_presence_train_0732,0.993835,0.9931037,0.21337229,0.099087395,9.999999e-06
phone_presence_factorial_train_v1,phone_presence_train_0733,0.99852484,0.9988795,0.00030318202,0.30036724,4.0663388e-05
phone_presence_factorial_train_v1,phone_presence_train_0734,0.7831838,0.7609829,3.6679325e-05,0.8251045,1.9011071e-05
phone_presence_factorial_train_v1,phone_presence_train_0735,0.86996824,0.81568855,0.0007556025,0.75358456,9.999999e-06
phone_presence_factorial_train_v1,phone_presence_train_0736,0.03361584,0.07221915,1.0262564e-05,0.6514658,0.00020897093
phone_presence_factorial_train_v1,phone_presence_train_0737,0.96885663,0.706659,0.9321596,0.30961245,5.5500517e-05
phone_presence_factorial_train_v1,phone_presence_train_0738,0.8968493,0.9188482,4.202348e-05,0.37041605,9.999999e-06
phone_presence_factorial_train_v1,phone_presence_train_0739,0.7335495,0.5085963,0.00027866362,0.86895066,9.999999e-06
phone_presence_factorial_train_v1,phone_presence_train_0740,0.76257646,0.2596453,0.91992366,0.766734,0.10745225
phone_presence_factorial_train_v1,phone_presence_train_0741,0.99996626,0.9912252,0.99989724,0.13608724,0.0024005726
phone_presence_factorial_train_v1,phone_presence_train_0742,0.5227605,0.77652186,9.284885e-05,0.4901986,1.3684853e-05
phone_presence_factorial_train_v1,phone_presence_train_0743,0.99885345,0.9952484,0.5762051,0.99269485,0.012120952
phone_presence_factorial_train_v1,phone_presence_train_0744,0.5736101,0.60414404,2.2860415e-05,0.7790571,9.999999e-06
phone_presence_factorial_train_v1,phone_presence_train_0745,0.89781255,0.9881616,0.00017778632,0.49986854,1.653527e-05
phone_presence_factorial_train_v1,phone_presence_train_0746,0.788148,0.8676267,5.729726e-05,0.2317654,9.999999e-06
phone_presence_factorial_train_v1,phone_presence_train_0747,0.97493345,0.9895522,0.041160557,0.94814324,0.0052501154
phone_presence_factorial_train_v1,phone_presence_train_0748,0.97928256,0.91531485,0.98839533,0.99915385,0.8309566
phone_presence_factorial_train_v1,phone_presence_train_0749,0.19186121,0.15233599,0.11076372,0.020396298,9.999999e-06
phone_presence_factorial_train_v1,phone_presence_train_0750,0.99948174,0.9798759,0.9934291,0.90317774,0.00034455972
phone_presence_factorial_train_v1,phone_presence_train_0751,0.016860195,0.0014191834,0.24585454,0.96772623,0.0022925066
phone_presence_factorial_train_v1,phone_presence_train_0752,0.63147736,0.22105953,0.8480359,0.6394254,0.00010405564
phone_presence_factorial_train_v1,phone_presence_train_0753,0.99213785,0.9962042,0.021666812,0.89961755,0.00011153891
phone_presence_factorial_train_v1,phone_presence_train_0754,0.9987503,0.99769765,0.012697206,0.96206737,0.0002083977
phone_presence_factorial_train_v1,phone_presence_train_0755,0.9421086,0.63346004,0.004615702,0.015212084,9.999999e-06
phone_presence_factorial_train_v1,phone_presence_train_0756,0.51145744,0.011769154,0.8684038,0.47698933,6.853016e-05
phone_presence_factorial_train_v1,phone_presence_train_0757,0.9935215,0.9784347,0.0247056,0.8820662,4.5419867e-05
phone_presence_factorial_train_v1,phone_presence_train_0758,0.99689096,0.99886036,0.0014403351,0.8750097,6.0250874e-05
phone_presence_factorial_train_v1,phone_presence_train_0759,0.65562284,0.5596099,0.00051373534,0.008647423,9.999999e-06
phone_presence_factorial_train_v1,phone_presence_train_0760,0.9975719,0.9966133,0.0046560736,0.6855722,9.999999e-06
phone_presence_factorial_train_v1,phone_presence_train_0761,0.9993987,0.99932885,0.0009221797,0.6292974,0.00014716673
phone_presence_factorial_train_v1,phone_presence_train_0762,0.99999,0.9993604,0.99969196,0.9902632,0.07142483
phone_presence_factorial_train_v1,phone_presence_train_0763,0.99645776,0.9987037,0.010012889,0.8090322,1.10407445e-05
phone_presence_factorial_train_v1,phone_presence_train_0764,0.39062458,0.20374279,0.00027590472,0.24531129,9.999999e-06
phone_presence_factorial_train_v1,phone_presence_train_0765,0.87122464,0.8537049,0.005424144,0.62879974,9.999999e-06
phone_presence_factorial_train_v1,phone_presence_train_0766,0.3992078,0.11411331,0.004829717,0.41947344,9.999999e-06
phone_presence_factorial_train_v1,phone_presence_train_0767,0.013810994,0.022357397,0.00013591057,0.5008049,9.999999e-06
phone_presence_factorial_train_v1,phone_presence_train_0768,0.89331955,0.7916958,0.00025618493,0.22800493,9.999999e-06
phone_presence_factorial_train_v1,phone_presence_train_0769,0.0029871797,0.0111156115,8.29615e-05,0.22971985,9.999999e-06
phone_presence_factorial_train_v1,phone_presence_train_0770,0.36541024,0.017172668,0.9919993,0.9769189,0.011422323
phone_presence_factorial_train_v1,phone_presence_train_0771,0.8526118,0.5344191,0.19056056,0.2484309,9.999999e-06
phone_presence_factorial_train_v1,phone_presence_train_0772,0.05549034,0.0028037438,0.43523034,0.23128735,8.497992e-05
phone_presence_factorial_train_v1,phone_presence_train_0773,0.98273116,0.98528105,0.00019348529,0.7538109,1.15586945e-05
phone_presence_factorial_train_v1,phone_presence_train_0774,0.15856332,0.17712584,0.00025752178,0.7924684,9.999999e-06
phone_presence_factorial_train_v1,phone_presence_train_0775,0.1824679,0.08758137,0.008710701,0.26440737,6.4103755e-05
phone_presence_factorial_train_v1,phone_presence_train_0776,0.015046134,0.00057602016,0.3424162,0.051445924,2.220735e-05
phone_presence_factorial_train_v1,phone_presence_train_0777,0.0112149315,0.04615257,2.4409985e-05,0.065601625,9.999999e-06
phone_presence_factorial_train_v1,phone_presence_train_0778,0.26319426,0.38473755,7.03757e-05,0.76722413,9.999999e-06
phone_presence_factorial_train_v1,phone_presence_train_0779,0.013492886,0.019894265,0.00051157136,0.22607805,0.019873014
phone_presence_factorial_train_v1,phone_presence_train_0780,0.32416147,0.16978665,0.00046995658,0.009407185,9.999999e-06
phone_presence_factorial_train_v1,phone_presence_train_0781,0.06847128,0.009683912,0.005214686,0.05654381,9.999999e-06
phone_presence_factorial_train_v1,phone_presence_train_0782,0.05798878,0.008707161,0.5905936,0.4313844,9.999999e-06
phone_presence_factorial_train_v1,phone_presence_train_0783,0.9335361,0.9658275,0.00013777295,0.17608602,9.999999e-06
phone_presence_factorial_train_v1,phone_presence_train_0784,0.91819245,0.74314135,0.0005644369,0.28756472,0.00029900027
phone_presence_factorial_train_v1,phone_presence_train_0785,0.9882896,0.99449533,0.15615429,0.6856203,0.00032218423
phone_presence_factorial_train_v1,phone_presence_train_0786,0.99997854,0.9986866,0.9998186,0.9192666,0.006450666
phone_presence_factorial_train_v1,phone_presence_train_0787,0.00065887225,0.000847028,2.1559123e-05,0.7280198,9.999999e-06
phone_presence_factorial_train_v1,phone_presence_train_0788,0.33381185,0.13634025,0.00020077411,0.110267445,5.7774385e-05
phone_presence_factorial_train_v1,phone_presence_train_0789,0.8339877,0.75107837,0.00012412388,0.7601496,1.6595712e-05
phone_presence_factorial_train_v1,phone_presence_train_0790,0.99996495,0.99943703,0.99515116,0.89930046,0.0021438317
phone_presence_factorial_train_v1,phone_presence_train_0791,0.9962281,0.9844015,0.034335043,0.9600396,0.5555474
phone_presence_factorial_train_v1,phone_presence_train_0792,0.69688684,0.25749502,0.001117806,0.2848163,2.3399241e-05
phone_presence_factorial_train_v1,phone_presence_train_0793,0.9997218,0.99978167,0.004101376,0.81632406,9.999999e-06
phone_presence_factorial_train_v1,phone_presence_train_0794,0.9563156,0.96113706,0.00018311638,0.67665464,4.6222816e-05
phone_presence_factorial_train_v1,phone_presence_train_0795,0.7305482,0.2889311,0.00083525653,0.016867017,9.999999e-06
phone_presence_factorial_train_v1,phone_presence_train_0796,0.6448658,0.061454836,0.5923571,0.12156507,9.999999e-06
phone_presence_factorial_train_v1,phone_presence_train_0797,0.5647061,0.5800537,0.0003152352,0.5193654,9.999999e-06
phone_presence_factorial_train_v1,phone_presence_train_0798,0.5686984,0.45743003,5.153059e-05,0.4643117,9.999999e-06
phone_presence_factorial_train_v1,phone_presence_train_0799,0.96622837,0.97803223,0.00026954443,0.18910256,2.9927172e-05
phone_presence_factorial_train_v1,phone_presence_train_0800,0.114163324,0.06906832,0.009184004,0.5339026,0.99655044
phone_presence_factorial_train_v1,phone_presence_train_0801,0.091850445,0.07958582,2.288384e-05,0.91124195,0.9995807
phone_presence_factorial_train_v1,phone_presence_train_0802,0.99959224,0.72535384,0.9974606,0.9970266,0.99993443
phone_presence_factorial_train_v1,phone_presence_train_0803,0.3626681,0.1896696,0.010457005,0.77042997,0.9986727
phone_presence_factorial_train_v1,phone_presence_train_0804,0.062251393,0.004853233,0.08030239,0.07940846,0.9943217
phone_presence_factorial_train_v1,phone_presence_train_0805,0.79995376,0.11889231,0.76620907,0.96358955,0.9998204
phone_presence_factorial_train_v1,phone_presence_train_0806,0.030992523,0.04294156,0.0019526576,0.35333833,0.9990988
phone_presence_factorial_train_v1,phone_presence_train_0807,0.16127262,0.04898755,0.55761594,0.989293,0.99994516
phone_presence_factorial_train_v1,phone_presence_train_0808,0.9783449,0.9584668,0.01820717,0.9973442,0.99974877
phone_presence_factorial_train_v1,phone_presence_train_0809,0.96639556,0.9088916,0.022214137,0.9979346,0.8340246
phone_presence_factorial_train_v1,phone_presence_train_0810,0.9925734,0.42474812,0.986214,0.996357,0.99998164
phone_presence_factorial_train_v1,phone_presence_train_0811,0.015220372,0.016178073,7.91314e-05,0.97012246,0.9981511
phone_presence_factorial_train_v1,phone_presence_train_0812,0.8800775,0.8614983,0.00011948231,0.98676205,0.9994709
phone_presence_factorial_train_v1,phone_presence_train_0813,0.99765766,0.9811063,0.6963742,0.99776006,0.9998234
phone_presence_factorial_train_v1,phone_presence_train_0814,0.092066094,0.08188528,7.645986e-05,0.41552332,0.99876297
phone_presence_factorial_train_v1,phone_presence_train_0815,0.58058405,0.6997601,4.5667995e-05,0.98180974,0.99725384
phone_presence_factorial_train_v1,phone_presence_train_0816,0.030331654,0.018433651,0.0032555368,0.7532739,0.99995005
phone_presence_factorial_train_v1,phone_presence_train_0817,0.9865726,0.9074319,0.05566088,0.9975503,0.9999442
phone_presence_factorial_train_v1,phone_presence_train_0818,0.25810942,0.24133185,1.8859748e-05,0.6916075,0.9567175
phone_presence_factorial_train_v1,phone_presence_train_0819,0.008934619,0.032149855,0.00011813168,0.69620866,0.9960179
phone_presence_factorial_train_v1,phone_presence_train_0820,0.46040815,0.17108195,0.15335755,0.6934704,0.9942688
phone_presence_factorial_train_v1,phone_presence_train_0821,0.9989409,0.28396687,0.9997546,0.79034144,0.99967086
phone_presence_factorial_train_v1,phone_presence_train_0822,0.57537436,0.48214513,0.0017892665,0.98656726,0.9794652
phone_presence_factorial_train_v1,phone_presence_train_0823,0.2843252,0.12568972,0.006670173,0.4308801,0.9999887
phone_presence_factorial_train_v1,phone_presence_train_0824,0.0058282977,0.013478632,5.6038407e-05,0.79200274,0.99934477
phone_presence_factorial_train_v1,phone_presence_train_0825,0.99988663,0.8372623,0.99985576,0.9995869,0.9999434
phone_presence_factorial_train_v1,phone_presence_train_0826,0.53005534,0.5518946,0.00021389956,0.90116036,0.9997073
phone_presence_factorial_train_v1,phone_presence_train_0827,0.05180629,0.046917528,0.00014520161,0.35017112,0.9990007
phone_presence_factorial_train_v1,phone_presence_train_0828,0.77683973,0.5810053,0.0023507266,0.9988422,0.9996803
phone_presence_factorial_train_v1,phone_presence_train_0829,0.052611798,0.12248,0.001727712,0.74430865,0.99968755
phone_presence_factorial_train_v1,phone_presence_train_0830,0.010962726,0.06364669,2.849494e-05,0.22718485,0.92927396
phone_presence_factorial_train_v1,phone_presence_train_0831,0.41037723,0.37687096,4.0680803e-05,0.9960622,0.99998784
phone_presence_factorial_train_v1,phone_presence_train_0832,0.062017556,0.0230782,0.0008337096,0.61705005,0.23015848
phone_presence_factorial_train_v1,phone_presence_train_0833,0.436508,0.19929256,9.1002024e-05,0.56522435,0.9945471
phone_presence_factorial_train_v1,phone_presence_train_0834,0.2856156,0.3851282,0.025720857,0.6860349,0.99979645
phone_presence_factorial_train_v1,phone_presence_train_0835,0.9991278,0.6270237,0.9979621,0.5745041,0.052929208
phone_presence_factorial_train_v1,phone_presence_train_0836,0.06315858,0.059100542,0.02160756,0.97083235,0.9955669
phone_presence_factorial_train_v1,phone_presence_train_0837,0.014591778,0.023052884,9.999999e-06,0.9736496,0.99875486
phone_presence_factorial_train_v1,phone_presence_train_0838,0.0042846873,0.022229832,1.0327372e-05,0.6494518,0.9849806
phone_presence_factorial_train_v1,phone_presence_train_0839,0.0011907916,0.0033703505,0.00012099724,0.9078344,0.9953081
phone_presence_factorial_train_v1,phone_presence_train_0840,0.5522844,0.42996234,0.0012282074,0.98436964,0.99982244
phone_presence_factorial_train_v1,phone_presence_train_0841,0.27864793,0.24567707,0.0004494088,0.9425637,0.99884963
phone_presence_factorial_train_v1,phone_presence_train_0842,0.4617999,0.5900312,0.00011682428,0.74364287,0.99792576
phone_presence_factorial_train_v1,phone_presence_train_0843,0.2270121,0.053333133,0.9664942,0.73358756,0.9999839
phone_presence_factorial_train_v1,phone_presence_train_0844,0.8754812,0.072930895,0.75953066,0.7879112,0.99959296
phone_presence_factorial_train_v1,phone_presence_train_0845,0.9987079,0.6001733,0.99906117,0.98544717,0.99989045
phone_presence_factorial_train_v1,phone_presence_train_0846,0.7080937,0.49325126,1.3490589e-05,0.9993468,0.99999
phone_presence_factorial_train_v1,phone_presence_train_0847,0.81454843,0.288922,0.74732417,0.23599021,0.99790937
phone_presence_factorial_train_v1,phone_presence_train_0848,0.011512413,0.021595405,0.00013480317,0.73147506,0.99907887
phone_presence_factorial_train_v1,phone_presence_train_0849,0.4026847,0.09201051,0.1527815,0.7432067,0.9996729
phone_presence_factorial_train_v1,phone_presence_train_0850,0.25268835,0.4115515,0.0001202481,0.07719905,0.89764446
phone_presence_factorial_train_v1,phone_presence_train_0851,0.25256073,0.31366575,2.4919418e-05,0.43812373,0.98582643
phone_presence_factorial_train_v1,phone_presence_train_0852,0.015251658,0.01933746,0.00036763598,0.9017103,0.9999343
phone_presence_factorial_train_v1,phone_presence_train_0853,0.11957709,0.122932285,0.00012161366,0.9571635,0.99994123
phone_presence_factorial_train_v1,phone_presence_train_0854,0.2039795,0.20036206,3.3853896e-05,0.59255373,0.99897754
phone_presence_factorial_train_v1,phone_presence_train_0855,0.99922764,0.992663,0.5338967,0.9991615,0.9959772
phone_presence_factorial_train_v1,phone_presence_train_0856,0.08420211,0.09599714,0.0004520596,0.69842404,0.99962723
phone_presence_factorial_train_v1,phone_presence_train_0857,0.99965084,0.9997867,0.0003765623,0.9974855,0.9827095
phone_presence_factorial_train_v1,phone_presence_train_0858,0.9982969,0.50693274,0.9769911,0.98683447,0.99993813
phone_presence_factorial_train_v1,phone_presence_train_0859,0.09070567,0.17512168,0.0048238533,0.8131513,0.9999342
phone_presence_factorial_train_v1,phone_presence_train_0860,0.65516967,0.4822142,0.000495019,0.9907595,0.99915624
phone_presence_factorial_train_v1,phone_presence_train_0861,0.9563582,0.953528,0.00017049619,0.9984092,0.999816
phone_presence_factorial_train_v1,phone_presence_train_0862,0.6856495,0.8075332,0.0014858539,0.8978284,0.9982443
phone_presence_factorial_train_v1,phone_presence_train_0863,0.11222672,0.31617984,0.000270676,0.9809109,0.9999893
phone_presence_factorial_train_v1,phone_presence_train_0864,0.9959693,0.85066885,0.83263874,0.96271425,0.9993843
phone_presence_factorial_train_v1,phone_presence_train_0865,0.0004930428,0.00043775505,1.6859578e-05,0.99808013,0.9996464
phone_presence_factorial_train_v1,phone_presence_train_0866,0.041921973,0.007497718,5.5443597e-05,0.98750013,0.9997141
phone_presence_factorial_train_v1,phone_presence_train_0867,0.7319619,0.24484037,0.018304378,0.9946519,0.99986875
phone_presence_factorial_train_v1,phone_presence_train_0868,0.19310215,0.44357583,2.232733e-05,0.7837673,0.99550676
phone_presence_factorial_train_v1,phone_presence_train_0869,0.9217337,0.95644873,0.00015442904,0.9442848,0.9200827
phone_presence_factorial_train_v1,phone_presence_train_0870,0.968328,0.8085474,0.05626801,0.99757725,0.9999783
phone_presence_factorial_train_v1,phone_presence_train_0871,0.74078816,0.6612485,0.0062211626,0.9914471,0.99997604
phone_presence_factorial_train_v1,phone_presence_train_0872,0.9969283,0.149516,0.9966338,0.9917144,0.99989223
phone_presence_factorial_train_v1,phone_presence_train_0873,0.99509084,0.9874987,0.0004367678,0.99566203,0.9982534
phone_presence_factorial_train_v1,phone_presence_train_0874,0.591801,0.043002654,0.7828511,0.90700537,0.9999434
phone_presence_factorial_train_v1,phone_presence_train_0875,0.051843286,0.12101111,6.624277e-05,0.9895837,0.9999465
phone_presence_factorial_train_v1,phone_presence_train_0876,0.8614727,0.8921481,0.003932922,0.5006336,0.96025574
phone_presence_factorial_train_v1,phone_presence_train_0877,0.67809266,0.6877348,0.008420977,0.998735,0.4799546
phone_presence_factorial_train_v1,phone_presence_train_0878,0.013270689,0.05198569,1.0210463e-05,0.908702,0.9986029
phone_presence_factorial_train_v1,phone_presence_train_0879,0.009674455,0.011434002,0.0011719447,0.8390969,0.99973565
phone_presence_factorial_train_v1,phone_presence_train_0880,0.14828697,0.106775925,2.1538943e-05,0.99231637,0.9971758
phone_presence_factorial_train_v1,phone_presence_train_0881,0.7143802,0.1654631,0.6304593,0.99785185,0.9998653
phone_presence_factorial_train_v1,phone_presence_train_0882,0.9570434,0.040597532,0.9716964,0.49024507,0.99966955
phone_presence_factorial_train_v1,phone_presence_train_0883,0.97808903,0.98465157,0.0015193507,0.998497,0.99968874
phone_presence_factorial_train_v1,phone_presence_train_0884,0.88777256,0.026622277,0.8387468,0.3241107,0.9967237
phone_presence_factorial_train_v1,phone_presence_train_0885,0.094092295,0.1880715,1.4077706e-05,0.72728074,0.9941789
phone_presence_factorial_train_v1,phone_presence_train_0886,0.48463863,0.42122558,0.00030411998,0.7277315,0.9969367
phone_presence_factorial_train_v1,phone_presence_train_0887,0.63037616,0.43987048,0.0007225368,0.9412821,0.9999453
phone_presence_factorial_train_v1,phone_presence_train_0888,0.030342076,0.04208413,0.00021197971,0.31046978,0.9304272
phone_presence_factorial_train_v1,phone_presence_train_0889,0.22875498,0.23195225,0.0009968864,0.57270426,0.99973124
phone_presence_factorial_train_v1,phone_presence_train_0890,0.9993142,0.4115329,0.99967194,0.9863588,0.99996245
phone_presence_factorial_train_v1,phone_presence_train_0891,0.74133664,0.2491403,0.71877927,0.7927759,0.9997392
phone_presence_factorial_train_v1,phone_presence_train_0892,0.5122192,0.5838073,0.00021311197,0.8185698,0.9988611
phone_presence_factorial_train_v1,phone_presence_train_0893,0.9881769,0.05571015,0.9503252,0.47734645,0.9999021
phone_presence_factorial_train_v1,phone_presence_train_0894,0.0126582915,0.023472754,0.00085400784,0.057475273,0.40784347
phone_presence_factorial_train_v1,phone_presence_train_0895,0.55437136,0.25714132,0.0044846153,0.9004645,0.99453294
phone_presence_factorial_train_v1,phone_presence_train_0896,0.9731748,0.8479275,0.0011537293,0.98877114,0.9937643
phone_presence_factorial_train_v1,phone_presence_train_0897,0.99613935,0.83820987,0.5029847,0.9997135,0.99996924
phone_presence_factorial_train_v1,phone_presence_train_0898,0.009627826,0.029670134,9.787534e-05,0.7381405,0.99868244
phone_presence_factorial_train_v1,phone_presence_train_0899,0.0030374916,0.012922547,5.6699362e-05,0.9929981,0.97498375
phone_presence_factorial_train_v1,phone_presence_train_0900,0.9997857,0.7502987,0.9999695,0.99281764,0.9999771
phone_presence_factorial_train_v1,phone_presence_train_0901,0.99584407,0.014404395,0.9970266,0.9723594,0.99905926
phone_presence_factorial_train_v1,phone_presence_train_0902,0.059699725,0.12488329,0.00012978927,0.9713912,0.0011924868
phone_presence_factorial_train_v1,phone_presence_train_0903,0.1970789,0.15966766,0.0034327786,0.9753062,0.999966
phone_presence_factorial_train_v1,phone_presence_train_0904,0.112450145,0.15994304,7.131938e-05,0.67729867,0.87426704
phone_presence_factorial_train_v1,phone_presence_train_0905,0.97033745,0.02572764,0.9423815,0.07381397,0.9995623
phone_presence_factorial_train_v1,phone_presence_train_0906,0.03564136,0.016145758,0.00037598785,0.93744504,0.98464346
phone_presence_factorial_train_v1,phone_presence_train_0907,0.11288579,0.030158734,0.07324358,0.6824778,0.99997413
phone_presence_factorial_train_v1,phone_presence_train_0908,0.9313596,0.74524796,0.08446638,0.99887973,0.9999573
phone_presence_factorial_train_v1,phone_presence_train_0909,0.024755022,0.041552097,0.020660888,0.9861044,0.999775
phone_presence_factorial_train_v1,phone_presence_train_0910,0.78198135,0.73178774,0.13082463,0.96423,0.9999031
phone_presence_factorial_train_v1,phone_presence_train_0911,0.6683823,0.38544092,0.00011981751,0.9867556,0.86552083
phone_presence_factorial_train_v1,phone_presence_train_0912,0.55070215,0.3142844,0.033917934,0.8006041,0.9998778
phone_presence_factorial_train_v1,phone_presence_train_0913,0.007388515,0.014988678,0.00023528427,0.9150846,0.99986327
phone_presence_factorial_train_v1,phone_presence_train_0914,0.09005577,0.035482105,0.027194072,0.18308473,0.9936299
phone_presence_factorial_train_v1,phone_presence_train_0915,0.99453616,0.9467299,0.7979388,0.3088918,0.9993331
phone_presence_factorial_train_v1,phone_presence_train_0916,0.38565043,0.15676537,0.04911757,0.4148374,0.99946517
phone_presence_factorial_train_v1,phone_presence_train_0917,0.99980515,0.9655011,0.9997055,0.8192154,0.9998796
phone_presence_factorial_train_v1,phone_presence_train_0918,0.9739013,0.967094,0.0029685136,0.99801564,0.85065955
phone_presence_factorial_train_v1,phone_presence_train_0919,0.8091157,0.48620892,0.6874806,0.4120317,0.9994234
phone_presence_factorial_train_v1,phone_presence_train_0920,0.98190135,0.9691994,0.00022066548,0.93040717,0.9829579
phone_presence_factorial_train_v1,phone_presence_train_0921,0.90900105,0.0058163684,0.9272997,0.063294776,0.9734865
phone_presence_factorial_train_v1,phone_presence_train_0922,0.04373658,0.012552732,0.0027755443,0.99135524,0.100745276
phone_presence_factorial_train_v1,phone_presence_train_0923,0.66132534,0.35625216,0.0044650403,0.50612926,0.9998362
phone_presence_factorial_train_v1,phone_presence_train_0924,0.9193256,0.44954896,0.8413894,0.114144325,0.5405808
phone_presence_factorial_train_v1,phone_presence_train_0925,0.31987867,0.07059802,0.051102526,0.9959423,0.9999566
phone_presence_factorial_train_v1,phone_presence_train_0926,0.998955,0.22002634,0.99796695,0.99384874,0.9994066
phone_presence_factorial_train_v1,phone_presence_train_0927,0.92005277,0.75567883,0.14341427,0.99336904,0.9999502
phone_presence_factorial_train_v1,phone_presence_train_0928,0.039962865,0.09027336,1.2215208e-05,0.70182145,0.7948081
phone_presence_factorial_train_v1,phone_presence_train_0929,0.035908278,0.19958681,5.1053692e-05,0.90457606,0.99322116
phone_presence_factorial_train_v1,phone_presence_train_0930,0.029388549,0.057901494,6.014668e-05,0.94541514,0.99853146
phone_presence_factorial_train_v1,phone_presence_train_0931,0.9959597,0.9825514,0.031634897,0.9994228,0.9796085
phone_presence_factorial_train_v1,phone_presence_train_0932,0.11347577,0.17328356,3.094222e-05,0.4404637,0.99794286
phone_presence_factorial_train_v1,phone_presence_train_0933,0.98504454,0.9463045,0.0009184259,0.9855224,0.9996105
phone_presence_factorial_train_v1,phone_presence_train_0934,0.51776505,0.6046767,0.01476303,0.898292,0.99994445
phone_presence_factorial_train_v1,phone_presence_train_0935,0.9994111,0.88901013,0.9977003,0.999481,0.9999577
phone_presence_factorial_train_v1,phone_presence_train_0936,0.21805348,0.27020296,8.102796e-05,0.6400472,0.99498665
phone_presence_factorial_train_v1,phone_presence_train_0937,0.5751225,0.62298936,0.00019981315,0.88007444,0.99791116
phone_presence_factorial_train_v1,phone_presence_train_0938,0.158005,0.31464046,0.0033428622,0.9940626,0.9995036
phone_presence_factorial_train_v1,phone_presence_train_0939,0.15525016,0.09341401,0.0014710824,0.33881408,0.97508824
phone_presence_factorial_train_v1,phone_presence_train_0940,0.22632323,0.386592,9.999999e-06,0.9597734,0.9996045
phone_presence_factorial_train_v1,phone_presence_train_0941,0.13926561,0.13023604,0.0011326115,0.75556123,0.99990904
phone_presence_factorial_train_v1,phone_presence_train_0942,0.023764828,0.022538014,3.4432873e-05,0.57121754,0.9935446
phone_presence_factorial_train_v1,phone_presence_train_0943,0.0038360187,0.012560618,3.3189433e-05,0.9993345,0.9998098
phone_presence_factorial_train_v1,phone_presence_train_0944,0.47055274,0.0603024,0.018943507,0.9251907,0.9903656
phone_presence_factorial_train_v1,phone_presence_train_0945,0.24466415,0.16554289,0.0378978,0.9969406,0.99786395
phone_presence_factorial_train_v1,phone_presence_train_0946,0.060031652,0.09378481,2.567862e-05,0.8787085,0.9994648
phone_presence_factorial_train_v1,phone_presence_train_0947,0.3494398,0.20445216,0.0006234896,0.9806512,0.99808264
phone_presence_factorial_train_v1,phone_presence_train_0948,0.902602,0.8621242,0.00024412153,0.7375725,0.96566844
phone_presence_factorial_train_v1,phone_presence_train_0949,0.92265576,0.7424316,0.005492178,0.96300894,0.9994961
phone_presence_factorial_train_v1,phone_presence_train_0950,0.62224406,0.08440599,0.0074141477,0.9991586,0.9975769
phone_presence_factorial_train_v1,phone_presence_train_0951,0.99989593,0.07527443,0.99986553,0.99123853,0.99999
phone_presence_factorial_train_v1,phone_presence_train_0952,0.46866524,0.56504613,5.900338e-05,0.73384136,0.98616135
phone_presence_factorial_train_v1,phone_presence_train_0953,0.5944364,0.31123075,0.0020794116,0.7303272,0.9997969
phone_presence_factorial_train_v1,phone_presence_train_0954,0.5876331,0.3065963,0.14430782,0.5001639,0.9996599
phone_presence_factorial_train_v1,phone_presence_train_0955,0.3370535,0.624033,4.1021445e-05,0.99395365,0.99970055
phone_presence_factorial_train_v1,phone_presence_train_0956,0.9576311,0.945245,0.0023344662,0.99106264,0.99999
phone_presence_factorial_train_v1,phone_presence_train_0957,0.31576553,0.4398035,0.008343208,0.8832352,0.9996611
phone_presence_factorial_train_v1,phone_presence_train_0958,0.49596786,0.22455496,0.0069667143,0.9571026,0.99992347
phone_presence_factorial_train_v1,phone_presence_train_0959,0.58154756,0.3863891,0.003999594,0.94128007,0.99994934
phone_presence_factorial_train_v1,phone_presence_train_0960,0.9888892,0.24454074,0.99489343,0.9968054,0.9999722
phone_presence_factorial_train_v1,phone_presence_train_0961,0.99229187,0.12289581,0.9988507,0.58440226,0.9999635
phone_presence_factorial_train_v1,phone_presence_train_0962,0.84887886,0.8134047,8.258846e-05,0.998784,0.9999424
phone_presence_factorial_train_v1,phone_presence_train_0963,0.026867379,0.032170337,2.1849726e-05,0.9646134,0.9999305
phone_presence_factorial_train_v1,phone_presence_train_0964,0.0292991,0.09484183,0.00022560554,0.3042637,0.99258775
phone_presence_factorial_train_v1,phone_presence_train_0965,0.01168108,0.029106513,2.6390213e-05,0.7197702,0.9549369
phone_presence_factorial_train_v1,phone_presence_train_0966,0.9904867,0.97559434,0.018399494,0.9792219,0.9999275
phone_presence_factorial_train_v1,phone_presence_train_0967,0.45640236,0.48255172,6.454972e-05,0.7552145,0.9997522
phone_presence_factorial_train_v1,phone_presence_train_0968,0.48217663,0.34827885,0.0007917552,0.9529401,0.9999633
phone_presence_factorial_train_v1,phone_presence_train_0969,0.9289041,0.72213155,0.035334148,0.9959544,0.999985
phone_presence_factorial_train_v1,phone_presence_train_0970,0.88987786,0.20155318,0.9536416,0.52253836,0.9992544
phone_presence_factorial_train_v1,phone_presence_train_0971,0.6886833,0.2828752,3.326669e-05,0.9996507,0.9993913
phone_presence_factorial_train_v1,phone_presence_train_0972,0.19236246,0.114044696,0.000116735864,0.9601654,0.94348073
phone_presence_factorial_train_v1,phone_presence_train_0973,0.5342749,0.3295517,0.00041896038,0.82037884,0.9972138
phone_presence_factorial_train_v1,phone_presence_train_0974,0.96389884,0.015889926,0.98192525,0.65029377,0.99991286
phone_presence_factorial_train_v1,phone_presence_train_0975,0.119037084,0.21361634,3.14633e-05,0.933865,0.9981723
phone_presence_factorial_train_v1,phone_presence_train_0976,0.00693622,0.00886281,5.762016e-05,0.96666014,0.9969031
phone_presence_factorial_train_v1,phone_presence_train_0977,0.88884735,0.85698074,3.424164e-05,0.9617413,0.99999
phone_presence_factorial_train_v1,phone_presence_train_0978,0.2653798,0.17697531,8.5868145e-05,0.9525257,0.9999511
phone_presence_factorial_train_v1,phone_presence_train_0979,0.13322587,0.19239025,0.0010765976,0.83764315,0.99847347
phone_presence_factorial_train_v1,phone_presence_train_0980,0.057771336,0.05244502,3.089899e-05,0.97437954,0.98578274
phone_presence_factorial_train_v1,phone_presence_train_0981,0.023326103,0.036818855,3.0564424e-05,0.9988651,0.9998841
phone_presence_factorial_train_v1,phone_presence_train_0982,0.049985714,0.11060212,0.00015814521,0.8748239,0.9991567
phone_presence_factorial_train_v1,phone_presence_train_0983,0.34438214,0.15717275,0.00017582401,0.9984276,0.99538416
phone_presence_factorial_train_v1,phone_presence_train_0984,0.7974439,0.67044604,0.060808927,0.48240566,0.85630107
phone_presence_factorial_train_v1,phone_presence_train_0985,0.51686,0.32301992,0.00027663805,0.99701166,0.99978954
phone_presence_factorial_train_v1,phone_presence_train_0986,0.99996316,0.38165742,0.99997294,0.9744926,0.99444973
phone_presence_factorial_train_v1,phone_presence_train_0987,0.2070753,0.23376451,6.699098e-05,0.99967146,0.9998903
phone_presence_factorial_train_v1,phone_presence_train_0988,0.050318256,0.053674553,7.869382e-05,0.15001287,0.9882989
phone_presence_factorial_train_v1,phone_presence_train_0989,0.8955545,0.024586532,0.9863501,0.057920728,0.9970477
phone_presence_factorial_train_v1,phone_presence_train_0990,0.695741,0.8703245,4.5645047e-05,0.9990196,0.99997914
phone_presence_factorial_train_v1,phone_presence_train_0991,0.44350547,0.32467073,6.804547e-05,0.99583435,0.99964774
phone_presence_factorial_train_v1,phone_presence_train_0992,0.99533445,0.9888694,0.0043275803,0.9944351,0.999985
phone_presence_factorial_train_v1,phone_presence_train_0993,0.5193341,0.47096625,0.00031155423,0.9915808,0.99996316
phone_presence_factorial_train_v1,phone_presence_train_0994,0.9354679,0.37786904,0.92317796,0.91593,0.99927443
phone_presence_factorial_train_v1,phone_presence_train_0995,0.08237884,0.09161271,1.1626142e-05,0.99517244,0.9990471
phone_presence_factorial_train_v1,phone_presence_train_0996,0.81166625,0.66586375,0.007180294,0.83984643,0.9998447
phone_presence_factorial_train_v1,phone_presence_train_0997,0.088701524,0.06285317,0.00012328778,0.9415496,0.9997197
phone_presence_factorial_train_v1,phone_presence_train_0998,0.92806286,0.8273219,0.00027866574,0.9981883,0.99999
phone_presence_factorial_train_v1,phone_presence_train_0999,0.8006166,0.044277355,0.7758302,0.58030903,0.99983287
phone_presence_factorial_train_v1,phone_presence_train_1000,0.058477495,0.07067329,3.8601313e-05,0.99492407,0.99925596
phone_presence_factorial_train_v1,phone_presence_train_1001,0.58852786,0.56710654,0.0018294993,0.9071102,0.9999726
phone_presence_factorial_train_v1,phone_presence_train_1002,0.040947977,0.110028684,2.3989764e-05,0.83010286,0.99912554
phone_presence_factorial_train_v1,phone_presence_train_1003,0.21808377,0.4457656,0.0010750869,0.9963253,0.99996936
phone_presence_factorial_train_v1,phone_presence_train_1004,0.94765353,0.72821736,0.22464447,0.78024477,0.9998987
phone_presence_factorial_train_v1,phone_presence_train_1005,0.51552373,0.35370928,2.4368142e-05,0.998353,0.9993704
phone_presence_factorial_train_v1,phone_presence_train_1006,0.11977492,0.026891481,0.027620045,0.6556241,0.9998832
phone_presence_factorial_train_v1,phone_presence_train_1007,0.8430183,0.29411542,0.15300243,0.97906804,0.9992084
phone_presence_factorial_train_v1,phone_presence_train_1008,0.019315816,0.040215757,0.00028702014,0.9996468,0.99999
phone_presence_factorial_train_v1,phone_presence_train_1009,0.92212695,0.30832687,0.77085775,0.852714,0.99955624
phone_presence_factorial_train_v1,phone_presence_train_1010,0.024908159,0.06567242,3.713419e-05,0.86388123,0.9837233
phone_presence_factorial_train_v1,phone_presence_train_1011,0.23218834,0.024123624,0.04973325,0.62392753,0.99730504
phone_presence_factorial_train_v1,phone_presence_train_1012,0.8944175,0.71612954,0.006011076,0.9967237,0.99973863
phone_presence_factorial_train_v1,phone_presence_train_1013,0.1109668,0.09824471,3.8865564e-05,0.9616805,0.9999887
phone_presence_factorial_train_v1,phone_presence_train_1014,0.07144814,0.049056884,0.0011827062,0.33652955,0.9942204
phone_presence_factorial_train_v1,phone_presence_train_1015,0.9999591,0.83918387,0.999734,0.99707127,0.9986683
phone_presence_factorial_train_v1,phone_presence_train_1016,0.36115116,0.30569082,0.0010381888,0.97387546,0.9999491
phone_presence_factorial_train_v1,phone_presence_train_1017,0.2454629,0.3000149,0.0009661968,0.9740636,0.999987
phone_presence_factorial_train_v1,phone_presence_train_1018,0.92285097,0.30726153,0.827355,0.9383754,0.99997044
phone_presence_factorial_train_v1,phone_presence_train_1019,0.18525457,0.073809534,0.058758527,0.02589922,0.9159009
phone_presence_factorial_train_v1,phone_presence_train_1020,0.9967181,0.87283105,0.9439182,0.9998425,0.9999833
phone_presence_factorial_train_v1,phone_presence_train_1021,0.12068439,0.038183525,0.006945482,0.55278385,0.9993869
phone_presence_factorial_train_v1,phone_presence_train_1022,0.54895896,0.07426023,0.46773332,0.35997033,0.7065953
phone_presence_factorial_train_v1,phone_presence_train_1023,0.906009,0.8403536,9.9884404e-05,0.9911936,0.99969923
phone_presence_factorial_train_v1,phone_presence_train_1024,0.9659987,0.28845012,0.7373891,0.99590516,0.9999224
phone_presence_factorial_train_v1,phone_presence_train_1025,0.10312966,0.26451972,6.1610284e-05,0.45825225,0.9782989
phone_presence_factorial_train_v1,phone_presence_train_1026,0.6465692,0.28844345,0.00011813732,0.8866858,0.99600595
phone_presence_factorial_train_v1,phone_presence_train_1027,0.005882396,0.0087021245,9.999999e-06,0.69935495,0.9957353
phone_presence_factorial_train_v1,phone_presence_train_1028,0.05618354,0.14755057,6.088453e-05,0.4826988,0.93394977
phone_presence_factorial_train_v1,phone_presence_train_1029,0.7374545,0.13970542,0.86757207,0.9274688,0.999956
phone_presence_factorial_train_v1,phone_presence_train_1030,0.15090376,0.09024914,0.00021676962,0.9948512,0.99868125
phone_presence_factorial_train_v1,phone_presence_train_1031,0.89818597,0.77603996,0.0001901461,0.9953524,0.99907637
phone_presence_factorial_train_v1,phone_presence_train_1032,0.022793012,0.0057419403,0.00096890697,0.64151204,0.9992022
phone_presence_factorial_train_v1,phone_presence_train_1033,0.21490367,0.30041215,0.00015588348,0.63590086,0.999879
phone_presence_factorial_train_v1,phone_presence_train_1034,0.0798799,0.17438766,0.00078677444,0.8987215,0.9823231
phone_presence_factorial_train_v1,phone_presence_train_1035,0.8750863,0.8333775,0.0049794177,0.9982735,0.99950266
phone_presence_factorial_train_v1,phone_presence_train_1036,0.5816134,0.27212712,0.00015992977,0.7406008,0.99937844
phone_presence_factorial_train_v1,phone_presence_train_1037,0.88942593,0.7943354,0.00010295181,0.94154125,0.99985373
phone_presence_factorial_train_v1,phone_presence_train_1038,0.6282986,0.5407048,0.0006882482,0.97122294,0.9999554
phone_presence_factorial_train_v1,phone_presence_train_1039,0.9970401,0.99014974,0.022355499,0.94489205,0.99977916
phone_presence_factorial_train_v1,phone_presence_train_1040,0.9997725,0.6929021,0.9997894,0.99947804,0.99978524
phone_presence_factorial_train_v1,phone_presence_train_1041,0.923741,0.8178949,0.0038056583,0.6000021,0.97001386
phone_presence_factorial_train_v1,phone_presence_train_1042,0.79854625,0.5172521,0.00042216686,0.9956781,0.9990711
phone_presence_factorial_train_v1,phone_presence_train_1043,0.008858103,0.022591503,9.999999e-06,0.55207545,0.99640346
phone_presence_factorial_train_v1,phone_presence_train_1044,0.007417861,0.022993015,9.999999e-06,0.95820844,0.9990214
phone_presence_factorial_train_v1,phone_presence_train_1045,0.99262434,0.9819812,0.0039368505,0.9997662,0.9999577
phone_presence_factorial_train_v1,phone_presence_train_1046,0.007064648,0.018354975,0.00010168286,0.8930016,0.99948835
phone_presence_factorial_train_v1,phone_presence_train_1047,0.9990169,0.9974159,0.00013220512,0.9921646,0.99990594
phone_presence_factorial_train_v1,phone_presence_train_1048,0.34975216,0.25323376,1.6320251e-05,0.9163229,0.9999181
phone_presence_factorial_train_v1,phone_presence_train_1049,0.1041209,0.40332806,0.00018086539,0.4900793,0.9912055
phone_presence_factorial_train_v1,phone_presence_train_1050,0.7226953,0.2882557,0.0022265934,0.98947746,0.99977344
phone_presence_factorial_train_v1,phone_presence_train_1051,0.023752348,0.0188798,0.0004582002,0.8279619,0.9959245
phone_presence_factorial_train_v1,phone_presence_train_1052,0.07626405,0.26278487,1.7817998e-05,0.99498653,0.9989071
phone_presence_factorial_train_v1,phone_presence_train_1053,0.51596045,0.36531365,0.00049704977,0.9936079,0.9997936
phone_presence_factorial_train_v1,phone_presence_train_1054,0.07116168,0.1267783,0.00091341493,0.72575897,0.9993543
phone_presence_factorial_train_v1,phone_presence_train_1055,0.99543804,0.111272186,0.9944285,0.90755105,0.99985445
phone_presence_factorial_train_v1,phone_presence_train_1056,0.023837393,0.021423757,1.6987464e-05,0.96961075,0.9994536
phone_presence_factorial_train_v1,phone_presence_train_1057,0.9840329,0.6878609,0.07673311,0.79890937,0.9991511
phone_presence_factorial_train_v1,phone_presence_train_1058,0.5088547,0.5476187,0.0001117042,0.81362605,0.9997216
phone_presence_factorial_train_v1,phone_presence_train_1059,0.72475696,0.6409524,4.611653e-05,0.84804016,0.3070042
phone_presence_factorial_train_v1,phone_presence_train_1060,0.0140500665,0.011005123,0.0010549423,0.9979103,0.99986935
phone_presence_factorial_train_v1,phone_presence_train_1061,0.013147682,0.035052232,9.183043e-05,0.9882002,0.9999201
phone_presence_factorial_train_v1,phone_presence_train_1062,0.10578239,0.096061066,0.0052303546,0.4450708,0.998874
phone_presence_factorial_train_v1,phone_presence_train_1063,0.99668413,0.99209046,0.00013791399,0.9986369,0.9972957
phone_presence_factorial_train_v1,phone_presence_train_1064,0.10981792,0.2116604,5.0784918e-05,0.80649596,0.99161386
phone_presence_factorial_train_v1,phone_presence_train_1065,0.27832207,0.23490895,0.004687281,0.6237957,0.9997917
phone_presence_factorial_train_v1,phone_presence_train_1066,0.009294966,0.009660166,0.00016254581,0.11815883,0.9359907
phone_presence_factorial_train_v1,phone_presence_train_1067,0.99540627,0.88335353,0.9995634,0.9219687,0.9999666
phone_presence_factorial_train_v1,phone_presence_train_1068,0.9950001,0.98941714,0.00072547677,0.99884063,0.9999194
phone_presence_factorial_train_v1,phone_presence_train_1069,0.47120357,0.106995605,0.4807146,0.5978654,0.9997929
phone_presence_factorial_train_v1,phone_presence_train_1070,0.074753314,0.206261,2.028279e-05,0.9869653,0.999798
phone_presence_factorial_train_v1,phone_presence_train_1071,0.9985453,0.8865713,0.6835273,0.8434259,0.99944276
phone_presence_factorial_train_v1,phone_presence_train_1072,0.9569958,0.0045854137,0.8981734,0.5376892,0.9962501
phone_presence_factorial_train_v1,phone_presence_train_1073,0.17726536,0.12354977,0.0026446055,0.8650039,0.9986952
phone_presence_factorial_train_v1,phone_presence_train_1074,0.016970985,0.021922976,8.869542e-05,0.98723465,0.9999628
phone_presence_factorial_train_v1,phone_presence_train_1075,0.008556029,0.018589586,1.0663245e-05,0.9647056,0.9980526
phone_presence_factorial_train_v1,phone_presence_train_1076,0.7595262,0.27551016,0.0014246514,0.98550355,0.007446709
phone_presence_factorial_train_v1,phone_presence_train_1077,0.2706119,0.16906606,0.018129144,0.7345611,0.99974996
phone_presence_factorial_train_v1,phone_presence_train_1078,0.26914874,0.07203272,0.00084043556,0.6429371,0.94652766
phone_presence_factorial_train_v1,phone_presence_train_1079,0.31740028,0.1273583,0.006266662,0.99369085,0.99993145
phone_presence_factorial_train_v1,phone_presence_train_1080,0.98385286,0.9613493,0.005873697,0.9981475,0.99999
phone_presence_factorial_train_v1,phone_presence_train_1081,0.14509982,0.09250893,0.0003510599,0.49550575,0.99995005
phone_presence_factorial_train_v1,phone_presence_train_1082,0.6393384,0.6724104,7.437558e-05,0.61474097,0.9568206
phone_presence_factorial_train_v1,phone_presence_train_1083,0.94386876,0.94275326,6.7152025e-05,0.9995327,0.99996614
phone_presence_factorial_train_v1,phone_presence_train_1084,0.99748117,0.9635941,0.79665965,0.9935016,0.9998765
phone_presence_factorial_train_v1,phone_presence_train_1085,0.93241763,0.89522344,0.11824003,0.44978216,0.96465355
phone_presence_factorial_train_v1,phone_presence_train_1086,0.7222161,0.010166029,0.8982105,0.99699295,0.99996865
phone_presence_factorial_train_v1,phone_presence_train_1087,0.70848465,0.28194258,0.35173187,0.91878814,0.99981886
phone_presence_factorial_train_v1,phone_presence_train_1088,0.2641354,0.51211303,5.1986906e-05,0.5478288,0.99848515
phone_presence_factorial_train_v1,phone_presence_train_1089,0.89363474,0.036078718,0.9804434,0.88383806,0.9998971
phone_presence_factorial_train_v1,phone_presence_train_1090,0.045585547,0.03134223,0.00023411306,0.9830458,0.99990666
phone_presence_factorial_train_v1,phone_presence_train_1091,0.2211907,0.009860186,0.0068440014,0.9814404,0.99969614
phone_presence_factorial_train_v1,phone_presence_train_1092,0.99886286,0.99742436,0.8944564,0.9994531,0.9999831
phone_presence_factorial_train_v1,phone_presence_train_1093,0.99588794,0.9822206,0.041528948,0.7782244,0.9968201
phone_presence_factorial_train_v1,phone_presence_train_1094,0.11607623,0.11060937,0.008558497,0.80017847,0.9998161
phone_presence_factorial_train_v1,phone_presence_train_1095,0.007595065,0.011591864,5.0875125e-05,0.805674,0.9949656
phone_presence_factorial_train_v1,phone_presence_train_1096,0.17569356,0.17560771,0.00016763851,0.9481699,0.99998057
phone_presence_factorial_train_v1,phone_presence_train_1097,0.22705351,0.21574768,0.000104009516,0.97556496,0.9997824
phone_presence_factorial_train_v1,phone_presence_train_1098,0.93242747,0.85100245,0.050578173,0.9893779,0.9999515
phone_presence_factorial_train_v1,phone_presence_train_1099,0.023456158,0.09648685,0.00010237754,0.5327664,0.9980413
phone_presence_factorial_train_v1,phone_presence_train_1100,0.094155185,0.057782657,0.0011739503,0.9989292,0.9985631
phone_presence_factorial_train_v1,phone_presence_train_1101,0.9984769,0.8405317,0.98653466,0.9993654,0.99973744
phone_presence_factorial_train_v1,phone_presence_train_1102,0.913596,0.42970756,0.8774155,0.5118159,0.9979925
phone_presence_factorial_train_v1,phone_presence_train_1103,0.969476,0.86749434,0.05912335,0.99782073,0.99990034
phone_presence_factorial_train_v1,phone_presence_train_1104,0.61325353,0.15722598,0.5095075,0.82070756,0.9999815
phone_presence_factorial_train_v1,phone_presence_train_1105,0.995122,0.27286258,0.9961402,0.99601513,0.99862075
phone_presence_factorial_train_v1,phone_presence_train_1106,0.98643017,0.0062561412,0.97567356,0.6596104,0.011994731
phone_presence_factorial_train_v1,phone_presence_train_1107,0.95189446,0.8591109,0.00086104544,0.940745,0.99957687
phone_presence_factorial_train_v1,phone_presence_train_1108,0.41151088,0.45709783,6.976418e-05,0.48430073,0.99532324
phone_presence_factorial_train_v1,phone_presence_train_1109,0.05993626,0.24969068,0.00011008547,0.43360767,0.9932747
phone_presence_factorial_train_v1,phone_presence_train_1110,0.079864174,0.16978051,0.0008135302,0.97407293,0.99773383
phone_presence_factorial_train_v1,phone_presence_train_1111,0.96650743,0.16496177,0.45033306,0.9486022,0.9996731
phone_presence_factorial_train_v1,phone_presence_train_1112,0.7112176,0.048308067,0.91223943,0.995284,0.9999368
phone_presence_factorial_train_v1,phone_presence_train_1113,0.20103058,0.25620306,0.00037242603,0.9737239,0.9999522
phone_presence_factorial_train_v1,phone_presence_train_1114,0.24010263,0.13861091,0.056475773,0.9599161,0.99912304
phone_presence_factorial_train_v1,phone_presence_train_1115,0.024149185,0.04935882,0.0006850721,0.7049395,0.99911374
phone_presence_factorial_train_v1,phone_presence_train_1116,0.16074613,0.30377293,5.5091954e-05,0.8609225,0.9944331
phone_presence_factorial_train_v1,phone_presence_train_1117,0.020222949,0.035052698,5.6972094e-05,0.4486523,0.99868184
phone_presence_factorial_train_v1,phone_presence_train_1118,0.993141,0.9827026,0.0003178474,0.9829213,0.99920267
phone_presence_factorial_train_v1,phone_presence_train_1119,0.7470261,0.34077963,0.16834512,0.75196105,0.99654144
phone_presence_factorial_train_v1,phone_presence_train_1120,0.85171366,0.6609157,0.106180534,0.99975127,0.99999
phone_presence_factorial_train_v1,phone_presence_train_1121,0.19366756,0.4012371,4.7390346e-05,0.77931434,0.9982716
phone_presence_factorial_train_v1,phone_presence_train_1122,0.94862247,0.8879908,0.00013528529,0.8000493,0.99799734
phone_presence_factorial_train_v1,phone_presence_train_1123,0.07343703,0.048041295,5.2238665e-05,0.8647804,0.9991535
phone_presence_factorial_train_v1,phone_presence_train_1124,0.54737943,0.4023443,0.015795633,0.99022853,0.99998283
phone_presence_factorial_train_v1,phone_presence_train_1125,0.87569636,0.24784158,0.8545897,0.9989812,0.99996996
phone_presence_factorial_train_v1,phone_presence_train_1126,0.8376417,0.83570826,1.7165017e-05,0.9972082,0.99998105
phone_presence_factorial_train_v1,phone_presence_train_1127,0.9752324,0.67657954,0.8856403,0.9914248,0.9811515
phone_presence_factorial_train_v1,phone_presence_train_1128,0.06892964,0.13429734,3.2307235e-05,0.9982243,0.9999447
phone_presence_factorial_train_v1,phone_presence_train_1129,0.01723058,0.028740384,4.0044404e-05,0.91969097,0.99937636
phone_presence_factorial_train_v1,phone_presence_train_1130,0.7992273,0.07689088,0.71630245,0.99979275,0.9999666
phone_presence_factorial_train_v1,phone_presence_train_1131,0.9930468,0.8273212,0.9120568,0.99846834,0.9999411
phone_presence_factorial_train_v1,phone_presence_train_1132,0.64215285,0.19048816,0.14500356,0.83002865,0.998259
phone_presence_factorial_train_v1,phone_presence_train_1133,0.98239267,0.9707384,0.0015771999,0.97393984,0.99997425
phone_presence_factorial_train_v1,phone_presence_train_1134,0.30372876,0.14944775,0.090069644,0.4832071,0.9971528
phone_presence_factorial_train_v1,phone_presence_train_1135,0.5898621,0.06981005,0.23731911,0.9896555,0.99999
phone_presence_factorial_train_v1,phone_presence_train_1136,0.06231334,0.12603864,0.00016972912,0.10146705,0.9434173
phone_presence_factorial_train_v1,phone_presence_train_1137,0.020651875,0.010354359,0.0004716444,0.8985535,0.7868826
phone_presence_factorial_train_v1,phone_presence_train_1138,0.9701512,0.9544025,0.0013359257,0.7615482,0.9887207
phone_presence_factorial_train_v1,phone_presence_train_1139,0.031799417,0.13326742,2.362744e-05,0.3969542,0.99985397
phone_presence_factorial_train_v1,phone_presence_train_1140,0.8649483,0.85222745,0.0006025847,0.8564399,0.9999633
phone_presence_factorial_train_v1,phone_presence_train_1141,0.7219381,0.5867859,0.0016864608,0.9909642,0.99744344
phone_presence_factorial_train_v1,phone_presence_train_1142,0.041244768,0.00584741,0.038918406,0.07739983,0.9986601
phone_presence_factorial_train_v1,phone_presence_train_1143,0.119239666,0.29414144,0.000118819014,0.22597954,0.8634231
phone_presence_factorial_train_v1,phone_presence_train_1144,0.9702075,0.8326591,0.57052916,0.9210019,0.9999223
phone_presence_factorial_train_v1,phone_presence_train_1145,0.045805085,0.14938897,0.00020565768,0.99655366,0.99904543
phone_presence_factorial_train_v1,phone_presence_train_1146,0.24524531,0.17055544,2.5444193e-05,0.997269,0.99998224
phone_presence_factorial_train_v1,phone_presence_train_1147,0.9224565,0.93926525,5.8654492e-05,0.92798156,0.91893667
phone_presence_factorial_train_v1,phone_presence_train_1148,0.19978909,0.4721347,0.000128624,0.99173707,0.9999256
phone_presence_factorial_train_v1,phone_presence_train_1149,0.20928939,0.022853713,0.19672641,0.57781523,0.99442345
phone_presence_factorial_train_v1,phone_presence_train_1150,0.33464354,0.4535636,0.0025860083,0.9833192,0.9999598
phone_presence_factorial_train_v1,phone_presence_train_1151,0.9052624,0.7510784,0.0011359656,0.99302566,0.99988306
phone_presence_factorial_train_v1,phone_presence_train_1152,0.06446332,0.046287145,0.00036604828,0.9899664,0.9999478
phone_presence_factorial_train_v1,phone_presence_train_1153,0.91949487,0.4152458,0.89100975,0.98740965,0.9995834
phone_presence_factorial_train_v1,phone_presence_train_1154,0.017593062,0.04829665,0.0006303747,0.50531054,0.99884415
phone_presence_factorial_train_v1,phone_presence_train_1155,0.99960726,0.99739045,0.8595634,0.9987589,0.99963903
phone_presence_factorial_train_v1,phone_presence_train_1156,0.6826733,0.6590423,3.787314e-05,0.6985874,0.9975535
phone_presence_factorial_train_v1,phone_presence_train_1157,0.9893889,0.63480806,0.9043077,0.3981692,0.976642
phone_presence_factorial_train_v1,phone_presence_train_1158,0.99573034,0.6495205,0.9591218,0.99317425,0.99999
phone_presence_factorial_train_v1,phone_presence_train_1159,0.46780938,0.39869112,5.6950692e-05,0.9956552,0.99998164
phone_presence_factorial_train_v1,phone_presence_train_1160,0.07545522,0.166944,0.0004124437,0.45996723,0.9957749
phone_presence_factorial_train_v1,phone_presence_train_1161,0.0010436355,0.0038461722,9.999999e-06,0.9993692,0.99981743
phone_presence_factorial_train_v1,phone_presence_train_1162,0.986826,0.9402713,0.0002481605,0.99469817,0.9999684
phone_presence_factorial_train_v1,phone_presence_train_1163,0.6249483,0.72125334,0.000102298385,0.95843416,0.999408
phone_presence_factorial_train_v1,phone_presence_train_1164,0.5954918,0.5081435,0.0005448405,0.7116537,0.9993598
phone_presence_factorial_train_v1,phone_presence_train_1165,0.99008,0.75128317,0.9728371,0.9186038,0.99972564
phone_presence_factorial_train_v1,phone_presence_train_1166,0.9936878,0.40101978,0.9817625,0.99439985,0.9993517
phone_presence_factorial_train_v1,phone_presence_train_1167,0.82904166,0.85716546,0.00052522274,0.9481983,0.9999597
phone_presence_factorial_train_v1,phone_presence_train_1168,0.9264337,0.056209605,0.96121305,0.84606194,0.9996313
phone_presence_factorial_train_v1,phone_presence_train_1169,0.96985245,0.16783969,0.9785767,0.41931334,0.97423685
phone_presence_factorial_train_v1,phone_presence_train_1170,0.14010221,0.1831184,0.0010249829,0.8427948,0.99932444
phone_presence_factorial_train_v1,phone_presence_train_1171,0.99997354,0.31101668,0.9999647,0.99692863,0.9999726
phone_presence_factorial_train_v1,phone_presence_train_1172,0.99940836,0.6596555,0.9984419,0.44004244,0.9994783
phone_presence_factorial_train_v1,phone_presence_train_1173,0.59955096,0.8227685,0.012070139,0.8817095,0.9999429
phone_presence_factorial_train_v1,phone_presence_train_1174,0.027023327,0.10337363,0.00046213504,0.7574834,0.9983021
phone_presence_factorial_train_v1,phone_presence_train_1175,0.97881716,0.91323763,0.0001061879,0.9127117,0.99949074
phone_presence_factorial_train_v1,phone_presence_train_1176,0.99911875,0.98313487,0.87661666,0.9937115,0.99996364
phone_presence_factorial_train_v1,phone_presence_train_1177,0.9960877,0.10306823,0.99820256,0.97038347,0.99928445
phone_presence_factorial_train_v1,phone_presence_train_1178,0.5849562,0.46139044,3.282794e-05,0.97313005,0.99907446
phone_presence_factorial_train_v1,phone_presence_train_1179,0.048463207,0.1319035,0.014329675,0.63563216,0.9573948
phone_presence_factorial_train_v1,phone_presence_train_1180,0.6489546,0.12359925,0.28836235,0.9963476,0.99999
phone_presence_factorial_train_v1,phone_presence_train_1181,0.0037787133,0.0028984023,0.00033667314,0.99312156,0.67142457
phone_presence_factorial_train_v1,phone_presence_train_1182,0.010734069,0.013865695,2.98671e-05,0.9879468,0.99284256
phone_presence_factorial_train_v1,phone_presence_train_1183,0.5700942,0.490274,0.01261609,0.9888165,0.9999709
phone_presence_factorial_train_v1,phone_presence_train_1184,0.043653384,0.09944961,6.594804e-05,0.79933214,0.98629063
phone_presence_factorial_train_v1,phone_presence_train_1185,0.040515587,0.05436603,0.0001272648,0.8968048,0.99973315
phone_presence_factorial_train_v1,phone_presence_train_1186,0.63414484,0.33144087,0.0012315988,0.98898053,0.99971706
phone_presence_factorial_train_v1,phone_presence_train_1187,0.12291084,0.06830656,0.0048015495,0.5140116,0.9994567
phone_presence_factorial_train_v1,phone_presence_train_1188,0.12696956,0.17581148,1.3990216e-05,0.99956614,0.9999795
phone_presence_factorial_train_v1,phone_presence_train_1189,0.011916841,0.0212877,0.0012096057,0.086385585,0.9214071
phone_presence_factorial_train_v1,phone_presence_train_1190,0.97132856,0.9673171,2.0148342e-05,0.99953544,0.99999
phone_presence_factorial_train_v1,phone_presence_train_1191,0.1979183,0.14518881,0.0102520995,0.1585818,0.98557425
phone_presence_factorial_train_v1,phone_presence_train_1192,0.9989993,0.98976725,0.9876236,0.98935986,0.9975673
phone_presence_factorial_train_v1,phone_presence_train_1193,0.99701416,0.9928669,0.00011976919,0.99961156,0.9999821
phone_presence_factorial_train_v1,phone_presence_train_1194,0.10343546,0.22778685,0.00011267483,0.045100287,0.5233754
phone_presence_factorial_train_v1,phone_presence_train_1195,0.14508398,0.20458902,0.0016822265,0.9415972,0.989852
phone_presence_factorial_train_v1,phone_presence_train_1196,0.8735154,0.13738698,0.68163764,0.9493617,0.9998826
phone_presence_factorial_train_v1,phone_presence_train_1197,0.07752959,0.15685762,0.00087811606,0.057992503,0.9133621
phone_presence_factorial_train_v1,phone_presence_train_1198,0.06300921,0.027878895,0.00021592698,0.573001,0.9982753
phone_presence_factorial_train_v1,phone_presence_train_1199,0.76507205,0.4941575,0.045540832,0.97735924,0.99986017
phone_presence_factorial_train_v1,phone_presence_train_1200,0.542879,0.39655268,0.0015846927,0.9993882,0.99986696
phone_presence_factorial_train_v1,phone_presence_train_1201,0.07683108,0.0022247753,0.024544057,0.9980525,0.98536277
phone_presence_factorial_train_v1,phone_presence_train_1202,0.33010513,0.68391466,0.0004884986,0.8243691,0.99977165
phone_presence_factorial_train_v1,phone_presence_train_1203,0.9887953,0.9509783,0.0024212166,0.97832656,0.9933048
phone_presence_factorial_train_v1,phone_presence_train_1204,0.060812607,0.20063095,0.000433572,0.6345339,0.994749
phone_presence_factorial_train_v1,phone_presence_train_1205,0.71237606,0.7458546,0.00011145332,0.6429969,0.9979831
phone_presence_factorial_train_v1,phone_presence_train_1206,0.7243389,0.23599759,0.44832188,0.712588,0.9999877
phone_presence_factorial_train_v1,phone_presence_train_1207,0.93015885,0.85109717,0.00016344538,0.8549224,0.99354446
phone_presence_factorial_train_v1,phone_presence_train_1208,0.90041196,0.96669966,6.145654e-05,0.99821943,0.99999
phone_presence_factorial_train_v1,phone_presence_train_1209,0.77849185,0.6992508,0.0001435662,0.20312676,4.393963e-05
phone_presence_factorial_train_v1,phone_presence_train_1210,0.992581,0.97552437,0.7113265,0.99908054,0.99999
phone_presence_factorial_train_v1,phone_presence_train_1211,0.043298304,0.056889173,0.010212563,0.9003692,0.9999267
phone_presence_factorial_train_v1,phone_presence_train_1212,0.025799973,0.08859031,0.00012075784,0.97219366,0.9983015
phone_presence_factorial_train_v1,phone_presence_train_1213,0.9865159,0.9699293,0.00088480866,0.9986199,0.9998822
phone_presence_factorial_train_v1,phone_presence_train_1214,0.22062942,0.24792178,4.411126e-05,0.5796416,0.99464345
phone_presence_factorial_train_v1,phone_presence_train_1215,0.99931693,0.059816945,0.99975485,0.9370326,0.9999783
phone_presence_factorial_train_v1,phone_presence_train_1216,0.09358493,0.10106502,0.00020596104,0.9987759,0.9999856
phone_presence_factorial_train_v1,phone_presence_train_1217,0.9993774,0.85032624,0.9995158,0.99118376,0.9999393
phone_presence_factorial_train_v1,phone_presence_train_1218,0.04914008,0.1028022,0.00040056146,0.6996291,0.9999323
phone_presence_factorial_train_v1,phone_presence_train_1219,0.657788,0.717074,0.0033420266,0.9282854,0.9959214
phone_presence_factorial_train_v1,phone_presence_train_1220,0.60532916,0.41643208,0.00025337999,0.9983633,0.99997365
phone_presence_factorial_train_v1,phone_presence_train_1221,0.4599585,0.44390145,0.06673979,0.9257769,0.99989927
phone_presence_factorial_train_v1,phone_presence_train_1222,0.06379162,0.0842881,0.000364008,0.3656093,0.991706
phone_presence_factorial_train_v1,phone_presence_train_1223,0.3871828,0.13989426,0.033542924,0.99367213,0.9994271
phone_presence_factorial_train_v1,phone_presence_train_1224,0.1019829,0.15913607,4.5634777e-05,0.37859118,0.9521235
phone_presence_factorial_train_v1,phone_presence_train_1225,0.39791492,0.012604987,0.7886496,0.8280734,0.9974606
phone_presence_factorial_train_v1,phone_presence_train_1226,0.1798578,0.2903976,0.00034503653,0.9805401,0.9999249
phone_presence_factorial_train_v1,phone_presence_train_1227,0.39061338,0.29758793,0.0041674036,0.9974788,0.9999168
phone_presence_factorial_train_v1,phone_presence_train_1228,0.6285768,0.03301311,0.40942,0.98823804,0.99997246
phone_presence_factorial_train_v1,phone_presence_train_1229,0.14063765,0.10460043,0.0030143075,0.9330016,0.99829334
phone_presence_factorial_train_v1,phone_presence_train_1230,0.13042055,0.2409831,1.1175672e-05,0.92952734,0.99972194
phone_presence_factorial_train_v1,phone_presence_train_1231,0.002268769,0.0024932744,3.8519087e-05,0.7158798,0.9997371
phone_presence_factorial_train_v1,phone_presence_train_1232,0.009146712,0.013515424,1.6914235e-05,0.9843647,0.99940395
phone_presence_factorial_train_v1,phone_presence_train_1233,0.021910075,0.044580106,2.0670226e-05,0.96474266,0.99956983
phone_presence_factorial_train_v1,phone_presence_train_1234,0.023868237,0.082707435,1.0224173e-05,0.95827883,0.9459901
phone_presence_factorial_train_v1,phone_presence_train_1235,0.9999007,0.110071465,0.9999685,0.9280221,0.99997187
phone_presence_factorial_train_v1,phone_presence_train_1236,0.99975497,0.44645324,0.9990207,0.97403246,0.99990237
phone_presence_factorial_train_v1,phone_presence_train_1237,0.039604075,0.020107957,0.0008003295,0.18771067,0.99059594
phone_presence_factorial_train_v1,phone_presence_train_1238,0.9073495,0.8430215,0.0019229009,0.19508548,0.9817068
phone_presence_factorial_train_v1,phone_presence_train_1239,0.8845295,0.19290622,0.93696725,0.22019628,0.99299556
phone_presence_factorial_train_v1,phone_presence_train_1240,0.9988582,0.54779834,0.997799,0.9432815,0.98386854
phone_presence_factorial_train_v1,phone_presence_train_1241,0.99959,0.14306714,0.99978906,0.99892396,0.99991715
phone_presence_factorial_train_v1,phone_presence_train_1242,0.8895639,0.5521079,0.020956324,0.9871837,0.963844
phone_presence_factorial_train_v1,phone_presence_train_1243,0.043321073,0.06535702,3.775378e-05,0.9970994,0.99999
phone_presence_factorial_train_v1,phone_presence_train_1244,0.90812427,0.82214713,0.26421562,0.6470142,0.98734564
phone_presence_factorial_train_v1,phone_presence_train_1245,0.20038733,0.4247488,0.00010711213,0.7877085,0.9987884
phone_presence_factorial_train_v1,phone_presence_train_1246,0.009733963,0.02511615,1.513306e-05,0.53080523,0.975162
phone_presence_factorial_train_v1,phone_presence_train_1247,0.39022422,0.13967308,0.1316586,0.7014616,0.99992526
phone_presence_factorial_train_v1,phone_presence_train_1248,0.023872929,0.0600192,4.256775e-05,0.9986519,0.99999
phone_presence_factorial_train_v1,phone_presence_train_1249,0.95826626,0.7528017,0.2561321,0.95398235,0.9807736
phone_presence_factorial_train_v1,phone_presence_train_1250,0.0037207452,0.0060589374,2.3439508e-05,0.70237046,0.98117226
phone_presence_factorial_train_v1,phone_presence_train_1251,0.103644274,0.03472339,0.0062595927,0.9989378,0.9999709
phone_presence_factorial_train_v1,phone_presence_train_1252,0.70773774,0.18342854,0.3206436,0.9155656,0.99969137
phone_presence_factorial_train_v1,phone_presence_train_1253,0.44938958,0.26975206,0.011736539,0.5202797,0.999534
phone_presence_factorial_train_v1,phone_presence_train_1254,0.942027,0.42830583,0.9268875,0.9884616,0.9997727
phone_presence_factorial_train_v1,phone_presence_train_1255,0.94976676,0.24789774,0.9191609,0.9894782,0.9999753
phone_presence_factorial_train_v1,phone_presence_train_1256,0.11856104,0.1553423,0.0001108866,0.98479235,0.999985
phone_presence_factorial_train_v1,phone_presence_train_1257,0.996639,0.22603106,0.9997348,0.091529235,0.40595457
phone_presence_factorial_train_v1,phone_presence_train_1258,0.84934056,0.1573289,0.9773892,0.62166846,0.99673426
phone_presence_factorial_train_v1,phone_presence_train_1259,0.20719022,0.16628829,0.00032797834,0.9000388,0.9946267
phone_presence_factorial_train_v1,phone_presence_train_1260,0.044485785,0.22719738,6.533822e-05,0.7813204,0.43039584
phone_presence_factorial_train_v1,phone_presence_train_1261,0.441858,0.43825728,0.0007155699,0.99903,0.99996865
phone_presence_factorial_train_v1,phone_presence_train_1262,0.047101624,0.082620256,2.431974e-05,0.9131057,0.9893421
phone_presence_factorial_train_v1,phone_presence_train_1263,0.6529992,0.5193473,4.131262e-05,0.99919266,0.99999
phone_presence_factorial_train_v1,phone_presence_train_1264,0.9798986,0.03351728,0.9599393,0.28886113,0.9941309
phone_presence_factorial_train_v1,phone_presence_train_1265,0.7929867,0.8828396,0.02988384,0.99988437,0.9999516
phone_presence_factorial_train_v1,phone_presence_train_1266,0.9485748,0.23282292,0.9640742,0.8430613,0.97391236
phone_presence_factorial_train_v1,phone_presence_train_1267,0.9592725,0.7692714,0.102757394,0.989613,0.99986374
phone_presence_factorial_train_v1,phone_presence_train_1268,0.98746735,0.99293536,0.0085503515,0.99242365,0.031706084
phone_presence_factorial_train_v1,phone_presence_train_1269,0.41613048,0.19795972,0.0043498287,0.8599022,0.98214734
phone_presence_factorial_train_v1,phone_presence_train_1270,0.8552516,0.6980765,0.20942795,0.9232235,0.99968493
phone_presence_factorial_train_v1,phone_presence_train_1271,0.4994128,0.09751633,0.24248521,0.5016681,0.99987197
phone_presence_factorial_train_v1,phone_presence_train_1272,0.7900478,0.26442218,0.97770506,0.81403184,0.99998665
phone_presence_factorial_train_v1,phone_presence_train_1273,0.77171034,0.6794906,0.02302778,0.93642914,0.9999403
phone_presence_factorial_train_v1,phone_presence_train_1274,0.5543445,0.47446546,2.2240858e-05,0.5253866,0.0072288243
phone_presence_factorial_train_v1,phone_presence_train_1275,0.5780582,0.40442026,0.0038294864,0.6723668,0.99951935
phone_presence_factorial_train_v1,phone_presence_train_1276,0.99991477,0.998382,0.9986237,0.996097,0.99901736
phone_presence_factorial_train_v1,phone_presence_train_1277,0.06239726,0.035046533,0.009423288,0.44251183,0.9998299
phone_presence_factorial_train_v1,phone_presence_train_1278,0.047554493,0.09836185,5.370073e-05,0.20284986,0.9758034
phone_presence_factorial_train_v1,phone_presence_train_1279,0.1978831,0.019229285,0.42687407,0.9018404,0.99934953
phone_presence_factorial_train_v1,phone_presence_train_1280,0.9845665,0.95320857,0.17021227,0.9933729,0.99995077
phone_presence_factorial_train_v1,phone_presence_train_1281,0.033487573,0.03981615,1.2051479e-05,0.9997986,0.9999881
phone_presence_factorial_train_v1,phone_presence_train_1282,0.34917134,0.019127203,0.08620439,0.99732745,0.9999833
phone_presence_factorial_train_v1,phone_presence_train_1283,0.99872017,0.79383355,0.99847776,0.9907148,0.99997604
phone_presence_factorial_train_v1,phone_presence_train_1284,0.03199008,0.049681257,2.6449421e-05,0.32571182,0.99208695
phone_presence_factorial_train_v1,phone_presence_train_1285,0.9065777,0.84380525,0.0012434995,0.9979728,0.99991655
phone_presence_factorial_train_v1,phone_presence_train_1286,0.0010435983,0.000988053,2.8372813e-05,0.715315,0.99932766
phone_presence_factorial_train_v1,phone_presence_train_1287,0.95716166,0.15109468,0.93832034,0.8268724,0.690586
phone_presence_factorial_train_v1,phone_presence_train_1288,0.99958056,0.9962748,0.16212301,0.96416,0.66245604
phone_presence_factorial_train_v1,phone_presence_train_1289,0.40540257,0.18503493,0.07641011,0.70516115,0.926601
phone_presence_factorial_train_v1,phone_presence_train_1290,0.8698739,0.19539215,0.6899064,0.91811275,0.99973243
phone_presence_factorial_train_v1,phone_presence_train_1291,0.69164693,0.040810406,0.80573714,0.14655827,0.9978313
phone_presence_factorial_train_v1,phone_presence_train_1292,0.118470125,0.051438425,0.0020535209,0.9457709,0.99996424
phone_presence_factorial_train_v1,phone_presence_train_1293,0.9868059,0.2795102,0.95918566,0.07399005,0.9987173
phone_presence_factorial_train_v1,phone_presence_train_1294,0.027113052,0.072296105,0.0043888097,0.27115571,0.9988764
phone_presence_factorial_train_v1,phone_presence_train_1295,0.60923094,0.60617137,0.027825681,0.4538401,0.99855036
phone_presence_factorial_train_v1,phone_presence_train_1296,0.9659989,0.8539934,0.022492148,0.9733734,0.9999831
phone_presence_factorial_train_v1,phone_presence_train_1297,0.47522053,0.20338063,0.04565652,0.94281524,0.99802125
phone_presence_factorial_train_v1,phone_presence_train_1298,0.99934703,0.9977062,0.004617926,0.99904937,0.9997609
phone_presence_factorial_train_v1,phone_presence_train_1299,0.86146706,0.8066506,0.002056431,0.8326479,0.9803155
phone_presence_factorial_train_v1,phone_presence_train_1300,0.026335068,0.03024832,0.0002126585,0.8939061,0.9997646
phone_presence_factorial_train_v1,phone_presence_train_1301,0.22951236,0.12271121,4.241381e-05,0.99526405,0.93810636
phone_presence_factorial_train_v1,phone_presence_train_1302,0.17077501,0.20422354,0.0053125126,0.9945287,0.99997175
phone_presence_factorial_train_v1,phone_presence_train_1303,0.57919693,0.42359176,0.0018138792,0.93459094,0.99994063
phone_presence_factorial_train_v1,phone_presence_train_1304,0.27818957,0.30309007,6.641101e-05,0.3267818,0.9941649
phone_presence_factorial_train_v1,phone_presence_train_1305,0.02409907,0.016700115,0.0002519632,0.7325856,0.9992157
phone_presence_factorial_train_v1,phone_presence_train_1306,0.9962606,0.9194698,0.99820924,0.9996815,0.99998677
phone_presence_factorial_train_v1,phone_presence_train_1307,0.8271348,0.7312819,0.0028067143,0.99286616,0.99986887
phone_presence_factorial_train_v1,phone_presence_train_1308,0.95511794,0.8965599,0.0085663255,0.99487394,0.99996376
phone_presence_factorial_train_v1,phone_presence_train_1309,0.0067740073,0.0068637747,0.0007945059,0.7328774,0.9997296
phone_presence_factorial_train_v1,phone_presence_train_1310,0.044322357,0.086854786,3.7288482e-05,0.9222875,0.99964726
phone_presence_factorial_train_v1,phone_presence_train_1311,0.99627495,0.56879777,0.9972179,0.99209255,0.99997187
phone_presence_factorial_train_v1,phone_presence_train_1312,0.08616842,0.045448717,0.0010792922,0.99657094,0.7860549
phone_presence_factorial_train_v1,phone_presence_train_1313,0.77596927,0.45671248,0.004437307,0.9981102,0.2873441
phone_presence_factorial_train_v1,phone_presence_train_1314,0.031413812,0.0122732865,0.00037083973,0.5018987,0.9894484
phone_presence_factorial_train_v1,phone_presence_train_1315,0.74646634,0.25769788,0.9016997,0.99726933,0.99771607
phone_presence_factorial_train_v1,phone_presence_train_1316,0.39068633,0.17316718,0.00015956238,0.97866344,0.9997726
phone_presence_factorial_train_v1,phone_presence_train_1317,0.003014918,0.007544049,4.4523953e-05,0.98488575,0.8767449
phone_presence_factorial_train_v1,phone_presence_train_1318,0.03688912,0.043651998,0.00021613254,0.5008692,0.9993104
phone_presence_factorial_train_v1,phone_presence_train_1319,0.30632567,0.13336137,0.0015336032,0.9788325,0.99989235
phone_presence_factorial_train_v1,phone_presence_train_1320,0.99991405,0.9080812,0.9999014,0.9991831,0.9995516
phone_presence_factorial_train_v1,phone_presence_train_1321,0.5593556,0.103834055,0.0058322116,0.66495615,0.93910646
phone_presence_factorial_train_v1,phone_presence_train_1322,0.9988881,0.37667188,0.9996117,0.9342598,0.9825624
phone_presence_factorial_train_v1,phone_presence_train_1323,0.86937916,0.7766631,3.6843954e-05,0.914772,0.9812352
phone_presence_factorial_train_v1,phone_presence_train_1324,0.995443,0.9570905,0.8726897,0.3467506,0.033968702
phone_presence_factorial_train_v1,phone_presence_train_1325,0.08070868,0.040762853,0.000953564,0.8272188,0.9912998
phone_presence_factorial_train_v1,phone_presence_train_1326,0.32170036,0.005910677,0.07958257,0.99985135,0.99998975
phone_presence_factorial_train_v1,phone_presence_train_1327,0.6300261,0.49386203,0.022903608,0.6618632,0.9990375
phone_presence_factorial_train_v1,phone_presence_train_1328,0.99681336,0.2326708,0.9954106,0.964766,0.99997294
phone_presence_factorial_train_v1,phone_presence_train_1329,0.99731773,0.121209666,0.9987631,0.9279952,0.99997234
phone_presence_factorial_train_v1,phone_presence_train_1330,0.017977057,0.030332912,0.00027421484,0.644569,0.9963649
phone_presence_factorial_train_v1,phone_presence_train_1331,0.30407804,0.29530546,0.43820044,0.25991863,0.99571437
phone_presence_factorial_train_v1,phone_presence_train_1332,0.998054,0.14483623,0.9759926,0.9987295,0.99999
phone_presence_factorial_train_v1,phone_presence_train_1333,0.96471536,0.8735768,0.05974652,0.97710174,0.99937916
phone_presence_factorial_train_v1,phone_presence_train_1334,0.007175768,0.031784855,0.00033507976,0.22083838,0.85976833
phone_presence_factorial_train_v1,phone_presence_train_1335,0.57052237,0.4679884,0.008937165,0.9775444,0.99999
phone_presence_factorial_train_v1,phone_presence_train_1336,0.9927705,0.7681265,0.97419727,0.9996717,0.99994874
phone_presence_factorial_train_v1,phone_presence_train_1337,0.6852475,0.58055896,0.0003611052,0.88983804,0.9990318
phone_presence_factorial_train_v1,phone_presence_train_1338,0.9520774,0.7741324,0.12020386,0.999151,0.99997497
phone_presence_factorial_train_v1,phone_presence_train_1339,0.003289768,0.013199312,9.999999e-06,0.9688326,0.99236417
phone_presence_factorial_train_v1,phone_presence_train_1340,0.16859095,0.5233677,0.00019407894,0.7160687,0.9935266
phone_presence_factorial_train_v1,phone_presence_train_1341,0.95263743,0.07168383,0.9466364,0.9995277,0.99999
phone_presence_factorial_train_v1,phone_presence_train_1342,0.9974595,0.9980768,2.9212082e-05,0.99877876,0.999853
phone_presence_factorial_train_v1,phone_presence_train_1343,0.9464875,0.96332145,0.002428599,0.9987651,0.99999
phone_presence_factorial_train_v1,phone_presence_train_1344,0.281788,0.088158496,0.13349234,0.664,0.9998292
phone_presence_factorial_train_v1,phone_presence_train_1345,0.013438942,0.013079314,3.3226108e-05,0.99641365,0.99999
phone_presence_factorial_train_v1,phone_presence_train_1346,0.9824708,0.08434581,0.978297,0.7835031,0.9997009
phone_presence_factorial_train_v1,phone_presence_train_1347,0.07224041,0.06571592,0.0012863482,0.1682685,0.9979418
phone_presence_factorial_train_v1,phone_presence_train_1348,0.39550003,0.3724668,9.866106e-05,0.3389343,0.99970204
phone_presence_factorial_train_v1,phone_presence_train_1349,0.7458673,0.44840756,0.11193976,0.8221147,0.99880373
phone_presence_factorial_train_v1,phone_presence_train_1350,0.15639013,0.089274086,0.0008086178,0.9881231,0.9998815
phone_presence_factorial_train_v1,phone_presence_train_1351,0.005589196,0.005999892,0.000377099,0.9962599,0.99998605
phone_presence_factorial_train_v1,phone_presence_train_1352,0.02893941,0.008245112,0.00016139522,0.92269635,0.99956614
phone_presence_factorial_train_v1,phone_presence_train_1353,0.90476507,0.7135914,0.019853976,0.99972135,0.99989986
phone_presence_factorial_train_v1,phone_presence_train_1354,0.64531404,0.34881926,0.001766923,0.7383988,0.7839302
phone_presence_factorial_train_v1,phone_presence_train_1355,0.6976155,0.2526421,0.5006405,0.6473622,0.99975795
phone_presence_factorial_train_v1,phone_presence_train_1356,0.83137447,0.74669355,3.0078503e-05,0.9730147,0.9992298
phone_presence_factorial_train_v1,phone_presence_train_1357,0.97104925,0.78272164,0.97608,0.7617484,0.99489033
phone_presence_factorial_train_v1,phone_presence_train_1358,0.94957745,0.9142261,0.0007832447,0.9991111,0.99998295
phone_presence_factorial_train_v1,phone_presence_train_1359,0.90563864,0.31170222,0.9502097,0.9941374,0.9999666
phone_presence_factorial_train_v1,phone_presence_train_1360,0.09705224,0.151417,1.1748209e-05,0.97495294,0.9997485
phone_presence_factorial_train_v1,phone_presence_train_1361,0.74623996,0.46155372,0.00015426068,0.9848439,0.99950016
phone_presence_factorial_train_v1,phone_presence_train_1362,0.19679339,0.2531233,0.00196388,0.96561193,0.99938655
phone_presence_factorial_train_v1,phone_presence_train_1363,0.9400732,0.10958872,0.9428507,0.99149674,0.99970955
phone_presence_factorial_train_v1,phone_presence_train_1364,0.50575477,0.49763635,0.00013557584,0.8221781,0.99130917
phone_presence_factorial_train_v1,phone_presence_train_1365,0.07208383,0.05249251,0.0014539922,0.9416129,0.99964523
phone_presence_factorial_train_v1,phone_presence_train_1366,0.9626825,0.88647807,0.1661347,0.9649666,0.9998963
phone_presence_factorial_train_v1,phone_presence_train_1367,0.9922786,0.960748,0.00018004242,0.46635142,0.9855971
phone_presence_factorial_train_v1,phone_presence_train_1368,0.033637304,0.073163964,3.6380497e-05,0.5931157,0.9957541
phone_presence_factorial_train_v1,phone_presence_train_1369,0.0048726816,0.008433836,0.00015552019,0.1854075,0.9947818
phone_presence_factorial_train_v1,phone_presence_train_1370,0.99867344,0.083021194,0.9996886,0.96967053,0.9999722
phone_presence_factorial_train_v1,phone_presence_train_1371,0.124913275,0.22913364,6.875757e-05,0.9917046,0.9999814
phone_presence_factorial_train_v1,phone_presence_train_1372,0.66656446,0.14667293,0.0015478529,0.9910222,0.99997425
phone_presence_factorial_train_v1,phone_presence_train_1373,0.8236138,0.34456033,0.0003146203,0.98321676,0.84548086
phone_presence_factorial_train_v1,phone_presence_train_1374,0.015629366,0.038738627,0.0001495649,0.4953147,0.9998
phone_presence_factorial_train_v1,phone_presence_train_1375,0.024270209,0.04110189,0.00010213006,0.9570172,0.9993104
phone_presence_factorial_train_v1,phone_presence_train_1376,0.80496955,0.25476858,0.048942253,0.9265127,0.9982835
phone_presence_factorial_train_v1,phone_presence_train_1377,0.55545384,0.65722466,0.007815356,0.70876485,0.9985671
phone_presence_factorial_train_v1,phone_presence_train_1378,0.37534595,0.057048384,0.04997265,0.92053026,0.9999782
phone_presence_factorial_train_v1,phone_presence_train_1379,0.45734942,0.6518158,0.0006030937,0.9666518,0.99995327
phone_presence_factorial_train_v1,phone_presence_train_1380,0.0442283,0.017233867,0.0030402597,0.89016277,0.9999678
phone_presence_factorial_train_v1,phone_presence_train_1381,0.25549155,0.44442326,0.00014246268,0.7769816,0.999108
phone_presence_factorial_train_v1,phone_presence_train_1382,0.30277386,0.16542046,0.0036035466,0.9747396,0.99978894
phone_presence_factorial_train_v1,phone_presence_train_1383,0.86093104,0.8708894,0.0016308702,0.97793865,0.99979454
phone_presence_factorial_train_v1,phone_presence_train_1384,0.67876714,0.59949213,6.1010305e-05,0.9959054,0.6573996
phone_presence_factorial_train_v1,phone_presence_train_1385,0.8293618,0.048746902,0.97339565,0.9244635,0.9994398
phone_presence_factorial_train_v1,phone_presence_train_1386,0.8305601,0.5339342,0.03143661,0.29573217,0.9994128
phone_presence_factorial_train_v1,phone_presence_train_1387,0.20732795,0.049997445,0.3931499,0.93609565,0.9998342
phone_presence_factorial_train_v1,phone_presence_train_1388,0.6140585,0.5440162,0.0016425186,0.9942175,0.9999666
phone_presence_factorial_train_v1,phone_presence_train_1389,0.17471524,0.19313395,0.0010596274,0.8003327,0.9994611
phone_presence_factorial_train_v1,phone_presence_train_1390,0.96351165,0.13671584,0.9374181,0.99760723,0.9974312
phone_presence_factorial_train_v1,phone_presence_train_1391,0.033554588,0.05606667,0.00016273376,0.9625655,0.9999331
phone_presence_factorial_train_v1,phone_presence_train_1392,0.86761785,0.5283549,0.4771614,0.8636364,0.9997583
phone_presence_factorial_train_v1,phone_presence_train_1393,0.04361476,0.13305363,3.73247e-05,0.43457696,0.9985343
phone_presence_factorial_train_v1,phone_presence_train_1394,0.004694721,0.015177263,1.496292e-05,0.8383231,0.999652
phone_presence_factorial_train_v1,phone_presence_train_1395,0.9999676,0.71527725,0.99984753,0.9901878,0.99317193
phone_presence_factorial_train_v1,phone_presence_train_1396,0.30740297,0.5144313,0.0007168729,0.72355,0.99887234
phone_presence_factorial_train_v1,phone_presence_train_1397,0.020527348,0.019440861,0.00077100337,0.46834594,0.999548
phone_presence_factorial_train_v1,phone_presence_train_1398,0.7225437,0.65777546,1.17452955e-05,0.9780458,0.9998227
phone_presence_factorial_train_v1,phone_presence_train_1399,0.6415693,0.47456697,0.00027981267,0.97810817,0.99983144
phone_presence_factorial_train_v1,phone_presence_train_1400,0.9928799,0.5043594,0.9542821,0.97891724,0.9998405
phone_presence_factorial_train_v1,phone_presence_train_1401,0.18678047,0.032141134,0.26490143,0.7968979,0.11180491
phone_presence_factorial_train_v1,phone_presence_train_1402,0.9995919,0.9995395,0.001105939,0.9945912,0.9998808
phone_presence_factorial_train_v1,phone_presence_train_1403,0.9914471,0.5206963,0.95012295,0.9856697,0.99932647
phone_presence_factorial_train_v1,phone_presence_train_1404,0.98873574,0.13503562,0.99659663,0.7611106,0.9999782
phone_presence_factorial_train_v1,phone_presence_train_1405,0.99038106,0.7912865,0.7587205,0.9913464,0.9999763
phone_presence_factorial_train_v1,phone_presence_train_1406,0.82255733,0.37668607,0.0017494039,0.36474505,0.90786284
phone_presence_factorial_train_v1,phone_presence_train_1407,0.98525256,0.060739465,0.8064209,0.23194624,0.9991271
phone_presence_factorial_train_v1,phone_presence_train_1408,0.07239019,0.06280551,9.239064e-05,0.25512892,0.99651766
phone_presence_factorial_train_v1,phone_presence_train_1409,0.6380068,0.8025826,7.9754194e-05,0.76285136,0.9993136
phone_presence_factorial_train_v1,phone_presence_train_1410,0.9911752,0.77362555,0.99494594,0.99187565,0.99965084
phone_presence_factorial_train_v1,phone_presence_train_1411,0.9979201,0.15883398,0.9986098,0.9819072,0.99880636
phone_presence_factorial_train_v1,phone_presence_train_1412,0.8447313,0.87451917,0.00029436717,0.9755932,0.99979275
phone_presence_factorial_train_v1,phone_presence_train_1413,0.8636183,0.2954775,0.24984272,0.9869489,0.9982925
phone_presence_factorial_train_v1,phone_presence_train_1414,0.5600067,0.2979545,0.011299618,0.9792701,0.9997694
phone_presence_factorial_train_v1,phone_presence_train_1415,0.8895777,0.8367901,0.0046522785,0.9906115,0.9900405
phone_presence_factorial_train_v1,phone_presence_train_1416,0.992242,0.29001954,0.98220855,0.87684035,0.9995815
phone_presence_factorial_train_v1,phone_presence_train_1417,0.67756665,0.013272638,0.88663137,0.7963826,0.99798536
phone_presence_factorial_train_v1,phone_presence_train_1418,0.059523124,0.07379319,0.00034973203,0.9994497,0.9998729
phone_presence_factorial_train_v1,phone_presence_train_1419,0.23094307,0.21770675,0.00018359734,0.5531189,0.98747754
phone_presence_factorial_train_v1,phone_presence_train_1420,0.371576,0.45628637,0.00020745362,0.4805358,0.9982495
phone_presence_factorial_train_v1,phone_presence_train_1421,0.7842319,0.63346595,0.00015020404,0.9306403,0.9959324
phone_presence_factorial_train_v1,phone_presence_train_1422,0.9989563,0.9963378,0.00041906844,0.9901424,0.9486585
phone_presence_factorial_train_v1,phone_presence_train_1423,0.81750554,0.49083644,0.02309761,0.95760673,0.10773293
phone_presence_factorial_train_v1,phone_presence_train_1424,0.006218993,0.017278317,0.00018766854,0.30961785,0.99836475
phone_presence_factorial_train_v1,phone_presence_train_1425,0.3283281,0.13767561,0.0106223505,0.9845605,0.9961248
phone_presence_factorial_train_v1,phone_presence_train_1426,0.06465029,0.034464795,0.005764803,0.95148677,0.9996805
phone_presence_factorial_train_v1,phone_presence_train_1427,0.9872837,0.32716188,0.8727678,0.88346714,0.9976578
phone_presence_factorial_train_v1,phone_presence_train_1428,0.7893225,0.31919938,0.024617936,0.9560335,0.9819125
phone_presence_factorial_train_v1,phone_presence_train_1429,0.2503347,0.14967872,0.029195402,0.76778543,0.6038789
phone_presence_factorial_train_v1,phone_presence_train_1430,0.95918137,0.097673394,0.8996111,0.98770136,0.99989736
phone_presence_factorial_train_v1,phone_presence_train_1431,0.9849877,0.6679796,0.9944054,0.5600447,0.5423372
phone_presence_factorial_train_v1,phone_presence_train_1432,0.9672798,0.884015,0.02417577,0.9947238,0.9999765
phone_presence_factorial_train_v1,phone_presence_train_1433,0.99244565,0.97274977,0.0034994804,0.9635974,0.93829125
phone_presence_factorial_train_v1,phone_presence_train_1434,0.94864094,0.81615424,0.01296266,0.9136623,0.23015514
phone_presence_factorial_train_v1,phone_presence_train_1435,0.97309285,0.67876726,0.99695045,0.98263204,0.9906432
phone_presence_factorial_train_v1,phone_presence_train_1436,0.44046453,0.4333476,0.00046632503,0.9895126,0.9999876
phone_presence_factorial_train_v1,phone_presence_train_1437,0.935243,0.7529554,0.011464554,0.9988182,0.9999347
phone_presence_factorial_train_v1,phone_presence_train_1438,0.9936745,0.9836871,0.0013926896,0.99968946,0.99999
phone_presence_factorial_train_v1,phone_presence_train_1439,0.97606224,0.81220204,0.6928896,0.9187054,0.9996815
phone_presence_factorial_train_v1,phone_presence_train_1440,0.031536292,0.41616312,3.3638724e-05,0.9158444,0.9998185
phone_presence_factorial_train_v1,phone_presence_train_1441,0.7956197,0.58423656,0.002106079,0.94254583,0.9991128
phone_presence_factorial_train_v1,phone_presence_train_1442,0.7071863,0.17401974,0.14812276,0.99081296,0.99901605
phone_presence_factorial_train_v1,phone_presence_train_1443,0.8951169,0.8263375,0.00015392479,0.9798502,0.8920459
phone_presence_factorial_train_v1,phone_presence_train_1444,0.98848605,0.6037039,0.81337434,0.9192161,0.99650526
phone_presence_factorial_train_v1,phone_presence_train_1445,0.99170274,0.4277855,0.9927505,0.9995994,0.99997604
phone_presence_factorial_train_v1,phone_presence_train_1446,0.601994,0.1759415,5.63777e-05,0.9527634,0.98349935
phone_presence_factorial_train_v1,phone_presence_train_1447,0.86344,0.22235742,0.9613235,0.10239013,0.9444561
phone_presence_factorial_train_v1,phone_presence_train_1448,0.8052649,0.57507914,0.11659255,0.9930474,0.99969304
phone_presence_factorial_train_v1,phone_presence_train_1449,0.9992749,0.86626214,0.9806604,0.8737874,0.9999609
phone_presence_factorial_train_v1,phone_presence_train_1450,0.9997887,0.9996412,0.98772544,0.9974015,0.9999635
phone_presence_factorial_train_v1,phone_presence_train_1451,0.08092295,0.18059967,5.7295834e-05,0.98654616,0.99996924
phone_presence_factorial_train_v1,phone_presence_train_1452,0.9999124,0.8080969,0.9999819,0.93144214,0.99998975
phone_presence_factorial_train_v1,phone_presence_train_1453,0.56184906,0.25909093,0.64408666,0.8469488,0.9997993
phone_presence_factorial_train_v1,phone_presence_train_1454,0.2889889,0.08027097,0.59283257,0.8067963,0.28400978
phone_presence_factorial_train_v1,phone_presence_train_1455,0.65540534,0.14934008,0.003278282,0.99830437,0.99999
phone_presence_factorial_train_v1,phone_presence_train_1456,0.8368733,0.22222564,0.93870187,0.34245992,0.29381278
phone_presence_factorial_train_v1,phone_presence_train_1457,0.17333075,0.06564384,0.022658568,0.53018945,0.99497366
phone_presence_factorial_train_v1,phone_presence_train_1458,0.27532116,0.2692114,0.0010017176,0.7930962,0.9998982
phone_presence_factorial_train_v1,phone_presence_train_1459,0.26468486,0.09821483,0.094625846,0.7361274,0.55076075
phone_presence_factorial_train_v1,phone_presence_train_1460,0.8493574,0.50724846,0.0070647486,0.98605067,0.9988288
phone_presence_factorial_train_v1,phone_presence_train_1461,0.61325145,0.026794849,0.30957863,0.9470815,0.99998
phone_presence_factorial_train_v1,phone_presence_train_1462,0.20629978,0.4031452,7.316352e-05,0.9913799,0.997693
phone_presence_factorial_train_v1,phone_presence_train_1463,0.9963522,0.9851341,0.09924308,0.98969007,0.99908507
phone_presence_factorial_train_v1,phone_presence_train_1464,0.3947816,0.3934515,0.004706641,0.9470683,0.99943894
phone_presence_factorial_train_v1,phone_presence_train_1465,0.5370907,0.8002653,1.4064769e-05,0.9994992,0.999961
phone_presence_factorial_train_v1,phone_presence_train_1466,0.8144391,0.03798554,0.33130327,0.90783346,0.99806887
phone_presence_factorial_train_v1,phone_presence_train_1467,0.68371594,0.12384409,0.21095574,0.99330866,0.99857545
phone_presence_factorial_train_v1,phone_presence_train_1468,0.9943169,0.5784134,0.9725094,0.98284894,0.99948263
phone_presence_factorial_train_v1,phone_presence_train_1469,0.038797025,0.09427283,1.4796371e-05,0.5567091,0.9982053
phone_presence_factorial_train_v1,phone_presence_train_1470,0.39260474,0.7089137,0.00085172703,0.98682886,0.9999459
phone_presence_factorial_train_v1,phone_presence_train_1471,0.998024,0.10909994,0.9792045,0.9985966,0.99995375
phone_presence_factorial_train_v1,phone_presence_train_1472,0.9803284,0.05184891,0.9994942,0.9687421,0.9878825
phone_presence_factorial_train_v1,phone_presence_train_1473,0.9733907,0.9707888,0.06799967,0.9966002,0.9705606
phone_presence_factorial_train_v1,phone_presence_train_1474,0.4908415,0.6199708,0.098072045,0.991824,0.9992957
phone_presence_factorial_train_v1,phone_presence_train_1475,0.19076341,0.016658695,0.10723293,0.9997869,0.99999
phone_presence_factorial_train_v1,phone_presence_train_1476,0.99766207,0.8936799,0.9961462,0.9626871,0.9999516
phone_presence_factorial_train_v1,phone_presence_train_1477,0.99994516,0.9972249,0.99959534,0.78384167,0.9844052
phone_presence_factorial_train_v1,phone_presence_train_1478,0.5333812,0.023568636,0.17353553,0.9765926,0.9999386
phone_presence_factorial_train_v1,phone_presence_train_1479,0.9922273,0.17004924,0.9922579,0.8689821,0.999348
phone_presence_factorial_train_v1,phone_presence_train_1480,0.95345306,0.8804967,0.005804909,0.86209327,0.99867475
phone_presence_factorial_train_v1,phone_presence_train_1481,0.39336085,0.3389769,5.512448e-05,0.9838096,0.99996436
phone_presence_factorial_train_v1,phone_presence_train_1482,0.44634017,0.6551544,0.00031345504,0.9519402,0.99835265
phone_presence_factorial_train_v1,phone_presence_train_1483,0.8985279,0.7251611,0.0013273737,0.99367034,0.9995522
phone_presence_factorial_train_v1,phone_presence_train_1484,0.05361636,0.059906743,0.00024160431,0.9066025,0.87423986
phone_presence_factorial_train_v1,phone_presence_train_1485,0.9999176,0.72011274,0.99992967,0.99771845,0.9999659
phone_presence_factorial_train_v1,phone_presence_train_1486,0.66224915,0.5026845,0.006471024,0.98214185,0.9999579
phone_presence_factorial_train_v1,phone_presence_train_1487,0.318837,0.26479232,1.3262124e-05,0.9750072,0.99971
phone_presence_factorial_train_v1,phone_presence_train_1488,0.08114665,0.08478603,0.016069606,0.97852236,0.9999548
phone_presence_factorial_train_v1,phone_presence_train_1489,0.021954484,0.081612684,0.000118531345,0.81592816,0.9977875
phone_presence_factorial_train_v1,phone_presence_train_1490,0.9994461,0.027965598,0.9999511,0.9539397,0.9982665
phone_presence_factorial_train_v1,phone_presence_train_1491,0.07382019,0.06527304,0.0028271165,0.8476443,0.9997975
phone_presence_factorial_train_v1,phone_presence_train_1492,0.88760245,0.6781672,0.0005554728,0.98758954,0.9918576
phone_presence_factorial_train_v1,phone_presence_train_1493,0.9838907,0.48729014,0.58980817,0.9943116,0.9999703
phone_presence_factorial_train_v1,phone_presence_train_1494,0.2328767,0.091542654,0.69912595,0.72116,0.99975544
phone_presence_factorial_train_v1,phone_presence_train_1495,0.2102693,0.32849365,0.01356788,0.9821906,0.9998016
phone_presence_factorial_train_v1,phone_presence_train_1496,0.36546373,0.13252726,0.02413059,0.6884961,0.9801358
phone_presence_factorial_train_v1,phone_presence_train_1497,0.5370648,0.4991908,2.6967398e-05,0.9105848,0.9996728
phone_presence_factorial_train_v1,phone_presence_train_1498,0.1420009,0.156785,0.00020397274,0.9814658,0.9999113
phone_presence_factorial_train_v1,phone_presence_train_1499,0.99433386,0.9546766,0.03663298,0.8846184,0.99896
phone_presence_factorial_train_v1,phone_presence_train_1500,0.9967932,0.1356702,0.99704295,0.99784863,0.9999715
phone_presence_factorial_train_v1,phone_presence_train_1501,0.97372353,0.85441464,0.0015663041,0.9934349,0.93849623
phone_presence_factorial_train_v1,phone_presence_train_1502,0.13687482,0.020917607,0.019295419,0.7655883,0.49142766
phone_presence_factorial_train_v1,phone_presence_train_1503,0.9876973,0.96816784,0.08427549,0.9896841,0.99811006
phone_presence_factorial_train_v1,phone_presence_train_1504,0.85681254,0.7520035,0.0014286349,0.9700897,0.9819971
phone_presence_factorial_train_v1,phone_presence_train_1505,0.99999,0.98840976,0.9999883,0.99927133,0.9992955
phone_presence_factorial_train_v1,phone_presence_train_1506,0.99827254,0.5648639,0.9992694,0.98202527,0.9999219
phone_presence_factorial_train_v1,phone_presence_train_1507,0.9879522,0.98128295,0.011571432,0.9864781,0.99823356
phone_presence_factorial_train_v1,phone_presence_train_1508,0.9897306,0.99036926,0.0015613798,0.9962902,0.9997286
phone_presence_factorial_train_v1,phone_presence_train_1509,0.9636077,0.4873211,0.94460565,0.94814783,0.99914575
phone_presence_factorial_train_v1,phone_presence_train_1510,0.7025673,0.18599273,0.90840364,0.85378575,0.9998398
phone_presence_factorial_train_v1,phone_presence_train_1511,0.9680982,0.9064731,0.010220601,0.9984518,0.99892247
phone_presence_factorial_train_v1,phone_presence_train_1512,0.9957217,0.7422987,0.96504843,0.97383696,0.9998969
phone_presence_factorial_train_v1,phone_presence_train_1513,0.9385156,0.102642775,0.94680834,0.99794954,0.99995244
phone_presence_factorial_train_v1,phone_presence_train_1514,0.99735177,0.9147446,0.92962587,0.9164179,0.999469
phone_presence_factorial_train_v1,phone_presence_train_1515,0.963908,0.93123037,0.0009570769,0.92177564,0.99991167
phone_presence_factorial_train_v1,phone_presence_train_1516,0.8736995,0.85133755,0.014647756,0.9955765,0.99832684
phone_presence_factorial_train_v1,phone_presence_train_1517,0.047971003,0.077851586,0.0001503264,0.9737256,0.8606564
phone_presence_factorial_train_v1,phone_presence_train_1518,0.8066525,0.5834834,0.0040243776,0.97689474,0.9998481
phone_presence_factorial_train_v1,phone_presence_train_1519,0.95974886,0.9034239,0.020006355,0.9419709,0.5212425
phone_presence_factorial_train_v1,phone_presence_train_1520,0.99750865,0.38969374,0.99861157,0.86064273,0.9993482
phone_presence_factorial_train_v1,phone_presence_train_1521,0.98219717,0.9484928,0.07555021,0.39891788,0.9995553
phone_presence_factorial_train_v1,phone_presence_train_1522,0.99833435,0.24225333,0.99938524,0.37472075,0.9954346
phone_presence_factorial_train_v1,phone_presence_train_1523,0.99851745,0.5347106,0.9886459,0.48789132,0.3439754
phone_presence_factorial_train_v1,phone_presence_train_1524,0.890061,0.8378787,4.0846207e-05,0.8706486,0.024367964
phone_presence_factorial_train_v1,phone_presence_train_1525,0.99955684,0.601235,0.99990606,0.97718936,0.99999
phone_presence_factorial_train_v1,phone_presence_train_1526,0.9999701,0.9986015,0.9944608,0.99923325,0.9997181
phone_presence_factorial_train_v1,phone_presence_train_1527,0.9824405,0.91070783,0.03646612,0.9431839,0.98338056
phone_presence_factorial_train_v1,phone_presence_train_1528,0.99912196,0.98192453,0.96006805,0.9756127,0.9998412
phone_presence_factorial_train_v1,phone_presence_train_1529,0.9358429,0.3657874,0.95716417,0.7956884,0.06459345
phone_presence_factorial_train_v1,phone_presence_train_1530,0.54832494,0.40167704,3.34002e-05,0.9845084,0.9999262
phone_presence_factorial_train_v1,phone_presence_train_1531,0.12733111,0.27391025,0.0011163023,0.9429079,0.99990773
phone_presence_factorial_train_v1,phone_presence_train_1532,0.9316563,0.89181906,0.024364851,0.96412927,0.9999546
phone_presence_factorial_train_v1,phone_presence_train_1533,0.9972811,0.9355437,0.9699916,0.98298407,0.9998288
phone_presence_factorial_train_v1,phone_presence_train_1534,0.47267646,0.31851187,0.052852023,0.9439283,0.9996799
phone_presence_factorial_train_v1,phone_presence_train_1535,0.99982613,0.27823156,0.99979776,0.99094594,0.9998192
phone_presence_factorial_train_v1,phone_presence_train_1536,0.12359468,0.121725544,0.0018716092,0.87499994,0.09482435
phone_presence_factorial_train_v1,phone_presence_train_1537,0.12340567,0.08104819,1.7013843e-05,0.9797972,0.99940956
phone_presence_factorial_train_v1,phone_presence_train_1538,0.82243836,0.7875481,2.257014e-05,0.9993704,0.9999529
phone_presence_factorial_train_v1,phone_presence_train_1539,0.8743694,0.42921892,0.8004817,0.9964049,0.9996325
phone_presence_factorial_train_v1,phone_presence_train_1540,0.9999083,0.5083193,0.99991703,0.99572986,0.99987185
phone_presence_factorial_train_v1,phone_presence_train_1541,0.95751107,0.24732095,0.99914443,0.5839467,0.9972203
phone_presence_factorial_train_v1,phone_presence_train_1542,0.9628831,0.6007543,0.99695337,0.8636127,0.99775034
phone_presence_factorial_train_v1,phone_presence_train_1543,0.9336812,0.8513776,0.022898609,0.97218215,0.999724
phone_presence_factorial_train_v1,phone_presence_train_1544,0.9421393,0.42187783,0.5851667,0.9603397,0.9938
phone_presence_factorial_train_v1,phone_presence_train_1545,0.98033625,0.7956128,0.87116826,0.9932672,0.9991716
phone_presence_factorial_train_v1,phone_presence_train_1546,0.9959324,0.91157097,0.9818448,0.9962154,0.99992824
phone_presence_factorial_train_v1,phone_presence_train_1547,0.3769753,0.34267685,1.2850371e-05,0.9561024,0.99884135
phone_presence_factorial_train_v1,phone_presence_train_1548,0.9114755,0.8911167,0.0023865758,0.9545039,0.8141005
phone_presence_factorial_train_v1,phone_presence_train_1549,0.47226542,0.39370608,0.002347803,0.664822,0.999948
phone_presence_factorial_train_v1,phone_presence_train_1550,0.44774356,0.02685911,0.13356002,0.99056715,0.9991192
phone_presence_factorial_train_v1,phone_presence_train_1551,0.9993449,0.6641029,0.9996916,0.69808203,0.99972695
phone_presence_factorial_train_v1,phone_presence_train_1552,0.06858928,0.05987584,4.3036493e-05,0.41726637,0.9939267
phone_presence_factorial_train_v1,phone_presence_train_1553,0.6083002,0.4010361,0.0015818585,0.79201895,0.99982977
phone_presence_factorial_train_v1,phone_presence_train_1554,0.7730886,0.21612932,0.7667158,0.71854615,0.07493305
phone_presence_factorial_train_v1,phone_presence_train_1555,0.9988071,0.7921064,0.99964476,0.9983646,0.99962497
phone_presence_factorial_train_v1,phone_presence_train_1556,0.07672456,0.031468034,0.00050504843,0.98771954,0.99996495
phone_presence_factorial_train_v1,phone_presence_train_1557,0.08246067,0.21797393,0.00010547482,0.925447,0.97145253
phone_presence_factorial_train_v1,phone_presence_train_1558,0.9989208,0.99500704,0.015838945,0.9944512,0.9336906
phone_presence_factorial_train_v1,phone_presence_train_1559,0.9849498,0.41186208,0.99713874,0.80052066,0.99815506
phone_presence_factorial_train_v1,phone_presence_train_1560,0.049033735,0.19542238,3.675713e-05,0.6411508,0.0043997513
phone_presence_factorial_train_v1,phone_presence_train_1561,0.9984669,0.40452933,0.998852,0.67368513,0.99993
phone_presence_factorial_train_v1,phone_presence_train_1562,0.9000884,0.4619822,0.00087933714,0.73818284,0.98596466
phone_presence_factorial_train_v1,phone_presence_train_1563,0.77917224,0.749173,0.0007460098,0.86849415,0.9999876
phone_presence_factorial_train_v1,phone_presence_train_1564,0.051457692,0.06016747,0.00057667826,0.4571901,0.0168
phone_presence_factorial_train_v1,phone_presence_train_1565,0.9984738,0.9985166,0.112315774,0.9906633,0.9999802
phone_presence_factorial_train_v1,phone_presence_train_1566,0.16139004,0.109353505,6.6137734e-05,0.9510171,0.9999757
phone_presence_factorial_train_v1,phone_presence_train_1567,0.9983878,0.17821144,0.9990157,0.8927033,0.9998541
phone_presence_factorial_train_v1,phone_presence_train_1568,0.2062044,0.32384744,0.00035056422,0.86518985,0.99945825
phone_presence_factorial_train_v1,phone_presence_train_1569,0.025294725,0.1007521,3.0003988e-05,0.23992398,0.888536
phone_presence_factorial_train_v1,phone_presence_train_1570,0.32381833,0.04701588,0.7215834,0.98919326,0.99999
phone_presence_factorial_train_v1,phone_presence_train_1571,0.9895369,0.975267,0.00074236037,0.9943178,0.94105136
phone_presence_factorial_train_v1,phone_presence_train_1572,0.07263184,0.044119548,2.0593236e-05,0.9744743,0.99990785
phone_presence_factorial_train_v1,phone_presence_train_1573,0.9908439,0.97480756,0.00410387,0.662296,0.57603604
phone_presence_factorial_train_v1,phone_presence_train_1574,0.98253834,0.04787571,0.7050207,0.99518,0.9998447
phone_presence_factorial_train_v1,phone_presence_train_1575,0.99992454,0.98875684,0.9998105,0.9994105,0.99995995
phone_presence_factorial_train_v1,phone_presence_train_1576,0.9835978,0.43940237,0.9496112,0.97608715,0.999876
phone_presence_factorial_train_v1,phone_presence_train_1577,0.124635555,0.09206371,8.098069e-05,0.52915484,0.9958112
phone_presence_factorial_train_v1,phone_presence_train_1578,0.9972263,0.26152974,0.9974833,0.90995216,0.9999263
phone_presence_factorial_train_v1,phone_presence_train_1579,0.5694833,0.5976738,0.021203151,0.513319,0.9932162
phone_presence_factorial_train_v1,phone_presence_train_1580,0.99998903,0.9987795,0.9995639,0.99872726,0.99970704
phone_presence_factorial_train_v1,phone_presence_train_1581,0.3621001,0.11621419,6.146206e-05,0.9873099,0.9987832
phone_presence_factorial_train_v1,phone_presence_train_1582,0.9726184,0.08813408,0.95262015,0.64694864,0.2792619
phone_presence_factorial_train_v1,phone_presence_train_1583,0.24473077,0.14480236,4.2753996e-05,0.9980234,0.99769247
phone_presence_factorial_train_v1,phone_presence_train_1584,0.84967643,0.78448397,0.00062279,0.94679946,0.99994206
phone_presence_factorial_train_v1,phone_presence_train_1585,0.9896451,0.9733733,0.004735733,0.98999715,0.99832815
phone_presence_factorial_train_v1,phone_presence_train_1586,0.45458293,0.27537376,0.09529104,0.9729207,0.9999615
phone_presence_factorial_train_v1,phone_presence_train_1587,0.89009255,0.8538567,5.245792e-05,0.9876879,0.9999275
phone_presence_factorial_train_v1,phone_presence_train_1588,0.9228091,0.35946688,0.31259486,0.97783524,0.9484035
phone_presence_factorial_train_v1,phone_presence_train_1589,0.064463735,0.14346571,3.915977e-05,0.6343284,0.9299947
phone_presence_factorial_train_v1,phone_presence_train_1590,0.9825783,0.14668827,0.86323136,0.99730194,0.9999802
phone_presence_factorial_train_v1,phone_presence_train_1591,0.766065,0.43136647,0.8950841,0.71607286,0.8781605
phone_presence_factorial_train_v1,phone_presence_train_1592,0.9984138,0.21618126,0.99967945,0.22485256,0.9998103
phone_presence_factorial_train_v1,phone_presence_train_1593,0.9380086,0.7673238,0.20657627,0.88571155,0.25829816
phone_presence_factorial_train_v1,phone_presence_train_1594,0.24040419,0.41835117,0.0011383833,0.8938459,0.7715558
phone_presence_factorial_train_v1,phone_presence_train_1595,0.69593424,0.5057797,0.021591078,0.98740363,0.9998833
phone_presence_factorial_train_v1,phone_presence_train_1596,0.051301695,0.039276093,2.6847923e-05,0.39818183,0.029346237
phone_presence_factorial_train_v1,phone_presence_train_1597,0.9795222,0.8073304,0.51108044,0.992125,0.97697294
phone_presence_factorial_train_v1,phone_presence_train_1598,0.31873134,0.27140564,2.121562e-05,0.9781928,0.998971
phone_presence_factorial_train_v1,phone_presence_train_1599,0.5671088,0.019905295,0.9916898,0.599255,0.7668981
phone_presence_factorial_train_v1,phone_presence_train_1600,0.65135294,0.87651694,3.3087486e-05,0.99394196,0.9990884
phone_presence_factorial_train_v1,phone_presence_train_1601,0.86210316,0.4241343,0.16074586,0.99363744,0.9998596
phone_presence_factorial_train_v1,phone_presence_train_1602,0.8053828,0.30226728,0.043136656,0.9498623,0.99998224
phone_presence_factorial_train_v1,phone_presence_train_1603,0.99083334,0.9621126,0.073999554,0.99551564,0.9986093
phone_presence_factorial_train_v1,phone_presence_train_1604,0.9919469,0.9821399,0.00011884179,0.98628277,0.11297058
phone_presence_factorial_train_v1,phone_presence_train_1605,0.99998415,0.87112576,0.9999776,0.818316,0.9819328
phone_presence_factorial_train_v1,phone_presence_train_1606,0.89579713,0.04514032,0.99603844,0.4410286,0.99857545
phone_presence_factorial_train_v1,phone_presence_train_1607,0.9799998,0.70979494,0.0951964,0.66444767,0.9975067
phone_presence_factorial_train_v1,phone_presence_train_1608,0.4104795,0.35941166,0.00028174944,0.96471643,0.99998164
phone_presence_factorial_train_v1,phone_presence_train_1609,0.654751,0.76952815,0.00022333713,0.5445411,0.9989139
phone_presence_factorial_train_v1,phone_presence_train_1610,0.6528881,0.66394377,2.2280345e-05,0.9618076,0.994062
phone_presence_factorial_train_v1,phone_presence_train_1611,0.9906352,0.19206032,0.89527047,0.95608646,0.99968886
phone_presence_factorial_train_v1,phone_presence_train_1612,0.99771523,0.36137873,0.9903898,0.95058024,0.99704546
phone_presence_factorial_train_v1,phone_presence_train_1613,0.8635233,0.7485504,0.0073504974,0.9747482,0.9999409
phone_presence_factorial_train_v1,phone_presence_train_1614,0.7822881,0.54845035,0.022292988,0.98737013,0.999943
phone_presence_factorial_train_v1,phone_presence_train_1615,0.13266492,0.05967423,0.10096845,0.9791854,0.99927396
phone_presence_factorial_train_v1,phone_presence_train_1616,0.7076596,0.5456325,6.962262e-05,0.41579717,0.98315847
phone_presence_factorial_train_v1,phone_presence_train_1617,0.95954156,0.69866467,0.17207095,0.99185914,0.9999074
phone_presence_factorial_train_v1,phone_presence_train_1618,0.11095396,0.18742554,0.00012633103,0.9322783,0.99718565
phone_presence_factorial_train_v1,phone_presence_train_1619,0.10309721,0.020011099,0.30814892,0.9119481,0.9997738
phone_presence_factorial_train_v1,phone_presence_train_1620,0.9999119,0.9245287,0.9998093,0.9976641,0.99987864
phone_presence_factorial_train_v1,phone_presence_train_1621,0.852196,0.14701222,0.95510805,0.991557,0.9999372
phone_presence_factorial_train_v1,phone_presence_train_1622,0.41600692,0.5016151,0.0009571607,0.9997123,0.99999
phone_presence_factorial_train_v1,phone_presence_train_1623,0.973195,0.9307534,0.0050784824,0.9732079,0.9996896
phone_presence_factorial_train_v1,phone_presence_train_1624,0.5426272,0.30466184,0.005305819,0.93072987,0.9972536
phone_presence_factorial_train_v1,phone_presence_train_1625,0.5912847,0.15229037,0.29815844,0.964813,0.97890216
phone_presence_factorial_train_v1,phone_presence_train_1626,0.35197592,0.43786368,0.00052783097,0.9876665,0.9971547
phone_presence_factorial_train_v1,phone_presence_train_1627,0.99731654,0.9779108,0.9243192,0.8766145,0.9940369
phone_presence_factorial_train_v1,phone_presence_train_1628,0.039807744,0.07262199,9.999999e-06,0.7599797,0.9956
phone_presence_factorial_train_v1,phone_presence_train_1629,0.99060714,0.29886246,0.8997275,0.25394124,0.9999534
phone_presence_factorial_train_v1,phone_presence_train_1630,0.3193424,0.36295035,0.27309194,0.9833798,0.9996854
phone_presence_factorial_train_v1,phone_presence_train_1631,0.99970466,0.2162324,0.99996734,0.9945516,0.99999
phone_presence_factorial_train_v1,phone_presence_train_1632,0.8120515,0.70380676,0.0008252213,0.9527342,0.999966
phone_presence_factorial_train_v1,phone_presence_train_1633,0.07000204,0.11825985,0.00025461553,0.9868858,0.99995387
phone_presence_factorial_train_v1,phone_presence_train_1634,0.9651622,0.8667777,0.012002062,0.52593565,0.011496839
phone_presence_factorial_train_v1,phone_presence_train_1635,0.7247134,0.47903067,0.0026994066,0.9900087,0.99985814
phone_presence_factorial_train_v1,phone_presence_train_1636,0.9564451,0.1252433,0.92794377,0.81893975,0.9989171
phone_presence_factorial_train_v1,phone_presence_train_1637,0.999765,0.99498653,0.99964035,0.9983354,0.999824
phone_presence_factorial_train_v1,phone_presence_train_1638,0.6916153,0.57465184,2.3249342e-05,0.87870985,0.93636423
phone_presence_factorial_train_v1,phone_presence_train_1639,0.3818513,0.053745832,0.42203897,0.58784026,0.999701
phone_presence_factorial_train_v1,phone_presence_train_1640,0.24083143,0.33915782,0.0001474793,0.87011653,0.99868506
phone_presence_factorial_train_v1,phone_presence_train_1641,0.07475177,0.0878972,0.0046241092,0.9358007,0.99593335
phone_presence_factorial_train_v1,phone_presence_train_1642,0.83570623,0.28864935,0.00045529142,0.99237156,0.99971575
phone_presence_factorial_train_v1,phone_presence_train_1643,0.6184105,0.4399133,0.053205058,0.898584,0.9998056
phone_presence_factorial_train_v1,phone_presence_train_1644,0.19663219,0.2873814,0.0013425223,0.57722384,0.9981071
phone_presence_factorial_train_v1,phone_presence_train_1645,0.99477214,0.9274678,0.9960861,0.88123906,0.9997948
phone_presence_factorial_train_v1,phone_presence_train_1646,0.6799752,0.018351452,0.93830425,0.98748326,0.99998844
phone_presence_factorial_train_v1,phone_presence_train_1647,0.83428556,0.011831576,0.86366826,0.83732706,0.99972445
phone_presence_factorial_train_v1,phone_presence_train_1648,0.99892044,0.28508058,0.9488222,0.66857994,0.99994993
phone_presence_factorial_train_v1,phone_presence_train_1649,0.77220607,0.028862901,0.995961,0.7349042,0.9986657
phone_presence_factorial_train_v1,phone_presence_train_1650,0.9625822,0.9824097,0.0003119079,0.99296784,0.99987245
phone_presence_factorial_train_v1,phone_presence_train_1651,0.04850799,0.007286604,0.0014423268,0.98379636,0.99778724
phone_presence_factorial_train_v1,phone_presence_train_1652,0.19779313,0.22212797,0.0014622819,0.8379122,0.99979347
phone_presence_factorial_train_v1,phone_presence_train_1653,0.688968,0.9139293,1.289293e-05,0.9991202,0.9999641
phone_presence_factorial_train_v1,phone_presence_train_1654,0.70600754,0.52419376,0.012624812,0.35143244,0.9597484
phone_presence_factorial_train_v1,phone_presence_train_1655,0.45702788,0.5614762,3.7889793e-05,0.9993734,0.99994576
phone_presence_factorial_train_v1,phone_presence_train_1656,0.89324266,0.55537885,0.047547325,0.9904225,0.9994646
phone_presence_factorial_train_v1,phone_presence_train_1657,0.96067333,0.6394292,0.3084834,0.8267214,0.46081197
phone_presence_factorial_train_v1,phone_presence_train_1658,0.9949883,0.87451714,0.9440976,0.9982126,0.9998871
phone_presence_factorial_train_v1,phone_presence_train_1659,0.7516622,0.88663995,0.00017778021,0.8682434,0.99133486
phone_presence_factorial_train_v1,phone_presence_train_1660,0.81361073,0.9289299,0.00055649393,0.9798068,0.99994385
phone_presence_factorial_train_v1,phone_presence_train_1661,0.7808395,0.15148595,0.86523545,0.9195752,0.9998165
phone_presence_factorial_train_v1,phone_presence_train_1662,0.9087959,0.8812632,0.65891415,0.9813711,0.9998441
phone_presence_factorial_train_v1,phone_presence_train_1663,0.1897139,0.42724457,0.0029332694,0.9641718,0.9999106
phone_presence_factorial_train_v1,phone_presence_train_1664,0.80104315,0.7282175,0.0065736934,0.9464811,0.7102755
phone_presence_factorial_train_v1,phone_presence_train_1665,0.20302981,0.56777304,5.8489608e-05,0.99979776,0.99999
phone_presence_factorial_train_v1,phone_presence_train_1666,0.45738253,0.42157748,1.3381967e-05,0.9980508,0.9998253
phone_presence_factorial_train_v1,phone_presence_train_1667,0.9999548,0.99987614,0.008381158,0.99930453,0.99956316
phone_presence_factorial_train_v1,phone_presence_train_1668,0.9995503,0.91544473,0.99858713,0.9636881,0.99999
phone_presence_factorial_train_v1,phone_presence_train_1669,0.047325492,0.07078944,0.000116338044,0.9372468,0.999793
phone_presence_factorial_train_v1,phone_presence_train_1670,0.022205526,0.05764203,4.1396936e-05,0.99520606,0.9999722
phone_presence_factorial_train_v1,phone_presence_train_1671,0.16933799,0.09709715,0.0016817132,0.83558106,0.99937797
phone_presence_factorial_train_v1,phone_presence_train_1672,0.97964007,0.9094204,0.18816105,0.96908396,0.9769859
phone_presence_factorial_train_v1,phone_presence_train_1673,0.9997557,0.9709471,0.99849486,0.972063,0.7385186
phone_presence_factorial_train_v1,phone_presence_train_1674,0.12876749,0.23909429,0.04742608,0.93278974,0.99522746
phone_presence_factorial_train_v1,phone_presence_train_1675,0.008162434,0.012558845,0.0006749192,0.7183565,0.999532
phone_presence_factorial_train_v1,phone_presence_train_1676,0.8694857,0.0019648336,0.96038306,0.31254283,0.99972516
phone_presence_factorial_train_v1,phone_presence_train_1677,0.9977532,0.99902,0.046358164,0.99510205,0.8531667
phone_presence_factorial_train_v1,phone_presence_train_1678,0.6582312,0.55329806,0.00020753572,0.8815339,0.73459774
phone_presence_factorial_train_v1,phone_presence_train_1679,0.9202686,0.67245215,0.18157452,0.971503,0.95844656
phone_presence_factorial_train_v1,phone_presence_train_1680,0.11882145,0.4020568,0.00032662443,0.9723609,0.99886274
phone_presence_factorial_train_v1,phone_presence_train_1681,0.019375123,0.05676821,5.1385636e-05,0.87689877,0.99981624
phone_presence_factorial_train_v1,phone_presence_train_1682,0.99434835,0.9607971,0.02588836,0.99505603,0.9998697
phone_presence_factorial_train_v1,phone_presence_train_1683,0.24636441,0.31044066,0.00030172468,0.78320706,0.9998111
phone_presence_factorial_train_v1,phone_presence_train_1684,0.99658453,0.41653904,0.9951716,0.73766446,0.99520373
phone_presence_factorial_train_v1,phone_presence_train_1685,0.40941235,0.016458824,0.06093577,0.82650006,0.51272786
phone_presence_factorial_train_v1,phone_presence_train_1686,0.031721774,0.03955596,2.5687365e-05,0.69542575,0.9986467
phone_presence_factorial_train_v1,phone_presence_train_1687,0.9925327,0.9888416,0.00022567353,0.94896764,0.98774326
phone_presence_factorial_train_v1,phone_presence_train_1688,0.7247439,0.87370795,0.0033324535,0.60624003,0.9983997
phone_presence_factorial_train_v1,phone_presence_train_1689,0.023667408,0.10490881,4.4666464e-05,0.76825017,0.332344
phone_presence_factorial_train_v1,phone_presence_train_1690,0.25789005,0.2846677,0.00020522556,0.9604294,0.99991333
phone_presence_factorial_train_v1,phone_presence_train_1691,0.99998033,0.1972911,0.9999871,0.9579211,0.9982686
phone_presence_factorial_train_v1,phone_presence_train_1692,0.0391491,0.048791878,1.1024542e-05,0.92181575,0.9958676
phone_presence_factorial_train_v1,phone_presence_train_1693,0.960764,0.90561634,0.51686186,0.9926393,0.97082233
phone_presence_factorial_train_v1,phone_presence_train_1694,0.0390377,0.13116652,2.1774405e-05,0.8708065,0.9972337
phone_presence_factorial_train_v1,phone_presence_train_1695,0.9983889,0.980096,0.999121,0.96834373,0.99891603
phone_presence_factorial_train_v1,phone_presence_train_1696,0.9567403,0.8637523,0.00012615166,0.9885612,0.9983069
phone_presence_factorial_train_v1,phone_presence_train_1697,0.16084364,0.063826054,0.035094224,0.92358077,0.9999684
phone_presence_factorial_train_v1,phone_presence_train_1698,0.093708575,0.15186758,0.0009547226,0.998218,0.99997985
phone_presence_factorial_train_v1,phone_presence_train_1699,0.9988637,0.9245586,0.98431015,0.9299381,0.9999075
phone_presence_factorial_train_v1,phone_presence_train_1700,0.99529135,0.99383116,0.0009578076,0.9853484,0.99937505
phone_presence_factorial_train_v1,phone_presence_train_1701,0.103577875,0.08052487,0.00041605855,0.95075935,0.5869737
phone_presence_factorial_train_v1,phone_presence_train_1702,0.96140814,0.8661693,0.10655039,0.9920785,0.99849534
phone_presence_factorial_train_v1,phone_presence_train_1703,0.98115027,0.6830021,0.9640404,0.95482886,0.9993699
phone_presence_factorial_train_v1,phone_presence_train_1704,0.39703974,0.35655522,0.0071699065,0.39508924,0.12099125
phone_presence_factorial_train_v1,phone_presence_train_1705,0.9276066,0.96021575,6.17885e-05,0.998425,0.99996006
phone_presence_factorial_train_v1,phone_presence_train_1706,0.50151026,0.2567187,0.00013420549,0.9841128,0.99999
phone_presence_factorial_train_v1,phone_presence_train_1707,0.99809545,0.09454818,0.9959978,0.966569,0.9999573
phone_presence_factorial_train_v1,phone_presence_train_1708,0.16923395,0.09334811,0.00037309018,0.990798,0.9999125
phone_presence_factorial_train_v1,phone_presence_train_1709,0.8162414,0.8222481,8.919483e-05,0.95938796,0.9996737
phone_presence_factorial_train_v1,phone_presence_train_1710,0.9009192,0.8616343,0.00023492026,0.92984974,0.99920446
phone_presence_factorial_train_v1,phone_presence_train_1711,0.58257955,0.043083996,0.09826666,0.965335,0.99758625
phone_presence_factorial_train_v1,phone_presence_train_1712,0.9966007,0.26678008,0.9962676,0.7879279,0.9996408
phone_presence_factorial_train_v1,phone_presence_train_1713,0.40294796,0.55139774,1.7320044e-05,0.9090009,0.8820894
phone_presence_factorial_train_v1,phone_presence_train_1714,0.6278296,0.0764405,0.6453799,0.72525555,0.99958605
phone_presence_factorial_train_v1,phone_presence_train_1715,0.87898093,0.7605138,6.436261e-05,0.9932637,0.99966776
phone_presence_factorial_train_v1,phone_presence_train_1716,0.099908605,0.040320743,0.00049880444,0.9805869,0.99997914
phone_presence_factorial_train_v1,phone_presence_train_1717,0.49454436,0.21442652,0.00041827638,0.7514281,0.9903189
phone_presence_factorial_train_v1,phone_presence_train_1718,0.057999033,0.020616034,0.00089012325,0.99415004,0.99969566
phone_presence_factorial_train_v1,phone_presence_train_1719,0.97813535,0.041212406,0.9963953,0.8608072,0.99999
phone_presence_factorial_train_v1,phone_presence_train_1720,0.96217775,0.9310651,0.002524931,0.9861201,0.9998628
phone_presence_factorial_train_v1,phone_presence_train_1721,0.5008515,0.018902857,0.9886135,0.34635308,0.9992386
phone_presence_factorial_train_v1,phone_presence_train_1722,0.9194843,0.0042830114,0.9794503,0.9974395,0.9992465
phone_presence_factorial_train_v1,phone_presence_train_1723,0.2575134,0.27639863,0.016968774,0.9914232,0.9998833
phone_presence_factorial_train_v1,phone_presence_train_1724,0.9985129,0.24069777,0.9990056,0.92372084,0.9991523
phone_presence_factorial_train_v1,phone_presence_train_1725,0.65092987,0.813844,0.020305116,0.97902703,0.9998317
phone_presence_factorial_train_v1,phone_presence_train_1726,0.97524375,0.12645788,0.9786654,0.4403268,0.99929595
phone_presence_factorial_train_v1,phone_presence_train_1727,0.9222459,0.90807766,0.00162112,0.97743475,0.999587
phone_presence_factorial_train_v1,phone_presence_train_1728,0.9969997,0.98248947,0.80912393,0.98740107,0.9980134
phone_presence_factorial_train_v1,phone_presence_train_1729,0.07182945,0.115167685,1.9536019e-05,0.7454135,0.9959053
phone_presence_factorial_train_v1,phone_presence_train_1730,0.9999864,0.9168108,0.99997115,0.9995016,0.9998375
phone_presence_factorial_train_v1,phone_presence_train_1731,0.9809444,0.05259097,0.98585933,0.9098463,0.96567756
phone_presence_factorial_train_v1,phone_presence_train_1732,0.90473557,0.8457988,0.0001445074,0.7812333,0.9826257
phone_presence_factorial_train_v1,phone_presence_train_1733,0.4560842,0.23509462,0.0010652218,0.97410315,0.99990857
phone_presence_factorial_train_v1,phone_presence_train_1734,0.7976672,0.32188013,0.23274252,0.9172398,0.99996376
phone_presence_factorial_train_v1,phone_presence_train_1735,0.9999887,0.9975253,0.9999869,0.9992556,0.99999
phone_presence_factorial_train_v1,phone_presence_train_1736,0.6825328,0.070804566,0.9803192,0.50458604,0.01252319
phone_presence_factorial_train_v1,phone_presence_train_1737,0.029957531,0.016711298,0.00053912366,0.8231376,0.9999577
phone_presence_factorial_train_v1,phone_presence_train_1738,0.42545694,0.21259975,1.840464e-05,0.9959228,0.999358
phone_presence_factorial_train_v1,phone_presence_train_1739,0.3464217,0.750994,0.0016240885,0.9469602,0.99848795
phone_presence_factorial_train_v1,phone_presence_train_1740,0.35234267,0.11731122,0.0015973329,0.7376294,0.99997044
phone_presence_factorial_train_v1,phone_presence_train_1741,0.02979485,0.013763904,0.64267814,0.9557709,0.95417106
phone_presence_factorial_train_v1,phone_presence_train_1742,0.07987936,0.19225402,9.999999e-06,0.9474223,0.9997054
phone_presence_factorial_train_v1,phone_presence_train_1743,0.94866884,0.9134181,0.003084987,0.97239065,0.9999602
phone_presence_factorial_train_v1,phone_presence_train_1744,0.7813971,0.68582624,0.0014310409,0.89312094,0.9300019
phone_presence_factorial_train_v1,phone_presence_train_1745,0.98277897,0.94278145,0.90204334,0.97655505,0.9989563
phone_presence_factorial_train_v1,phone_presence_train_1746,0.9912373,0.42757547,0.99749386,0.69156086,0.99957436
phone_presence_factorial_train_v1,phone_presence_train_1747,0.997493,0.7690231,0.971178,0.94897366,0.9999217
phone_presence_factorial_train_v1,phone_presence_train_1748,0.7726635,0.35145175,0.445035,0.9914357,0.99980825
phone_presence_factorial_train_v1,phone_presence_train_1749,0.10844055,0.04364724,0.010472806,0.8039728,0.99241626
phone_presence_factorial_train_v1,phone_presence_train_1750,0.87011564,0.63856816,0.011441545,0.9949721,0.9997582
phone_presence_factorial_train_v1,phone_presence_train_1751,0.9966202,0.60095745,0.993834,0.9550211,0.99995756
phone_presence_factorial_train_v1,phone_presence_train_1752,0.99845314,0.79882485,0.9984037,0.99202746,0.9999572
phone_presence_factorial_train_v1,phone_presence_train_1753,0.2284685,0.6485773,0.00021686844,0.9480783,0.99936026
phone_presence_factorial_train_v1,phone_presence_train_1754,0.9667817,0.19388776,0.8622803,0.8683082,0.99988914
phone_presence_factorial_train_v1,phone_presence_train_1755,0.9986979,0.27728778,0.9823987,0.99942845,0.9998914
phone_presence_factorial_train_v1,phone_presence_train_1756,0.962124,0.8578733,0.01555914,0.50026804,0.23224841
phone_presence_factorial_train_v1,phone_presence_train_1757,0.9804346,0.9744007,0.023153704,0.9935307,0.99827754
phone_presence_factorial_train_v1,phone_presence_train_1758,0.9858148,0.93649167,0.0052300473,0.99618775,0.9977755
phone_presence_factorial_train_v1,phone_presence_train_1759,0.37071928,0.08104308,0.02623819,0.89433986,0.99939775
phone_presence_factorial_train_v1,phone_presence_train_1760,0.58840126,0.1675942,0.0029428685,0.9889626,0.9922996
phone_presence_factorial_train_v1,phone_presence_train_1761,0.995119,0.685673,0.9991165,0.9781716,0.9982318
phone_presence_factorial_train_v1,phone_presence_train_1762,0.60631305,0.20292675,0.0005214556,0.85549986,0.80557346
phone_presence_factorial_train_v1,phone_presence_train_1763,0.55854833,0.08473369,0.40846142,0.8779743,0.9276588
phone_presence_factorial_train_v1,phone_presence_train_1764,0.80700344,0.051104374,0.90726113,0.83891064,0.9998184
phone_presence_factorial_train_v1,phone_presence_train_1765,0.9999347,0.99752265,0.99955314,0.9101782,0.99997175
phone_presence_factorial_train_v1,phone_presence_train_1766,0.984169,0.13468978,0.95412046,0.84198827,0.9998828
phone_presence_factorial_train_v1,phone_presence_train_1767,0.99999,0.33662558,0.99999,0.9581872,0.9995338
phone_presence_factorial_train_v1,phone_presence_train_1768,0.9889579,0.89731055,0.7812354,0.9640303,0.9998492
phone_presence_factorial_train_v1,phone_presence_train_1769,0.6921831,0.60908145,3.6604688e-05,0.9524913,0.9617808
phone_presence_factorial_train_v1,phone_presence_train_1770,0.4652083,0.17908669,0.021805588,0.9815129,0.9999734
phone_presence_factorial_train_v1,phone_presence_train_1771,0.85184056,0.08535425,0.73281753,0.9560859,0.9859294
phone_presence_factorial_train_v1,phone_presence_train_1772,0.99969244,0.4320464,0.9994691,0.9926986,0.9999503
phone_presence_factorial_train_v1,phone_presence_train_1773,0.35126743,0.516756,2.8926772e-05,0.9925494,0.9764654
phone_presence_factorial_train_v1,phone_presence_train_1774,0.76554596,0.65952915,0.018013325,0.8460077,0.99986637
phone_presence_factorial_train_v1,phone_presence_train_1775,0.9978131,0.558177,0.97987056,0.95179075,0.95977354
phone_presence_factorial_train_v1,phone_presence_train_1776,0.03530586,0.06855713,3.6456488e-05,0.9269678,0.20408228
phone_presence_factorial_train_v1,phone_presence_train_1777,0.9982753,0.14552523,0.9938484,0.5819855,0.9935283
phone_presence_factorial_train_v1,phone_presence_train_1778,0.9985806,0.66317123,0.9560907,0.58982724,0.77133256
phone_presence_factorial_train_v1,phone_presence_train_1779,0.9161342,0.5663927,0.065600164,0.7331986,0.99607265
phone_presence_factorial_train_v1,phone_presence_train_1780,0.99998236,0.13640863,0.9999783,0.9573629,0.9999422
phone_presence_factorial_train_v1,phone_presence_train_1781,0.9385578,0.82897824,0.009407389,0.6984882,0.98654246
phone_presence_factorial_train_v1,phone_presence_train_1782,0.38951296,0.34733358,0.0036574947,0.6078503,0.9878606
phone_presence_factorial_train_v1,phone_presence_train_1783,0.15596096,0.1362225,0.008100099,0.9144039,0.9997855
phone_presence_factorial_train_v1,phone_presence_train_1784,0.56960404,0.024294222,0.98551893,0.9839834,0.9921164
phone_presence_factorial_train_v1,phone_presence_train_1785,0.040620364,0.08151567,2.344617e-05,0.98095196,0.99990547
phone_presence_factorial_train_v1,phone_presence_train_1786,0.9754557,0.1556075,0.97344446,0.9489205,0.9999474
phone_presence_factorial_train_v1,phone_presence_train_1787,0.32714105,0.2795707,4.303797e-05,0.98818016,0.99984753
phone_presence_factorial_train_v1,phone_presence_train_1788,0.9576604,0.9368445,0.0436296,0.99496317,0.99999
phone_presence_factorial_train_v1,phone_presence_train_1789,0.8684519,0.9032685,0.00059288484,0.8886505,0.21739331
phone_presence_factorial_train_v1,phone_presence_train_1790,0.05410579,0.20067795,0.0015374575,0.9871858,0.9999746
phone_presence_factorial_train_v1,phone_presence_train_1791,0.8238477,0.577026,0.00346669,0.9837588,0.99954504
phone_presence_factorial_train_v1,phone_presence_train_1792,0.15694109,0.20292273,0.00013403004,0.3321609,0.98119766
phone_presence_factorial_train_v1,phone_presence_train_1793,0.9813067,0.21541451,0.98362076,0.8978068,0.9998647
phone_presence_factorial_train_v1,phone_presence_train_1794,0.050559748,0.08675927,0.0002350762,0.6209251,0.8423527
phone_presence_factorial_train_v1,phone_presence_train_1795,0.7855268,0.23165496,0.9865529,0.95848227,0.99999
phone_presence_factorial_train_v1,phone_presence_train_1796,0.09903013,0.028393973,0.00018924352,0.9567222,0.9979381
phone_presence_factorial_train_v1,phone_presence_train_1797,0.76671666,0.6840108,0.00042495303,0.9440627,0.99561864
phone_presence_factorial_train_v1,phone_presence_train_1798,0.99247605,0.65391934,0.7875197,0.9976508,0.999622
phone_presence_factorial_train_v1,phone_presence_train_1799,0.31110996,0.24420503,0.00036211405,0.9485972,0.7634056
phone_presence_factorial_train_v1,phone_presence_train_1800,0.9284975,0.08810042,0.9766623,0.9981262,0.999895
phone_presence_factorial_train_v1,phone_presence_train_1801,0.74873114,0.49464458,0.0025309066,0.87275857,0.99958354
phone_presence_factorial_train_v1,phone_presence_train_1802,0.9991561,0.99434,0.99929416,0.98193055,0.99916136
phone_presence_factorial_train_v1,phone_presence_train_1803,0.9979115,0.5588325,0.99922824,0.22489746,0.15919001
phone_presence_factorial_train_v1,phone_presence_train_1804,0.15368818,0.13364173,0.002811535,0.9429636,0.99905616
phone_presence_factorial_train_v1,phone_presence_train_1805,0.8622036,0.32775137,0.97061116,0.9986891,0.99992275
phone_presence_factorial_train_v1,phone_presence_train_1806,0.42926407,0.109151945,0.0018573703,0.8521171,0.9588258
phone_presence_factorial_train_v1,phone_presence_train_1807,0.99558973,0.8253663,0.86036897,0.9599242,0.99960834
phone_presence_factorial_train_v1,phone_presence_train_1808,0.01761206,0.014064248,0.00047280916,0.9633327,0.9997247
phone_presence_factorial_train_v1,phone_presence_train_1809,0.8031863,0.22546448,0.9534583,0.9643107,0.9982697
phone_presence_factorial_train_v1,phone_presence_train_1810,0.88718396,0.370299,0.68071854,0.89184636,0.99852353
phone_presence_factorial_train_v1,phone_presence_train_1811,0.2681457,0.023821682,0.0052447394,0.99403894,0.99999
phone_presence_factorial_train_v1,phone_presence_train_1812,0.930753,0.84292954,0.0020690064,0.9205198,0.9998933
phone_presence_factorial_train_v1,phone_presence_train_1813,0.9342634,0.8451599,0.008317289,0.99524826,0.9982406
phone_presence_factorial_train_v1,phone_presence_train_1814,0.71316195,0.6310143,0.009678453,0.9108068,0.9994293
phone_presence_factorial_train_v1,phone_presence_train_1815,0.99904805,0.8171836,0.9997009,0.9965773,0.9999621
phone_presence_factorial_train_v1,phone_presence_train_1816,0.9724319,0.8016812,0.053630795,0.9961403,0.9973373
phone_presence_factorial_train_v1,phone_presence_train_1817,0.9696974,0.06454149,0.97913915,0.761923,0.99973947
phone_presence_factorial_train_v1,phone_presence_train_1818,0.020843713,0.041233316,0.00012543616,0.98615277,0.99996626
phone_presence_factorial_train_v1,phone_presence_train_1819,0.022836842,0.02410411,0.0036573207,0.9604536,0.8691362
phone_presence_factorial_train_v1,phone_presence_train_1820,0.99986506,0.9995765,0.9990676,0.9961052,0.99999
phone_presence_factorial_train_v1,phone_presence_train_1821,0.018501656,0.009972943,0.00030129665,0.9927273,0.999113
phone_presence_factorial_train_v1,phone_presence_train_1822,0.9999374,0.12819485,0.9999776,0.93897265,0.99996126
phone_presence_factorial_train_v1,phone_presence_train_1823,0.9957703,0.15960896,0.98599875,0.9852012,0.99988806
phone_presence_factorial_train_v1,phone_presence_train_1824,0.18388021,0.23565814,0.000583608,0.98675376,0.99966943
phone_presence_factorial_train_v1,phone_presence_train_1825,0.25342265,0.054304805,0.16756968,0.9658022,0.99955136
phone_presence_factorial_train_v1,phone_presence_train_1826,0.0058182436,0.008972216,5.4072414e-05,0.31828663,0.99541724
phone_presence_factorial_train_v1,phone_presence_train_1827,0.9990356,0.8853344,0.99426985,0.9974099,0.9998783
phone_presence_factorial_train_v1,phone_presence_train_1828,0.74863076,0.7679394,0.00019911763,0.99362105,0.9124047
phone_presence_factorial_train_v1,phone_presence_train_1829,0.37736276,0.6533986,6.429894e-05,0.4509726,0.78757733
phone_presence_factorial_train_v1,phone_presence_train_1830,0.7909164,0.59738374,0.03246749,0.94550496,0.9987023
phone_presence_factorial_train_v1,phone_presence_train_1831,0.14349243,0.01709614,0.35317174,0.97045386,0.9993333
phone_presence_factorial_train_v1,phone_presence_train_1832,0.95952106,0.5912129,0.9150179,0.62919843,0.4166029
phone_presence_factorial_train_v1,phone_presence_train_1833,0.008632822,0.01279571,0.00023656194,0.9263284,0.9999467
phone_presence_factorial_train_v1,phone_presence_train_1834,0.012375144,0.03259624,7.5485594e-05,0.11597257,0.9734808
phone_presence_factorial_train_v1,phone_presence_train_1835,0.9975777,0.99689746,0.005778663,0.99318933,0.9997116
phone_presence_factorial_train_v1,phone_presence_train_1836,0.46987864,0.092844486,0.00047910423,0.6754046,0.99284196
phone_presence_factorial_train_v1,phone_presence_train_1837,0.9998647,0.99750096,0.30185345,0.9919654,0.9998679
phone_presence_factorial_train_v1,phone_presence_train_1838,0.34665644,0.6411042,0.00013232735,0.91547847,0.9995376
phone_presence_factorial_train_v1,phone_presence_train_1839,0.90747786,0.06622443,0.8934752,0.5179158,0.9794058
phone_presence_factorial_train_v1,phone_presence_train_1840,0.17322771,0.23736875,0.002557964,0.9975095,0.99984896
phone_presence_factorial_train_v1,phone_presence_train_1841,0.013601923,0.0097012725,8.1602935e-05,0.98699015,0.9990031
phone_presence_factorial_train_v1,phone_presence_train_1842,0.9652876,0.8196959,0.05720109,0.39051023,0.85374624
phone_presence_factorial_train_v1,phone_presence_train_1843,0.074246936,0.09187495,0.0006149635,0.9934668,0.99985087
phone_presence_factorial_train_v1,phone_presence_train_1844,0.75655544,0.50092864,0.068615764,0.7590936,0.25869885
phone_presence_factorial_train_v1,phone_presence_train_1845,0.6626883,0.49454904,3.6751873e-05,0.9966551,0.9998735
phone_presence_factorial_train_v1,phone_presence_train_1846,0.0017608828,0.0025837435,0.00014473108,0.9201763,0.99556124
phone_presence_factorial_train_v1,phone_presence_train_1847,0.012040023,0.04030895,3.888217e-05,0.87995356,0.9284511
phone_presence_factorial_train_v1,phone_presence_train_1848,0.87358195,0.71987593,0.00018873464,0.99232715,0.9979771
phone_presence_factorial_train_v1,phone_presence_train_1849,0.98630905,0.98697585,0.5656551,0.93219006,0.9999434
phone_presence_factorial_train_v1,phone_presence_train_1850,0.8648649,0.7776541,0.18750097,0.9957515,0.99998593
phone_presence_factorial_train_v1,phone_presence_train_1851,0.012659936,0.014953237,0.00010416932,0.9661627,0.21434645
phone_presence_factorial_train_v1,phone_presence_train_1852,0.99674207,0.97764665,0.014620664,0.9947802,0.998621
phone_presence_factorial_train_v1,phone_presence_train_1853,0.9629456,0.9802218,8.2789695e-05,0.9978483,0.993159
phone_presence_factorial_train_v1,phone_presence_train_1854,0.79018605,0.48519352,0.0023410344,0.6567321,0.99107915
phone_presence_factorial_train_v1,phone_presence_train_1855,0.56804895,0.82260644,5.1744602e-05,0.9995677,0.99995625
phone_presence_factorial_train_v1,phone_presence_train_1856,0.647658,0.2966355,0.0006109419,0.9872241,0.99393684
phone_presence_factorial_train_v1,phone_presence_train_1857,0.07162349,0.076681815,0.08154229,0.99293023,0.9999094
phone_presence_factorial_train_v1,phone_presence_train_1858,0.61836296,0.41335508,0.0020460102,0.9936324,0.98781025
phone_presence_factorial_train_v1,phone_presence_train_1859,0.3741984,0.15382062,0.29301646,0.6215501,0.988915
phone_presence_factorial_train_v1,phone_presence_train_1860,0.99798274,0.609742,0.9973532,0.9745181,0.9994655
phone_presence_factorial_train_v1,phone_presence_train_1861,0.16434799,0.071911074,0.008881772,0.45038876,0.52307546
phone_presence_factorial_train_v1,phone_presence_train_1862,0.8445497,0.5663362,0.00069041713,0.9962069,0.9999833
phone_presence_factorial_train_v1,phone_presence_train_1863,0.99568886,0.99607253,0.00020418699,0.96591014,0.91364044
phone_presence_factorial_train_v1,phone_presence_train_1864,0.59094536,0.41242483,0.07098652,0.532738,0.9996867
phone_presence_factorial_train_v1,phone_presence_train_1865,0.99421,0.83360046,0.9850395,0.9968093,0.99991584
phone_presence_factorial_train_v1,phone_presence_train_1866,0.99741864,0.8848445,0.9863826,0.99341995,0.9999292
phone_presence_factorial_train_v1,phone_presence_train_1867,0.9915105,0.12743074,0.9508181,0.9757259,0.99976116
phone_presence_factorial_train_v1,phone_presence_train_1868,0.99633116,0.88272834,0.99403775,0.9737617,0.93440723
phone_presence_factorial_train_v1,phone_presence_train_1869,0.14873336,0.43285635,0.0012699546,0.81370115,0.9960408
phone_presence_factorial_train_v1,phone_presence_train_1870,0.99999,0.9765247,0.99999,0.99949324,0.9999635
phone_presence_factorial_train_v1,phone_presence_train_1871,0.9983884,0.7028034,0.999987,0.82199347,0.9998481
phone_presence_factorial_train_v1,phone_presence_train_1872,0.9254997,0.8318135,0.00097004534,0.8132558,0.98874015
phone_presence_factorial_train_v1,phone_presence_train_1873,0.9885982,0.86251175,0.6745829,0.96463704,0.9997396
phone_presence_factorial_train_v1,phone_presence_train_1874,0.86343455,0.02958418,0.9990331,0.7977385,0.9993673
phone_presence_factorial_train_v1,phone_presence_train_1875,0.9985868,0.82350117,0.9996878,0.9950328,0.99999
phone_presence_factorial_train_v1,phone_presence_train_1876,0.73683923,0.68336356,4.2059964e-05,0.99768615,0.9999844
phone_presence_factorial_train_v1,phone_presence_train_1877,0.19806579,0.23019783,0.00027904302,0.95347,0.999943
phone_presence_factorial_train_v1,phone_presence_train_1878,0.997767,0.997246,0.0049687475,0.9995146,0.9999882
phone_presence_factorial_train_v1,phone_presence_train_1879,0.7026433,0.25868493,0.7157031,0.7252551,0.99977034
phone_presence_factorial_train_v1,phone_presence_train_1880,0.062309735,0.1139367,0.0007011837,0.90308255,0.99916565
phone_presence_factorial_train_v1,phone_presence_train_1881,0.990515,0.12509885,0.89741343,0.9452775,0.9998004
phone_presence_factorial_train_v1,phone_presence_train_1882,0.9962838,0.41523987,0.999134,0.9076087,0.9904975
phone_presence_factorial_train_v1,phone_presence_train_1883,0.25920936,0.18067338,0.07120925,0.99550676,0.99963486
phone_presence_factorial_train_v1,phone_presence_train_1884,0.18422446,0.15455829,0.0027676984,0.5398491,0.99234784
phone_presence_factorial_train_v1,phone_presence_train_1885,0.99988246,0.62090254,0.99996185,0.9983468,0.99986017
phone_presence_factorial_train_v1,phone_presence_train_1886,0.9995721,0.3259565,0.999567,0.9975744,0.9992305
phone_presence_factorial_train_v1,phone_presence_train_1887,0.8962064,0.47264397,0.9438692,0.31833705,0.9995882
phone_presence_factorial_train_v1,phone_presence_train_1888,0.9590433,0.8625159,0.04595796,0.99361044,0.99999
phone_presence_factorial_train_v1,phone_presence_train_1889,0.1057503,0.03318729,0.014108319,0.3895685,0.1818838
phone_presence_factorial_train_v1,phone_presence_train_1890,0.999944,0.14108628,0.99997044,0.98478496,0.9999162
phone_presence_factorial_train_v1,phone_presence_train_1891,0.5952594,0.44531518,0.0045116125,0.9866273,0.99808395
phone_presence_factorial_train_v1,phone_presence_train_1892,0.7011133,0.26783934,0.82312036,0.86355466,0.44977126
phone_presence_factorial_train_v1,phone_presence_train_1893,0.59737724,0.44762862,5.7201392e-05,0.7964178,0.9987785
phone_presence_factorial_train_v1,phone_presence_train_1894,0.86609507,0.3262364,0.5619785,0.75302607,0.9936075
phone_presence_factorial_train_v1,phone_presence_train_1895,0.99865,0.16606024,0.9875651,0.9620544,0.9999666
phone_presence_factorial_train_v1,phone_presence_train_1896,0.96394956,0.90713936,0.0057384623,0.86115897,0.98019695
phone_presence_factorial_train_v1,phone_presence_train_1897,0.56899244,0.46535638,0.00056165,0.96681947,0.9999598
phone_presence_factorial_train_v1,phone_presence_train_1898,0.99477816,0.9919871,0.22359635,0.99758184,0.99992
phone_presence_factorial_train_v1,phone_presence_train_1899,0.10577253,0.3402039,0.0006504618,0.4130594,0.9970783
phone_presence_factorial_train_v1,phone_presence_train_1900,0.99616075,0.5832569,0.99196565,0.9485401,0.9991953
phone_presence_factorial_train_v1,phone_presence_train_1901,0.99891806,0.4193763,0.9505856,0.9803469,0.99998474
phone_presence_factorial_train_v1,phone_presence_train_1902,0.9913669,0.16445255,0.94587994,0.3754946,0.957631
phone_presence_factorial_train_v1,phone_presence_train_1903,0.45594603,0.48519376,3.0292731e-05,0.9824432,0.9986733
phone_presence_factorial_train_v1,phone_presence_train_1904,0.5654051,0.28997225,0.050769005,0.6437816,0.119611815
phone_presence_factorial_train_v1,phone_presence_train_1905,0.5249842,0.1758328,0.013392477,0.9796769,0.99889
phone_presence_factorial_train_v1,phone_presence_train_1906,0.76120037,0.72348017,3.0438418e-05,0.9188149,0.2298107
phone_presence_factorial_train_v1,phone_presence_train_1907,0.9975036,0.96774054,0.19089928,0.9982607,0.9999845
phone_presence_factorial_train_v1,phone_presence_train_1908,0.9750276,0.80043495,0.7845588,0.87176675,0.97201127
phone_presence_factorial_train_v1,phone_presence_train_1909,0.84497666,0.097373866,0.35968903,0.97376233,0.9998852
phone_presence_factorial_train_v1,phone_presence_train_1910,0.9981274,0.80147266,0.9988256,0.997595,0.99974436
phone_presence_factorial_train_v1,phone_presence_train_1911,0.9458574,0.19545762,0.25008577,0.95142406,0.9994356
phone_presence_factorial_train_v1,phone_presence_train_1912,0.13996902,0.030912314,0.06113936,0.18078211,0.32931995
phone_presence_factorial_train_v1,phone_presence_train_1913,0.9858866,0.6092291,0.99591124,0.992092,0.999926
phone_presence_factorial_train_v1,phone_presence_train_1914,0.9985178,0.9643201,0.5861041,0.992831,0.99997413
phone_presence_factorial_train_v1,phone_presence_train_1915,0.9882748,0.48064816,0.94790095,0.5228018,0.6351366
phone_presence_factorial_train_v1,phone_presence_train_1916,0.7995212,0.33707416,0.009924722,0.9895716,0.9961243
phone_presence_factorial_train_v1,phone_presence_train_1917,0.6535702,0.76968235,6.868954e-05,0.9801365,0.6919823
phone_presence_factorial_train_v1,phone_presence_train_1918,0.99943703,0.9782697,0.97922313,0.99220043,0.99739313
phone_presence_factorial_train_v1,phone_presence_train_1919,0.9998235,0.7163322,0.99996865,0.98138624,0.963384
phone_presence_factorial_train_v1,phone_presence_train_1920,0.9947149,0.9980515,0.13463996,0.984496,0.99869305
phone_presence_factorial_train_v1,phone_presence_train_1921,0.9830635,0.9575875,0.00012755784,0.9886755,0.8942572
phone_presence_factorial_train_v1,phone_presence_train_1922,0.9668026,0.9300135,0.0044844407,0.6104895,0.68363947
phone_presence_factorial_train_v1,phone_presence_train_1923,0.98849523,0.09864528,0.998816,0.92797804,0.77174735
phone_presence_factorial_train_v1,phone_presence_train_1924,0.99987555,0.19700897,0.99975747,0.97925377,0.9998597
phone_presence_factorial_train_v1,phone_presence_train_1925,0.037555464,0.11073657,1.636612e-05,0.9986487,0.99999
phone_presence_factorial_train_v1,phone_presence_train_1926,0.9021063,0.9542938,2.1396125e-05,0.99630934,0.028472567
phone_presence_factorial_train_v1,phone_presence_train_1927,0.9594304,0.37426683,0.7801272,0.5025412,0.33281884
phone_presence_factorial_train_v1,phone_presence_train_1928,0.99560827,0.9003787,0.99340963,0.9965217,0.999801
phone_presence_factorial_train_v1,phone_presence_train_1929,0.93434155,0.07668819,0.92635864,0.81308377,0.99936515
phone_presence_factorial_train_v1,phone_presence_train_1930,0.9867698,0.9104624,0.00062516524,0.98474944,0.94575506
phone_presence_factorial_train_v1,phone_presence_train_1931,0.3026613,0.44581923,1.5770887e-05,0.9775777,0.99945086
phone_presence_factorial_train_v1,phone_presence_train_1932,0.98312104,0.9971118,0.00010756884,0.97349554,0.7993982
phone_presence_factorial_train_v1,phone_presence_train_1933,0.64633775,0.252594,0.25940162,0.9979265,0.9994211
phone_presence_factorial_train_v1,phone_presence_train_1934,0.8577541,0.74193424,0.45432493,0.98486996,0.8364098
phone_presence_factorial_train_v1,phone_presence_train_1935,0.7369391,0.32423374,0.60462046,0.9976859,0.99989724
phone_presence_factorial_train_v1,phone_presence_train_1936,0.9695048,0.4137935,0.4991355,0.9545406,0.9997904
phone_presence_factorial_train_v1,phone_presence_train_1937,0.9949799,0.928711,0.029953334,0.87175417,0.99407154
phone_presence_factorial_train_v1,phone_presence_train_1938,0.12736712,0.03351874,0.00040381844,0.8467277,0.9228647
phone_presence_factorial_train_v1,phone_presence_train_1939,0.89565444,0.8327593,0.024104772,0.7489105,0.98392326
phone_presence_factorial_train_v1,phone_presence_train_1940,0.95793706,0.65151584,0.010010906,0.99439514,0.99997365
phone_presence_factorial_train_v1,phone_presence_train_1941,0.4271923,0.3424081,2.8951003e-05,0.9930869,0.36414766
phone_presence_factorial_train_v1,phone_presence_train_1942,0.89735365,0.87115306,0.002993321,0.74319786,0.9975744
phone_presence_factorial_train_v1,phone_presence_train_1943,0.9761948,0.2806179,0.9970285,0.5034215,0.86442685
phone_presence_factorial_train_v1,phone_presence_train_1944,0.8118473,0.05703143,0.8588651,0.5715303,0.9958923
phone_presence_factorial_train_v1,phone_presence_train_1945,0.84946847,0.7588214,0.00049113255,0.9605128,0.9993493
phone_presence_factorial_train_v1,phone_presence_train_1946,0.4794046,0.65218747,0.0011249728,0.93643904,0.97862154
phone_presence_factorial_train_v1,phone_presence_train_1947,0.9994068,0.99911755,0.011326476,0.9824358,0.99770373
phone_presence_factorial_train_v1,phone_presence_train_1948,0.99998224,0.56479734,0.99997985,0.96359634,0.9999858
phone_presence_factorial_train_v1,phone_presence_train_1949,0.52846557,0.7846655,8.278922e-05,0.65576285,0.0022624247
phone_presence_factorial_train_v1,phone_presence_train_1950,0.9653211,0.95007235,3.777719e-05,0.91427773,0.8079245
phone_presence_factorial_train_v1,phone_presence_train_1951,0.93500733,0.9017087,0.0006434593,0.9927785,0.99998975
phone_presence_factorial_train_v1,phone_presence_train_1952,0.8906803,0.65658146,0.0131207835,0.93508,0.78471655
phone_presence_factorial_train_v1,phone_presence_train_1953,0.99999,0.92409307,0.99999,0.99740475,0.9999255
phone_presence_factorial_train_v1,phone_presence_train_1954,0.99659497,0.6644141,0.99721694,0.99445903,0.99999
phone_presence_factorial_train_v1,phone_presence_train_1955,0.17178936,0.15275905,0.00068232045,0.56356794,0.0051422156
phone_presence_factorial_train_v1,phone_presence_train_1956,0.9675771,0.68279356,0.24096726,0.9955337,0.9999832
phone_presence_factorial_train_v1,phone_presence_train_1957,0.96721494,0.523677,0.6012969,0.9524419,0.99998295
phone_presence_factorial_train_v1,phone_presence_train_1958,0.9992324,0.7003308,0.9987876,0.98740363,0.9996387
phone_presence_factorial_train_v1,phone_presence_train_1959,0.5554862,0.0060075014,0.903747,0.42532718,0.34682387
phone_presence_factorial_train_v1,phone_presence_train_1960,0.9275432,0.010116807,0.52593255,0.9658988,0.9892453
phone_presence_factorial_train_v1,phone_presence_train_1961,0.9837435,0.9797341,8.824391e-05,0.9944383,0.994919
phone_presence_factorial_train_v1,phone_presence_train_1962,0.74165,0.5954327,0.017337896,0.846862,0.30137846
phone_presence_factorial_train_v1,phone_presence_train_1963,0.94636655,0.6295255,0.82418877,0.95524615,0.9991366
phone_presence_factorial_train_v1,phone_presence_train_1964,0.88348913,0.68867993,6.1129576e-05,0.99381894,0.9992531
phone_presence_factorial_train_v1,phone_presence_train_1965,0.8060116,0.41385722,0.1390894,0.77295643,0.9385937
phone_presence_factorial_train_v1,phone_presence_train_1966,0.92860466,0.9071992,0.00939425,0.99904114,0.9996823
phone_presence_factorial_train_v1,phone_presence_train_1967,0.9378839,0.76854897,0.93813616,0.74877614,0.90103644
phone_presence_factorial_train_v1,phone_presence_train_1968,0.009809428,0.019959942,0.000838324,0.86818683,0.11069007
phone_presence_factorial_train_v1,phone_presence_train_1969,0.25589222,0.21026549,9.993432e-05,0.9394428,0.716584
phone_presence_factorial_train_v1,phone_presence_train_1970,0.99977404,0.99812,0.8810831,0.9971938,0.7940954
phone_presence_factorial_train_v1,phone_presence_train_1971,0.94795215,0.8599365,0.00020232747,0.9909155,0.9993863
phone_presence_factorial_train_v1,phone_presence_train_1972,0.99788696,0.90433764,0.68187046,0.96556985,0.99996686
phone_presence_factorial_train_v1,phone_presence_train_1973,0.9966564,0.7589628,0.9992156,0.7808657,0.73616195
phone_presence_factorial_train_v1,phone_presence_train_1974,0.9977956,0.7961305,0.999882,0.35719946,0.48329636
phone_presence_factorial_train_v1,phone_presence_train_1975,0.9960228,0.17278138,0.93085456,0.9835857,0.997004
phone_presence_factorial_train_v1,phone_presence_train_1976,0.22295465,0.45181438,0.0003827545,0.6894344,0.9696204
phone_presence_factorial_train_v1,phone_presence_train_1977,0.957464,0.9529213,0.0044474634,0.91612875,0.9774942
phone_presence_factorial_train_v1,phone_presence_train_1978,0.99105704,0.21829525,0.9956878,0.7324919,0.59542245
phone_presence_factorial_train_v1,phone_presence_train_1979,0.49683335,0.13692252,0.0020461017,0.8968776,0.22898334
phone_presence_factorial_train_v1,phone_presence_train_1980,0.9988838,0.9975666,0.31512868,0.99849534,0.9848647
phone_presence_factorial_train_v1,phone_presence_train_1981,0.74464667,0.16057959,0.09194912,0.9854123,0.99997604
phone_presence_factorial_train_v1,phone_presence_train_1982,0.438683,0.5577267,0.00048819513,0.5954458,0.30906683
phone_presence_factorial_train_v1,phone_presence_train_1983,0.9983891,0.40723616,0.9921212,0.98563683,0.9999783
phone_presence_factorial_train_v1,phone_presence_train_1984,0.49147573,0.0086165415,0.033079755,0.84093565,0.68432826
phone_presence_factorial_train_v1,phone_presence_train_1985,0.99266654,0.429761,0.9760416,0.60486686,0.013978801
phone_presence_factorial_train_v1,phone_presence_train_1986,0.256714,0.09409507,0.007207048,0.5787347,0.8972832
phone_presence_factorial_train_v1,phone_presence_train_1987,0.037925217,0.12601364,0.00013571943,0.3999991,0.98787934
phone_presence_factorial_train_v1,phone_presence_train_1988,0.5682748,0.13607109,0.0013661679,0.97035015,0.9999788
phone_presence_factorial_train_v1,phone_presence_train_1989,0.49494028,0.5583412,0.00026168834,0.43377644,0.0059359684
phone_presence_factorial_train_v1,phone_presence_train_1990,0.99892396,0.77727145,0.9991689,0.9867545,0.9999404
phone_presence_factorial_train_v1,phone_presence_train_1991,0.9563929,0.91836447,0.00045679027,0.9874228,0.99460477
phone_presence_factorial_train_v1,phone_presence_train_1992,0.9503812,0.37958166,0.3431238,0.976718,0.9999236
phone_presence_factorial_train_v1,phone_presence_train_1993,0.99703586,0.31605294,0.9368948,0.96842057,0.99973136
phone_presence_factorial_train_v1,phone_presence_train_1994,0.995381,0.5201501,0.9078764,0.97312355,0.9997271
phone_presence_factorial_train_v1,phone_presence_train_1995,0.99135935,0.27510414,0.93132704,0.9161136,0.9997799
phone_presence_factorial_train_v1,phone_presence_train_1996,0.9966113,0.90268993,0.8197026,0.96244866,0.9236725
phone_presence_factorial_train_v1,phone_presence_train_1997,0.2097705,0.37642643,0.00043015464,0.8590114,0.99331737
phone_presence_factorial_train_v1,phone_presence_train_1998,0.25091538,0.025349403,0.0063613066,0.99725753,0.99999
phone_presence_factorial_train_v1,phone_presence_train_1999,0.9960743,0.08178082,0.99879324,0.5623016,0.43022373
phone_presence_factorial_train_v1,phone_presence_train_2000,0.97007734,0.7876195,0.034295686,0.9133955,0.81785405
phone_presence_factorial_train_v1,phone_presence_train_2001,0.96343243,0.9226129,6.193983e-05,0.9161764,0.90653276
phone_presence_factorial_train_v1,phone_presence_train_2002,0.9035188,0.20047489,0.827685,0.74692816,0.5328296
phone_presence_factorial_train_v1,phone_presence_train_2003,0.4028578,0.45420107,0.004860295,0.90281504,0.13009731
phone_presence_factorial_train_v1,phone_presence_train_2004,0.03710062,0.0179747,1.633537e-05,0.8594218,0.6388703
phone_presence_factorial_train_v1,phone_presence_train_2005,0.9403372,0.46883532,0.762564,0.9888804,0.9903335
phone_presence_factorial_train_v1,phone_presence_train_2006,0.65466595,0.6912526,0.001729132,0.92724884,0.79284966
phone_presence_factorial_train_v1,phone_presence_train_2007,0.011120738,0.08481382,1.7961067e-05,0.93006533,0.2304898
phone_presence_factorial_train_v1,phone_presence_train_2008,0.9990403,0.25400224,0.9996947,0.7329469,0.9991929
phone_presence_factorial_train_v1,phone_presence_train_2009,0.45153874,0.25043285,0.009966514,0.97725654,0.999956
phone_presence_factorial_train_v1,phone_presence_train_2010,0.972209,0.513101,0.44266707,0.8522786,0.9994848
phone_presence_factorial_train_v1,phone_presence_train_2011,0.99683076,0.9925425,0.016357113,0.97986573,0.772311
phone_presence_factorial_train_v1,phone_presence_train_2012,0.2526895,0.40940657,0.0001117999,0.79041785,0.8977616
phone_presence_factorial_train_v1,phone_presence_train_2013,0.9999784,0.9809498,0.99996316,0.99955505,0.9997937
phone_presence_factorial_train_v1,phone_presence_train_2014,0.7109714,0.37826994,0.0010947316,0.9878977,0.9992455
phone_presence_factorial_train_v1,phone_presence_train_2015,0.9998355,0.9943025,0.99908864,0.9419445,0.9999387
phone_presence_factorial_train_v1,phone_presence_train_2016,0.9716979,0.96214354,0.67626446,0.8449104,0.90926105
phone_presence_factorial_train_v1,phone_presence_train_2017,0.9940054,0.48811895,0.87517375,0.81011707,0.99725693
phone_presence_factorial_train_v1,phone_presence_train_2018,0.99887496,0.74179006,0.9997867,0.6552084,0.9745817
phone_presence_factorial_train_v1,phone_presence_train_2019,0.14614847,0.023213428,0.094815955,0.87685263,0.9898712
phone_presence_factorial_train_v1,phone_presence_train_2020,0.9827927,0.71037894,0.9826323,0.81327,0.04116293
phone_presence_factorial_train_v1,phone_presence_train_2021,0.8684076,0.9062788,5.919296e-05,0.98929745,0.9998068
phone_presence_factorial_train_v1,phone_presence_train_2022,0.02283863,0.08307206,9.999999e-06,0.94058615,0.01992587
phone_presence_factorial_train_v1,phone_presence_train_2023,0.99809736,0.61298275,0.9978968,0.94110954,0.99237376
phone_presence_factorial_train_v1,phone_presence_train_2024,0.041897714,0.12753202,2.7904136e-05,0.7053397,0.45110327
phone_presence_factorial_train_v1,phone_presence_train_2025,0.99529654,0.7963557,0.9977071,0.59335136,0.34351778
phone_presence_factorial_train_v1,phone_presence_train_2026,0.9940394,0.99686867,2.760147e-05,0.99672395,0.97726715
phone_presence_factorial_train_v1,phone_presence_train_2027,0.25425395,0.084645785,0.31312704,0.6996926,0.043477267
phone_presence_factorial_train_v1,phone_presence_train_2028,0.92210424,0.96151847,0.00042933656,0.9782225,0.9996939
phone_presence_factorial_train_v1,phone_presence_train_2029,0.5729897,0.013577762,0.94761455,0.120582916,0.36906582
phone_presence_factorial_train_v1,phone_presence_train_2030,0.99999,0.99866414,0.99998844,0.99982613,0.9999876
phone_presence_factorial_train_v1,phone_presence_train_2031,0.5135125,0.64746255,0.00011417997,0.9997912,0.9999808
phone_presence_factorial_train_v1,phone_presence_train_2032,0.4716942,0.57692754,0.0024998162,0.3166419,0.3328295
phone_presence_factorial_train_v1,phone_presence_train_2033,0.9994293,0.16818957,0.9999838,0.98344666,0.98287785
phone_presence_factorial_train_v1,phone_presence_train_2034,0.08823818,0.004674487,0.029508747,0.88738775,0.9843999
phone_presence_factorial_train_v1,phone_presence_train_2035,0.32807896,0.039379183,0.5795731,0.9662955,0.9994659
phone_presence_factorial_train_v1,phone_presence_train_2036,0.99928313,0.6360553,0.9988048,0.5677292,0.99995935
phone_presence_factorial_train_v1,phone_presence_train_2037,0.6164218,0.061701454,0.9835475,0.4544781,0.10626424
phone_presence_factorial_train_v1,phone_presence_train_2038,0.60188663,0.8446224,0.00011836284,0.97439903,0.9999392
phone_presence_factorial_train_v1,phone_presence_train_2039,0.66481715,0.07733606,0.97707134,0.25636277,0.8378588
phone_presence_factorial_train_v1,phone_presence_train_2040,0.8443803,0.58608913,0.0011320729,0.9897831,0.99952877
phone_presence_factorial_train_v1,phone_presence_train_2041,0.9975309,0.9683349,0.9112682,0.9321624,0.9327687
phone_presence_factorial_train_v1,phone_presence_train_2042,0.98475385,0.22067118,0.9190337,0.96428776,0.99990773
phone_presence_factorial_train_v1,phone_presence_train_2043,0.35694852,0.21028045,0.0068335985,0.5648495,0.39069656
phone_presence_factorial_train_v1,phone_presence_train_2044,0.9970095,0.94877034,0.9159542,0.96973175,0.7729766
phone_presence_factorial_train_v1,phone_presence_train_2045,0.9994436,0.9956026,0.10005653,0.99754107,0.99998593
phone_presence_factorial_train_v1,phone_presence_train_2046,0.9903679,0.9733287,6.94034e-05,0.99044997,0.9569255
phone_presence_factorial_train_v1,phone_presence_train_2047,0.16588914,0.22244266,0.00017912564,0.78876936,0.7064878
phone_presence_factorial_train_v1,phone_presence_train_2048,0.9970891,0.9824377,0.99608105,0.9891756,0.99153686
phone_presence_factorial_train_v1,phone_presence_train_2049,0.10743695,0.030375862,0.00067457545,0.73151356,0.087417126
phone_presence_factorial_train_v1,phone_presence_train_2050,0.6188395,0.66993046,7.991102e-05,0.9841323,0.9966053
phone_presence_factorial_train_v1,phone_presence_train_2051,0.97045946,0.9898408,0.00049412093,0.9542139,0.038907196
phone_presence_factorial_train_v1,phone_presence_train_2052,0.9803805,0.6920757,0.88547605,0.9194953,0.98510796
phone_presence_factorial_train_v1,phone_presence_train_2053,0.8281288,0.8570829,0.00020834662,0.5386751,0.97176784
phone_presence_factorial_train_v1,phone_presence_train_2054,0.9007261,0.7405097,0.007563864,0.983374,0.99987745
phone_presence_factorial_train_v1,phone_presence_train_2055,0.06355183,0.0054877726,0.79065245,0.22249542,0.010336017
phone_presence_factorial_train_v1,phone_presence_train_2056,0.4576889,0.8038682,0.00035078535,0.97636783,0.851113
phone_presence_factorial_train_v1,phone_presence_train_2057,0.18394387,0.2636465,3.817141e-05,0.49847567,0.03453456
phone_presence_factorial_train_v1,phone_presence_train_2058,0.25989926,0.18947795,5.4538494e-05,0.9671204,0.3427958
phone_presence_factorial_train_v1,phone_presence_train_2059,0.9999647,0.9430887,0.9999819,0.64873016,0.9459336
phone_presence_factorial_train_v1,phone_presence_train_2060,0.73084754,0.4084807,0.5709111,0.2140636,0.030572433
phone_presence_factorial_train_v1,phone_presence_train_2061,0.9138632,0.962262,0.00068550964,0.9880151,0.87989604
phone_presence_factorial_train_v1,phone_presence_train_2062,0.1431839,0.22537503,2.4155004e-05,0.45424408,0.011949113
phone_presence_factorial_train_v1,phone_presence_train_2063,0.9953908,0.9984977,0.9331781,0.97936857,0.9996377
phone_presence_factorial_train_v1,phone_presence_train_2064,0.96562004,0.16024591,0.9921853,0.9483099,0.9847521
phone_presence_factorial_train_v1,phone_presence_train_2065,0.8995338,0.82895094,0.9462046,0.9864477,0.987959
phone_presence_factorial_train_v1,phone_presence_train_2066,0.99831116,0.9967944,7.4767406e-05,0.9969132,0.9999782
phone_presence_factorial_train_v1,phone_presence_train_2067,0.015049506,0.019614102,2.1949407e-05,0.8530884,0.9242295
phone_presence_factorial_train_v1,phone_presence_train_2068,0.35920054,0.53160983,0.00024991808,0.9741182,0.9993711
phone_presence_factorial_train_v1,phone_presence_train_2069,0.80757874,0.57153493,0.08245616,0.8539567,0.062826775
phone_presence_factorial_train_v1,phone_presence_train_2070,0.99996686,0.12928739,0.9999378,0.843905,0.9992555
phone_presence_factorial_train_v1,phone_presence_train_2071,0.037192717,0.05134688,0.0004658858,0.8543049,0.9993963
phone_presence_factorial_train_v1,phone_presence_train_2072,0.5794042,0.41300333,0.02670989,0.85286033,0.99933976
phone_presence_factorial_train_v1,phone_presence_train_2073,0.9992901,0.9779865,0.9995956,0.99706143,0.9992368
phone_presence_factorial_train_v1,phone_presence_train_2074,0.9562507,0.6544535,0.9833657,0.8199815,0.7810228
phone_presence_factorial_train_v1,phone_presence_train_2075,0.96065384,0.9129463,0.002303242,0.9936898,0.9963568
phone_presence_factorial_train_v1,phone_presence_train_2076,0.99937433,0.9494229,0.95629084,0.95702296,0.9997614
phone_presence_factorial_train_v1,phone_presence_train_2077,0.9845303,0.9490376,0.00041941035,0.9577554,0.6116066
phone_presence_factorial_train_v1,phone_presence_train_2078,0.99878734,0.82854384,0.9972241,0.98398244,0.9995702
phone_presence_factorial_train_v1,phone_presence_train_2079,0.12010553,0.0050801886,0.49307957,0.9598783,0.96392083
phone_presence_factorial_train_v1,phone_presence_train_2080,0.08000414,0.072824605,2.0494885e-05,0.9911578,0.99989974
phone_presence_factorial_train_v1,phone_presence_train_2081,0.99918705,0.99701214,9.6624906e-05,0.9968664,0.9997329
phone_presence_factorial_train_v1,phone_presence_train_2082,0.0472724,0.087947555,0.00044338155,0.7510374,0.03856653
phone_presence_factorial_train_v1,phone_presence_train_2083,0.99214643,0.9913095,3.1357442e-05,0.9990398,0.99984
phone_presence_factorial_train_v1,phone_presence_train_2084,0.34057352,0.16395319,5.809504e-05,0.9684202,0.7632528
phone_presence_factorial_train_v1,phone_presence_train_2085,0.9588547,0.8476429,2.970369e-05,0.9860947,0.998987
phone_presence_factorial_train_v1,phone_presence_train_2086,0.5743602,0.45174032,0.43785134,0.68823266,0.3507353
phone_presence_factorial_train_v1,phone_presence_train_2087,0.97717094,0.9262723,8.367395e-05,0.7859751,0.39953142
phone_presence_factorial_train_v1,phone_presence_train_2088,0.99299824,0.947977,0.9895934,0.8183595,0.6750031
phone_presence_factorial_train_v1,phone_presence_train_2089,0.8085335,0.8048153,0.0012988087,0.96067905,0.10688289
phone_presence_factorial_train_v1,phone_presence_train_2090,0.82398015,0.06399474,0.7991595,0.4879621,0.99811953
phone_presence_factorial_train_v1,phone_presence_train_2091,0.95877457,0.9510192,0.00010667526,0.9903194,0.6173179
phone_presence_factorial_train_v1,phone_presence_train_2092,0.98396456,0.94042784,0.0014527106,0.9505549,0.9990707
phone_presence_factorial_train_v1,phone_presence_train_2093,0.99999,0.9409501,0.9999883,0.9989662,0.9999862
phone_presence_factorial_train_v1,phone_presence_train_2094,0.85387033,0.32711226,0.9585096,0.89758,0.9999547
phone_presence_factorial_train_v1,phone_presence_train_2095,0.63849497,0.51406926,0.83199894,0.9784241,0.99442166
phone_presence_factorial_train_v1,phone_presence_train_2096,0.9895495,0.9799611,6.4511936e-05,0.98540187,0.9859083
phone_presence_factorial_train_v1,phone_presence_train_2097,0.51283306,0.4736106,0.00048705,0.591808,0.79064596
phone_presence_factorial_train_v1,phone_presence_train_2098,0.99900156,0.9996773,0.003381531,0.99703455,0.9999596
phone_presence_factorial_train_v1,phone_presence_train_2099,0.9976781,0.07816793,0.99746215,0.8755509,0.99980646
phone_presence_factorial_train_v1,phone_presence_train_2100,0.99574786,0.12398162,0.99609035,0.7102394,0.7215752
phone_presence_factorial_train_v1,phone_presence_train_2101,0.5109238,0.50644183,0.00084573444,0.96787035,0.82086074
phone_presence_factorial_train_v1,phone_presence_train_2102,0.96855944,0.9376824,5.376258e-05,0.97831136,0.9998473
phone_presence_factorial_train_v1,phone_presence_train_2103,0.9997062,0.69870484,0.999527,0.99991226,0.99999
phone_presence_factorial_train_v1,phone_presence_train_2104,0.9929402,0.9867851,0.9595586,0.9805879,0.99961424
phone_presence_factorial_train_v1,phone_presence_train_2105,0.9986626,0.88312906,0.99700624,0.96102035,0.99994576
phone_presence_factorial_train_v1,phone_presence_train_2106,0.9428042,0.79983646,0.00046866055,0.9822494,0.9999713
phone_presence_factorial_train_v1,phone_presence_train_2107,0.8086386,0.14081751,0.921192,0.32112455,0.8012172
phone_presence_factorial_train_v1,phone_presence_train_2108,0.79633516,0.57923,0.28017917,0.6830058,0.35252544
phone_presence_factorial_train_v1,phone_presence_train_2109,0.74056333,0.57700056,0.0008454242,0.94700116,0.99971694
phone_presence_factorial_train_v1,phone_presence_train_2110,0.75877565,0.32994124,0.17967905,0.95158154,0.99481416
phone_presence_factorial_train_v1,phone_presence_train_2111,0.998938,0.21651433,0.9951035,0.9617666,0.9998442
phone_presence_factorial_train_v1,phone_presence_train_2112,0.44537264,0.43513775,0.12752636,0.813466,0.93961024
phone_presence_factorial_train_v1,phone_presence_train_2113,0.8867462,0.7526404,6.763545e-05,0.872849,0.26437625
phone_presence_factorial_train_v1,phone_presence_train_2114,0.016368449,0.016602432,1.0206987e-05,0.9921504,0.69157803
phone_presence_factorial_train_v1,phone_presence_train_2115,0.99932516,0.9883221,0.8762774,0.9588746,0.9959403
phone_presence_factorial_train_v1,phone_presence_train_2116,0.98915595,0.9433793,7.944631e-05,0.9972299,0.9975793
phone_presence_factorial_train_v1,phone_presence_train_2117,0.4122725,0.53253967,0.054162677,0.8318797,0.11013498
phone_presence_factorial_train_v1,phone_presence_train_2118,0.06450221,0.08535796,7.0374896e-05,0.87600964,0.7246021
phone_presence_factorial_train_v1,phone_presence_train_2119,0.99809414,0.9937443,0.14221968,0.96979785,0.77199495
phone_presence_factorial_train_v1,phone_presence_train_2120,0.99979943,0.9998103,0.0122681325,0.9916686,0.99776614
phone_presence_factorial_train_v1,phone_presence_train_2121,0.9560712,0.9517596,0.00019444848,0.7187935,0.27265942
phone_presence_factorial_train_v1,phone_presence_train_2122,0.64132786,0.57086664,0.004817414,0.77415025,0.9514028
phone_presence_factorial_train_v1,phone_presence_train_2123,0.94074583,0.7465629,0.67180306,0.9820962,0.9999738
phone_presence_factorial_train_v1,phone_presence_train_2124,0.9276266,0.113538,0.93225765,0.91798025,0.9333498
phone_presence_factorial_train_v1,phone_presence_train_2125,0.58682793,0.9397437,0.025871037,0.4193778,0.015987167
phone_presence_factorial_train_v1,phone_presence_train_2126,0.8956223,0.60891217,0.71371734,0.86096734,0.15495998
phone_presence_factorial_train_v1,phone_presence_train_2127,0.74771035,0.6496215,0.00043123768,0.7400956,0.9882004
phone_presence_factorial_train_v1,phone_presence_train_2128,0.9978866,0.117926605,0.6720902,0.8638805,0.8945732
phone_presence_factorial_train_v1,phone_presence_train_2129,0.1741152,0.015843755,0.78126895,0.88788104,0.22652222
phone_presence_factorial_train_v1,phone_presence_train_2130,0.99909973,0.9536531,0.95369685,0.99081475,0.99853563
phone_presence_factorial_train_v1,phone_presence_train_2131,0.9941399,0.32433784,0.9752494,0.97581714,0.99993277
phone_presence_factorial_train_v1,phone_presence_train_2132,0.99630475,0.9620702,0.70491606,0.9117434,0.9989961
phone_presence_factorial_train_v1,phone_presence_train_2133,0.34702513,0.74933493,0.00016484964,0.9619414,0.3903795
phone_presence_factorial_train_v1,phone_presence_train_2134,0.32382035,0.5253671,2.7882112e-05,0.854078,0.8103147
phone_presence_factorial_train_v1,phone_presence_train_2135,0.19917221,0.04583523,0.019477112,0.6909053,0.9958027
phone_presence_factorial_train_v1,phone_presence_train_2136,0.8900088,0.86404735,7.971883e-05,0.961777,0.9996965
phone_presence_factorial_train_v1,phone_presence_train_2137,0.9656497,0.77788043,0.2518434,0.94923574,0.9981724
phone_presence_factorial_train_v1,phone_presence_train_2138,0.9974942,0.78998876,0.9260969,0.8452927,0.650448
phone_presence_factorial_train_v1,phone_presence_train_2139,0.86070836,0.3477284,0.2706669,0.5170659,0.9999517
phone_presence_factorial_train_v1,phone_presence_train_2140,0.9002281,0.010728399,0.35352653,0.89435077,0.36752608
phone_presence_factorial_train_v1,phone_presence_train_2141,0.9987728,0.99667215,4.9462342e-05,0.98798966,0.98882616
phone_presence_factorial_train_v1,phone_presence_train_2142,0.27839166,0.065735966,0.019983247,0.22121862,0.82158154
phone_presence_factorial_train_v1,phone_presence_train_2143,0.9995109,0.27017695,0.99976724,0.99248815,0.9999871
phone_presence_factorial_train_v1,phone_presence_train_2144,0.8550879,0.50069636,0.00022852999,0.406283,0.2504253
phone_presence_factorial_train_v1,phone_presence_train_2145,0.19726162,0.2805563,0.00081544026,0.7322687,0.9515118
phone_presence_factorial_train_v1,phone_presence_train_2146,0.93999946,0.8070126,0.00035569674,0.9678439,0.9999176
phone_presence_factorial_train_v1,phone_presence_train_2147,0.38053676,0.57978076,3.744499e-05,0.43214345,0.011986088
phone_presence_factorial_train_v1,phone_presence_train_2148,0.06523627,0.108730406,6.1317805e-05,0.9711003,0.8294178
phone_presence_factorial_train_v1,phone_presence_train_2149,0.56689763,0.28626153,0.00020279913,0.9709128,0.9934987
phone_presence_factorial_train_v1,phone_presence_train_2150,0.98529565,0.89053744,0.9192054,0.9814031,0.9920866
phone_presence_factorial_train_v1,phone_presence_train_2151,0.9820077,0.81116927,0.7925824,0.9954104,0.9998721
phone_presence_factorial_train_v1,phone_presence_train_2152,0.15488254,0.20114662,0.0006819496,0.23052502,0.17306194
phone_presence_factorial_train_v1,phone_presence_train_2153,0.99001324,0.25551882,0.9825837,0.746087,0.43718937
phone_presence_factorial_train_v1,phone_presence_train_2154,0.16610344,0.03652837,0.00012566373,0.97086763,0.946135
phone_presence_factorial_train_v1,phone_presence_train_2155,0.988005,0.957106,0.033662207,0.9939149,0.99655473
phone_presence_factorial_train_v1,phone_presence_train_2156,0.8283504,0.95050794,1.9376894e-05,0.8531719,0.39891034
phone_presence_factorial_train_v1,phone_presence_train_2157,0.9934378,0.86628675,0.039835155,0.9911054,0.9960937
phone_presence_factorial_train_v1,phone_presence_train_2158,0.8787263,0.28604758,0.012485061,0.99123174,0.989081
phone_presence_factorial_train_v1,phone_presence_train_2159,0.97415507,0.03373371,0.9866628,0.94262165,0.95088905
phone_presence_factorial_train_v1,phone_presence_train_2160,0.079942696,0.13585718,0.0002002184,0.8978145,0.9747959
phone_presence_factorial_train_v1,phone_presence_train_2161,0.9578029,0.9479088,0.03415624,0.99770445,0.7852062
phone_presence_factorial_train_v1,phone_presence_train_2162,0.81434786,0.80834585,0.002715365,0.13378054,0.44613445
phone_presence_factorial_train_v1,phone_presence_train_2163,0.99068475,0.9276198,0.86131686,0.792031,0.38847882
phone_presence_factorial_train_v1,phone_presence_train_2164,0.90863687,0.8400077,0.00015616228,0.98711884,0.9999676
phone_presence_factorial_train_v1,phone_presence_train_2165,0.546185,0.04348284,0.9074167,0.99359137,0.9999093
phone_presence_factorial_train_v1,phone_presence_train_2166,0.5716801,0.5665623,0.0021682398,0.93664014,0.98569924
phone_presence_factorial_train_v1,phone_presence_train_2167,0.23382004,0.14601779,0.00042162553,0.61132246,0.76693606
phone_presence_factorial_train_v1,phone_presence_train_2168,0.99896896,0.98063,0.4817046,0.9974049,0.99486214
phone_presence_factorial_train_v1,phone_presence_train_2169,0.8492495,0.5859123,0.00857303,0.4483627,0.006807567
phone_presence_factorial_train_v1,phone_presence_train_2170,0.5905056,0.238386,4.884474e-05,0.98797745,0.98313683
phone_presence_factorial_train_v1,phone_presence_train_2171,0.9314381,0.82221514,9.011464e-05,0.9998323,0.99999
phone_presence_factorial_train_v1,phone_presence_train_2172,0.7044833,0.54963076,4.2083113e-05,0.89931667,0.59297043
phone_presence_factorial_train_v1,phone_presence_train_2173,0.016040327,0.04774099,9.999999e-06,0.96264654,0.4447321
phone_presence_factorial_train_v1,phone_presence_train_2174,0.9954749,0.8179621,0.98289734,0.9917973,0.9995072
phone_presence_factorial_train_v1,phone_presence_train_2175,0.57400566,0.7683628,3.818779e-05,0.8986724,0.033530086
phone_presence_factorial_train_v1,phone_presence_train_2176,0.92180115,0.9214514,0.0015008135,0.99473983,0.9573361
phone_presence_factorial_train_v1,phone_presence_train_2177,0.38735405,0.5392927,0.008517623,0.8824584,0.99980146
phone_presence_factorial_train_v1,phone_presence_train_2178,0.48396322,0.27452114,0.8394412,0.76455104,0.8352027
phone_presence_factorial_train_v1,phone_presence_train_2179,0.67995083,0.6263245,0.0049318904,0.9920265,0.99997354
phone_presence_factorial_train_v1,phone_presence_train_2180,0.9888177,0.97615564,5.9478538e-05,0.9425074,0.9985697
phone_presence_factorial_train_v1,phone_presence_train_2181,0.671144,0.80517757,0.00066600787,0.9739145,0.9997218
phone_presence_factorial_train_v1,phone_presence_train_2182,0.08518683,0.34609568,0.00016912025,0.9797906,0.99960893
phone_presence_factorial_train_v1,phone_presence_train_2183,0.74929124,0.73313457,0.00044267566,0.9810075,0.9996854
phone_presence_factorial_train_v1,phone_presence_train_2184,0.92032874,0.8318934,0.015789118,0.9836563,0.9986902
phone_presence_factorial_train_v1,phone_presence_train_2185,0.08871226,0.1728159,0.00017108847,0.9945464,0.9997638
phone_presence_factorial_train_v1,phone_presence_train_2186,0.99051195,0.9244286,0.008654203,0.9987772,0.99999
phone_presence_factorial_train_v1,phone_presence_train_2187,0.9757539,0.7161151,0.6895727,0.9858627,0.99998987
phone_presence_factorial_train_v1,phone_presence_train_2188,0.95458394,0.9173619,0.0013120134,0.9994647,0.99946517
phone_presence_factorial_train_v1,phone_presence_train_2189,0.9814355,0.22416903,0.93327916,0.7479684,0.99900085
phone_presence_factorial_train_v1,phone_presence_train_2190,0.99990594,0.98615855,0.99755645,0.5808674,0.9624514
phone_presence_factorial_train_v1,phone_presence_train_2191,0.7220377,0.79065156,4.4798446e-05,0.9903965,0.9392991
phone_presence_factorial_train_v1,phone_presence_train_2192,0.9967894,0.9417844,0.15772912,0.9406009,0.9996356
phone_presence_factorial_train_v1,phone_presence_train_2193,0.9853302,0.60578704,0.9992968,0.5991459,0.849195
phone_presence_factorial_train_v1,phone_presence_train_2194,0.82468915,0.94416183,2.89647e-05,0.9051353,0.9835396
phone_presence_factorial_train_v1,phone_presence_train_2195,0.9850618,0.61605155,0.954912,0.70236456,0.018885707
phone_presence_factorial_train_v1,phone_presence_train_2196,0.71720254,0.8331468,1.0872716e-05,0.8728288,0.5986581
phone_presence_factorial_train_v1,phone_presence_train_2197,0.27624407,0.28240827,0.00020476623,0.75016606,0.0002555129
phone_presence_factorial_train_v1,phone_presence_train_2198,0.99276066,0.03149122,0.9935621,0.98200583,0.9998523
phone_presence_factorial_train_v1,phone_presence_train_2199,0.50599754,0.41331214,0.00032678794,0.7440446,0.0019219449
phone_presence_factorial_train_v1,phone_presence_train_2200,0.34401965,0.014870688,0.82148486,0.45336023,0.048772868
phone_presence_factorial_train_v1,phone_presence_train_2201,0.3000047,0.14560783,0.0079145515,0.96904254,0.81510305
phone_presence_factorial_train_v1,phone_presence_train_2202,0.9510324,0.84667426,0.007588656,0.96875966,0.99957734
phone_presence_factorial_train_v1,phone_presence_train_2203,0.99281865,0.9682096,0.20861174,0.9647607,0.99997306
phone_presence_factorial_train_v1,phone_presence_train_2204,0.8543359,0.10103214,0.73011297,0.9596319,0.9773057
phone_presence_factorial_train_v1,phone_presence_train_2205,0.99377877,0.6969483,0.9996909,0.43191245,0.004527901
phone_presence_factorial_train_v1,phone_presence_train_2206,0.24643482,0.22223273,0.00011952857,0.92805845,0.1543979
phone_presence_factorial_train_v1,phone_presence_train_2207,0.9508608,0.89185756,0.0075260587,0.26533794,0.0670532
phone_presence_factorial_train_v1,phone_presence_train_2208,0.527448,0.47662708,0.00014504883,0.9757111,0.9999031
phone_presence_factorial_train_v1,phone_presence_train_2209,0.28320387,0.1675103,0.11188165,0.7528756,0.46130905
phone_presence_factorial_train_v1,phone_presence_train_2210,0.991791,0.9398864,0.92421633,0.925692,0.8062184
phone_presence_factorial_train_v1,phone_presence_train_2211,0.7784167,0.24339306,0.09288801,0.957922,0.815186
phone_presence_factorial_train_v1,phone_presence_train_2212,0.03265897,0.06820129,0.00013697808,0.9309604,0.6143596
phone_presence_factorial_train_v1,phone_presence_train_2213,0.99796176,0.9943773,0.5297785,0.99948335,0.9991935
phone_presence_factorial_train_v1,phone_presence_train_2214,0.69798696,0.2274489,0.06741398,0.993889,0.9999311
phone_presence_factorial_train_v1,phone_presence_train_2215,0.076511994,0.021001076,0.20597094,0.9579701,0.0677408
phone_presence_factorial_train_v1,phone_presence_train_2216,0.99363214,0.00940626,0.9989723,0.7535213,0.89049226
phone_presence_factorial_train_v1,phone_presence_train_2217,0.060761195,0.057512015,0.0031793811,0.9626544,0.99998236
phone_presence_factorial_train_v1,phone_presence_train_2218,0.42638698,0.2391708,2.4713383e-05,0.98241293,0.99862885
phone_presence_factorial_train_v1,phone_presence_train_2219,0.9656776,0.45773038,0.2265186,0.96447366,0.99936336
phone_presence_factorial_train_v1,phone_presence_train_2220,0.2159323,0.35061362,0.00010637377,0.258346,0.048237327
phone_presence_factorial_train_v1,phone_presence_train_2221,0.34074026,0.68363523,9.999999e-06,0.89982504,0.4746925
phone_presence_factorial_train_v1,phone_presence_train_2222,0.17101496,0.4466551,1.1612391e-05,0.74086607,0.13661505
phone_presence_factorial_train_v1,phone_presence_train_2223,0.98808485,0.98576283,8.499831e-05,0.95541984,0.9981679
phone_presence_factorial_train_v1,phone_presence_train_2224,0.34580833,0.13683529,0.82833743,0.85740185,0.64606035
phone_presence_factorial_train_v1,phone_presence_train_2225,0.99026334,0.27082795,0.9988532,0.7882264,0.041946676
phone_presence_factorial_train_v1,phone_presence_train_2226,0.9979473,0.98726904,0.064417735,0.9989378,0.99997544
phone_presence_factorial_train_v1,phone_presence_train_2227,0.23461898,0.39060578,0.0004134692,0.52331185,0.01052845
phone_presence_factorial_train_v1,phone_presence_train_2228,0.99984443,0.6293144,0.99976164,0.98968035,0.99976534
phone_presence_factorial_train_v1,phone_presence_train_2229,0.99997735,0.9145757,0.9999778,0.99577844,0.9999759
phone_presence_factorial_train_v1,phone_presence_train_2230,0.018784765,0.021332327,2.9522529e-05,0.17892456,0.036112465
phone_presence_factorial_train_v1,phone_presence_train_2231,0.5666196,0.37361205,0.00011714701,0.69033253,0.9536767
phone_presence_factorial_train_v1,phone_presence_train_2232,0.3067159,0.118806936,0.052937075,0.16233386,0.94389665
phone_presence_factorial_train_v1,phone_presence_train_2233,0.9977174,0.15945421,0.9997615,0.852044,0.8843659
phone_presence_factorial_train_v1,phone_presence_train_2234,0.06294206,0.036460284,0.0012552352,0.76047856,0.1956563
phone_presence_factorial_train_v1,phone_presence_train_2235,0.9940684,0.85405284,0.9178052,0.8680962,0.12306023
phone_presence_factorial_train_v1,phone_presence_train_2236,0.90394163,0.7504028,0.00360368,0.98338103,0.99999
phone_presence_factorial_train_v1,phone_presence_train_2237,0.47791028,0.11387893,0.020267941,0.43426353,0.99997973
phone_presence_factorial_train_v1,phone_presence_train_2238,0.71149135,0.6469744,8.4029205e-05,0.87483025,0.014794336
phone_presence_factorial_train_v1,phone_presence_train_2239,0.028570399,0.019193275,0.00016562671,0.9270606,0.7268532
phone_presence_factorial_train_v1,phone_presence_train_2240,0.5929133,0.24194044,0.06520963,0.8742717,0.20907748
phone_presence_factorial_train_v1,phone_presence_train_2241,0.99583495,0.9895751,0.0014412215,0.85568094,0.9714289
phone_presence_factorial_train_v1,phone_presence_train_2242,0.2810849,0.20451422,4.800284e-05,0.8691075,0.0026103002
phone_presence_factorial_train_v1,phone_presence_train_2243,0.9107434,0.6282593,0.00021190032,0.9937366,0.9683059
phone_presence_factorial_train_v1,phone_presence_train_2244,0.97979546,0.95441574,0.021200648,0.50435877,0.0038514906
phone_presence_factorial_train_v1,phone_presence_train_2245,0.9935626,0.4669936,0.9775228,0.63552076,0.018242856
phone_presence_factorial_train_v1,phone_presence_train_2246,0.8044475,0.8405154,3.503498e-05,0.99806184,0.99984336
phone_presence_factorial_train_v1,phone_presence_train_2247,0.3447729,0.17805877,2.0105846e-05,0.9234664,0.93972677
phone_presence_factorial_train_v1,phone_presence_train_2248,0.99798054,0.99491006,0.84177065,0.9949633,0.99969304
phone_presence_factorial_train_v1,phone_presence_train_2249,0.8052131,0.4248133,0.24715911,0.8524445,0.94442046
phone_presence_factorial_train_v1,phone_presence_train_2250,0.39119807,0.13090338,0.881973,0.8093136,0.80120414
phone_presence_factorial_train_v1,phone_presence_train_2251,0.021851141,0.032811992,1.794766e-05,0.86439586,0.59866065
phone_presence_factorial_train_v1,phone_presence_train_2252,0.21890512,0.114736155,0.00029514308,0.79237396,0.999463
phone_presence_factorial_train_v1,phone_presence_train_2253,0.9642175,0.0062259817,0.99829394,0.9590089,0.9317984
phone_presence_factorial_train_v1,phone_presence_train_2254,0.5382584,0.110909894,0.6313356,0.91925055,0.8921288
phone_presence_factorial_train_v1,phone_presence_train_2255,0.1601698,0.63727844,3.6673726e-05,0.6876358,0.012361282
phone_presence_factorial_train_v1,phone_presence_train_2256,0.9803447,0.9398631,0.93877333,0.9272868,0.9823391
phone_presence_factorial_train_v1,phone_presence_train_2257,0.16799273,0.031588733,0.3057775,0.5425961,0.34769103
phone_presence_factorial_train_v1,phone_presence_train_2258,0.2313871,0.17139292,0.0018875244,0.8701931,0.76660615
phone_presence_factorial_train_v1,phone_presence_train_2259,0.01791398,0.0068449965,0.00010599023,0.9387217,0.6850316
phone_presence_factorial_train_v1,phone_presence_train_2260,0.9989353,0.96224374,0.9833839,0.9558698,0.9772111
phone_presence_factorial_train_v1,phone_presence_train_2261,0.9947556,0.99333376,0.00035470794,0.99832433,0.9992669
phone_presence_factorial_train_v1,phone_presence_train_2262,0.91942346,0.78507704,0.0007599073,0.9762012,0.9980343
phone_presence_factorial_train_v1,phone_presence_train_2263,0.71030426,0.91726035,3.4997043e-05,0.9966935,0.3283954
phone_presence_factorial_train_v1,phone_presence_train_2264,0.57762885,0.041344795,0.59545213,0.99643,0.99981505
phone_presence_factorial_train_v1,phone_presence_train_2265,0.5381609,0.4648413,3.2735996e-05,0.9961862,0.99998975
phone_presence_factorial_train_v1,phone_presence_train_2266,0.9922157,0.484628,0.9682816,0.6521935,0.99662554
phone_presence_factorial_train_v1,phone_presence_train_2267,0.63035625,0.037209097,0.83196694,0.78791064,0.6184631
phone_presence_factorial_train_v1,phone_presence_train_2268,0.9997559,0.9734753,0.999846,0.9972699,0.99988484
phone_presence_factorial_train_v1,phone_presence_train_2269,0.9947541,0.9973912,0.0044642626,0.9937186,0.99989915
phone_presence_factorial_train_v1,phone_presence_train_2270,0.99948967,0.98614824,0.99886656,0.86220545,0.99640214
phone_presence_factorial_train_v1,phone_presence_train_2271,0.6988673,0.5566784,0.5325936,0.93692267,0.7205412
phone_presence_factorial_train_v1,phone_presence_train_2272,0.9834185,0.098018095,0.8697278,0.18961549,0.99321014
phone_presence_factorial_train_v1,phone_presence_train_2273,0.9912861,0.6356115,0.8781798,0.99222344,0.9997768
phone_presence_factorial_train_v1,phone_presence_train_2274,0.9965333,0.9733708,0.9083564,0.90688026,0.9565881
phone_presence_factorial_train_v1,phone_presence_train_2275,0.6862255,0.32252654,0.41963425,0.7135336,0.48108798
phone_presence_factorial_train_v1,phone_presence_train_2276,0.5199785,0.796343,0.00046783124,0.9984433,0.99995077
phone_presence_factorial_train_v1,phone_presence_train_2277,0.8697846,0.90407896,0.0008801566,0.8546313,0.9989176
phone_presence_factorial_train_v1,phone_presence_train_2278,0.8144409,0.562928,0.0037915744,0.9986324,0.9999349
phone_presence_factorial_train_v1,phone_presence_train_2279,0.73317724,0.65628606,3.4104178e-05,0.98062676,0.9999156
phone_presence_factorial_train_v1,phone_presence_train_2280,0.81983066,0.4477085,0.049578708,0.82778627,0.9151997
phone_presence_factorial_train_v1,phone_presence_train_2281,0.0056095417,0.019148981,2.9665303e-05,0.9835222,0.3148638
phone_presence_factorial_train_v1,phone_presence_train_2282,0.21450727,0.35354567,0.00036593137,0.75637305,0.03396052
phone_presence_factorial_train_v1,phone_presence_train_2283,0.9998617,0.95247,0.999564,0.9501562,0.9999589
phone_presence_factorial_train_v1,phone_presence_train_2284,0.99719834,0.9875666,0.3433862,0.99107516,0.999474
phone_presence_factorial_train_v1,phone_presence_train_2285,0.85719407,0.08967005,0.91212475,0.62921906,0.07351976
phone_presence_factorial_train_v1,phone_presence_train_2286,0.06055138,0.27473107,9.999999e-06,0.57460535,0.15152058
phone_presence_factorial_train_v1,phone_presence_train_2287,0.786089,0.081369355,0.8984386,0.6601631,0.90490896
phone_presence_factorial_train_v1,phone_presence_train_2288,0.97890615,0.8483243,0.09641941,0.924284,0.8402765
phone_presence_factorial_train_v1,phone_presence_train_2289,0.99998176,0.1724564,0.99999,0.41201225,0.95032746
phone_presence_factorial_train_v1,phone_presence_train_2290,0.9444518,0.9262508,0.009512417,0.47291,0.16622484
phone_presence_factorial_train_v1,phone_presence_train_2291,0.90606403,0.053012382,0.8523706,0.7679477,0.99996257
phone_presence_factorial_train_v1,phone_presence_train_2292,0.18285544,0.022325119,0.04671493,0.961802,0.99983096
phone_presence_factorial_train_v1,phone_presence_train_2293,0.99999,0.3021197,0.99999,0.99818605,0.99999
phone_presence_factorial_train_v1,phone_presence_train_2294,0.061599195,0.036880482,0.019398497,0.4447588,0.01629734
phone_presence_factorial_train_v1,phone_presence_train_2295,0.9851119,0.107539564,0.9996729,0.9501487,0.9998747
phone_presence_factorial_train_v1,phone_presence_train_2296,0.8263821,0.28017384,0.09136915,0.995824,0.99996126
phone_presence_factorial_train_v1,phone_presence_train_2297,0.29184598,0.07051531,0.17238688,0.26175538,0.90960073
phone_presence_factorial_train_v1,phone_presence_train_2298,0.90278727,0.9226808,0.00574365,0.9973406,0.999363
phone_presence_factorial_train_v1,phone_presence_train_2299,0.98281497,0.96106315,0.00046409538,0.96799904,0.9996928
phone_presence_factorial_train_v1,phone_presence_train_2300,0.92015785,0.9274039,6.875651e-05,0.6557872,0.0927085
phone_presence_factorial_train_v1,phone_presence_train_2301,0.037819907,0.09887203,0.0019607383,0.99928457,0.9996791
phone_presence_factorial_train_v1,phone_presence_train_2302,0.91090304,0.74070036,0.059503395,0.76130044,0.14788152
phone_presence_factorial_train_v1,phone_presence_train_2303,0.6188699,0.89079946,0.030857468,0.96633875,0.077715926
phone_presence_factorial_train_v1,phone_presence_train_2304,0.1019637,0.073107556,0.0026865911,0.65861326,0.99713564
phone_presence_factorial_train_v1,phone_presence_train_2305,0.8866594,0.91689014,3.1802643e-05,0.9883618,0.025960691
phone_presence_factorial_train_v1,phone_presence_train_2306,0.9851751,0.98633635,5.018506e-05,0.9231925,0.9874178
phone_presence_factorial_train_v1,phone_presence_train_2307,0.22056292,0.23191562,0.0029412853,0.18491623,0.14869182
phone_presence_factorial_train_v1,phone_presence_train_2308,0.8599319,0.86483186,0.08012081,0.68522906,0.016341155
phone_presence_factorial_train_v1,phone_presence_train_2309,0.40168732,0.4110211,6.015242e-05,0.9074962,0.21824141
phone_presence_factorial_train_v1,phone_presence_train_2310,0.998336,0.6177765,0.9971506,0.9965402,0.9999237
phone_presence_factorial_train_v1,phone_presence_train_2311,0.9909899,0.8753873,0.3149875,0.91683364,0.9090433
phone_presence_factorial_train_v1,phone_presence_train_2312,0.3001749,0.34807044,0.0003091767,0.89644426,0.625016
phone_presence_factorial_train_v1,phone_presence_train_2313,0.99999,0.12683229,0.99999,0.9979711,0.99999
phone_presence_factorial_train_v1,phone_presence_train_2314,0.97734344,0.05780783,0.8495108,0.87376285,0.99937195
phone_presence_factorial_train_v1,phone_presence_train_2315,0.99812263,0.8521082,0.97028995,0.99151015,0.99994767
phone_presence_factorial_train_v1,phone_presence_train_2316,0.8083959,0.9043737,0.0007609128,0.99805814,0.9662407
phone_presence_factorial_train_v1,phone_presence_train_2317,0.6288691,0.6402528,0.0006395781,0.42440578,0.031611994
phone_presence_factorial_train_v1,phone_presence_train_2318,0.9907962,0.4961984,0.995369,0.95238465,0.7265407
phone_presence_factorial_train_v1,phone_presence_train_2319,0.91713154,0.79336274,0.16112272,0.98591596,0.99973744
phone_presence_factorial_train_v1,phone_presence_train_2320,0.99929464,0.9711547,0.98246014,0.97518426,0.99102753
phone_presence_factorial_train_v1,phone_presence_train_2321,0.8763833,0.7729484,0.13490303,0.9389495,0.9976419
phone_presence_factorial_train_v1,phone_presence_train_2322,0.14875035,0.11182711,0.005021398,0.32078624,0.89512753
phone_presence_factorial_train_v1,phone_presence_train_2323,0.87349313,0.58861566,0.042047396,0.9987186,0.9999074
phone_presence_factorial_train_v1,phone_presence_train_2324,0.80324566,0.18636672,0.82605034,0.9125001,0.6170934
phone_presence_factorial_train_v1,phone_presence_train_2325,0.6466426,0.9014565,3.7414753e-05,0.9943486,0.9332643
phone_presence_factorial_train_v1,phone_presence_train_2326,0.23387921,0.15156011,1.7320903e-05,0.9005441,0.07028136
phone_presence_factorial_train_v1,phone_presence_train_2327,0.9983583,0.7047901,0.90332985,0.96984226,0.99992967
phone_presence_factorial_train_v1,phone_presence_train_2328,0.42092526,0.15800445,0.055705853,0.24757954,0.09220366
phone_presence_factorial_train_v1,phone_presence_train_2329,0.9957087,0.96748227,0.65669084,0.99062,0.99998677
phone_presence_factorial_train_v1,phone_presence_train_2330,0.79934365,0.5808576,0.08647878,0.814995,0.9118191
phone_presence_factorial_train_v1,phone_presence_train_2331,0.99987614,0.985121,0.9999367,0.9935336,0.9999492
phone_presence_factorial_train_v1,phone_presence_train_2332,0.8777707,0.7872968,0.011109915,0.67480767,0.122353286
phone_presence_factorial_train_v1,phone_presence_train_2333,0.9926528,0.99623126,0.00017248964,0.93193656,0.11601484
phone_presence_factorial_train_v1,phone_presence_train_2334,0.4730273,0.23825312,0.05363475,0.9344961,0.801187
phone_presence_factorial_train_v1,phone_presence_train_2335,0.9989021,0.99639744,4.9947434e-05,0.73382264,0.06374047
phone_presence_factorial_train_v1,phone_presence_train_2336,0.99983966,0.99986696,0.0003353826,0.99295557,0.8211378
phone_presence_factorial_train_v1,phone_presence_train_2337,0.71032,0.17934567,0.09520903,0.968038,0.9999236
phone_presence_factorial_train_v1,phone_presence_train_2338,0.31344196,0.44801664,0.000712279,0.85749704,0.99868196
phone_presence_factorial_train_v1,phone_presence_train_2339,0.9955646,0.87056476,0.9775904,0.8397162,0.7342566
phone_presence_factorial_train_v1,phone_presence_train_2340,0.99993277,0.43301132,0.99988973,0.29624924,0.98876125
phone_presence_factorial_train_v1,phone_presence_train_2341,0.8800437,0.64293814,0.7380553,0.9988875,0.9999887
phone_presence_factorial_train_v1,phone_presence_train_2342,0.31632847,0.5339126,0.0055658165,0.33481047,0.52109826
phone_presence_factorial_train_v1,phone_presence_train_2343,0.43289867,0.23852754,0.00017479049,0.9969555,0.9999254
phone_presence_factorial_train_v1,phone_presence_train_2344,0.99330395,0.86642045,0.97541726,0.98743546,0.9999275
phone_presence_factorial_train_v1,phone_presence_train_2345,0.9891704,0.22931509,0.98627615,0.9711231,0.99983644
phone_presence_factorial_train_v1,phone_presence_train_2346,0.06348523,0.19299719,1.3336115e-05,0.9440349,0.9999492
phone_presence_factorial_train_v1,phone_presence_train_2347,0.9924936,0.6061331,0.99076396,0.71960896,0.15877043
phone_presence_factorial_train_v1,phone_presence_train_2348,0.91128254,0.12151239,0.9806039,0.80401486,0.7536977
phone_presence_factorial_train_v1,phone_presence_train_2349,0.07559202,0.03596796,0.0010681796,0.8453506,0.92372334
phone_presence_factorial_train_v1,phone_presence_train_2350,0.97296226,0.39005527,0.84135646,0.85134137,0.99962556
phone_presence_factorial_train_v1,phone_presence_train_2351,0.81790423,0.74041116,0.00020355174,0.8518126,0.9942351
phone_presence_factorial_train_v1,phone_presence_train_2352,0.8030861,0.90251964,0.0055907597,0.6512817,0.6282647
phone_presence_factorial_train_v1,phone_presence_train_2353,0.94953984,0.35093966,0.5818927,0.93844295,0.9704662
phone_presence_factorial_train_v1,phone_presence_train_2354,0.5687325,0.27321595,0.39927834,0.9214582,0.63077986
phone_presence_factorial_train_v1,phone_presence_train_2355,0.99853873,0.9785492,0.98145217,0.5762617,0.87245405
phone_presence_factorial_train_v1,phone_presence_train_2356,0.52759916,0.48724207,0.035474233,0.6691973,0.04712859
phone_presence_factorial_train_v1,phone_presence_train_2357,0.9998895,0.53415793,0.9995049,0.9258318,0.994259
phone_presence_factorial_train_v1,phone_presence_train_2358,0.86515135,0.8840032,0.002563303,0.9809698,0.9991867
phone_presence_factorial_train_v1,phone_presence_train_2359,0.41324854,0.08181332,0.002482396,0.9296862,0.99945945
phone_presence_factorial_train_v1,phone_presence_train_2360,0.90973884,0.13043603,0.8716137,0.6102552,0.2952744
phone_presence_factorial_train_v1,phone_presence_train_2361,0.99415827,0.99724704,0.00050340896,0.89258265,0.89557993
phone_presence_factorial_train_v1,phone_presence_train_2362,0.15687844,0.17663682,0.00010402756,0.44878805,0.049130898
phone_presence_factorial_train_v1,phone_presence_train_2363,0.99659204,0.23935504,0.9976191,0.9980028,0.99986017
phone_presence_factorial_train_v1,phone_presence_train_2364,0.9901361,0.97873163,0.00055662234,0.9938823,0.99553275
phone_presence_factorial_train_v1,phone_presence_train_2365,0.7244317,0.45404154,0.039246324,0.99438125,0.83183134
phone_presence_factorial_train_v1,phone_presence_train_2366,0.9623291,0.693824,0.6947951,0.98315465,0.99996996
phone_presence_factorial_train_v1,phone_presence_train_2367,0.9962807,0.9142847,0.9343071,0.98680323,0.99995255
phone_presence_factorial_train_v1,phone_presence_train_2368,0.9978836,0.71542835,0.9973072,0.9792723,0.9997389
phone_presence_factorial_train_v1,phone_presence_train_2369,0.18666233,0.13268083,0.00012338375,0.91047966,0.99974173
phone_presence_factorial_train_v1,phone_presence_train_2370,0.9158373,0.091119014,0.92128503,0.45175025,0.027361576
phone_presence_factorial_train_v1,phone_presence_train_2371,0.9980987,0.5764017,0.94214535,0.4585859,0.9962309
phone_presence_factorial_train_v1,phone_presence_train_2372,0.08254782,0.17058396,5.300477e-05,0.61076146,0.014405025
phone_presence_factorial_train_v1,phone_presence_train_2373,0.9983809,0.18940859,0.99977094,0.43513644,0.9791191
phone_presence_factorial_train_v1,phone_presence_train_2374,0.06882835,0.024343187,0.049412392,0.989484,0.9998734
phone_presence_factorial_train_v1,phone_presence_train_2375,0.9808189,0.96289617,0.0061781816,0.9314707,0.9572978
phone_presence_factorial_train_v1,phone_presence_train_2376,0.998103,0.99521554,0.0016457464,0.9976179,0.9999689
phone_presence_factorial_train_v1,phone_presence_train_2377,0.7983723,0.8171694,4.24774e-05,0.8081439,0.3234983
phone_presence_factorial_train_v1,phone_presence_train_2378,0.9989305,0.99970883,0.0031449029,0.99955994,0.9999778
phone_presence_factorial_train_v1,phone_presence_train_2379,0.92631054,0.9544179,0.004698399,0.9858949,0.99823976
phone_presence_factorial_train_v1,phone_presence_train_2380,0.42768654,0.2914771,0.0001604367,0.99479455,0.9999709
phone_presence_factorial_train_v1,phone_presence_train_2381,0.98335993,0.8700302,0.043440994,0.98319143,0.24167325
phone_presence_factorial_train_v1,phone_presence_train_2382,0.9836436,0.7502489,0.5687159,0.92608505,0.9996338
phone_presence_factorial_train_v1,phone_presence_train_2383,0.99436814,0.23230964,0.9986564,0.67312056,0.46499622
phone_presence_factorial_train_v1,phone_presence_train_2384,0.99948597,0.9998086,0.00015366214,0.9964617,0.9986142
phone_presence_factorial_train_v1,phone_presence_train_2385,0.99990416,0.80819654,0.99997365,0.9244896,0.99911517
phone_presence_factorial_train_v1,phone_presence_train_2386,0.17225878,0.14348772,0.030561134,0.7843752,0.63388073
phone_presence_factorial_train_v1,phone_presence_train_2387,0.05653895,0.09376712,2.2561706e-05,0.5136307,0.61075324
phone_presence_factorial_train_v1,phone_presence_train_2388,0.10622001,0.06988438,4.816957e-05,0.91740227,0.3227017
phone_presence_factorial_train_v1,phone_presence_train_2389,0.9994265,0.9845242,0.99305177,0.9521313,0.9999486
phone_presence_factorial_train_v1,phone_presence_train_2390,0.6510888,0.04768217,0.090023555,0.9465046,0.9996222
phone_presence_factorial_train_v1,phone_presence_train_2391,0.99690646,0.9927826,0.0007085756,0.989321,0.99885976
phone_presence_factorial_train_v1,phone_presence_train_2392,0.6809033,0.9085083,2.2105422e-05,0.8887754,0.96121293
phone_presence_factorial_train_v1,phone_presence_train_2393,0.17382449,0.11397434,0.0024012476,0.7893275,0.9845071
phone_presence_factorial_train_v1,phone_presence_train_2394,0.40846112,0.35177588,2.8376115e-05,0.9955733,0.999882
phone_presence_factorial_train_v1,phone_presence_train_2395,0.39344308,0.26548865,0.031364243,0.5984124,0.08000695
phone_presence_factorial_train_v1,phone_presence_train_2396,0.43517584,0.54075307,1.3724833e-05,0.9970637,0.99995565
phone_presence_factorial_train_v1,phone_presence_train_2397,0.6856989,0.7787021,0.001685594,0.8046681,0.76601046
phone_presence_factorial_train_v1,phone_presence_train_2398,0.9863318,0.6835027,0.99946207,0.8423912,0.99475527
phone_presence_factorial_train_v1,phone_presence_train_2399,0.19469607,0.16864626,1.1660886e-05,0.9973508,0.9999732
