DATASET,ID,FILE_FAKE_PROB,VOICE_FAKE_PROB,MUSIC_FAKE_PROB,VOICE_PRESENT_PROB,MUSIC_PRESENT_PROB
factorial_eval_1200_v2_holdout,factorial_0400,0.9221013,0.75623226,0.97952545,1.0,0.9824818
factorial_eval_1200_v2_holdout,factorial_0401,0.35266322,9.936816e-07,0.36480263,1.0,0.7481952
factorial_eval_1200_v2_holdout,factorial_0402,0.78559196,0.6593932,0.2400886,0.99999905,4.694625e-05
factorial_eval_1200_v2_holdout,factorial_0403,0.8475116,0.00025396261,0.9439712,1.0,0.6777928
factorial_eval_1200_v2_holdout,factorial_0404,0.82085985,0.8247778,0.0236618,1.0,0.99993014
factorial_eval_1200_v2_holdout,factorial_0405,0.9613662,0.0063918415,0.98526996,1.0,0.5822766
factorial_eval_1200_v2_holdout,factorial_0406,0.9999992,0.9999982,0.47710115,1.0,0.009230892
factorial_eval_1200_v2_holdout,factorial_0407,0.6143958,1.077291e-05,0.87627125,1.0,0.91981715
factorial_eval_1200_v2_holdout,factorial_0408,0.9932586,0.9921284,0.15620752,1.0,0.8418735
factorial_eval_1200_v2_holdout,factorial_0409,0.9970883,0.18377766,0.9948586,1.0,0.9026361
factorial_eval_1200_v2_holdout,factorial_0410,0.9998473,0.9997154,0.10801491,1.0,0.11910275
factorial_eval_1200_v2_holdout,factorial_0411,0.66245604,0.0012851672,0.9898829,1.0,0.057721563
factorial_eval_1200_v2_holdout,factorial_0412,0.41123414,0.0010566451,0.79175997,1.0,0.1403426
factorial_eval_1200_v2_holdout,factorial_0413,0.9966472,0.6981838,0.9842456,1.0,0.6820529
factorial_eval_1200_v2_holdout,factorial_0414,0.9999403,0.99990106,0.11502321,1.0,0.0008618003
factorial_eval_1200_v2_holdout,factorial_0415,0.99989486,0.9999925,0.38770697,1.0,0.23512702
factorial_eval_1200_v2_holdout,factorial_0416,0.99999714,0.99999535,0.9952442,1.0,0.9537304
factorial_eval_1200_v2_holdout,factorial_0417,1.0,1.0,0.0078749,1.0,1.0
factorial_eval_1200_v2_holdout,factorial_0418,0.1827312,8.59888e-08,0.2556213,1.0,0.010778382
factorial_eval_1200_v2_holdout,factorial_0419,0.97387975,1.0513096e-09,0.9976776,1.0,0.92181593
factorial_eval_1200_v2_holdout,factorial_0420,0.0024255863,4.4989038e-06,0.010898004,0.9999939,0.0025364778
factorial_eval_1200_v2_holdout,factorial_0421,0.6313452,0.8201336,0.012244729,1.0,0.9998796
factorial_eval_1200_v2_holdout,factorial_0422,0.98591524,0.76852775,0.7570812,1.0,0.99999774
factorial_eval_1200_v2_holdout,factorial_0423,0.9410348,7.3351595e-07,0.9574865,1.0,0.65860546
factorial_eval_1200_v2_holdout,factorial_0424,0.99999905,0.99999917,0.14717706,1.0,0.48099628
factorial_eval_1200_v2_holdout,factorial_0425,0.05107326,0.03795356,0.015479548,0.584007,1.0
factorial_eval_1200_v2_holdout,factorial_0426,4.0721254e-05,3.6182693e-05,5.637258e-06,0.011298307,1.0
factorial_eval_1200_v2_holdout,factorial_0427,0.9608348,0.88005745,0.6087239,0.99998987,1.0
factorial_eval_1200_v2_holdout,factorial_0428,0.11688852,0.26147532,2.219882e-05,0.98165774,1.0
factorial_eval_1200_v2_holdout,factorial_0429,0.27027357,0.54254764,2.9220694e-06,0.51827925,1.0
factorial_eval_1200_v2_holdout,factorial_0430,0.850349,0.9217743,0.004001053,0.97005695,1.0
factorial_eval_1200_v2_holdout,factorial_0431,0.99977577,0.8826351,0.997675,0.9908131,1.0
factorial_eval_1200_v2_holdout,factorial_0432,0.20236923,0.33347183,7.6597345e-05,0.2708398,1.0
factorial_eval_1200_v2_holdout,factorial_0433,0.5307714,0.7057275,0.00018276855,0.71122026,1.0
factorial_eval_1200_v2_holdout,factorial_0434,0.5345923,0.892699,2.6935295e-05,0.9035577,1.0
factorial_eval_1200_v2_holdout,factorial_0435,0.9962237,0.8946971,0.98132116,0.5514187,1.0
factorial_eval_1200_v2_holdout,factorial_0436,0.956016,0.9929889,0.036759224,0.99504095,1.0
factorial_eval_1200_v2_holdout,factorial_0437,0.892487,0.34018594,0.6528951,0.9572821,1.0
factorial_eval_1200_v2_holdout,factorial_0438,0.23471911,0.8138804,5.6846898e-06,0.0005623155,1.0
factorial_eval_1200_v2_holdout,factorial_0439,0.9858259,0.24534634,0.96622366,0.999393,1.0
factorial_eval_1200_v2_holdout,factorial_0440,0.035235595,0.13428669,3.39173e-07,0.0032746007,1.0
factorial_eval_1200_v2_holdout,factorial_0441,0.9889852,0.054428652,0.99504423,0.8609435,1.0
factorial_eval_1200_v2_holdout,factorial_0442,0.99995404,0.34255067,0.9998054,0.94287,1.0
factorial_eval_1200_v2_holdout,factorial_0443,0.40490824,0.5015909,0.0010434834,0.97441036,1.0
factorial_eval_1200_v2_holdout,factorial_0444,0.07935105,0.25103518,0.00019385738,0.17307137,1.0
factorial_eval_1200_v2_holdout,factorial_0445,0.99999934,0.99986064,0.9987915,0.9999982,1.0
factorial_eval_1200_v2_holdout,factorial_0446,0.87098175,0.98416084,0.0029500956,0.27117702,1.0
factorial_eval_1200_v2_holdout,factorial_0447,0.26623282,0.54596996,0.0029935718,0.9892742,1.0
factorial_eval_1200_v2_holdout,factorial_0448,0.08548256,0.1855364,0.00015271983,0.094815835,1.0
factorial_eval_1200_v2_holdout,factorial_0449,0.98474365,0.06113475,0.96701485,0.987583,1.0
factorial_eval_1200_v2_holdout,factorial_0450,0.68851745,0.23535316,0.17190322,0.9999999,0.0012201547
factorial_eval_1200_v2_holdout,factorial_0451,1.0,1.0,0.99668425,1.0,0.6908704
factorial_eval_1200_v2_holdout,factorial_0452,0.99999964,0.9999993,0.66874164,1.0,0.97546834
factorial_eval_1200_v2_holdout,factorial_0453,0.99999213,0.9999964,0.019173007,1.0,0.9792571
factorial_eval_1200_v2_holdout,factorial_0454,0.9999999,0.99999976,0.74388105,1.0,7.677548e-05
factorial_eval_1200_v2_holdout,factorial_0455,0.53171515,0.11960044,0.3387776,0.99999964,0.15612052
factorial_eval_1200_v2_holdout,factorial_0456,0.9999998,0.9999993,0.741557,1.0,0.002309017
factorial_eval_1200_v2_holdout,factorial_0457,0.99949855,0.9985802,0.9968263,1.0,0.0323399
factorial_eval_1200_v2_holdout,factorial_0458,0.9999995,0.9999758,0.9999572,1.0,0.5931123
factorial_eval_1200_v2_holdout,factorial_0459,0.9999999,0.9999999,0.3726228,1.0,0.95875955
factorial_eval_1200_v2_holdout,factorial_0460,0.99999744,0.9999951,0.9208717,1.0,0.07027248
factorial_eval_1200_v2_holdout,factorial_0461,0.9996679,0.18401712,0.99940073,1.0,0.007414811
factorial_eval_1200_v2_holdout,factorial_0462,0.998269,0.99531037,0.016121939,0.99999976,0.07976477
factorial_eval_1200_v2_holdout,factorial_0463,0.99996686,0.99931836,0.99706763,1.0,0.020956364
factorial_eval_1200_v2_holdout,factorial_0464,0.9999999,0.99999666,0.99988115,1.0,0.32960707
factorial_eval_1200_v2_holdout,factorial_0465,0.9999999,0.9999999,0.9986753,1.0,0.8334059
factorial_eval_1200_v2_holdout,factorial_0466,0.9961856,0.97370493,0.9613518,1.0,0.0004977956
factorial_eval_1200_v2_holdout,factorial_0467,0.99990416,0.99979335,0.96972936,1.0,0.28664526
factorial_eval_1200_v2_holdout,factorial_0468,0.062447745,1.9671856e-05,0.3039108,0.99995863,2.2203561e-05
factorial_eval_1200_v2_holdout,factorial_0469,0.99999934,0.9999918,0.9997147,1.0,0.40488347
factorial_eval_1200_v2_holdout,factorial_0470,1.0,1.0,0.99985766,1.0,0.16226615
factorial_eval_1200_v2_holdout,factorial_0471,0.99997896,0.9999782,0.6989536,1.0,0.18551904
factorial_eval_1200_v2_holdout,factorial_0472,0.9999995,0.9999999,0.9712833,1.0,0.6966411
factorial_eval_1200_v2_holdout,factorial_0473,1.0,1.0,0.99993837,1.0,0.08771747
factorial_eval_1200_v2_holdout,factorial_0474,0.9997998,0.9996345,0.06960367,0.9999999,0.004085289
factorial_eval_1200_v2_holdout,factorial_0475,1.0,0.9756454,1.0,0.9997439,1.0
factorial_eval_1200_v2_holdout,factorial_0476,1.0,0.96039736,1.0,0.9970675,1.0
factorial_eval_1200_v2_holdout,factorial_0477,0.99998635,0.6563105,0.9998617,0.99996793,1.0
factorial_eval_1200_v2_holdout,factorial_0478,0.99999917,0.55811596,0.9999925,0.99913764,1.0
factorial_eval_1200_v2_holdout,factorial_0479,0.9999994,0.9087529,0.99997604,0.9907617,1.0
factorial_eval_1200_v2_holdout,factorial_0480,0.99995583,0.05232799,0.9998203,0.999814,0.99999976
factorial_eval_1200_v2_holdout,factorial_0481,0.99999994,0.21238169,0.99999964,0.99960726,1.0
factorial_eval_1200_v2_holdout,factorial_0482,1.0,0.11952924,0.99999976,0.9999312,1.0
factorial_eval_1200_v2_holdout,factorial_0483,0.99999404,0.91629195,0.9998492,0.99245924,1.0
factorial_eval_1200_v2_holdout,factorial_0484,1.0,0.92800313,0.9999999,0.65562904,1.0
factorial_eval_1200_v2_holdout,factorial_0485,1.0,0.8555985,1.0,0.84767187,1.0
factorial_eval_1200_v2_holdout,factorial_0486,0.40927798,0.07078069,0.7669087,0.6198207,1.0
factorial_eval_1200_v2_holdout,factorial_0487,1.0,0.01883054,1.0,0.98770183,1.0
factorial_eval_1200_v2_holdout,factorial_0488,0.99999905,0.6582651,0.9999925,0.9946241,1.0
factorial_eval_1200_v2_holdout,factorial_0489,1.0,0.99955267,0.9999999,0.99977666,1.0
factorial_eval_1200_v2_holdout,factorial_0490,1.0,0.9946688,1.0,0.98839116,1.0
factorial_eval_1200_v2_holdout,factorial_0491,0.99999905,0.98051125,0.99996865,0.96636516,1.0
factorial_eval_1200_v2_holdout,factorial_0492,0.04316746,0.16882887,2.9733888e-08,0.00070224935,1.0
factorial_eval_1200_v2_holdout,factorial_0493,0.26187,0.29083472,9.284363e-06,0.9991738,1.0
factorial_eval_1200_v2_holdout,factorial_0494,1.0,0.7313084,0.9999995,0.98936486,1.0
factorial_eval_1200_v2_holdout,factorial_0495,0.99999917,0.049776863,0.99999547,0.99992955,1.0
factorial_eval_1200_v2_holdout,factorial_0496,0.9999999,0.49114677,0.9999989,0.99968517,1.0
factorial_eval_1200_v2_holdout,factorial_0497,1.0,0.9854434,0.9999981,0.9917122,1.0
factorial_eval_1200_v2_holdout,factorial_0498,0.0065018544,0.0068719606,0.01427162,0.62077343,1.0
factorial_eval_1200_v2_holdout,factorial_0499,0.9999854,0.77951545,0.99979454,0.98757553,1.0
factorial_eval_1200_v2_holdout,factorial_0500,0.020942038,0.014693579,0.007047566,0.9999993,1.0
factorial_eval_1200_v2_holdout,factorial_0501,0.010268694,0.0034798987,0.0014290899,0.99999976,1.0
factorial_eval_1200_v2_holdout,factorial_0502,0.084291086,0.021587936,0.039306942,1.0,1.0
factorial_eval_1200_v2_holdout,factorial_0503,0.9999839,0.9999956,0.000118719356,1.0,1.0
factorial_eval_1200_v2_holdout,factorial_0504,0.00048761602,3.4559034e-06,0.0014396015,0.99399805,0.9999999
factorial_eval_1200_v2_holdout,factorial_0505,0.31739628,0.26912972,0.0019300267,0.9993061,1.0
factorial_eval_1200_v2_holdout,factorial_0506,0.024014346,0.0073502823,1.8936666e-05,1.0,1.0
factorial_eval_1200_v2_holdout,factorial_0507,0.98652714,0.048612904,0.9311539,0.9999999,1.0
factorial_eval_1200_v2_holdout,factorial_0508,0.99992704,0.9999157,1.468042e-06,0.99999964,1.0
factorial_eval_1200_v2_holdout,factorial_0509,0.016803311,0.016621424,4.1175237e-05,0.9999995,1.0
factorial_eval_1200_v2_holdout,factorial_0510,0.9948677,0.99907565,1.0521637e-06,0.99922323,1.0
factorial_eval_1200_v2_holdout,factorial_0511,0.003925856,0.00029978034,0.000162539,1.0,1.0
factorial_eval_1200_v2_holdout,factorial_0512,0.6433768,0.876095,1.10461e-09,0.9999968,1.0
factorial_eval_1200_v2_holdout,factorial_0513,0.90354174,0.98986125,0.0021549894,0.9998857,1.0
factorial_eval_1200_v2_holdout,factorial_0514,0.9968129,0.99992394,0.0024389846,1.0,1.0
factorial_eval_1200_v2_holdout,factorial_0515,0.00046899007,2.5429042e-06,0.0001669838,1.0,1.0
factorial_eval_1200_v2_holdout,factorial_0516,0.011459392,0.026539337,0.0011992365,0.99987006,1.0
factorial_eval_1200_v2_holdout,factorial_0517,0.016534507,0.01310115,2.8956027e-05,0.99945456,1.0
factorial_eval_1200_v2_holdout,factorial_0518,0.73247606,0.86400336,5.5945232e-08,0.99992776,1.0
factorial_eval_1200_v2_holdout,factorial_0519,0.92294663,0.9927914,2.0034951e-05,1.0,1.0
factorial_eval_1200_v2_holdout,factorial_0520,0.9988708,0.9996176,0.75769377,0.9999999,1.0
factorial_eval_1200_v2_holdout,factorial_0521,0.99048615,0.998151,0.0049486854,0.9905137,1.0
factorial_eval_1200_v2_holdout,factorial_0522,0.0027773378,0.0006110324,0.00027609867,0.99999714,0.9999999
factorial_eval_1200_v2_holdout,factorial_0523,0.0007030454,0.00026496037,9.024068e-06,1.0,1.0
factorial_eval_1200_v2_holdout,factorial_0524,0.8146768,0.94635946,0.00021389162,1.0,1.0
factorial_eval_1200_v2_holdout,factorial_0525,0.9997463,0.99961555,0.63659877,1.0,1.0
factorial_eval_1200_v2_holdout,factorial_0526,0.99981135,0.999977,0.85181373,1.0,1.0
factorial_eval_1200_v2_holdout,factorial_0527,1.0,0.00039676842,1.0,1.0,1.0
factorial_eval_1200_v2_holdout,factorial_0528,0.0025155642,0.0002996215,7.047658e-05,0.999995,1.0
factorial_eval_1200_v2_holdout,factorial_0529,0.9999999,0.9999962,0.99973327,1.0,1.0
factorial_eval_1200_v2_holdout,factorial_0530,0.9835208,4.3827014e-05,0.9417737,1.0,1.0
factorial_eval_1200_v2_holdout,factorial_0531,0.9993526,0.9997582,0.93871164,1.0,1.0
factorial_eval_1200_v2_holdout,factorial_0532,0.2550175,8.345801e-09,0.41847536,1.0,1.0
factorial_eval_1200_v2_holdout,factorial_0533,0.99983466,0.44241264,0.9990792,0.9991922,1.0
factorial_eval_1200_v2_holdout,factorial_0534,0.8560611,0.9750426,7.7606535e-05,0.9999999,0.9999999
factorial_eval_1200_v2_holdout,factorial_0535,0.9988723,0.87376046,0.9870292,0.999734,1.0
factorial_eval_1200_v2_holdout,factorial_0536,0.9999949,1.8612867e-05,0.99997663,0.9999988,1.0
factorial_eval_1200_v2_holdout,factorial_0537,0.9941787,0.9991572,1.5306301e-05,1.0,1.0
factorial_eval_1200_v2_holdout,factorial_0538,0.9999999,0.98837614,0.9999995,0.99999833,1.0
factorial_eval_1200_v2_holdout,factorial_0539,0.99997616,0.99984896,0.9996388,1.0,1.0
factorial_eval_1200_v2_holdout,factorial_0540,0.5286142,1.682198e-08,0.9302645,1.0,1.0
factorial_eval_1200_v2_holdout,factorial_0541,0.9277301,0.9873892,0.0017437107,0.9999995,1.0
factorial_eval_1200_v2_holdout,factorial_0542,0.9938892,0.9993616,4.487464e-05,0.99999917,1.0
factorial_eval_1200_v2_holdout,factorial_0543,0.999999,4.6399957e-05,0.99999475,1.0,1.0
factorial_eval_1200_v2_holdout,factorial_0544,0.93873185,0.9692221,2.3518717e-06,1.0,1.0
factorial_eval_1200_v2_holdout,factorial_0545,0.9999994,0.9985815,0.99995077,0.99999356,1.0
factorial_eval_1200_v2_holdout,factorial_0546,0.9999999,0.9999976,0.9999554,1.0,1.0
factorial_eval_1200_v2_holdout,factorial_0547,1.0,0.9735996,1.0,0.99988234,1.0
factorial_eval_1200_v2_holdout,factorial_0548,0.99992895,0.9999143,0.9786345,1.0,1.0
factorial_eval_1200_v2_holdout,factorial_0549,0.99999934,0.9950465,0.9999764,1.0,1.0
factorial_eval_1200_v2_holdout,factorial_0550,0.9988775,0.99974746,0.00094669807,1.0,1.0
factorial_eval_1200_v2_holdout,factorial_0551,0.99991506,0.00022866383,0.99963415,0.9999999,1.0
factorial_eval_1200_v2_holdout,factorial_0552,0.80934757,0.9173601,1.3300177e-08,0.99997306,1.0
factorial_eval_1200_v2_holdout,factorial_0553,0.9993427,0.9999484,0.009902144,1.0,1.0
factorial_eval_1200_v2_holdout,factorial_0554,0.20330961,0.17855333,0.0021865238,0.9999993,1.0
factorial_eval_1200_v2_holdout,factorial_0555,0.9999999,1.0,1.0044835e-05,1.0,1.0
factorial_eval_1200_v2_holdout,factorial_0556,0.5221306,0.44187734,0.015217393,0.9999999,1.0
factorial_eval_1200_v2_holdout,factorial_0557,0.99994236,0.9999913,0.0007412791,0.99999976,1.0
factorial_eval_1200_v2_holdout,factorial_0558,0.9999997,0.9999999,1.4329698e-05,0.9999999,0.9999999
factorial_eval_1200_v2_holdout,factorial_0559,0.88230205,0.9495298,1.9509487e-05,0.99999774,1.0
factorial_eval_1200_v2_holdout,factorial_0560,0.999428,0.99462885,0.90194595,1.0,1.0
factorial_eval_1200_v2_holdout,factorial_0561,0.21463025,0.37164575,1.7665273e-07,0.74453145,1.0
factorial_eval_1200_v2_holdout,factorial_0562,0.9996384,0.9994259,0.99734676,0.9758178,1.0
factorial_eval_1200_v2_holdout,factorial_0563,0.9873225,0.99815375,9.5646365e-06,1.0,1.0
factorial_eval_1200_v2_holdout,factorial_0564,0.48500475,0.6316733,2.496587e-07,0.9500458,1.0
factorial_eval_1200_v2_holdout,factorial_0565,0.5519159,0.92107636,0.0008857002,1.0,1.0
factorial_eval_1200_v2_holdout,factorial_0566,0.99999964,1.0,1.1642864e-05,0.99999964,1.0
factorial_eval_1200_v2_holdout,factorial_0567,0.43303218,0.034115538,0.21250734,0.99872106,1.0
factorial_eval_1200_v2_holdout,factorial_0568,0.055034645,0.116965674,0.011414496,1.0,1.0
factorial_eval_1200_v2_holdout,factorial_0569,0.9961911,0.99987507,0.17346592,1.0,1.0
factorial_eval_1200_v2_holdout,factorial_0570,0.9934901,0.99974185,0.00016454436,1.0,0.9999995
factorial_eval_1200_v2_holdout,factorial_0571,0.29910266,0.52835435,8.181635e-08,0.9999981,1.0
factorial_eval_1200_v2_holdout,factorial_0572,0.9038829,0.98337007,0.1629098,1.0,1.0
factorial_eval_1200_v2_holdout,factorial_0573,0.9997624,0.9998454,4.988888e-05,0.9999933,1.0
factorial_eval_1200_v2_holdout,factorial_0574,0.7758003,0.51300037,0.50826705,0.3993288,1.0
factorial_eval_1200_v2_holdout,factorial_0575,0.9996412,3.575534e-05,0.9991345,1.0,1.0
factorial_eval_1200_v2_holdout,factorial_0576,0.9949248,0.25330815,0.9774679,1.0,0.9999993
factorial_eval_1200_v2_holdout,factorial_0577,1.0,0.9607543,1.0,0.99999905,1.0
factorial_eval_1200_v2_holdout,factorial_0578,1.0,8.658836e-05,0.9999999,1.0,1.0
factorial_eval_1200_v2_holdout,factorial_0579,0.9953157,0.86180055,0.940678,1.0,1.0
factorial_eval_1200_v2_holdout,factorial_0580,1.0,0.99999547,0.99999833,0.99999964,1.0
factorial_eval_1200_v2_holdout,factorial_0581,0.6673034,0.00980017,0.77062964,1.0,1.0
factorial_eval_1200_v2_holdout,factorial_0582,0.8930162,0.9932111,0.08178086,0.99999523,1.0
factorial_eval_1200_v2_holdout,factorial_0583,0.9954634,0.99636745,0.86471367,0.99993885,1.0
factorial_eval_1200_v2_holdout,factorial_0584,1.0,0.00050868955,1.0,1.0,1.0
factorial_eval_1200_v2_holdout,factorial_0585,0.9860461,0.9738623,0.46654293,0.70456564,1.0
factorial_eval_1200_v2_holdout,factorial_0586,0.9999768,0.99997926,0.9985061,1.0,0.9999994
factorial_eval_1200_v2_holdout,factorial_0587,0.9999999,0.66654736,0.9999994,0.9999999,0.99998236
factorial_eval_1200_v2_holdout,factorial_0588,0.9999972,0.0027576343,0.99998593,0.9999994,1.0
factorial_eval_1200_v2_holdout,factorial_0589,1.0,0.9992501,0.9999982,0.99999976,1.0
factorial_eval_1200_v2_holdout,factorial_0590,0.99999714,0.9999461,0.99974793,0.9999975,1.0
factorial_eval_1200_v2_holdout,factorial_0591,1.0,0.97224087,0.99999964,0.9999987,1.0
factorial_eval_1200_v2_holdout,factorial_0592,1.0,0.983023,1.0,0.9999845,1.0
factorial_eval_1200_v2_holdout,factorial_0593,1.0,0.9990319,0.9999999,1.0,1.0
factorial_eval_1200_v2_holdout,factorial_0594,0.9709492,0.9883161,5.3367312e-05,1.0,1.0
factorial_eval_1200_v2_holdout,factorial_0595,1.0,0.99997485,0.9999989,1.0,1.0
factorial_eval_1200_v2_holdout,factorial_0596,0.9999998,0.99920756,0.9999286,0.9999999,1.0
factorial_eval_1200_v2_holdout,factorial_0597,0.9999981,0.99775463,0.9999747,1.0,1.0
factorial_eval_1200_v2_holdout,factorial_0598,1.0,0.99999964,0.9999969,1.0,1.0
factorial_eval_1200_v2_holdout,factorial_0599,0.9865397,0.99624723,0.63876724,0.99999607,1.0
factorial_eval_1200_v2_holdout,factorial_0600,0.99998504,0.9999852,8.56802e-06,1.0,1.0
factorial_eval_1200_v2_holdout,factorial_0601,0.9998803,0.9999919,0.00037459523,1.0,1.0
factorial_eval_1200_v2_holdout,factorial_0602,0.02622866,0.0021559966,0.0003343178,1.0,1.0
factorial_eval_1200_v2_holdout,factorial_0603,0.39236107,0.0017252415,0.43306315,0.9999988,1.0
factorial_eval_1200_v2_holdout,factorial_0604,0.99629396,0.9997693,0.29057026,1.0,1.0
factorial_eval_1200_v2_holdout,factorial_0605,0.9999578,0.5334527,0.9995764,1.0,1.0
factorial_eval_1200_v2_holdout,factorial_0606,0.9939502,0.9997733,0.0003085201,1.0,1.0
factorial_eval_1200_v2_holdout,factorial_0607,0.41017306,0.4534358,2.4290634e-09,0.99999917,1.0
factorial_eval_1200_v2_holdout,factorial_0608,0.9709148,0.9968111,0.0006638194,0.9999976,1.0
factorial_eval_1200_v2_holdout,factorial_0609,0.95688164,0.9971475,0.038314555,1.0,1.0
factorial_eval_1200_v2_holdout,factorial_0610,0.9974044,0.22301897,0.9950873,0.9999949,1.0
factorial_eval_1200_v2_holdout,factorial_0611,0.99993384,0.9999901,1.7588933e-05,1.0,1.0
factorial_eval_1200_v2_holdout,factorial_0612,0.085538626,0.19338946,2.346909e-06,0.99999905,1.0
factorial_eval_1200_v2_holdout,factorial_0613,0.9942942,2.0874207e-08,0.99602246,1.0,1.0
factorial_eval_1200_v2_holdout,factorial_0614,0.9892271,0.9994967,0.004551879,1.0,1.0
factorial_eval_1200_v2_holdout,factorial_0615,0.4330657,0.54550964,0.00045303605,0.99954563,1.0
factorial_eval_1200_v2_holdout,factorial_0616,0.95155716,0.9534806,0.0023428225,1.0,1.0
factorial_eval_1200_v2_holdout,factorial_0617,0.99999726,1.0631423e-05,0.9999862,1.0,1.0
factorial_eval_1200_v2_holdout,factorial_0618,0.016682193,0.0013319554,2.197999e-05,1.0,1.0
factorial_eval_1200_v2_holdout,factorial_0619,0.00034290526,4.1852846e-07,9.871625e-07,1.0,1.0
factorial_eval_1200_v2_holdout,factorial_0620,0.9729675,0.9979108,0.0037662995,1.0,1.0
factorial_eval_1200_v2_holdout,factorial_0621,0.29737052,0.53746086,4.7947465e-06,1.0,1.0
factorial_eval_1200_v2_holdout,factorial_0622,0.9989357,0.9981219,0.9469783,0.9999999,1.0
factorial_eval_1200_v2_holdout,factorial_0623,0.6201016,0.00047578762,0.33027443,0.9999932,1.0
factorial_eval_1200_v2_holdout,factorial_0624,0.012042434,0.005154483,1.7439124e-08,0.99999785,1.0
factorial_eval_1200_v2_holdout,factorial_0625,1.0,0.999871,0.9999937,0.99999404,1.0
factorial_eval_1200_v2_holdout,factorial_0626,0.9978944,0.99946076,0.4632571,1.0,1.0
factorial_eval_1200_v2_holdout,factorial_0627,0.99999034,0.9998049,0.9992066,1.0,1.0
factorial_eval_1200_v2_holdout,factorial_0628,0.99999934,0.050683945,0.9999975,1.0,1.0
factorial_eval_1200_v2_holdout,factorial_0629,1.0,0.9967872,0.99999857,0.999998,1.0
factorial_eval_1200_v2_holdout,factorial_0630,0.0021327534,0.000107763204,0.004043737,0.9856753,1.0
factorial_eval_1200_v2_holdout,factorial_0631,1.0,0.99999845,1.0,1.0,1.0
factorial_eval_1200_v2_holdout,factorial_0632,0.9578899,0.99894017,0.015770286,1.0,1.0
factorial_eval_1200_v2_holdout,factorial_0633,0.9998095,0.99710435,0.9961041,1.0,1.0
factorial_eval_1200_v2_holdout,factorial_0634,0.9999999,1.6225289e-07,1.0,1.0,1.0
factorial_eval_1200_v2_holdout,factorial_0635,0.99515104,0.0006857285,0.9810033,0.9999999,1.0
factorial_eval_1200_v2_holdout,factorial_0636,0.69349486,0.8636389,0.0009237539,1.0,1.0
factorial_eval_1200_v2_holdout,factorial_0637,1.0,0.9987074,1.0,0.99999976,1.0
factorial_eval_1200_v2_holdout,factorial_0638,0.99999875,0.0042939615,0.99999607,1.0,1.0
factorial_eval_1200_v2_holdout,factorial_0639,0.99997604,0.99496233,0.99718493,1.0,1.0
factorial_eval_1200_v2_holdout,factorial_0640,0.9999839,0.638436,0.99998116,1.0,1.0
factorial_eval_1200_v2_holdout,factorial_0641,0.9999994,6.234713e-05,0.999997,0.99990964,1.0
factorial_eval_1200_v2_holdout,factorial_0642,0.9999985,8.413434e-07,0.9999925,1.0,1.0
factorial_eval_1200_v2_holdout,factorial_0643,0.9999974,0.5184515,0.99997616,1.0,0.99999976
factorial_eval_1200_v2_holdout,factorial_0644,1.0,0.999998,0.9999995,0.9999999,1.0
factorial_eval_1200_v2_holdout,factorial_0645,0.9998654,0.9994605,0.98852366,0.9999999,1.0
factorial_eval_1200_v2_holdout,factorial_0646,0.999949,2.1165743e-05,0.9998419,1.0,1.0
factorial_eval_1200_v2_holdout,factorial_0647,1.0,0.99992144,0.99995375,1.0,1.0
factorial_eval_1200_v2_holdout,factorial_0648,0.9992742,0.9998604,0.010741261,1.0,1.0
factorial_eval_1200_v2_holdout,factorial_0649,0.99999946,0.0020837947,0.99999774,0.99999976,1.0
factorial_eval_1200_v2_holdout,factorial_0650,0.99999744,0.9999995,0.013730118,1.0,1.0
factorial_eval_1200_v2_holdout,factorial_0651,0.9999886,0.999997,4.472204e-05,1.0,1.0
factorial_eval_1200_v2_holdout,factorial_0652,0.99992913,0.99977595,0.997015,0.99999404,1.0
factorial_eval_1200_v2_holdout,factorial_0653,0.9999976,0.9999994,3.1908516e-05,1.0,1.0
factorial_eval_1200_v2_holdout,factorial_0654,0.13133197,0.29403308,1.329901e-08,1.0,1.0
factorial_eval_1200_v2_holdout,factorial_0655,0.9999987,0.99999905,2.7377366e-06,1.0,1.0
factorial_eval_1200_v2_holdout,factorial_0656,0.9999999,0.99999976,0.0014416415,0.99999964,1.0
factorial_eval_1200_v2_holdout,factorial_0657,0.999991,0.99999917,0.037322924,1.0,1.0
factorial_eval_1200_v2_holdout,factorial_0658,0.9999751,0.99999046,5.0042104e-06,0.9999999,1.0
factorial_eval_1200_v2_holdout,factorial_0659,0.9999976,0.9970481,0.99993277,0.99999964,1.0
factorial_eval_1200_v2_holdout,factorial_0660,0.99675983,0.99815875,0.13832116,1.0,1.0
factorial_eval_1200_v2_holdout,factorial_0661,0.9999765,0.9999975,0.66863024,1.0,1.0
factorial_eval_1200_v2_holdout,factorial_0662,0.9999999,1.0,1.2406275e-07,1.0,1.0
factorial_eval_1200_v2_holdout,factorial_0663,0.66355276,0.7878444,1.05808995e-05,0.9999999,1.0
factorial_eval_1200_v2_holdout,factorial_0664,0.9998828,0.9998852,0.2921611,0.9999999,1.0
factorial_eval_1200_v2_holdout,factorial_0665,0.00073985884,0.00012268651,9.715744e-07,1.0,1.0
factorial_eval_1200_v2_holdout,factorial_0666,0.99999976,0.99999976,1.6050733e-06,1.0,1.0
factorial_eval_1200_v2_holdout,factorial_0667,0.89954674,0.9435638,1.9307756e-05,0.9999995,1.0
factorial_eval_1200_v2_holdout,factorial_0668,0.9999549,0.99997306,4.3582168e-07,1.0,1.0
factorial_eval_1200_v2_holdout,factorial_0669,0.9999882,0.9998857,0.9881272,1.0,1.0
factorial_eval_1200_v2_holdout,factorial_0670,0.03093905,0.028664071,1.9606966e-07,0.9999995,1.0
factorial_eval_1200_v2_holdout,factorial_0671,0.9999999,0.9999832,0.9995414,1.0,1.0
factorial_eval_1200_v2_holdout,factorial_0672,0.99991155,0.9999893,0.00010398105,1.0,1.0
factorial_eval_1200_v2_holdout,factorial_0673,0.99995154,0.99999213,0.12398138,1.0,1.0
factorial_eval_1200_v2_holdout,factorial_0674,0.998676,0.9582532,0.9578885,0.9999995,1.0
factorial_eval_1200_v2_holdout,factorial_0675,1.0,0.9514451,0.9999962,1.0,1.0
factorial_eval_1200_v2_holdout,factorial_0676,1.0,0.9999999,0.9999999,0.999997,1.0
factorial_eval_1200_v2_holdout,factorial_0677,1.0,0.8388604,0.9999999,1.0,1.0
factorial_eval_1200_v2_holdout,factorial_0678,0.9945389,0.9998747,0.0010768396,1.0,1.0
factorial_eval_1200_v2_holdout,factorial_0679,1.0,0.99938166,1.0,1.0,1.0
factorial_eval_1200_v2_holdout,factorial_0680,1.0,0.9999964,0.9998306,1.0,1.0
factorial_eval_1200_v2_holdout,factorial_0681,0.9999995,0.9999505,0.99985385,1.0,1.0
factorial_eval_1200_v2_holdout,factorial_0682,1.0,0.99999976,0.99994326,1.0,1.0
factorial_eval_1200_v2_holdout,factorial_0683,1.0,0.99963427,1.0,1.0,1.0
factorial_eval_1200_v2_holdout,factorial_0684,0.9995359,0.9999747,0.0003940362,1.0,1.0
factorial_eval_1200_v2_holdout,factorial_0685,0.9999635,0.9999052,0.84345055,1.0,1.0
factorial_eval_1200_v2_holdout,factorial_0686,0.99999964,0.99991906,0.99992573,1.0,1.0
factorial_eval_1200_v2_holdout,factorial_0687,1.0,0.9999974,0.99975556,1.0,1.0
factorial_eval_1200_v2_holdout,factorial_0688,0.9756053,0.99552983,0.0031546,1.0,1.0
factorial_eval_1200_v2_holdout,factorial_0689,0.9999998,0.9963678,0.999925,1.0,1.0
factorial_eval_1200_v2_holdout,factorial_0690,0.9999998,0.9999999,0.0044224975,1.0,1.0
factorial_eval_1200_v2_holdout,factorial_0691,1.0,0.9999771,0.9999505,0.99999976,1.0
factorial_eval_1200_v2_holdout,factorial_0692,1.0,0.9999995,0.9999993,1.0,1.0
factorial_eval_1200_v2_holdout,factorial_0693,0.11709078,0.18005331,0.0003795408,1.0,1.0
factorial_eval_1200_v2_holdout,factorial_0694,1.0,0.99999404,0.99999976,1.0,1.0
factorial_eval_1200_v2_holdout,factorial_0695,0.9999997,0.8705791,0.9999939,1.0,1.0
factorial_eval_1200_v2_holdout,factorial_0696,0.99868166,0.9988625,4.4504022e-06,0.99999964,1.0
factorial_eval_1200_v2_holdout,factorial_0697,0.9996952,0.9999379,0.07518049,1.0,1.0
factorial_eval_1200_v2_holdout,factorial_0698,0.9997822,0.99997747,0.553253,1.0,1.0
factorial_eval_1200_v2_holdout,factorial_0699,0.9999115,0.99921143,0.8911289,1.0,1.0
factorial_eval_1200_v2_holdout,factorial_0700,0.020205881,0.027639685,0.00076430844,1.0,1.0
factorial_eval_1200_v2_holdout,factorial_0701,0.03022315,0.0061423844,0.00019377533,1.0,1.0
factorial_eval_1200_v2_holdout,factorial_0702,0.0017805675,3.9125916e-05,7.76277e-05,0.99999964,1.0
factorial_eval_1200_v2_holdout,factorial_0703,0.90335256,0.9161174,0.026807223,0.99999976,1.0
factorial_eval_1200_v2_holdout,factorial_0704,0.98644555,0.9963952,0.000100379766,1.0,1.0
factorial_eval_1200_v2_holdout,factorial_0705,0.9995959,0.036367908,0.9982241,0.9999999,1.0
factorial_eval_1200_v2_holdout,factorial_0706,0.99675953,1.8748296e-05,0.9965132,1.0,1.0
factorial_eval_1200_v2_holdout,factorial_0707,0.010769201,2.9659807e-07,0.0045744525,1.0,1.0
factorial_eval_1200_v2_holdout,factorial_0708,1.0,0.9800898,0.9999982,1.0,1.0
factorial_eval_1200_v2_holdout,factorial_0709,0.9994483,0.9994128,0.4365236,1.0,1.0
factorial_eval_1200_v2_holdout,factorial_0710,0.99957,0.9997379,0.4083495,1.0,1.0
factorial_eval_1200_v2_holdout,factorial_0711,0.99918675,0.99835795,0.6388293,0.9999995,1.0
factorial_eval_1200_v2_holdout,factorial_0712,0.5911401,0.014212213,0.28027692,1.0,1.0
factorial_eval_1200_v2_holdout,factorial_0713,0.43971857,0.028748043,0.46940872,1.0,1.0
factorial_eval_1200_v2_holdout,factorial_0714,0.00015787642,5.554078e-08,1.0470243e-05,1.0,1.0
factorial_eval_1200_v2_holdout,factorial_0715,0.9999877,0.99996436,0.99342865,1.0,1.0
factorial_eval_1200_v2_holdout,factorial_0716,0.07259681,6.568528e-06,0.04693987,1.0,1.0
factorial_eval_1200_v2_holdout,factorial_0717,0.99997157,0.11430971,0.99984825,1.0,1.0
factorial_eval_1200_v2_holdout,factorial_0718,0.17896977,3.9662858e-08,0.082144246,1.0,1.0
factorial_eval_1200_v2_holdout,factorial_0719,0.893181,0.0011123017,0.81750584,0.99999845,1.0
factorial_eval_1200_v2_holdout,factorial_0720,0.12652767,1.3208317e-05,0.044373594,0.99999964,1.0
factorial_eval_1200_v2_holdout,factorial_0721,0.5955068,0.35252804,0.16179644,1.0,1.0
factorial_eval_1200_v2_holdout,factorial_0722,0.9568612,0.9800284,0.00982183,1.0,1.0
factorial_eval_1200_v2_holdout,factorial_0723,0.94276065,0.9039283,0.0013698875,0.9999999,1.0
factorial_eval_1200_v2_holdout,factorial_0724,0.9996866,1.0547381e-05,0.9992161,1.0,1.0
factorial_eval_1200_v2_holdout,factorial_0725,0.9999994,0.00020478673,0.9999976,1.0,1.0
factorial_eval_1200_v2_holdout,factorial_0726,0.7926051,0.89450264,1.2380547e-05,1.0,1.0
factorial_eval_1200_v2_holdout,factorial_0727,1.0,0.004518855,1.0,1.0,1.0
factorial_eval_1200_v2_holdout,factorial_0728,0.95286477,2.210058e-06,0.8213291,1.0,1.0
factorial_eval_1200_v2_holdout,factorial_0729,1.0,0.9998029,0.99996305,1.0,1.0
factorial_eval_1200_v2_holdout,factorial_0730,0.99838334,0.00013808411,0.9960557,0.9999999,1.0
factorial_eval_1200_v2_holdout,factorial_0731,0.99999386,0.00034877745,0.999982,1.0,1.0
factorial_eval_1200_v2_holdout,factorial_0732,0.14270264,0.03564059,0.004219531,0.9999974,0.99999666
factorial_eval_1200_v2_holdout,factorial_0733,0.9999999,0.9955552,0.9999976,1.0,1.0
factorial_eval_1200_v2_holdout,factorial_0734,0.8722729,0.8667275,0.0019897171,1.0,1.0
factorial_eval_1200_v2_holdout,factorial_0735,1.0,0.008511593,0.9999999,1.0,1.0
factorial_eval_1200_v2_holdout,factorial_0736,0.9999989,1.34224965e-05,0.9999974,1.0,1.0
factorial_eval_1200_v2_holdout,factorial_0737,0.999803,0.025076915,0.9990151,0.99999964,1.0
factorial_eval_1200_v2_holdout,factorial_0738,0.9999299,0.0012159379,0.9996704,0.9999988,1.0
factorial_eval_1200_v2_holdout,factorial_0739,0.9999992,0.89768934,0.99999034,1.0,1.0
factorial_eval_1200_v2_holdout,factorial_0740,0.9999999,0.98107177,0.99999905,1.0,1.0
factorial_eval_1200_v2_holdout,factorial_0741,0.9999842,0.0009530145,0.9999263,1.0,1.0
factorial_eval_1200_v2_holdout,factorial_0742,0.99896014,2.6799396e-05,0.99599886,0.99999976,1.0
factorial_eval_1200_v2_holdout,factorial_0743,1.0,5.3049524e-05,0.9999999,0.99999976,1.0
factorial_eval_1200_v2_holdout,factorial_0744,0.99973047,0.06522583,0.99856997,1.0,1.0
factorial_eval_1200_v2_holdout,factorial_0745,0.99999785,0.005486328,0.99999,0.9999999,1.0
factorial_eval_1200_v2_holdout,factorial_0746,0.9999999,0.99992573,0.9999478,1.0,1.0
factorial_eval_1200_v2_holdout,factorial_0747,0.99999624,0.045876417,0.99998426,1.0,1.0
factorial_eval_1200_v2_holdout,factorial_0748,1.0,0.8916403,0.9999999,1.0,1.0
factorial_eval_1200_v2_holdout,factorial_0749,1.0,0.92012364,1.0,0.99999976,1.0
factorial_eval_1200_v2_holdout,factorial_0750,0.988631,0.99934167,0.0184705,0.99998224,1.0
factorial_eval_1200_v2_holdout,factorial_0751,0.9999993,0.99999976,0.12129331,1.0,1.0
factorial_eval_1200_v2_holdout,factorial_0752,1.0,1.0,0.9999089,1.0,1.0
factorial_eval_1200_v2_holdout,factorial_0753,0.9999628,0.9999895,3.630564e-05,1.0,1.0
factorial_eval_1200_v2_holdout,factorial_0754,0.47172284,0.5075776,0.0033859015,1.0,1.0
factorial_eval_1200_v2_holdout,factorial_0755,1.0,0.99999964,0.99999726,1.0,1.0
factorial_eval_1200_v2_holdout,factorial_0756,0.9986981,0.9996482,1.3253448e-07,0.9999975,1.0
factorial_eval_1200_v2_holdout,factorial_0757,0.99999845,0.99999976,0.06713744,1.0,1.0
factorial_eval_1200_v2_holdout,factorial_0758,0.99999917,0.99999976,0.39022323,1.0,1.0
factorial_eval_1200_v2_holdout,factorial_0759,0.9554511,0.9007433,0.14543025,1.0,1.0
factorial_eval_1200_v2_holdout,factorial_0760,0.99646264,0.99800104,0.00019369775,0.9999993,1.0
factorial_eval_1200_v2_holdout,factorial_0761,0.9971399,0.9926575,0.9914192,0.99999976,1.0
factorial_eval_1200_v2_holdout,factorial_0762,0.046240106,0.016939608,1.3964252e-05,0.99993944,1.0
factorial_eval_1200_v2_holdout,factorial_0763,0.99999374,0.9999995,4.613558e-06,1.0,1.0
factorial_eval_1200_v2_holdout,factorial_0764,0.9999961,0.99999833,0.36145666,1.0,1.0
factorial_eval_1200_v2_holdout,factorial_0765,0.99999666,0.9999982,0.00034524925,1.0,1.0
factorial_eval_1200_v2_holdout,factorial_0766,1.0,0.9158487,1.0,1.0,1.0
factorial_eval_1200_v2_holdout,factorial_0767,0.77315795,0.0015160483,0.31573284,1.0,1.0
factorial_eval_1200_v2_holdout,factorial_0768,0.9895828,0.9945707,3.214172e-08,0.9999999,1.0
factorial_eval_1200_v2_holdout,factorial_0769,0.9999999,1.0,0.032766152,1.0,1.0
factorial_eval_1200_v2_holdout,factorial_0770,0.99999964,0.9999999,0.00036155232,1.0,1.0
factorial_eval_1200_v2_holdout,factorial_0771,0.9999873,0.067727834,0.99993885,0.99999976,1.0
factorial_eval_1200_v2_holdout,factorial_0772,1.0,0.99999905,0.99999046,1.0,1.0
factorial_eval_1200_v2_holdout,factorial_0773,0.9999944,0.038315807,0.9999709,1.0,1.0
factorial_eval_1200_v2_holdout,factorial_0774,0.999998,0.9999962,1.5716774e-05,1.0,0.9999999
factorial_eval_1200_v2_holdout,factorial_0775,0.99999994,0.27861074,0.9999995,1.0,1.0
factorial_eval_1200_v2_holdout,factorial_0776,1.0,0.99941313,0.9999999,1.0,1.0
factorial_eval_1200_v2_holdout,factorial_0777,1.0,0.999992,1.0,1.0,1.0
factorial_eval_1200_v2_holdout,factorial_0778,0.9999998,0.9999925,0.9998932,1.0,1.0
factorial_eval_1200_v2_holdout,factorial_0779,1.0,0.9997626,0.9999995,1.0,1.0
factorial_eval_1200_v2_holdout,factorial_0780,0.9999991,0.9999995,0.078576736,1.0,1.0
factorial_eval_1200_v2_holdout,factorial_0781,0.99999857,0.9996215,0.9975018,1.0,1.0
factorial_eval_1200_v2_holdout,factorial_0782,1.0,1.0,0.09897866,1.0,1.0
factorial_eval_1200_v2_holdout,factorial_0783,0.9996402,0.9999814,0.00044531835,0.99999976,1.0
factorial_eval_1200_v2_holdout,factorial_0784,1.0,0.00025402848,0.9999999,1.0,1.0
factorial_eval_1200_v2_holdout,factorial_0785,1.0,0.9999995,0.99990356,1.0,1.0
factorial_eval_1200_v2_holdout,factorial_0786,0.999805,0.9999733,0.032143008,0.9999999,1.0
factorial_eval_1200_v2_holdout,factorial_0787,1.0,0.9999993,0.99979097,1.0,0.9999999
factorial_eval_1200_v2_holdout,factorial_0788,0.9999986,0.9999993,0.00989335,1.0,1.0
factorial_eval_1200_v2_holdout,factorial_0789,0.9999997,0.99999416,0.99997246,1.0,1.0
factorial_eval_1200_v2_holdout,factorial_0790,1.0,0.99999666,0.9999912,1.0,1.0
factorial_eval_1200_v2_holdout,factorial_0791,1.0,0.9999945,0.9999944,1.0,1.0
factorial_eval_1200_v2_holdout,factorial_0792,0.99999964,0.99999785,0.99378467,1.0,1.0
factorial_eval_1200_v2_holdout,factorial_0793,1.0,0.99999154,0.9999989,1.0,1.0
factorial_eval_1200_v2_holdout,factorial_0794,1.0,0.99999094,0.9999969,1.0,1.0
factorial_eval_1200_v2_holdout,factorial_0795,1.0,0.81052023,0.9999999,1.0,1.0
factorial_eval_1200_v2_holdout,factorial_0796,1.0,1.0,1.0,1.0,1.0
factorial_eval_1200_v2_holdout,factorial_0797,0.9999949,0.9999362,0.997537,1.0,1.0
factorial_eval_1200_v2_holdout,factorial_0798,0.93785226,0.00091413147,0.9443766,0.99999976,0.7998182
factorial_eval_1200_v2_holdout,factorial_0799,1.0,0.9999962,0.9998716,1.0,1.0
phone_factorial_1200_v1,sdxeq_0000__phonefact_resample8k,0.99996084,0.5514714,0.9996518,0.9995784,1.0
phone_factorial_1200_v1,sdxeq_0000__phonefact_g711_ulaw,0.99997234,0.99997854,0.5307863,0.99999857,1.0
phone_factorial_1200_v1,sdxeq_0000__phonefact_g726_24k,0.9996092,0.99906343,8.534048e-06,0.9999845,1.0
phone_factorial_1200_v1,sdxeq_0000__phonefact_opus_nb_8k,0.0044370545,0.007810921,4.6309474e-06,0.97818756,1.0
phone_factorial_1200_v1,sdxeq_0001__phonefact_resample8k,1.0,0.00029090792,1.0,1.0,1.0
phone_factorial_1200_v1,sdxeq_0001__phonefact_g711_ulaw,1.0,0.0003162873,1.0,1.0,1.0
phone_factorial_1200_v1,sdxeq_0001__phonefact_g726_24k,1.0,1.6444234e-05,0.9999999,1.0,1.0
phone_factorial_1200_v1,sdxeq_0001__phonefact_opus_nb_8k,0.9999999,5.0946986e-05,0.9999994,0.99992394,1.0
phone_factorial_1200_v1,sdxeq_0002__phonefact_resample8k,0.100389235,1.1973287e-09,0.12983632,1.0,1.0
phone_factorial_1200_v1,sdxeq_0002__phonefact_g711_ulaw,0.67338103,8.445811e-05,0.6372089,0.99999404,0.99999774
phone_factorial_1200_v1,sdxeq_0002__phonefact_g726_24k,0.03587577,8.969593e-05,0.035872854,0.99999344,0.9998692
phone_factorial_1200_v1,sdxeq_0002__phonefact_opus_nb_8k,0.003953943,3.5146996e-07,0.009898583,0.9999999,0.99745804
phone_factorial_1200_v1,sdxeq_0003__phonefact_resample8k,0.9988861,0.00017499845,0.9980539,0.9999993,1.0
phone_factorial_1200_v1,sdxeq_0003__phonefact_g711_ulaw,0.9962085,1.5506099e-05,0.99653685,1.0,1.0
phone_factorial_1200_v1,sdxeq_0003__phonefact_g726_24k,0.8174859,2.7492723e-07,0.93434656,1.0,0.9999819
phone_factorial_1200_v1,sdxeq_0003__phonefact_opus_nb_8k,0.035537127,0.014422284,0.0016664736,0.9999758,0.9999875
phone_factorial_1200_v1,sdxeq_0004__phonefact_resample8k,0.009384787,0.0008619115,3.487311e-05,1.0,1.0
phone_factorial_1200_v1,sdxeq_0004__phonefact_g711_ulaw,0.036198474,0.006281595,1.2286816e-06,1.0,1.0
phone_factorial_1200_v1,sdxeq_0004__phonefact_g726_24k,0.012155611,0.0022293408,5.104892e-05,0.9999995,1.0
phone_factorial_1200_v1,sdxeq_0004__phonefact_opus_nb_8k,0.9892004,0.3218296,0.9513608,0.99999225,1.0
phone_factorial_1200_v1,sdxeq_0005__phonefact_resample8k,0.9999839,0.9999925,3.4255616e-05,1.0,1.0
phone_factorial_1200_v1,sdxeq_0005__phonefact_g711_ulaw,0.9999945,0.99999547,0.0034776141,1.0,0.99983776
phone_factorial_1200_v1,sdxeq_0005__phonefact_g726_24k,0.99999547,0.99999547,0.02060163,1.0,0.99640924
phone_factorial_1200_v1,sdxeq_0005__phonefact_opus_nb_8k,0.018214924,1.1753946e-05,0.04528906,1.0,0.6113972
phone_factorial_1200_v1,sdxeq_0006__phonefact_resample8k,0.0009219608,0.00015251567,4.174182e-05,1.0,1.0
phone_factorial_1200_v1,sdxeq_0006__phonefact_g711_ulaw,0.99289167,0.99772614,0.0005073207,1.0,1.0
phone_factorial_1200_v1,sdxeq_0006__phonefact_g726_24k,0.7720153,0.7993004,0.0055425083,1.0,0.9999994
phone_factorial_1200_v1,sdxeq_0006__phonefact_opus_nb_8k,0.99557614,0.9984073,0.11638241,0.9999982,0.99997735
phone_factorial_1200_v1,sdxeq_0007__phonefact_resample8k,0.29143223,0.4301117,0.013928957,0.9999999,1.0
phone_factorial_1200_v1,sdxeq_0007__phonefact_g711_ulaw,0.4517415,0.041879877,0.29537132,0.99999833,0.99999976
phone_factorial_1200_v1,sdxeq_0007__phonefact_g726_24k,0.057950586,0.00029657656,0.08622039,0.9999908,1.0
phone_factorial_1200_v1,sdxeq_0007__phonefact_opus_nb_8k,0.01561049,8.556938e-05,0.059819363,0.9999912,0.9996111
phone_factorial_1200_v1,sdxeq_0008__phonefact_resample8k,0.003487065,3.818803e-08,0.004270614,1.0,1.0
phone_factorial_1200_v1,sdxeq_0008__phonefact_g711_ulaw,0.0028515127,1.1943089e-09,0.001901253,1.0,1.0
phone_factorial_1200_v1,sdxeq_0008__phonefact_g726_24k,0.0001480367,3.4595615e-08,0.00021579568,1.0,0.9999999
phone_factorial_1200_v1,sdxeq_0008__phonefact_opus_nb_8k,0.00016583952,8.856585e-07,0.00012521997,1.0,0.99998903
phone_factorial_1200_v1,sdxeq_0009__phonefact_resample8k,0.9993119,0.9999565,8.67991e-05,0.9999895,1.0
phone_factorial_1200_v1,sdxeq_0009__phonefact_g711_ulaw,0.99849975,0.9999285,0.0006544449,0.99997723,1.0
phone_factorial_1200_v1,sdxeq_0009__phonefact_g726_24k,0.99760115,0.99978834,0.0071378974,0.99999225,1.0
phone_factorial_1200_v1,sdxeq_0009__phonefact_opus_nb_8k,0.4738074,0.8629598,0.088363856,0.99991727,1.0
phone_factorial_1200_v1,sdxeq_0010__phonefact_resample8k,0.057918377,1.1155904e-09,0.04575841,1.0,0.99379504
phone_factorial_1200_v1,sdxeq_0010__phonefact_g711_ulaw,0.023594128,7.052601e-10,0.07429665,1.0,0.6268009
phone_factorial_1200_v1,sdxeq_0010__phonefact_g726_24k,0.028864205,5.6691485e-11,0.09591587,1.0,0.27917448
phone_factorial_1200_v1,sdxeq_0010__phonefact_opus_nb_8k,0.10300563,3.963267e-09,0.19576825,1.0,0.9927826
phone_factorial_1200_v1,sdxeq_0011__phonefact_resample8k,0.044138562,1.1405301e-06,0.039400857,0.9999999,0.999997
phone_factorial_1200_v1,sdxeq_0011__phonefact_g711_ulaw,0.00047253005,8.860228e-06,0.0006550087,0.9999943,0.879439
phone_factorial_1200_v1,sdxeq_0011__phonefact_g726_24k,0.00035076623,2.691339e-06,0.00086416875,0.9999975,0.2867878
phone_factorial_1200_v1,sdxeq_0011__phonefact_opus_nb_8k,0.010265231,2.6618958e-05,0.046444587,0.9999993,0.0034215217
phone_factorial_1200_v1,sdxeq_0012__phonefact_resample8k,0.0011576419,5.0684785e-06,0.00031834957,0.99706155,1.0
phone_factorial_1200_v1,sdxeq_0012__phonefact_g711_ulaw,0.14639482,0.10912149,3.9328894e-05,0.9842248,1.0
phone_factorial_1200_v1,sdxeq_0012__phonefact_g726_24k,0.00063473627,6.197652e-05,9.996393e-07,0.99998426,1.0
phone_factorial_1200_v1,sdxeq_0012__phonefact_opus_nb_8k,0.05449096,0.038881715,0.0019562393,0.9946215,1.0
phone_factorial_1200_v1,sdxeq_0013__phonefact_resample8k,0.9989619,3.6538735e-05,0.99819666,1.0,0.94919676
phone_factorial_1200_v1,sdxeq_0013__phonefact_g711_ulaw,0.08949594,5.423302e-05,0.22868523,0.9999995,0.16859034
phone_factorial_1200_v1,sdxeq_0013__phonefact_g726_24k,0.035227314,2.7810413e-05,0.064214826,0.99999976,0.04758724
phone_factorial_1200_v1,sdxeq_0013__phonefact_opus_nb_8k,0.15573327,4.2451156e-05,0.34486392,0.9999989,0.29247537
phone_factorial_1200_v1,sdxeq_0014__phonefact_resample8k,0.99899924,0.99785066,0.49081123,1.0,0.9992131
phone_factorial_1200_v1,sdxeq_0014__phonefact_g711_ulaw,0.9996756,0.9995365,0.0026215059,1.0,0.9919922
phone_factorial_1200_v1,sdxeq_0014__phonefact_g726_24k,0.99374294,0.9871969,0.0023337288,1.0,0.9692638
phone_factorial_1200_v1,sdxeq_0014__phonefact_opus_nb_8k,0.99998915,0.99997246,0.004712137,1.0,0.99423707
phone_factorial_1200_v1,sdxeq_0015__phonefact_resample8k,0.9999926,0.050218802,0.9999746,1.0,1.0
phone_factorial_1200_v1,sdxeq_0015__phonefact_g711_ulaw,0.9999962,0.9980927,0.99987066,0.99999964,1.0
phone_factorial_1200_v1,sdxeq_0015__phonefact_g726_24k,0.9999818,0.8956745,0.9998042,0.9999999,1.0
phone_factorial_1200_v1,sdxeq_0015__phonefact_opus_nb_8k,0.9999846,0.6806629,0.99992156,0.99999535,1.0
phone_factorial_1200_v1,sdxeq_0016__phonefact_resample8k,0.9897877,0.9911805,0.0026587774,1.0,1.0
phone_factorial_1200_v1,sdxeq_0016__phonefact_g711_ulaw,0.9999038,0.9997625,0.00017593034,0.9999999,0.99959475
phone_factorial_1200_v1,sdxeq_0016__phonefact_g726_24k,0.9994776,0.99837863,0.003446928,0.99999964,0.9923879
phone_factorial_1200_v1,sdxeq_0016__phonefact_opus_nb_8k,0.43923333,0.44219393,0.0009672813,0.99999905,0.993704
phone_factorial_1200_v1,sdxeq_0017__phonefact_resample8k,0.99999726,0.9999957,9.0083184e-08,1.0,1.0
phone_factorial_1200_v1,sdxeq_0017__phonefact_g711_ulaw,0.9999933,0.9999894,7.14432e-07,1.0,1.0
phone_factorial_1200_v1,sdxeq_0017__phonefact_g726_24k,0.9999908,0.9999807,2.5012843e-05,1.0,1.0
phone_factorial_1200_v1,sdxeq_0017__phonefact_opus_nb_8k,0.9999851,0.9999732,4.1263575e-06,1.0,1.0
phone_factorial_1200_v1,sdxeq_0018__phonefact_resample8k,0.60436237,0.64641535,0.046652447,1.0,1.0
phone_factorial_1200_v1,sdxeq_0018__phonefact_g711_ulaw,0.7029275,0.83050734,0.0005599169,1.0,1.0
phone_factorial_1200_v1,sdxeq_0018__phonefact_g726_24k,0.032107975,0.036808398,0.000917323,0.99999964,1.0
phone_factorial_1200_v1,sdxeq_0018__phonefact_opus_nb_8k,0.87361455,0.96161664,0.12105704,0.99999905,1.0
phone_factorial_1200_v1,sdxeq_0019__phonefact_resample8k,0.9999909,0.99999344,0.9509787,1.0,1.0
phone_factorial_1200_v1,sdxeq_0019__phonefact_g711_ulaw,0.99451065,0.44184163,0.9844519,0.9999989,1.0
phone_factorial_1200_v1,sdxeq_0019__phonefact_g726_24k,0.9750016,0.9543416,0.043517165,0.99999774,1.0
phone_factorial_1200_v1,sdxeq_0019__phonefact_opus_nb_8k,0.9999855,0.99996984,0.87241876,0.9999852,0.99999416
phone_factorial_1200_v1,sdxeq_0020__phonefact_resample8k,0.0025657844,0.00080912304,0.0003814235,0.9999999,1.0
phone_factorial_1200_v1,sdxeq_0020__phonefact_g711_ulaw,0.23933572,0.70365584,1.9876902e-06,0.9999976,1.0
phone_factorial_1200_v1,sdxeq_0020__phonefact_g726_24k,0.080817275,0.04584886,0.0009276541,0.99999905,0.9999995
phone_factorial_1200_v1,sdxeq_0020__phonefact_opus_nb_8k,0.00035374702,1.1669753e-05,2.8141414e-05,0.99995184,0.99974996
phone_factorial_1200_v1,sdxeq_0021__phonefact_resample8k,0.9050166,0.9677491,0.19843952,0.99999285,1.0
phone_factorial_1200_v1,sdxeq_0021__phonefact_g711_ulaw,0.9999999,1.0,0.000130189,1.0,1.0
phone_factorial_1200_v1,sdxeq_0021__phonefact_g726_24k,0.9999999,0.9999999,5.661389e-05,1.0,1.0
phone_factorial_1200_v1,sdxeq_0021__phonefact_opus_nb_8k,0.9995048,0.99994123,0.020305336,0.99904627,1.0
phone_factorial_1200_v1,sdxeq_0022__phonefact_resample8k,0.9855709,3.214515e-06,0.99478215,1.0,1.0
phone_factorial_1200_v1,sdxeq_0022__phonefact_g711_ulaw,0.9999895,1.064743e-06,0.999995,0.9999999,0.99999845
phone_factorial_1200_v1,sdxeq_0022__phonefact_g726_24k,0.99991125,9.8583194e-05,0.9998678,1.0,0.99999535
phone_factorial_1200_v1,sdxeq_0022__phonefact_opus_nb_8k,0.99999857,0.9804371,0.99997187,1.0,0.9999995
phone_factorial_1200_v1,sdxeq_0023__phonefact_resample8k,0.8633114,0.18803032,0.54290915,1.0,0.9999974
phone_factorial_1200_v1,sdxeq_0023__phonefact_g711_ulaw,0.214131,0.036718342,0.00021504884,0.9999995,0.99999213
phone_factorial_1200_v1,sdxeq_0023__phonefact_g726_24k,0.12566534,0.007540337,0.018765593,0.9999974,0.99994695
phone_factorial_1200_v1,sdxeq_0023__phonefact_opus_nb_8k,0.014193432,0.00020100398,0.023406554,0.99999976,0.9999981
phone_factorial_1200_v1,sdxeq_0024__phonefact_resample8k,0.9999994,0.99999964,0.5067248,0.99999976,0.99990225
phone_factorial_1200_v1,sdxeq_0024__phonefact_g711_ulaw,0.9999982,0.99999976,0.03948562,0.9999887,1.0
phone_factorial_1200_v1,sdxeq_0024__phonefact_g726_24k,0.99999535,0.999998,4.7695494e-06,0.99999154,1.0
phone_factorial_1200_v1,sdxeq_0024__phonefact_opus_nb_8k,0.9999958,0.99999714,0.6217034,0.9999994,0.9999939
phone_factorial_1200_v1,sdxeq_0025__phonefact_resample8k,0.99994504,0.9999287,0.9979236,0.9998623,1.0
phone_factorial_1200_v1,sdxeq_0025__phonefact_g711_ulaw,0.99999714,0.98780835,0.9999306,0.9958534,1.0
phone_factorial_1200_v1,sdxeq_0025__phonefact_g726_24k,0.99874985,0.9894834,0.991417,0.9989988,1.0
phone_factorial_1200_v1,sdxeq_0025__phonefact_opus_nb_8k,0.22116,0.00030176408,0.61911106,0.9992083,0.99999905
phone_factorial_1200_v1,sdxeq_0026__phonefact_resample8k,0.9999644,0.052043516,0.99982977,0.9999988,1.0
phone_factorial_1200_v1,sdxeq_0026__phonefact_g711_ulaw,1.0,0.13436434,1.0,0.9999924,1.0
phone_factorial_1200_v1,sdxeq_0026__phonefact_g726_24k,1.0,0.76212794,1.0,0.9999987,1.0
phone_factorial_1200_v1,sdxeq_0026__phonefact_opus_nb_8k,0.9999243,0.021772163,0.9997501,0.9999999,1.0
phone_factorial_1200_v1,sdxeq_0027__phonefact_resample8k,0.9999952,4.0593522e-06,0.99998224,1.0,1.0
phone_factorial_1200_v1,sdxeq_0027__phonefact_g711_ulaw,1.0,3.6891663e-05,0.99999976,1.0,1.0
phone_factorial_1200_v1,sdxeq_0027__phonefact_g726_24k,0.9999832,2.3320338e-07,0.9999621,1.0,1.0
phone_factorial_1200_v1,sdxeq_0027__phonefact_opus_nb_8k,0.9987093,0.0068311915,0.9977748,0.9999989,0.999997
phone_factorial_1200_v1,sdxeq_0028__phonefact_resample8k,1.0,7.5312714e-06,1.0,1.0,1.0
phone_factorial_1200_v1,sdxeq_0028__phonefact_g711_ulaw,1.0,0.0010177792,1.0,0.99999917,0.99999976
phone_factorial_1200_v1,sdxeq_0028__phonefact_g726_24k,1.0,5.834034e-07,1.0,0.9999999,0.9999999
phone_factorial_1200_v1,sdxeq_0028__phonefact_opus_nb_8k,0.9995044,5.5595524e-07,0.9986784,0.9999994,1.0
phone_factorial_1200_v1,sdxeq_0029__phonefact_resample8k,1.0,0.9949746,1.0,1.0,1.0
phone_factorial_1200_v1,sdxeq_0029__phonefact_g711_ulaw,1.0,0.99918395,1.0,1.0,1.0
phone_factorial_1200_v1,sdxeq_0029__phonefact_g726_24k,1.0,0.99631304,1.0,1.0,1.0
phone_factorial_1200_v1,sdxeq_0029__phonefact_opus_nb_8k,1.0,0.8311545,1.0,0.99999714,1.0
phone_factorial_1200_v1,sdxeq_0030__phonefact_resample8k,0.9999977,0.7455023,0.9999732,1.0,1.0
phone_factorial_1200_v1,sdxeq_0030__phonefact_g711_ulaw,0.99910015,0.9839303,0.85034317,1.0,0.99992394
phone_factorial_1200_v1,sdxeq_0030__phonefact_g726_24k,0.9969089,0.3040654,0.98895395,1.0,0.99999964
phone_factorial_1200_v1,sdxeq_0030__phonefact_opus_nb_8k,0.6322038,0.0011630633,0.632026,1.0,0.99977356
phone_factorial_1200_v1,sdxeq_0031__phonefact_resample8k,1.0,0.00017237174,1.0,0.99999964,1.0
phone_factorial_1200_v1,sdxeq_0031__phonefact_g711_ulaw,1.0,2.6307198e-06,1.0,0.99999595,1.0
phone_factorial_1200_v1,sdxeq_0031__phonefact_g726_24k,1.0,1.3534131e-07,1.0,1.0,1.0
phone_factorial_1200_v1,sdxeq_0031__phonefact_opus_nb_8k,1.0,9.660258e-08,1.0,0.9999988,0.9999999
phone_factorial_1200_v1,sdxeq_0032__phonefact_resample8k,1.0,0.03854734,1.0,1.0,1.0
phone_factorial_1200_v1,sdxeq_0032__phonefact_g711_ulaw,1.0,0.51972383,1.0,1.0,1.0
phone_factorial_1200_v1,sdxeq_0032__phonefact_g726_24k,1.0,0.0009927157,1.0,1.0,1.0
phone_factorial_1200_v1,sdxeq_0032__phonefact_opus_nb_8k,1.0,0.015571436,1.0,1.0,1.0
phone_factorial_1200_v1,sdxeq_0033__phonefact_resample8k,1.0,0.9999833,0.99999964,0.9999999,1.0
phone_factorial_1200_v1,sdxeq_0033__phonefact_g711_ulaw,1.0,0.99940455,0.9999994,0.9999999,0.9999994
phone_factorial_1200_v1,sdxeq_0033__phonefact_g726_24k,1.0,0.98280877,0.9999943,1.0,0.99999964
phone_factorial_1200_v1,sdxeq_0033__phonefact_opus_nb_8k,1.0,0.0012652164,0.9999999,1.0,0.99997544
phone_factorial_1200_v1,sdxeq_0034__phonefact_resample8k,1.0,0.99819463,1.0,0.9998241,1.0
phone_factorial_1200_v1,sdxeq_0034__phonefact_g711_ulaw,1.0,0.9727433,1.0,0.99822587,1.0
phone_factorial_1200_v1,sdxeq_0034__phonefact_g726_24k,1.0,0.74602795,1.0,0.9992785,0.99999976
phone_factorial_1200_v1,sdxeq_0034__phonefact_opus_nb_8k,0.99999636,0.06845979,0.9999938,0.9999759,0.9999988
phone_factorial_1200_v1,sdxeq_0035__phonefact_resample8k,1.0,0.07007092,1.0,1.0,1.0
phone_factorial_1200_v1,sdxeq_0035__phonefact_g711_ulaw,1.0,0.12304697,1.0,0.9999999,1.0
phone_factorial_1200_v1,sdxeq_0035__phonefact_g726_24k,1.0,0.4109717,1.0,0.99999976,1.0
phone_factorial_1200_v1,sdxeq_0035__phonefact_opus_nb_8k,1.0,1.3821427e-05,1.0,0.99999714,1.0
phone_factorial_1200_v1,sdxeq_0036__phonefact_resample8k,0.9961655,0.005511827,0.9957983,1.0,1.0
phone_factorial_1200_v1,sdxeq_0036__phonefact_g711_ulaw,0.9999897,0.0802625,0.99997663,1.0,0.9997665
phone_factorial_1200_v1,sdxeq_0036__phonefact_g726_24k,0.9998774,0.93058544,0.9990257,0.9999951,0.9995358
phone_factorial_1200_v1,sdxeq_0036__phonefact_opus_nb_8k,0.39107418,0.0007361759,0.7478623,0.9999994,0.99998724
phone_factorial_1200_v1,sdxeq_0037__phonefact_resample8k,1.0,0.9986358,1.0,0.9999988,1.0
phone_factorial_1200_v1,sdxeq_0037__phonefact_g711_ulaw,1.0,0.38737804,0.99999976,0.99999964,1.0
phone_factorial_1200_v1,sdxeq_0037__phonefact_g726_24k,0.9999567,9.1235765e-05,0.99978846,0.99999976,1.0
phone_factorial_1200_v1,sdxeq_0037__phonefact_opus_nb_8k,1.0,0.66096693,0.99999964,0.9999995,1.0
phone_factorial_1200_v1,sdxeq_0038__phonefact_resample8k,1.0,0.053716008,1.0,0.99999976,1.0
phone_factorial_1200_v1,sdxeq_0038__phonefact_g711_ulaw,1.0,0.98791087,1.0,0.99998903,1.0
phone_factorial_1200_v1,sdxeq_0038__phonefact_g726_24k,1.0,0.9833176,1.0,0.99999976,1.0
phone_factorial_1200_v1,sdxeq_0038__phonefact_opus_nb_8k,1.0,0.9600201,1.0,0.9999969,1.0
phone_factorial_1200_v1,sdxeq_0039__phonefact_resample8k,1.0,0.9982805,0.999977,1.0,1.0
phone_factorial_1200_v1,sdxeq_0039__phonefact_g711_ulaw,0.99999994,0.16426279,0.99999964,0.99999964,1.0
phone_factorial_1200_v1,sdxeq_0039__phonefact_g726_24k,0.9999889,0.0113608455,0.9999486,0.9999912,0.9999999
phone_factorial_1200_v1,sdxeq_0039__phonefact_opus_nb_8k,0.99949074,0.00042617475,0.99986875,0.9999716,0.99985087
phone_factorial_1200_v1,sdxeq_0040__phonefact_resample8k,1.0,0.54244995,1.0,0.99998045,1.0
phone_factorial_1200_v1,sdxeq_0040__phonefact_g711_ulaw,1.0,0.5420879,1.0,0.9999857,1.0
phone_factorial_1200_v1,sdxeq_0040__phonefact_g726_24k,1.0,0.6971486,1.0,0.99998736,1.0
phone_factorial_1200_v1,sdxeq_0040__phonefact_opus_nb_8k,1.0,0.99993515,1.0,0.9999987,0.9999999
phone_factorial_1200_v1,sdxeq_0041__phonefact_resample8k,0.9999925,0.83113533,0.99981123,1.0,1.0
phone_factorial_1200_v1,sdxeq_0041__phonefact_g711_ulaw,1.0,0.9999882,0.9999989,1.0,1.0
phone_factorial_1200_v1,sdxeq_0041__phonefact_g726_24k,0.9999998,0.9999956,0.9998902,1.0,1.0
phone_factorial_1200_v1,sdxeq_0041__phonefact_opus_nb_8k,1.0,0.999933,1.0,0.9999993,0.9999999
phone_factorial_1200_v1,sdxeq_0042__phonefact_resample8k,0.9999998,0.0018522685,0.9999989,1.0,1.0
phone_factorial_1200_v1,sdxeq_0042__phonefact_g711_ulaw,0.99999726,0.090762794,0.99998534,1.0,0.99999976
phone_factorial_1200_v1,sdxeq_0042__phonefact_g726_24k,0.9999758,0.00022741623,0.99988294,1.0,0.99999917
phone_factorial_1200_v1,sdxeq_0042__phonefact_opus_nb_8k,1.0,0.010649828,0.99999976,1.0,0.99998724
phone_factorial_1200_v1,sdxeq_0043__phonefact_resample8k,1.0,0.0026216614,1.0,0.99999464,1.0
phone_factorial_1200_v1,sdxeq_0043__phonefact_g711_ulaw,1.0,0.99162805,1.0,0.99997246,1.0
phone_factorial_1200_v1,sdxeq_0043__phonefact_g726_24k,1.0,0.99612087,1.0,0.9999012,1.0
phone_factorial_1200_v1,sdxeq_0043__phonefact_opus_nb_8k,1.0,0.9103673,0.9999988,0.8695518,1.0
phone_factorial_1200_v1,sdxeq_0044__phonefact_resample8k,0.99994665,0.0026442634,0.9997429,1.0,1.0
phone_factorial_1200_v1,sdxeq_0044__phonefact_g711_ulaw,1.0,2.4494704e-05,0.99999976,1.0,1.0
phone_factorial_1200_v1,sdxeq_0044__phonefact_g726_24k,0.9999999,2.2608353e-06,0.9999994,1.0,1.0
phone_factorial_1200_v1,sdxeq_0044__phonefact_opus_nb_8k,0.99999976,1.3458669e-05,0.9999988,1.0,1.0
phone_factorial_1200_v1,sdxeq_0045__phonefact_resample8k,1.0,0.00011175608,1.0,1.0,1.0
phone_factorial_1200_v1,sdxeq_0045__phonefact_g711_ulaw,1.0,0.00010926585,1.0,1.0,1.0
phone_factorial_1200_v1,sdxeq_0045__phonefact_g726_24k,1.0,0.00010899404,0.9999999,1.0,1.0
phone_factorial_1200_v1,sdxeq_0045__phonefact_opus_nb_8k,1.0,1.2996366e-05,0.9999999,1.0,0.9999994
phone_factorial_1200_v1,sdxeq_0046__phonefact_resample8k,1.0,2.7523982e-05,1.0,0.99999964,1.0
phone_factorial_1200_v1,sdxeq_0046__phonefact_g711_ulaw,0.9999999,2.0690834e-06,0.9999993,0.99999976,0.9999999
phone_factorial_1200_v1,sdxeq_0046__phonefact_g726_24k,0.9999999,1.0754891e-06,0.99999917,0.99999976,1.0
phone_factorial_1200_v1,sdxeq_0046__phonefact_opus_nb_8k,0.9999999,4.3463242e-05,0.99999917,0.9999993,0.9999994
phone_factorial_1200_v1,sdxeq_0047__phonefact_resample8k,1.0,0.2859366,1.0,0.999995,1.0
phone_factorial_1200_v1,sdxeq_0047__phonefact_g711_ulaw,1.0,0.9998518,1.0,0.9999832,1.0
phone_factorial_1200_v1,sdxeq_0047__phonefact_g726_24k,1.0,0.996345,1.0,0.9999925,1.0
phone_factorial_1200_v1,sdxeq_0047__phonefact_opus_nb_8k,1.0,0.9967514,1.0,0.9999826,1.0
phone_factorial_1200_v1,sdxeq_0048__phonefact_resample8k,0.9999997,0.99999535,0.9991003,0.9999999,1.0
phone_factorial_1200_v1,sdxeq_0048__phonefact_g711_ulaw,1.0,1.0,0.86048293,0.9999999,0.9999598
phone_factorial_1200_v1,sdxeq_0048__phonefact_g726_24k,0.99999934,0.9999958,0.6138479,0.99999917,0.99960464
phone_factorial_1200_v1,sdxeq_0048__phonefact_opus_nb_8k,0.99999946,0.99999845,0.1508732,0.99999976,0.9999553
phone_factorial_1200_v1,sdxeq_0049__phonefact_resample8k,1.0,0.96735483,1.0,0.99804235,1.0
phone_factorial_1200_v1,sdxeq_0049__phonefact_g711_ulaw,1.0,0.9984654,1.0,0.9985846,1.0
phone_factorial_1200_v1,sdxeq_0049__phonefact_g726_24k,1.0,0.697471,1.0,0.9990746,1.0
phone_factorial_1200_v1,sdxeq_0049__phonefact_opus_nb_8k,1.0,3.6660967e-05,1.0,0.99998915,1.0
phone_factorial_1200_v1,sdxeq_0050__phonefact_resample8k,0.37136874,0.5201397,3.8798876e-07,0.9999783,1.0
phone_factorial_1200_v1,sdxeq_0050__phonefact_g711_ulaw,0.095515385,0.14749748,4.652127e-08,0.9969829,1.0
phone_factorial_1200_v1,sdxeq_0050__phonefact_g726_24k,0.094875835,0.18503311,1.261433e-07,0.9808764,1.0
phone_factorial_1200_v1,sdxeq_0050__phonefact_opus_nb_8k,0.44257393,0.0012331253,0.10240771,0.997733,1.0
phone_factorial_1200_v1,sdxeq_0051__phonefact_resample8k,0.9999989,0.93269545,0.99998844,1.0,1.0
phone_factorial_1200_v1,sdxeq_0051__phonefact_g711_ulaw,0.8379986,0.024331072,0.8395224,0.9999999,1.0
phone_factorial_1200_v1,sdxeq_0051__phonefact_g726_24k,0.016606735,0.00758625,0.00033860345,0.99999917,0.9999999
phone_factorial_1200_v1,sdxeq_0051__phonefact_opus_nb_8k,0.9955738,0.99657273,0.0064708674,0.9999987,0.9999956
phone_factorial_1200_v1,sdxeq_0052__phonefact_resample8k,1.0,0.9999987,0.9990134,1.0,0.9999999
phone_factorial_1200_v1,sdxeq_0052__phonefact_g711_ulaw,0.9988971,0.99396485,0.514637,1.0,0.9816975
phone_factorial_1200_v1,sdxeq_0052__phonefact_g726_24k,0.8467415,0.06499163,0.3008248,1.0,0.87508625
phone_factorial_1200_v1,sdxeq_0052__phonefact_opus_nb_8k,0.13508421,6.338852e-05,0.37225333,0.9999999,0.78504026
phone_factorial_1200_v1,sdxeq_0053__phonefact_resample8k,0.9998722,0.9999634,1.2228654e-07,1.0,1.0
phone_factorial_1200_v1,sdxeq_0053__phonefact_g711_ulaw,0.9904184,0.9964103,1.4795982e-06,0.9999987,0.9999999
phone_factorial_1200_v1,sdxeq_0053__phonefact_g726_24k,0.9652366,0.9769498,2.9163743e-07,0.99999607,1.0
phone_factorial_1200_v1,sdxeq_0053__phonefact_opus_nb_8k,0.99664795,0.9978713,0.0001354642,0.9961887,1.0
phone_factorial_1200_v1,sdxeq_0054__phonefact_resample8k,0.9999999,0.9999999,0.42606014,1.0,0.9999943
phone_factorial_1200_v1,sdxeq_0054__phonefact_g711_ulaw,1.0,1.0,0.9870107,1.0,0.9986481
phone_factorial_1200_v1,sdxeq_0054__phonefact_g726_24k,0.9999975,0.99999344,0.8187704,0.9999999,0.7294283
phone_factorial_1200_v1,sdxeq_0054__phonefact_opus_nb_8k,0.99999964,0.9999993,0.85954833,0.9999995,0.99793243
phone_factorial_1200_v1,sdxeq_0055__phonefact_resample8k,0.9994582,0.999635,6.253794e-06,1.0,1.0
phone_factorial_1200_v1,sdxeq_0055__phonefact_g711_ulaw,0.99156433,0.9942168,3.9600203e-05,1.0,0.99999976
phone_factorial_1200_v1,sdxeq_0055__phonefact_g726_24k,0.952641,0.91730124,0.00044519294,1.0,0.99933356
phone_factorial_1200_v1,sdxeq_0055__phonefact_opus_nb_8k,0.038281616,0.0029820972,0.0134358555,0.9999999,0.9999591
phone_factorial_1200_v1,sdxeq_0056__phonefact_resample8k,0.99998534,0.9998202,0.99872667,0.99999976,1.0
phone_factorial_1200_v1,sdxeq_0056__phonefact_g711_ulaw,0.99991727,0.9778821,0.99988246,0.9999994,0.9999261
phone_factorial_1200_v1,sdxeq_0056__phonefact_g726_24k,0.999846,0.99660194,0.99591464,0.9999999,0.9999373
phone_factorial_1200_v1,sdxeq_0056__phonefact_opus_nb_8k,0.99931455,0.9982799,0.9149702,0.99993396,0.99998474
phone_factorial_1200_v1,sdxeq_0057__phonefact_resample8k,0.9921804,0.9994361,1.01659445e-08,1.0,1.0
phone_factorial_1200_v1,sdxeq_0057__phonefact_g711_ulaw,0.99862367,0.9999043,1.5263744e-08,0.9999999,1.0
phone_factorial_1200_v1,sdxeq_0057__phonefact_g726_24k,0.9892748,0.9995561,2.0550102e-09,0.9999994,1.0
phone_factorial_1200_v1,sdxeq_0057__phonefact_opus_nb_8k,0.9994856,0.99983025,1.7519358e-06,0.9999975,1.0
phone_factorial_1200_v1,sdxeq_0058__phonefact_resample8k,0.99999964,0.9999862,0.9826837,1.0,0.9999995
phone_factorial_1200_v1,sdxeq_0058__phonefact_g711_ulaw,0.99498606,0.9825454,0.0007849984,0.9999995,0.9977775
phone_factorial_1200_v1,sdxeq_0058__phonefact_g726_24k,0.10255513,0.007141102,0.0014251622,0.9999993,0.9995377
phone_factorial_1200_v1,sdxeq_0058__phonefact_opus_nb_8k,0.26053008,0.2909714,0.012996288,0.99993813,0.9602152
phone_factorial_1200_v1,sdxeq_0059__phonefact_resample8k,0.70093596,0.99227023,1.3272753e-06,1.0,1.0
phone_factorial_1200_v1,sdxeq_0059__phonefact_g711_ulaw,0.077069096,0.27044278,1.2094067e-08,1.0,1.0
phone_factorial_1200_v1,sdxeq_0059__phonefact_g726_24k,0.0077756746,0.017294219,4.6528177e-09,1.0,1.0
phone_factorial_1200_v1,sdxeq_0059__phonefact_opus_nb_8k,0.9999914,0.9999989,3.6699832e-06,0.99999976,0.9999999
phone_factorial_1200_v1,sdxeq_0060__phonefact_resample8k,0.9983655,0.79781663,0.9778771,1.0,0.9999976
phone_factorial_1200_v1,sdxeq_0060__phonefact_g711_ulaw,1.0,0.9589493,0.9999993,0.9999993,0.9997477
phone_factorial_1200_v1,sdxeq_0060__phonefact_g726_24k,0.9999999,0.06355823,0.9999994,0.9999994,0.9999968
phone_factorial_1200_v1,sdxeq_0060__phonefact_opus_nb_8k,0.17577487,0.07578031,0.029236063,0.99998987,0.9999852
phone_factorial_1200_v1,sdxeq_0061__phonefact_resample8k,1.0,1.0,0.3703495,1.0,1.0
phone_factorial_1200_v1,sdxeq_0061__phonefact_g711_ulaw,0.99998474,0.9999871,0.68292874,1.0,0.999997
phone_factorial_1200_v1,sdxeq_0061__phonefact_g726_24k,0.99998885,0.99998784,0.054779023,1.0,0.9999862
phone_factorial_1200_v1,sdxeq_0061__phonefact_opus_nb_8k,0.999988,0.99997425,0.1494297,0.9999994,0.99708986
phone_factorial_1200_v1,sdxeq_0062__phonefact_resample8k,0.4002069,0.96656823,3.334251e-08,0.9451361,1.0
phone_factorial_1200_v1,sdxeq_0062__phonefact_g711_ulaw,0.008837186,0.038453586,2.1072061e-08,0.8115211,1.0
phone_factorial_1200_v1,sdxeq_0062__phonefact_g726_24k,0.06349097,0.21616808,4.531032e-08,0.9649958,1.0
phone_factorial_1200_v1,sdxeq_0062__phonefact_opus_nb_8k,0.013159321,0.0514052,1.0481811e-07,0.003180994,1.0
phone_factorial_1200_v1,sdxeq_0063__phonefact_resample8k,0.6003819,0.8834854,4.360372e-06,0.9999536,1.0
phone_factorial_1200_v1,sdxeq_0063__phonefact_g711_ulaw,0.03434527,0.06064842,1.6865317e-05,0.997693,0.9999999
phone_factorial_1200_v1,sdxeq_0063__phonefact_g726_24k,0.00273254,7.453384e-05,0.00027716657,0.99977845,0.99999976
phone_factorial_1200_v1,sdxeq_0063__phonefact_opus_nb_8k,0.001309522,0.00048997643,1.2833678e-05,0.99898595,0.9999901
phone_factorial_1200_v1,sdxeq_0064__phonefact_resample8k,0.9999938,0.9999938,0.0025006533,1.0,0.9979286
phone_factorial_1200_v1,sdxeq_0064__phonefact_g711_ulaw,0.9998087,0.9998393,8.236614e-06,0.9999999,0.96697694
phone_factorial_1200_v1,sdxeq_0064__phonefact_g726_24k,0.9700001,0.98259705,2.0468593e-05,0.99999845,0.9817733
phone_factorial_1200_v1,sdxeq_0064__phonefact_opus_nb_8k,0.9995953,0.9989555,0.00015859779,0.9999999,0.20672129
phone_factorial_1200_v1,sdxeq_0065__phonefact_resample8k,0.92329526,0.989082,3.7430914e-07,0.9999896,1.0
phone_factorial_1200_v1,sdxeq_0065__phonefact_g711_ulaw,0.071990594,0.06946799,1.5467816e-07,0.9998971,1.0
phone_factorial_1200_v1,sdxeq_0065__phonefact_g726_24k,0.8825561,0.96431476,1.3402746e-07,0.99987197,1.0
phone_factorial_1200_v1,sdxeq_0065__phonefact_opus_nb_8k,0.048231885,0.15719071,3.8665817e-08,0.87354857,1.0
phone_factorial_1200_v1,sdxeq_0066__phonefact_resample8k,0.04132631,0.056067303,7.2173276e-07,1.0,1.0
phone_factorial_1200_v1,sdxeq_0066__phonefact_g711_ulaw,0.0012286737,0.0007979676,4.619903e-09,0.9999949,1.0
phone_factorial_1200_v1,sdxeq_0066__phonefact_g726_24k,0.00085814047,0.00033055272,1.8722842e-07,0.9999882,1.0
phone_factorial_1200_v1,sdxeq_0066__phonefact_opus_nb_8k,0.007939764,0.00039194987,0.0061758044,0.9999993,1.0
phone_factorial_1200_v1,sdxeq_0067__phonefact_resample8k,0.9786111,0.9874812,0.029702727,1.0,1.0
phone_factorial_1200_v1,sdxeq_0067__phonefact_g711_ulaw,0.9999957,0.9999913,0.9819879,1.0,1.0
phone_factorial_1200_v1,sdxeq_0067__phonefact_g726_24k,1.0,1.0,0.99919647,1.0,1.0
phone_factorial_1200_v1,sdxeq_0067__phonefact_opus_nb_8k,0.99983,0.9996227,0.09929563,1.0,0.99699414
phone_factorial_1200_v1,sdxeq_0068__phonefact_resample8k,0.6154932,0.75444883,5.0499943e-06,0.97350264,1.0
phone_factorial_1200_v1,sdxeq_0068__phonefact_g711_ulaw,0.53773034,0.68394256,3.4331354e-06,0.97450554,1.0
phone_factorial_1200_v1,sdxeq_0068__phonefact_g726_24k,0.14797187,0.32116854,2.088948e-06,0.96099764,1.0
phone_factorial_1200_v1,sdxeq_0068__phonefact_opus_nb_8k,0.0066633006,0.016032698,1.01865616e-07,0.9984465,1.0
phone_factorial_1200_v1,sdxeq_0069__phonefact_resample8k,0.9985719,0.9988397,2.9107134e-06,1.0,1.0
phone_factorial_1200_v1,sdxeq_0069__phonefact_g711_ulaw,0.99936056,0.99930084,5.6369954e-05,0.99999976,1.0
phone_factorial_1200_v1,sdxeq_0069__phonefact_g726_24k,0.01191898,0.0018833051,0.0012453314,0.99997926,1.0
phone_factorial_1200_v1,sdxeq_0069__phonefact_opus_nb_8k,0.060648073,0.0001757258,0.017587021,0.9989281,1.0
phone_factorial_1200_v1,sdxeq_0070__phonefact_resample8k,1.0,1.0,0.3259582,1.0,1.0
phone_factorial_1200_v1,sdxeq_0070__phonefact_g711_ulaw,1.0,1.0,0.0008430458,1.0,0.99972135
phone_factorial_1200_v1,sdxeq_0070__phonefact_g726_24k,1.0,1.0,0.00016884279,1.0,0.9999975
phone_factorial_1200_v1,sdxeq_0070__phonefact_opus_nb_8k,0.9999998,0.9999995,0.034580708,1.0,0.9997545
phone_factorial_1200_v1,sdxeq_0071__phonefact_resample8k,0.71952534,0.7370967,0.7566486,0.99999917,0.99994683
phone_factorial_1200_v1,sdxeq_0071__phonefact_g711_ulaw,0.041985404,0.12862001,0.00077546237,0.99563015,0.9999727
phone_factorial_1200_v1,sdxeq_0071__phonefact_g726_24k,0.017712228,0.032270852,0.000966576,0.986798,0.99946576
phone_factorial_1200_v1,sdxeq_0071__phonefact_opus_nb_8k,0.017394103,0.0347843,0.00018900946,0.9993924,0.9999982
phone_factorial_1200_v1,sdxeq_0072__phonefact_resample8k,0.9999814,0.7798603,0.9999422,1.0,1.0
phone_factorial_1200_v1,sdxeq_0072__phonefact_g711_ulaw,0.9997265,0.9995136,0.101999246,1.0,0.99998343
phone_factorial_1200_v1,sdxeq_0072__phonefact_g726_24k,0.92974883,0.69675875,0.065648004,1.0,0.989888
phone_factorial_1200_v1,sdxeq_0072__phonefact_opus_nb_8k,0.76678324,0.0014755621,0.78756124,0.99999976,0.9998989
phone_factorial_1200_v1,sdxeq_0073__phonefact_resample8k,0.9998994,0.9997842,0.24541567,1.0,0.9788954
phone_factorial_1200_v1,sdxeq_0073__phonefact_g711_ulaw,0.9999963,0.99998724,0.02519224,1.0,0.13462947
phone_factorial_1200_v1,sdxeq_0073__phonefact_g726_24k,0.99996555,0.9998814,0.043298405,0.9999999,0.39756477
phone_factorial_1200_v1,sdxeq_0073__phonefact_opus_nb_8k,0.96276146,0.9092178,0.081606,1.0,0.021464115
phone_factorial_1200_v1,sdxeq_0074__phonefact_resample8k,0.9402052,0.9760165,0.00023860903,0.9991792,1.0
phone_factorial_1200_v1,sdxeq_0074__phonefact_g711_ulaw,0.99768925,0.99957794,6.89774e-07,0.9999871,1.0
phone_factorial_1200_v1,sdxeq_0074__phonefact_g726_24k,0.99864537,0.9995239,2.1490353e-06,0.99999905,1.0
phone_factorial_1200_v1,sdxeq_0074__phonefact_opus_nb_8k,0.33097708,0.6013475,5.9164304e-06,0.99922657,1.0
phone_factorial_1200_v1,sdxeq_0075__phonefact_resample8k,1.0,0.001653565,1.0,0.99996054,1.0
phone_factorial_1200_v1,sdxeq_0075__phonefact_g711_ulaw,1.0,0.010805913,1.0,0.9990043,1.0
phone_factorial_1200_v1,sdxeq_0075__phonefact_g726_24k,1.0,0.0016788456,1.0,0.9999093,1.0
phone_factorial_1200_v1,sdxeq_0075__phonefact_opus_nb_8k,1.0,3.088871e-05,1.0,0.99983835,1.0
phone_factorial_1200_v1,sdxeq_0076__phonefact_resample8k,1.0,0.9999503,0.9999995,0.99998975,1.0
phone_factorial_1200_v1,sdxeq_0076__phonefact_g711_ulaw,1.0,0.99875605,0.99999964,0.99823976,0.99999976
phone_factorial_1200_v1,sdxeq_0076__phonefact_g726_24k,0.6253201,0.003997581,0.6727905,0.99892515,0.99997044
phone_factorial_1200_v1,sdxeq_0076__phonefact_opus_nb_8k,0.9999523,0.99652654,0.9976675,0.9948579,0.9999995
phone_factorial_1200_v1,sdxeq_0077__phonefact_resample8k,0.99999833,0.0038649144,0.99999213,0.9999999,1.0
phone_factorial_1200_v1,sdxeq_0077__phonefact_g711_ulaw,0.9999992,0.046273902,0.99999595,0.99996483,0.99999666
phone_factorial_1200_v1,sdxeq_0077__phonefact_g726_24k,0.99999684,0.00017168578,0.9999881,0.99999654,0.999998
phone_factorial_1200_v1,sdxeq_0077__phonefact_opus_nb_8k,0.7254462,0.34390062,0.33679375,0.99994195,0.97949094
phone_factorial_1200_v1,sdxeq_0078__phonefact_resample8k,1.0,0.999982,0.99999964,0.9999914,1.0
phone_factorial_1200_v1,sdxeq_0078__phonefact_g711_ulaw,0.99999994,0.048267744,0.99999964,0.9996718,1.0
phone_factorial_1200_v1,sdxeq_0078__phonefact_g726_24k,1.0,0.99106735,0.9999958,0.99993074,1.0
phone_factorial_1200_v1,sdxeq_0078__phonefact_opus_nb_8k,1.0,0.9999956,0.9999579,0.9999949,1.0
phone_factorial_1200_v1,sdxeq_0079__phonefact_resample8k,1.0,0.9999995,0.99999964,0.99999595,1.0
phone_factorial_1200_v1,sdxeq_0079__phonefact_g711_ulaw,1.0,0.9999733,0.99998236,0.99998987,1.0
phone_factorial_1200_v1,sdxeq_0079__phonefact_g726_24k,0.9999992,0.9998184,0.9994235,0.9999987,1.0
phone_factorial_1200_v1,sdxeq_0079__phonefact_opus_nb_8k,1.0,0.99999976,0.9999987,0.9999988,1.0
phone_factorial_1200_v1,sdxeq_0080__phonefact_resample8k,1.0,1.0,0.99999774,1.0,1.0
phone_factorial_1200_v1,sdxeq_0080__phonefact_g711_ulaw,1.0,1.0,0.99999726,1.0,1.0
phone_factorial_1200_v1,sdxeq_0080__phonefact_g726_24k,1.0,0.9999999,0.9999993,1.0,1.0
phone_factorial_1200_v1,sdxeq_0080__phonefact_opus_nb_8k,0.9999997,0.9999505,0.99973613,1.0,1.0
phone_factorial_1200_v1,sdxeq_0081__phonefact_resample8k,1.0,0.0019195682,0.9999999,0.9999994,1.0
phone_factorial_1200_v1,sdxeq_0081__phonefact_g711_ulaw,1.0,0.0007823615,1.0,0.99999833,1.0
phone_factorial_1200_v1,sdxeq_0081__phonefact_g726_24k,1.0,0.0036801503,0.9999999,0.9999981,1.0
phone_factorial_1200_v1,sdxeq_0081__phonefact_opus_nb_8k,0.99999905,0.14616695,0.9999951,0.9995528,1.0
phone_factorial_1200_v1,sdxeq_0082__phonefact_resample8k,1.0,0.99995637,0.9999995,0.99968827,1.0
phone_factorial_1200_v1,sdxeq_0082__phonefact_g711_ulaw,1.0,0.9999701,0.9999993,0.99663085,1.0
phone_factorial_1200_v1,sdxeq_0082__phonefact_g726_24k,0.99995357,0.99932647,0.9888144,0.99983156,0.99999964
phone_factorial_1200_v1,sdxeq_0082__phonefact_opus_nb_8k,0.9999501,0.9998679,0.88005984,0.99989295,0.9999902
phone_factorial_1200_v1,sdxeq_0083__phonefact_resample8k,0.99997354,0.99586546,0.99280655,1.0,1.0
phone_factorial_1200_v1,sdxeq_0083__phonefact_g711_ulaw,0.97341585,0.00033614764,0.9540929,1.0,0.99997795
phone_factorial_1200_v1,sdxeq_0083__phonefact_g726_24k,0.7559344,0.045129444,0.28527322,1.0,0.9984409
phone_factorial_1200_v1,sdxeq_0083__phonefact_opus_nb_8k,0.9996935,0.9994454,0.3982461,0.9999999,0.9464988
phone_factorial_1200_v1,sdxeq_0084__phonefact_resample8k,1.0,0.9998566,1.0,0.99999976,1.0
phone_factorial_1200_v1,sdxeq_0084__phonefact_g711_ulaw,1.0,0.9999989,0.99999964,0.9999994,0.99999964
phone_factorial_1200_v1,sdxeq_0084__phonefact_g726_24k,1.0,0.9999523,0.999969,0.9999995,0.9999826
phone_factorial_1200_v1,sdxeq_0084__phonefact_opus_nb_8k,0.9999932,0.9999672,0.9992736,0.99999857,1.0
phone_factorial_1200_v1,sdxeq_0085__phonefact_resample8k,1.0,0.04655713,1.0,0.9999999,1.0
phone_factorial_1200_v1,sdxeq_0085__phonefact_g711_ulaw,1.0,0.051120494,1.0,1.0,1.0
phone_factorial_1200_v1,sdxeq_0085__phonefact_g726_24k,1.0,0.7311352,1.0,1.0,1.0
phone_factorial_1200_v1,sdxeq_0085__phonefact_opus_nb_8k,0.9999992,0.00023718302,0.99999654,0.9999999,1.0
phone_factorial_1200_v1,sdxeq_0086__phonefact_resample8k,1.0,1.0,0.99997437,1.0,1.0
phone_factorial_1200_v1,sdxeq_0086__phonefact_g711_ulaw,1.0,0.9999989,0.99999857,0.99999976,1.0
phone_factorial_1200_v1,sdxeq_0086__phonefact_g726_24k,1.0,0.99997914,0.9995559,0.9999995,0.99998724
phone_factorial_1200_v1,sdxeq_0086__phonefact_opus_nb_8k,0.9999997,0.9999988,0.9387119,0.99999845,0.9976647
phone_factorial_1200_v1,sdxeq_0087__phonefact_resample8k,1.0,6.7799883e-06,1.0,0.99995923,1.0
phone_factorial_1200_v1,sdxeq_0087__phonefact_g711_ulaw,1.0,7.9349775e-05,1.0,0.99999905,1.0
phone_factorial_1200_v1,sdxeq_0087__phonefact_g726_24k,1.0,0.00028743528,1.0,0.9999646,1.0
phone_factorial_1200_v1,sdxeq_0087__phonefact_opus_nb_8k,0.9999668,0.97981274,0.99909365,0.9957789,1.0
phone_factorial_1200_v1,sdxeq_0088__phonefact_resample8k,1.0,2.6099933e-05,1.0,0.9999995,1.0
phone_factorial_1200_v1,sdxeq_0088__phonefact_g711_ulaw,1.0,3.8894455e-06,0.99999976,0.99999845,0.9999994
phone_factorial_1200_v1,sdxeq_0088__phonefact_g726_24k,0.99998,0.007167612,0.99994695,0.9999186,0.9999528
phone_factorial_1200_v1,sdxeq_0088__phonefact_opus_nb_8k,0.9992676,5.023365e-06,0.9985032,0.9999925,0.9999999
phone_factorial_1200_v1,sdxeq_0089__phonefact_resample8k,0.99999475,0.99858993,0.9999168,0.9999999,0.9999994
phone_factorial_1200_v1,sdxeq_0089__phonefact_g711_ulaw,0.99997723,0.006095138,0.99996495,0.9999999,0.9946578
phone_factorial_1200_v1,sdxeq_0089__phonefact_g726_24k,0.9998566,0.00026555697,0.9999187,1.0,0.9866111
phone_factorial_1200_v1,sdxeq_0089__phonefact_opus_nb_8k,0.44799984,0.26599342,0.2541345,0.99999964,0.9931345
phone_factorial_1200_v1,sdxeq_0090__phonefact_resample8k,0.99999696,0.00176759,0.9999927,0.9926851,1.0
phone_factorial_1200_v1,sdxeq_0090__phonefact_g711_ulaw,1.0,0.00014812278,0.99999976,0.9999945,1.0
phone_factorial_1200_v1,sdxeq_0090__phonefact_g726_24k,0.9999991,0.008549042,0.99999714,0.9999831,0.9999999
phone_factorial_1200_v1,sdxeq_0090__phonefact_opus_nb_8k,0.9997978,0.0050385823,0.99987006,0.9998721,0.9999988
phone_factorial_1200_v1,sdxeq_0091__phonefact_resample8k,1.0,0.99999595,1.0,1.0,1.0
phone_factorial_1200_v1,sdxeq_0091__phonefact_g711_ulaw,1.0,0.99999905,1.0,1.0,1.0
phone_factorial_1200_v1,sdxeq_0091__phonefact_g726_24k,1.0,0.99988973,1.0,1.0,1.0
phone_factorial_1200_v1,sdxeq_0091__phonefact_opus_nb_8k,1.0,0.17051604,1.0,1.0,0.9999995
phone_factorial_1200_v1,sdxeq_0092__phonefact_resample8k,1.0,1.0,0.9994672,1.0,0.9999995
phone_factorial_1200_v1,sdxeq_0092__phonefact_g711_ulaw,1.0,1.0,0.70497364,1.0,0.99993527
phone_factorial_1200_v1,sdxeq_0092__phonefact_g726_24k,1.0,1.0,0.99559647,1.0,0.97417194
phone_factorial_1200_v1,sdxeq_0092__phonefact_opus_nb_8k,0.9999999,0.999998,0.99978703,1.0,0.85265905
phone_factorial_1200_v1,sdxeq_0093__phonefact_resample8k,1.0,0.56471217,1.0,0.99890065,1.0
phone_factorial_1200_v1,sdxeq_0093__phonefact_g711_ulaw,1.0,0.030953659,1.0,0.99989283,1.0
phone_factorial_1200_v1,sdxeq_0093__phonefact_g726_24k,1.0,0.008468406,1.0,0.9999293,1.0
phone_factorial_1200_v1,sdxeq_0093__phonefact_opus_nb_8k,0.999979,0.028182827,0.9999846,0.9129012,0.99999976
phone_factorial_1200_v1,sdxeq_0094__phonefact_resample8k,0.9999981,0.0039595105,0.9999913,0.99999666,1.0
phone_factorial_1200_v1,sdxeq_0094__phonefact_g711_ulaw,0.99999005,0.00041723342,0.99995494,0.99999976,1.0
phone_factorial_1200_v1,sdxeq_0094__phonefact_g726_24k,0.99995536,0.00021498732,0.9998068,0.999992,1.0
phone_factorial_1200_v1,sdxeq_0094__phonefact_opus_nb_8k,0.9999988,0.23898438,0.9999931,0.9999443,1.0
phone_factorial_1200_v1,sdxeq_0095__phonefact_resample8k,0.9999983,0.13365252,0.99998987,0.99999917,1.0
phone_factorial_1200_v1,sdxeq_0095__phonefact_g711_ulaw,1.0,0.9981172,1.0,0.9999924,1.0
phone_factorial_1200_v1,sdxeq_0095__phonefact_g726_24k,1.0,0.99484444,1.0,0.99988663,1.0
phone_factorial_1200_v1,sdxeq_0095__phonefact_opus_nb_8k,1.0,0.9992242,0.9999999,0.99999356,1.0
phone_factorial_1200_v1,sdxeq_0096__phonefact_resample8k,1.0,0.9585874,1.0,0.99987125,1.0
phone_factorial_1200_v1,sdxeq_0096__phonefact_g711_ulaw,1.0,0.029457372,1.0,0.97907823,1.0
phone_factorial_1200_v1,sdxeq_0096__phonefact_g726_24k,1.0,0.1353193,1.0,0.9879166,1.0
phone_factorial_1200_v1,sdxeq_0096__phonefact_opus_nb_8k,1.0,0.06552955,0.9999999,0.93781227,1.0
phone_factorial_1200_v1,sdxeq_0097__phonefact_resample8k,0.9999999,0.99999976,0.9989618,1.0,1.0
phone_factorial_1200_v1,sdxeq_0097__phonefact_g711_ulaw,1.0,0.99999964,0.99993455,0.9999994,0.99999976
phone_factorial_1200_v1,sdxeq_0097__phonefact_g726_24k,0.9999992,0.99999213,0.99940145,0.9999982,0.9999956
phone_factorial_1200_v1,sdxeq_0097__phonefact_opus_nb_8k,0.9999911,0.9998135,0.9992569,0.9998424,0.9999777
phone_factorial_1200_v1,sdxeq_0098__phonefact_resample8k,0.9965715,0.9975115,0.35124877,1.0,0.99999
phone_factorial_1200_v1,sdxeq_0098__phonefact_g711_ulaw,0.9985707,0.9427433,0.979292,1.0,0.9999815
phone_factorial_1200_v1,sdxeq_0098__phonefact_g726_24k,0.9976738,0.004458028,0.995691,1.0,0.99166006
phone_factorial_1200_v1,sdxeq_0098__phonefact_opus_nb_8k,0.0026455638,0.00021670722,0.0035045722,1.0,0.99897397
phone_factorial_1200_v1,sdxeq_0099__phonefact_resample8k,0.9999998,0.34736413,0.99999833,0.99900717,1.0
phone_factorial_1200_v1,sdxeq_0099__phonefact_g711_ulaw,1.0,0.99998844,0.99999106,0.9999939,1.0
phone_factorial_1200_v1,sdxeq_0099__phonefact_g726_24k,0.9999414,0.038629856,0.9998217,0.9999951,1.0
phone_factorial_1200_v1,sdxeq_0099__phonefact_opus_nb_8k,1.0,0.00081741903,1.0,0.99999213,1.0
phone_factorial_1200_v1,sdm_real_0000__phonefact_resample8k,0.699847,0.8595685,0.15287021,0.11470457,1.0
phone_factorial_1200_v1,sdm_real_0000__phonefact_g711_ulaw,0.28567728,0.6983851,0.0007415748,0.018854033,1.0
phone_factorial_1200_v1,sdm_real_0000__phonefact_g726_24k,0.46543515,0.82316387,0.0007497968,0.044872116,1.0
phone_factorial_1200_v1,sdm_real_0000__phonefact_opus_nb_8k,0.61976075,0.9590491,0.0002954674,0.08465135,1.0
phone_factorial_1200_v1,sdm_real_0001__phonefact_resample8k,0.05558776,0.15954807,3.63207e-05,0.87302935,1.0
phone_factorial_1200_v1,sdm_real_0001__phonefact_g711_ulaw,0.0037592682,0.0071560303,0.00047777712,0.2652753,1.0
phone_factorial_1200_v1,sdm_real_0001__phonefact_g726_24k,0.011340491,0.0404724,0.00043090587,0.31888464,1.0
phone_factorial_1200_v1,sdm_real_0001__phonefact_opus_nb_8k,0.0015827717,0.0056705214,4.5482775e-06,0.0024942507,1.0
phone_factorial_1200_v1,sdm_real_0002__phonefact_resample8k,0.73262787,0.86333853,4.075099e-09,0.30027187,1.0
phone_factorial_1200_v1,sdm_real_0002__phonefact_g711_ulaw,0.89839554,0.965624,2.3399538e-09,0.21724558,1.0
phone_factorial_1200_v1,sdm_real_0002__phonefact_g726_24k,0.96311986,0.98439133,1.5362112e-08,0.78992486,1.0
phone_factorial_1200_v1,sdm_real_0002__phonefact_opus_nb_8k,0.9213546,0.950503,2.91191e-06,0.36879027,1.0
phone_factorial_1200_v1,sdm_real_0003__phonefact_resample8k,0.99925494,0.09137107,0.9970394,0.9940637,1.0
phone_factorial_1200_v1,sdm_real_0003__phonefact_g711_ulaw,0.2708893,0.027597077,0.29145715,0.3742599,1.0
phone_factorial_1200_v1,sdm_real_0003__phonefact_g726_24k,0.65353674,0.011259446,0.57502633,0.6744989,1.0
phone_factorial_1200_v1,sdm_real_0003__phonefact_opus_nb_8k,0.010871947,0.004637303,0.023042932,0.053698562,1.0
phone_factorial_1200_v1,sdm_real_0004__phonefact_resample8k,0.33158466,0.9114621,0.00020866969,0.2890575,1.0
phone_factorial_1200_v1,sdm_real_0004__phonefact_g711_ulaw,0.027660128,0.12250165,2.177698e-05,0.057221282,1.0
phone_factorial_1200_v1,sdm_real_0004__phonefact_g726_24k,0.0065189446,0.023796776,0.0016065455,0.3275467,1.0
phone_factorial_1200_v1,sdm_real_0004__phonefact_opus_nb_8k,0.21011823,0.77225477,0.00010612423,0.019721838,1.0
phone_factorial_1200_v1,sdm_real_0005__phonefact_resample8k,0.0025065683,0.00020057015,8.427563e-08,0.9993556,1.0
phone_factorial_1200_v1,sdm_real_0005__phonefact_g711_ulaw,0.0040799608,0.00019855094,0.00021552734,0.7590841,1.0
phone_factorial_1200_v1,sdm_real_0005__phonefact_g726_24k,0.0017317669,0.00021842214,2.241876e-07,0.9837901,1.0
phone_factorial_1200_v1,sdm_real_0005__phonefact_opus_nb_8k,0.00069191615,2.7357e-05,0.00014151049,0.30005363,1.0
phone_factorial_1200_v1,sdm_real_0006__phonefact_resample8k,0.03595469,0.07298812,1.712763e-06,0.46074656,1.0
phone_factorial_1200_v1,sdm_real_0006__phonefact_g711_ulaw,0.01606043,0.013033045,1.09697e-06,0.07795798,1.0
phone_factorial_1200_v1,sdm_real_0006__phonefact_g726_24k,0.0048132967,0.0018790211,1.5092959e-06,0.22936338,1.0
phone_factorial_1200_v1,sdm_real_0006__phonefact_opus_nb_8k,0.05970745,0.072131634,0.0013269855,0.21868865,1.0
phone_factorial_1200_v1,sdm_real_0007__phonefact_resample8k,0.00055060675,0.00013499688,1.3801597e-06,0.43491358,1.0
phone_factorial_1200_v1,sdm_real_0007__phonefact_g711_ulaw,0.00036744744,8.235889e-05,6.466432e-07,0.93816155,1.0
phone_factorial_1200_v1,sdm_real_0007__phonefact_g726_24k,0.00038561312,0.00036683233,6.9129136e-08,0.16491869,1.0
phone_factorial_1200_v1,sdm_real_0007__phonefact_opus_nb_8k,0.0014306626,0.00016190603,2.9602905e-05,0.5758348,1.0
phone_factorial_1200_v1,sdm_real_0008__phonefact_resample8k,0.30194002,0.05541549,0.44413948,0.040847275,1.0
phone_factorial_1200_v1,sdm_real_0008__phonefact_g711_ulaw,0.013621943,0.0017113172,0.029842678,0.013512925,1.0
phone_factorial_1200_v1,sdm_real_0008__phonefact_g726_24k,0.102843985,0.0022507592,0.30877763,0.029751103,1.0
phone_factorial_1200_v1,sdm_real_0008__phonefact_opus_nb_8k,0.23694983,0.0037336762,0.67709684,0.0569846,1.0
phone_factorial_1200_v1,sdm_real_0009__phonefact_resample8k,0.0015543449,0.0018185697,0.00063766754,0.0059945933,1.0
phone_factorial_1200_v1,sdm_real_0009__phonefact_g711_ulaw,0.0017321159,0.0056482228,6.182745e-06,0.00053716806,1.0
phone_factorial_1200_v1,sdm_real_0009__phonefact_g726_24k,0.0020229868,0.008400777,2.2245356e-05,0.00016725772,0.9999999
phone_factorial_1200_v1,sdm_real_0009__phonefact_opus_nb_8k,0.11112543,0.46448663,3.9705174e-06,0.003757839,0.9999999
phone_factorial_1200_v1,sdm_real_0010__phonefact_resample8k,0.034977466,0.123145856,1.0291232e-08,0.10606508,1.0
phone_factorial_1200_v1,sdm_real_0010__phonefact_g711_ulaw,0.041305345,0.16683581,5.6862968e-09,0.026325446,1.0
phone_factorial_1200_v1,sdm_real_0010__phonefact_g726_24k,0.01606274,0.062421896,8.494062e-09,0.032136306,1.0
phone_factorial_1200_v1,sdm_real_0010__phonefact_opus_nb_8k,0.01151558,0.039564565,3.852783e-07,0.14584959,1.0
phone_factorial_1200_v1,sdm_real_0011__phonefact_resample8k,0.20444499,0.33123678,0.031653695,0.25542507,1.0
phone_factorial_1200_v1,sdm_real_0011__phonefact_g711_ulaw,0.059460588,0.12262048,0.0067985975,0.093316495,1.0
phone_factorial_1200_v1,sdm_real_0011__phonefact_g726_24k,0.040917195,0.031095652,0.056855224,0.08242379,1.0
phone_factorial_1200_v1,sdm_real_0011__phonefact_opus_nb_8k,0.052466787,0.1139817,0.0008750924,0.6563772,1.0
phone_factorial_1200_v1,sdm_real_0012__phonefact_resample8k,0.9237345,0.8533872,0.55382425,0.9957766,1.0
phone_factorial_1200_v1,sdm_real_0012__phonefact_g711_ulaw,0.9610468,0.7987512,0.85033685,0.795448,1.0
phone_factorial_1200_v1,sdm_real_0012__phonefact_g726_24k,0.9441359,0.5469103,0.9420982,0.70469815,1.0
phone_factorial_1200_v1,sdm_real_0012__phonefact_opus_nb_8k,0.91692686,0.2224453,0.8660231,0.34191638,1.0
phone_factorial_1200_v1,sdm_real_0013__phonefact_resample8k,0.06069079,0.15443182,0.0006926618,0.5931775,1.0
phone_factorial_1200_v1,sdm_real_0013__phonefact_g711_ulaw,0.019865701,0.041971803,5.7804417e-08,0.01854554,1.0
phone_factorial_1200_v1,sdm_real_0013__phonefact_g726_24k,0.09925568,0.28063172,7.9718666e-07,0.02515651,1.0
phone_factorial_1200_v1,sdm_real_0013__phonefact_opus_nb_8k,0.99877584,0.9988519,6.552722e-07,0.8111566,1.0
phone_factorial_1200_v1,sdm_real_0014__phonefact_resample8k,0.01799723,0.041106477,1.1191185e-07,0.020356977,1.0
phone_factorial_1200_v1,sdm_real_0014__phonefact_g711_ulaw,0.0035665845,0.006044324,9.051718e-09,0.023964824,1.0
phone_factorial_1200_v1,sdm_real_0014__phonefact_g726_24k,0.0010162722,0.00088568847,2.2067802e-07,0.09117651,1.0
phone_factorial_1200_v1,sdm_real_0014__phonefact_opus_nb_8k,0.0007699063,0.0005426307,6.477844e-07,0.07030995,1.0
phone_factorial_1200_v1,sdm_real_0015__phonefact_resample8k,0.7093559,0.0958127,0.54352915,0.8304831,1.0
phone_factorial_1200_v1,sdm_real_0015__phonefact_g711_ulaw,0.032514136,0.04867019,0.0020715431,0.19621836,1.0
phone_factorial_1200_v1,sdm_real_0015__phonefact_g726_24k,0.17448297,0.19829129,0.033529237,0.2698542,1.0
phone_factorial_1200_v1,sdm_real_0015__phonefact_opus_nb_8k,0.0019040997,0.00071010506,6.831881e-06,0.034063987,1.0
phone_factorial_1200_v1,sdm_real_0016__phonefact_resample8k,0.9963714,0.70179045,0.9889126,0.4371051,1.0
phone_factorial_1200_v1,sdm_real_0016__phonefact_g711_ulaw,0.0014559398,0.0014232391,0.0013887587,0.0069465977,1.0
phone_factorial_1200_v1,sdm_real_0016__phonefact_g726_24k,0.0029824844,0.0045004985,0.0022763428,0.011071127,1.0
phone_factorial_1200_v1,sdm_real_0016__phonefact_opus_nb_8k,0.0018667339,5.7134395e-05,0.005969158,0.30336103,1.0
phone_factorial_1200_v1,sdm_real_0017__phonefact_resample8k,0.8938011,0.21372385,0.85840213,0.94691646,1.0
phone_factorial_1200_v1,sdm_real_0017__phonefact_g711_ulaw,0.049153358,0.10610261,0.007800488,0.9906791,1.0
phone_factorial_1200_v1,sdm_real_0017__phonefact_g726_24k,0.078696236,0.23771784,0.0017919963,0.97785383,1.0
phone_factorial_1200_v1,sdm_real_0017__phonefact_opus_nb_8k,0.0072931107,0.025782697,0.00055251026,0.0044465447,1.0
phone_factorial_1200_v1,sdm_real_0018__phonefact_resample8k,0.9999157,0.99997926,0.033497784,0.9999931,1.0
phone_factorial_1200_v1,sdm_real_0018__phonefact_g711_ulaw,0.99998415,0.99998343,0.9910591,0.9999292,1.0
phone_factorial_1200_v1,sdm_real_0018__phonefact_g726_24k,0.99999076,0.9998932,0.9997693,0.9989705,1.0
phone_factorial_1200_v1,sdm_real_0018__phonefact_opus_nb_8k,0.9999288,0.99998796,0.0020786775,0.7839424,1.0
phone_factorial_1200_v1,sdm_real_0019__phonefact_resample8k,0.00359419,0.008314988,7.312935e-08,0.0013208167,1.0
phone_factorial_1200_v1,sdm_real_0019__phonefact_g711_ulaw,0.0035513039,0.008676838,4.8927518e-08,0.0023181282,1.0
phone_factorial_1200_v1,sdm_real_0019__phonefact_g726_24k,0.02338402,0.05898887,7.6345486e-07,0.004450234,1.0
phone_factorial_1200_v1,sdm_real_0019__phonefact_opus_nb_8k,0.27717096,0.74249077,4.167082e-06,0.0037030356,1.0
phone_factorial_1200_v1,sdm_real_0020__phonefact_resample8k,0.9827356,0.48029855,0.97021097,0.60463023,1.0
phone_factorial_1200_v1,sdm_real_0020__phonefact_g711_ulaw,0.15991022,0.59791553,0.0056528896,0.09255609,1.0
phone_factorial_1200_v1,sdm_real_0020__phonefact_g726_24k,0.11162455,0.4866194,0.0035821793,0.025314622,1.0
phone_factorial_1200_v1,sdm_real_0020__phonefact_opus_nb_8k,0.0028539272,0.0002657958,0.010802397,0.18998659,1.0
phone_factorial_1200_v1,sdm_real_0021__phonefact_resample8k,0.9684804,0.6508694,0.8601323,0.17654745,1.0
phone_factorial_1200_v1,sdm_real_0021__phonefact_g711_ulaw,0.012606148,0.039044265,1.3453754e-05,0.021481128,1.0
phone_factorial_1200_v1,sdm_real_0021__phonefact_g726_24k,0.007813318,0.029677963,3.7371954e-06,0.041382097,1.0
phone_factorial_1200_v1,sdm_real_0021__phonefact_opus_nb_8k,0.025000792,0.063472524,0.00043671223,0.07042806,0.9999999
phone_factorial_1200_v1,sdm_real_0022__phonefact_resample8k,0.31496027,0.5714058,1.17715775e-08,0.043512918,1.0
phone_factorial_1200_v1,sdm_real_0022__phonefact_g711_ulaw,0.42079252,0.59593564,3.4592722e-07,0.1115991,1.0
phone_factorial_1200_v1,sdm_real_0022__phonefact_g726_24k,0.53574246,0.7041523,2.0191561e-07,0.113364816,1.0
phone_factorial_1200_v1,sdm_real_0022__phonefact_opus_nb_8k,0.00092530134,0.0021605624,2.0325501e-08,0.09084681,1.0
phone_factorial_1200_v1,sdm_real_0023__phonefact_resample8k,0.9999739,0.024385303,0.9998776,0.7928024,1.0
phone_factorial_1200_v1,sdm_real_0023__phonefact_g711_ulaw,0.99999994,0.0046931817,0.99999964,0.9456264,1.0
phone_factorial_1200_v1,sdm_real_0023__phonefact_g726_24k,0.99999994,0.21474351,0.99999964,0.91897905,1.0
phone_factorial_1200_v1,sdm_real_0023__phonefact_opus_nb_8k,0.99818814,0.11188541,0.99168867,0.26870498,1.0
phone_factorial_1200_v1,sdm_real_0024__phonefact_resample8k,0.40522057,0.7285673,0.023818193,0.9861346,1.0
phone_factorial_1200_v1,sdm_real_0024__phonefact_g711_ulaw,0.986235,0.07451515,0.9545566,0.8212988,1.0
phone_factorial_1200_v1,sdm_real_0024__phonefact_g726_24k,0.9477371,0.44713324,0.8246737,0.862502,1.0
phone_factorial_1200_v1,sdm_real_0024__phonefact_opus_nb_8k,0.8592464,0.96339226,1.9704947e-07,0.4605,1.0
phone_factorial_1200_v1,sdm_real_0025__phonefact_resample8k,0.8157348,0.85669357,0.41264585,0.7346407,1.0
phone_factorial_1200_v1,sdm_real_0025__phonefact_g711_ulaw,0.016289862,0.021198332,1.393691e-05,0.37092558,1.0
phone_factorial_1200_v1,sdm_real_0025__phonefact_g726_24k,0.20383492,0.36346906,2.6145897e-05,0.6161952,1.0
phone_factorial_1200_v1,sdm_real_0025__phonefact_opus_nb_8k,0.8443681,0.03807896,0.89383656,0.16571434,1.0
phone_factorial_1200_v1,sdm_real_0026__phonefact_resample8k,0.010411786,0.032239653,2.66264e-05,0.005746848,1.0
phone_factorial_1200_v1,sdm_real_0026__phonefact_g711_ulaw,0.15338057,0.4766174,1.034786e-06,0.013407151,1.0
phone_factorial_1200_v1,sdm_real_0026__phonefact_g726_24k,0.11463044,0.352567,1.212874e-06,0.06280694,1.0
phone_factorial_1200_v1,sdm_real_0026__phonefact_opus_nb_8k,0.11395639,0.41521326,8.757329e-08,0.0050744847,1.0
phone_factorial_1200_v1,sdm_real_0027__phonefact_resample8k,0.9999504,0.96693134,0.99822575,0.9898515,1.0
phone_factorial_1200_v1,sdm_real_0027__phonefact_g711_ulaw,0.5921308,0.6771667,0.07324421,0.5169809,1.0
phone_factorial_1200_v1,sdm_real_0027__phonefact_g726_24k,0.19331802,0.49126977,0.00057173136,0.21003401,1.0
phone_factorial_1200_v1,sdm_real_0027__phonefact_opus_nb_8k,0.14701445,0.5691182,0.0006389423,0.067856535,1.0
phone_factorial_1200_v1,sdm_real_0028__phonefact_resample8k,0.9999266,0.04009499,0.99968874,0.9993494,1.0
phone_factorial_1200_v1,sdm_real_0028__phonefact_g711_ulaw,0.00596249,0.025329834,6.9337176e-07,0.0070367632,1.0
phone_factorial_1200_v1,sdm_real_0028__phonefact_g726_24k,0.0011213396,0.0039523933,9.4042224e-07,0.0053257677,1.0
phone_factorial_1200_v1,sdm_real_0028__phonefact_opus_nb_8k,0.004193715,0.016461905,6.3426114e-07,0.03562353,1.0
phone_factorial_1200_v1,sdm_real_0029__phonefact_resample8k,0.65902686,0.68215305,2.8795153e-05,0.99813986,1.0
phone_factorial_1200_v1,sdm_real_0029__phonefact_g711_ulaw,0.6340034,0.61498713,2.5680261e-05,0.19898345,1.0
phone_factorial_1200_v1,sdm_real_0029__phonefact_g726_24k,0.92332816,0.8990346,0.00021803865,0.44399852,1.0
phone_factorial_1200_v1,sdm_real_0029__phonefact_opus_nb_8k,0.99628156,0.9964134,1.517895e-05,0.25018865,1.0
phone_factorial_1200_v1,sdm_real_0030__phonefact_resample8k,0.9983998,0.6869638,0.994449,0.8238621,1.0
phone_factorial_1200_v1,sdm_real_0030__phonefact_g711_ulaw,0.23274454,0.5895693,0.17785795,0.12500806,1.0
phone_factorial_1200_v1,sdm_real_0030__phonefact_g726_24k,0.11188515,0.27279994,0.071957774,0.32750252,1.0
phone_factorial_1200_v1,sdm_real_0030__phonefact_opus_nb_8k,0.0051855603,0.00696131,7.193733e-05,0.07050677,1.0
phone_factorial_1200_v1,sdm_real_0031__phonefact_resample8k,0.9697201,0.99679595,0.00015916744,0.95907664,1.0
phone_factorial_1200_v1,sdm_real_0031__phonefact_g711_ulaw,0.24495977,0.49217227,5.2673595e-08,0.1871381,1.0
phone_factorial_1200_v1,sdm_real_0031__phonefact_g726_24k,0.48720795,0.7493147,4.0707118e-08,0.6588958,1.0
phone_factorial_1200_v1,sdm_real_0031__phonefact_opus_nb_8k,0.93441725,0.9367448,8.393327e-07,0.21188568,1.0
phone_factorial_1200_v1,sdm_real_0032__phonefact_resample8k,0.026501805,0.049010746,0.008293578,0.05203554,1.0
phone_factorial_1200_v1,sdm_real_0032__phonefact_g711_ulaw,0.025865002,0.037256606,0.013534102,0.15845951,1.0
phone_factorial_1200_v1,sdm_real_0032__phonefact_g726_24k,0.0051218863,0.011877474,6.690239e-07,0.50269675,1.0
phone_factorial_1200_v1,sdm_real_0032__phonefact_opus_nb_8k,0.00032072898,0.00015727077,8.5198053e-07,0.56018955,1.0
phone_factorial_1200_v1,sdm_real_0033__phonefact_resample8k,0.9998139,0.99926513,0.9920947,0.50785583,1.0
phone_factorial_1200_v1,sdm_real_0033__phonefact_g711_ulaw,0.95805156,0.9929634,0.88184196,0.031382196,1.0
phone_factorial_1200_v1,sdm_real_0033__phonefact_g726_24k,0.50281525,0.9447415,0.024036901,0.070825554,1.0
phone_factorial_1200_v1,sdm_real_0033__phonefact_opus_nb_8k,0.6925229,0.9848166,0.01913381,0.15109673,1.0
phone_factorial_1200_v1,sdm_real_0034__phonefact_resample8k,0.32218975,0.95000666,4.0357e-05,0.17830311,1.0
phone_factorial_1200_v1,sdm_real_0034__phonefact_g711_ulaw,0.23422801,0.85206544,7.0132967e-07,0.013935273,1.0
phone_factorial_1200_v1,sdm_real_0034__phonefact_g726_24k,0.5227594,0.9761212,4.8224126e-07,0.13098846,1.0
phone_factorial_1200_v1,sdm_real_0034__phonefact_opus_nb_8k,0.043941148,0.14227086,3.3276145e-05,0.023807058,1.0
phone_factorial_1200_v1,sdm_real_0035__phonefact_resample8k,0.7002062,0.88892645,0.0052443016,0.40636075,1.0
phone_factorial_1200_v1,sdm_real_0035__phonefact_g711_ulaw,0.44947797,0.6999482,2.3756671e-07,0.2576027,1.0
phone_factorial_1200_v1,sdm_real_0035__phonefact_g726_24k,0.13045347,0.3208,2.2722243e-06,0.050340276,1.0
phone_factorial_1200_v1,sdm_real_0035__phonefact_opus_nb_8k,0.00026975558,3.4633264e-05,7.066313e-06,0.45987624,1.0
phone_factorial_1200_v1,sdm_real_0036__phonefact_resample8k,0.8820122,0.98977506,0.0072222776,0.40588307,1.0
phone_factorial_1200_v1,sdm_real_0036__phonefact_g711_ulaw,0.9745051,0.99919456,9.1051064e-05,0.29589647,1.0
phone_factorial_1200_v1,sdm_real_0036__phonefact_g726_24k,0.9696738,0.99875915,1.3303521e-05,0.19487885,1.0
phone_factorial_1200_v1,sdm_real_0036__phonefact_opus_nb_8k,0.015873821,0.0445283,1.4839868e-05,0.00303981,1.0
phone_factorial_1200_v1,sdm_real_0037__phonefact_resample8k,0.0479902,0.15749991,2.8727095e-06,0.0075439415,1.0
phone_factorial_1200_v1,sdm_real_0037__phonefact_g711_ulaw,0.028234918,0.070096985,4.028867e-05,0.017510083,1.0
phone_factorial_1200_v1,sdm_real_0037__phonefact_g726_24k,0.0045631994,0.010828649,0.0006076206,0.0056217927,0.9999994
phone_factorial_1200_v1,sdm_real_0037__phonefact_opus_nb_8k,0.18357271,0.45166695,5.701385e-06,0.031956106,1.0
phone_factorial_1200_v1,sdm_real_0038__phonefact_resample8k,0.012946168,0.02659417,9.512495e-06,0.21299803,1.0
phone_factorial_1200_v1,sdm_real_0038__phonefact_g711_ulaw,0.37522846,0.6472431,3.9415613e-06,0.23028955,1.0
phone_factorial_1200_v1,sdm_real_0038__phonefact_g726_24k,0.048388496,0.10418124,2.8890843e-06,0.059871294,1.0
phone_factorial_1200_v1,sdm_real_0038__phonefact_opus_nb_8k,0.003728434,0.006947127,1.8601493e-05,0.016781501,1.0
phone_factorial_1200_v1,sdm_real_0039__phonefact_resample8k,0.25112116,0.78864294,0.00016212571,0.24158683,1.0
phone_factorial_1200_v1,sdm_real_0039__phonefact_g711_ulaw,0.32431453,0.78869456,5.65502e-08,0.21421938,1.0
phone_factorial_1200_v1,sdm_real_0039__phonefact_g726_24k,0.16806486,0.6276661,1.8207508e-07,0.01597972,1.0
phone_factorial_1200_v1,sdm_real_0039__phonefact_opus_nb_8k,0.01791108,0.060918357,1.8375651e-07,0.013289209,1.0
phone_factorial_1200_v1,sdm_real_0040__phonefact_resample8k,0.29475462,0.41724145,1.3487431e-08,0.5108886,1.0
phone_factorial_1200_v1,sdm_real_0040__phonefact_g711_ulaw,0.6238417,0.83697796,2.3314355e-07,0.0110975895,1.0
phone_factorial_1200_v1,sdm_real_0040__phonefact_g726_24k,0.7609256,0.9642459,2.370987e-06,0.020169094,1.0
phone_factorial_1200_v1,sdm_real_0040__phonefact_opus_nb_8k,0.1657008,0.4433966,2.9776436e-05,0.003783732,1.0
phone_factorial_1200_v1,sdm_real_0041__phonefact_resample8k,0.0012716071,1.0841686e-05,0.0033161605,0.04969208,1.0
phone_factorial_1200_v1,sdm_real_0041__phonefact_g711_ulaw,4.724766e-05,1.6223885e-05,3.0817915e-07,0.007953642,1.0
phone_factorial_1200_v1,sdm_real_0041__phonefact_g726_24k,0.00023528757,0.00015915468,8.637633e-06,0.008518211,1.0
phone_factorial_1200_v1,sdm_real_0041__phonefact_opus_nb_8k,0.018623263,0.00017736995,0.06541954,0.9011587,1.0
phone_factorial_1200_v1,sdm_real_0042__phonefact_resample8k,0.08883475,0.3600581,1.3813645e-06,0.003586846,1.0
phone_factorial_1200_v1,sdm_real_0042__phonefact_g711_ulaw,0.21269388,0.74463665,7.8940485e-07,0.009346644,1.0
phone_factorial_1200_v1,sdm_real_0042__phonefact_g726_24k,0.2144089,0.8441007,1.3953961e-05,0.008365776,1.0
phone_factorial_1200_v1,sdm_real_0042__phonefact_opus_nb_8k,0.19166285,0.71375287,1.2089016e-05,0.035419624,1.0
phone_factorial_1200_v1,sdm_real_0043__phonefact_resample8k,0.029964875,0.093097776,4.8542133e-06,0.08023682,1.0
phone_factorial_1200_v1,sdm_real_0043__phonefact_g711_ulaw,0.0129815675,0.036759403,9.643036e-06,0.004116285,1.0
phone_factorial_1200_v1,sdm_real_0043__phonefact_g726_24k,0.0075812642,0.020059254,3.6643946e-06,0.0035783332,1.0
phone_factorial_1200_v1,sdm_real_0043__phonefact_opus_nb_8k,0.5896588,0.8194817,1.7417555e-05,0.008398292,1.0
phone_factorial_1200_v1,sdm_real_0044__phonefact_resample8k,0.9842536,0.008331669,0.9921165,0.050221354,0.99996626
phone_factorial_1200_v1,sdm_real_0044__phonefact_g711_ulaw,0.002676667,0.0028326793,0.0062237843,0.0009872341,0.9998752
phone_factorial_1200_v1,sdm_real_0044__phonefact_g726_24k,0.0005010913,0.0008812614,4.0013747e-05,0.0036878914,0.9999324
phone_factorial_1200_v1,sdm_real_0044__phonefact_opus_nb_8k,0.2809323,0.01418735,0.63385105,0.005015548,0.9999902
phone_factorial_1200_v1,sdm_real_0045__phonefact_resample8k,0.0340612,0.109541155,4.8528233e-05,0.030272156,1.0
phone_factorial_1200_v1,sdm_real_0045__phonefact_g711_ulaw,0.009705013,0.041689005,1.2532772e-06,0.00070802483,1.0
phone_factorial_1200_v1,sdm_real_0045__phonefact_g726_24k,0.004683886,0.019816706,2.9888011e-05,0.00043652326,1.0
phone_factorial_1200_v1,sdm_real_0045__phonefact_opus_nb_8k,0.1770156,0.649064,4.3943355e-06,0.0028387061,1.0
phone_factorial_1200_v1,sdm_real_0046__phonefact_resample8k,0.7338647,0.19239374,0.75065106,0.08519038,1.0
phone_factorial_1200_v1,sdm_real_0046__phonefact_g711_ulaw,0.020266397,0.05809875,0.015517905,0.0013443782,1.0
phone_factorial_1200_v1,sdm_real_0046__phonefact_g726_24k,0.22814986,0.4309999,0.3945872,0.0017031934,1.0
phone_factorial_1200_v1,sdm_real_0046__phonefact_opus_nb_8k,0.23656237,0.8372711,0.11135994,0.013838931,1.0
phone_factorial_1200_v1,sdm_real_0047__phonefact_resample8k,0.53863406,0.29481447,0.25412259,0.986875,1.0
phone_factorial_1200_v1,sdm_real_0047__phonefact_g711_ulaw,0.038954645,0.073827155,0.00024337365,0.6828205,1.0
phone_factorial_1200_v1,sdm_real_0047__phonefact_g726_24k,0.17755197,0.1899162,0.0072435127,0.66489303,1.0
phone_factorial_1200_v1,sdm_real_0047__phonefact_opus_nb_8k,0.7992959,0.02402689,0.5361086,0.6609653,1.0
phone_factorial_1200_v1,sdm_real_0048__phonefact_resample8k,0.8237153,0.49678394,0.49313563,0.7169517,1.0
phone_factorial_1200_v1,sdm_real_0048__phonefact_g711_ulaw,0.091274835,0.0038361484,0.23975924,0.10580937,1.0
phone_factorial_1200_v1,sdm_real_0048__phonefact_g726_24k,0.18372652,0.005684713,0.36179045,0.053201508,1.0
phone_factorial_1200_v1,sdm_real_0048__phonefact_opus_nb_8k,0.010941723,0.006905627,0.016676405,0.18672131,1.0
phone_factorial_1200_v1,sdm_real_0049__phonefact_resample8k,0.04272264,0.13259317,1.5788663e-07,0.0075763627,1.0
phone_factorial_1200_v1,sdm_real_0049__phonefact_g711_ulaw,0.0039785164,0.015502992,1.2394148e-08,0.0012361087,1.0
phone_factorial_1200_v1,sdm_real_0049__phonefact_g726_24k,0.006772969,0.028953746,2.1787871e-08,0.0026998767,1.0
phone_factorial_1200_v1,sdm_real_0049__phonefact_opus_nb_8k,0.0025669555,0.007755144,1.7129707e-07,0.0049046306,1.0
phone_factorial_1200_v1,sdm_fake_0000__phonefact_resample8k,1.0,0.02528394,0.9999999,0.8348517,1.0
phone_factorial_1200_v1,sdm_fake_0000__phonefact_g711_ulaw,1.0,0.08482013,1.0,0.11225864,1.0
phone_factorial_1200_v1,sdm_fake_0000__phonefact_g726_24k,1.0,0.98502547,1.0,0.16628097,1.0
phone_factorial_1200_v1,sdm_fake_0000__phonefact_opus_nb_8k,1.0,0.552205,1.0,0.82291746,1.0
phone_factorial_1200_v1,sdm_fake_0001__phonefact_resample8k,1.0,0.66661876,1.0,0.022364559,1.0
phone_factorial_1200_v1,sdm_fake_0001__phonefact_g711_ulaw,1.0,0.12058103,1.0,0.0022865434,1.0
phone_factorial_1200_v1,sdm_fake_0001__phonefact_g726_24k,1.0,0.006515057,1.0,0.0033042447,1.0
phone_factorial_1200_v1,sdm_fake_0001__phonefact_opus_nb_8k,1.0,0.7160317,1.0,0.008243403,1.0
phone_factorial_1200_v1,sdm_fake_0002__phonefact_resample8k,0.99999994,0.8582416,0.999997,0.018992877,1.0
phone_factorial_1200_v1,sdm_fake_0002__phonefact_g711_ulaw,1.0,0.8379337,1.0,0.0113736745,1.0
phone_factorial_1200_v1,sdm_fake_0002__phonefact_g726_24k,1.0,0.7563274,0.9999994,0.025391819,1.0
phone_factorial_1200_v1,sdm_fake_0002__phonefact_opus_nb_8k,0.9999136,0.00068788754,0.99959034,0.8678792,1.0
phone_factorial_1200_v1,sdm_fake_0003__phonefact_resample8k,0.9512121,0.0006918658,0.9778984,0.23582584,1.0
phone_factorial_1200_v1,sdm_fake_0003__phonefact_g711_ulaw,0.99992085,0.00013320593,0.99977094,0.92272264,1.0
phone_factorial_1200_v1,sdm_fake_0003__phonefact_g726_24k,0.9870426,0.0007973709,0.99196506,0.592421,1.0
phone_factorial_1200_v1,sdm_fake_0003__phonefact_opus_nb_8k,0.99546796,0.001419349,0.9933964,0.88476926,1.0
phone_factorial_1200_v1,sdm_fake_0004__phonefact_resample8k,1.0,0.97540456,1.0,0.6997737,1.0
phone_factorial_1200_v1,sdm_fake_0004__phonefact_g711_ulaw,1.0,0.9165027,1.0,0.0044050375,1.0
phone_factorial_1200_v1,sdm_fake_0004__phonefact_g726_24k,1.0,0.88497967,1.0,0.0056542456,1.0
phone_factorial_1200_v1,sdm_fake_0004__phonefact_opus_nb_8k,1.0,0.8574695,1.0,0.06321921,1.0
phone_factorial_1200_v1,sdm_fake_0005__phonefact_resample8k,1.0,0.9786482,1.0,0.0012681343,1.0
phone_factorial_1200_v1,sdm_fake_0005__phonefact_g711_ulaw,1.0,0.02905541,1.0,0.0047445265,1.0
phone_factorial_1200_v1,sdm_fake_0005__phonefact_g726_24k,1.0,0.15272905,1.0,0.004755759,1.0
phone_factorial_1200_v1,sdm_fake_0005__phonefact_opus_nb_8k,1.0,0.0043390533,1.0,0.05220392,1.0
phone_factorial_1200_v1,sdm_fake_0006__phonefact_resample8k,1.0,0.9414364,1.0,0.013161461,1.0
phone_factorial_1200_v1,sdm_fake_0006__phonefact_g711_ulaw,1.0,0.05023788,1.0,0.0054463213,1.0
phone_factorial_1200_v1,sdm_fake_0006__phonefact_g726_24k,1.0,0.13277721,1.0,0.0071813236,1.0
phone_factorial_1200_v1,sdm_fake_0006__phonefact_opus_nb_8k,1.0,0.7061347,0.9999999,0.035857104,1.0
phone_factorial_1200_v1,sdm_fake_0007__phonefact_resample8k,1.0,0.46725023,1.0,0.51628333,1.0
phone_factorial_1200_v1,sdm_fake_0007__phonefact_g711_ulaw,1.0,0.40206906,1.0,0.11444471,1.0
phone_factorial_1200_v1,sdm_fake_0007__phonefact_g726_24k,1.0,0.13860023,1.0,0.22974116,1.0
phone_factorial_1200_v1,sdm_fake_0007__phonefact_opus_nb_8k,1.0,0.1344356,1.0,0.16231634,1.0
phone_factorial_1200_v1,sdm_fake_0008__phonefact_resample8k,0.99999964,0.123420425,0.99999785,0.8818412,1.0
phone_factorial_1200_v1,sdm_fake_0008__phonefact_g711_ulaw,0.9999999,0.013385624,0.9999993,0.4126775,1.0
phone_factorial_1200_v1,sdm_fake_0008__phonefact_g726_24k,1.0,0.064415626,0.9999999,0.17688355,1.0
phone_factorial_1200_v1,sdm_fake_0008__phonefact_opus_nb_8k,0.9999996,0.10732465,0.9999975,0.40550706,1.0
phone_factorial_1200_v1,sdm_fake_0009__phonefact_resample8k,1.0,0.7200942,1.0,0.056850836,1.0
phone_factorial_1200_v1,sdm_fake_0009__phonefact_g711_ulaw,1.0,0.08642741,1.0,0.075020075,1.0
phone_factorial_1200_v1,sdm_fake_0009__phonefact_g726_24k,1.0,0.0851019,1.0,0.0644626,1.0
phone_factorial_1200_v1,sdm_fake_0009__phonefact_opus_nb_8k,0.99999994,0.0018264222,0.99999964,0.06446791,1.0
phone_factorial_1200_v1,sdm_fake_0010__phonefact_resample8k,1.0,0.9415534,1.0,0.007580864,1.0
phone_factorial_1200_v1,sdm_fake_0010__phonefact_g711_ulaw,1.0,0.98437554,1.0,0.009463673,1.0
phone_factorial_1200_v1,sdm_fake_0010__phonefact_g726_24k,1.0,0.9948378,1.0,0.007934423,1.0
phone_factorial_1200_v1,sdm_fake_0010__phonefact_opus_nb_8k,1.0,0.93371606,1.0,0.30504707,1.0
phone_factorial_1200_v1,sdm_fake_0011__phonefact_resample8k,1.0,0.2467228,1.0,0.03540139,1.0
phone_factorial_1200_v1,sdm_fake_0011__phonefact_g711_ulaw,0.99999994,0.044687763,0.99999964,0.009054246,1.0
phone_factorial_1200_v1,sdm_fake_0011__phonefact_g726_24k,0.9999972,0.049097184,0.9999858,0.024719419,1.0
phone_factorial_1200_v1,sdm_fake_0011__phonefact_opus_nb_8k,0.99999976,0.03537468,0.9999987,0.18026432,1.0
phone_factorial_1200_v1,sdm_fake_0012__phonefact_resample8k,1.0,0.12726887,1.0,0.0071801813,1.0
phone_factorial_1200_v1,sdm_fake_0012__phonefact_g711_ulaw,1.0,0.011659866,1.0,0.028488472,1.0
phone_factorial_1200_v1,sdm_fake_0012__phonefact_g726_24k,1.0,0.105770834,0.99999976,0.0078010634,1.0
phone_factorial_1200_v1,sdm_fake_0012__phonefact_opus_nb_8k,1.0,0.0019301405,1.0,0.061064236,1.0
phone_factorial_1200_v1,sdm_fake_0013__phonefact_resample8k,1.0,0.0026495894,1.0,0.5192406,1.0
phone_factorial_1200_v1,sdm_fake_0013__phonefact_g711_ulaw,1.0,0.0015249301,0.99999976,0.029968398,1.0
phone_factorial_1200_v1,sdm_fake_0013__phonefact_g726_24k,1.0,0.0010203604,0.9999999,0.020671597,1.0
phone_factorial_1200_v1,sdm_fake_0013__phonefact_opus_nb_8k,0.99999946,0.0014172905,0.99999726,0.16412753,1.0
phone_factorial_1200_v1,sdm_fake_0014__phonefact_resample8k,0.9998904,0.004258065,0.9998412,0.73190147,1.0
phone_factorial_1200_v1,sdm_fake_0014__phonefact_g711_ulaw,0.9996522,0.00032450762,0.9992242,0.2828236,1.0
phone_factorial_1200_v1,sdm_fake_0014__phonefact_g726_24k,0.99884486,7.335663e-05,0.9976808,0.48157573,1.0
phone_factorial_1200_v1,sdm_fake_0014__phonefact_opus_nb_8k,0.64088076,0.0006172953,0.9303796,0.7625072,1.0
phone_factorial_1200_v1,sdm_fake_0015__phonefact_resample8k,1.0,0.90522045,1.0,0.04337311,1.0
phone_factorial_1200_v1,sdm_fake_0015__phonefact_g711_ulaw,1.0,0.9134764,1.0,0.0035740514,1.0
phone_factorial_1200_v1,sdm_fake_0015__phonefact_g726_24k,1.0,0.8998534,1.0,0.0052346434,1.0
phone_factorial_1200_v1,sdm_fake_0015__phonefact_opus_nb_8k,1.0,0.8740101,0.99999917,0.006900596,1.0
phone_factorial_1200_v1,sdm_fake_0016__phonefact_resample8k,1.0,0.9939482,1.0,0.90046793,1.0
phone_factorial_1200_v1,sdm_fake_0016__phonefact_g711_ulaw,1.0,0.05727994,1.0,0.8910385,1.0
phone_factorial_1200_v1,sdm_fake_0016__phonefact_g726_24k,1.0,0.1726162,0.9999999,0.7358696,1.0
phone_factorial_1200_v1,sdm_fake_0016__phonefact_opus_nb_8k,1.0,0.9404758,0.99999976,0.92582124,1.0
phone_factorial_1200_v1,sdm_fake_0017__phonefact_resample8k,1.0,0.9681588,1.0,0.0012584344,1.0
phone_factorial_1200_v1,sdm_fake_0017__phonefact_g711_ulaw,1.0,0.9146402,1.0,0.004281413,1.0
phone_factorial_1200_v1,sdm_fake_0017__phonefact_g726_24k,1.0,0.85515815,1.0,0.0024663822,1.0
phone_factorial_1200_v1,sdm_fake_0017__phonefact_opus_nb_8k,1.0,0.05391737,1.0,0.030987915,1.0
phone_factorial_1200_v1,sdm_fake_0018__phonefact_resample8k,1.0,0.99720025,1.0,0.014112126,1.0
phone_factorial_1200_v1,sdm_fake_0018__phonefact_g711_ulaw,1.0,0.9928197,0.99999976,0.05646659,0.9999993
phone_factorial_1200_v1,sdm_fake_0018__phonefact_g726_24k,0.9999999,0.9946384,0.99998844,0.041531082,0.9999999
phone_factorial_1200_v1,sdm_fake_0018__phonefact_opus_nb_8k,0.9999995,0.98705,0.9999484,0.44110963,1.0
phone_factorial_1200_v1,sdm_fake_0019__phonefact_resample8k,1.0,0.18703322,0.99999976,0.013382369,1.0
phone_factorial_1200_v1,sdm_fake_0019__phonefact_g711_ulaw,1.0,0.3100942,0.99999976,0.03403252,1.0
phone_factorial_1200_v1,sdm_fake_0019__phonefact_g726_24k,0.9999997,0.52446866,0.9999969,0.070173465,1.0
phone_factorial_1200_v1,sdm_fake_0019__phonefact_opus_nb_8k,0.999992,0.99328977,0.99985576,0.14191431,1.0
phone_factorial_1200_v1,sdm_fake_0020__phonefact_resample8k,1.0,0.11225888,0.99999976,0.3875157,1.0
phone_factorial_1200_v1,sdm_fake_0020__phonefact_g711_ulaw,1.0,0.049323414,0.99999976,0.103909716,1.0
phone_factorial_1200_v1,sdm_fake_0020__phonefact_g726_24k,0.99999976,0.61991054,0.999998,0.12500356,1.0
phone_factorial_1200_v1,sdm_fake_0020__phonefact_opus_nb_8k,0.9999978,0.052139983,0.9999918,0.2079314,1.0
phone_factorial_1200_v1,sdm_fake_0021__phonefact_resample8k,1.0,0.87629634,1.0,0.0213095,1.0
phone_factorial_1200_v1,sdm_fake_0021__phonefact_g711_ulaw,1.0,0.64328283,1.0,0.1615089,1.0
phone_factorial_1200_v1,sdm_fake_0021__phonefact_g726_24k,1.0,0.15640382,1.0,0.2034217,1.0
phone_factorial_1200_v1,sdm_fake_0021__phonefact_opus_nb_8k,1.0,0.16217272,1.0,0.14665371,1.0
phone_factorial_1200_v1,sdm_fake_0022__phonefact_resample8k,1.0,0.9970805,0.9999999,0.86686236,1.0
phone_factorial_1200_v1,sdm_fake_0022__phonefact_g711_ulaw,1.0,0.9977254,1.0,0.20698486,1.0
phone_factorial_1200_v1,sdm_fake_0022__phonefact_g726_24k,1.0,0.997431,0.9999999,0.28648108,1.0
phone_factorial_1200_v1,sdm_fake_0022__phonefact_opus_nb_8k,1.0,0.9922856,1.0,0.06749376,1.0
phone_factorial_1200_v1,sdm_fake_0023__phonefact_resample8k,1.0,0.47596592,0.9999999,0.85402095,1.0
phone_factorial_1200_v1,sdm_fake_0023__phonefact_g711_ulaw,0.99999976,0.9591817,0.9999833,0.087096356,1.0
phone_factorial_1200_v1,sdm_fake_0023__phonefact_g726_24k,0.99998873,0.7536493,0.9998035,0.08545635,1.0
phone_factorial_1200_v1,sdm_fake_0023__phonefact_opus_nb_8k,0.95037067,0.0058617974,0.9201276,0.16386415,1.0
phone_factorial_1200_v1,sdm_fake_0024__phonefact_resample8k,1.0,0.43220645,1.0,0.0137062855,1.0
phone_factorial_1200_v1,sdm_fake_0024__phonefact_g711_ulaw,1.0,0.17310777,1.0,0.00332975,1.0
phone_factorial_1200_v1,sdm_fake_0024__phonefact_g726_24k,1.0,0.058251414,1.0,0.0063460083,1.0
phone_factorial_1200_v1,sdm_fake_0024__phonefact_opus_nb_8k,0.9999999,0.014978649,0.9999993,0.04498293,1.0
phone_factorial_1200_v1,sdm_fake_0025__phonefact_resample8k,1.0,0.3633201,1.0,0.050859943,1.0
phone_factorial_1200_v1,sdm_fake_0025__phonefact_g711_ulaw,1.0,0.011599483,1.0,0.119902074,1.0
phone_factorial_1200_v1,sdm_fake_0025__phonefact_g726_24k,1.0,0.073700145,0.9999999,0.11128899,1.0
phone_factorial_1200_v1,sdm_fake_0025__phonefact_opus_nb_8k,1.0,0.016851123,1.0,0.4653684,1.0
phone_factorial_1200_v1,sdm_fake_0026__phonefact_resample8k,0.9999999,0.585376,0.9999987,0.475063,1.0
phone_factorial_1200_v1,sdm_fake_0026__phonefact_g711_ulaw,0.99999917,0.6806439,0.99999106,0.0062346766,1.0
phone_factorial_1200_v1,sdm_fake_0026__phonefact_g726_24k,0.99999034,0.89046144,0.9998487,0.023249645,1.0
phone_factorial_1200_v1,sdm_fake_0026__phonefact_opus_nb_8k,0.99871397,0.30502945,0.9970049,0.03921994,1.0
phone_factorial_1200_v1,sdm_fake_0027__phonefact_resample8k,0.96454376,0.023512408,0.9516613,0.1967177,1.0
phone_factorial_1200_v1,sdm_fake_0027__phonefact_g711_ulaw,0.7320581,0.048494827,0.88072336,0.34399918,1.0
phone_factorial_1200_v1,sdm_fake_0027__phonefact_g726_24k,0.1278475,0.2572009,0.0075404756,0.4377148,1.0
phone_factorial_1200_v1,sdm_fake_0027__phonefact_opus_nb_8k,0.9997903,0.14777447,0.99939966,0.77179974,1.0
phone_factorial_1200_v1,sdm_fake_0028__phonefact_resample8k,1.0,0.42038023,1.0,0.059995774,1.0
phone_factorial_1200_v1,sdm_fake_0028__phonefact_g711_ulaw,1.0,0.94596654,1.0,0.0074236905,1.0
phone_factorial_1200_v1,sdm_fake_0028__phonefact_g726_24k,1.0,0.9936945,1.0,0.010666632,1.0
phone_factorial_1200_v1,sdm_fake_0028__phonefact_opus_nb_8k,1.0,0.7849337,1.0,0.005068268,1.0
phone_factorial_1200_v1,sdm_fake_0029__phonefact_resample8k,1.0,0.9189586,1.0,0.002253339,1.0
phone_factorial_1200_v1,sdm_fake_0029__phonefact_g711_ulaw,1.0,0.95898014,1.0,0.0032451474,1.0
phone_factorial_1200_v1,sdm_fake_0029__phonefact_g726_24k,1.0,0.57065696,1.0,0.0027405429,1.0
phone_factorial_1200_v1,sdm_fake_0029__phonefact_opus_nb_8k,1.0,0.020190496,1.0,0.033569567,1.0
phone_factorial_1200_v1,sdm_fake_0030__phonefact_resample8k,1.0,0.9812626,1.0,0.024235386,1.0
phone_factorial_1200_v1,sdm_fake_0030__phonefact_g711_ulaw,1.0,0.5853285,1.0,0.17508046,1.0
phone_factorial_1200_v1,sdm_fake_0030__phonefact_g726_24k,1.0,0.4592604,1.0,0.15493926,1.0
phone_factorial_1200_v1,sdm_fake_0030__phonefact_opus_nb_8k,1.0,0.8116304,0.99999964,0.2513364,1.0
phone_factorial_1200_v1,sdm_fake_0031__phonefact_resample8k,1.0,0.5924311,1.0,0.47620833,1.0
phone_factorial_1200_v1,sdm_fake_0031__phonefact_g711_ulaw,1.0,0.08376472,1.0,0.30748674,1.0
phone_factorial_1200_v1,sdm_fake_0031__phonefact_g726_24k,1.0,0.14426783,1.0,0.3035489,1.0
phone_factorial_1200_v1,sdm_fake_0031__phonefact_opus_nb_8k,1.0,0.01388474,1.0,0.82783324,1.0
phone_factorial_1200_v1,sdm_fake_0032__phonefact_resample8k,0.012980891,0.043014213,0.0012451676,0.029912032,1.0
phone_factorial_1200_v1,sdm_fake_0032__phonefact_g711_ulaw,0.0016036397,0.00483189,1.3649288e-06,0.0014915479,0.9999999
phone_factorial_1200_v1,sdm_fake_0032__phonefact_g726_24k,0.00093481306,0.0034924254,3.5034586e-07,0.00025968038,0.9999999
phone_factorial_1200_v1,sdm_fake_0032__phonefact_opus_nb_8k,0.8964517,0.9695683,1.8540746e-05,0.048133492,0.99999976
phone_factorial_1200_v1,sdm_fake_0033__phonefact_resample8k,1.0,0.11566407,1.0,0.13519771,1.0
phone_factorial_1200_v1,sdm_fake_0033__phonefact_g711_ulaw,1.0,0.94840866,1.0,0.018817673,1.0
phone_factorial_1200_v1,sdm_fake_0033__phonefact_g726_24k,1.0,0.85577476,1.0,0.0041389274,1.0
phone_factorial_1200_v1,sdm_fake_0033__phonefact_opus_nb_8k,1.0,0.050267387,1.0,0.094500124,0.9999999
phone_factorial_1200_v1,sdm_fake_0034__phonefact_resample8k,1.0,0.71438134,0.99999964,0.43847954,1.0
phone_factorial_1200_v1,sdm_fake_0034__phonefact_g711_ulaw,0.9999992,0.4284974,0.9999945,0.038901813,1.0
phone_factorial_1200_v1,sdm_fake_0034__phonefact_g726_24k,0.9999841,0.13878238,0.99992406,0.024744768,1.0
phone_factorial_1200_v1,sdm_fake_0034__phonefact_opus_nb_8k,0.91023105,0.5181235,0.9709944,0.0060111666,1.0
phone_factorial_1200_v1,sdm_fake_0035__phonefact_resample8k,0.9999997,0.76162523,0.99999297,0.7306462,1.0
phone_factorial_1200_v1,sdm_fake_0035__phonefact_g711_ulaw,0.99999857,0.029173873,0.9999932,0.36481547,1.0
phone_factorial_1200_v1,sdm_fake_0035__phonefact_g726_24k,0.9999999,0.13233563,0.99999917,0.5315487,1.0
phone_factorial_1200_v1,sdm_fake_0035__phonefact_opus_nb_8k,0.99998975,0.002348291,0.9999573,0.5921692,1.0
phone_factorial_1200_v1,sdm_fake_0036__phonefact_resample8k,0.39348212,0.84069854,0.0027057503,0.37044138,1.0
phone_factorial_1200_v1,sdm_fake_0036__phonefact_g711_ulaw,0.8681642,0.9817228,0.25174072,0.1596194,1.0
phone_factorial_1200_v1,sdm_fake_0036__phonefact_g726_24k,0.9929776,0.9593041,0.9895807,0.07731019,1.0
phone_factorial_1200_v1,sdm_fake_0036__phonefact_opus_nb_8k,0.73356056,0.84551656,0.73991144,0.028906818,1.0
phone_factorial_1200_v1,sdm_fake_0037__phonefact_resample8k,1.0,0.94911104,1.0,0.006309247,1.0
phone_factorial_1200_v1,sdm_fake_0037__phonefact_g711_ulaw,1.0,0.45030436,1.0,0.01238547,1.0
phone_factorial_1200_v1,sdm_fake_0037__phonefact_g726_24k,1.0,0.6395617,1.0,0.007859978,1.0
phone_factorial_1200_v1,sdm_fake_0037__phonefact_opus_nb_8k,1.0,0.4937941,1.0,0.4648599,1.0
phone_factorial_1200_v1,sdm_fake_0038__phonefact_resample8k,1.0,0.43676454,1.0,0.05104794,1.0
phone_factorial_1200_v1,sdm_fake_0038__phonefact_g711_ulaw,1.0,0.8896716,1.0,0.0062083523,1.0
phone_factorial_1200_v1,sdm_fake_0038__phonefact_g726_24k,1.0,0.5386341,1.0,0.0043892222,1.0
phone_factorial_1200_v1,sdm_fake_0038__phonefact_opus_nb_8k,1.0,0.17471988,1.0,0.06592022,1.0
phone_factorial_1200_v1,sdm_fake_0039__phonefact_resample8k,1.0,0.20292184,1.0,0.9343304,1.0
phone_factorial_1200_v1,sdm_fake_0039__phonefact_g711_ulaw,1.0,0.18883367,1.0,0.06804658,1.0
phone_factorial_1200_v1,sdm_fake_0039__phonefact_g726_24k,1.0,0.08030409,1.0,0.20063329,1.0
phone_factorial_1200_v1,sdm_fake_0039__phonefact_opus_nb_8k,1.0,0.087295696,1.0,0.89827764,1.0
phone_factorial_1200_v1,sdm_fake_0040__phonefact_resample8k,0.99999905,0.96399665,0.9999523,0.13309073,1.0
phone_factorial_1200_v1,sdm_fake_0040__phonefact_g711_ulaw,0.9999995,0.15743056,0.99999726,0.09765129,1.0
phone_factorial_1200_v1,sdm_fake_0040__phonefact_g726_24k,0.9999936,0.4010508,0.9999517,0.12753943,1.0
phone_factorial_1200_v1,sdm_fake_0040__phonefact_opus_nb_8k,0.9999803,7.136462e-05,0.99993753,0.16672496,1.0
phone_factorial_1200_v1,sdm_fake_0041__phonefact_resample8k,1.0,0.0043198145,1.0,0.5100932,1.0
phone_factorial_1200_v1,sdm_fake_0041__phonefact_g711_ulaw,1.0,0.115576565,1.0,0.0233469,1.0
phone_factorial_1200_v1,sdm_fake_0041__phonefact_g726_24k,0.99999994,0.15494253,0.99999964,0.009054447,1.0
phone_factorial_1200_v1,sdm_fake_0041__phonefact_opus_nb_8k,1.0,0.9803388,0.99999964,0.007132084,1.0
phone_factorial_1200_v1,sdm_fake_0042__phonefact_resample8k,1.0,0.96154475,1.0,0.38418293,1.0
phone_factorial_1200_v1,sdm_fake_0042__phonefact_g711_ulaw,1.0,0.9830293,1.0,0.00886949,1.0
phone_factorial_1200_v1,sdm_fake_0042__phonefact_g726_24k,1.0,0.9870019,1.0,0.011982469,1.0
phone_factorial_1200_v1,sdm_fake_0042__phonefact_opus_nb_8k,1.0,0.6372085,1.0,0.037396967,1.0
phone_factorial_1200_v1,sdm_fake_0043__phonefact_resample8k,0.0025499053,0.0056356974,0.0003520063,0.13750023,1.0
phone_factorial_1200_v1,sdm_fake_0043__phonefact_g711_ulaw,0.0017952793,0.00432728,1.1096087e-05,0.020889321,1.0
phone_factorial_1200_v1,sdm_fake_0043__phonefact_g726_24k,0.04324474,0.15402274,0.00040135632,0.076938786,1.0
phone_factorial_1200_v1,sdm_fake_0043__phonefact_opus_nb_8k,0.10138969,0.03404043,0.3010556,0.13798755,1.0
phone_factorial_1200_v1,sdm_fake_0044__phonefact_resample8k,1.0,0.97613394,0.9999999,0.0037439442,1.0
phone_factorial_1200_v1,sdm_fake_0044__phonefact_g711_ulaw,1.0,0.9667136,0.99999964,0.017759798,1.0
phone_factorial_1200_v1,sdm_fake_0044__phonefact_g726_24k,0.99999976,0.6323692,0.99999607,0.060619935,1.0
phone_factorial_1200_v1,sdm_fake_0044__phonefact_opus_nb_8k,0.9999483,0.19135422,0.9997844,0.09492143,1.0
phone_factorial_1200_v1,sdm_fake_0045__phonefact_resample8k,1.0,0.37326762,1.0,0.13465486,1.0
phone_factorial_1200_v1,sdm_fake_0045__phonefact_g711_ulaw,1.0,0.034973934,1.0,0.15897927,1.0
phone_factorial_1200_v1,sdm_fake_0045__phonefact_g726_24k,1.0,0.046687573,1.0,0.11350198,1.0
phone_factorial_1200_v1,sdm_fake_0045__phonefact_opus_nb_8k,1.0,0.00012137616,1.0,0.9546237,1.0
phone_factorial_1200_v1,sdm_fake_0046__phonefact_resample8k,1.0,0.9879255,1.0,0.114048146,1.0
phone_factorial_1200_v1,sdm_fake_0046__phonefact_g711_ulaw,1.0,0.58587897,1.0,0.54018676,1.0
phone_factorial_1200_v1,sdm_fake_0046__phonefact_g726_24k,0.9999999,0.021146294,0.99999917,0.1664388,1.0
phone_factorial_1200_v1,sdm_fake_0046__phonefact_opus_nb_8k,1.0,0.17608641,0.99999976,0.83307254,1.0
phone_factorial_1200_v1,sdm_fake_0047__phonefact_resample8k,0.9994902,0.021437375,0.99876827,0.1272419,1.0
phone_factorial_1200_v1,sdm_fake_0047__phonefact_g711_ulaw,0.9999995,0.07311392,0.9999975,0.17259005,1.0
phone_factorial_1200_v1,sdm_fake_0047__phonefact_g726_24k,0.99999994,0.065349154,0.9999995,0.7120171,1.0
phone_factorial_1200_v1,sdm_fake_0047__phonefact_opus_nb_8k,0.99999833,0.16373767,0.9999908,0.198121,1.0
phone_factorial_1200_v1,sdm_fake_0048__phonefact_resample8k,1.0,0.5383843,1.0,0.024652991,1.0
phone_factorial_1200_v1,sdm_fake_0048__phonefact_g711_ulaw,1.0,0.571101,1.0,0.027541501,1.0
phone_factorial_1200_v1,sdm_fake_0048__phonefact_g726_24k,1.0,0.069952995,1.0,0.08876267,1.0
phone_factorial_1200_v1,sdm_fake_0048__phonefact_opus_nb_8k,1.0,0.571726,1.0,0.46056226,1.0
phone_factorial_1200_v1,sdm_fake_0049__phonefact_resample8k,1.0,0.99500436,0.99999976,0.014239389,1.0
phone_factorial_1200_v1,sdm_fake_0049__phonefact_g711_ulaw,1.0,0.9965237,0.99999976,0.0030837185,1.0
phone_factorial_1200_v1,sdm_fake_0049__phonefact_g726_24k,1.0,0.9984889,0.9999969,0.0052968324,1.0
phone_factorial_1200_v1,sdm_fake_0049__phonefact_opus_nb_8k,1.0,0.99798286,0.99999714,0.028855415,1.0
phone_factorial_1200_v1,voice_0000__phonefact_resample8k,0.00532509,8.449271e-09,0.026547171,1.0,8.696077e-06
phone_factorial_1200_v1,voice_0000__phonefact_g711_ulaw,0.0013833512,7.4099205e-10,0.006909951,1.0,2.0815738e-05
phone_factorial_1200_v1,voice_0000__phonefact_g726_24k,0.008312521,3.0148533e-09,0.041472755,1.0,4.820412e-06
phone_factorial_1200_v1,voice_0000__phonefact_opus_nb_8k,0.010024635,2.8010003e-10,0.05005713,1.0,1.3254803e-05
phone_factorial_1200_v1,voice_0001__phonefact_resample8k,0.9999703,0.9893707,0.99754447,1.0,0.06639794
phone_factorial_1200_v1,voice_0001__phonefact_g711_ulaw,0.99947137,0.99941707,0.59535474,1.0,0.0011763352
phone_factorial_1200_v1,voice_0001__phonefact_g726_24k,0.9865262,0.9052893,0.88920075,1.0,0.0030473394
phone_factorial_1200_v1,voice_0001__phonefact_opus_nb_8k,0.99944884,0.99841523,0.96817535,0.99999976,0.17215939
phone_factorial_1200_v1,voice_0002__phonefact_resample8k,0.842453,0.04991138,0.71541226,0.99999905,0.18128617
phone_factorial_1200_v1,voice_0002__phonefact_g711_ulaw,0.036154043,0.00058536616,0.04473872,0.9999956,0.20475721
phone_factorial_1200_v1,voice_0002__phonefact_g726_24k,0.2071162,0.00056297064,0.78576094,0.9999658,0.061135862
phone_factorial_1200_v1,voice_0002__phonefact_opus_nb_8k,0.61314774,0.00019609157,0.97647196,0.9999951,0.5252025
phone_factorial_1200_v1,voice_0003__phonefact_resample8k,0.9999852,0.99998677,0.9586669,1.0,0.0018423742
phone_factorial_1200_v1,voice_0003__phonefact_g711_ulaw,0.99923086,0.9995728,0.43482196,1.0,0.00018494496
phone_factorial_1200_v1,voice_0003__phonefact_g726_24k,0.4568804,0.43534133,0.5813995,1.0,5.7311518e-05
phone_factorial_1200_v1,voice_0003__phonefact_opus_nb_8k,0.96303105,0.9324847,0.8355737,1.0,1.266747e-05
phone_factorial_1200_v1,voice_0004__phonefact_resample8k,0.9991932,0.0424859,0.9985709,0.9999999,0.105657555
phone_factorial_1200_v1,voice_0004__phonefact_g711_ulaw,0.9971655,0.976438,0.9084614,0.99999046,0.006590521
phone_factorial_1200_v1,voice_0004__phonefact_g726_24k,0.16287538,1.04562915e-07,0.6485828,0.9999902,0.0024616497
phone_factorial_1200_v1,voice_0004__phonefact_opus_nb_8k,0.5786091,0.0124126915,0.7424121,0.9999937,0.004920974
phone_factorial_1200_v1,voice_0005__phonefact_resample8k,0.013126982,4.9998407e-06,0.030742716,0.99999976,0.0553257
phone_factorial_1200_v1,voice_0005__phonefact_g711_ulaw,0.0026455512,3.5188589e-06,0.01197515,0.9999994,0.00017637544
phone_factorial_1200_v1,voice_0005__phonefact_g726_24k,0.037716128,1.0021674e-07,0.18713324,0.9999777,0.0004707441
phone_factorial_1200_v1,voice_0005__phonefact_opus_nb_8k,0.027669061,5.9191457e-06,0.13620897,0.9999875,0.0026899993
phone_factorial_1200_v1,voice_0006__phonefact_resample8k,0.79767233,1.0215007e-07,0.9398171,1.0,0.77058804
phone_factorial_1200_v1,voice_0006__phonefact_g711_ulaw,0.026528167,4.792662e-07,0.09744373,0.9999999,0.13354196
phone_factorial_1200_v1,voice_0006__phonefact_g726_24k,0.07571891,4.7637166e-10,0.35184088,1.0,0.0076436163
phone_factorial_1200_v1,voice_0006__phonefact_opus_nb_8k,0.07199491,4.749829e-09,0.32484546,0.9999999,0.05417264
phone_factorial_1200_v1,voice_0007__phonefact_resample8k,0.16583264,0.00023504818,0.27577558,1.0,0.0023985922
phone_factorial_1200_v1,voice_0007__phonefact_g711_ulaw,0.04443788,0.0011214439,0.023087204,0.99999976,0.00013211918
phone_factorial_1200_v1,voice_0007__phonefact_g726_24k,0.011738222,1.5721736e-05,0.04639644,0.99999964,6.2079795e-05
phone_factorial_1200_v1,voice_0007__phonefact_opus_nb_8k,0.10703819,7.881503e-05,0.44052893,0.99999213,0.0004376593
phone_factorial_1200_v1,voice_0008__phonefact_resample8k,0.9998774,0.9989999,0.9943323,1.0,0.000854973
phone_factorial_1200_v1,voice_0008__phonefact_g711_ulaw,0.9999974,0.99999523,0.87057346,1.0,6.749672e-05
phone_factorial_1200_v1,voice_0008__phonefact_g726_24k,0.9999995,0.9999988,0.8835347,1.0,5.5510838e-05
phone_factorial_1200_v1,voice_0008__phonefact_opus_nb_8k,0.999976,0.99982196,0.94602895,1.0,0.00012066345
phone_factorial_1200_v1,voice_0009__phonefact_resample8k,0.9999927,0.9928924,0.999548,1.0,0.8406013
phone_factorial_1200_v1,voice_0009__phonefact_g711_ulaw,0.99992263,0.99973124,0.18360415,1.0,0.5440069
phone_factorial_1200_v1,voice_0009__phonefact_g726_24k,0.55666023,0.075751446,0.09705913,0.9999999,0.06600136
phone_factorial_1200_v1,voice_0009__phonefact_opus_nb_8k,0.99262595,0.8833863,0.83062243,1.0,0.023611544
phone_factorial_1200_v1,voice_0010__phonefact_resample8k,0.6787033,1.6671185e-05,0.9485311,0.9999989,0.17784524
phone_factorial_1200_v1,voice_0010__phonefact_g711_ulaw,0.027768089,1.1082412e-06,0.13619187,0.9999976,0.0052512838
phone_factorial_1200_v1,voice_0010__phonefact_g726_24k,0.07154495,2.2581149e-07,0.35155597,0.9999989,0.0025731262
phone_factorial_1200_v1,voice_0010__phonefact_opus_nb_8k,0.10642806,2.3440425e-08,0.50328904,0.9999932,0.02087914
phone_factorial_1200_v1,voice_0011__phonefact_resample8k,0.06569466,6.9443527e-06,0.2494513,1.0,0.00072623073
phone_factorial_1200_v1,voice_0011__phonefact_g711_ulaw,0.9762045,0.93729496,0.5891042,1.0,4.001264e-05
phone_factorial_1200_v1,voice_0011__phonefact_g726_24k,0.10356245,1.9912572e-06,0.50398076,1.0,0.00058000494
phone_factorial_1200_v1,voice_0011__phonefact_opus_nb_8k,0.1119454,8.218153e-07,0.5527856,1.0,0.0001315851
phone_factorial_1200_v1,voice_0012__phonefact_resample8k,0.99933946,2.7118782e-05,0.9988649,0.9999999,0.99252784
phone_factorial_1200_v1,voice_0012__phonefact_g711_ulaw,0.3297602,1.918644e-06,0.6947208,0.99999905,0.007364124
phone_factorial_1200_v1,voice_0012__phonefact_g726_24k,0.062540665,3.127869e-08,0.29150906,0.9999989,0.0004992768
phone_factorial_1200_v1,voice_0012__phonefact_opus_nb_8k,0.007653009,2.7775942e-08,0.03526714,0.99999785,0.0021964733
phone_factorial_1200_v1,voice_0013__phonefact_resample8k,0.96155506,0.0001328291,0.99467033,1.0,0.18205966
phone_factorial_1200_v1,voice_0013__phonefact_g711_ulaw,0.046497557,2.352031e-06,0.22379686,1.0,0.038775407
phone_factorial_1200_v1,voice_0013__phonefact_g726_24k,0.103253506,1.0237594e-07,0.5075815,0.9999999,0.027886953
phone_factorial_1200_v1,voice_0013__phonefact_opus_nb_8k,0.29933095,5.8532e-08,0.964741,0.9999995,0.2823109
phone_factorial_1200_v1,voice_0014__phonefact_resample8k,0.99118626,0.85613924,0.94317627,1.0,0.0398513
phone_factorial_1200_v1,voice_0014__phonefact_g711_ulaw,0.99943686,0.99736136,0.97683173,1.0,0.00048348182
phone_factorial_1200_v1,voice_0014__phonefact_g726_24k,0.9995836,0.9994967,0.88831866,1.0,3.503224e-05
phone_factorial_1200_v1,voice_0014__phonefact_opus_nb_8k,0.9971996,0.96389604,0.99343586,1.0,0.00037744467
phone_factorial_1200_v1,voice_0015__phonefact_resample8k,0.9413367,1.0406149e-08,0.98684686,1.0,0.88326454
phone_factorial_1200_v1,voice_0015__phonefact_g711_ulaw,0.024432622,9.2193195e-09,0.10956671,1.0,0.0134992795
phone_factorial_1200_v1,voice_0015__phonefact_g726_24k,0.005598049,3.5161773e-10,0.026824497,1.0,0.0016803592
phone_factorial_1200_v1,voice_0015__phonefact_opus_nb_8k,0.024599476,3.5574757e-10,0.118727125,0.9999993,0.0008133631
phone_factorial_1200_v1,voice_0016__phonefact_resample8k,0.06495191,2.545044e-06,0.30986258,0.9999999,0.0003044028
phone_factorial_1200_v1,voice_0016__phonefact_g711_ulaw,0.000678025,1.5152534e-07,0.0033265403,0.9999995,6.631603e-06
phone_factorial_1200_v1,voice_0016__phonefact_g726_24k,0.0023156551,2.6279283e-08,0.011532796,0.9999999,4.7058347e-06
phone_factorial_1200_v1,voice_0016__phonefact_opus_nb_8k,0.012017936,8.130873e-07,0.059812784,0.99999905,5.74716e-05
phone_factorial_1200_v1,voice_0017__phonefact_resample8k,0.48683152,0.0001416721,0.94767994,1.0,0.0024395683
phone_factorial_1200_v1,voice_0017__phonefact_g711_ulaw,0.0021046782,2.0257382e-06,0.009989481,1.0,8.5000414e-05
phone_factorial_1200_v1,voice_0017__phonefact_g726_24k,0.003595466,9.068445e-09,0.017910868,1.0,3.1289725e-05
phone_factorial_1200_v1,voice_0017__phonefact_opus_nb_8k,0.012850786,5.00576e-09,0.06392139,0.9999999,0.00044517216
phone_factorial_1200_v1,voice_0018__phonefact_resample8k,0.9999983,0.9999926,0.9958973,1.0,0.007031298
phone_factorial_1200_v1,voice_0018__phonefact_g711_ulaw,0.9999988,0.99999595,0.8670021,1.0,0.00030675388
phone_factorial_1200_v1,voice_0018__phonefact_g726_24k,0.99997973,0.99991107,0.68243575,1.0,0.0012657281
phone_factorial_1200_v1,voice_0018__phonefact_opus_nb_8k,0.99990904,0.9997434,0.8977283,1.0,0.001177413
phone_factorial_1200_v1,voice_0019__phonefact_resample8k,0.99714005,0.9984055,0.013900765,1.0,4.3322816e-06
phone_factorial_1200_v1,voice_0019__phonefact_g711_ulaw,0.9661937,0.9817,0.044844218,1.0,1.4879774e-05
phone_factorial_1200_v1,voice_0019__phonefact_g726_24k,0.99999917,0.99999976,0.60240257,1.0,6.944776e-05
phone_factorial_1200_v1,voice_0019__phonefact_opus_nb_8k,0.65488315,0.61576504,0.46358296,1.0,4.237815e-05
phone_factorial_1200_v1,voice_0020__phonefact_resample8k,0.22009853,2.195979e-09,0.85279566,0.9999999,0.00056980306
phone_factorial_1200_v1,voice_0020__phonefact_g711_ulaw,0.0010857285,6.9047537e-09,0.0053754863,0.9999987,0.00035304594
phone_factorial_1200_v1,voice_0020__phonefact_g726_24k,0.0074616103,4.7003845e-10,0.03724048,0.999998,6.628333e-05
phone_factorial_1200_v1,voice_0020__phonefact_opus_nb_8k,0.0146041885,9.60546e-10,0.072757594,0.99999523,0.00046891262
phone_factorial_1200_v1,voice_0021__phonefact_resample8k,0.9999947,0.99998844,0.63962513,1.0,0.0029824276
phone_factorial_1200_v1,voice_0021__phonefact_g711_ulaw,1.0,1.0,0.0098931175,1.0,0.00049651373
phone_factorial_1200_v1,voice_0021__phonefact_g726_24k,1.0,1.0,0.68737614,1.0,6.361451e-05
phone_factorial_1200_v1,voice_0021__phonefact_opus_nb_8k,1.0,0.9999999,0.46023127,1.0,0.0001403006
phone_factorial_1200_v1,voice_0022__phonefact_resample8k,0.99809134,1.9305402e-09,0.996825,1.0,0.97849756
phone_factorial_1200_v1,voice_0022__phonefact_g711_ulaw,0.008508343,7.565846e-10,0.042219292,1.0,0.0026214123
phone_factorial_1200_v1,voice_0022__phonefact_g726_24k,0.095706694,6.5315027e-07,0.47455874,0.99998355,0.0002358033
phone_factorial_1200_v1,voice_0022__phonefact_opus_nb_8k,0.08915913,7.631107e-06,0.39714295,0.9999951,0.07420776
phone_factorial_1200_v1,voice_0023__phonefact_resample8k,0.9999999,0.9999989,0.99849784,1.0,0.0030747717
phone_factorial_1200_v1,voice_0023__phonefact_g711_ulaw,1.0,1.0,0.5492505,1.0,4.753986e-05
phone_factorial_1200_v1,voice_0023__phonefact_g726_24k,1.0,0.9999999,0.95593303,1.0,1.6961014e-05
phone_factorial_1200_v1,voice_0023__phonefact_opus_nb_8k,1.0,1.0,0.98556626,1.0,9.915944e-05
phone_factorial_1200_v1,voice_0024__phonefact_resample8k,0.81451756,3.2826588e-08,0.99337405,1.0,0.9829827
phone_factorial_1200_v1,voice_0024__phonefact_g711_ulaw,0.003720013,2.9275853e-09,0.018389378,1.0,0.00079062016
phone_factorial_1200_v1,voice_0024__phonefact_g726_24k,0.005924011,1.1213648e-10,0.029575692,1.0,0.00019092401
phone_factorial_1200_v1,voice_0024__phonefact_opus_nb_8k,0.15592416,3.3329292e-07,0.6898716,1.0,0.087353334
phone_factorial_1200_v1,voice_0025__phonefact_resample8k,0.9559188,0.76753235,0.55482924,1.0,4.0240862e-05
phone_factorial_1200_v1,voice_0025__phonefact_g711_ulaw,0.99999815,0.9999995,0.25721633,1.0,2.9011471e-06
phone_factorial_1200_v1,voice_0025__phonefact_g726_24k,0.9999987,0.9999999,0.39794663,1.0,6.7050513e-07
phone_factorial_1200_v1,voice_0025__phonefact_opus_nb_8k,0.9822961,0.9926277,0.8416025,0.99999964,1.6101132e-05
phone_factorial_1200_v1,voice_0026__phonefact_resample8k,0.99998635,0.9999821,0.9605346,1.0,0.006429976
phone_factorial_1200_v1,voice_0026__phonefact_g711_ulaw,0.9999954,0.99998844,0.7363932,1.0,0.0007984998
phone_factorial_1200_v1,voice_0026__phonefact_g726_24k,0.99722,0.99550855,0.66695756,0.99999976,0.0005841035
phone_factorial_1200_v1,voice_0026__phonefact_opus_nb_8k,0.99994624,0.99989057,0.48157158,0.9999995,0.00081054866
phone_factorial_1200_v1,voice_0027__phonefact_resample8k,0.7392663,1.13824456e-07,0.9867756,0.99999964,0.009152029
phone_factorial_1200_v1,voice_0027__phonefact_g711_ulaw,0.012455837,2.373454e-10,0.061030485,0.9999999,0.00031853263
phone_factorial_1200_v1,voice_0027__phonefact_g726_24k,0.0435376,1.2085944e-07,0.21689112,0.9999989,6.7585795e-05
phone_factorial_1200_v1,voice_0027__phonefact_opus_nb_8k,0.0423021,7.0482437e-10,0.210008,0.9999989,0.00017498594
phone_factorial_1200_v1,voice_0028__phonefact_resample8k,0.9316685,0.82189983,0.054263502,1.0,0.019856488
phone_factorial_1200_v1,voice_0028__phonefact_g711_ulaw,0.9999729,0.9999801,0.6508116,1.0,0.0010015869
phone_factorial_1200_v1,voice_0028__phonefact_g726_24k,0.99999785,0.9999956,0.8629949,1.0,0.0003485602
phone_factorial_1200_v1,voice_0028__phonefact_opus_nb_8k,0.8248429,0.42703742,0.7991149,0.99999845,0.0002251208
phone_factorial_1200_v1,voice_0029__phonefact_resample8k,0.035163775,9.574583e-10,0.15386862,0.99999976,0.024182344
phone_factorial_1200_v1,voice_0029__phonefact_g711_ulaw,0.00084018154,1.0101546e-07,0.0041107885,0.9999987,0.0004035269
phone_factorial_1200_v1,voice_0029__phonefact_g726_24k,0.0027280569,1.15845175e-07,0.013610366,0.9999628,0.00010572102
phone_factorial_1200_v1,voice_0029__phonefact_opus_nb_8k,0.0022339532,1.1256296e-09,0.011100876,0.9999957,0.0011331318
phone_factorial_1200_v1,voice_0030__phonefact_resample8k,0.004548765,1.2636698e-08,0.02262471,1.0,3.0802007e-06
phone_factorial_1200_v1,voice_0030__phonefact_g711_ulaw,0.0051895026,1.0172811e-06,0.025677547,0.9999994,5.1676645e-05
phone_factorial_1200_v1,voice_0030__phonefact_g726_24k,0.008832404,2.1434458e-08,0.043539327,0.9999995,0.00017188837
phone_factorial_1200_v1,voice_0030__phonefact_opus_nb_8k,0.045242764,2.3161972e-07,0.22539729,0.9999993,0.0001942063
phone_factorial_1200_v1,voice_0031__phonefact_resample8k,0.99999356,2.3259149e-07,0.9999858,1.0,0.98820066
phone_factorial_1200_v1,voice_0031__phonefact_g711_ulaw,0.007293212,3.0414984e-08,0.035680592,1.0,0.00086154486
phone_factorial_1200_v1,voice_0031__phonefact_g726_24k,0.0044725155,1.7697879e-08,0.02230983,1.0,6.130068e-05
phone_factorial_1200_v1,voice_0031__phonefact_opus_nb_8k,0.43190956,1.5865628e-07,0.8396371,0.99999917,0.07316056
phone_factorial_1200_v1,voice_0032__phonefact_resample8k,0.44203252,0.0050717266,0.84001625,0.99999976,0.0006312967
phone_factorial_1200_v1,voice_0032__phonefact_g711_ulaw,0.0024089108,0.00012195309,0.010420306,0.99999976,7.340804e-06
phone_factorial_1200_v1,voice_0032__phonefact_g726_24k,0.048462644,3.0797162e-06,0.24060358,0.99999726,2.7221831e-05
phone_factorial_1200_v1,voice_0032__phonefact_opus_nb_8k,0.0510769,0.00061015604,0.23918843,0.99993765,4.500381e-05
phone_factorial_1200_v1,voice_0033__phonefact_resample8k,0.36907148,3.340904e-07,0.97011316,0.9999999,0.0027251318
phone_factorial_1200_v1,voice_0033__phonefact_g711_ulaw,0.029315542,3.4767283e-05,0.12917113,0.99999213,0.00016463098
phone_factorial_1200_v1,voice_0033__phonefact_g726_24k,0.018786902,2.0691537e-09,0.09083053,0.99999833,0.0037206935
phone_factorial_1200_v1,voice_0033__phonefact_opus_nb_8k,0.022747729,1.1156485e-08,0.11246007,0.9999677,3.3601693e-05
phone_factorial_1200_v1,voice_0034__phonefact_resample8k,0.09048663,3.4369958e-08,0.3790961,1.0,0.0043967823
phone_factorial_1200_v1,voice_0034__phonefact_g711_ulaw,0.0031156738,5.000177e-09,0.015345709,0.9999999,0.00045207317
phone_factorial_1200_v1,voice_0034__phonefact_g726_24k,0.002339801,6.4315175e-10,0.011515549,0.9999999,0.0005485556
phone_factorial_1200_v1,voice_0034__phonefact_opus_nb_8k,0.013421996,1.1118999e-06,0.06527208,0.9999982,0.00092872983
phone_factorial_1200_v1,voice_0035__phonefact_resample8k,0.99998885,1.5428975e-08,0.99995196,1.0,0.9999989
phone_factorial_1200_v1,voice_0035__phonefact_g711_ulaw,0.00014584884,6.2837063e-10,0.0006639542,1.0,0.00026249222
phone_factorial_1200_v1,voice_0035__phonefact_g726_24k,0.026042134,1.7567579e-09,0.101155736,0.99999654,0.004272326
phone_factorial_1200_v1,voice_0035__phonefact_opus_nb_8k,0.05986529,1.314989e-08,0.13243155,0.9999999,0.19571228
phone_factorial_1200_v1,voice_0036__phonefact_resample8k,0.9944744,0.9878265,0.91801476,0.9999999,0.21926926
phone_factorial_1200_v1,voice_0036__phonefact_g711_ulaw,0.9933354,0.99706155,0.72897255,1.0,0.0029136878
phone_factorial_1200_v1,voice_0036__phonefact_g726_24k,0.9797086,0.9833875,0.8463078,0.9999993,0.004006933
phone_factorial_1200_v1,voice_0036__phonefact_opus_nb_8k,0.999759,0.9989766,0.96143293,0.99999964,0.2457248
phone_factorial_1200_v1,voice_0037__phonefact_resample8k,0.23608685,0.0018609964,0.7331797,1.0,0.0023072844
phone_factorial_1200_v1,voice_0037__phonefact_g711_ulaw,0.121723086,0.0032831046,0.536422,0.9999999,0.0005009033
phone_factorial_1200_v1,voice_0037__phonefact_g726_24k,0.18241523,0.00037354414,0.74803394,0.99999964,0.0009010749
phone_factorial_1200_v1,voice_0037__phonefact_opus_nb_8k,0.40314844,0.0040702983,0.9864435,0.9999999,0.0015873414
phone_factorial_1200_v1,voice_0038__phonefact_resample8k,0.98526007,0.64174134,0.95122135,1.0,0.10431604
phone_factorial_1200_v1,voice_0038__phonefact_g711_ulaw,0.9980376,0.9630263,0.9889065,1.0,0.0017038982
phone_factorial_1200_v1,voice_0038__phonefact_g726_24k,0.9998241,0.9995702,0.96806127,1.0,7.0135655e-05
phone_factorial_1200_v1,voice_0038__phonefact_opus_nb_8k,0.9830046,0.8022034,0.99149066,1.0,0.0005588716
phone_factorial_1200_v1,voice_0039__phonefact_resample8k,0.99531335,0.42510384,0.9938465,0.99999845,0.03714636
phone_factorial_1200_v1,voice_0039__phonefact_g711_ulaw,0.011630435,0.0063502155,0.0069214986,0.99999666,2.397835e-05
phone_factorial_1200_v1,voice_0039__phonefact_g726_24k,0.778688,0.55305696,0.009459982,0.99996555,0.0006228556
phone_factorial_1200_v1,voice_0039__phonefact_opus_nb_8k,0.22606054,0.0006874279,0.61635256,0.9999968,0.00014565687
phone_factorial_1200_v1,voice_0040__phonefact_resample8k,0.98236275,0.8822003,0.6104052,1.0,0.004445513
phone_factorial_1200_v1,voice_0040__phonefact_g711_ulaw,0.99997425,0.9999771,0.118164696,1.0,7.5321936e-05
phone_factorial_1200_v1,voice_0040__phonefact_g726_24k,0.549332,0.63147306,0.13514133,0.99999976,0.0002862427
phone_factorial_1200_v1,voice_0040__phonefact_opus_nb_8k,0.3093251,0.03101633,0.60137075,0.9999999,0.0014086169
phone_factorial_1200_v1,voice_0041__phonefact_resample8k,0.99953115,0.99157715,0.9414465,1.0,0.0020577887
phone_factorial_1200_v1,voice_0041__phonefact_g711_ulaw,0.43119317,0.06789718,0.37853083,1.0,0.000115187584
phone_factorial_1200_v1,voice_0041__phonefact_g726_24k,0.19399136,7.6514705e-05,0.8965329,1.0,1.8467812e-05
phone_factorial_1200_v1,voice_0041__phonefact_opus_nb_8k,0.75171936,0.40300694,0.6749199,0.9999994,0.00021771766
phone_factorial_1200_v1,voice_0042__phonefact_resample8k,0.037649255,6.2114027e-06,0.15612134,0.99999523,0.001419639
phone_factorial_1200_v1,voice_0042__phonefact_g711_ulaw,0.0009935041,1.4431251e-05,0.0033957923,0.9999355,0.0007605072
phone_factorial_1200_v1,voice_0042__phonefact_g726_24k,0.0039769323,0.0016666704,0.010807146,0.99996436,0.00022550405
phone_factorial_1200_v1,voice_0042__phonefact_opus_nb_8k,0.0029914798,4.2318413e-07,0.014477634,0.9999604,0.00059065863
phone_factorial_1200_v1,voice_0043__phonefact_resample8k,0.99970144,0.0008697584,0.9995459,1.0,0.9992155
phone_factorial_1200_v1,voice_0043__phonefact_g711_ulaw,0.00026828126,3.000922e-06,3.3381733e-05,0.99999964,0.67958266
phone_factorial_1200_v1,voice_0043__phonefact_g726_24k,0.0007100641,1.1392278e-06,0.0022606086,0.9999869,0.0023648592
phone_factorial_1200_v1,voice_0043__phonefact_opus_nb_8k,0.0027514936,7.543549e-06,0.0031704681,0.9999881,0.87078714
phone_factorial_1200_v1,voice_0044__phonefact_resample8k,0.12910002,3.8068728e-07,0.61007303,1.0,0.00013713543
phone_factorial_1200_v1,voice_0044__phonefact_g711_ulaw,0.0016762196,1.6755022e-08,0.0082944175,1.0,5.2121035e-05
phone_factorial_1200_v1,voice_0044__phonefact_g726_24k,0.007934074,1.1096621e-07,0.03866425,0.9999999,1.3165144e-05
phone_factorial_1200_v1,voice_0044__phonefact_opus_nb_8k,0.026639963,2.3533363e-07,0.1317802,1.0,0.00045396655
phone_factorial_1200_v1,voice_0045__phonefact_resample8k,0.045309298,5.9905407e-05,0.09015646,1.0,0.13951272
phone_factorial_1200_v1,voice_0045__phonefact_g711_ulaw,0.010484735,4.371223e-05,0.04031041,1.0,0.0007191704
phone_factorial_1200_v1,voice_0045__phonefact_g726_24k,0.042943336,1.1981847e-06,0.17583172,1.0,0.00073572184
phone_factorial_1200_v1,voice_0045__phonefact_opus_nb_8k,0.063214965,5.874416e-06,0.30318063,1.0,0.00011108958
phone_factorial_1200_v1,voice_0046__phonefact_resample8k,0.9999758,0.9999821,0.92464644,1.0,0.030638244
phone_factorial_1200_v1,voice_0046__phonefact_g711_ulaw,0.9999957,0.99999356,0.08229804,0.9999999,0.0018198132
phone_factorial_1200_v1,voice_0046__phonefact_g726_24k,0.99974906,0.99964345,0.18711446,0.99999976,0.016855964
phone_factorial_1200_v1,voice_0046__phonefact_opus_nb_8k,0.9998128,0.99945885,0.22592533,0.9999995,0.0017936998
phone_factorial_1200_v1,voice_0047__phonefact_resample8k,0.015426606,6.052012e-07,0.020648751,1.0,0.19800605
phone_factorial_1200_v1,voice_0047__phonefact_g711_ulaw,0.0031890788,0.00010547592,0.007589058,0.99999654,0.0012314422
phone_factorial_1200_v1,voice_0047__phonefact_g726_24k,0.22782356,4.7934043e-09,0.75156665,0.9999994,0.031054998
phone_factorial_1200_v1,voice_0047__phonefact_opus_nb_8k,0.013539354,1.5282096e-08,0.0668634,0.9999628,0.15612261
phone_factorial_1200_v1,voice_0048__phonefact_resample8k,0.9999746,0.9992112,0.9990282,1.0,0.91314965
phone_factorial_1200_v1,voice_0048__phonefact_g711_ulaw,0.99987286,0.9997472,0.5073041,1.0,0.0008444561
phone_factorial_1200_v1,voice_0048__phonefact_g726_24k,0.815409,0.32254642,0.8194203,1.0,0.0062598414
phone_factorial_1200_v1,voice_0048__phonefact_opus_nb_8k,0.9997831,0.995723,0.9932986,1.0,0.3874851
phone_factorial_1200_v1,voice_0049__phonefact_resample8k,0.907147,8.592594e-06,0.8886523,1.0,0.9665462
phone_factorial_1200_v1,voice_0049__phonefact_g711_ulaw,0.022174712,9.243416e-07,0.04936251,1.0,0.7227122
phone_factorial_1200_v1,voice_0049__phonefact_g726_24k,0.01225413,1.9745368e-08,0.05263594,1.0,0.050935045
phone_factorial_1200_v1,voice_0049__phonefact_opus_nb_8k,0.03277386,2.0864613e-08,0.15673554,1.0,0.6971295
phone_factorial_1200_v1,voice_0100__phonefact_resample8k,1.0,0.9999999,0.8305884,1.0,0.025737174
phone_factorial_1200_v1,voice_0100__phonefact_g711_ulaw,1.0,1.0,0.116294436,1.0,0.057141624
phone_factorial_1200_v1,voice_0100__phonefact_g726_24k,1.0,1.0,0.51358515,1.0,0.030875633
phone_factorial_1200_v1,voice_0100__phonefact_opus_nb_8k,1.0,0.9999999,0.4262588,1.0,0.014691384
phone_factorial_1200_v1,voice_0101__phonefact_resample8k,0.99998575,0.9994205,0.9989273,1.0,0.6215624
phone_factorial_1200_v1,voice_0101__phonefact_g711_ulaw,0.99966335,0.9988105,0.30932617,1.0,0.024208494
phone_factorial_1200_v1,voice_0101__phonefact_g726_24k,0.99812293,0.9475956,0.99136496,0.9999999,0.022083536
phone_factorial_1200_v1,voice_0101__phonefact_opus_nb_8k,0.999993,0.9999832,0.90323323,1.0,0.0064959554
phone_factorial_1200_v1,voice_0102__phonefact_resample8k,1.0,1.0,0.10852164,1.0,0.00023770327
phone_factorial_1200_v1,voice_0102__phonefact_g711_ulaw,1.0,1.0,0.029639289,1.0,1.0503727e-05
phone_factorial_1200_v1,voice_0102__phonefact_g726_24k,0.9999987,0.9999989,0.65459585,1.0,1.08447875e-05
phone_factorial_1200_v1,voice_0102__phonefact_opus_nb_8k,0.99999636,0.9999809,0.6958828,1.0,0.00020564727
phone_factorial_1200_v1,voice_0103__phonefact_resample8k,1.0,0.9999999,0.9508275,1.0,0.004003226
phone_factorial_1200_v1,voice_0103__phonefact_g711_ulaw,0.99999946,0.99999785,0.14691271,1.0,0.0004082478
phone_factorial_1200_v1,voice_0103__phonefact_g726_24k,0.9816135,0.97328985,0.07121617,1.0,0.00023320389
phone_factorial_1200_v1,voice_0103__phonefact_opus_nb_8k,1.0,1.0,0.9544682,1.0,0.009093029
phone_factorial_1200_v1,voice_0104__phonefact_resample8k,0.9993253,0.9995517,0.3897851,1.0,7.5330776e-05
phone_factorial_1200_v1,voice_0104__phonefact_g711_ulaw,0.99532473,0.99423766,0.81697226,1.0,0.0004212312
phone_factorial_1200_v1,voice_0104__phonefact_g726_24k,0.93414813,0.51489514,0.83360326,1.0,0.000545729
phone_factorial_1200_v1,voice_0104__phonefact_opus_nb_8k,0.9997922,0.99985766,0.84555197,1.0,0.00039114064
phone_factorial_1200_v1,voice_0105__phonefact_resample8k,0.99999976,0.99999917,0.66315573,1.0,0.003119565
phone_factorial_1200_v1,voice_0105__phonefact_g711_ulaw,0.99999976,0.9999995,0.30647013,1.0,2.2831242e-05
phone_factorial_1200_v1,voice_0105__phonefact_g726_24k,0.9998469,0.9996698,0.1557709,1.0,1.2596431e-05
phone_factorial_1200_v1,voice_0105__phonefact_opus_nb_8k,1.0,0.9999999,0.92603064,1.0,0.00036540933
phone_factorial_1200_v1,voice_0106__phonefact_resample8k,0.9999888,0.99992824,0.993222,1.0,0.7776035
phone_factorial_1200_v1,voice_0106__phonefact_g711_ulaw,0.9999924,0.99998057,0.006534805,1.0,0.019216102
phone_factorial_1200_v1,voice_0106__phonefact_g726_24k,0.99983144,0.9995443,0.021659734,1.0,0.01421345
phone_factorial_1200_v1,voice_0106__phonefact_opus_nb_8k,0.99993515,0.99920446,0.896003,0.9999999,0.5654757
phone_factorial_1200_v1,voice_0107__phonefact_resample8k,1.0,1.0,0.38135368,1.0,0.033123992
phone_factorial_1200_v1,voice_0107__phonefact_g711_ulaw,0.9999999,0.9999999,0.05242928,1.0,0.0021698847
phone_factorial_1200_v1,voice_0107__phonefact_g726_24k,0.9999845,0.9999846,0.024218995,0.9999999,0.00032232248
phone_factorial_1200_v1,voice_0107__phonefact_opus_nb_8k,1.0,0.9999999,0.6845579,1.0,0.0020607559
phone_factorial_1200_v1,voice_0108__phonefact_resample8k,1.0,1.0,0.9972791,1.0,0.059082
phone_factorial_1200_v1,voice_0108__phonefact_g711_ulaw,0.9999999,1.0,0.5735051,1.0,2.889457e-05
phone_factorial_1200_v1,voice_0108__phonefact_g726_24k,0.9999998,0.99999976,0.7011023,1.0,3.5242167e-05
phone_factorial_1200_v1,voice_0108__phonefact_opus_nb_8k,1.0,1.0,0.9730095,1.0,0.000490515
phone_factorial_1200_v1,voice_0109__phonefact_resample8k,0.93902826,0.6239471,0.9850766,1.0,0.00029470216
phone_factorial_1200_v1,voice_0109__phonefact_g711_ulaw,0.03260888,0.0006198951,0.14022079,0.99999964,2.2703032e-05
phone_factorial_1200_v1,voice_0109__phonefact_g726_24k,0.008394648,8.511444e-06,0.03969821,0.99999917,0.0001281247
phone_factorial_1200_v1,voice_0109__phonefact_opus_nb_8k,0.112365186,7.5655144e-06,0.5266696,0.9999994,0.00027634623
phone_factorial_1200_v1,voice_0110__phonefact_resample8k,0.996091,0.20365033,0.98724383,1.0,0.13456607
phone_factorial_1200_v1,voice_0110__phonefact_g711_ulaw,0.59128225,0.67320615,0.4596621,1.0,0.002277555
phone_factorial_1200_v1,voice_0110__phonefact_g726_24k,0.7137928,0.2925209,0.7103782,1.0,0.00068589515
phone_factorial_1200_v1,voice_0110__phonefact_opus_nb_8k,0.5036358,0.020415328,0.9398896,0.9999995,0.0042146393
phone_factorial_1200_v1,voice_0111__phonefact_resample8k,0.9999998,0.9999993,0.99478674,1.0,0.2081676
phone_factorial_1200_v1,voice_0111__phonefact_g711_ulaw,0.9999999,0.9999999,0.9881896,1.0,0.017102342
phone_factorial_1200_v1,voice_0111__phonefact_g726_24k,0.9999699,0.9999666,0.94217384,1.0,0.0041514253
phone_factorial_1200_v1,voice_0111__phonefact_opus_nb_8k,0.9999999,0.9999999,0.99126595,1.0,0.0025643664
phone_factorial_1200_v1,voice_0112__phonefact_resample8k,0.9399948,0.5959599,0.9766792,1.0,0.0002536814
phone_factorial_1200_v1,voice_0112__phonefact_g711_ulaw,0.99866986,0.99972564,0.5678778,1.0,3.1599517e-05
phone_factorial_1200_v1,voice_0112__phonefact_g726_24k,0.720553,0.5837824,0.6276991,0.99999905,4.20787e-05
phone_factorial_1200_v1,voice_0112__phonefact_opus_nb_8k,0.99999875,0.9999993,0.81666565,1.0,1.5239171e-05
phone_factorial_1200_v1,voice_0113__phonefact_resample8k,0.9231489,0.09518001,0.95359075,1.0,0.016632425
phone_factorial_1200_v1,voice_0113__phonefact_g711_ulaw,0.87089807,0.03926339,0.84313345,1.0,0.01279412
phone_factorial_1200_v1,voice_0113__phonefact_g726_24k,0.18525675,2.0166615e-06,0.37182808,0.99999964,0.0017233159
phone_factorial_1200_v1,voice_0113__phonefact_opus_nb_8k,0.9950904,0.07932828,0.993189,1.0,0.023910804
phone_factorial_1200_v1,voice_0114__phonefact_resample8k,0.9999995,0.9999993,0.8332838,1.0,0.00012466001
phone_factorial_1200_v1,voice_0114__phonefact_g711_ulaw,0.99991846,0.999962,0.36803743,1.0,5.4964385e-05
phone_factorial_1200_v1,voice_0114__phonefact_g726_24k,0.9836885,0.9653018,0.57717276,1.0,0.00013572277
phone_factorial_1200_v1,voice_0114__phonefact_opus_nb_8k,0.82464796,0.7405194,0.36380085,0.9999999,8.243669e-05
phone_factorial_1200_v1,voice_0115__phonefact_resample8k,0.99937546,0.99698335,0.89872235,1.0,0.6645404
phone_factorial_1200_v1,voice_0115__phonefact_g711_ulaw,0.9992143,0.99924445,0.07758216,1.0,0.0020129392
phone_factorial_1200_v1,voice_0115__phonefact_g726_24k,0.29916286,0.23711433,0.45506856,1.0,0.0001463612
phone_factorial_1200_v1,voice_0115__phonefact_opus_nb_8k,0.03780534,0.002462433,0.13123605,1.0,0.016790723
phone_factorial_1200_v1,voice_0116__phonefact_resample8k,0.9999999,0.9999666,0.99987245,1.0,0.6281725
phone_factorial_1200_v1,voice_0116__phonefact_g711_ulaw,0.99999934,0.9998652,0.99885225,1.0,0.0056427913
phone_factorial_1200_v1,voice_0116__phonefact_g726_24k,0.99997836,0.9990416,0.9921559,1.0,0.0001192475
phone_factorial_1200_v1,voice_0116__phonefact_opus_nb_8k,0.9999999,0.9999273,0.9998878,1.0,0.010046501
phone_factorial_1200_v1,voice_0117__phonefact_resample8k,0.99892074,0.9992349,0.93763775,1.0,0.00025739928
phone_factorial_1200_v1,voice_0117__phonefact_g711_ulaw,0.9999941,0.9999949,0.91516,1.0,0.00083910965
phone_factorial_1200_v1,voice_0117__phonefact_g726_24k,0.9998822,0.9999293,0.85371655,0.9999999,0.0020731091
phone_factorial_1200_v1,voice_0117__phonefact_opus_nb_8k,0.9912605,0.89424956,0.9482299,0.99999726,0.015675476
phone_factorial_1200_v1,voice_0118__phonefact_resample8k,0.9999995,0.9999995,0.9892982,1.0,0.037474275
phone_factorial_1200_v1,voice_0118__phonefact_g711_ulaw,0.99968845,0.9993617,0.18363878,1.0,0.00014930898
phone_factorial_1200_v1,voice_0118__phonefact_g726_24k,0.53712827,0.22571255,0.14955355,1.0,6.205298e-05
phone_factorial_1200_v1,voice_0118__phonefact_opus_nb_8k,0.9315147,0.85505223,0.347424,1.0,0.00052104174
phone_factorial_1200_v1,voice_0119__phonefact_resample8k,0.9998388,0.9998808,0.97019416,1.0,0.0009677269
phone_factorial_1200_v1,voice_0119__phonefact_g711_ulaw,0.99999887,0.9999995,0.8874943,1.0,0.000523076
phone_factorial_1200_v1,voice_0119__phonefact_g726_24k,0.99999774,0.99999917,0.7049468,1.0,0.00042693556
phone_factorial_1200_v1,voice_0119__phonefact_opus_nb_8k,0.99999845,0.99999774,0.9809616,1.0,0.00018169594
phone_factorial_1200_v1,voice_0120__phonefact_resample8k,1.0,1.0,0.85674256,1.0,0.0016560085
phone_factorial_1200_v1,voice_0120__phonefact_g711_ulaw,1.0,1.0,0.8029149,1.0,0.00014727059
phone_factorial_1200_v1,voice_0120__phonefact_g726_24k,1.0,1.0,0.8947694,1.0,7.544513e-06
phone_factorial_1200_v1,voice_0120__phonefact_opus_nb_8k,1.0,1.0,0.9196967,1.0,2.8293076e-05
phone_factorial_1200_v1,voice_0121__phonefact_resample8k,0.9999941,0.99999046,0.49212286,1.0,0.0035385431
phone_factorial_1200_v1,voice_0121__phonefact_g711_ulaw,0.99999917,0.9999988,0.14754722,1.0,0.00012905718
phone_factorial_1200_v1,voice_0121__phonefact_g726_24k,0.999966,0.9999944,0.42177632,1.0,4.9850358e-05
phone_factorial_1200_v1,voice_0121__phonefact_opus_nb_8k,0.9999894,0.99998724,0.62269425,1.0,0.00038335667
phone_factorial_1200_v1,voice_0122__phonefact_resample8k,0.9999999,0.9999995,0.9961282,1.0,0.13179816
phone_factorial_1200_v1,voice_0122__phonefact_g711_ulaw,0.99891764,0.9982875,0.5222195,1.0,0.007394064
phone_factorial_1200_v1,voice_0122__phonefact_g726_24k,0.90243477,0.21947095,0.8162672,1.0,0.001249945
phone_factorial_1200_v1,voice_0122__phonefact_opus_nb_8k,0.9887484,0.11863185,0.98216116,1.0,0.33009085
phone_factorial_1200_v1,voice_0123__phonefact_resample8k,0.9998161,0.99926,0.9761209,1.0,0.00033509667
phone_factorial_1200_v1,voice_0123__phonefact_g711_ulaw,0.9999975,0.99999726,0.44081566,1.0,0.00021583188
phone_factorial_1200_v1,voice_0123__phonefact_g726_24k,0.9999659,0.9999683,0.46638107,1.0,0.0061896453
phone_factorial_1200_v1,voice_0123__phonefact_opus_nb_8k,0.9999963,0.99997187,0.99908435,1.0,0.012638795
phone_factorial_1200_v1,voice_0124__phonefact_resample8k,1.0,1.0,0.99898785,1.0,0.0012445351
phone_factorial_1200_v1,voice_0124__phonefact_g711_ulaw,1.0,1.0,0.6199777,1.0,4.7579357e-05
phone_factorial_1200_v1,voice_0124__phonefact_g726_24k,0.9999987,0.9999814,0.9971437,1.0,0.0016253283
phone_factorial_1200_v1,voice_0124__phonefact_opus_nb_8k,0.99999964,0.99999535,0.9767314,1.0,6.8882386e-05
phone_factorial_1200_v1,voice_0125__phonefact_resample8k,0.99970037,0.73568434,0.9989317,1.0,0.5533521
phone_factorial_1200_v1,voice_0125__phonefact_g711_ulaw,0.99466115,0.95366967,0.92103964,0.9999999,0.005118591
phone_factorial_1200_v1,voice_0125__phonefact_g726_24k,0.91254735,0.22963005,0.8966776,1.0,0.0058866385
phone_factorial_1200_v1,voice_0125__phonefact_opus_nb_8k,0.99247074,0.7686528,0.9617365,0.9999999,0.003334724
phone_factorial_1200_v1,voice_0126__phonefact_resample8k,0.9999999,0.9999999,0.7451281,1.0,0.002312556
phone_factorial_1200_v1,voice_0126__phonefact_g711_ulaw,0.99999905,0.99999845,0.25879452,1.0,0.00024607536
phone_factorial_1200_v1,voice_0126__phonefact_g726_24k,0.9999777,0.99998283,0.29220143,1.0,0.00013849845
phone_factorial_1200_v1,voice_0126__phonefact_opus_nb_8k,0.9999943,0.99998844,0.4222389,1.0,0.00018391201
phone_factorial_1200_v1,voice_0127__phonefact_resample8k,0.9999999,0.99999774,0.99897623,1.0,0.021914328
phone_factorial_1200_v1,voice_0127__phonefact_g711_ulaw,0.9999999,0.9999993,0.96886516,1.0,0.00066261814
phone_factorial_1200_v1,voice_0127__phonefact_g726_24k,0.99139553,0.9806693,0.92522645,0.9999999,0.00017924763
phone_factorial_1200_v1,voice_0127__phonefact_opus_nb_8k,0.99999756,0.99996185,0.9882102,0.9999995,0.025429543
phone_factorial_1200_v1,voice_0128__phonefact_resample8k,0.9997096,0.94904125,0.9976011,1.0,0.2466482
phone_factorial_1200_v1,voice_0128__phonefact_g711_ulaw,0.9999976,0.99999344,0.5404969,1.0,0.0005729986
phone_factorial_1200_v1,voice_0128__phonefact_g726_24k,0.99737144,0.99898773,0.57700956,1.0,1.8832157e-05
phone_factorial_1200_v1,voice_0128__phonefact_opus_nb_8k,0.9999621,0.9956708,0.99746156,0.9999988,0.20120533
phone_factorial_1200_v1,voice_0129__phonefact_resample8k,1.0,1.0,0.998744,1.0,0.021256873
phone_factorial_1200_v1,voice_0129__phonefact_g711_ulaw,0.9999999,0.9999999,0.23712245,1.0,8.4558196e-05
phone_factorial_1200_v1,voice_0129__phonefact_g726_24k,0.9664601,0.95644695,0.010834299,1.0,0.0048888098
phone_factorial_1200_v1,voice_0129__phonefact_opus_nb_8k,1.0,1.0,0.42404932,1.0,9.620052e-05
phone_factorial_1200_v1,voice_0130__phonefact_resample8k,1.0,0.99999917,0.9999231,1.0,0.019186161
phone_factorial_1200_v1,voice_0130__phonefact_g711_ulaw,0.5359425,0.012440558,0.89256954,1.0,0.0009413177
phone_factorial_1200_v1,voice_0130__phonefact_g726_24k,0.37959993,0.004165811,0.7428424,1.0,0.0004213553
phone_factorial_1200_v1,voice_0130__phonefact_opus_nb_8k,0.31151283,0.049359646,0.50212085,1.0,0.00043029882
phone_factorial_1200_v1,voice_0131__phonefact_resample8k,1.0,1.0,0.997288,1.0,0.00025472525
phone_factorial_1200_v1,voice_0131__phonefact_g711_ulaw,0.99999714,0.99998176,0.7003087,1.0,0.0010135835
phone_factorial_1200_v1,voice_0131__phonefact_g726_24k,0.99999946,0.9999945,0.94101715,1.0,0.00041225873
phone_factorial_1200_v1,voice_0131__phonefact_opus_nb_8k,0.9999961,0.99998546,0.92619044,1.0,0.0002417195
phone_factorial_1200_v1,voice_0132__phonefact_resample8k,1.0,1.0,0.9484004,1.0,0.00073815306
phone_factorial_1200_v1,voice_0132__phonefact_g711_ulaw,1.0,1.0,0.17806967,1.0,9.914489e-06
phone_factorial_1200_v1,voice_0132__phonefact_g726_24k,0.9999997,0.99999964,0.97422034,1.0,1.9489238e-05
phone_factorial_1200_v1,voice_0132__phonefact_opus_nb_8k,1.0,1.0,0.9206623,1.0,5.485934e-05
phone_factorial_1200_v1,voice_0133__phonefact_resample8k,1.0,1.0,0.998599,1.0,0.001761094
phone_factorial_1200_v1,voice_0133__phonefact_g711_ulaw,1.0,1.0,0.10968839,1.0,0.00021214146
phone_factorial_1200_v1,voice_0133__phonefact_g726_24k,1.0,1.0,0.91531396,1.0,9.48228e-05
phone_factorial_1200_v1,voice_0133__phonefact_opus_nb_8k,0.99998796,0.99997914,0.8762768,1.0,0.00019066186
phone_factorial_1200_v1,voice_0134__phonefact_resample8k,0.5093373,0.4534009,0.42375124,0.9999993,0.009856044
phone_factorial_1200_v1,voice_0134__phonefact_g711_ulaw,0.18791062,0.07645317,0.2631105,0.9999907,0.028265778
phone_factorial_1200_v1,voice_0134__phonefact_g726_24k,0.12636885,0.0003390038,0.5794641,0.99961495,0.018401306
phone_factorial_1200_v1,voice_0134__phonefact_opus_nb_8k,0.12215116,1.5438298e-05,0.5860878,0.9999409,0.04120797
phone_factorial_1200_v1,voice_0135__phonefact_resample8k,0.99995077,0.9999578,0.94601315,1.0,0.0023176433
phone_factorial_1200_v1,voice_0135__phonefact_g711_ulaw,0.999841,0.9994778,0.87569755,1.0,0.00048893277
phone_factorial_1200_v1,voice_0135__phonefact_g726_24k,0.99953926,0.9951213,0.9413148,1.0,0.001748816
phone_factorial_1200_v1,voice_0135__phonefact_opus_nb_8k,0.9999997,0.9999962,0.99077725,1.0,0.0010871844
phone_factorial_1200_v1,voice_0136__phonefact_resample8k,0.99999917,0.9999987,0.80150706,1.0,0.013314281
phone_factorial_1200_v1,voice_0136__phonefact_g711_ulaw,0.9999985,0.99999857,0.26905087,1.0,0.00010108954
phone_factorial_1200_v1,voice_0136__phonefact_g726_24k,0.9999984,0.9999993,0.32778448,1.0,3.706884e-05
phone_factorial_1200_v1,voice_0136__phonefact_opus_nb_8k,0.99999416,0.9999883,0.120520785,1.0,4.2617303e-05
phone_factorial_1200_v1,voice_0137__phonefact_resample8k,0.9983079,0.99863523,0.12098868,1.0,0.003151258
phone_factorial_1200_v1,voice_0137__phonefact_g711_ulaw,0.9999997,0.9999999,0.057794664,1.0,0.00018815517
phone_factorial_1200_v1,voice_0137__phonefact_g726_24k,0.9999845,0.9999951,0.08972021,1.0,0.0016968877
phone_factorial_1200_v1,voice_0137__phonefact_opus_nb_8k,0.99999934,0.99999976,0.40588364,1.0,0.00014729447
phone_factorial_1200_v1,voice_0138__phonefact_resample8k,0.9999906,0.9999864,0.98076147,1.0,0.0005922489
phone_factorial_1200_v1,voice_0138__phonefact_g711_ulaw,0.9999999,0.99999976,0.44346777,1.0,6.064007e-05
phone_factorial_1200_v1,voice_0138__phonefact_g726_24k,0.9999962,0.99999785,0.66009814,1.0,6.2769606e-05
phone_factorial_1200_v1,voice_0138__phonefact_opus_nb_8k,0.99999034,0.99988246,0.9860234,1.0,0.0006180209
phone_factorial_1200_v1,voice_0139__phonefact_resample8k,0.9999954,0.9999379,0.99671304,1.0,0.13003296
phone_factorial_1200_v1,voice_0139__phonefact_g711_ulaw,0.9999982,0.9999931,0.9815363,1.0,0.013573176
phone_factorial_1200_v1,voice_0139__phonefact_g726_24k,0.9998833,0.9998029,0.8622078,1.0,0.0002921715
phone_factorial_1200_v1,voice_0139__phonefact_opus_nb_8k,0.9999917,0.99968433,0.9987055,1.0,0.1512733
phone_factorial_1200_v1,voice_0140__phonefact_resample8k,0.99981034,0.99903095,0.9549778,1.0,0.10709433
phone_factorial_1200_v1,voice_0140__phonefact_g711_ulaw,0.9999672,0.99990666,0.15218607,1.0,0.0026337022
phone_factorial_1200_v1,voice_0140__phonefact_g726_24k,0.99921846,0.9984629,0.8813789,1.0,7.623845e-05
phone_factorial_1200_v1,voice_0140__phonefact_opus_nb_8k,0.9994963,0.991281,0.9835882,0.9999995,0.077810295
phone_factorial_1200_v1,voice_0141__phonefact_resample8k,1.0,1.0,0.9983602,1.0,0.159706
phone_factorial_1200_v1,voice_0141__phonefact_g711_ulaw,1.0,1.0,0.9821268,1.0,0.001137761
phone_factorial_1200_v1,voice_0141__phonefact_g726_24k,1.0,1.0,0.98395085,1.0,0.0023118001
phone_factorial_1200_v1,voice_0141__phonefact_opus_nb_8k,1.0,1.0,0.98820937,1.0,0.0001793673
phone_factorial_1200_v1,voice_0142__phonefact_resample8k,1.0,1.0,0.61928385,1.0,0.00053783075
phone_factorial_1200_v1,voice_0142__phonefact_g711_ulaw,0.9999999,1.0,0.7371385,1.0,0.0001941015
phone_factorial_1200_v1,voice_0142__phonefact_g726_24k,1.0,1.0,0.85435694,1.0,1.4128718e-05
phone_factorial_1200_v1,voice_0142__phonefact_opus_nb_8k,0.99999744,0.9999913,0.77456546,1.0,0.00024776263
phone_factorial_1200_v1,voice_0143__phonefact_resample8k,1.0,0.9999999,0.26351997,1.0,0.023920579
phone_factorial_1200_v1,voice_0143__phonefact_g711_ulaw,0.99999964,0.9999994,0.06940696,1.0,0.0005970594
phone_factorial_1200_v1,voice_0143__phonefact_g726_24k,0.9999971,0.99999785,0.07104303,1.0,3.4658013e-05
phone_factorial_1200_v1,voice_0143__phonefact_opus_nb_8k,0.99944425,0.9977798,0.8218331,1.0,0.0014410623
phone_factorial_1200_v1,voice_0144__phonefact_resample8k,0.99999607,0.9999912,0.9952734,1.0,0.016560514
phone_factorial_1200_v1,voice_0144__phonefact_g711_ulaw,0.99998015,0.99998796,0.9860723,1.0,0.0001818533
phone_factorial_1200_v1,voice_0144__phonefact_g726_24k,0.99856144,0.9932348,0.98330516,1.0,0.00019549511
phone_factorial_1200_v1,voice_0144__phonefact_opus_nb_8k,0.9999998,0.9999999,0.9958643,1.0,0.00019888536
phone_factorial_1200_v1,voice_0145__phonefact_resample8k,1.0,1.0,0.62538683,1.0,0.0006249422
phone_factorial_1200_v1,voice_0145__phonefact_g711_ulaw,1.0,1.0,0.4033571,1.0,0.00034902425
phone_factorial_1200_v1,voice_0145__phonefact_g726_24k,0.9999921,0.99999607,0.39077038,1.0,0.00094788405
phone_factorial_1200_v1,voice_0145__phonefact_opus_nb_8k,1.0,1.0,0.17494886,1.0,4.2502197e-05
phone_factorial_1200_v1,voice_0146__phonefact_resample8k,1.0,1.0,0.99882966,1.0,0.052909173
phone_factorial_1200_v1,voice_0146__phonefact_g711_ulaw,1.0,1.0,0.9960884,1.0,0.0037871539
phone_factorial_1200_v1,voice_0146__phonefact_g726_24k,0.9999999,1.0,0.96655244,1.0,1.7018565e-05
phone_factorial_1200_v1,voice_0146__phonefact_opus_nb_8k,0.99999654,0.99997973,0.9964037,1.0,0.019114673
phone_factorial_1200_v1,voice_0147__phonefact_resample8k,0.9999998,0.9999995,0.99611664,1.0,9.638462e-05
phone_factorial_1200_v1,voice_0147__phonefact_g711_ulaw,0.9999992,0.9999993,0.052740496,1.0,9.854217e-06
phone_factorial_1200_v1,voice_0147__phonefact_g726_24k,0.999627,0.9998778,0.10575571,1.0,1.1402156e-05
phone_factorial_1200_v1,voice_0147__phonefact_opus_nb_8k,0.99906033,0.9983956,0.85771143,1.0,2.3348741e-06
phone_factorial_1200_v1,voice_0148__phonefact_resample8k,0.9999999,1.0,0.9389148,1.0,0.000110384106
phone_factorial_1200_v1,voice_0148__phonefact_g711_ulaw,1.0,1.0,0.9104379,1.0,3.305557e-05
phone_factorial_1200_v1,voice_0148__phonefact_g726_24k,0.9999998,0.99999964,0.86558414,1.0,6.638543e-05
phone_factorial_1200_v1,voice_0148__phonefact_opus_nb_8k,1.0,1.0,0.99456364,1.0,2.9881914e-05
phone_factorial_1200_v1,voice_0149__phonefact_resample8k,0.99999696,0.9999852,0.6083155,1.0,0.020181019
phone_factorial_1200_v1,voice_0149__phonefact_g711_ulaw,0.999999,0.9999963,0.006282072,1.0,0.0023453827
phone_factorial_1200_v1,voice_0149__phonefact_g726_24k,0.98917365,0.98022056,0.03583992,1.0,0.0009057071
phone_factorial_1200_v1,voice_0149__phonefact_opus_nb_8k,0.9998989,0.99972135,0.36693698,1.0,0.00081223
yue_cross_component_audit_v1,yue_000_music_real,0.05294633,0.16840012,0.004985133,0.97674555,1.0
yue_cross_component_audit_v1,yue_000_music_fake,0.9999848,0.854153,0.99980885,0.9597902,1.0
yue_cross_component_audit_v1,yue_000_concurrent_v0_m0,0.7566203,0.94601244,3.711447e-05,0.99245477,1.0
yue_cross_component_audit_v1,yue_000_concurrent_v1_m0,0.63476056,0.9178799,0.0004948541,0.99999666,1.0
yue_cross_component_audit_v1,yue_000_concurrent_v0_m1,0.9999112,0.99995196,0.967449,0.99999523,1.0
yue_cross_component_audit_v1,yue_000_concurrent_v1_m1,0.99927264,0.9999176,0.18618447,1.0,1.0
yue_cross_component_audit_v1,yue_000_partial_overlap_v0_m0,0.98116344,0.99593085,0.53616554,0.99999905,1.0
yue_cross_component_audit_v1,yue_000_partial_overlap_v1_m0,0.99999076,0.9999982,0.9573111,1.0,1.0
yue_cross_component_audit_v1,yue_000_partial_overlap_v0_m1,0.99999875,0.9999634,0.9997004,0.99999976,1.0
yue_cross_component_audit_v1,yue_000_partial_overlap_v1_m1,0.99999964,0.99999845,0.99732274,1.0,1.0
yue_cross_component_audit_v1,yue_000_sequential_v0_m0,0.9854219,0.9450714,0.81804943,0.99999976,1.0
yue_cross_component_audit_v1,yue_000_sequential_v1_m0,0.9999998,1.0,0.98404056,1.0,1.0
yue_cross_component_audit_v1,yue_000_sequential_v0_m1,0.999992,0.9689266,0.9992449,1.0,1.0
yue_cross_component_audit_v1,yue_000_sequential_v1_m1,0.9999999,0.999974,0.99998426,1.0,1.0
yue_cross_component_audit_v1,yue_000_native_vocal_real_music,0.5491102,0.7891811,0.01109613,0.9879731,1.0
yue_cross_component_audit_v1,yue_000_native_vocal_fake_music,0.99999917,0.96766806,0.9999726,0.99948275,1.0
yue_cross_component_audit_v1,yue_001_music_real,0.73455137,0.66704094,0.29925308,0.9983517,1.0
yue_cross_component_audit_v1,yue_001_music_fake,1.0,0.9703935,1.0,0.951018,1.0
yue_cross_component_audit_v1,yue_001_concurrent_v0_m0,0.9999391,0.99999726,0.60014397,1.0,1.0
yue_cross_component_audit_v1,yue_001_concurrent_v1_m0,0.9999999,0.9999999,0.9999181,1.0,1.0
yue_cross_component_audit_v1,yue_001_concurrent_v0_m1,0.99131376,0.9986689,0.0017862362,1.0,1.0
yue_cross_component_audit_v1,yue_001_concurrent_v1_m1,0.9999983,0.9999988,0.99532026,1.0,0.9999994
yue_cross_component_audit_v1,yue_001_partial_overlap_v0_m0,0.67889994,0.77071625,0.13738233,1.0,1.0
yue_cross_component_audit_v1,yue_001_partial_overlap_v1_m0,0.99968785,0.99995565,0.8851001,1.0,1.0
yue_cross_component_audit_v1,yue_001_partial_overlap_v0_m1,0.999776,0.16898714,0.9990847,1.0,1.0
yue_cross_component_audit_v1,yue_001_partial_overlap_v1_m1,0.9999998,0.9999988,0.9997582,1.0,1.0
yue_cross_component_audit_v1,yue_001_sequential_v0_m0,0.9776103,0.99292964,0.10569793,1.0,1.0
yue_cross_component_audit_v1,yue_001_sequential_v1_m0,0.9985205,0.9998878,0.20505221,1.0,1.0
yue_cross_component_audit_v1,yue_001_sequential_v0_m1,1.0,0.00012450322,0.9999999,1.0,1.0
yue_cross_component_audit_v1,yue_001_sequential_v1_m1,1.0,0.9999721,0.99999976,1.0,1.0
yue_cross_component_audit_v1,yue_001_native_vocal_real_music,0.45932537,0.57902586,0.034159105,0.9975573,1.0
yue_cross_component_audit_v1,yue_001_native_vocal_fake_music,1.0,0.9293204,0.99999905,0.999542,1.0
yue_cross_component_audit_v1,yue_002_music_real,0.9691644,0.9945374,0.0026061025,0.99621636,1.0
yue_cross_component_audit_v1,yue_002_music_fake,1.0,0.3429291,1.0,0.99917454,1.0
yue_cross_component_audit_v1,yue_002_concurrent_v0_m0,0.9994654,0.999622,3.0430936e-06,1.0,1.0
yue_cross_component_audit_v1,yue_002_concurrent_v1_m0,0.99995756,0.99999225,3.5272427e-05,0.9999994,1.0
yue_cross_component_audit_v1,yue_002_concurrent_v0_m1,0.014617418,0.0013289655,0.009278944,1.0,1.0
yue_cross_component_audit_v1,yue_002_concurrent_v1_m1,0.9999999,0.9998876,0.99998426,0.99999964,1.0
yue_cross_component_audit_v1,yue_002_partial_overlap_v0_m0,0.15141909,0.12157052,0.00037392392,1.0,1.0
yue_cross_component_audit_v1,yue_002_partial_overlap_v1_m0,0.9999999,1.0,0.08497652,1.0,1.0
yue_cross_component_audit_v1,yue_002_partial_overlap_v0_m1,0.99998987,0.74721503,0.9998611,0.9999999,1.0
yue_cross_component_audit_v1,yue_002_partial_overlap_v1_m1,1.0,0.99999976,0.9999995,1.0,1.0
yue_cross_component_audit_v1,yue_002_sequential_v0_m0,0.17478067,0.13275059,0.0042047007,1.0,1.0
yue_cross_component_audit_v1,yue_002_sequential_v1_m0,1.0,1.0,0.99577916,1.0,1.0
yue_cross_component_audit_v1,yue_002_sequential_v0_m1,1.0,0.07059106,1.0,1.0,1.0
yue_cross_component_audit_v1,yue_002_sequential_v1_m1,1.0,0.9999999,1.0,1.0,1.0
yue_cross_component_audit_v1,yue_003_music_real,0.94901574,0.0038293535,0.9856985,0.8254057,1.0
yue_cross_component_audit_v1,yue_003_music_fake,1.0,0.99980694,1.0,0.9999411,1.0
yue_cross_component_audit_v1,yue_003_concurrent_v0_m0,0.9998633,0.9999926,0.028921425,1.0,1.0
yue_cross_component_audit_v1,yue_003_concurrent_v1_m0,0.77841514,0.2939721,0.62024677,0.986014,1.0
yue_cross_component_audit_v1,yue_003_concurrent_v0_m1,0.9999998,0.5432403,0.99999905,1.0,1.0
yue_cross_component_audit_v1,yue_003_concurrent_v1_m1,1.0,0.9999565,1.0,1.0,1.0
yue_cross_component_audit_v1,yue_003_partial_overlap_v0_m0,0.9984799,0.9972818,0.83846444,1.0,1.0
yue_cross_component_audit_v1,yue_003_partial_overlap_v1_m0,0.979662,0.977253,0.038740005,0.99999404,1.0
yue_cross_component_audit_v1,yue_003_partial_overlap_v0_m1,0.9999992,0.99958354,0.9999896,1.0,0.9999999
yue_cross_component_audit_v1,yue_003_partial_overlap_v1_m1,1.0,0.99981827,0.99999714,0.9999995,1.0
yue_cross_component_audit_v1,yue_003_sequential_v0_m0,0.99858916,0.9633678,0.974642,0.9999999,1.0
yue_cross_component_audit_v1,yue_003_sequential_v1_m0,0.995981,0.9753557,0.74904835,0.9999962,1.0
yue_cross_component_audit_v1,yue_003_sequential_v0_m1,1.0,0.99863905,1.0,1.0,1.0
yue_cross_component_audit_v1,yue_003_sequential_v1_m1,1.0,0.99921036,0.9999999,0.99999976,1.0
yue_cross_component_audit_v1,yue_003_native_vocal_real_music,0.79720664,0.026267903,0.59130627,0.99999774,1.0
yue_cross_component_audit_v1,yue_003_native_vocal_fake_music,1.0,0.9982085,1.0,0.99646735,1.0
yue_cross_component_audit_v1,yue_004_music_real,0.032280155,0.039515987,2.3424827e-05,0.6552593,1.0
yue_cross_component_audit_v1,yue_004_music_fake,0.9999983,0.84256846,0.9999653,0.9970407,1.0
yue_cross_component_audit_v1,yue_004_concurrent_v0_m0,0.8491054,0.96019244,7.2926815e-07,0.99999154,1.0
yue_cross_component_audit_v1,yue_004_concurrent_v1_m0,0.00558881,0.0048830993,6.3344686e-07,0.99950194,1.0
yue_cross_component_audit_v1,yue_004_concurrent_v0_m1,0.99973714,0.9999567,0.83037,1.0,1.0
yue_cross_component_audit_v1,yue_004_concurrent_v1_m1,0.99982333,0.9999808,0.005546481,1.0,1.0
yue_cross_component_audit_v1,yue_004_partial_overlap_v0_m0,0.07372347,0.15078151,9.023397e-06,1.0,1.0
yue_cross_component_audit_v1,yue_004_partial_overlap_v1_m0,0.49942848,0.5456576,2.0330133e-06,0.99999976,1.0
yue_cross_component_audit_v1,yue_004_partial_overlap_v0_m1,0.9998777,0.99996305,0.7741456,1.0,1.0
yue_cross_component_audit_v1,yue_004_partial_overlap_v1_m1,1.0,0.9999436,0.99999714,1.0,1.0
yue_cross_component_audit_v1,yue_004_sequential_v0_m0,0.1871235,0.13361315,6.3709655e-07,1.0,1.0
yue_cross_component_audit_v1,yue_004_sequential_v1_m0,0.2568807,0.40458858,4.3112987e-06,0.9999932,1.0
yue_cross_component_audit_v1,yue_004_sequential_v0_m1,0.9999999,0.9999714,0.9999869,1.0,1.0
yue_cross_component_audit_v1,yue_004_sequential_v1_m1,1.0,0.99792504,0.99999964,1.0,1.0
yue_cross_component_audit_v1,yue_004_native_vocal_real_music,0.23429564,0.3654333,0.0005917701,0.99907374,1.0
yue_cross_component_audit_v1,yue_004_native_vocal_fake_music,0.99999917,0.98871046,0.9999229,0.99998987,1.0
yue_cross_component_audit_v1,yue_005_music_real,0.9995365,0.5535707,0.99728596,0.99642426,1.0
yue_cross_component_audit_v1,yue_005_music_fake,1.0,0.4880489,1.0,0.99991643,1.0
yue_cross_component_audit_v1,yue_005_concurrent_v0_m0,0.99999964,0.9999999,4.1371895e-06,0.9999999,1.0
yue_cross_component_audit_v1,yue_005_concurrent_v1_m0,0.99978316,0.99755883,0.9495155,1.0,1.0
yue_cross_component_audit_v1,yue_005_concurrent_v0_m1,1.0,1.0,0.9999918,1.0,1.0
yue_cross_component_audit_v1,yue_005_concurrent_v1_m1,0.9999999,0.9999889,0.9996215,1.0,1.0
yue_cross_component_audit_v1,yue_005_partial_overlap_v0_m0,0.9873528,0.9920374,0.12571806,1.0,1.0
yue_cross_component_audit_v1,yue_005_partial_overlap_v1_m0,0.99999905,0.99999976,0.5105865,1.0,1.0
yue_cross_component_audit_v1,yue_005_partial_overlap_v0_m1,1.0,0.9998889,0.99999964,1.0,1.0
yue_cross_component_audit_v1,yue_005_partial_overlap_v1_m1,1.0,1.0,0.9999999,1.0,1.0
yue_cross_component_audit_v1,yue_005_sequential_v0_m0,0.9947152,0.99884593,0.081245184,1.0,1.0
yue_cross_component_audit_v1,yue_005_sequential_v1_m0,0.99999917,0.9999989,0.9887798,1.0,1.0
yue_cross_component_audit_v1,yue_005_sequential_v0_m1,1.0,0.9955395,1.0,1.0,1.0
yue_cross_component_audit_v1,yue_005_sequential_v1_m1,1.0,0.9999962,1.0,1.0,1.0
yue_cross_component_audit_v1,yue_005_native_vocal_real_music,0.9994711,0.9958508,0.9844722,0.9998797,1.0
yue_cross_component_audit_v1,yue_005_native_vocal_fake_music,1.0,0.97930545,0.9999999,0.99985814,1.0
yue_cross_component_audit_v1,yue_006_music_real,0.99999166,0.76996636,0.99990404,0.99994814,1.0
yue_cross_component_audit_v1,yue_006_music_fake,1.0,0.9695546,0.99999976,0.99986804,1.0
yue_cross_component_audit_v1,yue_006_concurrent_v0_m0,0.99838305,0.9865377,0.9753205,0.9999999,1.0
yue_cross_component_audit_v1,yue_006_concurrent_v1_m0,0.9999982,0.9953336,0.99994135,0.99999845,1.0
yue_cross_component_audit_v1,yue_006_concurrent_v0_m1,0.99981755,0.9999323,0.95863223,1.0,1.0
yue_cross_component_audit_v1,yue_006_concurrent_v1_m1,1.0,0.9999933,0.99999976,1.0,1.0
yue_cross_component_audit_v1,yue_006_partial_overlap_v0_m0,0.9999547,0.91610175,0.9987864,1.0,1.0
yue_cross_component_audit_v1,yue_006_partial_overlap_v1_m0,1.0,0.99999666,1.0,1.0,1.0
yue_cross_component_audit_v1,yue_006_partial_overlap_v0_m1,0.9999987,0.9975243,0.9998988,1.0,1.0
yue_cross_component_audit_v1,yue_006_partial_overlap_v1_m1,1.0,0.9999994,1.0,1.0,1.0
yue_cross_component_audit_v1,yue_006_sequential_v0_m0,0.99999964,0.99992466,0.9989378,1.0,1.0
yue_cross_component_audit_v1,yue_006_sequential_v1_m0,1.0,0.9999994,0.9999902,1.0,1.0
yue_cross_component_audit_v1,yue_006_sequential_v0_m1,0.9999969,0.993305,0.9998901,1.0,1.0
yue_cross_component_audit_v1,yue_006_sequential_v1_m1,1.0,0.99999976,1.0,1.0,1.0
yue_cross_component_audit_v1,yue_006_native_vocal_real_music,0.9999772,0.9201497,0.99976474,0.99991953,1.0
yue_cross_component_audit_v1,yue_006_native_vocal_fake_music,1.0,0.97125375,0.99999964,0.9999721,1.0
yue_cross_component_audit_v1,yue_007_music_real,0.41083652,0.7112623,1.1259705e-06,0.8096064,1.0
yue_cross_component_audit_v1,yue_007_music_fake,1.0,0.09983862,1.0,0.99945396,1.0
yue_cross_component_audit_v1,yue_007_concurrent_v0_m0,0.43459597,0.5427408,0.0841435,0.9999666,1.0
yue_cross_component_audit_v1,yue_007_concurrent_v1_m0,0.13619283,0.38157517,2.3229716e-06,0.4489726,1.0
yue_cross_component_audit_v1,yue_007_concurrent_v0_m1,0.99999696,0.9999379,0.99679655,1.0,1.0
yue_cross_component_audit_v1,yue_007_concurrent_v1_m1,0.9999838,0.018639168,0.99993265,0.99996126,1.0
yue_cross_component_audit_v1,yue_007_partial_overlap_v0_m0,0.9844242,0.9944859,0.00026225307,1.0,1.0
yue_cross_component_audit_v1,yue_007_partial_overlap_v1_m0,0.9999998,1.0,0.00050605,1.0,1.0
yue_cross_component_audit_v1,yue_007_partial_overlap_v0_m1,1.0,0.9968913,0.99999833,1.0,1.0
yue_cross_component_audit_v1,yue_007_partial_overlap_v1_m1,1.0,1.0,1.0,1.0,1.0
yue_cross_component_audit_v1,yue_007_sequential_v0_m0,0.9990456,0.999767,4.9350165e-05,1.0,1.0
yue_cross_component_audit_v1,yue_007_sequential_v1_m0,0.9999966,0.99999905,0.006648393,1.0,1.0
yue_cross_component_audit_v1,yue_007_sequential_v0_m1,1.0,0.98140645,1.0,1.0,1.0
yue_cross_component_audit_v1,yue_007_sequential_v1_m1,1.0,1.0,1.0,1.0,1.0
suno_vocals_v1,suno_vocal_000,0.9744694,0.8667396,0.90638804,0.9852584,1.0
suno_vocals_v1,suno_vocal_001,0.9999933,0.3760218,0.9999516,0.9981735,1.0
suno_vocals_v1,suno_vocal_002,0.99999976,0.90665895,0.99999166,0.99788034,1.0
suno_vocals_v1,suno_vocal_003,0.9999995,0.99351007,0.9999697,0.9954501,1.0
suno_vocals_v1,suno_vocal_004,0.9519162,0.07339658,0.9258411,0.86451286,1.0
suno_vocals_v1,suno_vocal_005,0.9999987,0.6713875,0.9999814,0.9962171,1.0
suno_vocals_v1,suno_vocal_006,1.0,0.6957696,1.0,0.5636108,1.0
suno_vocals_v1,suno_vocal_007,1.0,0.95134723,0.9999993,0.9915263,1.0
suno_vocals_v1,suno_vocal_008,1.0,0.73299134,0.9999999,0.9999931,1.0
suno_vocals_v1,suno_vocal_009,1.0,0.99794024,0.9999987,0.9997265,1.0
suno_vocals_v1,suno_vocal_010,0.99999857,0.9746395,0.99993134,0.981097,1.0
suno_vocals_v1,suno_vocal_011,0.99999326,0.9404237,0.99979454,0.63412106,1.0
suno_vocals_v1,suno_vocal_012,0.9996803,0.87363935,0.99537706,0.94412446,1.0
