DATASET,ID,TEMPORAL_BIN_MUSIC_PROB
factorial_eval_1200_v2,factorial_0000,0.6956893
factorial_eval_1200_v2,factorial_0001,0.4393734
factorial_eval_1200_v2,factorial_0002,0.55814093
factorial_eval_1200_v2,factorial_0003,0.44442722
factorial_eval_1200_v2,factorial_0004,0.47531843
factorial_eval_1200_v2,factorial_0005,0.5129945
factorial_eval_1200_v2,factorial_0006,0.09072085
factorial_eval_1200_v2,factorial_0007,0.6559574
factorial_eval_1200_v2,factorial_0008,0.04403782
factorial_eval_1200_v2,factorial_0009,0.70063704
factorial_eval_1200_v2,factorial_0010,0.4420522
factorial_eval_1200_v2,factorial_0011,0.42089376
factorial_eval_1200_v2,factorial_0012,0.5781316
factorial_eval_1200_v2,factorial_0013,0.599339
factorial_eval_1200_v2,factorial_0014,0.3267752
factorial_eval_1200_v2,factorial_0015,0.7056431
factorial_eval_1200_v2,factorial_0016,0.4826029
factorial_eval_1200_v2,factorial_0017,0.8876237
factorial_eval_1200_v2,factorial_0018,0.6803999
factorial_eval_1200_v2,factorial_0019,0.6412132
factorial_eval_1200_v2,factorial_0020,0.48928794
factorial_eval_1200_v2,factorial_0021,0.55449116
factorial_eval_1200_v2,factorial_0022,0.42576048
factorial_eval_1200_v2,factorial_0023,0.58065265
factorial_eval_1200_v2,factorial_0024,0.23653732
factorial_eval_1200_v2,factorial_0025,0.6039952
factorial_eval_1200_v2,factorial_0026,0.6404184
factorial_eval_1200_v2,factorial_0027,0.010115909
factorial_eval_1200_v2,factorial_0028,0.38787055
factorial_eval_1200_v2,factorial_0029,0.32202354
factorial_eval_1200_v2,factorial_0030,0.0865793
factorial_eval_1200_v2,factorial_0031,0.023909187
factorial_eval_1200_v2,factorial_0032,0.8185465
factorial_eval_1200_v2,factorial_0033,0.0073220255
factorial_eval_1200_v2,factorial_0034,0.078537226
factorial_eval_1200_v2,factorial_0035,0.77065694
factorial_eval_1200_v2,factorial_0036,0.2648122
factorial_eval_1200_v2,factorial_0037,0.66601676
factorial_eval_1200_v2,factorial_0038,0.23494487
factorial_eval_1200_v2,factorial_0039,0.2700779
factorial_eval_1200_v2,factorial_0040,0.0732553
factorial_eval_1200_v2,factorial_0041,0.46397743
factorial_eval_1200_v2,factorial_0042,0.45634556
factorial_eval_1200_v2,factorial_0043,0.5335079
factorial_eval_1200_v2,factorial_0044,0.23088956
factorial_eval_1200_v2,factorial_0045,0.00088305474
factorial_eval_1200_v2,factorial_0046,0.598326
factorial_eval_1200_v2,factorial_0047,0.05265491
factorial_eval_1200_v2,factorial_0048,0.23173414
factorial_eval_1200_v2,factorial_0049,0.46552792
factorial_eval_1200_v2,factorial_0050,0.5220632
factorial_eval_1200_v2,factorial_0051,0.63385856
factorial_eval_1200_v2,factorial_0052,0.6999235
factorial_eval_1200_v2,factorial_0053,0.6589786
factorial_eval_1200_v2,factorial_0054,0.1839513
factorial_eval_1200_v2,factorial_0055,0.7156596
factorial_eval_1200_v2,factorial_0056,0.58264494
factorial_eval_1200_v2,factorial_0057,0.5882613
factorial_eval_1200_v2,factorial_0058,0.55310863
factorial_eval_1200_v2,factorial_0059,0.46149692
factorial_eval_1200_v2,factorial_0060,0.46637914
factorial_eval_1200_v2,factorial_0061,0.52952594
factorial_eval_1200_v2,factorial_0062,0.35414475
factorial_eval_1200_v2,factorial_0063,0.47281057
factorial_eval_1200_v2,factorial_0064,0.25811726
factorial_eval_1200_v2,factorial_0065,0.60386175
factorial_eval_1200_v2,factorial_0066,0.09867423
factorial_eval_1200_v2,factorial_0067,0.488586
factorial_eval_1200_v2,factorial_0068,0.34790894
factorial_eval_1200_v2,factorial_0069,0.69767106
factorial_eval_1200_v2,factorial_0070,0.472048
factorial_eval_1200_v2,factorial_0071,0.44909158
factorial_eval_1200_v2,factorial_0072,0.31472918
factorial_eval_1200_v2,factorial_0073,0.48856297
factorial_eval_1200_v2,factorial_0074,0.24630348
factorial_eval_1200_v2,factorial_0075,0.7760281
factorial_eval_1200_v2,factorial_0076,0.99268705
factorial_eval_1200_v2,factorial_0077,0.93902886
factorial_eval_1200_v2,factorial_0078,0.25096688
factorial_eval_1200_v2,factorial_0079,0.97672987
factorial_eval_1200_v2,factorial_0080,0.9321458
factorial_eval_1200_v2,factorial_0081,0.11387968
factorial_eval_1200_v2,factorial_0082,0.8320635
factorial_eval_1200_v2,factorial_0083,0.94992065
factorial_eval_1200_v2,factorial_0084,0.8648004
factorial_eval_1200_v2,factorial_0085,0.9817238
factorial_eval_1200_v2,factorial_0086,0.6230561
factorial_eval_1200_v2,factorial_0087,0.014358235
factorial_eval_1200_v2,factorial_0088,0.96057266
factorial_eval_1200_v2,factorial_0089,0.87209266
factorial_eval_1200_v2,factorial_0090,0.7508097
factorial_eval_1200_v2,factorial_0091,0.8328518
factorial_eval_1200_v2,factorial_0092,0.95349085
factorial_eval_1200_v2,factorial_0093,0.007848836
factorial_eval_1200_v2,factorial_0094,0.95582753
factorial_eval_1200_v2,factorial_0095,0.9406088
factorial_eval_1200_v2,factorial_0096,0.6133029
factorial_eval_1200_v2,factorial_0097,0.8359577
factorial_eval_1200_v2,factorial_0098,0.9529516
factorial_eval_1200_v2,factorial_0099,0.7231769
factorial_eval_1200_v2,factorial_0100,0.30566594
factorial_eval_1200_v2,factorial_0101,0.6621019
factorial_eval_1200_v2,factorial_0102,0.015753198
factorial_eval_1200_v2,factorial_0103,0.75327206
factorial_eval_1200_v2,factorial_0104,0.5464266
factorial_eval_1200_v2,factorial_0105,0.008893537
factorial_eval_1200_v2,factorial_0106,0.040353753
factorial_eval_1200_v2,factorial_0107,0.0041407347
factorial_eval_1200_v2,factorial_0108,0.44200116
factorial_eval_1200_v2,factorial_0109,0.19217621
factorial_eval_1200_v2,factorial_0110,0.38596374
factorial_eval_1200_v2,factorial_0111,0.0836334
factorial_eval_1200_v2,factorial_0112,0.12882929
factorial_eval_1200_v2,factorial_0113,0.0020102977
factorial_eval_1200_v2,factorial_0114,0.037600707
factorial_eval_1200_v2,factorial_0115,0.6055078
factorial_eval_1200_v2,factorial_0116,0.40977293
factorial_eval_1200_v2,factorial_0117,0.045978665
factorial_eval_1200_v2,factorial_0118,0.382102
factorial_eval_1200_v2,factorial_0119,0.4717639
factorial_eval_1200_v2,factorial_0120,0.11714905
factorial_eval_1200_v2,factorial_0121,0.48136184
factorial_eval_1200_v2,factorial_0122,0.93037146
factorial_eval_1200_v2,factorial_0123,0.2770491
factorial_eval_1200_v2,factorial_0124,0.6119213
factorial_eval_1200_v2,factorial_0125,0.8413416
factorial_eval_1200_v2,factorial_0126,0.57528967
factorial_eval_1200_v2,factorial_0127,0.8037901
factorial_eval_1200_v2,factorial_0128,0.6570269
factorial_eval_1200_v2,factorial_0129,0.4335321
factorial_eval_1200_v2,factorial_0130,0.82256633
factorial_eval_1200_v2,factorial_0131,0.22189227
factorial_eval_1200_v2,factorial_0132,0.3721213
factorial_eval_1200_v2,factorial_0133,0.6655819
factorial_eval_1200_v2,factorial_0134,0.629377
factorial_eval_1200_v2,factorial_0135,0.73850816
factorial_eval_1200_v2,factorial_0136,0.68484354
factorial_eval_1200_v2,factorial_0137,0.82564527
factorial_eval_1200_v2,factorial_0138,0.737277
factorial_eval_1200_v2,factorial_0139,0.7137642
factorial_eval_1200_v2,factorial_0140,0.7637258
factorial_eval_1200_v2,factorial_0141,0.22175466
factorial_eval_1200_v2,factorial_0142,0.76766795
factorial_eval_1200_v2,factorial_0143,0.88211644
factorial_eval_1200_v2,factorial_0144,0.6653456
factorial_eval_1200_v2,factorial_0145,0.8971092
factorial_eval_1200_v2,factorial_0146,0.6801833
factorial_eval_1200_v2,factorial_0147,0.53459454
factorial_eval_1200_v2,factorial_0148,0.72363126
factorial_eval_1200_v2,factorial_0149,0.5813454
factorial_eval_1200_v2,factorial_0150,0.045796823
factorial_eval_1200_v2,factorial_0151,0.8121964
factorial_eval_1200_v2,factorial_0152,0.29055616
factorial_eval_1200_v2,factorial_0153,0.025761008
factorial_eval_1200_v2,factorial_0154,0.12323208
factorial_eval_1200_v2,factorial_0155,0.1820983
factorial_eval_1200_v2,factorial_0156,0.6601202
factorial_eval_1200_v2,factorial_0157,0.49417478
factorial_eval_1200_v2,factorial_0158,0.48109275
factorial_eval_1200_v2,factorial_0159,0.4805769
factorial_eval_1200_v2,factorial_0160,0.052348804
factorial_eval_1200_v2,factorial_0161,0.36665446
factorial_eval_1200_v2,factorial_0162,0.11583295
factorial_eval_1200_v2,factorial_0163,0.6179704
factorial_eval_1200_v2,factorial_0164,0.71772224
factorial_eval_1200_v2,factorial_0165,0.19254544
factorial_eval_1200_v2,factorial_0166,0.3039188
factorial_eval_1200_v2,factorial_0167,0.57776743
factorial_eval_1200_v2,factorial_0168,0.28557
factorial_eval_1200_v2,factorial_0169,0.76463765
factorial_eval_1200_v2,factorial_0170,0.5570963
factorial_eval_1200_v2,factorial_0171,0.12327037
factorial_eval_1200_v2,factorial_0172,0.7623047
factorial_eval_1200_v2,factorial_0173,0.00295558
factorial_eval_1200_v2,factorial_0174,0.017833566
factorial_eval_1200_v2,factorial_0175,0.8655602
factorial_eval_1200_v2,factorial_0176,0.83575934
factorial_eval_1200_v2,factorial_0177,0.6076952
factorial_eval_1200_v2,factorial_0178,0.80960464
factorial_eval_1200_v2,factorial_0179,0.7168295
factorial_eval_1200_v2,factorial_0180,0.7521635
factorial_eval_1200_v2,factorial_0181,0.53594154
factorial_eval_1200_v2,factorial_0182,0.57232285
factorial_eval_1200_v2,factorial_0183,0.1985096
factorial_eval_1200_v2,factorial_0184,0.3180878
factorial_eval_1200_v2,factorial_0185,0.78512305
factorial_eval_1200_v2,factorial_0186,0.25324073
factorial_eval_1200_v2,factorial_0187,0.8741631
factorial_eval_1200_v2,factorial_0188,0.7536482
factorial_eval_1200_v2,factorial_0189,0.47000322
factorial_eval_1200_v2,factorial_0190,0.24091057
factorial_eval_1200_v2,factorial_0191,0.32265243
factorial_eval_1200_v2,factorial_0192,0.78814757
factorial_eval_1200_v2,factorial_0193,0.789116
factorial_eval_1200_v2,factorial_0194,0.6445288
factorial_eval_1200_v2,factorial_0195,0.12638907
factorial_eval_1200_v2,factorial_0196,0.25508267
factorial_eval_1200_v2,factorial_0197,0.1791812
factorial_eval_1200_v2,factorial_0198,0.64106005
factorial_eval_1200_v2,factorial_0199,0.78157324
factorial_eval_1200_v2,factorial_0200,0.64932996
factorial_eval_1200_v2,factorial_0201,0.20226923
factorial_eval_1200_v2,factorial_0202,0.08473706
factorial_eval_1200_v2,factorial_0203,0.6158727
factorial_eval_1200_v2,factorial_0204,0.3492014
factorial_eval_1200_v2,factorial_0205,0.25523153
factorial_eval_1200_v2,factorial_0206,0.24790435
factorial_eval_1200_v2,factorial_0207,0.6151908
factorial_eval_1200_v2,factorial_0208,0.7439949
factorial_eval_1200_v2,factorial_0209,0.41698524
factorial_eval_1200_v2,factorial_0210,0.47712237
factorial_eval_1200_v2,factorial_0211,0.1816761
factorial_eval_1200_v2,factorial_0212,0.60987276
factorial_eval_1200_v2,factorial_0213,0.3781006
factorial_eval_1200_v2,factorial_0214,0.4690872
factorial_eval_1200_v2,factorial_0215,0.409677
factorial_eval_1200_v2,factorial_0216,0.47994143
factorial_eval_1200_v2,factorial_0217,0.6935991
factorial_eval_1200_v2,factorial_0218,0.3992404
factorial_eval_1200_v2,factorial_0219,0.40545613
factorial_eval_1200_v2,factorial_0220,0.1681942
factorial_eval_1200_v2,factorial_0221,0.5829964
factorial_eval_1200_v2,factorial_0222,0.33952186
factorial_eval_1200_v2,factorial_0223,0.6230489
factorial_eval_1200_v2,factorial_0224,0.46091452
factorial_eval_1200_v2,factorial_0225,0.07276726
factorial_eval_1200_v2,factorial_0226,0.50992674
factorial_eval_1200_v2,factorial_0227,0.898419
factorial_eval_1200_v2,factorial_0228,0.85091496
factorial_eval_1200_v2,factorial_0229,0.812694
factorial_eval_1200_v2,factorial_0230,0.94900984
factorial_eval_1200_v2,factorial_0231,0.16974965
factorial_eval_1200_v2,factorial_0232,0.81395406
factorial_eval_1200_v2,factorial_0233,0.76347715
factorial_eval_1200_v2,factorial_0234,0.8219494
factorial_eval_1200_v2,factorial_0235,0.67021877
factorial_eval_1200_v2,factorial_0236,0.7490737
factorial_eval_1200_v2,factorial_0237,0.6002513
factorial_eval_1200_v2,factorial_0238,0.57041854
factorial_eval_1200_v2,factorial_0239,0.6940269
factorial_eval_1200_v2,factorial_0240,0.72134984
factorial_eval_1200_v2,factorial_0241,0.92899495
factorial_eval_1200_v2,factorial_0242,0.78338027
factorial_eval_1200_v2,factorial_0243,0.63550913
factorial_eval_1200_v2,factorial_0244,0.48705053
factorial_eval_1200_v2,factorial_0245,0.65675074
factorial_eval_1200_v2,factorial_0246,0.8772494
factorial_eval_1200_v2,factorial_0247,0.84888804
factorial_eval_1200_v2,factorial_0248,0.76187074
factorial_eval_1200_v2,factorial_0249,0.38335648
factorial_eval_1200_v2,factorial_0250,0.51064193
factorial_eval_1200_v2,factorial_0251,0.75798494
factorial_eval_1200_v2,factorial_0252,0.0519176
factorial_eval_1200_v2,factorial_0253,0.3338028
factorial_eval_1200_v2,factorial_0254,0.61940265
factorial_eval_1200_v2,factorial_0255,0.28921
factorial_eval_1200_v2,factorial_0256,0.055366185
factorial_eval_1200_v2,factorial_0257,0.067474656
factorial_eval_1200_v2,factorial_0258,0.10553813
factorial_eval_1200_v2,factorial_0259,0.5740289
factorial_eval_1200_v2,factorial_0260,0.3958136
factorial_eval_1200_v2,factorial_0261,0.3150452
factorial_eval_1200_v2,factorial_0262,0.04183221
factorial_eval_1200_v2,factorial_0263,0.08930178
factorial_eval_1200_v2,factorial_0264,0.056792736
factorial_eval_1200_v2,factorial_0265,0.8182966
factorial_eval_1200_v2,factorial_0266,0.6410638
factorial_eval_1200_v2,factorial_0267,0.5585555
factorial_eval_1200_v2,factorial_0268,0.32102028
factorial_eval_1200_v2,factorial_0269,0.01404829
factorial_eval_1200_v2,factorial_0270,0.3918266
factorial_eval_1200_v2,factorial_0271,0.6860394
factorial_eval_1200_v2,factorial_0272,0.5803128
factorial_eval_1200_v2,factorial_0273,0.19878654
factorial_eval_1200_v2,factorial_0274,0.66642445
factorial_eval_1200_v2,factorial_0275,0.82804376
factorial_eval_1200_v2,factorial_0276,0.7901238
factorial_eval_1200_v2,factorial_0277,0.80642587
factorial_eval_1200_v2,factorial_0278,0.86958915
factorial_eval_1200_v2,factorial_0279,0.19732948
factorial_eval_1200_v2,factorial_0280,0.88983756
factorial_eval_1200_v2,factorial_0281,0.86950153
factorial_eval_1200_v2,factorial_0282,0.83024186
factorial_eval_1200_v2,factorial_0283,0.8439604
factorial_eval_1200_v2,factorial_0284,0.59229696
factorial_eval_1200_v2,factorial_0285,0.6721114
factorial_eval_1200_v2,factorial_0286,0.92812556
factorial_eval_1200_v2,factorial_0287,0.47093102
factorial_eval_1200_v2,factorial_0288,0.80773395
factorial_eval_1200_v2,factorial_0289,0.89598334
factorial_eval_1200_v2,factorial_0290,0.91711915
factorial_eval_1200_v2,factorial_0291,0.7599686
factorial_eval_1200_v2,factorial_0292,0.89248276
factorial_eval_1200_v2,factorial_0293,0.89080906
factorial_eval_1200_v2,factorial_0294,0.2113175
factorial_eval_1200_v2,factorial_0295,0.75837123
factorial_eval_1200_v2,factorial_0296,0.7843841
factorial_eval_1200_v2,factorial_0297,0.33935523
factorial_eval_1200_v2,factorial_0298,0.9607803
factorial_eval_1200_v2,factorial_0299,0.63104445
factorial_eval_1200_v2,factorial_0300,0.42718053
factorial_eval_1200_v2,factorial_0301,0.095836736
factorial_eval_1200_v2,factorial_0302,0.8264328
factorial_eval_1200_v2,factorial_0303,0.056399442
factorial_eval_1200_v2,factorial_0304,0.117571786
factorial_eval_1200_v2,factorial_0305,0.56124896
factorial_eval_1200_v2,factorial_0306,0.3253768
factorial_eval_1200_v2,factorial_0307,0.43959695
factorial_eval_1200_v2,factorial_0308,0.229628
factorial_eval_1200_v2,factorial_0309,0.28803727
factorial_eval_1200_v2,factorial_0310,0.23073135
factorial_eval_1200_v2,factorial_0311,0.4924565
factorial_eval_1200_v2,factorial_0312,0.31628153
factorial_eval_1200_v2,factorial_0313,0.63731515
factorial_eval_1200_v2,factorial_0314,0.36186653
factorial_eval_1200_v2,factorial_0315,0.6209927
factorial_eval_1200_v2,factorial_0316,0.046397973
factorial_eval_1200_v2,factorial_0317,0.48590016
factorial_eval_1200_v2,factorial_0318,0.65334207
factorial_eval_1200_v2,factorial_0319,0.35728556
factorial_eval_1200_v2,factorial_0320,0.5132219
factorial_eval_1200_v2,factorial_0321,0.33931008
factorial_eval_1200_v2,factorial_0322,0.4569435
factorial_eval_1200_v2,factorial_0323,0.4671112
factorial_eval_1200_v2,factorial_0324,0.46496183
factorial_eval_1200_v2,factorial_0325,0.84800273
factorial_eval_1200_v2,factorial_0326,0.8003759
factorial_eval_1200_v2,factorial_0327,0.80643636
factorial_eval_1200_v2,factorial_0328,0.58182424
factorial_eval_1200_v2,factorial_0329,0.7654557
factorial_eval_1200_v2,factorial_0330,0.6385311
factorial_eval_1200_v2,factorial_0331,0.85330945
factorial_eval_1200_v2,factorial_0332,0.5869586
factorial_eval_1200_v2,factorial_0333,0.81712264
factorial_eval_1200_v2,factorial_0334,0.7224418
factorial_eval_1200_v2,factorial_0335,0.88653964
factorial_eval_1200_v2,factorial_0336,0.7727435
factorial_eval_1200_v2,factorial_0337,0.7645424
factorial_eval_1200_v2,factorial_0338,0.7816183
factorial_eval_1200_v2,factorial_0339,0.42453358
factorial_eval_1200_v2,factorial_0340,0.6838147
factorial_eval_1200_v2,factorial_0341,0.78457516
factorial_eval_1200_v2,factorial_0342,0.75440717
factorial_eval_1200_v2,factorial_0343,0.8562636
factorial_eval_1200_v2,factorial_0344,0.886751
factorial_eval_1200_v2,factorial_0345,0.5478286
factorial_eval_1200_v2,factorial_0346,0.83307517
factorial_eval_1200_v2,factorial_0347,0.8214855
factorial_eval_1200_v2,factorial_0348,0.58196515
factorial_eval_1200_v2,factorial_0349,0.78203446
factorial_eval_1200_v2,factorial_0350,0.3753576
factorial_eval_1200_v2,factorial_0351,0.5025193
factorial_eval_1200_v2,factorial_0352,0.28310904
factorial_eval_1200_v2,factorial_0353,0.5120949
factorial_eval_1200_v2,factorial_0354,0.17860304
factorial_eval_1200_v2,factorial_0355,0.6713891
factorial_eval_1200_v2,factorial_0356,0.5193336
factorial_eval_1200_v2,factorial_0357,0.645976
factorial_eval_1200_v2,factorial_0358,0.16125332
factorial_eval_1200_v2,factorial_0359,0.33401138
factorial_eval_1200_v2,factorial_0360,0.2731197
factorial_eval_1200_v2,factorial_0361,0.750373
factorial_eval_1200_v2,factorial_0362,0.42354837
factorial_eval_1200_v2,factorial_0363,0.102710724
factorial_eval_1200_v2,factorial_0364,0.47195575
factorial_eval_1200_v2,factorial_0365,0.08130212
factorial_eval_1200_v2,factorial_0366,0.34330508
factorial_eval_1200_v2,factorial_0367,0.70960015
factorial_eval_1200_v2,factorial_0368,0.440729
factorial_eval_1200_v2,factorial_0369,0.39023525
factorial_eval_1200_v2,factorial_0370,0.3795952
factorial_eval_1200_v2,factorial_0371,0.56570715
factorial_eval_1200_v2,factorial_0372,0.21077938
factorial_eval_1200_v2,factorial_0373,0.52688044
factorial_eval_1200_v2,factorial_0374,0.3443871
factorial_eval_1200_v2,factorial_0375,0.5907893
factorial_eval_1200_v2,factorial_0376,0.7830492
factorial_eval_1200_v2,factorial_0377,0.7765978
factorial_eval_1200_v2,factorial_0378,0.5065109
factorial_eval_1200_v2,factorial_0379,0.61127824
factorial_eval_1200_v2,factorial_0380,0.85571617
factorial_eval_1200_v2,factorial_0381,0.7881034
factorial_eval_1200_v2,factorial_0382,0.82334006
factorial_eval_1200_v2,factorial_0383,0.7829096
factorial_eval_1200_v2,factorial_0384,0.79434115
factorial_eval_1200_v2,factorial_0385,0.83508915
factorial_eval_1200_v2,factorial_0386,0.70816076
factorial_eval_1200_v2,factorial_0387,0.8076693
factorial_eval_1200_v2,factorial_0388,0.78401583
factorial_eval_1200_v2,factorial_0389,0.8459347
factorial_eval_1200_v2,factorial_0390,0.7942415
factorial_eval_1200_v2,factorial_0391,0.8735976
factorial_eval_1200_v2,factorial_0392,0.8235302
factorial_eval_1200_v2,factorial_0393,0.5626478
factorial_eval_1200_v2,factorial_0394,0.62700933
factorial_eval_1200_v2,factorial_0395,0.86392576
factorial_eval_1200_v2,factorial_0396,0.8136226
factorial_eval_1200_v2,factorial_0397,0.8267002
factorial_eval_1200_v2,factorial_0398,0.88767976
factorial_eval_1200_v2,factorial_0399,0.7884668
factorial_eval_1200_v2,factorial_0400,0.5547556
factorial_eval_1200_v2,factorial_0401,0.69089
factorial_eval_1200_v2,factorial_0402,0.3855856
factorial_eval_1200_v2,factorial_0403,0.60078835
factorial_eval_1200_v2,factorial_0404,0.32965657
factorial_eval_1200_v2,factorial_0405,0.65821743
factorial_eval_1200_v2,factorial_0406,0.416316
factorial_eval_1200_v2,factorial_0407,0.70611465
factorial_eval_1200_v2,factorial_0408,0.37537882
factorial_eval_1200_v2,factorial_0409,0.36059508
factorial_eval_1200_v2,factorial_0410,0.8762476
factorial_eval_1200_v2,factorial_0411,0.41835418
factorial_eval_1200_v2,factorial_0412,0.6467795
factorial_eval_1200_v2,factorial_0413,0.4901886
factorial_eval_1200_v2,factorial_0414,0.4115059
factorial_eval_1200_v2,factorial_0415,0.39509436
factorial_eval_1200_v2,factorial_0416,0.41265073
factorial_eval_1200_v2,factorial_0417,0.5589002
factorial_eval_1200_v2,factorial_0418,0.7640163
factorial_eval_1200_v2,factorial_0419,0.69746923
factorial_eval_1200_v2,factorial_0420,0.6261923
factorial_eval_1200_v2,factorial_0421,0.25544667
factorial_eval_1200_v2,factorial_0422,0.38586232
factorial_eval_1200_v2,factorial_0423,0.5457466
factorial_eval_1200_v2,factorial_0424,0.64229333
factorial_eval_1200_v2,factorial_0425,0.8720722
factorial_eval_1200_v2,factorial_0426,0.05487857
factorial_eval_1200_v2,factorial_0427,0.009119607
factorial_eval_1200_v2,factorial_0428,0.19102393
factorial_eval_1200_v2,factorial_0429,0.43570137
factorial_eval_1200_v2,factorial_0430,0.27001286
factorial_eval_1200_v2,factorial_0431,0.51260215
factorial_eval_1200_v2,factorial_0432,0.015420437
factorial_eval_1200_v2,factorial_0433,0.014316178
factorial_eval_1200_v2,factorial_0434,0.06686478
factorial_eval_1200_v2,factorial_0435,0.14830585
factorial_eval_1200_v2,factorial_0436,0.29073742
factorial_eval_1200_v2,factorial_0437,0.6841321
factorial_eval_1200_v2,factorial_0438,0.009596395
factorial_eval_1200_v2,factorial_0439,0.70641387
factorial_eval_1200_v2,factorial_0440,0.004448462
factorial_eval_1200_v2,factorial_0441,0.055401992
factorial_eval_1200_v2,factorial_0442,0.40571675
factorial_eval_1200_v2,factorial_0443,0.018896628
factorial_eval_1200_v2,factorial_0444,0.42302847
factorial_eval_1200_v2,factorial_0445,0.13195562
factorial_eval_1200_v2,factorial_0446,0.12684254
factorial_eval_1200_v2,factorial_0447,0.48695087
factorial_eval_1200_v2,factorial_0448,0.031831075
factorial_eval_1200_v2,factorial_0449,0.8588789
factorial_eval_1200_v2,factorial_0450,0.5797006
factorial_eval_1200_v2,factorial_0451,0.52292806
factorial_eval_1200_v2,factorial_0452,0.57051724
factorial_eval_1200_v2,factorial_0453,0.33762488
factorial_eval_1200_v2,factorial_0454,0.6712161
factorial_eval_1200_v2,factorial_0455,0.5819611
factorial_eval_1200_v2,factorial_0456,0.69385743
factorial_eval_1200_v2,factorial_0457,0.7452335
factorial_eval_1200_v2,factorial_0458,0.7352149
factorial_eval_1200_v2,factorial_0459,0.47994456
factorial_eval_1200_v2,factorial_0460,0.5620478
factorial_eval_1200_v2,factorial_0461,0.6934282
factorial_eval_1200_v2,factorial_0462,0.6850907
factorial_eval_1200_v2,factorial_0463,0.44908127
factorial_eval_1200_v2,factorial_0464,0.55011195
factorial_eval_1200_v2,factorial_0465,0.5293109
factorial_eval_1200_v2,factorial_0466,0.4861279
factorial_eval_1200_v2,factorial_0467,0.58258766
factorial_eval_1200_v2,factorial_0468,0.6671929
factorial_eval_1200_v2,factorial_0469,0.5056211
factorial_eval_1200_v2,factorial_0470,0.7824917
factorial_eval_1200_v2,factorial_0471,0.5386721
factorial_eval_1200_v2,factorial_0472,0.55023235
factorial_eval_1200_v2,factorial_0473,0.64491147
factorial_eval_1200_v2,factorial_0474,0.595898
factorial_eval_1200_v2,factorial_0475,0.7297533
factorial_eval_1200_v2,factorial_0476,0.90359116
factorial_eval_1200_v2,factorial_0477,0.92220956
factorial_eval_1200_v2,factorial_0478,0.86663336
factorial_eval_1200_v2,factorial_0479,0.9245629
factorial_eval_1200_v2,factorial_0480,0.826817
factorial_eval_1200_v2,factorial_0481,0.8797857
factorial_eval_1200_v2,factorial_0482,0.96954125
factorial_eval_1200_v2,factorial_0483,0.6045888
factorial_eval_1200_v2,factorial_0484,0.9567896
factorial_eval_1200_v2,factorial_0485,0.99731064
factorial_eval_1200_v2,factorial_0486,0.39888003
factorial_eval_1200_v2,factorial_0487,0.9785983
factorial_eval_1200_v2,factorial_0488,0.8422989
factorial_eval_1200_v2,factorial_0489,0.93013877
factorial_eval_1200_v2,factorial_0490,0.95165616
factorial_eval_1200_v2,factorial_0491,0.9548673
factorial_eval_1200_v2,factorial_0492,0.25394112
factorial_eval_1200_v2,factorial_0493,0.6332956
factorial_eval_1200_v2,factorial_0494,0.88451827
factorial_eval_1200_v2,factorial_0495,0.8834546
factorial_eval_1200_v2,factorial_0496,0.86846346
factorial_eval_1200_v2,factorial_0497,0.98704493
factorial_eval_1200_v2,factorial_0498,0.036812257
factorial_eval_1200_v2,factorial_0499,0.860104
factorial_eval_1200_v2,factorial_0500,0.052735686
factorial_eval_1200_v2,factorial_0501,0.19592936
factorial_eval_1200_v2,factorial_0502,0.81803936
factorial_eval_1200_v2,factorial_0503,0.67895097
factorial_eval_1200_v2,factorial_0504,0.45160818
factorial_eval_1200_v2,factorial_0505,0.22687344
factorial_eval_1200_v2,factorial_0506,0.3424912
factorial_eval_1200_v2,factorial_0507,0.26894426
factorial_eval_1200_v2,factorial_0508,0.45868453
factorial_eval_1200_v2,factorial_0509,0.10338058
factorial_eval_1200_v2,factorial_0510,0.103283264
factorial_eval_1200_v2,factorial_0511,0.052356362
factorial_eval_1200_v2,factorial_0512,0.21779864
factorial_eval_1200_v2,factorial_0513,0.009019375
factorial_eval_1200_v2,factorial_0514,0.6037396
factorial_eval_1200_v2,factorial_0515,0.56144345
factorial_eval_1200_v2,factorial_0516,0.053750467
factorial_eval_1200_v2,factorial_0517,0.026949525
factorial_eval_1200_v2,factorial_0518,0.027260257
factorial_eval_1200_v2,factorial_0519,0.41041008
factorial_eval_1200_v2,factorial_0520,0.44645616
factorial_eval_1200_v2,factorial_0521,0.6472129
factorial_eval_1200_v2,factorial_0522,0.5759427
factorial_eval_1200_v2,factorial_0523,0.59125215
factorial_eval_1200_v2,factorial_0524,0.3897892
factorial_eval_1200_v2,factorial_0525,0.1210763
factorial_eval_1200_v2,factorial_0526,0.78088486
factorial_eval_1200_v2,factorial_0527,0.9706591
factorial_eval_1200_v2,factorial_0528,0.4878524
factorial_eval_1200_v2,factorial_0529,0.393078
factorial_eval_1200_v2,factorial_0530,0.7465538
factorial_eval_1200_v2,factorial_0531,0.17277046
factorial_eval_1200_v2,factorial_0532,0.9213671
factorial_eval_1200_v2,factorial_0533,0.87224656
factorial_eval_1200_v2,factorial_0534,0.5723217
factorial_eval_1200_v2,factorial_0535,0.9636759
factorial_eval_1200_v2,factorial_0536,0.9052005
factorial_eval_1200_v2,factorial_0537,0.22792879
factorial_eval_1200_v2,factorial_0538,0.85762215
factorial_eval_1200_v2,factorial_0539,0.4969182
factorial_eval_1200_v2,factorial_0540,0.7993822
factorial_eval_1200_v2,factorial_0541,0.3697259
factorial_eval_1200_v2,factorial_0542,0.24789749
factorial_eval_1200_v2,factorial_0543,0.80780727
factorial_eval_1200_v2,factorial_0544,0.5644898
factorial_eval_1200_v2,factorial_0545,0.8170442
factorial_eval_1200_v2,factorial_0546,0.31533167
factorial_eval_1200_v2,factorial_0547,0.83432883
factorial_eval_1200_v2,factorial_0548,0.610079
factorial_eval_1200_v2,factorial_0549,0.6943059
factorial_eval_1200_v2,factorial_0550,0.39713535
factorial_eval_1200_v2,factorial_0551,0.7471449
factorial_eval_1200_v2,factorial_0552,0.0134494305
factorial_eval_1200_v2,factorial_0553,0.0141528845
factorial_eval_1200_v2,factorial_0554,0.031564426
factorial_eval_1200_v2,factorial_0555,0.07581744
factorial_eval_1200_v2,factorial_0556,0.087794304
factorial_eval_1200_v2,factorial_0557,0.5007548
factorial_eval_1200_v2,factorial_0558,0.20301966
factorial_eval_1200_v2,factorial_0559,0.2448638
factorial_eval_1200_v2,factorial_0560,0.07448254
factorial_eval_1200_v2,factorial_0561,0.020280575
factorial_eval_1200_v2,factorial_0562,0.63858086
factorial_eval_1200_v2,factorial_0563,0.03582702
factorial_eval_1200_v2,factorial_0564,0.016804457
factorial_eval_1200_v2,factorial_0565,0.06644263
factorial_eval_1200_v2,factorial_0566,0.09572311
factorial_eval_1200_v2,factorial_0567,0.14659706
factorial_eval_1200_v2,factorial_0568,0.8107668
factorial_eval_1200_v2,factorial_0569,0.20607233
factorial_eval_1200_v2,factorial_0570,0.10559175
factorial_eval_1200_v2,factorial_0571,0.004911685
factorial_eval_1200_v2,factorial_0572,0.023502016
factorial_eval_1200_v2,factorial_0573,0.076490425
factorial_eval_1200_v2,factorial_0574,0.67665
factorial_eval_1200_v2,factorial_0575,0.68609524
factorial_eval_1200_v2,factorial_0576,0.35350487
factorial_eval_1200_v2,factorial_0577,0.92997646
factorial_eval_1200_v2,factorial_0578,0.773331
factorial_eval_1200_v2,factorial_0579,0.4325439
factorial_eval_1200_v2,factorial_0580,0.75101686
factorial_eval_1200_v2,factorial_0581,0.5963648
factorial_eval_1200_v2,factorial_0582,0.30928907
factorial_eval_1200_v2,factorial_0583,0.30565184
factorial_eval_1200_v2,factorial_0584,0.5622794
factorial_eval_1200_v2,factorial_0585,0.2504594
factorial_eval_1200_v2,factorial_0586,0.8026385
factorial_eval_1200_v2,factorial_0587,0.6018678
factorial_eval_1200_v2,factorial_0588,0.74071544
factorial_eval_1200_v2,factorial_0589,0.46288878
factorial_eval_1200_v2,factorial_0590,0.8194157
factorial_eval_1200_v2,factorial_0591,0.71778536
factorial_eval_1200_v2,factorial_0592,0.9761775
factorial_eval_1200_v2,factorial_0593,0.8230797
factorial_eval_1200_v2,factorial_0594,0.17571865
factorial_eval_1200_v2,factorial_0595,0.65983874
factorial_eval_1200_v2,factorial_0596,0.68737453
factorial_eval_1200_v2,factorial_0597,0.7897121
factorial_eval_1200_v2,factorial_0598,0.90951484
factorial_eval_1200_v2,factorial_0599,0.929583
factorial_eval_1200_v2,factorial_0600,0.21082453
factorial_eval_1200_v2,factorial_0601,0.09060641
factorial_eval_1200_v2,factorial_0602,0.6006347
factorial_eval_1200_v2,factorial_0603,0.45513487
factorial_eval_1200_v2,factorial_0604,0.71705604
factorial_eval_1200_v2,factorial_0605,0.1898272
factorial_eval_1200_v2,factorial_0606,0.0509243
factorial_eval_1200_v2,factorial_0607,0.14558148
factorial_eval_1200_v2,factorial_0608,0.56065035
factorial_eval_1200_v2,factorial_0609,0.16043197
factorial_eval_1200_v2,factorial_0610,0.7257979
factorial_eval_1200_v2,factorial_0611,0.16947542
factorial_eval_1200_v2,factorial_0612,0.2014234
factorial_eval_1200_v2,factorial_0613,0.1519887
factorial_eval_1200_v2,factorial_0614,0.10156317
factorial_eval_1200_v2,factorial_0615,0.38338524
factorial_eval_1200_v2,factorial_0616,0.20607816
factorial_eval_1200_v2,factorial_0617,0.4160281
factorial_eval_1200_v2,factorial_0618,0.4823416
factorial_eval_1200_v2,factorial_0619,0.34944612
factorial_eval_1200_v2,factorial_0620,0.118205026
factorial_eval_1200_v2,factorial_0621,0.41797337
factorial_eval_1200_v2,factorial_0622,0.47598895
factorial_eval_1200_v2,factorial_0623,0.3984219
factorial_eval_1200_v2,factorial_0624,0.060181763
factorial_eval_1200_v2,factorial_0625,0.75182015
factorial_eval_1200_v2,factorial_0626,0.5622133
factorial_eval_1200_v2,factorial_0627,0.8197369
factorial_eval_1200_v2,factorial_0628,0.9092676
factorial_eval_1200_v2,factorial_0629,0.8803713
factorial_eval_1200_v2,factorial_0630,0.3842929
factorial_eval_1200_v2,factorial_0631,0.851586
factorial_eval_1200_v2,factorial_0632,0.91564626
factorial_eval_1200_v2,factorial_0633,0.5973234
factorial_eval_1200_v2,factorial_0634,0.8050906
factorial_eval_1200_v2,factorial_0635,0.9541828
factorial_eval_1200_v2,factorial_0636,0.20100346
factorial_eval_1200_v2,factorial_0637,0.93843424
factorial_eval_1200_v2,factorial_0638,0.8373543
factorial_eval_1200_v2,factorial_0639,0.09906898
factorial_eval_1200_v2,factorial_0640,0.85419333
factorial_eval_1200_v2,factorial_0641,0.71847314
factorial_eval_1200_v2,factorial_0642,0.8036246
factorial_eval_1200_v2,factorial_0643,0.8102789
factorial_eval_1200_v2,factorial_0644,0.77189314
factorial_eval_1200_v2,factorial_0645,0.30130798
factorial_eval_1200_v2,factorial_0646,0.8268744
factorial_eval_1200_v2,factorial_0647,0.623259
factorial_eval_1200_v2,factorial_0648,0.509076
factorial_eval_1200_v2,factorial_0649,0.89107054
factorial_eval_1200_v2,factorial_0650,0.42635012
factorial_eval_1200_v2,factorial_0651,0.28182083
factorial_eval_1200_v2,factorial_0652,0.7656662
factorial_eval_1200_v2,factorial_0653,0.43294245
factorial_eval_1200_v2,factorial_0654,0.119391106
factorial_eval_1200_v2,factorial_0655,0.34353685
factorial_eval_1200_v2,factorial_0656,0.5190792
factorial_eval_1200_v2,factorial_0657,0.4542999
factorial_eval_1200_v2,factorial_0658,0.44545937
factorial_eval_1200_v2,factorial_0659,0.7991355
factorial_eval_1200_v2,factorial_0660,0.38134995
factorial_eval_1200_v2,factorial_0661,0.42854103
factorial_eval_1200_v2,factorial_0662,0.1932209
factorial_eval_1200_v2,factorial_0663,0.46113238
factorial_eval_1200_v2,factorial_0664,0.5797429
factorial_eval_1200_v2,factorial_0665,0.42804605
factorial_eval_1200_v2,factorial_0666,0.08695288
factorial_eval_1200_v2,factorial_0667,0.18121938
factorial_eval_1200_v2,factorial_0668,0.06110945
factorial_eval_1200_v2,factorial_0669,0.67381686
factorial_eval_1200_v2,factorial_0670,0.49941
factorial_eval_1200_v2,factorial_0671,0.47407642
factorial_eval_1200_v2,factorial_0672,0.41272154
factorial_eval_1200_v2,factorial_0673,0.32092953
factorial_eval_1200_v2,factorial_0674,0.58491784
factorial_eval_1200_v2,factorial_0675,0.730377
factorial_eval_1200_v2,factorial_0676,0.9214989
factorial_eval_1200_v2,factorial_0677,0.76765347
factorial_eval_1200_v2,factorial_0678,0.22730704
factorial_eval_1200_v2,factorial_0679,0.7928332
factorial_eval_1200_v2,factorial_0680,0.847582
factorial_eval_1200_v2,factorial_0681,0.72263545
factorial_eval_1200_v2,factorial_0682,0.87905836
factorial_eval_1200_v2,factorial_0683,0.8691867
factorial_eval_1200_v2,factorial_0684,0.5908003
factorial_eval_1200_v2,factorial_0685,0.8134924
factorial_eval_1200_v2,factorial_0686,0.51582974
factorial_eval_1200_v2,factorial_0687,0.6856376
factorial_eval_1200_v2,factorial_0688,0.5404267
factorial_eval_1200_v2,factorial_0689,0.888507
factorial_eval_1200_v2,factorial_0690,0.083309986
factorial_eval_1200_v2,factorial_0691,0.83227503
factorial_eval_1200_v2,factorial_0692,0.7469023
factorial_eval_1200_v2,factorial_0693,0.7586705
factorial_eval_1200_v2,factorial_0694,0.8944478
factorial_eval_1200_v2,factorial_0695,0.7568683
factorial_eval_1200_v2,factorial_0696,0.2481306
factorial_eval_1200_v2,factorial_0697,0.12557088
factorial_eval_1200_v2,factorial_0698,0.8683349
factorial_eval_1200_v2,factorial_0699,0.5069923
factorial_eval_1200_v2,factorial_0700,0.47719964
factorial_eval_1200_v2,factorial_0701,0.22463755
factorial_eval_1200_v2,factorial_0702,0.43072414
factorial_eval_1200_v2,factorial_0703,0.29823455
factorial_eval_1200_v2,factorial_0704,0.6161512
factorial_eval_1200_v2,factorial_0705,0.3144227
factorial_eval_1200_v2,factorial_0706,0.75618505
factorial_eval_1200_v2,factorial_0707,0.5900627
factorial_eval_1200_v2,factorial_0708,0.26631355
factorial_eval_1200_v2,factorial_0709,0.49295607
factorial_eval_1200_v2,factorial_0710,0.63008267
factorial_eval_1200_v2,factorial_0711,0.2388523
factorial_eval_1200_v2,factorial_0712,0.3540576
factorial_eval_1200_v2,factorial_0713,0.43914348
factorial_eval_1200_v2,factorial_0714,0.25785327
factorial_eval_1200_v2,factorial_0715,0.6642508
factorial_eval_1200_v2,factorial_0716,0.44877037
factorial_eval_1200_v2,factorial_0717,0.36309233
factorial_eval_1200_v2,factorial_0718,0.5840167
factorial_eval_1200_v2,factorial_0719,0.64829475
factorial_eval_1200_v2,factorial_0720,0.31079313
factorial_eval_1200_v2,factorial_0721,0.44991183
factorial_eval_1200_v2,factorial_0722,0.60802954
factorial_eval_1200_v2,factorial_0723,0.51786864
factorial_eval_1200_v2,factorial_0724,0.7811141
factorial_eval_1200_v2,factorial_0725,0.8963745
factorial_eval_1200_v2,factorial_0726,0.20349097
factorial_eval_1200_v2,factorial_0727,0.8890099
factorial_eval_1200_v2,factorial_0728,0.86631936
factorial_eval_1200_v2,factorial_0729,0.68446136
factorial_eval_1200_v2,factorial_0730,0.7198383
factorial_eval_1200_v2,factorial_0731,0.83718914
factorial_eval_1200_v2,factorial_0732,0.7037737
factorial_eval_1200_v2,factorial_0733,0.6862047
factorial_eval_1200_v2,factorial_0734,0.6056137
factorial_eval_1200_v2,factorial_0735,0.69673437
factorial_eval_1200_v2,factorial_0736,0.90163535
factorial_eval_1200_v2,factorial_0737,0.91264975
factorial_eval_1200_v2,factorial_0738,0.7629294
factorial_eval_1200_v2,factorial_0739,0.8314664
factorial_eval_1200_v2,factorial_0740,0.6516177
factorial_eval_1200_v2,factorial_0741,0.84182566
factorial_eval_1200_v2,factorial_0742,0.8718985
factorial_eval_1200_v2,factorial_0743,0.9496571
factorial_eval_1200_v2,factorial_0744,0.80428743
factorial_eval_1200_v2,factorial_0745,0.7548612
factorial_eval_1200_v2,factorial_0746,0.8103325
factorial_eval_1200_v2,factorial_0747,0.70389265
factorial_eval_1200_v2,factorial_0748,0.8355288
factorial_eval_1200_v2,factorial_0749,0.9493208
factorial_eval_1200_v2,factorial_0750,0.44785014
factorial_eval_1200_v2,factorial_0751,0.6625766
factorial_eval_1200_v2,factorial_0752,0.47776142
factorial_eval_1200_v2,factorial_0753,0.12128873
factorial_eval_1200_v2,factorial_0754,0.70249194
factorial_eval_1200_v2,factorial_0755,0.53899544
factorial_eval_1200_v2,factorial_0756,0.33640933
factorial_eval_1200_v2,factorial_0757,0.10819783
factorial_eval_1200_v2,factorial_0758,0.72774345
factorial_eval_1200_v2,factorial_0759,0.27559528
factorial_eval_1200_v2,factorial_0760,0.52081335
factorial_eval_1200_v2,factorial_0761,0.64407045
factorial_eval_1200_v2,factorial_0762,0.44971725
factorial_eval_1200_v2,factorial_0763,0.18057242
factorial_eval_1200_v2,factorial_0764,0.35779926
factorial_eval_1200_v2,factorial_0765,0.29280758
factorial_eval_1200_v2,factorial_0766,0.43546423
factorial_eval_1200_v2,factorial_0767,0.48275802
factorial_eval_1200_v2,factorial_0768,0.20713983
factorial_eval_1200_v2,factorial_0769,0.19568948
factorial_eval_1200_v2,factorial_0770,0.34251818
factorial_eval_1200_v2,factorial_0771,0.5318429
factorial_eval_1200_v2,factorial_0772,0.5567098
factorial_eval_1200_v2,factorial_0773,0.7288932
factorial_eval_1200_v2,factorial_0774,0.26522303
factorial_eval_1200_v2,factorial_0775,0.87280333
factorial_eval_1200_v2,factorial_0776,0.8579399
factorial_eval_1200_v2,factorial_0777,0.81130505
factorial_eval_1200_v2,factorial_0778,0.84406894
factorial_eval_1200_v2,factorial_0779,0.87857705
factorial_eval_1200_v2,factorial_0780,0.17419262
factorial_eval_1200_v2,factorial_0781,0.20932126
factorial_eval_1200_v2,factorial_0782,0.826647
factorial_eval_1200_v2,factorial_0783,0.770387
factorial_eval_1200_v2,factorial_0784,0.9386
factorial_eval_1200_v2,factorial_0785,0.87305397
factorial_eval_1200_v2,factorial_0786,0.26235968
factorial_eval_1200_v2,factorial_0787,0.799345
factorial_eval_1200_v2,factorial_0788,0.56531984
factorial_eval_1200_v2,factorial_0789,0.8796193
factorial_eval_1200_v2,factorial_0790,0.85125846
factorial_eval_1200_v2,factorial_0791,0.9299572
factorial_eval_1200_v2,factorial_0792,0.68338174
factorial_eval_1200_v2,factorial_0793,0.9231327
factorial_eval_1200_v2,factorial_0794,0.712303
factorial_eval_1200_v2,factorial_0795,0.79185873
factorial_eval_1200_v2,factorial_0796,0.8427623
factorial_eval_1200_v2,factorial_0797,0.41858345
factorial_eval_1200_v2,factorial_0798,0.8352596
factorial_eval_1200_v2,factorial_0799,0.45781347
factorial_eval_1200_v2,factorial_0800,0.83390427
factorial_eval_1200_v2,factorial_0801,0.5203294
factorial_eval_1200_v2,factorial_0802,0.34628534
factorial_eval_1200_v2,factorial_0803,0.69251305
factorial_eval_1200_v2,factorial_0804,0.15969057
factorial_eval_1200_v2,factorial_0805,0.55296504
factorial_eval_1200_v2,factorial_0806,0.32486424
factorial_eval_1200_v2,factorial_0807,0.25342733
factorial_eval_1200_v2,factorial_0808,0.47453234
factorial_eval_1200_v2,factorial_0809,0.3365614
factorial_eval_1200_v2,factorial_0810,0.16618705
factorial_eval_1200_v2,factorial_0811,0.6682822
factorial_eval_1200_v2,factorial_0812,0.57599604
factorial_eval_1200_v2,factorial_0813,0.65361124
factorial_eval_1200_v2,factorial_0814,0.39841923
factorial_eval_1200_v2,factorial_0815,0.31498095
factorial_eval_1200_v2,factorial_0816,0.76684076
factorial_eval_1200_v2,factorial_0817,0.7305116
factorial_eval_1200_v2,factorial_0818,0.09160366
factorial_eval_1200_v2,factorial_0819,0.2535225
factorial_eval_1200_v2,factorial_0820,0.49044713
factorial_eval_1200_v2,factorial_0821,0.5997001
factorial_eval_1200_v2,factorial_0822,0.60328716
factorial_eval_1200_v2,factorial_0823,0.38740006
factorial_eval_1200_v2,factorial_0824,0.8338606
factorial_eval_1200_v2,factorial_0825,0.5055373
factorial_eval_1200_v2,factorial_0826,0.45725542
factorial_eval_1200_v2,factorial_0827,0.6843192
factorial_eval_1200_v2,factorial_0828,0.008495951
factorial_eval_1200_v2,factorial_0829,0.09633475
factorial_eval_1200_v2,factorial_0830,0.3919893
factorial_eval_1200_v2,factorial_0831,0.6674963
factorial_eval_1200_v2,factorial_0832,0.09648056
factorial_eval_1200_v2,factorial_0833,0.13218962
factorial_eval_1200_v2,factorial_0834,0.00977335
factorial_eval_1200_v2,factorial_0835,0.7914546
factorial_eval_1200_v2,factorial_0836,0.50168574
factorial_eval_1200_v2,factorial_0837,0.013792467
factorial_eval_1200_v2,factorial_0838,0.030461788
factorial_eval_1200_v2,factorial_0839,0.15862976
factorial_eval_1200_v2,factorial_0840,0.23943122
factorial_eval_1200_v2,factorial_0841,0.3710308
factorial_eval_1200_v2,factorial_0842,0.029062653
factorial_eval_1200_v2,factorial_0843,0.021564651
factorial_eval_1200_v2,factorial_0844,0.38584468
factorial_eval_1200_v2,factorial_0845,0.5228428
factorial_eval_1200_v2,factorial_0846,0.5712966
factorial_eval_1200_v2,factorial_0847,0.17282052
factorial_eval_1200_v2,factorial_0848,0.25683337
factorial_eval_1200_v2,factorial_0849,0.49757972
factorial_eval_1200_v2,factorial_0850,0.70690167
factorial_eval_1200_v2,factorial_0851,0.63172925
factorial_eval_1200_v2,factorial_0852,0.15531257
factorial_eval_1200_v2,factorial_0853,0.7127248
factorial_eval_1200_v2,factorial_0854,0.44717598
factorial_eval_1200_v2,factorial_0855,0.5115871
factorial_eval_1200_v2,factorial_0856,0.6290348
factorial_eval_1200_v2,factorial_0857,0.09482739
factorial_eval_1200_v2,factorial_0858,0.5153132
factorial_eval_1200_v2,factorial_0859,0.4037225
factorial_eval_1200_v2,factorial_0860,0.18938807
factorial_eval_1200_v2,factorial_0861,0.41476494
factorial_eval_1200_v2,factorial_0862,0.65240616
factorial_eval_1200_v2,factorial_0863,0.3966655
factorial_eval_1200_v2,factorial_0864,0.7254748
factorial_eval_1200_v2,factorial_0865,0.6618043
factorial_eval_1200_v2,factorial_0866,0.18938807
factorial_eval_1200_v2,factorial_0867,0.8423342
factorial_eval_1200_v2,factorial_0868,0.45011607
factorial_eval_1200_v2,factorial_0869,0.39114013
factorial_eval_1200_v2,factorial_0870,0.44869748
factorial_eval_1200_v2,factorial_0871,0.58457035
factorial_eval_1200_v2,factorial_0872,0.5731564
factorial_eval_1200_v2,factorial_0873,0.41476494
factorial_eval_1200_v2,factorial_0874,0.19550334
factorial_eval_1200_v2,factorial_0875,0.6702325
factorial_eval_1200_v2,factorial_0876,0.947617
factorial_eval_1200_v2,factorial_0877,0.614878
factorial_eval_1200_v2,factorial_0878,0.83467335
factorial_eval_1200_v2,factorial_0879,0.27580458
factorial_eval_1200_v2,factorial_0880,0.74963844
factorial_eval_1200_v2,factorial_0881,0.75312674
factorial_eval_1200_v2,factorial_0882,0.6014656
factorial_eval_1200_v2,factorial_0883,0.8998558
factorial_eval_1200_v2,factorial_0884,0.8653221
factorial_eval_1200_v2,factorial_0885,0.03760743
factorial_eval_1200_v2,factorial_0886,0.8831879
factorial_eval_1200_v2,factorial_0887,0.7756795
factorial_eval_1200_v2,factorial_0888,0.7979297
factorial_eval_1200_v2,factorial_0889,0.92541754
factorial_eval_1200_v2,factorial_0890,0.8858386
factorial_eval_1200_v2,factorial_0891,0.32091329
factorial_eval_1200_v2,factorial_0892,0.983754
factorial_eval_1200_v2,factorial_0893,0.97990865
factorial_eval_1200_v2,factorial_0894,0.9653004
factorial_eval_1200_v2,factorial_0895,0.9857335
factorial_eval_1200_v2,factorial_0896,0.90016
factorial_eval_1200_v2,factorial_0897,0.7881331
factorial_eval_1200_v2,factorial_0898,0.83145905
factorial_eval_1200_v2,factorial_0899,0.81008095
factorial_eval_1200_v2,factorial_0900,0.390079
factorial_eval_1200_v2,factorial_0901,0.25164565
factorial_eval_1200_v2,factorial_0902,0.84348863
factorial_eval_1200_v2,factorial_0903,0.16231549
factorial_eval_1200_v2,factorial_0904,0.25801843
factorial_eval_1200_v2,factorial_0905,0.1434143
factorial_eval_1200_v2,factorial_0906,0.29439017
factorial_eval_1200_v2,factorial_0907,0.59366727
factorial_eval_1200_v2,factorial_0908,0.829946
factorial_eval_1200_v2,factorial_0909,0.12353764
factorial_eval_1200_v2,factorial_0910,0.06180897
factorial_eval_1200_v2,factorial_0911,0.79313844
factorial_eval_1200_v2,factorial_0912,0.45802775
factorial_eval_1200_v2,factorial_0913,0.82243294
factorial_eval_1200_v2,factorial_0914,0.83694935
factorial_eval_1200_v2,factorial_0915,0.100459196
factorial_eval_1200_v2,factorial_0916,0.46020967
factorial_eval_1200_v2,factorial_0917,0.022623254
factorial_eval_1200_v2,factorial_0918,0.15584253
factorial_eval_1200_v2,factorial_0919,0.06317895
factorial_eval_1200_v2,factorial_0920,0.46986014
factorial_eval_1200_v2,factorial_0921,0.35759196
factorial_eval_1200_v2,factorial_0922,0.36410055
factorial_eval_1200_v2,factorial_0923,0.018180609
factorial_eval_1200_v2,factorial_0924,0.035007715
factorial_eval_1200_v2,factorial_0925,0.8715952
factorial_eval_1200_v2,factorial_0926,0.62147033
factorial_eval_1200_v2,factorial_0927,0.3667198
factorial_eval_1200_v2,factorial_0928,0.84174156
factorial_eval_1200_v2,factorial_0929,0.7302665
factorial_eval_1200_v2,factorial_0930,0.6683976
factorial_eval_1200_v2,factorial_0931,0.44678363
factorial_eval_1200_v2,factorial_0932,0.22254641
factorial_eval_1200_v2,factorial_0933,0.8305319
factorial_eval_1200_v2,factorial_0934,0.65951437
factorial_eval_1200_v2,factorial_0935,0.31013224
factorial_eval_1200_v2,factorial_0936,0.7053304
factorial_eval_1200_v2,factorial_0937,0.80057573
factorial_eval_1200_v2,factorial_0938,0.48857284
factorial_eval_1200_v2,factorial_0939,0.028590703
factorial_eval_1200_v2,factorial_0940,0.412165
factorial_eval_1200_v2,factorial_0941,0.7040949
factorial_eval_1200_v2,factorial_0942,0.65044934
factorial_eval_1200_v2,factorial_0943,0.81676465
factorial_eval_1200_v2,factorial_0944,0.8555612
factorial_eval_1200_v2,factorial_0945,0.046481945
factorial_eval_1200_v2,factorial_0946,0.21010566
factorial_eval_1200_v2,factorial_0947,0.7228093
factorial_eval_1200_v2,factorial_0948,0.34791547
factorial_eval_1200_v2,factorial_0949,0.8950432
factorial_eval_1200_v2,factorial_0950,0.37277386
factorial_eval_1200_v2,factorial_0951,0.08871295
factorial_eval_1200_v2,factorial_0952,0.023162508
factorial_eval_1200_v2,factorial_0953,0.024489213
factorial_eval_1200_v2,factorial_0954,0.006755948
factorial_eval_1200_v2,factorial_0955,0.67920655
factorial_eval_1200_v2,factorial_0956,0.7810232
factorial_eval_1200_v2,factorial_0957,0.587299
factorial_eval_1200_v2,factorial_0958,0.58907163
factorial_eval_1200_v2,factorial_0959,0.02327683
factorial_eval_1200_v2,factorial_0960,0.021754408
factorial_eval_1200_v2,factorial_0961,0.60571927
factorial_eval_1200_v2,factorial_0962,0.09237647
factorial_eval_1200_v2,factorial_0963,0.08338232
factorial_eval_1200_v2,factorial_0964,0.1253691
factorial_eval_1200_v2,factorial_0965,0.25286055
factorial_eval_1200_v2,factorial_0966,0.007223058
factorial_eval_1200_v2,factorial_0967,0.28361997
factorial_eval_1200_v2,factorial_0968,0.45417738
factorial_eval_1200_v2,factorial_0969,0.0018773318
factorial_eval_1200_v2,factorial_0970,0.21004944
factorial_eval_1200_v2,factorial_0971,0.5042657
factorial_eval_1200_v2,factorial_0972,0.052601766
factorial_eval_1200_v2,factorial_0973,0.58823425
factorial_eval_1200_v2,factorial_0974,0.20307675
factorial_eval_1200_v2,factorial_0975,0.048066426
factorial_eval_1200_v2,factorial_0976,0.8548142
factorial_eval_1200_v2,factorial_0977,0.8480709
factorial_eval_1200_v2,factorial_0978,0.37429577
factorial_eval_1200_v2,factorial_0979,0.8950674
factorial_eval_1200_v2,factorial_0980,0.81911767
factorial_eval_1200_v2,factorial_0981,0.84181255
factorial_eval_1200_v2,factorial_0982,0.3289605
factorial_eval_1200_v2,factorial_0983,0.5525649
factorial_eval_1200_v2,factorial_0984,0.7785787
factorial_eval_1200_v2,factorial_0985,0.85347027
factorial_eval_1200_v2,factorial_0986,0.8651003
factorial_eval_1200_v2,factorial_0987,0.29457083
factorial_eval_1200_v2,factorial_0988,0.3072128
factorial_eval_1200_v2,factorial_0989,0.41088697
factorial_eval_1200_v2,factorial_0990,0.77683496
factorial_eval_1200_v2,factorial_0991,0.7311699
factorial_eval_1200_v2,factorial_0992,0.70928156
factorial_eval_1200_v2,factorial_0993,0.005765295
factorial_eval_1200_v2,factorial_0994,0.7042198
factorial_eval_1200_v2,factorial_0995,0.7212281
factorial_eval_1200_v2,factorial_0996,0.6555851
factorial_eval_1200_v2,factorial_0997,0.7419487
factorial_eval_1200_v2,factorial_0998,0.8076828
factorial_eval_1200_v2,factorial_0999,0.45445958
factorial_eval_1200_v2,factorial_1000,0.115320444
factorial_eval_1200_v2,factorial_1001,0.22972016
factorial_eval_1200_v2,factorial_1002,0.3620997
factorial_eval_1200_v2,factorial_1003,0.06615677
factorial_eval_1200_v2,factorial_1004,0.6976482
factorial_eval_1200_v2,factorial_1005,0.1630044
factorial_eval_1200_v2,factorial_1006,0.26002392
factorial_eval_1200_v2,factorial_1007,0.2813243
factorial_eval_1200_v2,factorial_1008,0.021138191
factorial_eval_1200_v2,factorial_1009,0.44772273
factorial_eval_1200_v2,factorial_1010,0.09608903
factorial_eval_1200_v2,factorial_1011,0.103369236
factorial_eval_1200_v2,factorial_1012,0.6431114
factorial_eval_1200_v2,factorial_1013,0.13332395
factorial_eval_1200_v2,factorial_1014,0.6857298
factorial_eval_1200_v2,factorial_1015,0.046391822
factorial_eval_1200_v2,factorial_1016,0.4043122
factorial_eval_1200_v2,factorial_1017,0.40009728
factorial_eval_1200_v2,factorial_1018,0.7437881
factorial_eval_1200_v2,factorial_1019,0.17081618
factorial_eval_1200_v2,factorial_1020,0.5182076
factorial_eval_1200_v2,factorial_1021,0.8199504
factorial_eval_1200_v2,factorial_1022,0.59407634
factorial_eval_1200_v2,factorial_1023,0.07314787
factorial_eval_1200_v2,factorial_1024,0.057409763
factorial_eval_1200_v2,factorial_1025,0.801315
factorial_eval_1200_v2,factorial_1026,0.70107454
factorial_eval_1200_v2,factorial_1027,0.77985746
factorial_eval_1200_v2,factorial_1028,0.66134876
factorial_eval_1200_v2,factorial_1029,0.7488526
factorial_eval_1200_v2,factorial_1030,0.71078235
factorial_eval_1200_v2,factorial_1031,0.5118768
factorial_eval_1200_v2,factorial_1032,0.68012136
factorial_eval_1200_v2,factorial_1033,0.34177074
factorial_eval_1200_v2,factorial_1034,0.89792347
factorial_eval_1200_v2,factorial_1035,0.56272614
factorial_eval_1200_v2,factorial_1036,0.7784005
factorial_eval_1200_v2,factorial_1037,0.45608687
factorial_eval_1200_v2,factorial_1038,0.73746955
factorial_eval_1200_v2,factorial_1039,0.60239375
factorial_eval_1200_v2,factorial_1040,0.5788967
factorial_eval_1200_v2,factorial_1041,0.43709943
factorial_eval_1200_v2,factorial_1042,0.90616935
factorial_eval_1200_v2,factorial_1043,0.29283148
factorial_eval_1200_v2,factorial_1044,0.73924035
factorial_eval_1200_v2,factorial_1045,0.79393584
factorial_eval_1200_v2,factorial_1046,0.31499273
factorial_eval_1200_v2,factorial_1047,0.67334193
factorial_eval_1200_v2,factorial_1048,0.5653128
factorial_eval_1200_v2,factorial_1049,0.8666272
factorial_eval_1200_v2,factorial_1050,0.64316857
factorial_eval_1200_v2,factorial_1051,0.9221285
factorial_eval_1200_v2,factorial_1052,0.5862486
factorial_eval_1200_v2,factorial_1053,0.35882717
factorial_eval_1200_v2,factorial_1054,0.08618412
factorial_eval_1200_v2,factorial_1055,0.18861051
factorial_eval_1200_v2,factorial_1056,0.31215262
factorial_eval_1200_v2,factorial_1057,0.7088074
factorial_eval_1200_v2,factorial_1058,0.14846936
factorial_eval_1200_v2,factorial_1059,0.31742024
factorial_eval_1200_v2,factorial_1060,0.18093777
factorial_eval_1200_v2,factorial_1061,0.1340859
factorial_eval_1200_v2,factorial_1062,0.009404994
factorial_eval_1200_v2,factorial_1063,0.78583217
factorial_eval_1200_v2,factorial_1064,0.81876373
factorial_eval_1200_v2,factorial_1065,0.41619524
factorial_eval_1200_v2,factorial_1066,0.11428113
factorial_eval_1200_v2,factorial_1067,0.07697687
factorial_eval_1200_v2,factorial_1068,0.107639454
factorial_eval_1200_v2,factorial_1069,0.4009486
factorial_eval_1200_v2,factorial_1070,0.8846127
factorial_eval_1200_v2,factorial_1071,0.25724205
factorial_eval_1200_v2,factorial_1072,0.43548065
factorial_eval_1200_v2,factorial_1073,0.3691291
factorial_eval_1200_v2,factorial_1074,0.33557948
factorial_eval_1200_v2,factorial_1075,0.9209447
factorial_eval_1200_v2,factorial_1076,0.41853973
factorial_eval_1200_v2,factorial_1077,0.10898986
factorial_eval_1200_v2,factorial_1078,0.9070946
factorial_eval_1200_v2,factorial_1079,0.80272835
factorial_eval_1200_v2,factorial_1080,0.8256942
factorial_eval_1200_v2,factorial_1081,0.8167702
factorial_eval_1200_v2,factorial_1082,0.85893357
factorial_eval_1200_v2,factorial_1083,0.20075074
factorial_eval_1200_v2,factorial_1084,0.6579277
factorial_eval_1200_v2,factorial_1085,0.7358267
factorial_eval_1200_v2,factorial_1086,0.7123014
factorial_eval_1200_v2,factorial_1087,0.8782496
factorial_eval_1200_v2,factorial_1088,0.9020996
factorial_eval_1200_v2,factorial_1089,0.53395957
factorial_eval_1200_v2,factorial_1090,0.7441106
factorial_eval_1200_v2,factorial_1091,0.72614324
factorial_eval_1200_v2,factorial_1092,0.18173432
factorial_eval_1200_v2,factorial_1093,0.7839477
factorial_eval_1200_v2,factorial_1094,0.2543316
factorial_eval_1200_v2,factorial_1095,0.69624984
factorial_eval_1200_v2,factorial_1096,0.5954735
factorial_eval_1200_v2,factorial_1097,0.8142527
factorial_eval_1200_v2,factorial_1098,0.7231924
factorial_eval_1200_v2,factorial_1099,0.57712233
factorial_eval_1200_v2,factorial_1100,0.48921585
factorial_eval_1200_v2,factorial_1101,0.28428197
factorial_eval_1200_v2,factorial_1102,0.61031985
factorial_eval_1200_v2,factorial_1103,0.463387
factorial_eval_1200_v2,factorial_1104,0.26117125
factorial_eval_1200_v2,factorial_1105,0.41047913
factorial_eval_1200_v2,factorial_1106,0.5461356
factorial_eval_1200_v2,factorial_1107,0.39006034
factorial_eval_1200_v2,factorial_1108,0.62711513
factorial_eval_1200_v2,factorial_1109,0.4307099
factorial_eval_1200_v2,factorial_1110,0.7909896
factorial_eval_1200_v2,factorial_1111,0.78625
factorial_eval_1200_v2,factorial_1112,0.23215275
factorial_eval_1200_v2,factorial_1113,0.46979734
factorial_eval_1200_v2,factorial_1114,0.11784258
factorial_eval_1200_v2,factorial_1115,0.54199964
factorial_eval_1200_v2,factorial_1116,0.3976655
factorial_eval_1200_v2,factorial_1117,0.2831644
factorial_eval_1200_v2,factorial_1118,0.49561167
factorial_eval_1200_v2,factorial_1119,0.52740806
factorial_eval_1200_v2,factorial_1120,0.5643684
factorial_eval_1200_v2,factorial_1121,0.7184756
factorial_eval_1200_v2,factorial_1122,0.29591843
factorial_eval_1200_v2,factorial_1123,0.45450687
factorial_eval_1200_v2,factorial_1124,0.51154965
factorial_eval_1200_v2,factorial_1125,0.5869654
factorial_eval_1200_v2,factorial_1126,0.72460485
factorial_eval_1200_v2,factorial_1127,0.76781905
factorial_eval_1200_v2,factorial_1128,0.53873104
factorial_eval_1200_v2,factorial_1129,0.7566751
factorial_eval_1200_v2,factorial_1130,0.8166687
factorial_eval_1200_v2,factorial_1131,0.6257211
factorial_eval_1200_v2,factorial_1132,0.37395787
factorial_eval_1200_v2,factorial_1133,0.89603156
factorial_eval_1200_v2,factorial_1134,0.6927215
factorial_eval_1200_v2,factorial_1135,0.7992357
factorial_eval_1200_v2,factorial_1136,0.42091104
factorial_eval_1200_v2,factorial_1137,0.797904
factorial_eval_1200_v2,factorial_1138,0.8561293
factorial_eval_1200_v2,factorial_1139,0.78557515
factorial_eval_1200_v2,factorial_1140,0.64979833
factorial_eval_1200_v2,factorial_1141,0.66080374
factorial_eval_1200_v2,factorial_1142,0.94343823
factorial_eval_1200_v2,factorial_1143,0.36966735
factorial_eval_1200_v2,factorial_1144,0.34663972
factorial_eval_1200_v2,factorial_1145,0.67399305
factorial_eval_1200_v2,factorial_1146,0.79694813
factorial_eval_1200_v2,factorial_1147,0.67453384
factorial_eval_1200_v2,factorial_1148,0.8080128
factorial_eval_1200_v2,factorial_1149,0.5472628
factorial_eval_1200_v2,factorial_1150,0.4219388
factorial_eval_1200_v2,factorial_1151,0.29489705
factorial_eval_1200_v2,factorial_1152,0.28688216
factorial_eval_1200_v2,factorial_1153,0.8653702
factorial_eval_1200_v2,factorial_1154,0.103550486
factorial_eval_1200_v2,factorial_1155,0.30150205
factorial_eval_1200_v2,factorial_1156,0.5711537
factorial_eval_1200_v2,factorial_1157,0.41831255
factorial_eval_1200_v2,factorial_1158,0.38413477
factorial_eval_1200_v2,factorial_1159,0.5669254
factorial_eval_1200_v2,factorial_1160,0.36177087
factorial_eval_1200_v2,factorial_1161,0.38909855
factorial_eval_1200_v2,factorial_1162,0.17811885
factorial_eval_1200_v2,factorial_1163,0.29864994
factorial_eval_1200_v2,factorial_1164,0.36749664
factorial_eval_1200_v2,factorial_1165,0.884668
factorial_eval_1200_v2,factorial_1166,0.53272605
factorial_eval_1200_v2,factorial_1167,0.23669453
factorial_eval_1200_v2,factorial_1168,0.4969754
factorial_eval_1200_v2,factorial_1169,0.16352725
factorial_eval_1200_v2,factorial_1170,0.5106756
factorial_eval_1200_v2,factorial_1171,0.74856734
factorial_eval_1200_v2,factorial_1172,0.38940722
factorial_eval_1200_v2,factorial_1173,0.32423845
factorial_eval_1200_v2,factorial_1174,0.27433968
factorial_eval_1200_v2,factorial_1175,0.8764288
factorial_eval_1200_v2,factorial_1176,0.75213784
factorial_eval_1200_v2,factorial_1177,0.9230076
factorial_eval_1200_v2,factorial_1178,0.5534727
factorial_eval_1200_v2,factorial_1179,0.3933861
factorial_eval_1200_v2,factorial_1180,0.82683676
factorial_eval_1200_v2,factorial_1181,0.6596028
factorial_eval_1200_v2,factorial_1182,0.8534116
factorial_eval_1200_v2,factorial_1183,0.8210417
factorial_eval_1200_v2,factorial_1184,0.7336735
factorial_eval_1200_v2,factorial_1185,0.63213456
factorial_eval_1200_v2,factorial_1186,0.9373221
factorial_eval_1200_v2,factorial_1187,0.837323
factorial_eval_1200_v2,factorial_1188,0.77426785
factorial_eval_1200_v2,factorial_1189,0.8888345
factorial_eval_1200_v2,factorial_1190,0.82255536
factorial_eval_1200_v2,factorial_1191,0.7559381
factorial_eval_1200_v2,factorial_1192,0.81845254
factorial_eval_1200_v2,factorial_1193,0.8123894
factorial_eval_1200_v2,factorial_1194,0.49370137
factorial_eval_1200_v2,factorial_1195,0.94199353
factorial_eval_1200_v2,factorial_1196,0.23686658
factorial_eval_1200_v2,factorial_1197,0.5533211
factorial_eval_1200_v2,factorial_1198,0.6988766
factorial_eval_1200_v2,factorial_1199,0.65453535
phone_factorial_1200_v1,sdxeq_0000__phonefact_resample8k,0.7774272
phone_factorial_1200_v1,sdxeq_0000__phonefact_g711_ulaw,0.47137567
phone_factorial_1200_v1,sdxeq_0000__phonefact_g726_24k,0.40736866
phone_factorial_1200_v1,sdxeq_0000__phonefact_opus_nb_8k,0.63333553
phone_factorial_1200_v1,sdxeq_0001__phonefact_resample8k,0.44408894
phone_factorial_1200_v1,sdxeq_0001__phonefact_g711_ulaw,0.24930076
phone_factorial_1200_v1,sdxeq_0001__phonefact_g726_24k,0.38780662
phone_factorial_1200_v1,sdxeq_0001__phonefact_opus_nb_8k,0.5409716
phone_factorial_1200_v1,sdxeq_0002__phonefact_resample8k,0.32826012
phone_factorial_1200_v1,sdxeq_0002__phonefact_g711_ulaw,0.24913251
phone_factorial_1200_v1,sdxeq_0002__phonefact_g726_24k,0.45992252
phone_factorial_1200_v1,sdxeq_0002__phonefact_opus_nb_8k,0.30425572
phone_factorial_1200_v1,sdxeq_0003__phonefact_resample8k,0.32132632
phone_factorial_1200_v1,sdxeq_0003__phonefact_g711_ulaw,0.11138771
phone_factorial_1200_v1,sdxeq_0003__phonefact_g726_24k,0.14934115
phone_factorial_1200_v1,sdxeq_0003__phonefact_opus_nb_8k,0.23228665
phone_factorial_1200_v1,sdxeq_0004__phonefact_resample8k,0.10572519
phone_factorial_1200_v1,sdxeq_0004__phonefact_g711_ulaw,0.041962266
phone_factorial_1200_v1,sdxeq_0004__phonefact_g726_24k,0.20436536
phone_factorial_1200_v1,sdxeq_0004__phonefact_opus_nb_8k,0.4883996
phone_factorial_1200_v1,sdxeq_0005__phonefact_resample8k,0.31361628
phone_factorial_1200_v1,sdxeq_0005__phonefact_g711_ulaw,0.19422476
phone_factorial_1200_v1,sdxeq_0005__phonefact_g726_24k,0.30083275
phone_factorial_1200_v1,sdxeq_0005__phonefact_opus_nb_8k,0.52463686
phone_factorial_1200_v1,sdxeq_0006__phonefact_resample8k,0.036814332
phone_factorial_1200_v1,sdxeq_0006__phonefact_g711_ulaw,0.03347013
phone_factorial_1200_v1,sdxeq_0006__phonefact_g726_24k,0.027904129
phone_factorial_1200_v1,sdxeq_0006__phonefact_opus_nb_8k,0.23305336
phone_factorial_1200_v1,sdxeq_0007__phonefact_resample8k,0.7190243
phone_factorial_1200_v1,sdxeq_0007__phonefact_g711_ulaw,0.5198228
phone_factorial_1200_v1,sdxeq_0007__phonefact_g726_24k,0.5548846
phone_factorial_1200_v1,sdxeq_0007__phonefact_opus_nb_8k,0.6756968
phone_factorial_1200_v1,sdxeq_0008__phonefact_resample8k,0.43947688
phone_factorial_1200_v1,sdxeq_0008__phonefact_g711_ulaw,0.45116568
phone_factorial_1200_v1,sdxeq_0008__phonefact_g726_24k,0.41821748
phone_factorial_1200_v1,sdxeq_0008__phonefact_opus_nb_8k,0.44462386
phone_factorial_1200_v1,sdxeq_0009__phonefact_resample8k,0.43016264
phone_factorial_1200_v1,sdxeq_0009__phonefact_g711_ulaw,0.1297847
phone_factorial_1200_v1,sdxeq_0009__phonefact_g726_24k,0.32560244
phone_factorial_1200_v1,sdxeq_0009__phonefact_opus_nb_8k,0.3879537
phone_factorial_1200_v1,sdxeq_0010__phonefact_resample8k,0.59745157
phone_factorial_1200_v1,sdxeq_0010__phonefact_g711_ulaw,0.60928947
phone_factorial_1200_v1,sdxeq_0010__phonefact_g726_24k,0.6295664
phone_factorial_1200_v1,sdxeq_0010__phonefact_opus_nb_8k,0.6439471
phone_factorial_1200_v1,sdxeq_0011__phonefact_resample8k,0.69745296
phone_factorial_1200_v1,sdxeq_0011__phonefact_g711_ulaw,0.60109234
phone_factorial_1200_v1,sdxeq_0011__phonefact_g726_24k,0.62209654
phone_factorial_1200_v1,sdxeq_0011__phonefact_opus_nb_8k,0.67277163
phone_factorial_1200_v1,sdxeq_0012__phonefact_resample8k,0.35905105
phone_factorial_1200_v1,sdxeq_0012__phonefact_g711_ulaw,0.09250913
phone_factorial_1200_v1,sdxeq_0012__phonefact_g726_24k,0.10596867
phone_factorial_1200_v1,sdxeq_0012__phonefact_opus_nb_8k,0.23945609
phone_factorial_1200_v1,sdxeq_0013__phonefact_resample8k,0.8149751
phone_factorial_1200_v1,sdxeq_0013__phonefact_g711_ulaw,0.7118823
phone_factorial_1200_v1,sdxeq_0013__phonefact_g726_24k,0.68791354
phone_factorial_1200_v1,sdxeq_0013__phonefact_opus_nb_8k,0.7509393
phone_factorial_1200_v1,sdxeq_0014__phonefact_resample8k,0.6875446
phone_factorial_1200_v1,sdxeq_0014__phonefact_g711_ulaw,0.43905798
phone_factorial_1200_v1,sdxeq_0014__phonefact_g726_24k,0.41053796
phone_factorial_1200_v1,sdxeq_0014__phonefact_opus_nb_8k,0.4711971
phone_factorial_1200_v1,sdxeq_0015__phonefact_resample8k,0.754306
phone_factorial_1200_v1,sdxeq_0015__phonefact_g711_ulaw,0.6553895
phone_factorial_1200_v1,sdxeq_0015__phonefact_g726_24k,0.7060846
phone_factorial_1200_v1,sdxeq_0015__phonefact_opus_nb_8k,0.6773419
phone_factorial_1200_v1,sdxeq_0016__phonefact_resample8k,0.4870859
phone_factorial_1200_v1,sdxeq_0016__phonefact_g711_ulaw,0.21542223
phone_factorial_1200_v1,sdxeq_0016__phonefact_g726_24k,0.19543059
phone_factorial_1200_v1,sdxeq_0016__phonefact_opus_nb_8k,0.31534418
phone_factorial_1200_v1,sdxeq_0017__phonefact_resample8k,0.12676726
phone_factorial_1200_v1,sdxeq_0017__phonefact_g711_ulaw,0.101397924
phone_factorial_1200_v1,sdxeq_0017__phonefact_g726_24k,0.13625002
phone_factorial_1200_v1,sdxeq_0017__phonefact_opus_nb_8k,0.2329047
phone_factorial_1200_v1,sdxeq_0018__phonefact_resample8k,0.64977694
phone_factorial_1200_v1,sdxeq_0018__phonefact_g711_ulaw,0.40774414
phone_factorial_1200_v1,sdxeq_0018__phonefact_g726_24k,0.33127004
phone_factorial_1200_v1,sdxeq_0018__phonefact_opus_nb_8k,0.49810296
phone_factorial_1200_v1,sdxeq_0019__phonefact_resample8k,0.5495405
phone_factorial_1200_v1,sdxeq_0019__phonefact_g711_ulaw,0.26649743
phone_factorial_1200_v1,sdxeq_0019__phonefact_g726_24k,0.54083055
phone_factorial_1200_v1,sdxeq_0019__phonefact_opus_nb_8k,0.5092257
phone_factorial_1200_v1,sdxeq_0020__phonefact_resample8k,0.3169686
phone_factorial_1200_v1,sdxeq_0020__phonefact_g711_ulaw,0.20061043
phone_factorial_1200_v1,sdxeq_0020__phonefact_g726_24k,0.31245333
phone_factorial_1200_v1,sdxeq_0020__phonefact_opus_nb_8k,0.21699698
phone_factorial_1200_v1,sdxeq_0021__phonefact_resample8k,0.4159697
phone_factorial_1200_v1,sdxeq_0021__phonefact_g711_ulaw,0.08182371
phone_factorial_1200_v1,sdxeq_0021__phonefact_g726_24k,0.15955408
phone_factorial_1200_v1,sdxeq_0021__phonefact_opus_nb_8k,0.4362609
phone_factorial_1200_v1,sdxeq_0022__phonefact_resample8k,0.55060816
phone_factorial_1200_v1,sdxeq_0022__phonefact_g711_ulaw,0.22488694
phone_factorial_1200_v1,sdxeq_0022__phonefact_g726_24k,0.4112001
phone_factorial_1200_v1,sdxeq_0022__phonefact_opus_nb_8k,0.53496104
phone_factorial_1200_v1,sdxeq_0023__phonefact_resample8k,0.26820347
phone_factorial_1200_v1,sdxeq_0023__phonefact_g711_ulaw,0.07941313
phone_factorial_1200_v1,sdxeq_0023__phonefact_g726_24k,0.20685671
phone_factorial_1200_v1,sdxeq_0023__phonefact_opus_nb_8k,0.2924368
phone_factorial_1200_v1,sdxeq_0024__phonefact_resample8k,0.70615834
phone_factorial_1200_v1,sdxeq_0024__phonefact_g711_ulaw,0.5636253
phone_factorial_1200_v1,sdxeq_0024__phonefact_g726_24k,0.5618242
phone_factorial_1200_v1,sdxeq_0024__phonefact_opus_nb_8k,0.7370891
phone_factorial_1200_v1,sdxeq_0025__phonefact_resample8k,0.71246624
phone_factorial_1200_v1,sdxeq_0025__phonefact_g711_ulaw,0.3380552
phone_factorial_1200_v1,sdxeq_0025__phonefact_g726_24k,0.29055467
phone_factorial_1200_v1,sdxeq_0025__phonefact_opus_nb_8k,0.527847
phone_factorial_1200_v1,sdxeq_0026__phonefact_resample8k,0.8013407
phone_factorial_1200_v1,sdxeq_0026__phonefact_g711_ulaw,0.7208993
phone_factorial_1200_v1,sdxeq_0026__phonefact_g726_24k,0.7506348
phone_factorial_1200_v1,sdxeq_0026__phonefact_opus_nb_8k,0.75560343
phone_factorial_1200_v1,sdxeq_0027__phonefact_resample8k,0.6180715
phone_factorial_1200_v1,sdxeq_0027__phonefact_g711_ulaw,0.30837977
phone_factorial_1200_v1,sdxeq_0027__phonefact_g726_24k,0.45649472
phone_factorial_1200_v1,sdxeq_0027__phonefact_opus_nb_8k,0.5104969
phone_factorial_1200_v1,sdxeq_0028__phonefact_resample8k,0.91586363
phone_factorial_1200_v1,sdxeq_0028__phonefact_g711_ulaw,0.82915574
phone_factorial_1200_v1,sdxeq_0028__phonefact_g726_24k,0.830399
phone_factorial_1200_v1,sdxeq_0028__phonefact_opus_nb_8k,0.8434144
phone_factorial_1200_v1,sdxeq_0029__phonefact_resample8k,0.8716553
phone_factorial_1200_v1,sdxeq_0029__phonefact_g711_ulaw,0.7744104
phone_factorial_1200_v1,sdxeq_0029__phonefact_g726_24k,0.8343315
phone_factorial_1200_v1,sdxeq_0029__phonefact_opus_nb_8k,0.7417876
phone_factorial_1200_v1,sdxeq_0030__phonefact_resample8k,0.84811366
phone_factorial_1200_v1,sdxeq_0030__phonefact_g711_ulaw,0.6879986
phone_factorial_1200_v1,sdxeq_0030__phonefact_g726_24k,0.68274885
phone_factorial_1200_v1,sdxeq_0030__phonefact_opus_nb_8k,0.5970251
phone_factorial_1200_v1,sdxeq_0031__phonefact_resample8k,0.97430974
phone_factorial_1200_v1,sdxeq_0031__phonefact_g711_ulaw,0.9564096
phone_factorial_1200_v1,sdxeq_0031__phonefact_g726_24k,0.9414486
phone_factorial_1200_v1,sdxeq_0031__phonefact_opus_nb_8k,0.8603814
phone_factorial_1200_v1,sdxeq_0032__phonefact_resample8k,0.8906458
phone_factorial_1200_v1,sdxeq_0032__phonefact_g711_ulaw,0.83439153
phone_factorial_1200_v1,sdxeq_0032__phonefact_g726_24k,0.8623608
phone_factorial_1200_v1,sdxeq_0032__phonefact_opus_nb_8k,0.87573975
phone_factorial_1200_v1,sdxeq_0033__phonefact_resample8k,0.7503826
phone_factorial_1200_v1,sdxeq_0033__phonefact_g711_ulaw,0.5728044
phone_factorial_1200_v1,sdxeq_0033__phonefact_g726_24k,0.658628
phone_factorial_1200_v1,sdxeq_0033__phonefact_opus_nb_8k,0.72572845
phone_factorial_1200_v1,sdxeq_0034__phonefact_resample8k,0.83690995
phone_factorial_1200_v1,sdxeq_0034__phonefact_g711_ulaw,0.7906651
phone_factorial_1200_v1,sdxeq_0034__phonefact_g726_24k,0.7564395
phone_factorial_1200_v1,sdxeq_0034__phonefact_opus_nb_8k,0.8113064
phone_factorial_1200_v1,sdxeq_0035__phonefact_resample8k,0.93472403
phone_factorial_1200_v1,sdxeq_0035__phonefact_g711_ulaw,0.8148233
phone_factorial_1200_v1,sdxeq_0035__phonefact_g726_24k,0.85796815
phone_factorial_1200_v1,sdxeq_0035__phonefact_opus_nb_8k,0.8761077
phone_factorial_1200_v1,sdxeq_0036__phonefact_resample8k,0.758733
phone_factorial_1200_v1,sdxeq_0036__phonefact_g711_ulaw,0.42815992
phone_factorial_1200_v1,sdxeq_0036__phonefact_g726_24k,0.48971882
phone_factorial_1200_v1,sdxeq_0036__phonefact_opus_nb_8k,0.66691583
phone_factorial_1200_v1,sdxeq_0037__phonefact_resample8k,0.8116701
phone_factorial_1200_v1,sdxeq_0037__phonefact_g711_ulaw,0.79382914
phone_factorial_1200_v1,sdxeq_0037__phonefact_g726_24k,0.79109585
phone_factorial_1200_v1,sdxeq_0037__phonefact_opus_nb_8k,0.6380615
phone_factorial_1200_v1,sdxeq_0038__phonefact_resample8k,0.8783887
phone_factorial_1200_v1,sdxeq_0038__phonefact_g711_ulaw,0.8543814
phone_factorial_1200_v1,sdxeq_0038__phonefact_g726_24k,0.8607632
phone_factorial_1200_v1,sdxeq_0038__phonefact_opus_nb_8k,0.82982934
phone_factorial_1200_v1,sdxeq_0039__phonefact_resample8k,0.8385067
phone_factorial_1200_v1,sdxeq_0039__phonefact_g711_ulaw,0.7667772
phone_factorial_1200_v1,sdxeq_0039__phonefact_g726_24k,0.7986046
phone_factorial_1200_v1,sdxeq_0039__phonefact_opus_nb_8k,0.7299436
phone_factorial_1200_v1,sdxeq_0040__phonefact_resample8k,0.9197721
phone_factorial_1200_v1,sdxeq_0040__phonefact_g711_ulaw,0.8424258
phone_factorial_1200_v1,sdxeq_0040__phonefact_g726_24k,0.8503422
phone_factorial_1200_v1,sdxeq_0040__phonefact_opus_nb_8k,0.90853864
phone_factorial_1200_v1,sdxeq_0041__phonefact_resample8k,0.7790198
phone_factorial_1200_v1,sdxeq_0041__phonefact_g711_ulaw,0.70277125
phone_factorial_1200_v1,sdxeq_0041__phonefact_g726_24k,0.78045124
phone_factorial_1200_v1,sdxeq_0041__phonefact_opus_nb_8k,0.72060126
phone_factorial_1200_v1,sdxeq_0042__phonefact_resample8k,0.8130478
phone_factorial_1200_v1,sdxeq_0042__phonefact_g711_ulaw,0.77778214
phone_factorial_1200_v1,sdxeq_0042__phonefact_g726_24k,0.8217334
phone_factorial_1200_v1,sdxeq_0042__phonefact_opus_nb_8k,0.83539104
phone_factorial_1200_v1,sdxeq_0043__phonefact_resample8k,0.8733155
phone_factorial_1200_v1,sdxeq_0043__phonefact_g711_ulaw,0.89430666
phone_factorial_1200_v1,sdxeq_0043__phonefact_g726_24k,0.91237354
phone_factorial_1200_v1,sdxeq_0043__phonefact_opus_nb_8k,0.882493
phone_factorial_1200_v1,sdxeq_0044__phonefact_resample8k,0.9090623
phone_factorial_1200_v1,sdxeq_0044__phonefact_g711_ulaw,0.87872756
phone_factorial_1200_v1,sdxeq_0044__phonefact_g726_24k,0.8939709
phone_factorial_1200_v1,sdxeq_0044__phonefact_opus_nb_8k,0.8432302
phone_factorial_1200_v1,sdxeq_0045__phonefact_resample8k,0.7739591
phone_factorial_1200_v1,sdxeq_0045__phonefact_g711_ulaw,0.5707554
phone_factorial_1200_v1,sdxeq_0045__phonefact_g726_24k,0.6898592
phone_factorial_1200_v1,sdxeq_0045__phonefact_opus_nb_8k,0.45932084
phone_factorial_1200_v1,sdxeq_0046__phonefact_resample8k,0.846708
phone_factorial_1200_v1,sdxeq_0046__phonefact_g711_ulaw,0.72851634
phone_factorial_1200_v1,sdxeq_0046__phonefact_g726_24k,0.7296155
phone_factorial_1200_v1,sdxeq_0046__phonefact_opus_nb_8k,0.74111986
phone_factorial_1200_v1,sdxeq_0047__phonefact_resample8k,0.9376993
phone_factorial_1200_v1,sdxeq_0047__phonefact_g711_ulaw,0.91936904
phone_factorial_1200_v1,sdxeq_0047__phonefact_g726_24k,0.9276436
phone_factorial_1200_v1,sdxeq_0047__phonefact_opus_nb_8k,0.9266176
phone_factorial_1200_v1,sdxeq_0048__phonefact_resample8k,0.59601176
phone_factorial_1200_v1,sdxeq_0048__phonefact_g711_ulaw,0.41594908
phone_factorial_1200_v1,sdxeq_0048__phonefact_g726_24k,0.5340067
phone_factorial_1200_v1,sdxeq_0048__phonefact_opus_nb_8k,0.5682494
phone_factorial_1200_v1,sdxeq_0049__phonefact_resample8k,0.96982825
phone_factorial_1200_v1,sdxeq_0049__phonefact_g711_ulaw,0.9738251
phone_factorial_1200_v1,sdxeq_0049__phonefact_g726_24k,0.9666778
phone_factorial_1200_v1,sdxeq_0049__phonefact_opus_nb_8k,0.9701788
phone_factorial_1200_v1,sdxeq_0050__phonefact_resample8k,0.06817146
phone_factorial_1200_v1,sdxeq_0050__phonefact_g711_ulaw,0.040925194
phone_factorial_1200_v1,sdxeq_0050__phonefact_g726_24k,0.07814522
phone_factorial_1200_v1,sdxeq_0050__phonefact_opus_nb_8k,0.38342553
phone_factorial_1200_v1,sdxeq_0051__phonefact_resample8k,0.66810495
phone_factorial_1200_v1,sdxeq_0051__phonefact_g711_ulaw,0.40526563
phone_factorial_1200_v1,sdxeq_0051__phonefact_g726_24k,0.37408477
phone_factorial_1200_v1,sdxeq_0051__phonefact_opus_nb_8k,0.5714392
phone_factorial_1200_v1,sdxeq_0052__phonefact_resample8k,0.2827613
phone_factorial_1200_v1,sdxeq_0052__phonefact_g711_ulaw,0.20879932
phone_factorial_1200_v1,sdxeq_0052__phonefact_g726_24k,0.26082766
phone_factorial_1200_v1,sdxeq_0052__phonefact_opus_nb_8k,0.42293173
phone_factorial_1200_v1,sdxeq_0053__phonefact_resample8k,0.3308547
phone_factorial_1200_v1,sdxeq_0053__phonefact_g711_ulaw,0.058128692
phone_factorial_1200_v1,sdxeq_0053__phonefact_g726_24k,0.16898385
phone_factorial_1200_v1,sdxeq_0053__phonefact_opus_nb_8k,0.04882927
phone_factorial_1200_v1,sdxeq_0054__phonefact_resample8k,0.61273605
phone_factorial_1200_v1,sdxeq_0054__phonefact_g711_ulaw,0.6587699
phone_factorial_1200_v1,sdxeq_0054__phonefact_g726_24k,0.6213406
phone_factorial_1200_v1,sdxeq_0054__phonefact_opus_nb_8k,0.60765743
phone_factorial_1200_v1,sdxeq_0055__phonefact_resample8k,0.10852039
phone_factorial_1200_v1,sdxeq_0055__phonefact_g711_ulaw,0.06890755
phone_factorial_1200_v1,sdxeq_0055__phonefact_g726_24k,0.13877796
phone_factorial_1200_v1,sdxeq_0055__phonefact_opus_nb_8k,0.2781304
phone_factorial_1200_v1,sdxeq_0056__phonefact_resample8k,0.3622241
phone_factorial_1200_v1,sdxeq_0056__phonefact_g711_ulaw,0.45385313
phone_factorial_1200_v1,sdxeq_0056__phonefact_g726_24k,0.53110313
phone_factorial_1200_v1,sdxeq_0056__phonefact_opus_nb_8k,0.60252345
phone_factorial_1200_v1,sdxeq_0057__phonefact_resample8k,0.016577316
phone_factorial_1200_v1,sdxeq_0057__phonefact_g711_ulaw,0.0039363387
phone_factorial_1200_v1,sdxeq_0057__phonefact_g726_24k,0.00457654
phone_factorial_1200_v1,sdxeq_0057__phonefact_opus_nb_8k,0.019693566
phone_factorial_1200_v1,sdxeq_0058__phonefact_resample8k,0.80958587
phone_factorial_1200_v1,sdxeq_0058__phonefact_g711_ulaw,0.7190806
phone_factorial_1200_v1,sdxeq_0058__phonefact_g726_24k,0.78790694
phone_factorial_1200_v1,sdxeq_0058__phonefact_opus_nb_8k,0.8737547
phone_factorial_1200_v1,sdxeq_0059__phonefact_resample8k,0.15594903
phone_factorial_1200_v1,sdxeq_0059__phonefact_g711_ulaw,0.007633877
phone_factorial_1200_v1,sdxeq_0059__phonefact_g726_24k,0.011546803
phone_factorial_1200_v1,sdxeq_0059__phonefact_opus_nb_8k,0.11151435
phone_factorial_1200_v1,sdxeq_0060__phonefact_resample8k,0.3873757
phone_factorial_1200_v1,sdxeq_0060__phonefact_g711_ulaw,0.49903327
phone_factorial_1200_v1,sdxeq_0060__phonefact_g726_24k,0.50532866
phone_factorial_1200_v1,sdxeq_0060__phonefact_opus_nb_8k,0.43605852
phone_factorial_1200_v1,sdxeq_0061__phonefact_resample8k,0.8107889
phone_factorial_1200_v1,sdxeq_0061__phonefact_g711_ulaw,0.808311
phone_factorial_1200_v1,sdxeq_0061__phonefact_g726_24k,0.82735175
phone_factorial_1200_v1,sdxeq_0061__phonefact_opus_nb_8k,0.6639798
phone_factorial_1200_v1,sdxeq_0062__phonefact_resample8k,0.13261223
phone_factorial_1200_v1,sdxeq_0062__phonefact_g711_ulaw,0.0042464496
phone_factorial_1200_v1,sdxeq_0062__phonefact_g726_24k,0.020105792
phone_factorial_1200_v1,sdxeq_0062__phonefact_opus_nb_8k,0.031177282
phone_factorial_1200_v1,sdxeq_0063__phonefact_resample8k,0.16879082
phone_factorial_1200_v1,sdxeq_0063__phonefact_g711_ulaw,0.16002095
phone_factorial_1200_v1,sdxeq_0063__phonefact_g726_24k,0.18046112
phone_factorial_1200_v1,sdxeq_0063__phonefact_opus_nb_8k,0.24990438
phone_factorial_1200_v1,sdxeq_0064__phonefact_resample8k,0.34254977
phone_factorial_1200_v1,sdxeq_0064__phonefact_g711_ulaw,0.2664402
phone_factorial_1200_v1,sdxeq_0064__phonefact_g726_24k,0.30151305
phone_factorial_1200_v1,sdxeq_0064__phonefact_opus_nb_8k,0.61426926
phone_factorial_1200_v1,sdxeq_0065__phonefact_resample8k,0.10384011
phone_factorial_1200_v1,sdxeq_0065__phonefact_g711_ulaw,0.0115238195
phone_factorial_1200_v1,sdxeq_0065__phonefact_g726_24k,0.030712653
phone_factorial_1200_v1,sdxeq_0065__phonefact_opus_nb_8k,0.05477028
phone_factorial_1200_v1,sdxeq_0066__phonefact_resample8k,0.48866826
phone_factorial_1200_v1,sdxeq_0066__phonefact_g711_ulaw,0.26013207
phone_factorial_1200_v1,sdxeq_0066__phonefact_g726_24k,0.26655632
phone_factorial_1200_v1,sdxeq_0066__phonefact_opus_nb_8k,0.48532984
phone_factorial_1200_v1,sdxeq_0067__phonefact_resample8k,0.16477552
phone_factorial_1200_v1,sdxeq_0067__phonefact_g711_ulaw,0.082118444
phone_factorial_1200_v1,sdxeq_0067__phonefact_g726_24k,0.16871496
phone_factorial_1200_v1,sdxeq_0067__phonefact_opus_nb_8k,0.26521254
phone_factorial_1200_v1,sdxeq_0068__phonefact_resample8k,0.031286385
phone_factorial_1200_v1,sdxeq_0068__phonefact_g711_ulaw,0.009684634
phone_factorial_1200_v1,sdxeq_0068__phonefact_g726_24k,0.02460785
phone_factorial_1200_v1,sdxeq_0068__phonefact_opus_nb_8k,0.06731577
phone_factorial_1200_v1,sdxeq_0069__phonefact_resample8k,0.556422
phone_factorial_1200_v1,sdxeq_0069__phonefact_g711_ulaw,0.4168848
phone_factorial_1200_v1,sdxeq_0069__phonefact_g726_24k,0.43851766
phone_factorial_1200_v1,sdxeq_0069__phonefact_opus_nb_8k,0.23097788
phone_factorial_1200_v1,sdxeq_0070__phonefact_resample8k,0.4410324
phone_factorial_1200_v1,sdxeq_0070__phonefact_g711_ulaw,0.21749972
phone_factorial_1200_v1,sdxeq_0070__phonefact_g726_24k,0.3032753
phone_factorial_1200_v1,sdxeq_0070__phonefact_opus_nb_8k,0.51244384
phone_factorial_1200_v1,sdxeq_0071__phonefact_resample8k,0.8763059
phone_factorial_1200_v1,sdxeq_0071__phonefact_g711_ulaw,0.4452407
phone_factorial_1200_v1,sdxeq_0071__phonefact_g726_24k,0.5746515
phone_factorial_1200_v1,sdxeq_0071__phonefact_opus_nb_8k,0.68140525
phone_factorial_1200_v1,sdxeq_0072__phonefact_resample8k,0.5350216
phone_factorial_1200_v1,sdxeq_0072__phonefact_g711_ulaw,0.46776992
phone_factorial_1200_v1,sdxeq_0072__phonefact_g726_24k,0.51148546
phone_factorial_1200_v1,sdxeq_0072__phonefact_opus_nb_8k,0.6780925
phone_factorial_1200_v1,sdxeq_0073__phonefact_resample8k,0.75507367
phone_factorial_1200_v1,sdxeq_0073__phonefact_g711_ulaw,0.7019753
phone_factorial_1200_v1,sdxeq_0073__phonefact_g726_24k,0.7280669
phone_factorial_1200_v1,sdxeq_0073__phonefact_opus_nb_8k,0.56645584
phone_factorial_1200_v1,sdxeq_0074__phonefact_resample8k,0.06561732
phone_factorial_1200_v1,sdxeq_0074__phonefact_g711_ulaw,0.04143839
phone_factorial_1200_v1,sdxeq_0074__phonefact_g726_24k,0.09491944
phone_factorial_1200_v1,sdxeq_0074__phonefact_opus_nb_8k,0.14055729
phone_factorial_1200_v1,sdxeq_0075__phonefact_resample8k,0.9800326
phone_factorial_1200_v1,sdxeq_0075__phonefact_g711_ulaw,0.89500856
phone_factorial_1200_v1,sdxeq_0075__phonefact_g726_24k,0.90753853
phone_factorial_1200_v1,sdxeq_0075__phonefact_opus_nb_8k,0.86763567
phone_factorial_1200_v1,sdxeq_0076__phonefact_resample8k,0.66606945
phone_factorial_1200_v1,sdxeq_0076__phonefact_g711_ulaw,0.31241792
phone_factorial_1200_v1,sdxeq_0076__phonefact_g726_24k,0.23363613
phone_factorial_1200_v1,sdxeq_0076__phonefact_opus_nb_8k,0.48685175
phone_factorial_1200_v1,sdxeq_0077__phonefact_resample8k,0.6085931
phone_factorial_1200_v1,sdxeq_0077__phonefact_g711_ulaw,0.4457948
phone_factorial_1200_v1,sdxeq_0077__phonefact_g726_24k,0.42926836
phone_factorial_1200_v1,sdxeq_0077__phonefact_opus_nb_8k,0.45400712
phone_factorial_1200_v1,sdxeq_0078__phonefact_resample8k,0.52870554
phone_factorial_1200_v1,sdxeq_0078__phonefact_g711_ulaw,0.26328668
phone_factorial_1200_v1,sdxeq_0078__phonefact_g726_24k,0.40444914
phone_factorial_1200_v1,sdxeq_0078__phonefact_opus_nb_8k,0.61746925
phone_factorial_1200_v1,sdxeq_0079__phonefact_resample8k,0.8538603
phone_factorial_1200_v1,sdxeq_0079__phonefact_g711_ulaw,0.7644723
phone_factorial_1200_v1,sdxeq_0079__phonefact_g726_24k,0.78463715
phone_factorial_1200_v1,sdxeq_0079__phonefact_opus_nb_8k,0.85461247
phone_factorial_1200_v1,sdxeq_0080__phonefact_resample8k,0.820409
phone_factorial_1200_v1,sdxeq_0080__phonefact_g711_ulaw,0.61685866
phone_factorial_1200_v1,sdxeq_0080__phonefact_g726_24k,0.63612306
phone_factorial_1200_v1,sdxeq_0080__phonefact_opus_nb_8k,0.63473713
phone_factorial_1200_v1,sdxeq_0081__phonefact_resample8k,0.8612668
phone_factorial_1200_v1,sdxeq_0081__phonefact_g711_ulaw,0.856065
phone_factorial_1200_v1,sdxeq_0081__phonefact_g726_24k,0.91492826
phone_factorial_1200_v1,sdxeq_0081__phonefact_opus_nb_8k,0.8858633
phone_factorial_1200_v1,sdxeq_0082__phonefact_resample8k,0.6096131
phone_factorial_1200_v1,sdxeq_0082__phonefact_g711_ulaw,0.36302075
phone_factorial_1200_v1,sdxeq_0082__phonefact_g726_24k,0.26716745
phone_factorial_1200_v1,sdxeq_0082__phonefact_opus_nb_8k,0.15586431
phone_factorial_1200_v1,sdxeq_0083__phonefact_resample8k,0.640202
phone_factorial_1200_v1,sdxeq_0083__phonefact_g711_ulaw,0.40923548
phone_factorial_1200_v1,sdxeq_0083__phonefact_g726_24k,0.42905793
phone_factorial_1200_v1,sdxeq_0083__phonefact_opus_nb_8k,0.5446693
phone_factorial_1200_v1,sdxeq_0084__phonefact_resample8k,0.8349859
phone_factorial_1200_v1,sdxeq_0084__phonefact_g711_ulaw,0.8260576
phone_factorial_1200_v1,sdxeq_0084__phonefact_g726_24k,0.8185469
phone_factorial_1200_v1,sdxeq_0084__phonefact_opus_nb_8k,0.85289776
phone_factorial_1200_v1,sdxeq_0085__phonefact_resample8k,0.7947284
phone_factorial_1200_v1,sdxeq_0085__phonefact_g711_ulaw,0.47536802
phone_factorial_1200_v1,sdxeq_0085__phonefact_g726_24k,0.48244262
phone_factorial_1200_v1,sdxeq_0085__phonefact_opus_nb_8k,0.54061824
phone_factorial_1200_v1,sdxeq_0086__phonefact_resample8k,0.26484287
phone_factorial_1200_v1,sdxeq_0086__phonefact_g711_ulaw,0.16066812
phone_factorial_1200_v1,sdxeq_0086__phonefact_g726_24k,0.34353122
phone_factorial_1200_v1,sdxeq_0086__phonefact_opus_nb_8k,0.47967765
phone_factorial_1200_v1,sdxeq_0087__phonefact_resample8k,0.814073
phone_factorial_1200_v1,sdxeq_0087__phonefact_g711_ulaw,0.7064397
phone_factorial_1200_v1,sdxeq_0087__phonefact_g726_24k,0.7684311
phone_factorial_1200_v1,sdxeq_0087__phonefact_opus_nb_8k,0.7822029
phone_factorial_1200_v1,sdxeq_0088__phonefact_resample8k,0.7908095
phone_factorial_1200_v1,sdxeq_0088__phonefact_g711_ulaw,0.7667889
phone_factorial_1200_v1,sdxeq_0088__phonefact_g726_24k,0.7844884
phone_factorial_1200_v1,sdxeq_0088__phonefact_opus_nb_8k,0.77023214
phone_factorial_1200_v1,sdxeq_0089__phonefact_resample8k,0.71703464
phone_factorial_1200_v1,sdxeq_0089__phonefact_g711_ulaw,0.7043194
phone_factorial_1200_v1,sdxeq_0089__phonefact_g726_24k,0.72599924
phone_factorial_1200_v1,sdxeq_0089__phonefact_opus_nb_8k,0.7379354
phone_factorial_1200_v1,sdxeq_0090__phonefact_resample8k,0.5739514
phone_factorial_1200_v1,sdxeq_0090__phonefact_g711_ulaw,0.6971999
phone_factorial_1200_v1,sdxeq_0090__phonefact_g726_24k,0.70132846
phone_factorial_1200_v1,sdxeq_0090__phonefact_opus_nb_8k,0.6934115
phone_factorial_1200_v1,sdxeq_0091__phonefact_resample8k,0.85441893
phone_factorial_1200_v1,sdxeq_0091__phonefact_g711_ulaw,0.7765393
phone_factorial_1200_v1,sdxeq_0091__phonefact_g726_24k,0.7369077
phone_factorial_1200_v1,sdxeq_0091__phonefact_opus_nb_8k,0.77906466
phone_factorial_1200_v1,sdxeq_0092__phonefact_resample8k,0.8687667
phone_factorial_1200_v1,sdxeq_0092__phonefact_g711_ulaw,0.75046825
phone_factorial_1200_v1,sdxeq_0092__phonefact_g726_24k,0.7092417
phone_factorial_1200_v1,sdxeq_0092__phonefact_opus_nb_8k,0.8012478
phone_factorial_1200_v1,sdxeq_0093__phonefact_resample8k,0.8950507
phone_factorial_1200_v1,sdxeq_0093__phonefact_g711_ulaw,0.7768473
phone_factorial_1200_v1,sdxeq_0093__phonefact_g726_24k,0.77285594
phone_factorial_1200_v1,sdxeq_0093__phonefact_opus_nb_8k,0.74780893
phone_factorial_1200_v1,sdxeq_0094__phonefact_resample8k,0.8567559
phone_factorial_1200_v1,sdxeq_0094__phonefact_g711_ulaw,0.33310196
phone_factorial_1200_v1,sdxeq_0094__phonefact_g726_24k,0.45729104
phone_factorial_1200_v1,sdxeq_0094__phonefact_opus_nb_8k,0.64392227
phone_factorial_1200_v1,sdxeq_0095__phonefact_resample8k,0.9314377
phone_factorial_1200_v1,sdxeq_0095__phonefact_g711_ulaw,0.8763995
phone_factorial_1200_v1,sdxeq_0095__phonefact_g726_24k,0.87562144
phone_factorial_1200_v1,sdxeq_0095__phonefact_opus_nb_8k,0.7686317
phone_factorial_1200_v1,sdxeq_0096__phonefact_resample8k,0.97155017
phone_factorial_1200_v1,sdxeq_0096__phonefact_g711_ulaw,0.935742
phone_factorial_1200_v1,sdxeq_0096__phonefact_g726_24k,0.9302003
phone_factorial_1200_v1,sdxeq_0096__phonefact_opus_nb_8k,0.89352053
phone_factorial_1200_v1,sdxeq_0097__phonefact_resample8k,0.8262498
phone_factorial_1200_v1,sdxeq_0097__phonefact_g711_ulaw,0.6344661
phone_factorial_1200_v1,sdxeq_0097__phonefact_g726_24k,0.56394404
phone_factorial_1200_v1,sdxeq_0097__phonefact_opus_nb_8k,0.69983834
phone_factorial_1200_v1,sdxeq_0098__phonefact_resample8k,0.2332818
phone_factorial_1200_v1,sdxeq_0098__phonefact_g711_ulaw,0.072579145
phone_factorial_1200_v1,sdxeq_0098__phonefact_g726_24k,0.12084067
phone_factorial_1200_v1,sdxeq_0098__phonefact_opus_nb_8k,0.2791989
phone_factorial_1200_v1,sdxeq_0099__phonefact_resample8k,0.865392
phone_factorial_1200_v1,sdxeq_0099__phonefact_g711_ulaw,0.7101216
phone_factorial_1200_v1,sdxeq_0099__phonefact_g726_24k,0.75127095
phone_factorial_1200_v1,sdxeq_0099__phonefact_opus_nb_8k,0.8603117
phone_factorial_1200_v1,sdm_real_0000__phonefact_resample8k,0.66311914
phone_factorial_1200_v1,sdm_real_0000__phonefact_g711_ulaw,0.27348924
phone_factorial_1200_v1,sdm_real_0000__phonefact_g726_24k,0.35594344
phone_factorial_1200_v1,sdm_real_0000__phonefact_opus_nb_8k,0.19213457
phone_factorial_1200_v1,sdm_real_0001__phonefact_resample8k,0.0263402
phone_factorial_1200_v1,sdm_real_0001__phonefact_g711_ulaw,0.0040392876
phone_factorial_1200_v1,sdm_real_0001__phonefact_g726_24k,0.029893875
phone_factorial_1200_v1,sdm_real_0001__phonefact_opus_nb_8k,0.011430407
phone_factorial_1200_v1,sdm_real_0002__phonefact_resample8k,0.36189905
phone_factorial_1200_v1,sdm_real_0002__phonefact_g711_ulaw,0.33546463
phone_factorial_1200_v1,sdm_real_0002__phonefact_g726_24k,0.4156725
phone_factorial_1200_v1,sdm_real_0002__phonefact_opus_nb_8k,0.27081022
phone_factorial_1200_v1,sdm_real_0003__phonefact_resample8k,0.4921182
phone_factorial_1200_v1,sdm_real_0003__phonefact_g711_ulaw,0.37006745
phone_factorial_1200_v1,sdm_real_0003__phonefact_g726_24k,0.12404051
phone_factorial_1200_v1,sdm_real_0003__phonefact_opus_nb_8k,0.19937311
phone_factorial_1200_v1,sdm_real_0004__phonefact_resample8k,0.14405055
phone_factorial_1200_v1,sdm_real_0004__phonefact_g711_ulaw,0.005318546
phone_factorial_1200_v1,sdm_real_0004__phonefact_g726_24k,0.023676539
phone_factorial_1200_v1,sdm_real_0004__phonefact_opus_nb_8k,0.045913935
phone_factorial_1200_v1,sdm_real_0005__phonefact_resample8k,0.35007745
phone_factorial_1200_v1,sdm_real_0005__phonefact_g711_ulaw,0.084677555
phone_factorial_1200_v1,sdm_real_0005__phonefact_g726_24k,0.18167476
phone_factorial_1200_v1,sdm_real_0005__phonefact_opus_nb_8k,0.26860163
phone_factorial_1200_v1,sdm_real_0006__phonefact_resample8k,0.4131477
phone_factorial_1200_v1,sdm_real_0006__phonefact_g711_ulaw,0.43524024
phone_factorial_1200_v1,sdm_real_0006__phonefact_g726_24k,0.50198287
phone_factorial_1200_v1,sdm_real_0006__phonefact_opus_nb_8k,0.5017835
phone_factorial_1200_v1,sdm_real_0007__phonefact_resample8k,0.29337937
phone_factorial_1200_v1,sdm_real_0007__phonefact_g711_ulaw,0.013081074
phone_factorial_1200_v1,sdm_real_0007__phonefact_g726_24k,0.048918534
phone_factorial_1200_v1,sdm_real_0007__phonefact_opus_nb_8k,0.4469311
phone_factorial_1200_v1,sdm_real_0008__phonefact_resample8k,0.58680135
phone_factorial_1200_v1,sdm_real_0008__phonefact_g711_ulaw,0.60718703
phone_factorial_1200_v1,sdm_real_0008__phonefact_g726_24k,0.6909625
phone_factorial_1200_v1,sdm_real_0008__phonefact_opus_nb_8k,0.55815995
phone_factorial_1200_v1,sdm_real_0009__phonefact_resample8k,0.046844672
phone_factorial_1200_v1,sdm_real_0009__phonefact_g711_ulaw,0.031592704
phone_factorial_1200_v1,sdm_real_0009__phonefact_g726_24k,0.027752781
phone_factorial_1200_v1,sdm_real_0009__phonefact_opus_nb_8k,0.036205817
phone_factorial_1200_v1,sdm_real_0010__phonefact_resample8k,0.122989945
phone_factorial_1200_v1,sdm_real_0010__phonefact_g711_ulaw,0.009556008
phone_factorial_1200_v1,sdm_real_0010__phonefact_g726_24k,0.00922513
phone_factorial_1200_v1,sdm_real_0010__phonefact_opus_nb_8k,0.091500856
phone_factorial_1200_v1,sdm_real_0011__phonefact_resample8k,0.08252173
phone_factorial_1200_v1,sdm_real_0011__phonefact_g711_ulaw,0.036591675
phone_factorial_1200_v1,sdm_real_0011__phonefact_g726_24k,0.09613939
phone_factorial_1200_v1,sdm_real_0011__phonefact_opus_nb_8k,0.26685295
phone_factorial_1200_v1,sdm_real_0012__phonefact_resample8k,0.74827415
phone_factorial_1200_v1,sdm_real_0012__phonefact_g711_ulaw,0.82628006
phone_factorial_1200_v1,sdm_real_0012__phonefact_g726_24k,0.8606846
phone_factorial_1200_v1,sdm_real_0012__phonefact_opus_nb_8k,0.69725955
phone_factorial_1200_v1,sdm_real_0013__phonefact_resample8k,0.2289503
phone_factorial_1200_v1,sdm_real_0013__phonefact_g711_ulaw,0.19237009
phone_factorial_1200_v1,sdm_real_0013__phonefact_g726_24k,0.33365646
phone_factorial_1200_v1,sdm_real_0013__phonefact_opus_nb_8k,0.12111845
phone_factorial_1200_v1,sdm_real_0014__phonefact_resample8k,0.47498885
phone_factorial_1200_v1,sdm_real_0014__phonefact_g711_ulaw,0.47783574
phone_factorial_1200_v1,sdm_real_0014__phonefact_g726_24k,0.5232286
phone_factorial_1200_v1,sdm_real_0014__phonefact_opus_nb_8k,0.14937925
phone_factorial_1200_v1,sdm_real_0015__phonefact_resample8k,0.103546955
phone_factorial_1200_v1,sdm_real_0015__phonefact_g711_ulaw,0.057442904
phone_factorial_1200_v1,sdm_real_0015__phonefact_g726_24k,0.10084152
phone_factorial_1200_v1,sdm_real_0015__phonefact_opus_nb_8k,0.13964248
phone_factorial_1200_v1,sdm_real_0016__phonefact_resample8k,0.7330422
phone_factorial_1200_v1,sdm_real_0016__phonefact_g711_ulaw,0.5675582
phone_factorial_1200_v1,sdm_real_0016__phonefact_g726_24k,0.6084983
phone_factorial_1200_v1,sdm_real_0016__phonefact_opus_nb_8k,0.3236377
phone_factorial_1200_v1,sdm_real_0017__phonefact_resample8k,0.29104373
phone_factorial_1200_v1,sdm_real_0017__phonefact_g711_ulaw,0.025847722
phone_factorial_1200_v1,sdm_real_0017__phonefact_g726_24k,0.06585532
phone_factorial_1200_v1,sdm_real_0017__phonefact_opus_nb_8k,0.021700764
phone_factorial_1200_v1,sdm_real_0018__phonefact_resample8k,0.70048606
phone_factorial_1200_v1,sdm_real_0018__phonefact_g711_ulaw,0.70660543
phone_factorial_1200_v1,sdm_real_0018__phonefact_g726_24k,0.6415297
phone_factorial_1200_v1,sdm_real_0018__phonefact_opus_nb_8k,0.8115452
phone_factorial_1200_v1,sdm_real_0019__phonefact_resample8k,0.31473276
phone_factorial_1200_v1,sdm_real_0019__phonefact_g711_ulaw,0.020796109
phone_factorial_1200_v1,sdm_real_0019__phonefact_g726_24k,0.08034539
phone_factorial_1200_v1,sdm_real_0019__phonefact_opus_nb_8k,0.21916877
phone_factorial_1200_v1,sdm_real_0020__phonefact_resample8k,0.40480563
phone_factorial_1200_v1,sdm_real_0020__phonefact_g711_ulaw,0.19611478
phone_factorial_1200_v1,sdm_real_0020__phonefact_g726_24k,0.26230308
phone_factorial_1200_v1,sdm_real_0020__phonefact_opus_nb_8k,0.26096112
phone_factorial_1200_v1,sdm_real_0021__phonefact_resample8k,0.016602183
phone_factorial_1200_v1,sdm_real_0021__phonefact_g711_ulaw,0.005844593
phone_factorial_1200_v1,sdm_real_0021__phonefact_g726_24k,0.033732366
phone_factorial_1200_v1,sdm_real_0021__phonefact_opus_nb_8k,0.17901058
phone_factorial_1200_v1,sdm_real_0022__phonefact_resample8k,0.0038845062
phone_factorial_1200_v1,sdm_real_0022__phonefact_g711_ulaw,0.0041199685
phone_factorial_1200_v1,sdm_real_0022__phonefact_g726_24k,0.023277855
phone_factorial_1200_v1,sdm_real_0022__phonefact_opus_nb_8k,0.026784038
phone_factorial_1200_v1,sdm_real_0023__phonefact_resample8k,0.79662985
phone_factorial_1200_v1,sdm_real_0023__phonefact_g711_ulaw,0.7931623
phone_factorial_1200_v1,sdm_real_0023__phonefact_g726_24k,0.7674074
phone_factorial_1200_v1,sdm_real_0023__phonefact_opus_nb_8k,0.75625926
phone_factorial_1200_v1,sdm_real_0024__phonefact_resample8k,0.04731245
phone_factorial_1200_v1,sdm_real_0024__phonefact_g711_ulaw,0.02304864
phone_factorial_1200_v1,sdm_real_0024__phonefact_g726_24k,0.11068797
phone_factorial_1200_v1,sdm_real_0024__phonefact_opus_nb_8k,0.10249
phone_factorial_1200_v1,sdm_real_0025__phonefact_resample8k,0.57315826
phone_factorial_1200_v1,sdm_real_0025__phonefact_g711_ulaw,0.61237395
phone_factorial_1200_v1,sdm_real_0025__phonefact_g726_24k,0.6328282
phone_factorial_1200_v1,sdm_real_0025__phonefact_opus_nb_8k,0.24064036
phone_factorial_1200_v1,sdm_real_0026__phonefact_resample8k,0.036583044
phone_factorial_1200_v1,sdm_real_0026__phonefact_g711_ulaw,0.004408598
phone_factorial_1200_v1,sdm_real_0026__phonefact_g726_24k,0.025114536
phone_factorial_1200_v1,sdm_real_0026__phonefact_opus_nb_8k,0.009347391
phone_factorial_1200_v1,sdm_real_0027__phonefact_resample8k,0.3014942
phone_factorial_1200_v1,sdm_real_0027__phonefact_g711_ulaw,0.39662433
phone_factorial_1200_v1,sdm_real_0027__phonefact_g726_24k,0.35833216
phone_factorial_1200_v1,sdm_real_0027__phonefact_opus_nb_8k,0.1018116
phone_factorial_1200_v1,sdm_real_0028__phonefact_resample8k,0.5227604
phone_factorial_1200_v1,sdm_real_0028__phonefact_g711_ulaw,0.025950432
phone_factorial_1200_v1,sdm_real_0028__phonefact_g726_24k,0.0685555
phone_factorial_1200_v1,sdm_real_0028__phonefact_opus_nb_8k,0.23961262
phone_factorial_1200_v1,sdm_real_0029__phonefact_resample8k,0.10859876
phone_factorial_1200_v1,sdm_real_0029__phonefact_g711_ulaw,0.015835572
phone_factorial_1200_v1,sdm_real_0029__phonefact_g726_24k,0.05295372
phone_factorial_1200_v1,sdm_real_0029__phonefact_opus_nb_8k,0.14724536
phone_factorial_1200_v1,sdm_real_0030__phonefact_resample8k,0.39696947
phone_factorial_1200_v1,sdm_real_0030__phonefact_g711_ulaw,0.39213538
phone_factorial_1200_v1,sdm_real_0030__phonefact_g726_24k,0.47807437
phone_factorial_1200_v1,sdm_real_0030__phonefact_opus_nb_8k,0.24652134
phone_factorial_1200_v1,sdm_real_0031__phonefact_resample8k,0.17325239
phone_factorial_1200_v1,sdm_real_0031__phonefact_g711_ulaw,0.046524048
phone_factorial_1200_v1,sdm_real_0031__phonefact_g726_24k,0.1412973
phone_factorial_1200_v1,sdm_real_0031__phonefact_opus_nb_8k,0.2157506
phone_factorial_1200_v1,sdm_real_0032__phonefact_resample8k,0.7748733
phone_factorial_1200_v1,sdm_real_0032__phonefact_g711_ulaw,0.54544145
phone_factorial_1200_v1,sdm_real_0032__phonefact_g726_24k,0.54638106
phone_factorial_1200_v1,sdm_real_0032__phonefact_opus_nb_8k,0.62931365
phone_factorial_1200_v1,sdm_real_0033__phonefact_resample8k,0.52885115
phone_factorial_1200_v1,sdm_real_0033__phonefact_g711_ulaw,0.4883295
phone_factorial_1200_v1,sdm_real_0033__phonefact_g726_24k,0.5751025
phone_factorial_1200_v1,sdm_real_0033__phonefact_opus_nb_8k,0.38928628
phone_factorial_1200_v1,sdm_real_0034__phonefact_resample8k,0.057431985
phone_factorial_1200_v1,sdm_real_0034__phonefact_g711_ulaw,0.013601923
phone_factorial_1200_v1,sdm_real_0034__phonefact_g726_24k,0.030487394
phone_factorial_1200_v1,sdm_real_0034__phonefact_opus_nb_8k,0.049943544
phone_factorial_1200_v1,sdm_real_0035__phonefact_resample8k,0.41550875
phone_factorial_1200_v1,sdm_real_0035__phonefact_g711_ulaw,0.13599096
phone_factorial_1200_v1,sdm_real_0035__phonefact_g726_24k,0.2451378
phone_factorial_1200_v1,sdm_real_0035__phonefact_opus_nb_8k,0.14942889
phone_factorial_1200_v1,sdm_real_0036__phonefact_resample8k,0.46677485
phone_factorial_1200_v1,sdm_real_0036__phonefact_g711_ulaw,0.0342278
phone_factorial_1200_v1,sdm_real_0036__phonefact_g726_24k,0.10524058
phone_factorial_1200_v1,sdm_real_0036__phonefact_opus_nb_8k,0.10573993
phone_factorial_1200_v1,sdm_real_0037__phonefact_resample8k,0.024141265
phone_factorial_1200_v1,sdm_real_0037__phonefact_g711_ulaw,0.0149261
phone_factorial_1200_v1,sdm_real_0037__phonefact_g726_24k,0.011276674
phone_factorial_1200_v1,sdm_real_0037__phonefact_opus_nb_8k,0.07892523
phone_factorial_1200_v1,sdm_real_0038__phonefact_resample8k,0.08357272
phone_factorial_1200_v1,sdm_real_0038__phonefact_g711_ulaw,0.022172166
phone_factorial_1200_v1,sdm_real_0038__phonefact_g726_24k,0.12673163
phone_factorial_1200_v1,sdm_real_0038__phonefact_opus_nb_8k,0.047214177
phone_factorial_1200_v1,sdm_real_0039__phonefact_resample8k,0.23429437
phone_factorial_1200_v1,sdm_real_0039__phonefact_g711_ulaw,0.0019012928
phone_factorial_1200_v1,sdm_real_0039__phonefact_g726_24k,0.002138567
phone_factorial_1200_v1,sdm_real_0039__phonefact_opus_nb_8k,0.008350707
phone_factorial_1200_v1,sdm_real_0040__phonefact_resample8k,0.07926307
phone_factorial_1200_v1,sdm_real_0040__phonefact_g711_ulaw,0.009409952
phone_factorial_1200_v1,sdm_real_0040__phonefact_g726_24k,0.056766417
phone_factorial_1200_v1,sdm_real_0040__phonefact_opus_nb_8k,0.020420838
phone_factorial_1200_v1,sdm_real_0041__phonefact_resample8k,0.2896366
phone_factorial_1200_v1,sdm_real_0041__phonefact_g711_ulaw,0.019720841
phone_factorial_1200_v1,sdm_real_0041__phonefact_g726_24k,0.032164145
phone_factorial_1200_v1,sdm_real_0041__phonefact_opus_nb_8k,0.22062321
phone_factorial_1200_v1,sdm_real_0042__phonefact_resample8k,0.019484663
phone_factorial_1200_v1,sdm_real_0042__phonefact_g711_ulaw,0.003868103
phone_factorial_1200_v1,sdm_real_0042__phonefact_g726_24k,0.0061771395
phone_factorial_1200_v1,sdm_real_0042__phonefact_opus_nb_8k,0.018246746
phone_factorial_1200_v1,sdm_real_0043__phonefact_resample8k,0.064650826
phone_factorial_1200_v1,sdm_real_0043__phonefact_g711_ulaw,0.004994917
phone_factorial_1200_v1,sdm_real_0043__phonefact_g726_24k,0.016830444
phone_factorial_1200_v1,sdm_real_0043__phonefact_opus_nb_8k,0.023452615
phone_factorial_1200_v1,sdm_real_0044__phonefact_resample8k,0.7858634
phone_factorial_1200_v1,sdm_real_0044__phonefact_g711_ulaw,0.17773537
phone_factorial_1200_v1,sdm_real_0044__phonefact_g726_24k,0.09968758
phone_factorial_1200_v1,sdm_real_0044__phonefact_opus_nb_8k,0.35715318
phone_factorial_1200_v1,sdm_real_0045__phonefact_resample8k,0.61131954
phone_factorial_1200_v1,sdm_real_0045__phonefact_g711_ulaw,0.4196624
phone_factorial_1200_v1,sdm_real_0045__phonefact_g726_24k,0.4832695
phone_factorial_1200_v1,sdm_real_0045__phonefact_opus_nb_8k,0.5544233
phone_factorial_1200_v1,sdm_real_0046__phonefact_resample8k,0.54068327
phone_factorial_1200_v1,sdm_real_0046__phonefact_g711_ulaw,0.10419011
phone_factorial_1200_v1,sdm_real_0046__phonefact_g726_24k,0.34315926
phone_factorial_1200_v1,sdm_real_0046__phonefact_opus_nb_8k,0.20533314
phone_factorial_1200_v1,sdm_real_0047__phonefact_resample8k,0.6585571
phone_factorial_1200_v1,sdm_real_0047__phonefact_g711_ulaw,0.38502508
phone_factorial_1200_v1,sdm_real_0047__phonefact_g726_24k,0.32523805
phone_factorial_1200_v1,sdm_real_0047__phonefact_opus_nb_8k,0.33993134
phone_factorial_1200_v1,sdm_real_0048__phonefact_resample8k,0.7878265
phone_factorial_1200_v1,sdm_real_0048__phonefact_g711_ulaw,0.5679303
phone_factorial_1200_v1,sdm_real_0048__phonefact_g726_24k,0.58691615
phone_factorial_1200_v1,sdm_real_0048__phonefact_opus_nb_8k,0.45266128
phone_factorial_1200_v1,sdm_real_0049__phonefact_resample8k,0.051697683
phone_factorial_1200_v1,sdm_real_0049__phonefact_g711_ulaw,0.0051167966
phone_factorial_1200_v1,sdm_real_0049__phonefact_g726_24k,0.025494242
phone_factorial_1200_v1,sdm_real_0049__phonefact_opus_nb_8k,0.015981197
phone_factorial_1200_v1,sdm_fake_0000__phonefact_resample8k,0.8756113
phone_factorial_1200_v1,sdm_fake_0000__phonefact_g711_ulaw,0.8947738
phone_factorial_1200_v1,sdm_fake_0000__phonefact_g726_24k,0.9165498
phone_factorial_1200_v1,sdm_fake_0000__phonefact_opus_nb_8k,0.88785535
phone_factorial_1200_v1,sdm_fake_0001__phonefact_resample8k,0.9947802
phone_factorial_1200_v1,sdm_fake_0001__phonefact_g711_ulaw,0.990176
phone_factorial_1200_v1,sdm_fake_0001__phonefact_g726_24k,0.9894291
phone_factorial_1200_v1,sdm_fake_0001__phonefact_opus_nb_8k,0.9938866
phone_factorial_1200_v1,sdm_fake_0002__phonefact_resample8k,0.9767109
phone_factorial_1200_v1,sdm_fake_0002__phonefact_g711_ulaw,0.97251177
phone_factorial_1200_v1,sdm_fake_0002__phonefact_g726_24k,0.98013824
phone_factorial_1200_v1,sdm_fake_0002__phonefact_opus_nb_8k,0.8130941
phone_factorial_1200_v1,sdm_fake_0003__phonefact_resample8k,0.87633747
phone_factorial_1200_v1,sdm_fake_0003__phonefact_g711_ulaw,0.8102624
phone_factorial_1200_v1,sdm_fake_0003__phonefact_g726_24k,0.8659186
phone_factorial_1200_v1,sdm_fake_0003__phonefact_opus_nb_8k,0.80594105
phone_factorial_1200_v1,sdm_fake_0004__phonefact_resample8k,0.9965189
phone_factorial_1200_v1,sdm_fake_0004__phonefact_g711_ulaw,0.9839307
phone_factorial_1200_v1,sdm_fake_0004__phonefact_g726_24k,0.9882846
phone_factorial_1200_v1,sdm_fake_0004__phonefact_opus_nb_8k,0.94110775
phone_factorial_1200_v1,sdm_fake_0005__phonefact_resample8k,0.99168664
phone_factorial_1200_v1,sdm_fake_0005__phonefact_g711_ulaw,0.9651961
phone_factorial_1200_v1,sdm_fake_0005__phonefact_g726_24k,0.9555136
phone_factorial_1200_v1,sdm_fake_0005__phonefact_opus_nb_8k,0.8801548
phone_factorial_1200_v1,sdm_fake_0006__phonefact_resample8k,0.99244654
phone_factorial_1200_v1,sdm_fake_0006__phonefact_g711_ulaw,0.9741392
phone_factorial_1200_v1,sdm_fake_0006__phonefact_g726_24k,0.9811515
phone_factorial_1200_v1,sdm_fake_0006__phonefact_opus_nb_8k,0.92717165
phone_factorial_1200_v1,sdm_fake_0007__phonefact_resample8k,0.90623
phone_factorial_1200_v1,sdm_fake_0007__phonefact_g711_ulaw,0.89779437
phone_factorial_1200_v1,sdm_fake_0007__phonefact_g726_24k,0.89260787
phone_factorial_1200_v1,sdm_fake_0007__phonefact_opus_nb_8k,0.8558693
phone_factorial_1200_v1,sdm_fake_0008__phonefact_resample8k,0.9801198
phone_factorial_1200_v1,sdm_fake_0008__phonefact_g711_ulaw,0.9774775
phone_factorial_1200_v1,sdm_fake_0008__phonefact_g726_24k,0.9795734
phone_factorial_1200_v1,sdm_fake_0008__phonefact_opus_nb_8k,0.9408273
phone_factorial_1200_v1,sdm_fake_0009__phonefact_resample8k,0.9615016
phone_factorial_1200_v1,sdm_fake_0009__phonefact_g711_ulaw,0.93133765
phone_factorial_1200_v1,sdm_fake_0009__phonefact_g726_24k,0.9233357
phone_factorial_1200_v1,sdm_fake_0009__phonefact_opus_nb_8k,0.91586477
phone_factorial_1200_v1,sdm_fake_0010__phonefact_resample8k,0.90360737
phone_factorial_1200_v1,sdm_fake_0010__phonefact_g711_ulaw,0.91175395
phone_factorial_1200_v1,sdm_fake_0010__phonefact_g726_24k,0.9408898
phone_factorial_1200_v1,sdm_fake_0010__phonefact_opus_nb_8k,0.9147421
phone_factorial_1200_v1,sdm_fake_0011__phonefact_resample8k,0.94121724
phone_factorial_1200_v1,sdm_fake_0011__phonefact_g711_ulaw,0.8988911
phone_factorial_1200_v1,sdm_fake_0011__phonefact_g726_24k,0.9185497
phone_factorial_1200_v1,sdm_fake_0011__phonefact_opus_nb_8k,0.85411733
phone_factorial_1200_v1,sdm_fake_0012__phonefact_resample8k,0.8383212
phone_factorial_1200_v1,sdm_fake_0012__phonefact_g711_ulaw,0.8639771
phone_factorial_1200_v1,sdm_fake_0012__phonefact_g726_24k,0.89304316
phone_factorial_1200_v1,sdm_fake_0012__phonefact_opus_nb_8k,0.85814154
phone_factorial_1200_v1,sdm_fake_0013__phonefact_resample8k,0.9959459
phone_factorial_1200_v1,sdm_fake_0013__phonefact_g711_ulaw,0.93682003
phone_factorial_1200_v1,sdm_fake_0013__phonefact_g726_24k,0.9413126
phone_factorial_1200_v1,sdm_fake_0013__phonefact_opus_nb_8k,0.83491033
phone_factorial_1200_v1,sdm_fake_0014__phonefact_resample8k,0.9263469
phone_factorial_1200_v1,sdm_fake_0014__phonefact_g711_ulaw,0.8758964
phone_factorial_1200_v1,sdm_fake_0014__phonefact_g726_24k,0.89614624
phone_factorial_1200_v1,sdm_fake_0014__phonefact_opus_nb_8k,0.92105764
phone_factorial_1200_v1,sdm_fake_0015__phonefact_resample8k,0.99279785
phone_factorial_1200_v1,sdm_fake_0015__phonefact_g711_ulaw,0.9700927
phone_factorial_1200_v1,sdm_fake_0015__phonefact_g726_24k,0.97177374
phone_factorial_1200_v1,sdm_fake_0015__phonefact_opus_nb_8k,0.926367
phone_factorial_1200_v1,sdm_fake_0016__phonefact_resample8k,0.95407116
phone_factorial_1200_v1,sdm_fake_0016__phonefact_g711_ulaw,0.8675154
phone_factorial_1200_v1,sdm_fake_0016__phonefact_g726_24k,0.91894644
phone_factorial_1200_v1,sdm_fake_0016__phonefact_opus_nb_8k,0.91248125
phone_factorial_1200_v1,sdm_fake_0017__phonefact_resample8k,0.99502754
phone_factorial_1200_v1,sdm_fake_0017__phonefact_g711_ulaw,0.9794213
phone_factorial_1200_v1,sdm_fake_0017__phonefact_g726_24k,0.9807318
phone_factorial_1200_v1,sdm_fake_0017__phonefact_opus_nb_8k,0.9814127
phone_factorial_1200_v1,sdm_fake_0018__phonefact_resample8k,0.97775936
phone_factorial_1200_v1,sdm_fake_0018__phonefact_g711_ulaw,0.9246945
phone_factorial_1200_v1,sdm_fake_0018__phonefact_g726_24k,0.9291733
phone_factorial_1200_v1,sdm_fake_0018__phonefact_opus_nb_8k,0.8809702
phone_factorial_1200_v1,sdm_fake_0019__phonefact_resample8k,0.9391705
phone_factorial_1200_v1,sdm_fake_0019__phonefact_g711_ulaw,0.8998298
phone_factorial_1200_v1,sdm_fake_0019__phonefact_g726_24k,0.9209488
phone_factorial_1200_v1,sdm_fake_0019__phonefact_opus_nb_8k,0.9324183
phone_factorial_1200_v1,sdm_fake_0020__phonefact_resample8k,0.9529665
phone_factorial_1200_v1,sdm_fake_0020__phonefact_g711_ulaw,0.9386799
phone_factorial_1200_v1,sdm_fake_0020__phonefact_g726_24k,0.9513604
phone_factorial_1200_v1,sdm_fake_0020__phonefact_opus_nb_8k,0.95032656
phone_factorial_1200_v1,sdm_fake_0021__phonefact_resample8k,0.99898064
phone_factorial_1200_v1,sdm_fake_0021__phonefact_g711_ulaw,0.9987938
phone_factorial_1200_v1,sdm_fake_0021__phonefact_g726_24k,0.9988577
phone_factorial_1200_v1,sdm_fake_0021__phonefact_opus_nb_8k,0.99013567
phone_factorial_1200_v1,sdm_fake_0022__phonefact_resample8k,0.9943184
phone_factorial_1200_v1,sdm_fake_0022__phonefact_g711_ulaw,0.96068114
phone_factorial_1200_v1,sdm_fake_0022__phonefact_g726_24k,0.9580082
phone_factorial_1200_v1,sdm_fake_0022__phonefact_opus_nb_8k,0.92766994
phone_factorial_1200_v1,sdm_fake_0023__phonefact_resample8k,0.87946504
phone_factorial_1200_v1,sdm_fake_0023__phonefact_g711_ulaw,0.84440154
phone_factorial_1200_v1,sdm_fake_0023__phonefact_g726_24k,0.88769007
phone_factorial_1200_v1,sdm_fake_0023__phonefact_opus_nb_8k,0.7039035
phone_factorial_1200_v1,sdm_fake_0024__phonefact_resample8k,0.99085134
phone_factorial_1200_v1,sdm_fake_0024__phonefact_g711_ulaw,0.98521006
phone_factorial_1200_v1,sdm_fake_0024__phonefact_g726_24k,0.9866514
phone_factorial_1200_v1,sdm_fake_0024__phonefact_opus_nb_8k,0.9513246
phone_factorial_1200_v1,sdm_fake_0025__phonefact_resample8k,0.9923464
phone_factorial_1200_v1,sdm_fake_0025__phonefact_g711_ulaw,0.98971313
phone_factorial_1200_v1,sdm_fake_0025__phonefact_g726_24k,0.98820895
phone_factorial_1200_v1,sdm_fake_0025__phonefact_opus_nb_8k,0.94838524
phone_factorial_1200_v1,sdm_fake_0026__phonefact_resample8k,0.97259635
phone_factorial_1200_v1,sdm_fake_0026__phonefact_g711_ulaw,0.95412445
phone_factorial_1200_v1,sdm_fake_0026__phonefact_g726_24k,0.9649561
phone_factorial_1200_v1,sdm_fake_0026__phonefact_opus_nb_8k,0.8426203
phone_factorial_1200_v1,sdm_fake_0027__phonefact_resample8k,0.5885628
phone_factorial_1200_v1,sdm_fake_0027__phonefact_g711_ulaw,0.6116308
phone_factorial_1200_v1,sdm_fake_0027__phonefact_g726_24k,0.7104077
phone_factorial_1200_v1,sdm_fake_0027__phonefact_opus_nb_8k,0.716042
phone_factorial_1200_v1,sdm_fake_0028__phonefact_resample8k,0.9982142
phone_factorial_1200_v1,sdm_fake_0028__phonefact_g711_ulaw,0.99703306
phone_factorial_1200_v1,sdm_fake_0028__phonefact_g726_24k,0.99536496
phone_factorial_1200_v1,sdm_fake_0028__phonefact_opus_nb_8k,0.9863777
phone_factorial_1200_v1,sdm_fake_0029__phonefact_resample8k,0.95115036
phone_factorial_1200_v1,sdm_fake_0029__phonefact_g711_ulaw,0.92215556
phone_factorial_1200_v1,sdm_fake_0029__phonefact_g726_24k,0.91539633
phone_factorial_1200_v1,sdm_fake_0029__phonefact_opus_nb_8k,0.91159594
phone_factorial_1200_v1,sdm_fake_0030__phonefact_resample8k,0.97755015
phone_factorial_1200_v1,sdm_fake_0030__phonefact_g711_ulaw,0.9675018
phone_factorial_1200_v1,sdm_fake_0030__phonefact_g726_24k,0.97884905
phone_factorial_1200_v1,sdm_fake_0030__phonefact_opus_nb_8k,0.96466464
phone_factorial_1200_v1,sdm_fake_0031__phonefact_resample8k,0.999378
phone_factorial_1200_v1,sdm_fake_0031__phonefact_g711_ulaw,0.99412674
phone_factorial_1200_v1,sdm_fake_0031__phonefact_g726_24k,0.9947839
phone_factorial_1200_v1,sdm_fake_0031__phonefact_opus_nb_8k,0.98287964
phone_factorial_1200_v1,sdm_fake_0032__phonefact_resample8k,0.6460833
phone_factorial_1200_v1,sdm_fake_0032__phonefact_g711_ulaw,0.27023458
phone_factorial_1200_v1,sdm_fake_0032__phonefact_g726_24k,0.18043414
phone_factorial_1200_v1,sdm_fake_0032__phonefact_opus_nb_8k,0.1818419
phone_factorial_1200_v1,sdm_fake_0033__phonefact_resample8k,0.9978806
phone_factorial_1200_v1,sdm_fake_0033__phonefact_g711_ulaw,0.9978787
phone_factorial_1200_v1,sdm_fake_0033__phonefact_g726_24k,0.99559635
phone_factorial_1200_v1,sdm_fake_0033__phonefact_opus_nb_8k,0.97556365
phone_factorial_1200_v1,sdm_fake_0034__phonefact_resample8k,0.99572223
phone_factorial_1200_v1,sdm_fake_0034__phonefact_g711_ulaw,0.9645039
phone_factorial_1200_v1,sdm_fake_0034__phonefact_g726_24k,0.963236
phone_factorial_1200_v1,sdm_fake_0034__phonefact_opus_nb_8k,0.81168884
phone_factorial_1200_v1,sdm_fake_0035__phonefact_resample8k,0.93135434
phone_factorial_1200_v1,sdm_fake_0035__phonefact_g711_ulaw,0.9427391
phone_factorial_1200_v1,sdm_fake_0035__phonefact_g726_24k,0.9309196
phone_factorial_1200_v1,sdm_fake_0035__phonefact_opus_nb_8k,0.9210583
phone_factorial_1200_v1,sdm_fake_0036__phonefact_resample8k,0.68065625
phone_factorial_1200_v1,sdm_fake_0036__phonefact_g711_ulaw,0.27023163
phone_factorial_1200_v1,sdm_fake_0036__phonefact_g726_24k,0.59671944
phone_factorial_1200_v1,sdm_fake_0036__phonefact_opus_nb_8k,0.6818937
phone_factorial_1200_v1,sdm_fake_0037__phonefact_resample8k,0.976326
phone_factorial_1200_v1,sdm_fake_0037__phonefact_g711_ulaw,0.97356015
phone_factorial_1200_v1,sdm_fake_0037__phonefact_g726_24k,0.9745636
phone_factorial_1200_v1,sdm_fake_0037__phonefact_opus_nb_8k,0.97543144
phone_factorial_1200_v1,sdm_fake_0038__phonefact_resample8k,0.97651464
phone_factorial_1200_v1,sdm_fake_0038__phonefact_g711_ulaw,0.9856213
phone_factorial_1200_v1,sdm_fake_0038__phonefact_g726_24k,0.9805156
phone_factorial_1200_v1,sdm_fake_0038__phonefact_opus_nb_8k,0.95945674
phone_factorial_1200_v1,sdm_fake_0039__phonefact_resample8k,0.9995131
phone_factorial_1200_v1,sdm_fake_0039__phonefact_g711_ulaw,0.9980732
phone_factorial_1200_v1,sdm_fake_0039__phonefact_g726_24k,0.9976433
phone_factorial_1200_v1,sdm_fake_0039__phonefact_opus_nb_8k,0.9885238
phone_factorial_1200_v1,sdm_fake_0040__phonefact_resample8k,0.85497516
phone_factorial_1200_v1,sdm_fake_0040__phonefact_g711_ulaw,0.79791313
phone_factorial_1200_v1,sdm_fake_0040__phonefact_g726_24k,0.844224
phone_factorial_1200_v1,sdm_fake_0040__phonefact_opus_nb_8k,0.8124952
phone_factorial_1200_v1,sdm_fake_0041__phonefact_resample8k,0.99638385
phone_factorial_1200_v1,sdm_fake_0041__phonefact_g711_ulaw,0.986931
phone_factorial_1200_v1,sdm_fake_0041__phonefact_g726_24k,0.9853903
phone_factorial_1200_v1,sdm_fake_0041__phonefact_opus_nb_8k,0.9287123
phone_factorial_1200_v1,sdm_fake_0042__phonefact_resample8k,0.9974064
phone_factorial_1200_v1,sdm_fake_0042__phonefact_g711_ulaw,0.99538577
phone_factorial_1200_v1,sdm_fake_0042__phonefact_g726_24k,0.99697256
phone_factorial_1200_v1,sdm_fake_0042__phonefact_opus_nb_8k,0.9899478
phone_factorial_1200_v1,sdm_fake_0043__phonefact_resample8k,0.2903636
phone_factorial_1200_v1,sdm_fake_0043__phonefact_g711_ulaw,0.05646491
phone_factorial_1200_v1,sdm_fake_0043__phonefact_g726_24k,0.21928898
phone_factorial_1200_v1,sdm_fake_0043__phonefact_opus_nb_8k,0.082966566
phone_factorial_1200_v1,sdm_fake_0044__phonefact_resample8k,0.98039335
phone_factorial_1200_v1,sdm_fake_0044__phonefact_g711_ulaw,0.972073
phone_factorial_1200_v1,sdm_fake_0044__phonefact_g726_24k,0.9707467
phone_factorial_1200_v1,sdm_fake_0044__phonefact_opus_nb_8k,0.96839756
phone_factorial_1200_v1,sdm_fake_0045__phonefact_resample8k,0.9619486
phone_factorial_1200_v1,sdm_fake_0045__phonefact_g711_ulaw,0.9421471
phone_factorial_1200_v1,sdm_fake_0045__phonefact_g726_24k,0.9382886
phone_factorial_1200_v1,sdm_fake_0045__phonefact_opus_nb_8k,0.9437712
phone_factorial_1200_v1,sdm_fake_0046__phonefact_resample8k,0.9908907
phone_factorial_1200_v1,sdm_fake_0046__phonefact_g711_ulaw,0.98482007
phone_factorial_1200_v1,sdm_fake_0046__phonefact_g726_24k,0.97457236
phone_factorial_1200_v1,sdm_fake_0046__phonefact_opus_nb_8k,0.91042644
phone_factorial_1200_v1,sdm_fake_0047__phonefact_resample8k,0.86413336
phone_factorial_1200_v1,sdm_fake_0047__phonefact_g711_ulaw,0.86118853
phone_factorial_1200_v1,sdm_fake_0047__phonefact_g726_24k,0.92674273
phone_factorial_1200_v1,sdm_fake_0047__phonefact_opus_nb_8k,0.8333494
phone_factorial_1200_v1,sdm_fake_0048__phonefact_resample8k,0.9972742
phone_factorial_1200_v1,sdm_fake_0048__phonefact_g711_ulaw,0.9849228
phone_factorial_1200_v1,sdm_fake_0048__phonefact_g726_24k,0.98884696
phone_factorial_1200_v1,sdm_fake_0048__phonefact_opus_nb_8k,0.97038555
phone_factorial_1200_v1,sdm_fake_0049__phonefact_resample8k,0.97455996
phone_factorial_1200_v1,sdm_fake_0049__phonefact_g711_ulaw,0.93868333
phone_factorial_1200_v1,sdm_fake_0049__phonefact_g726_24k,0.91904145
phone_factorial_1200_v1,sdm_fake_0049__phonefact_opus_nb_8k,0.80988723
phone_factorial_1200_v1,voice_0000__phonefact_resample8k,0.6229263
phone_factorial_1200_v1,voice_0000__phonefact_g711_ulaw,0.38644475
phone_factorial_1200_v1,voice_0000__phonefact_g726_24k,0.45066252
phone_factorial_1200_v1,voice_0000__phonefact_opus_nb_8k,0.38838822
phone_factorial_1200_v1,voice_0001__phonefact_resample8k,0.65579844
phone_factorial_1200_v1,voice_0001__phonefact_g711_ulaw,0.65754604
phone_factorial_1200_v1,voice_0001__phonefact_g726_24k,0.65397877
phone_factorial_1200_v1,voice_0001__phonefact_opus_nb_8k,0.71805316
phone_factorial_1200_v1,voice_0002__phonefact_resample8k,0.6177521
phone_factorial_1200_v1,voice_0002__phonefact_g711_ulaw,0.63059765
phone_factorial_1200_v1,voice_0002__phonefact_g726_24k,0.64934075
phone_factorial_1200_v1,voice_0002__phonefact_opus_nb_8k,0.6296671
phone_factorial_1200_v1,voice_0003__phonefact_resample8k,0.6555447
phone_factorial_1200_v1,voice_0003__phonefact_g711_ulaw,0.5891394
phone_factorial_1200_v1,voice_0003__phonefact_g726_24k,0.6233932
phone_factorial_1200_v1,voice_0003__phonefact_opus_nb_8k,0.47713804
phone_factorial_1200_v1,voice_0004__phonefact_resample8k,0.7459681
phone_factorial_1200_v1,voice_0004__phonefact_g711_ulaw,0.8569214
phone_factorial_1200_v1,voice_0004__phonefact_g726_24k,0.6520889
phone_factorial_1200_v1,voice_0004__phonefact_opus_nb_8k,0.72024465
phone_factorial_1200_v1,voice_0005__phonefact_resample8k,0.78670853
phone_factorial_1200_v1,voice_0005__phonefact_g711_ulaw,0.74123764
phone_factorial_1200_v1,voice_0005__phonefact_g726_24k,0.66903526
phone_factorial_1200_v1,voice_0005__phonefact_opus_nb_8k,0.6673967
phone_factorial_1200_v1,voice_0006__phonefact_resample8k,0.6555501
phone_factorial_1200_v1,voice_0006__phonefact_g711_ulaw,0.6074566
phone_factorial_1200_v1,voice_0006__phonefact_g726_24k,0.70079106
phone_factorial_1200_v1,voice_0006__phonefact_opus_nb_8k,0.65268725
phone_factorial_1200_v1,voice_0007__phonefact_resample8k,0.6905395
phone_factorial_1200_v1,voice_0007__phonefact_g711_ulaw,0.40385208
phone_factorial_1200_v1,voice_0007__phonefact_g726_24k,0.58604187
phone_factorial_1200_v1,voice_0007__phonefact_opus_nb_8k,0.45257068
phone_factorial_1200_v1,voice_0008__phonefact_resample8k,0.70152754
phone_factorial_1200_v1,voice_0008__phonefact_g711_ulaw,0.78222865
phone_factorial_1200_v1,voice_0008__phonefact_g726_24k,0.7682645
phone_factorial_1200_v1,voice_0008__phonefact_opus_nb_8k,0.8549657
phone_factorial_1200_v1,voice_0009__phonefact_resample8k,0.5839535
phone_factorial_1200_v1,voice_0009__phonefact_g711_ulaw,0.7257912
phone_factorial_1200_v1,voice_0009__phonefact_g726_24k,0.71163225
phone_factorial_1200_v1,voice_0009__phonefact_opus_nb_8k,0.7168954
phone_factorial_1200_v1,voice_0010__phonefact_resample8k,0.8411709
phone_factorial_1200_v1,voice_0010__phonefact_g711_ulaw,0.83223933
phone_factorial_1200_v1,voice_0010__phonefact_g726_24k,0.83036655
phone_factorial_1200_v1,voice_0010__phonefact_opus_nb_8k,0.84605235
phone_factorial_1200_v1,voice_0011__phonefact_resample8k,0.7104489
phone_factorial_1200_v1,voice_0011__phonefact_g711_ulaw,0.672896
phone_factorial_1200_v1,voice_0011__phonefact_g726_24k,0.57434434
phone_factorial_1200_v1,voice_0011__phonefact_opus_nb_8k,0.6933374
phone_factorial_1200_v1,voice_0012__phonefact_resample8k,0.37737295
phone_factorial_1200_v1,voice_0012__phonefact_g711_ulaw,0.44604763
phone_factorial_1200_v1,voice_0012__phonefact_g726_24k,0.5823006
phone_factorial_1200_v1,voice_0012__phonefact_opus_nb_8k,0.5575945
phone_factorial_1200_v1,voice_0013__phonefact_resample8k,0.65889287
phone_factorial_1200_v1,voice_0013__phonefact_g711_ulaw,0.65450376
phone_factorial_1200_v1,voice_0013__phonefact_g726_24k,0.603396
phone_factorial_1200_v1,voice_0013__phonefact_opus_nb_8k,0.6587816
phone_factorial_1200_v1,voice_0014__phonefact_resample8k,0.7007522
phone_factorial_1200_v1,voice_0014__phonefact_g711_ulaw,0.5304989
phone_factorial_1200_v1,voice_0014__phonefact_g726_24k,0.5302756
phone_factorial_1200_v1,voice_0014__phonefact_opus_nb_8k,0.59235233
phone_factorial_1200_v1,voice_0015__phonefact_resample8k,0.42465177
phone_factorial_1200_v1,voice_0015__phonefact_g711_ulaw,0.4543515
phone_factorial_1200_v1,voice_0015__phonefact_g726_24k,0.6708229
phone_factorial_1200_v1,voice_0015__phonefact_opus_nb_8k,0.6177595
phone_factorial_1200_v1,voice_0016__phonefact_resample8k,0.45959434
phone_factorial_1200_v1,voice_0016__phonefact_g711_ulaw,0.29939294
phone_factorial_1200_v1,voice_0016__phonefact_g726_24k,0.55988663
phone_factorial_1200_v1,voice_0016__phonefact_opus_nb_8k,0.46927005
phone_factorial_1200_v1,voice_0017__phonefact_resample8k,0.50150245
phone_factorial_1200_v1,voice_0017__phonefact_g711_ulaw,0.51379865
phone_factorial_1200_v1,voice_0017__phonefact_g726_24k,0.61381036
phone_factorial_1200_v1,voice_0017__phonefact_opus_nb_8k,0.46311417
phone_factorial_1200_v1,voice_0018__phonefact_resample8k,0.780369
phone_factorial_1200_v1,voice_0018__phonefact_g711_ulaw,0.6784375
phone_factorial_1200_v1,voice_0018__phonefact_g726_24k,0.7419797
phone_factorial_1200_v1,voice_0018__phonefact_opus_nb_8k,0.73352426
phone_factorial_1200_v1,voice_0019__phonefact_resample8k,0.735434
phone_factorial_1200_v1,voice_0019__phonefact_g711_ulaw,0.61765504
phone_factorial_1200_v1,voice_0019__phonefact_g726_24k,0.5303742
phone_factorial_1200_v1,voice_0019__phonefact_opus_nb_8k,0.6909186
phone_factorial_1200_v1,voice_0020__phonefact_resample8k,0.5544506
phone_factorial_1200_v1,voice_0020__phonefact_g711_ulaw,0.5496969
phone_factorial_1200_v1,voice_0020__phonefact_g726_24k,0.4508712
phone_factorial_1200_v1,voice_0020__phonefact_opus_nb_8k,0.6468797
phone_factorial_1200_v1,voice_0021__phonefact_resample8k,0.7497301
phone_factorial_1200_v1,voice_0021__phonefact_g711_ulaw,0.7538509
phone_factorial_1200_v1,voice_0021__phonefact_g726_24k,0.64109683
phone_factorial_1200_v1,voice_0021__phonefact_opus_nb_8k,0.57330114
phone_factorial_1200_v1,voice_0022__phonefact_resample8k,0.66222733
phone_factorial_1200_v1,voice_0022__phonefact_g711_ulaw,0.5843567
phone_factorial_1200_v1,voice_0022__phonefact_g726_24k,0.6385483
phone_factorial_1200_v1,voice_0022__phonefact_opus_nb_8k,0.6621418
phone_factorial_1200_v1,voice_0023__phonefact_resample8k,0.6325027
phone_factorial_1200_v1,voice_0023__phonefact_g711_ulaw,0.4687383
phone_factorial_1200_v1,voice_0023__phonefact_g726_24k,0.45138285
phone_factorial_1200_v1,voice_0023__phonefact_opus_nb_8k,0.61923665
phone_factorial_1200_v1,voice_0024__phonefact_resample8k,0.8717945
phone_factorial_1200_v1,voice_0024__phonefact_g711_ulaw,0.46738997
phone_factorial_1200_v1,voice_0024__phonefact_g726_24k,0.543501
phone_factorial_1200_v1,voice_0024__phonefact_opus_nb_8k,0.68397254
phone_factorial_1200_v1,voice_0025__phonefact_resample8k,0.6809193
phone_factorial_1200_v1,voice_0025__phonefact_g711_ulaw,0.7164058
phone_factorial_1200_v1,voice_0025__phonefact_g726_24k,0.8252098
phone_factorial_1200_v1,voice_0025__phonefact_opus_nb_8k,0.6629217
phone_factorial_1200_v1,voice_0026__phonefact_resample8k,0.64371115
phone_factorial_1200_v1,voice_0026__phonefact_g711_ulaw,0.69148535
phone_factorial_1200_v1,voice_0026__phonefact_g726_24k,0.64996237
phone_factorial_1200_v1,voice_0026__phonefact_opus_nb_8k,0.72915095
phone_factorial_1200_v1,voice_0027__phonefact_resample8k,0.7262024
phone_factorial_1200_v1,voice_0027__phonefact_g711_ulaw,0.7152044
phone_factorial_1200_v1,voice_0027__phonefact_g726_24k,0.7399665
phone_factorial_1200_v1,voice_0027__phonefact_opus_nb_8k,0.75539714
phone_factorial_1200_v1,voice_0028__phonefact_resample8k,0.72473437
phone_factorial_1200_v1,voice_0028__phonefact_g711_ulaw,0.7172899
phone_factorial_1200_v1,voice_0028__phonefact_g726_24k,0.78964037
phone_factorial_1200_v1,voice_0028__phonefact_opus_nb_8k,0.732613
phone_factorial_1200_v1,voice_0029__phonefact_resample8k,0.52825683
phone_factorial_1200_v1,voice_0029__phonefact_g711_ulaw,0.33572972
phone_factorial_1200_v1,voice_0029__phonefact_g726_24k,0.43619585
phone_factorial_1200_v1,voice_0029__phonefact_opus_nb_8k,0.5635033
phone_factorial_1200_v1,voice_0030__phonefact_resample8k,0.5492782
phone_factorial_1200_v1,voice_0030__phonefact_g711_ulaw,0.44245815
phone_factorial_1200_v1,voice_0030__phonefact_g726_24k,0.47149
phone_factorial_1200_v1,voice_0030__phonefact_opus_nb_8k,0.5513153
phone_factorial_1200_v1,voice_0031__phonefact_resample8k,0.61063534
phone_factorial_1200_v1,voice_0031__phonefact_g711_ulaw,0.65220606
phone_factorial_1200_v1,voice_0031__phonefact_g726_24k,0.63435143
phone_factorial_1200_v1,voice_0031__phonefact_opus_nb_8k,0.6418094
phone_factorial_1200_v1,voice_0032__phonefact_resample8k,0.6586351
phone_factorial_1200_v1,voice_0032__phonefact_g711_ulaw,0.7160496
phone_factorial_1200_v1,voice_0032__phonefact_g726_24k,0.79387236
phone_factorial_1200_v1,voice_0032__phonefact_opus_nb_8k,0.6804727
phone_factorial_1200_v1,voice_0033__phonefact_resample8k,0.51357
phone_factorial_1200_v1,voice_0033__phonefact_g711_ulaw,0.34229347
phone_factorial_1200_v1,voice_0033__phonefact_g726_24k,0.4202365
phone_factorial_1200_v1,voice_0033__phonefact_opus_nb_8k,0.4820521
phone_factorial_1200_v1,voice_0034__phonefact_resample8k,0.80180687
phone_factorial_1200_v1,voice_0034__phonefact_g711_ulaw,0.6733498
phone_factorial_1200_v1,voice_0034__phonefact_g726_24k,0.669681
phone_factorial_1200_v1,voice_0034__phonefact_opus_nb_8k,0.6406013
phone_factorial_1200_v1,voice_0035__phonefact_resample8k,0.63145304
phone_factorial_1200_v1,voice_0035__phonefact_g711_ulaw,0.4022878
phone_factorial_1200_v1,voice_0035__phonefact_g726_24k,0.551559
phone_factorial_1200_v1,voice_0035__phonefact_opus_nb_8k,0.4037942
phone_factorial_1200_v1,voice_0036__phonefact_resample8k,0.7050757
phone_factorial_1200_v1,voice_0036__phonefact_g711_ulaw,0.6242494
phone_factorial_1200_v1,voice_0036__phonefact_g726_24k,0.52057797
phone_factorial_1200_v1,voice_0036__phonefact_opus_nb_8k,0.60734016
phone_factorial_1200_v1,voice_0037__phonefact_resample8k,0.6462648
phone_factorial_1200_v1,voice_0037__phonefact_g711_ulaw,0.7074086
phone_factorial_1200_v1,voice_0037__phonefact_g726_24k,0.7365059
phone_factorial_1200_v1,voice_0037__phonefact_opus_nb_8k,0.65152544
phone_factorial_1200_v1,voice_0038__phonefact_resample8k,0.72950023
phone_factorial_1200_v1,voice_0038__phonefact_g711_ulaw,0.59743655
phone_factorial_1200_v1,voice_0038__phonefact_g726_24k,0.49324837
phone_factorial_1200_v1,voice_0038__phonefact_opus_nb_8k,0.57723737
phone_factorial_1200_v1,voice_0039__phonefact_resample8k,0.6533618
phone_factorial_1200_v1,voice_0039__phonefact_g711_ulaw,0.68997234
phone_factorial_1200_v1,voice_0039__phonefact_g726_24k,0.7399761
phone_factorial_1200_v1,voice_0039__phonefact_opus_nb_8k,0.5439831
phone_factorial_1200_v1,voice_0040__phonefact_resample8k,0.5736515
phone_factorial_1200_v1,voice_0040__phonefact_g711_ulaw,0.6035382
phone_factorial_1200_v1,voice_0040__phonefact_g726_24k,0.76257455
phone_factorial_1200_v1,voice_0040__phonefact_opus_nb_8k,0.5863423
phone_factorial_1200_v1,voice_0041__phonefact_resample8k,0.63506824
phone_factorial_1200_v1,voice_0041__phonefact_g711_ulaw,0.38082802
phone_factorial_1200_v1,voice_0041__phonefact_g726_24k,0.3821425
phone_factorial_1200_v1,voice_0041__phonefact_opus_nb_8k,0.6477534
phone_factorial_1200_v1,voice_0042__phonefact_resample8k,0.74094886
phone_factorial_1200_v1,voice_0042__phonefact_g711_ulaw,0.683179
phone_factorial_1200_v1,voice_0042__phonefact_g726_24k,0.7008915
phone_factorial_1200_v1,voice_0042__phonefact_opus_nb_8k,0.6649925
phone_factorial_1200_v1,voice_0043__phonefact_resample8k,0.77716976
phone_factorial_1200_v1,voice_0043__phonefact_g711_ulaw,0.66109675
phone_factorial_1200_v1,voice_0043__phonefact_g726_24k,0.5177509
phone_factorial_1200_v1,voice_0043__phonefact_opus_nb_8k,0.6867302
phone_factorial_1200_v1,voice_0044__phonefact_resample8k,0.5216961
phone_factorial_1200_v1,voice_0044__phonefact_g711_ulaw,0.23592858
phone_factorial_1200_v1,voice_0044__phonefact_g726_24k,0.5445928
phone_factorial_1200_v1,voice_0044__phonefact_opus_nb_8k,0.6737655
phone_factorial_1200_v1,voice_0045__phonefact_resample8k,0.7116191
phone_factorial_1200_v1,voice_0045__phonefact_g711_ulaw,0.704788
phone_factorial_1200_v1,voice_0045__phonefact_g726_24k,0.6407574
phone_factorial_1200_v1,voice_0045__phonefact_opus_nb_8k,0.6679497
phone_factorial_1200_v1,voice_0046__phonefact_resample8k,0.7221716
phone_factorial_1200_v1,voice_0046__phonefact_g711_ulaw,0.697185
phone_factorial_1200_v1,voice_0046__phonefact_g726_24k,0.646231
phone_factorial_1200_v1,voice_0046__phonefact_opus_nb_8k,0.7878267
phone_factorial_1200_v1,voice_0047__phonefact_resample8k,0.6841345
phone_factorial_1200_v1,voice_0047__phonefact_g711_ulaw,0.4323865
phone_factorial_1200_v1,voice_0047__phonefact_g726_24k,0.556587
phone_factorial_1200_v1,voice_0047__phonefact_opus_nb_8k,0.6170084
phone_factorial_1200_v1,voice_0048__phonefact_resample8k,0.72363245
phone_factorial_1200_v1,voice_0048__phonefact_g711_ulaw,0.65501016
phone_factorial_1200_v1,voice_0048__phonefact_g726_24k,0.7177494
phone_factorial_1200_v1,voice_0048__phonefact_opus_nb_8k,0.58691895
phone_factorial_1200_v1,voice_0049__phonefact_resample8k,0.658288
phone_factorial_1200_v1,voice_0049__phonefact_g711_ulaw,0.43289357
phone_factorial_1200_v1,voice_0049__phonefact_g726_24k,0.4462001
phone_factorial_1200_v1,voice_0049__phonefact_opus_nb_8k,0.59488225
phone_factorial_1200_v1,voice_0100__phonefact_resample8k,0.785633
phone_factorial_1200_v1,voice_0100__phonefact_g711_ulaw,0.76315004
phone_factorial_1200_v1,voice_0100__phonefact_g726_24k,0.8074104
phone_factorial_1200_v1,voice_0100__phonefact_opus_nb_8k,0.7378681
phone_factorial_1200_v1,voice_0101__phonefact_resample8k,0.8125357
phone_factorial_1200_v1,voice_0101__phonefact_g711_ulaw,0.81495553
phone_factorial_1200_v1,voice_0101__phonefact_g726_24k,0.7402838
phone_factorial_1200_v1,voice_0101__phonefact_opus_nb_8k,0.74963033
phone_factorial_1200_v1,voice_0102__phonefact_resample8k,0.71137947
phone_factorial_1200_v1,voice_0102__phonefact_g711_ulaw,0.67076224
phone_factorial_1200_v1,voice_0102__phonefact_g726_24k,0.77718323
phone_factorial_1200_v1,voice_0102__phonefact_opus_nb_8k,0.57418305
phone_factorial_1200_v1,voice_0103__phonefact_resample8k,0.86527234
phone_factorial_1200_v1,voice_0103__phonefact_g711_ulaw,0.8133217
phone_factorial_1200_v1,voice_0103__phonefact_g726_24k,0.6817791
phone_factorial_1200_v1,voice_0103__phonefact_opus_nb_8k,0.73960847
phone_factorial_1200_v1,voice_0104__phonefact_resample8k,0.78417724
phone_factorial_1200_v1,voice_0104__phonefact_g711_ulaw,0.75057983
phone_factorial_1200_v1,voice_0104__phonefact_g726_24k,0.7555127
phone_factorial_1200_v1,voice_0104__phonefact_opus_nb_8k,0.67346585
phone_factorial_1200_v1,voice_0105__phonefact_resample8k,0.88809645
phone_factorial_1200_v1,voice_0105__phonefact_g711_ulaw,0.87099075
phone_factorial_1200_v1,voice_0105__phonefact_g726_24k,0.90368074
phone_factorial_1200_v1,voice_0105__phonefact_opus_nb_8k,0.84843206
phone_factorial_1200_v1,voice_0106__phonefact_resample8k,0.6107613
phone_factorial_1200_v1,voice_0106__phonefact_g711_ulaw,0.6306391
phone_factorial_1200_v1,voice_0106__phonefact_g726_24k,0.7125532
phone_factorial_1200_v1,voice_0106__phonefact_opus_nb_8k,0.5868166
phone_factorial_1200_v1,voice_0107__phonefact_resample8k,0.86934245
phone_factorial_1200_v1,voice_0107__phonefact_g711_ulaw,0.85353565
phone_factorial_1200_v1,voice_0107__phonefact_g726_24k,0.67005056
phone_factorial_1200_v1,voice_0107__phonefact_opus_nb_8k,0.83688134
phone_factorial_1200_v1,voice_0108__phonefact_resample8k,0.71189123
phone_factorial_1200_v1,voice_0108__phonefact_g711_ulaw,0.69096804
phone_factorial_1200_v1,voice_0108__phonefact_g726_24k,0.6825766
phone_factorial_1200_v1,voice_0108__phonefact_opus_nb_8k,0.5628106
phone_factorial_1200_v1,voice_0109__phonefact_resample8k,0.85037583
phone_factorial_1200_v1,voice_0109__phonefact_g711_ulaw,0.752378
phone_factorial_1200_v1,voice_0109__phonefact_g726_24k,0.7898101
phone_factorial_1200_v1,voice_0109__phonefact_opus_nb_8k,0.6933689
phone_factorial_1200_v1,voice_0110__phonefact_resample8k,0.6843262
phone_factorial_1200_v1,voice_0110__phonefact_g711_ulaw,0.53114223
phone_factorial_1200_v1,voice_0110__phonefact_g726_24k,0.75292903
phone_factorial_1200_v1,voice_0110__phonefact_opus_nb_8k,0.5498982
phone_factorial_1200_v1,voice_0111__phonefact_resample8k,0.69925433
phone_factorial_1200_v1,voice_0111__phonefact_g711_ulaw,0.6775886
phone_factorial_1200_v1,voice_0111__phonefact_g726_24k,0.6310157
phone_factorial_1200_v1,voice_0111__phonefact_opus_nb_8k,0.48043177
phone_factorial_1200_v1,voice_0112__phonefact_resample8k,0.6340686
phone_factorial_1200_v1,voice_0112__phonefact_g711_ulaw,0.4201684
phone_factorial_1200_v1,voice_0112__phonefact_g726_24k,0.60624725
phone_factorial_1200_v1,voice_0112__phonefact_opus_nb_8k,0.49750814
phone_factorial_1200_v1,voice_0113__phonefact_resample8k,0.8162624
phone_factorial_1200_v1,voice_0113__phonefact_g711_ulaw,0.7274245
phone_factorial_1200_v1,voice_0113__phonefact_g726_24k,0.701369
phone_factorial_1200_v1,voice_0113__phonefact_opus_nb_8k,0.6940355
phone_factorial_1200_v1,voice_0114__phonefact_resample8k,0.81494105
phone_factorial_1200_v1,voice_0114__phonefact_g711_ulaw,0.75549144
phone_factorial_1200_v1,voice_0114__phonefact_g726_24k,0.7123492
phone_factorial_1200_v1,voice_0114__phonefact_opus_nb_8k,0.7824392
phone_factorial_1200_v1,voice_0115__phonefact_resample8k,0.7352399
phone_factorial_1200_v1,voice_0115__phonefact_g711_ulaw,0.71952945
phone_factorial_1200_v1,voice_0115__phonefact_g726_24k,0.66522664
phone_factorial_1200_v1,voice_0115__phonefact_opus_nb_8k,0.53576154
phone_factorial_1200_v1,voice_0116__phonefact_resample8k,0.8316122
phone_factorial_1200_v1,voice_0116__phonefact_g711_ulaw,0.69294757
phone_factorial_1200_v1,voice_0116__phonefact_g726_24k,0.62568504
phone_factorial_1200_v1,voice_0116__phonefact_opus_nb_8k,0.59891045
phone_factorial_1200_v1,voice_0117__phonefact_resample8k,0.9132145
phone_factorial_1200_v1,voice_0117__phonefact_g711_ulaw,0.9149112
phone_factorial_1200_v1,voice_0117__phonefact_g726_24k,0.82049686
phone_factorial_1200_v1,voice_0117__phonefact_opus_nb_8k,0.8198767
phone_factorial_1200_v1,voice_0118__phonefact_resample8k,0.8141487
phone_factorial_1200_v1,voice_0118__phonefact_g711_ulaw,0.7113751
phone_factorial_1200_v1,voice_0118__phonefact_g726_24k,0.7075688
phone_factorial_1200_v1,voice_0118__phonefact_opus_nb_8k,0.7307949
phone_factorial_1200_v1,voice_0119__phonefact_resample8k,0.7533922
phone_factorial_1200_v1,voice_0119__phonefact_g711_ulaw,0.5835363
phone_factorial_1200_v1,voice_0119__phonefact_g726_24k,0.7108943
phone_factorial_1200_v1,voice_0119__phonefact_opus_nb_8k,0.5925097
phone_factorial_1200_v1,voice_0120__phonefact_resample8k,0.7432748
phone_factorial_1200_v1,voice_0120__phonefact_g711_ulaw,0.78727573
phone_factorial_1200_v1,voice_0120__phonefact_g726_24k,0.81054497
phone_factorial_1200_v1,voice_0120__phonefact_opus_nb_8k,0.7140712
phone_factorial_1200_v1,voice_0121__phonefact_resample8k,0.6960718
phone_factorial_1200_v1,voice_0121__phonefact_g711_ulaw,0.6698905
phone_factorial_1200_v1,voice_0121__phonefact_g726_24k,0.65534323
phone_factorial_1200_v1,voice_0121__phonefact_opus_nb_8k,0.7916197
phone_factorial_1200_v1,voice_0122__phonefact_resample8k,0.7016865
phone_factorial_1200_v1,voice_0122__phonefact_g711_ulaw,0.69922894
phone_factorial_1200_v1,voice_0122__phonefact_g726_24k,0.6917523
phone_factorial_1200_v1,voice_0122__phonefact_opus_nb_8k,0.75019616
phone_factorial_1200_v1,voice_0123__phonefact_resample8k,0.7883421
phone_factorial_1200_v1,voice_0123__phonefact_g711_ulaw,0.6704805
phone_factorial_1200_v1,voice_0123__phonefact_g726_24k,0.64690083
phone_factorial_1200_v1,voice_0123__phonefact_opus_nb_8k,0.65273726
phone_factorial_1200_v1,voice_0124__phonefact_resample8k,0.7663585
phone_factorial_1200_v1,voice_0124__phonefact_g711_ulaw,0.8366238
phone_factorial_1200_v1,voice_0124__phonefact_g726_24k,0.80622643
phone_factorial_1200_v1,voice_0124__phonefact_opus_nb_8k,0.6695229
phone_factorial_1200_v1,voice_0125__phonefact_resample8k,0.83207697
phone_factorial_1200_v1,voice_0125__phonefact_g711_ulaw,0.74758685
phone_factorial_1200_v1,voice_0125__phonefact_g726_24k,0.7295213
phone_factorial_1200_v1,voice_0125__phonefact_opus_nb_8k,0.8296384
phone_factorial_1200_v1,voice_0126__phonefact_resample8k,0.5171952
phone_factorial_1200_v1,voice_0126__phonefact_g711_ulaw,0.31130618
phone_factorial_1200_v1,voice_0126__phonefact_g726_24k,0.2593943
phone_factorial_1200_v1,voice_0126__phonefact_opus_nb_8k,0.36244068
phone_factorial_1200_v1,voice_0127__phonefact_resample8k,0.764564
phone_factorial_1200_v1,voice_0127__phonefact_g711_ulaw,0.6231708
phone_factorial_1200_v1,voice_0127__phonefact_g726_24k,0.50742227
phone_factorial_1200_v1,voice_0127__phonefact_opus_nb_8k,0.5162989
phone_factorial_1200_v1,voice_0128__phonefact_resample8k,0.8356032
phone_factorial_1200_v1,voice_0128__phonefact_g711_ulaw,0.71867347
phone_factorial_1200_v1,voice_0128__phonefact_g726_24k,0.7328586
phone_factorial_1200_v1,voice_0128__phonefact_opus_nb_8k,0.6087699
phone_factorial_1200_v1,voice_0129__phonefact_resample8k,0.63754267
phone_factorial_1200_v1,voice_0129__phonefact_g711_ulaw,0.8064236
phone_factorial_1200_v1,voice_0129__phonefact_g726_24k,0.76232415
phone_factorial_1200_v1,voice_0129__phonefact_opus_nb_8k,0.7032534
phone_factorial_1200_v1,voice_0130__phonefact_resample8k,0.7446069
phone_factorial_1200_v1,voice_0130__phonefact_g711_ulaw,0.85121435
phone_factorial_1200_v1,voice_0130__phonefact_g726_24k,0.8007822
phone_factorial_1200_v1,voice_0130__phonefact_opus_nb_8k,0.77458215
phone_factorial_1200_v1,voice_0131__phonefact_resample8k,0.88046473
phone_factorial_1200_v1,voice_0131__phonefact_g711_ulaw,0.70189106
phone_factorial_1200_v1,voice_0131__phonefact_g726_24k,0.65117013
phone_factorial_1200_v1,voice_0131__phonefact_opus_nb_8k,0.58566314
phone_factorial_1200_v1,voice_0132__phonefact_resample8k,0.4991292
phone_factorial_1200_v1,voice_0132__phonefact_g711_ulaw,0.662561
phone_factorial_1200_v1,voice_0132__phonefact_g726_24k,0.6515398
phone_factorial_1200_v1,voice_0132__phonefact_opus_nb_8k,0.6327204
phone_factorial_1200_v1,voice_0133__phonefact_resample8k,0.7757555
phone_factorial_1200_v1,voice_0133__phonefact_g711_ulaw,0.6363223
phone_factorial_1200_v1,voice_0133__phonefact_g726_24k,0.7936722
phone_factorial_1200_v1,voice_0133__phonefact_opus_nb_8k,0.58193463
phone_factorial_1200_v1,voice_0134__phonefact_resample8k,0.70017385
phone_factorial_1200_v1,voice_0134__phonefact_g711_ulaw,0.6975524
phone_factorial_1200_v1,voice_0134__phonefact_g726_24k,0.75402486
phone_factorial_1200_v1,voice_0134__phonefact_opus_nb_8k,0.7304925
phone_factorial_1200_v1,voice_0135__phonefact_resample8k,0.5898716
phone_factorial_1200_v1,voice_0135__phonefact_g711_ulaw,0.5725903
phone_factorial_1200_v1,voice_0135__phonefact_g726_24k,0.5369842
phone_factorial_1200_v1,voice_0135__phonefact_opus_nb_8k,0.67292815
phone_factorial_1200_v1,voice_0136__phonefact_resample8k,0.64632
phone_factorial_1200_v1,voice_0136__phonefact_g711_ulaw,0.65060866
phone_factorial_1200_v1,voice_0136__phonefact_g726_24k,0.65031356
phone_factorial_1200_v1,voice_0136__phonefact_opus_nb_8k,0.6916648
phone_factorial_1200_v1,voice_0137__phonefact_resample8k,0.6285991
phone_factorial_1200_v1,voice_0137__phonefact_g711_ulaw,0.59593254
phone_factorial_1200_v1,voice_0137__phonefact_g726_24k,0.64605033
phone_factorial_1200_v1,voice_0137__phonefact_opus_nb_8k,0.7069196
phone_factorial_1200_v1,voice_0138__phonefact_resample8k,0.75148964
phone_factorial_1200_v1,voice_0138__phonefact_g711_ulaw,0.71719587
phone_factorial_1200_v1,voice_0138__phonefact_g726_24k,0.7012725
phone_factorial_1200_v1,voice_0138__phonefact_opus_nb_8k,0.80307037
phone_factorial_1200_v1,voice_0139__phonefact_resample8k,0.89105624
phone_factorial_1200_v1,voice_0139__phonefact_g711_ulaw,0.6996353
phone_factorial_1200_v1,voice_0139__phonefact_g726_24k,0.75163954
phone_factorial_1200_v1,voice_0139__phonefact_opus_nb_8k,0.796402
phone_factorial_1200_v1,voice_0140__phonefact_resample8k,0.84410954
phone_factorial_1200_v1,voice_0140__phonefact_g711_ulaw,0.7664348
phone_factorial_1200_v1,voice_0140__phonefact_g726_24k,0.82608587
phone_factorial_1200_v1,voice_0140__phonefact_opus_nb_8k,0.6406054
phone_factorial_1200_v1,voice_0141__phonefact_resample8k,0.7362308
phone_factorial_1200_v1,voice_0141__phonefact_g711_ulaw,0.7070146
phone_factorial_1200_v1,voice_0141__phonefact_g726_24k,0.7499826
phone_factorial_1200_v1,voice_0141__phonefact_opus_nb_8k,0.72871155
phone_factorial_1200_v1,voice_0142__phonefact_resample8k,0.7764791
phone_factorial_1200_v1,voice_0142__phonefact_g711_ulaw,0.7770414
phone_factorial_1200_v1,voice_0142__phonefact_g726_24k,0.73236513
phone_factorial_1200_v1,voice_0142__phonefact_opus_nb_8k,0.7641651
phone_factorial_1200_v1,voice_0143__phonefact_resample8k,0.87809193
phone_factorial_1200_v1,voice_0143__phonefact_g711_ulaw,0.80647403
phone_factorial_1200_v1,voice_0143__phonefact_g726_24k,0.811059
phone_factorial_1200_v1,voice_0143__phonefact_opus_nb_8k,0.6684237
phone_factorial_1200_v1,voice_0144__phonefact_resample8k,0.775266
phone_factorial_1200_v1,voice_0144__phonefact_g711_ulaw,0.6202957
phone_factorial_1200_v1,voice_0144__phonefact_g726_24k,0.67116416
phone_factorial_1200_v1,voice_0144__phonefact_opus_nb_8k,0.68056977
phone_factorial_1200_v1,voice_0145__phonefact_resample8k,0.6160132
phone_factorial_1200_v1,voice_0145__phonefact_g711_ulaw,0.6825859
phone_factorial_1200_v1,voice_0145__phonefact_g726_24k,0.5453768
phone_factorial_1200_v1,voice_0145__phonefact_opus_nb_8k,0.65225255
phone_factorial_1200_v1,voice_0146__phonefact_resample8k,0.8519791
phone_factorial_1200_v1,voice_0146__phonefact_g711_ulaw,0.8722901
phone_factorial_1200_v1,voice_0146__phonefact_g726_24k,0.81633407
phone_factorial_1200_v1,voice_0146__phonefact_opus_nb_8k,0.74711114
phone_factorial_1200_v1,voice_0147__phonefact_resample8k,0.5353982
phone_factorial_1200_v1,voice_0147__phonefact_g711_ulaw,0.49572524
phone_factorial_1200_v1,voice_0147__phonefact_g726_24k,0.54093975
phone_factorial_1200_v1,voice_0147__phonefact_opus_nb_8k,0.57396334
phone_factorial_1200_v1,voice_0148__phonefact_resample8k,0.72265834
phone_factorial_1200_v1,voice_0148__phonefact_g711_ulaw,0.76321864
phone_factorial_1200_v1,voice_0148__phonefact_g726_24k,0.61769956
phone_factorial_1200_v1,voice_0148__phonefact_opus_nb_8k,0.53201294
phone_factorial_1200_v1,voice_0149__phonefact_resample8k,0.6737454
phone_factorial_1200_v1,voice_0149__phonefact_g711_ulaw,0.68075436
phone_factorial_1200_v1,voice_0149__phonefact_g726_24k,0.70344627
phone_factorial_1200_v1,voice_0149__phonefact_opus_nb_8k,0.75624514
yue_cross_component_audit_v1,yue_000_music_real,0.022162868
yue_cross_component_audit_v1,yue_000_music_fake,0.9122796
yue_cross_component_audit_v1,yue_000_concurrent_v0_m0,0.26820016
yue_cross_component_audit_v1,yue_000_concurrent_v1_m0,0.07581611
yue_cross_component_audit_v1,yue_000_concurrent_v0_m1,0.45974335
yue_cross_component_audit_v1,yue_000_concurrent_v1_m1,0.5932266
yue_cross_component_audit_v1,yue_000_partial_overlap_v0_m0,0.07217951
yue_cross_component_audit_v1,yue_000_partial_overlap_v1_m0,0.2033091
yue_cross_component_audit_v1,yue_000_partial_overlap_v0_m1,0.65258193
yue_cross_component_audit_v1,yue_000_partial_overlap_v1_m1,0.6989214
yue_cross_component_audit_v1,yue_000_sequential_v0_m0,0.29608223
yue_cross_component_audit_v1,yue_000_sequential_v1_m0,0.29623172
yue_cross_component_audit_v1,yue_000_sequential_v0_m1,0.8216161
yue_cross_component_audit_v1,yue_000_sequential_v1_m1,0.8378674
yue_cross_component_audit_v1,yue_000_native_vocal_real_music,0.5376769
yue_cross_component_audit_v1,yue_000_native_vocal_fake_music,0.8172394
yue_cross_component_audit_v1,yue_001_music_real,0.20097724
yue_cross_component_audit_v1,yue_001_music_fake,0.9819769
yue_cross_component_audit_v1,yue_001_concurrent_v0_m0,0.3984503
yue_cross_component_audit_v1,yue_001_concurrent_v1_m0,0.43976736
yue_cross_component_audit_v1,yue_001_concurrent_v0_m1,0.5251918
yue_cross_component_audit_v1,yue_001_concurrent_v1_m1,0.34908488
yue_cross_component_audit_v1,yue_001_partial_overlap_v0_m0,0.28977656
yue_cross_component_audit_v1,yue_001_partial_overlap_v1_m0,0.45210624
yue_cross_component_audit_v1,yue_001_partial_overlap_v0_m1,0.71209246
yue_cross_component_audit_v1,yue_001_partial_overlap_v1_m1,0.70346606
yue_cross_component_audit_v1,yue_001_sequential_v0_m0,0.21931581
yue_cross_component_audit_v1,yue_001_sequential_v1_m0,0.3644487
yue_cross_component_audit_v1,yue_001_sequential_v0_m1,0.8841891
yue_cross_component_audit_v1,yue_001_sequential_v1_m1,0.8597536
yue_cross_component_audit_v1,yue_001_native_vocal_real_music,0.39197835
yue_cross_component_audit_v1,yue_001_native_vocal_fake_music,0.8972397
yue_cross_component_audit_v1,yue_002_music_real,0.14968853
yue_cross_component_audit_v1,yue_002_music_fake,0.88598675
yue_cross_component_audit_v1,yue_002_concurrent_v0_m0,0.11112604
yue_cross_component_audit_v1,yue_002_concurrent_v1_m0,0.014996481
yue_cross_component_audit_v1,yue_002_concurrent_v0_m1,0.6056499
yue_cross_component_audit_v1,yue_002_concurrent_v1_m1,0.72996676
yue_cross_component_audit_v1,yue_002_partial_overlap_v0_m0,0.20626631
yue_cross_component_audit_v1,yue_002_partial_overlap_v1_m0,0.042713404
yue_cross_component_audit_v1,yue_002_partial_overlap_v0_m1,0.7645793
yue_cross_component_audit_v1,yue_002_partial_overlap_v1_m1,0.6631278
yue_cross_component_audit_v1,yue_002_sequential_v0_m0,0.36769563
yue_cross_component_audit_v1,yue_002_sequential_v1_m0,0.24706498
yue_cross_component_audit_v1,yue_002_sequential_v0_m1,0.803724
yue_cross_component_audit_v1,yue_002_sequential_v1_m1,0.8156347
yue_cross_component_audit_v1,yue_003_music_real,0.47871566
yue_cross_component_audit_v1,yue_003_music_fake,0.9946565
yue_cross_component_audit_v1,yue_003_concurrent_v0_m0,0.028797198
yue_cross_component_audit_v1,yue_003_concurrent_v1_m0,0.16733351
yue_cross_component_audit_v1,yue_003_concurrent_v0_m1,0.8176004
yue_cross_component_audit_v1,yue_003_concurrent_v1_m1,0.95965403
yue_cross_component_audit_v1,yue_003_partial_overlap_v0_m0,0.34915504
yue_cross_component_audit_v1,yue_003_partial_overlap_v1_m0,0.6170921
yue_cross_component_audit_v1,yue_003_partial_overlap_v0_m1,0.84317034
yue_cross_component_audit_v1,yue_003_partial_overlap_v1_m1,0.880056
yue_cross_component_audit_v1,yue_003_sequential_v0_m0,0.45578986
yue_cross_component_audit_v1,yue_003_sequential_v1_m0,0.70741886
yue_cross_component_audit_v1,yue_003_sequential_v0_m1,0.90680116
yue_cross_component_audit_v1,yue_003_sequential_v1_m1,0.9798588
yue_cross_component_audit_v1,yue_003_native_vocal_real_music,0.32630235
yue_cross_component_audit_v1,yue_003_native_vocal_fake_music,0.9440684
yue_cross_component_audit_v1,yue_004_music_real,0.009502507
yue_cross_component_audit_v1,yue_004_music_fake,0.9835585
yue_cross_component_audit_v1,yue_004_concurrent_v0_m0,0.10777936
yue_cross_component_audit_v1,yue_004_concurrent_v1_m0,0.07728725
yue_cross_component_audit_v1,yue_004_concurrent_v0_m1,0.6338626
yue_cross_component_audit_v1,yue_004_concurrent_v1_m1,0.7253759
yue_cross_component_audit_v1,yue_004_partial_overlap_v0_m0,0.46083856
yue_cross_component_audit_v1,yue_004_partial_overlap_v1_m0,0.377419
yue_cross_component_audit_v1,yue_004_partial_overlap_v0_m1,0.7883999
yue_cross_component_audit_v1,yue_004_partial_overlap_v1_m1,0.7743285
yue_cross_component_audit_v1,yue_004_sequential_v0_m0,0.4295582
yue_cross_component_audit_v1,yue_004_sequential_v1_m0,0.30515385
yue_cross_component_audit_v1,yue_004_sequential_v0_m1,0.87136996
yue_cross_component_audit_v1,yue_004_sequential_v1_m1,0.87241936
yue_cross_component_audit_v1,yue_004_native_vocal_real_music,0.008187867
yue_cross_component_audit_v1,yue_004_native_vocal_fake_music,0.9552792
yue_cross_component_audit_v1,yue_005_music_real,0.58336246
yue_cross_component_audit_v1,yue_005_music_fake,0.84910774
yue_cross_component_audit_v1,yue_005_concurrent_v0_m0,0.102680564
yue_cross_component_audit_v1,yue_005_concurrent_v1_m0,0.17516474
yue_cross_component_audit_v1,yue_005_concurrent_v0_m1,0.71271676
yue_cross_component_audit_v1,yue_005_concurrent_v1_m1,0.7389526
yue_cross_component_audit_v1,yue_005_partial_overlap_v0_m0,0.37096
yue_cross_component_audit_v1,yue_005_partial_overlap_v1_m0,0.35847852
yue_cross_component_audit_v1,yue_005_partial_overlap_v0_m1,0.71123505
yue_cross_component_audit_v1,yue_005_partial_overlap_v1_m1,0.7591814
yue_cross_component_audit_v1,yue_005_sequential_v0_m0,0.53283715
yue_cross_component_audit_v1,yue_005_sequential_v1_m0,0.446475
yue_cross_component_audit_v1,yue_005_sequential_v0_m1,0.7216951
yue_cross_component_audit_v1,yue_005_sequential_v1_m1,0.8204511
yue_cross_component_audit_v1,yue_005_native_vocal_real_music,0.7057455
yue_cross_component_audit_v1,yue_005_native_vocal_fake_music,0.92017365
yue_cross_component_audit_v1,yue_006_music_real,0.8080248
yue_cross_component_audit_v1,yue_006_music_fake,0.94088477
yue_cross_component_audit_v1,yue_006_concurrent_v0_m0,0.29612213
yue_cross_component_audit_v1,yue_006_concurrent_v1_m0,0.38979945
yue_cross_component_audit_v1,yue_006_concurrent_v0_m1,0.75881845
yue_cross_component_audit_v1,yue_006_concurrent_v1_m1,0.62666297
yue_cross_component_audit_v1,yue_006_partial_overlap_v0_m0,0.57995486
yue_cross_component_audit_v1,yue_006_partial_overlap_v1_m0,0.643357
yue_cross_component_audit_v1,yue_006_partial_overlap_v0_m1,0.7766842
yue_cross_component_audit_v1,yue_006_partial_overlap_v1_m1,0.8629654
yue_cross_component_audit_v1,yue_006_sequential_v0_m0,0.7800184
yue_cross_component_audit_v1,yue_006_sequential_v1_m0,0.75630254
yue_cross_component_audit_v1,yue_006_sequential_v0_m1,0.84792894
yue_cross_component_audit_v1,yue_006_sequential_v1_m1,0.910446
yue_cross_component_audit_v1,yue_006_native_vocal_real_music,0.83243465
yue_cross_component_audit_v1,yue_006_native_vocal_fake_music,0.9338253
yue_cross_component_audit_v1,yue_007_music_real,0.025908185
yue_cross_component_audit_v1,yue_007_music_fake,0.96427137
yue_cross_component_audit_v1,yue_007_concurrent_v0_m0,0.15231113
yue_cross_component_audit_v1,yue_007_concurrent_v1_m0,0.05201025
yue_cross_component_audit_v1,yue_007_concurrent_v0_m1,0.509623
yue_cross_component_audit_v1,yue_007_concurrent_v1_m1,0.75406164
yue_cross_component_audit_v1,yue_007_partial_overlap_v0_m0,0.2346469
yue_cross_component_audit_v1,yue_007_partial_overlap_v1_m0,0.15185705
yue_cross_component_audit_v1,yue_007_partial_overlap_v0_m1,0.7517316
yue_cross_component_audit_v1,yue_007_partial_overlap_v1_m1,0.70250887
yue_cross_component_audit_v1,yue_007_sequential_v0_m0,0.33606377
yue_cross_component_audit_v1,yue_007_sequential_v1_m0,0.27416372
yue_cross_component_audit_v1,yue_007_sequential_v0_m1,0.82283497
yue_cross_component_audit_v1,yue_007_sequential_v1_m1,0.85641783
suno_vocals_v1,suno_vocal_000,0.81641656
suno_vocals_v1,suno_vocal_001,0.88487226
suno_vocals_v1,suno_vocal_002,0.8358919
suno_vocals_v1,suno_vocal_003,0.7726894
suno_vocals_v1,suno_vocal_004,0.77785534
suno_vocals_v1,suno_vocal_005,0.8574427
suno_vocals_v1,suno_vocal_006,0.97057766
suno_vocals_v1,suno_vocal_007,0.96116906
suno_vocals_v1,suno_vocal_008,0.96441406
suno_vocals_v1,suno_vocal_009,0.97085494
suno_vocals_v1,suno_vocal_010,0.88057595
suno_vocals_v1,suno_vocal_011,0.903388
suno_vocals_v1,suno_vocal_012,0.9036315
