ID,FILE_FAKE,VOICE_FAKE,MUSIC_FAKE,VOICE_PRESENT,MUSIC_PRESENT,AUDIO_TYPE,CONDITION,SOURCE,CODEC,VOICE_SOURCE_ID,MUSIC_SOURCE_ID,SNR_DB,PARENT_ID,CHANNEL,SOURCE_DATASET,GENERATOR,GROUP_ID,SPLIT,VOCODER,SPEAKER,DURATION
sdxeq_0000__phonefact_resample8k,0,0.0,0.0,1,1,mixed,simultaneous,synthetic_mixture,flac16k,voice_0022,sdm_real_0032,-6.0,sdxeq_0000,resample8k,source_disjoint_mixed_equal_v1,,,,,,
sdxeq_0000__phonefact_g711_ulaw,0,0.0,0.0,1,1,mixed,simultaneous,synthetic_mixture,flac16k,voice_0022,sdm_real_0032,-6.0,sdxeq_0000,g711_ulaw,source_disjoint_mixed_equal_v1,,,,,,
sdxeq_0000__phonefact_g726_24k,0,0.0,0.0,1,1,mixed,simultaneous,synthetic_mixture,flac16k,voice_0022,sdm_real_0032,-6.0,sdxeq_0000,g726_24k,source_disjoint_mixed_equal_v1,,,,,,
sdxeq_0000__phonefact_opus_nb_8k,0,0.0,0.0,1,1,mixed,simultaneous,synthetic_mixture,flac16k,voice_0022,sdm_real_0032,-6.0,sdxeq_0000,opus_nb_8k,source_disjoint_mixed_equal_v1,,,,,,
sdxeq_0001__phonefact_resample8k,0,0.0,0.0,1,1,mixed,simultaneous,synthetic_mixture,flac16k,voice_0063,sdm_real_0094,0.0,sdxeq_0001,resample8k,source_disjoint_mixed_equal_v1,,,,,,
sdxeq_0001__phonefact_g711_ulaw,0,0.0,0.0,1,1,mixed,simultaneous,synthetic_mixture,flac16k,voice_0063,sdm_real_0094,0.0,sdxeq_0001,g711_ulaw,source_disjoint_mixed_equal_v1,,,,,,
sdxeq_0001__phonefact_g726_24k,0,0.0,0.0,1,1,mixed,simultaneous,synthetic_mixture,flac16k,voice_0063,sdm_real_0094,0.0,sdxeq_0001,g726_24k,source_disjoint_mixed_equal_v1,,,,,,
sdxeq_0001__phonefact_opus_nb_8k,0,0.0,0.0,1,1,mixed,simultaneous,synthetic_mixture,flac16k,voice_0063,sdm_real_0094,0.0,sdxeq_0001,opus_nb_8k,source_disjoint_mixed_equal_v1,,,,,,
sdxeq_0002__phonefact_resample8k,0,0.0,0.0,1,1,mixed,simultaneous,synthetic_mixture,flac16k,voice_0033,sdm_real_0069,6.0,sdxeq_0002,resample8k,source_disjoint_mixed_equal_v1,,,,,,
sdxeq_0002__phonefact_g711_ulaw,0,0.0,0.0,1,1,mixed,simultaneous,synthetic_mixture,flac16k,voice_0033,sdm_real_0069,6.0,sdxeq_0002,g711_ulaw,source_disjoint_mixed_equal_v1,,,,,,
sdxeq_0002__phonefact_g726_24k,0,0.0,0.0,1,1,mixed,simultaneous,synthetic_mixture,flac16k,voice_0033,sdm_real_0069,6.0,sdxeq_0002,g726_24k,source_disjoint_mixed_equal_v1,,,,,,
sdxeq_0002__phonefact_opus_nb_8k,0,0.0,0.0,1,1,mixed,simultaneous,synthetic_mixture,flac16k,voice_0033,sdm_real_0069,6.0,sdxeq_0002,opus_nb_8k,source_disjoint_mixed_equal_v1,,,,,,
sdxeq_0003__phonefact_resample8k,0,0.0,0.0,1,1,mixed,simultaneous,synthetic_mixture,flac16k,voice_0067,sdm_real_0150,-6.0,sdxeq_0003,resample8k,source_disjoint_mixed_equal_v1,,,,,,
sdxeq_0003__phonefact_g711_ulaw,0,0.0,0.0,1,1,mixed,simultaneous,synthetic_mixture,flac16k,voice_0067,sdm_real_0150,-6.0,sdxeq_0003,g711_ulaw,source_disjoint_mixed_equal_v1,,,,,,
sdxeq_0003__phonefact_g726_24k,0,0.0,0.0,1,1,mixed,simultaneous,synthetic_mixture,flac16k,voice_0067,sdm_real_0150,-6.0,sdxeq_0003,g726_24k,source_disjoint_mixed_equal_v1,,,,,,
sdxeq_0003__phonefact_opus_nb_8k,0,0.0,0.0,1,1,mixed,simultaneous,synthetic_mixture,flac16k,voice_0067,sdm_real_0150,-6.0,sdxeq_0003,opus_nb_8k,source_disjoint_mixed_equal_v1,,,,,,
sdxeq_0004__phonefact_resample8k,0,0.0,0.0,1,1,mixed,simultaneous,synthetic_mixture,flac16k,voice_0015,sdm_real_0031,0.0,sdxeq_0004,resample8k,source_disjoint_mixed_equal_v1,,,,,,
sdxeq_0004__phonefact_g711_ulaw,0,0.0,0.0,1,1,mixed,simultaneous,synthetic_mixture,flac16k,voice_0015,sdm_real_0031,0.0,sdxeq_0004,g711_ulaw,source_disjoint_mixed_equal_v1,,,,,,
sdxeq_0004__phonefact_g726_24k,0,0.0,0.0,1,1,mixed,simultaneous,synthetic_mixture,flac16k,voice_0015,sdm_real_0031,0.0,sdxeq_0004,g726_24k,source_disjoint_mixed_equal_v1,,,,,,
sdxeq_0004__phonefact_opus_nb_8k,0,0.0,0.0,1,1,mixed,simultaneous,synthetic_mixture,flac16k,voice_0015,sdm_real_0031,0.0,sdxeq_0004,opus_nb_8k,source_disjoint_mixed_equal_v1,,,,,,
sdxeq_0005__phonefact_resample8k,0,0.0,0.0,1,1,mixed,simultaneous,synthetic_mixture,flac16k,voice_0095,sdm_real_0071,6.0,sdxeq_0005,resample8k,source_disjoint_mixed_equal_v1,,,,,,
sdxeq_0005__phonefact_g711_ulaw,0,0.0,0.0,1,1,mixed,simultaneous,synthetic_mixture,flac16k,voice_0095,sdm_real_0071,6.0,sdxeq_0005,g711_ulaw,source_disjoint_mixed_equal_v1,,,,,,
sdxeq_0005__phonefact_g726_24k,0,0.0,0.0,1,1,mixed,simultaneous,synthetic_mixture,flac16k,voice_0095,sdm_real_0071,6.0,sdxeq_0005,g726_24k,source_disjoint_mixed_equal_v1,,,,,,
sdxeq_0005__phonefact_opus_nb_8k,0,0.0,0.0,1,1,mixed,simultaneous,synthetic_mixture,flac16k,voice_0095,sdm_real_0071,6.0,sdxeq_0005,opus_nb_8k,source_disjoint_mixed_equal_v1,,,,,,
sdxeq_0006__phonefact_resample8k,0,0.0,0.0,1,1,mixed,simultaneous,synthetic_mixture,flac16k,voice_0088,sdm_real_0144,-6.0,sdxeq_0006,resample8k,source_disjoint_mixed_equal_v1,,,,,,
sdxeq_0006__phonefact_g711_ulaw,0,0.0,0.0,1,1,mixed,simultaneous,synthetic_mixture,flac16k,voice_0088,sdm_real_0144,-6.0,sdxeq_0006,g711_ulaw,source_disjoint_mixed_equal_v1,,,,,,
sdxeq_0006__phonefact_g726_24k,0,0.0,0.0,1,1,mixed,simultaneous,synthetic_mixture,flac16k,voice_0088,sdm_real_0144,-6.0,sdxeq_0006,g726_24k,source_disjoint_mixed_equal_v1,,,,,,
sdxeq_0006__phonefact_opus_nb_8k,0,0.0,0.0,1,1,mixed,simultaneous,synthetic_mixture,flac16k,voice_0088,sdm_real_0144,-6.0,sdxeq_0006,opus_nb_8k,source_disjoint_mixed_equal_v1,,,,,,
sdxeq_0007__phonefact_resample8k,0,0.0,0.0,1,1,mixed,simultaneous,synthetic_mixture,flac16k,voice_0013,sdm_real_0088,0.0,sdxeq_0007,resample8k,source_disjoint_mixed_equal_v1,,,,,,
sdxeq_0007__phonefact_g711_ulaw,0,0.0,0.0,1,1,mixed,simultaneous,synthetic_mixture,flac16k,voice_0013,sdm_real_0088,0.0,sdxeq_0007,g711_ulaw,source_disjoint_mixed_equal_v1,,,,,,
sdxeq_0007__phonefact_g726_24k,0,0.0,0.0,1,1,mixed,simultaneous,synthetic_mixture,flac16k,voice_0013,sdm_real_0088,0.0,sdxeq_0007,g726_24k,source_disjoint_mixed_equal_v1,,,,,,
sdxeq_0007__phonefact_opus_nb_8k,0,0.0,0.0,1,1,mixed,simultaneous,synthetic_mixture,flac16k,voice_0013,sdm_real_0088,0.0,sdxeq_0007,opus_nb_8k,source_disjoint_mixed_equal_v1,,,,,,
sdxeq_0008__phonefact_resample8k,0,0.0,0.0,1,1,mixed,simultaneous,synthetic_mixture,flac16k,voice_0098,sdm_real_0077,6.0,sdxeq_0008,resample8k,source_disjoint_mixed_equal_v1,,,,,,
sdxeq_0008__phonefact_g711_ulaw,0,0.0,0.0,1,1,mixed,simultaneous,synthetic_mixture,flac16k,voice_0098,sdm_real_0077,6.0,sdxeq_0008,g711_ulaw,source_disjoint_mixed_equal_v1,,,,,,
sdxeq_0008__phonefact_g726_24k,0,0.0,0.0,1,1,mixed,simultaneous,synthetic_mixture,flac16k,voice_0098,sdm_real_0077,6.0,sdxeq_0008,g726_24k,source_disjoint_mixed_equal_v1,,,,,,
sdxeq_0008__phonefact_opus_nb_8k,0,0.0,0.0,1,1,mixed,simultaneous,synthetic_mixture,flac16k,voice_0098,sdm_real_0077,6.0,sdxeq_0008,opus_nb_8k,source_disjoint_mixed_equal_v1,,,,,,
sdxeq_0009__phonefact_resample8k,0,0.0,0.0,1,1,mixed,simultaneous,synthetic_mixture,flac16k,voice_0075,sdm_real_0095,-6.0,sdxeq_0009,resample8k,source_disjoint_mixed_equal_v1,,,,,,
sdxeq_0009__phonefact_g711_ulaw,0,0.0,0.0,1,1,mixed,simultaneous,synthetic_mixture,flac16k,voice_0075,sdm_real_0095,-6.0,sdxeq_0009,g711_ulaw,source_disjoint_mixed_equal_v1,,,,,,
sdxeq_0009__phonefact_g726_24k,0,0.0,0.0,1,1,mixed,simultaneous,synthetic_mixture,flac16k,voice_0075,sdm_real_0095,-6.0,sdxeq_0009,g726_24k,source_disjoint_mixed_equal_v1,,,,,,
sdxeq_0009__phonefact_opus_nb_8k,0,0.0,0.0,1,1,mixed,simultaneous,synthetic_mixture,flac16k,voice_0075,sdm_real_0095,-6.0,sdxeq_0009,opus_nb_8k,source_disjoint_mixed_equal_v1,,,,,,
sdxeq_0010__phonefact_resample8k,0,0.0,0.0,1,1,mixed,simultaneous,synthetic_mixture,flac16k,voice_0017,sdm_real_0178,0.0,sdxeq_0010,resample8k,source_disjoint_mixed_equal_v1,,,,,,
sdxeq_0010__phonefact_g711_ulaw,0,0.0,0.0,1,1,mixed,simultaneous,synthetic_mixture,flac16k,voice_0017,sdm_real_0178,0.0,sdxeq_0010,g711_ulaw,source_disjoint_mixed_equal_v1,,,,,,
sdxeq_0010__phonefact_g726_24k,0,0.0,0.0,1,1,mixed,simultaneous,synthetic_mixture,flac16k,voice_0017,sdm_real_0178,0.0,sdxeq_0010,g726_24k,source_disjoint_mixed_equal_v1,,,,,,
sdxeq_0010__phonefact_opus_nb_8k,0,0.0,0.0,1,1,mixed,simultaneous,synthetic_mixture,flac16k,voice_0017,sdm_real_0178,0.0,sdxeq_0010,opus_nb_8k,source_disjoint_mixed_equal_v1,,,,,,
sdxeq_0011__phonefact_resample8k,0,0.0,0.0,1,1,mixed,simultaneous,synthetic_mixture,flac16k,voice_0029,sdm_real_0045,6.0,sdxeq_0011,resample8k,source_disjoint_mixed_equal_v1,,,,,,
sdxeq_0011__phonefact_g711_ulaw,0,0.0,0.0,1,1,mixed,simultaneous,synthetic_mixture,flac16k,voice_0029,sdm_real_0045,6.0,sdxeq_0011,g711_ulaw,source_disjoint_mixed_equal_v1,,,,,,
sdxeq_0011__phonefact_g726_24k,0,0.0,0.0,1,1,mixed,simultaneous,synthetic_mixture,flac16k,voice_0029,sdm_real_0045,6.0,sdxeq_0011,g726_24k,source_disjoint_mixed_equal_v1,,,,,,
sdxeq_0011__phonefact_opus_nb_8k,0,0.0,0.0,1,1,mixed,simultaneous,synthetic_mixture,flac16k,voice_0029,sdm_real_0045,6.0,sdxeq_0011,opus_nb_8k,source_disjoint_mixed_equal_v1,,,,,,
sdxeq_0012__phonefact_resample8k,0,0.0,0.0,1,1,mixed,simultaneous,synthetic_mixture,flac16k,voice_0099,sdm_real_0050,-6.0,sdxeq_0012,resample8k,source_disjoint_mixed_equal_v1,,,,,,
sdxeq_0012__phonefact_g711_ulaw,0,0.0,0.0,1,1,mixed,simultaneous,synthetic_mixture,flac16k,voice_0099,sdm_real_0050,-6.0,sdxeq_0012,g711_ulaw,source_disjoint_mixed_equal_v1,,,,,,
sdxeq_0012__phonefact_g726_24k,0,0.0,0.0,1,1,mixed,simultaneous,synthetic_mixture,flac16k,voice_0099,sdm_real_0050,-6.0,sdxeq_0012,g726_24k,source_disjoint_mixed_equal_v1,,,,,,
sdxeq_0012__phonefact_opus_nb_8k,0,0.0,0.0,1,1,mixed,simultaneous,synthetic_mixture,flac16k,voice_0099,sdm_real_0050,-6.0,sdxeq_0012,opus_nb_8k,source_disjoint_mixed_equal_v1,,,,,,
sdxeq_0013__phonefact_resample8k,0,0.0,0.0,1,1,mixed,simultaneous,synthetic_mixture,flac16k,voice_0090,sdm_real_0044,0.0,sdxeq_0013,resample8k,source_disjoint_mixed_equal_v1,,,,,,
sdxeq_0013__phonefact_g711_ulaw,0,0.0,0.0,1,1,mixed,simultaneous,synthetic_mixture,flac16k,voice_0090,sdm_real_0044,0.0,sdxeq_0013,g711_ulaw,source_disjoint_mixed_equal_v1,,,,,,
sdxeq_0013__phonefact_g726_24k,0,0.0,0.0,1,1,mixed,simultaneous,synthetic_mixture,flac16k,voice_0090,sdm_real_0044,0.0,sdxeq_0013,g726_24k,source_disjoint_mixed_equal_v1,,,,,,
sdxeq_0013__phonefact_opus_nb_8k,0,0.0,0.0,1,1,mixed,simultaneous,synthetic_mixture,flac16k,voice_0090,sdm_real_0044,0.0,sdxeq_0013,opus_nb_8k,source_disjoint_mixed_equal_v1,,,,,,
sdxeq_0014__phonefact_resample8k,0,0.0,0.0,1,1,mixed,simultaneous,synthetic_mixture,flac16k,voice_0062,sdm_real_0100,6.0,sdxeq_0014,resample8k,source_disjoint_mixed_equal_v1,,,,,,
sdxeq_0014__phonefact_g711_ulaw,0,0.0,0.0,1,1,mixed,simultaneous,synthetic_mixture,flac16k,voice_0062,sdm_real_0100,6.0,sdxeq_0014,g711_ulaw,source_disjoint_mixed_equal_v1,,,,,,
sdxeq_0014__phonefact_g726_24k,0,0.0,0.0,1,1,mixed,simultaneous,synthetic_mixture,flac16k,voice_0062,sdm_real_0100,6.0,sdxeq_0014,g726_24k,source_disjoint_mixed_equal_v1,,,,,,
sdxeq_0014__phonefact_opus_nb_8k,0,0.0,0.0,1,1,mixed,simultaneous,synthetic_mixture,flac16k,voice_0062,sdm_real_0100,6.0,sdxeq_0014,opus_nb_8k,source_disjoint_mixed_equal_v1,,,,,,
sdxeq_0015__phonefact_resample8k,0,0.0,0.0,1,1,mixed,simultaneous,synthetic_mixture,flac16k,voice_0027,sdm_real_0086,-6.0,sdxeq_0015,resample8k,source_disjoint_mixed_equal_v1,,,,,,
sdxeq_0015__phonefact_g711_ulaw,0,0.0,0.0,1,1,mixed,simultaneous,synthetic_mixture,flac16k,voice_0027,sdm_real_0086,-6.0,sdxeq_0015,g711_ulaw,source_disjoint_mixed_equal_v1,,,,,,
sdxeq_0015__phonefact_g726_24k,0,0.0,0.0,1,1,mixed,simultaneous,synthetic_mixture,flac16k,voice_0027,sdm_real_0086,-6.0,sdxeq_0015,g726_24k,source_disjoint_mixed_equal_v1,,,,,,
sdxeq_0015__phonefact_opus_nb_8k,0,0.0,0.0,1,1,mixed,simultaneous,synthetic_mixture,flac16k,voice_0027,sdm_real_0086,-6.0,sdxeq_0015,opus_nb_8k,source_disjoint_mixed_equal_v1,,,,,,
sdxeq_0016__phonefact_resample8k,0,0.0,0.0,1,1,mixed,simultaneous,synthetic_mixture,flac16k,voice_0090,sdm_real_0117,0.0,sdxeq_0016,resample8k,source_disjoint_mixed_equal_v1,,,,,,
sdxeq_0016__phonefact_g711_ulaw,0,0.0,0.0,1,1,mixed,simultaneous,synthetic_mixture,flac16k,voice_0090,sdm_real_0117,0.0,sdxeq_0016,g711_ulaw,source_disjoint_mixed_equal_v1,,,,,,
sdxeq_0016__phonefact_g726_24k,0,0.0,0.0,1,1,mixed,simultaneous,synthetic_mixture,flac16k,voice_0090,sdm_real_0117,0.0,sdxeq_0016,g726_24k,source_disjoint_mixed_equal_v1,,,,,,
sdxeq_0016__phonefact_opus_nb_8k,0,0.0,0.0,1,1,mixed,simultaneous,synthetic_mixture,flac16k,voice_0090,sdm_real_0117,0.0,sdxeq_0016,opus_nb_8k,source_disjoint_mixed_equal_v1,,,,,,
sdxeq_0017__phonefact_resample8k,0,0.0,0.0,1,1,mixed,simultaneous,synthetic_mixture,flac16k,voice_0073,sdm_real_0168,6.0,sdxeq_0017,resample8k,source_disjoint_mixed_equal_v1,,,,,,
sdxeq_0017__phonefact_g711_ulaw,0,0.0,0.0,1,1,mixed,simultaneous,synthetic_mixture,flac16k,voice_0073,sdm_real_0168,6.0,sdxeq_0017,g711_ulaw,source_disjoint_mixed_equal_v1,,,,,,
sdxeq_0017__phonefact_g726_24k,0,0.0,0.0,1,1,mixed,simultaneous,synthetic_mixture,flac16k,voice_0073,sdm_real_0168,6.0,sdxeq_0017,g726_24k,source_disjoint_mixed_equal_v1,,,,,,
sdxeq_0017__phonefact_opus_nb_8k,0,0.0,0.0,1,1,mixed,simultaneous,synthetic_mixture,flac16k,voice_0073,sdm_real_0168,6.0,sdxeq_0017,opus_nb_8k,source_disjoint_mixed_equal_v1,,,,,,
sdxeq_0018__phonefact_resample8k,0,0.0,0.0,1,1,mixed,simultaneous,synthetic_mixture,flac16k,voice_0081,sdm_real_0033,-6.0,sdxeq_0018,resample8k,source_disjoint_mixed_equal_v1,,,,,,
sdxeq_0018__phonefact_g711_ulaw,0,0.0,0.0,1,1,mixed,simultaneous,synthetic_mixture,flac16k,voice_0081,sdm_real_0033,-6.0,sdxeq_0018,g711_ulaw,source_disjoint_mixed_equal_v1,,,,,,
sdxeq_0018__phonefact_g726_24k,0,0.0,0.0,1,1,mixed,simultaneous,synthetic_mixture,flac16k,voice_0081,sdm_real_0033,-6.0,sdxeq_0018,g726_24k,source_disjoint_mixed_equal_v1,,,,,,
sdxeq_0018__phonefact_opus_nb_8k,0,0.0,0.0,1,1,mixed,simultaneous,synthetic_mixture,flac16k,voice_0081,sdm_real_0033,-6.0,sdxeq_0018,opus_nb_8k,source_disjoint_mixed_equal_v1,,,,,,
sdxeq_0019__phonefact_resample8k,0,0.0,0.0,1,1,mixed,simultaneous,synthetic_mixture,flac16k,voice_0059,sdm_real_0033,0.0,sdxeq_0019,resample8k,source_disjoint_mixed_equal_v1,,,,,,
sdxeq_0019__phonefact_g711_ulaw,0,0.0,0.0,1,1,mixed,simultaneous,synthetic_mixture,flac16k,voice_0059,sdm_real_0033,0.0,sdxeq_0019,g711_ulaw,source_disjoint_mixed_equal_v1,,,,,,
sdxeq_0019__phonefact_g726_24k,0,0.0,0.0,1,1,mixed,simultaneous,synthetic_mixture,flac16k,voice_0059,sdm_real_0033,0.0,sdxeq_0019,g726_24k,source_disjoint_mixed_equal_v1,,,,,,
sdxeq_0019__phonefact_opus_nb_8k,0,0.0,0.0,1,1,mixed,simultaneous,synthetic_mixture,flac16k,voice_0059,sdm_real_0033,0.0,sdxeq_0019,opus_nb_8k,source_disjoint_mixed_equal_v1,,,,,,
sdxeq_0020__phonefact_resample8k,0,0.0,0.0,1,1,mixed,simultaneous,synthetic_mixture,flac16k,voice_0032,sdm_real_0148,6.0,sdxeq_0020,resample8k,source_disjoint_mixed_equal_v1,,,,,,
sdxeq_0020__phonefact_g711_ulaw,0,0.0,0.0,1,1,mixed,simultaneous,synthetic_mixture,flac16k,voice_0032,sdm_real_0148,6.0,sdxeq_0020,g711_ulaw,source_disjoint_mixed_equal_v1,,,,,,
sdxeq_0020__phonefact_g726_24k,0,0.0,0.0,1,1,mixed,simultaneous,synthetic_mixture,flac16k,voice_0032,sdm_real_0148,6.0,sdxeq_0020,g726_24k,source_disjoint_mixed_equal_v1,,,,,,
sdxeq_0020__phonefact_opus_nb_8k,0,0.0,0.0,1,1,mixed,simultaneous,synthetic_mixture,flac16k,voice_0032,sdm_real_0148,6.0,sdxeq_0020,opus_nb_8k,source_disjoint_mixed_equal_v1,,,,,,
sdxeq_0021__phonefact_resample8k,0,0.0,0.0,1,1,mixed,simultaneous,synthetic_mixture,flac16k,voice_0036,sdm_real_0039,-6.0,sdxeq_0021,resample8k,source_disjoint_mixed_equal_v1,,,,,,
sdxeq_0021__phonefact_g711_ulaw,0,0.0,0.0,1,1,mixed,simultaneous,synthetic_mixture,flac16k,voice_0036,sdm_real_0039,-6.0,sdxeq_0021,g711_ulaw,source_disjoint_mixed_equal_v1,,,,,,
sdxeq_0021__phonefact_g726_24k,0,0.0,0.0,1,1,mixed,simultaneous,synthetic_mixture,flac16k,voice_0036,sdm_real_0039,-6.0,sdxeq_0021,g726_24k,source_disjoint_mixed_equal_v1,,,,,,
sdxeq_0021__phonefact_opus_nb_8k,0,0.0,0.0,1,1,mixed,simultaneous,synthetic_mixture,flac16k,voice_0036,sdm_real_0039,-6.0,sdxeq_0021,opus_nb_8k,source_disjoint_mixed_equal_v1,,,,,,
sdxeq_0022__phonefact_resample8k,0,0.0,0.0,1,1,mixed,simultaneous,synthetic_mixture,flac16k,voice_0015,sdm_real_0089,0.0,sdxeq_0022,resample8k,source_disjoint_mixed_equal_v1,,,,,,
sdxeq_0022__phonefact_g711_ulaw,0,0.0,0.0,1,1,mixed,simultaneous,synthetic_mixture,flac16k,voice_0015,sdm_real_0089,0.0,sdxeq_0022,g711_ulaw,source_disjoint_mixed_equal_v1,,,,,,
sdxeq_0022__phonefact_g726_24k,0,0.0,0.0,1,1,mixed,simultaneous,synthetic_mixture,flac16k,voice_0015,sdm_real_0089,0.0,sdxeq_0022,g726_24k,source_disjoint_mixed_equal_v1,,,,,,
sdxeq_0022__phonefact_opus_nb_8k,0,0.0,0.0,1,1,mixed,simultaneous,synthetic_mixture,flac16k,voice_0015,sdm_real_0089,0.0,sdxeq_0022,opus_nb_8k,source_disjoint_mixed_equal_v1,,,,,,
sdxeq_0023__phonefact_resample8k,0,0.0,0.0,1,1,mixed,simultaneous,synthetic_mixture,flac16k,voice_0073,sdm_real_0091,6.0,sdxeq_0023,resample8k,source_disjoint_mixed_equal_v1,,,,,,
sdxeq_0023__phonefact_g711_ulaw,0,0.0,0.0,1,1,mixed,simultaneous,synthetic_mixture,flac16k,voice_0073,sdm_real_0091,6.0,sdxeq_0023,g711_ulaw,source_disjoint_mixed_equal_v1,,,,,,
sdxeq_0023__phonefact_g726_24k,0,0.0,0.0,1,1,mixed,simultaneous,synthetic_mixture,flac16k,voice_0073,sdm_real_0091,6.0,sdxeq_0023,g726_24k,source_disjoint_mixed_equal_v1,,,,,,
sdxeq_0023__phonefact_opus_nb_8k,0,0.0,0.0,1,1,mixed,simultaneous,synthetic_mixture,flac16k,voice_0073,sdm_real_0091,6.0,sdxeq_0023,opus_nb_8k,source_disjoint_mixed_equal_v1,,,,,,
sdxeq_0024__phonefact_resample8k,0,0.0,0.0,1,1,mixed,simultaneous,synthetic_mixture,flac16k,voice_0080,sdm_real_0057,-6.0,sdxeq_0024,resample8k,source_disjoint_mixed_equal_v1,,,,,,
sdxeq_0024__phonefact_g711_ulaw,0,0.0,0.0,1,1,mixed,simultaneous,synthetic_mixture,flac16k,voice_0080,sdm_real_0057,-6.0,sdxeq_0024,g711_ulaw,source_disjoint_mixed_equal_v1,,,,,,
sdxeq_0024__phonefact_g726_24k,0,0.0,0.0,1,1,mixed,simultaneous,synthetic_mixture,flac16k,voice_0080,sdm_real_0057,-6.0,sdxeq_0024,g726_24k,source_disjoint_mixed_equal_v1,,,,,,
sdxeq_0024__phonefact_opus_nb_8k,0,0.0,0.0,1,1,mixed,simultaneous,synthetic_mixture,flac16k,voice_0080,sdm_real_0057,-6.0,sdxeq_0024,opus_nb_8k,source_disjoint_mixed_equal_v1,,,,,,
sdxeq_0025__phonefact_resample8k,1,0.0,1.0,1,1,mixed,simultaneous,synthetic_mixture,flac16k,voice_0035,sdm_fake_0192,-6.0,sdxeq_0025,resample8k,source_disjoint_mixed_equal_v1,,,,,,
sdxeq_0025__phonefact_g711_ulaw,1,0.0,1.0,1,1,mixed,simultaneous,synthetic_mixture,flac16k,voice_0035,sdm_fake_0192,-6.0,sdxeq_0025,g711_ulaw,source_disjoint_mixed_equal_v1,,,,,,
sdxeq_0025__phonefact_g726_24k,1,0.0,1.0,1,1,mixed,simultaneous,synthetic_mixture,flac16k,voice_0035,sdm_fake_0192,-6.0,sdxeq_0025,g726_24k,source_disjoint_mixed_equal_v1,,,,,,
sdxeq_0025__phonefact_opus_nb_8k,1,0.0,1.0,1,1,mixed,simultaneous,synthetic_mixture,flac16k,voice_0035,sdm_fake_0192,-6.0,sdxeq_0025,opus_nb_8k,source_disjoint_mixed_equal_v1,,,,,,
sdxeq_0026__phonefact_resample8k,1,0.0,1.0,1,1,mixed,simultaneous,synthetic_mixture,flac16k,voice_0085,sdm_fake_0010,0.0,sdxeq_0026,resample8k,source_disjoint_mixed_equal_v1,,,,,,
sdxeq_0026__phonefact_g711_ulaw,1,0.0,1.0,1,1,mixed,simultaneous,synthetic_mixture,flac16k,voice_0085,sdm_fake_0010,0.0,sdxeq_0026,g711_ulaw,source_disjoint_mixed_equal_v1,,,,,,
sdxeq_0026__phonefact_g726_24k,1,0.0,1.0,1,1,mixed,simultaneous,synthetic_mixture,flac16k,voice_0085,sdm_fake_0010,0.0,sdxeq_0026,g726_24k,source_disjoint_mixed_equal_v1,,,,,,
sdxeq_0026__phonefact_opus_nb_8k,1,0.0,1.0,1,1,mixed,simultaneous,synthetic_mixture,flac16k,voice_0085,sdm_fake_0010,0.0,sdxeq_0026,opus_nb_8k,source_disjoint_mixed_equal_v1,,,,,,
sdxeq_0027__phonefact_resample8k,1,0.0,1.0,1,1,mixed,simultaneous,synthetic_mixture,flac16k,voice_0041,sdm_fake_0128,6.0,sdxeq_0027,resample8k,source_disjoint_mixed_equal_v1,,,,,,
sdxeq_0027__phonefact_g711_ulaw,1,0.0,1.0,1,1,mixed,simultaneous,synthetic_mixture,flac16k,voice_0041,sdm_fake_0128,6.0,sdxeq_0027,g711_ulaw,source_disjoint_mixed_equal_v1,,,,,,
sdxeq_0027__phonefact_g726_24k,1,0.0,1.0,1,1,mixed,simultaneous,synthetic_mixture,flac16k,voice_0041,sdm_fake_0128,6.0,sdxeq_0027,g726_24k,source_disjoint_mixed_equal_v1,,,,,,
sdxeq_0027__phonefact_opus_nb_8k,1,0.0,1.0,1,1,mixed,simultaneous,synthetic_mixture,flac16k,voice_0041,sdm_fake_0128,6.0,sdxeq_0027,opus_nb_8k,source_disjoint_mixed_equal_v1,,,,,,
sdxeq_0028__phonefact_resample8k,1,0.0,1.0,1,1,mixed,simultaneous,synthetic_mixture,flac16k,voice_0013,sdm_fake_0163,-6.0,sdxeq_0028,resample8k,source_disjoint_mixed_equal_v1,,,,,,
sdxeq_0028__phonefact_g711_ulaw,1,0.0,1.0,1,1,mixed,simultaneous,synthetic_mixture,flac16k,voice_0013,sdm_fake_0163,-6.0,sdxeq_0028,g711_ulaw,source_disjoint_mixed_equal_v1,,,,,,
sdxeq_0028__phonefact_g726_24k,1,0.0,1.0,1,1,mixed,simultaneous,synthetic_mixture,flac16k,voice_0013,sdm_fake_0163,-6.0,sdxeq_0028,g726_24k,source_disjoint_mixed_equal_v1,,,,,,
sdxeq_0028__phonefact_opus_nb_8k,1,0.0,1.0,1,1,mixed,simultaneous,synthetic_mixture,flac16k,voice_0013,sdm_fake_0163,-6.0,sdxeq_0028,opus_nb_8k,source_disjoint_mixed_equal_v1,,,,,,
sdxeq_0029__phonefact_resample8k,1,0.0,1.0,1,1,mixed,simultaneous,synthetic_mixture,flac16k,voice_0007,sdm_fake_0157,0.0,sdxeq_0029,resample8k,source_disjoint_mixed_equal_v1,,,,,,
sdxeq_0029__phonefact_g711_ulaw,1,0.0,1.0,1,1,mixed,simultaneous,synthetic_mixture,flac16k,voice_0007,sdm_fake_0157,0.0,sdxeq_0029,g711_ulaw,source_disjoint_mixed_equal_v1,,,,,,
sdxeq_0029__phonefact_g726_24k,1,0.0,1.0,1,1,mixed,simultaneous,synthetic_mixture,flac16k,voice_0007,sdm_fake_0157,0.0,sdxeq_0029,g726_24k,source_disjoint_mixed_equal_v1,,,,,,
sdxeq_0029__phonefact_opus_nb_8k,1,0.0,1.0,1,1,mixed,simultaneous,synthetic_mixture,flac16k,voice_0007,sdm_fake_0157,0.0,sdxeq_0029,opus_nb_8k,source_disjoint_mixed_equal_v1,,,,,,
sdxeq_0030__phonefact_resample8k,1,0.0,1.0,1,1,mixed,simultaneous,synthetic_mixture,flac16k,voice_0056,sdm_fake_0163,6.0,sdxeq_0030,resample8k,source_disjoint_mixed_equal_v1,,,,,,
sdxeq_0030__phonefact_g711_ulaw,1,0.0,1.0,1,1,mixed,simultaneous,synthetic_mixture,flac16k,voice_0056,sdm_fake_0163,6.0,sdxeq_0030,g711_ulaw,source_disjoint_mixed_equal_v1,,,,,,
sdxeq_0030__phonefact_g726_24k,1,0.0,1.0,1,1,mixed,simultaneous,synthetic_mixture,flac16k,voice_0056,sdm_fake_0163,6.0,sdxeq_0030,g726_24k,source_disjoint_mixed_equal_v1,,,,,,
sdxeq_0030__phonefact_opus_nb_8k,1,0.0,1.0,1,1,mixed,simultaneous,synthetic_mixture,flac16k,voice_0056,sdm_fake_0163,6.0,sdxeq_0030,opus_nb_8k,source_disjoint_mixed_equal_v1,,,,,,
sdxeq_0031__phonefact_resample8k,1,0.0,1.0,1,1,mixed,simultaneous,synthetic_mixture,flac16k,voice_0046,sdm_fake_0166,-6.0,sdxeq_0031,resample8k,source_disjoint_mixed_equal_v1,,,,,,
sdxeq_0031__phonefact_g711_ulaw,1,0.0,1.0,1,1,mixed,simultaneous,synthetic_mixture,flac16k,voice_0046,sdm_fake_0166,-6.0,sdxeq_0031,g711_ulaw,source_disjoint_mixed_equal_v1,,,,,,
sdxeq_0031__phonefact_g726_24k,1,0.0,1.0,1,1,mixed,simultaneous,synthetic_mixture,flac16k,voice_0046,sdm_fake_0166,-6.0,sdxeq_0031,g726_24k,source_disjoint_mixed_equal_v1,,,,,,
sdxeq_0031__phonefact_opus_nb_8k,1,0.0,1.0,1,1,mixed,simultaneous,synthetic_mixture,flac16k,voice_0046,sdm_fake_0166,-6.0,sdxeq_0031,opus_nb_8k,source_disjoint_mixed_equal_v1,,,,,,
sdxeq_0032__phonefact_resample8k,1,0.0,1.0,1,1,mixed,simultaneous,synthetic_mixture,flac16k,voice_0091,sdm_fake_0031,0.0,sdxeq_0032,resample8k,source_disjoint_mixed_equal_v1,,,,,,
sdxeq_0032__phonefact_g711_ulaw,1,0.0,1.0,1,1,mixed,simultaneous,synthetic_mixture,flac16k,voice_0091,sdm_fake_0031,0.0,sdxeq_0032,g711_ulaw,source_disjoint_mixed_equal_v1,,,,,,
sdxeq_0032__phonefact_g726_24k,1,0.0,1.0,1,1,mixed,simultaneous,synthetic_mixture,flac16k,voice_0091,sdm_fake_0031,0.0,sdxeq_0032,g726_24k,source_disjoint_mixed_equal_v1,,,,,,
sdxeq_0032__phonefact_opus_nb_8k,1,0.0,1.0,1,1,mixed,simultaneous,synthetic_mixture,flac16k,voice_0091,sdm_fake_0031,0.0,sdxeq_0032,opus_nb_8k,source_disjoint_mixed_equal_v1,,,,,,
sdxeq_0033__phonefact_resample8k,1,0.0,1.0,1,1,mixed,simultaneous,synthetic_mixture,flac16k,voice_0071,sdm_fake_0137,6.0,sdxeq_0033,resample8k,source_disjoint_mixed_equal_v1,,,,,,
sdxeq_0033__phonefact_g711_ulaw,1,0.0,1.0,1,1,mixed,simultaneous,synthetic_mixture,flac16k,voice_0071,sdm_fake_0137,6.0,sdxeq_0033,g711_ulaw,source_disjoint_mixed_equal_v1,,,,,,
sdxeq_0033__phonefact_g726_24k,1,0.0,1.0,1,1,mixed,simultaneous,synthetic_mixture,flac16k,voice_0071,sdm_fake_0137,6.0,sdxeq_0033,g726_24k,source_disjoint_mixed_equal_v1,,,,,,
sdxeq_0033__phonefact_opus_nb_8k,1,0.0,1.0,1,1,mixed,simultaneous,synthetic_mixture,flac16k,voice_0071,sdm_fake_0137,6.0,sdxeq_0033,opus_nb_8k,source_disjoint_mixed_equal_v1,,,,,,
sdxeq_0034__phonefact_resample8k,1,0.0,1.0,1,1,mixed,simultaneous,synthetic_mixture,flac16k,voice_0084,sdm_fake_0018,-6.0,sdxeq_0034,resample8k,source_disjoint_mixed_equal_v1,,,,,,
sdxeq_0034__phonefact_g711_ulaw,1,0.0,1.0,1,1,mixed,simultaneous,synthetic_mixture,flac16k,voice_0084,sdm_fake_0018,-6.0,sdxeq_0034,g711_ulaw,source_disjoint_mixed_equal_v1,,,,,,
sdxeq_0034__phonefact_g726_24k,1,0.0,1.0,1,1,mixed,simultaneous,synthetic_mixture,flac16k,voice_0084,sdm_fake_0018,-6.0,sdxeq_0034,g726_24k,source_disjoint_mixed_equal_v1,,,,,,
sdxeq_0034__phonefact_opus_nb_8k,1,0.0,1.0,1,1,mixed,simultaneous,synthetic_mixture,flac16k,voice_0084,sdm_fake_0018,-6.0,sdxeq_0034,opus_nb_8k,source_disjoint_mixed_equal_v1,,,,,,
sdxeq_0035__phonefact_resample8k,1,0.0,1.0,1,1,mixed,simultaneous,synthetic_mixture,flac16k,voice_0068,sdm_fake_0168,0.0,sdxeq_0035,resample8k,source_disjoint_mixed_equal_v1,,,,,,
sdxeq_0035__phonefact_g711_ulaw,1,0.0,1.0,1,1,mixed,simultaneous,synthetic_mixture,flac16k,voice_0068,sdm_fake_0168,0.0,sdxeq_0035,g711_ulaw,source_disjoint_mixed_equal_v1,,,,,,
sdxeq_0035__phonefact_g726_24k,1,0.0,1.0,1,1,mixed,simultaneous,synthetic_mixture,flac16k,voice_0068,sdm_fake_0168,0.0,sdxeq_0035,g726_24k,source_disjoint_mixed_equal_v1,,,,,,
sdxeq_0035__phonefact_opus_nb_8k,1,0.0,1.0,1,1,mixed,simultaneous,synthetic_mixture,flac16k,voice_0068,sdm_fake_0168,0.0,sdxeq_0035,opus_nb_8k,source_disjoint_mixed_equal_v1,,,,,,
sdxeq_0036__phonefact_resample8k,1,0.0,1.0,1,1,mixed,simultaneous,synthetic_mixture,flac16k,voice_0069,sdm_fake_0104,6.0,sdxeq_0036,resample8k,source_disjoint_mixed_equal_v1,,,,,,
sdxeq_0036__phonefact_g711_ulaw,1,0.0,1.0,1,1,mixed,simultaneous,synthetic_mixture,flac16k,voice_0069,sdm_fake_0104,6.0,sdxeq_0036,g711_ulaw,source_disjoint_mixed_equal_v1,,,,,,
sdxeq_0036__phonefact_g726_24k,1,0.0,1.0,1,1,mixed,simultaneous,synthetic_mixture,flac16k,voice_0069,sdm_fake_0104,6.0,sdxeq_0036,g726_24k,source_disjoint_mixed_equal_v1,,,,,,
sdxeq_0036__phonefact_opus_nb_8k,1,0.0,1.0,1,1,mixed,simultaneous,synthetic_mixture,flac16k,voice_0069,sdm_fake_0104,6.0,sdxeq_0036,opus_nb_8k,source_disjoint_mixed_equal_v1,,,,,,
sdxeq_0037__phonefact_resample8k,1,0.0,1.0,1,1,mixed,simultaneous,synthetic_mixture,flac16k,voice_0045,sdm_fake_0076,-6.0,sdxeq_0037,resample8k,source_disjoint_mixed_equal_v1,,,,,,
sdxeq_0037__phonefact_g711_ulaw,1,0.0,1.0,1,1,mixed,simultaneous,synthetic_mixture,flac16k,voice_0045,sdm_fake_0076,-6.0,sdxeq_0037,g711_ulaw,source_disjoint_mixed_equal_v1,,,,,,
sdxeq_0037__phonefact_g726_24k,1,0.0,1.0,1,1,mixed,simultaneous,synthetic_mixture,flac16k,voice_0045,sdm_fake_0076,-6.0,sdxeq_0037,g726_24k,source_disjoint_mixed_equal_v1,,,,,,
sdxeq_0037__phonefact_opus_nb_8k,1,0.0,1.0,1,1,mixed,simultaneous,synthetic_mixture,flac16k,voice_0045,sdm_fake_0076,-6.0,sdxeq_0037,opus_nb_8k,source_disjoint_mixed_equal_v1,,,,,,
sdxeq_0038__phonefact_resample8k,1,0.0,1.0,1,1,mixed,simultaneous,synthetic_mixture,flac16k,voice_0051,sdm_fake_0170,0.0,sdxeq_0038,resample8k,source_disjoint_mixed_equal_v1,,,,,,
sdxeq_0038__phonefact_g711_ulaw,1,0.0,1.0,1,1,mixed,simultaneous,synthetic_mixture,flac16k,voice_0051,sdm_fake_0170,0.0,sdxeq_0038,g711_ulaw,source_disjoint_mixed_equal_v1,,,,,,
sdxeq_0038__phonefact_g726_24k,1,0.0,1.0,1,1,mixed,simultaneous,synthetic_mixture,flac16k,voice_0051,sdm_fake_0170,0.0,sdxeq_0038,g726_24k,source_disjoint_mixed_equal_v1,,,,,,
sdxeq_0038__phonefact_opus_nb_8k,1,0.0,1.0,1,1,mixed,simultaneous,synthetic_mixture,flac16k,voice_0051,sdm_fake_0170,0.0,sdxeq_0038,opus_nb_8k,source_disjoint_mixed_equal_v1,,,,,,
sdxeq_0039__phonefact_resample8k,1,0.0,1.0,1,1,mixed,simultaneous,synthetic_mixture,flac16k,voice_0059,sdm_fake_0044,6.0,sdxeq_0039,resample8k,source_disjoint_mixed_equal_v1,,,,,,
sdxeq_0039__phonefact_g711_ulaw,1,0.0,1.0,1,1,mixed,simultaneous,synthetic_mixture,flac16k,voice_0059,sdm_fake_0044,6.0,sdxeq_0039,g711_ulaw,source_disjoint_mixed_equal_v1,,,,,,
sdxeq_0039__phonefact_g726_24k,1,0.0,1.0,1,1,mixed,simultaneous,synthetic_mixture,flac16k,voice_0059,sdm_fake_0044,6.0,sdxeq_0039,g726_24k,source_disjoint_mixed_equal_v1,,,,,,
sdxeq_0039__phonefact_opus_nb_8k,1,0.0,1.0,1,1,mixed,simultaneous,synthetic_mixture,flac16k,voice_0059,sdm_fake_0044,6.0,sdxeq_0039,opus_nb_8k,source_disjoint_mixed_equal_v1,,,,,,
sdxeq_0040__phonefact_resample8k,1,0.0,1.0,1,1,mixed,simultaneous,synthetic_mixture,flac16k,voice_0084,sdm_fake_0075,-6.0,sdxeq_0040,resample8k,source_disjoint_mixed_equal_v1,,,,,,
sdxeq_0040__phonefact_g711_ulaw,1,0.0,1.0,1,1,mixed,simultaneous,synthetic_mixture,flac16k,voice_0084,sdm_fake_0075,-6.0,sdxeq_0040,g711_ulaw,source_disjoint_mixed_equal_v1,,,,,,
sdxeq_0040__phonefact_g726_24k,1,0.0,1.0,1,1,mixed,simultaneous,synthetic_mixture,flac16k,voice_0084,sdm_fake_0075,-6.0,sdxeq_0040,g726_24k,source_disjoint_mixed_equal_v1,,,,,,
sdxeq_0040__phonefact_opus_nb_8k,1,0.0,1.0,1,1,mixed,simultaneous,synthetic_mixture,flac16k,voice_0084,sdm_fake_0075,-6.0,sdxeq_0040,opus_nb_8k,source_disjoint_mixed_equal_v1,,,,,,
sdxeq_0041__phonefact_resample8k,1,0.0,1.0,1,1,mixed,simultaneous,synthetic_mixture,flac16k,voice_0034,sdm_fake_0084,0.0,sdxeq_0041,resample8k,source_disjoint_mixed_equal_v1,,,,,,
sdxeq_0041__phonefact_g711_ulaw,1,0.0,1.0,1,1,mixed,simultaneous,synthetic_mixture,flac16k,voice_0034,sdm_fake_0084,0.0,sdxeq_0041,g711_ulaw,source_disjoint_mixed_equal_v1,,,,,,
sdxeq_0041__phonefact_g726_24k,1,0.0,1.0,1,1,mixed,simultaneous,synthetic_mixture,flac16k,voice_0034,sdm_fake_0084,0.0,sdxeq_0041,g726_24k,source_disjoint_mixed_equal_v1,,,,,,
sdxeq_0041__phonefact_opus_nb_8k,1,0.0,1.0,1,1,mixed,simultaneous,synthetic_mixture,flac16k,voice_0034,sdm_fake_0084,0.0,sdxeq_0041,opus_nb_8k,source_disjoint_mixed_equal_v1,,,,,,
sdxeq_0042__phonefact_resample8k,1,0.0,1.0,1,1,mixed,simultaneous,synthetic_mixture,flac16k,voice_0070,sdm_fake_0085,6.0,sdxeq_0042,resample8k,source_disjoint_mixed_equal_v1,,,,,,
sdxeq_0042__phonefact_g711_ulaw,1,0.0,1.0,1,1,mixed,simultaneous,synthetic_mixture,flac16k,voice_0070,sdm_fake_0085,6.0,sdxeq_0042,g711_ulaw,source_disjoint_mixed_equal_v1,,,,,,
sdxeq_0042__phonefact_g726_24k,1,0.0,1.0,1,1,mixed,simultaneous,synthetic_mixture,flac16k,voice_0070,sdm_fake_0085,6.0,sdxeq_0042,g726_24k,source_disjoint_mixed_equal_v1,,,,,,
sdxeq_0042__phonefact_opus_nb_8k,1,0.0,1.0,1,1,mixed,simultaneous,synthetic_mixture,flac16k,voice_0070,sdm_fake_0085,6.0,sdxeq_0042,opus_nb_8k,source_disjoint_mixed_equal_v1,,,,,,
sdxeq_0043__phonefact_resample8k,1,0.0,1.0,1,1,mixed,simultaneous,synthetic_mixture,flac16k,voice_0024,sdm_fake_0135,-6.0,sdxeq_0043,resample8k,source_disjoint_mixed_equal_v1,,,,,,
sdxeq_0043__phonefact_g711_ulaw,1,0.0,1.0,1,1,mixed,simultaneous,synthetic_mixture,flac16k,voice_0024,sdm_fake_0135,-6.0,sdxeq_0043,g711_ulaw,source_disjoint_mixed_equal_v1,,,,,,
sdxeq_0043__phonefact_g726_24k,1,0.0,1.0,1,1,mixed,simultaneous,synthetic_mixture,flac16k,voice_0024,sdm_fake_0135,-6.0,sdxeq_0043,g726_24k,source_disjoint_mixed_equal_v1,,,,,,
sdxeq_0043__phonefact_opus_nb_8k,1,0.0,1.0,1,1,mixed,simultaneous,synthetic_mixture,flac16k,voice_0024,sdm_fake_0135,-6.0,sdxeq_0043,opus_nb_8k,source_disjoint_mixed_equal_v1,,,,,,
sdxeq_0044__phonefact_resample8k,1,0.0,1.0,1,1,mixed,simultaneous,synthetic_mixture,flac16k,voice_0016,sdm_fake_0116,0.0,sdxeq_0044,resample8k,source_disjoint_mixed_equal_v1,,,,,,
sdxeq_0044__phonefact_g711_ulaw,1,0.0,1.0,1,1,mixed,simultaneous,synthetic_mixture,flac16k,voice_0016,sdm_fake_0116,0.0,sdxeq_0044,g711_ulaw,source_disjoint_mixed_equal_v1,,,,,,
sdxeq_0044__phonefact_g726_24k,1,0.0,1.0,1,1,mixed,simultaneous,synthetic_mixture,flac16k,voice_0016,sdm_fake_0116,0.0,sdxeq_0044,g726_24k,source_disjoint_mixed_equal_v1,,,,,,
sdxeq_0044__phonefact_opus_nb_8k,1,0.0,1.0,1,1,mixed,simultaneous,synthetic_mixture,flac16k,voice_0016,sdm_fake_0116,0.0,sdxeq_0044,opus_nb_8k,source_disjoint_mixed_equal_v1,,,,,,
sdxeq_0045__phonefact_resample8k,1,0.0,1.0,1,1,mixed,simultaneous,synthetic_mixture,flac16k,voice_0000,sdm_fake_0126,6.0,sdxeq_0045,resample8k,source_disjoint_mixed_equal_v1,,,,,,
sdxeq_0045__phonefact_g711_ulaw,1,0.0,1.0,1,1,mixed,simultaneous,synthetic_mixture,flac16k,voice_0000,sdm_fake_0126,6.0,sdxeq_0045,g711_ulaw,source_disjoint_mixed_equal_v1,,,,,,
sdxeq_0045__phonefact_g726_24k,1,0.0,1.0,1,1,mixed,simultaneous,synthetic_mixture,flac16k,voice_0000,sdm_fake_0126,6.0,sdxeq_0045,g726_24k,source_disjoint_mixed_equal_v1,,,,,,
sdxeq_0045__phonefact_opus_nb_8k,1,0.0,1.0,1,1,mixed,simultaneous,synthetic_mixture,flac16k,voice_0000,sdm_fake_0126,6.0,sdxeq_0045,opus_nb_8k,source_disjoint_mixed_equal_v1,,,,,,
sdxeq_0046__phonefact_resample8k,1,0.0,1.0,1,1,mixed,simultaneous,synthetic_mixture,flac16k,voice_0055,sdm_fake_0041,-6.0,sdxeq_0046,resample8k,source_disjoint_mixed_equal_v1,,,,,,
sdxeq_0046__phonefact_g711_ulaw,1,0.0,1.0,1,1,mixed,simultaneous,synthetic_mixture,flac16k,voice_0055,sdm_fake_0041,-6.0,sdxeq_0046,g711_ulaw,source_disjoint_mixed_equal_v1,,,,,,
sdxeq_0046__phonefact_g726_24k,1,0.0,1.0,1,1,mixed,simultaneous,synthetic_mixture,flac16k,voice_0055,sdm_fake_0041,-6.0,sdxeq_0046,g726_24k,source_disjoint_mixed_equal_v1,,,,,,
sdxeq_0046__phonefact_opus_nb_8k,1,0.0,1.0,1,1,mixed,simultaneous,synthetic_mixture,flac16k,voice_0055,sdm_fake_0041,-6.0,sdxeq_0046,opus_nb_8k,source_disjoint_mixed_equal_v1,,,,,,
sdxeq_0047__phonefact_resample8k,1,0.0,1.0,1,1,mixed,simultaneous,synthetic_mixture,flac16k,voice_0049,sdm_fake_0073,0.0,sdxeq_0047,resample8k,source_disjoint_mixed_equal_v1,,,,,,
sdxeq_0047__phonefact_g711_ulaw,1,0.0,1.0,1,1,mixed,simultaneous,synthetic_mixture,flac16k,voice_0049,sdm_fake_0073,0.0,sdxeq_0047,g711_ulaw,source_disjoint_mixed_equal_v1,,,,,,
sdxeq_0047__phonefact_g726_24k,1,0.0,1.0,1,1,mixed,simultaneous,synthetic_mixture,flac16k,voice_0049,sdm_fake_0073,0.0,sdxeq_0047,g726_24k,source_disjoint_mixed_equal_v1,,,,,,
sdxeq_0047__phonefact_opus_nb_8k,1,0.0,1.0,1,1,mixed,simultaneous,synthetic_mixture,flac16k,voice_0049,sdm_fake_0073,0.0,sdxeq_0047,opus_nb_8k,source_disjoint_mixed_equal_v1,,,,,,
sdxeq_0048__phonefact_resample8k,1,0.0,1.0,1,1,mixed,simultaneous,synthetic_mixture,flac16k,voice_0009,sdm_fake_0114,6.0,sdxeq_0048,resample8k,source_disjoint_mixed_equal_v1,,,,,,
sdxeq_0048__phonefact_g711_ulaw,1,0.0,1.0,1,1,mixed,simultaneous,synthetic_mixture,flac16k,voice_0009,sdm_fake_0114,6.0,sdxeq_0048,g711_ulaw,source_disjoint_mixed_equal_v1,,,,,,
sdxeq_0048__phonefact_g726_24k,1,0.0,1.0,1,1,mixed,simultaneous,synthetic_mixture,flac16k,voice_0009,sdm_fake_0114,6.0,sdxeq_0048,g726_24k,source_disjoint_mixed_equal_v1,,,,,,
sdxeq_0048__phonefact_opus_nb_8k,1,0.0,1.0,1,1,mixed,simultaneous,synthetic_mixture,flac16k,voice_0009,sdm_fake_0114,6.0,sdxeq_0048,opus_nb_8k,source_disjoint_mixed_equal_v1,,,,,,
sdxeq_0049__phonefact_resample8k,1,0.0,1.0,1,1,mixed,simultaneous,synthetic_mixture,flac16k,voice_0028,sdm_fake_0021,-6.0,sdxeq_0049,resample8k,source_disjoint_mixed_equal_v1,,,,,,
sdxeq_0049__phonefact_g711_ulaw,1,0.0,1.0,1,1,mixed,simultaneous,synthetic_mixture,flac16k,voice_0028,sdm_fake_0021,-6.0,sdxeq_0049,g711_ulaw,source_disjoint_mixed_equal_v1,,,,,,
sdxeq_0049__phonefact_g726_24k,1,0.0,1.0,1,1,mixed,simultaneous,synthetic_mixture,flac16k,voice_0028,sdm_fake_0021,-6.0,sdxeq_0049,g726_24k,source_disjoint_mixed_equal_v1,,,,,,
sdxeq_0049__phonefact_opus_nb_8k,1,0.0,1.0,1,1,mixed,simultaneous,synthetic_mixture,flac16k,voice_0028,sdm_fake_0021,-6.0,sdxeq_0049,opus_nb_8k,source_disjoint_mixed_equal_v1,,,,,,
sdxeq_0050__phonefact_resample8k,1,1.0,0.0,1,1,mixed,simultaneous,synthetic_mixture,flac16k,voice_0192,sdm_real_0194,-6.0,sdxeq_0050,resample8k,source_disjoint_mixed_equal_v1,,,,,,
sdxeq_0050__phonefact_g711_ulaw,1,1.0,0.0,1,1,mixed,simultaneous,synthetic_mixture,flac16k,voice_0192,sdm_real_0194,-6.0,sdxeq_0050,g711_ulaw,source_disjoint_mixed_equal_v1,,,,,,
sdxeq_0050__phonefact_g726_24k,1,1.0,0.0,1,1,mixed,simultaneous,synthetic_mixture,flac16k,voice_0192,sdm_real_0194,-6.0,sdxeq_0050,g726_24k,source_disjoint_mixed_equal_v1,,,,,,
sdxeq_0050__phonefact_opus_nb_8k,1,1.0,0.0,1,1,mixed,simultaneous,synthetic_mixture,flac16k,voice_0192,sdm_real_0194,-6.0,sdxeq_0050,opus_nb_8k,source_disjoint_mixed_equal_v1,,,,,,
sdxeq_0051__phonefact_resample8k,1,1.0,0.0,1,1,mixed,simultaneous,synthetic_mixture,flac16k,voice_0175,sdm_real_0032,0.0,sdxeq_0051,resample8k,source_disjoint_mixed_equal_v1,,,,,,
sdxeq_0051__phonefact_g711_ulaw,1,1.0,0.0,1,1,mixed,simultaneous,synthetic_mixture,flac16k,voice_0175,sdm_real_0032,0.0,sdxeq_0051,g711_ulaw,source_disjoint_mixed_equal_v1,,,,,,
sdxeq_0051__phonefact_g726_24k,1,1.0,0.0,1,1,mixed,simultaneous,synthetic_mixture,flac16k,voice_0175,sdm_real_0032,0.0,sdxeq_0051,g726_24k,source_disjoint_mixed_equal_v1,,,,,,
sdxeq_0051__phonefact_opus_nb_8k,1,1.0,0.0,1,1,mixed,simultaneous,synthetic_mixture,flac16k,voice_0175,sdm_real_0032,0.0,sdxeq_0051,opus_nb_8k,source_disjoint_mixed_equal_v1,,,,,,
sdxeq_0052__phonefact_resample8k,1,1.0,0.0,1,1,mixed,simultaneous,synthetic_mixture,flac16k,voice_0198,sdm_real_0146,6.0,sdxeq_0052,resample8k,source_disjoint_mixed_equal_v1,,,,,,
sdxeq_0052__phonefact_g711_ulaw,1,1.0,0.0,1,1,mixed,simultaneous,synthetic_mixture,flac16k,voice_0198,sdm_real_0146,6.0,sdxeq_0052,g711_ulaw,source_disjoint_mixed_equal_v1,,,,,,
sdxeq_0052__phonefact_g726_24k,1,1.0,0.0,1,1,mixed,simultaneous,synthetic_mixture,flac16k,voice_0198,sdm_real_0146,6.0,sdxeq_0052,g726_24k,source_disjoint_mixed_equal_v1,,,,,,
sdxeq_0052__phonefact_opus_nb_8k,1,1.0,0.0,1,1,mixed,simultaneous,synthetic_mixture,flac16k,voice_0198,sdm_real_0146,6.0,sdxeq_0052,opus_nb_8k,source_disjoint_mixed_equal_v1,,,,,,
sdxeq_0053__phonefact_resample8k,1,1.0,0.0,1,1,mixed,simultaneous,synthetic_mixture,flac16k,voice_0153,sdm_real_0062,-6.0,sdxeq_0053,resample8k,source_disjoint_mixed_equal_v1,,,,,,
sdxeq_0053__phonefact_g711_ulaw,1,1.0,0.0,1,1,mixed,simultaneous,synthetic_mixture,flac16k,voice_0153,sdm_real_0062,-6.0,sdxeq_0053,g711_ulaw,source_disjoint_mixed_equal_v1,,,,,,
sdxeq_0053__phonefact_g726_24k,1,1.0,0.0,1,1,mixed,simultaneous,synthetic_mixture,flac16k,voice_0153,sdm_real_0062,-6.0,sdxeq_0053,g726_24k,source_disjoint_mixed_equal_v1,,,,,,
sdxeq_0053__phonefact_opus_nb_8k,1,1.0,0.0,1,1,mixed,simultaneous,synthetic_mixture,flac16k,voice_0153,sdm_real_0062,-6.0,sdxeq_0053,opus_nb_8k,source_disjoint_mixed_equal_v1,,,,,,
sdxeq_0054__phonefact_resample8k,1,1.0,0.0,1,1,mixed,simultaneous,synthetic_mixture,flac16k,voice_0148,sdm_real_0066,0.0,sdxeq_0054,resample8k,source_disjoint_mixed_equal_v1,,,,,,
sdxeq_0054__phonefact_g711_ulaw,1,1.0,0.0,1,1,mixed,simultaneous,synthetic_mixture,flac16k,voice_0148,sdm_real_0066,0.0,sdxeq_0054,g711_ulaw,source_disjoint_mixed_equal_v1,,,,,,
sdxeq_0054__phonefact_g726_24k,1,1.0,0.0,1,1,mixed,simultaneous,synthetic_mixture,flac16k,voice_0148,sdm_real_0066,0.0,sdxeq_0054,g726_24k,source_disjoint_mixed_equal_v1,,,,,,
sdxeq_0054__phonefact_opus_nb_8k,1,1.0,0.0,1,1,mixed,simultaneous,synthetic_mixture,flac16k,voice_0148,sdm_real_0066,0.0,sdxeq_0054,opus_nb_8k,source_disjoint_mixed_equal_v1,,,,,,
sdxeq_0055__phonefact_resample8k,1,1.0,0.0,1,1,mixed,simultaneous,synthetic_mixture,flac16k,voice_0162,sdm_real_0077,6.0,sdxeq_0055,resample8k,source_disjoint_mixed_equal_v1,,,,,,
sdxeq_0055__phonefact_g711_ulaw,1,1.0,0.0,1,1,mixed,simultaneous,synthetic_mixture,flac16k,voice_0162,sdm_real_0077,6.0,sdxeq_0055,g711_ulaw,source_disjoint_mixed_equal_v1,,,,,,
sdxeq_0055__phonefact_g726_24k,1,1.0,0.0,1,1,mixed,simultaneous,synthetic_mixture,flac16k,voice_0162,sdm_real_0077,6.0,sdxeq_0055,g726_24k,source_disjoint_mixed_equal_v1,,,,,,
sdxeq_0055__phonefact_opus_nb_8k,1,1.0,0.0,1,1,mixed,simultaneous,synthetic_mixture,flac16k,voice_0162,sdm_real_0077,6.0,sdxeq_0055,opus_nb_8k,source_disjoint_mixed_equal_v1,,,,,,
sdxeq_0056__phonefact_resample8k,1,1.0,0.0,1,1,mixed,simultaneous,synthetic_mixture,flac16k,voice_0196,sdm_real_0066,-6.0,sdxeq_0056,resample8k,source_disjoint_mixed_equal_v1,,,,,,
sdxeq_0056__phonefact_g711_ulaw,1,1.0,0.0,1,1,mixed,simultaneous,synthetic_mixture,flac16k,voice_0196,sdm_real_0066,-6.0,sdxeq_0056,g711_ulaw,source_disjoint_mixed_equal_v1,,,,,,
sdxeq_0056__phonefact_g726_24k,1,1.0,0.0,1,1,mixed,simultaneous,synthetic_mixture,flac16k,voice_0196,sdm_real_0066,-6.0,sdxeq_0056,g726_24k,source_disjoint_mixed_equal_v1,,,,,,
sdxeq_0056__phonefact_opus_nb_8k,1,1.0,0.0,1,1,mixed,simultaneous,synthetic_mixture,flac16k,voice_0196,sdm_real_0066,-6.0,sdxeq_0056,opus_nb_8k,source_disjoint_mixed_equal_v1,,,,,,
sdxeq_0057__phonefact_resample8k,1,1.0,0.0,1,1,mixed,simultaneous,synthetic_mixture,flac16k,voice_0137,sdm_real_0123,0.0,sdxeq_0057,resample8k,source_disjoint_mixed_equal_v1,,,,,,
sdxeq_0057__phonefact_g711_ulaw,1,1.0,0.0,1,1,mixed,simultaneous,synthetic_mixture,flac16k,voice_0137,sdm_real_0123,0.0,sdxeq_0057,g711_ulaw,source_disjoint_mixed_equal_v1,,,,,,
sdxeq_0057__phonefact_g726_24k,1,1.0,0.0,1,1,mixed,simultaneous,synthetic_mixture,flac16k,voice_0137,sdm_real_0123,0.0,sdxeq_0057,g726_24k,source_disjoint_mixed_equal_v1,,,,,,
sdxeq_0057__phonefact_opus_nb_8k,1,1.0,0.0,1,1,mixed,simultaneous,synthetic_mixture,flac16k,voice_0137,sdm_real_0123,0.0,sdxeq_0057,opus_nb_8k,source_disjoint_mixed_equal_v1,,,,,,
sdxeq_0058__phonefact_resample8k,1,1.0,0.0,1,1,mixed,simultaneous,synthetic_mixture,flac16k,voice_0105,sdm_real_0058,6.0,sdxeq_0058,resample8k,source_disjoint_mixed_equal_v1,,,,,,
sdxeq_0058__phonefact_g711_ulaw,1,1.0,0.0,1,1,mixed,simultaneous,synthetic_mixture,flac16k,voice_0105,sdm_real_0058,6.0,sdxeq_0058,g711_ulaw,source_disjoint_mixed_equal_v1,,,,,,
sdxeq_0058__phonefact_g726_24k,1,1.0,0.0,1,1,mixed,simultaneous,synthetic_mixture,flac16k,voice_0105,sdm_real_0058,6.0,sdxeq_0058,g726_24k,source_disjoint_mixed_equal_v1,,,,,,
sdxeq_0058__phonefact_opus_nb_8k,1,1.0,0.0,1,1,mixed,simultaneous,synthetic_mixture,flac16k,voice_0105,sdm_real_0058,6.0,sdxeq_0058,opus_nb_8k,source_disjoint_mixed_equal_v1,,,,,,
sdxeq_0059__phonefact_resample8k,1,1.0,0.0,1,1,mixed,simultaneous,synthetic_mixture,flac16k,voice_0141,sdm_real_0129,-6.0,sdxeq_0059,resample8k,source_disjoint_mixed_equal_v1,,,,,,
sdxeq_0059__phonefact_g711_ulaw,1,1.0,0.0,1,1,mixed,simultaneous,synthetic_mixture,flac16k,voice_0141,sdm_real_0129,-6.0,sdxeq_0059,g711_ulaw,source_disjoint_mixed_equal_v1,,,,,,
sdxeq_0059__phonefact_g726_24k,1,1.0,0.0,1,1,mixed,simultaneous,synthetic_mixture,flac16k,voice_0141,sdm_real_0129,-6.0,sdxeq_0059,g726_24k,source_disjoint_mixed_equal_v1,,,,,,
sdxeq_0059__phonefact_opus_nb_8k,1,1.0,0.0,1,1,mixed,simultaneous,synthetic_mixture,flac16k,voice_0141,sdm_real_0129,-6.0,sdxeq_0059,opus_nb_8k,source_disjoint_mixed_equal_v1,,,,,,
sdxeq_0060__phonefact_resample8k,1,1.0,0.0,1,1,mixed,simultaneous,synthetic_mixture,flac16k,voice_0177,sdm_real_0023,0.0,sdxeq_0060,resample8k,source_disjoint_mixed_equal_v1,,,,,,
sdxeq_0060__phonefact_g711_ulaw,1,1.0,0.0,1,1,mixed,simultaneous,synthetic_mixture,flac16k,voice_0177,sdm_real_0023,0.0,sdxeq_0060,g711_ulaw,source_disjoint_mixed_equal_v1,,,,,,
sdxeq_0060__phonefact_g726_24k,1,1.0,0.0,1,1,mixed,simultaneous,synthetic_mixture,flac16k,voice_0177,sdm_real_0023,0.0,sdxeq_0060,g726_24k,source_disjoint_mixed_equal_v1,,,,,,
sdxeq_0060__phonefact_opus_nb_8k,1,1.0,0.0,1,1,mixed,simultaneous,synthetic_mixture,flac16k,voice_0177,sdm_real_0023,0.0,sdxeq_0060,opus_nb_8k,source_disjoint_mixed_equal_v1,,,,,,
sdxeq_0061__phonefact_resample8k,1,1.0,0.0,1,1,mixed,simultaneous,synthetic_mixture,flac16k,voice_0142,sdm_real_0025,6.0,sdxeq_0061,resample8k,source_disjoint_mixed_equal_v1,,,,,,
sdxeq_0061__phonefact_g711_ulaw,1,1.0,0.0,1,1,mixed,simultaneous,synthetic_mixture,flac16k,voice_0142,sdm_real_0025,6.0,sdxeq_0061,g711_ulaw,source_disjoint_mixed_equal_v1,,,,,,
sdxeq_0061__phonefact_g726_24k,1,1.0,0.0,1,1,mixed,simultaneous,synthetic_mixture,flac16k,voice_0142,sdm_real_0025,6.0,sdxeq_0061,g726_24k,source_disjoint_mixed_equal_v1,,,,,,
sdxeq_0061__phonefact_opus_nb_8k,1,1.0,0.0,1,1,mixed,simultaneous,synthetic_mixture,flac16k,voice_0142,sdm_real_0025,6.0,sdxeq_0061,opus_nb_8k,source_disjoint_mixed_equal_v1,,,,,,
sdxeq_0062__phonefact_resample8k,1,1.0,0.0,1,1,mixed,simultaneous,synthetic_mixture,flac16k,voice_0171,sdm_real_0137,-6.0,sdxeq_0062,resample8k,source_disjoint_mixed_equal_v1,,,,,,
sdxeq_0062__phonefact_g711_ulaw,1,1.0,0.0,1,1,mixed,simultaneous,synthetic_mixture,flac16k,voice_0171,sdm_real_0137,-6.0,sdxeq_0062,g711_ulaw,source_disjoint_mixed_equal_v1,,,,,,
sdxeq_0062__phonefact_g726_24k,1,1.0,0.0,1,1,mixed,simultaneous,synthetic_mixture,flac16k,voice_0171,sdm_real_0137,-6.0,sdxeq_0062,g726_24k,source_disjoint_mixed_equal_v1,,,,,,
sdxeq_0062__phonefact_opus_nb_8k,1,1.0,0.0,1,1,mixed,simultaneous,synthetic_mixture,flac16k,voice_0171,sdm_real_0137,-6.0,sdxeq_0062,opus_nb_8k,source_disjoint_mixed_equal_v1,,,,,,
sdxeq_0063__phonefact_resample8k,1,1.0,0.0,1,1,mixed,simultaneous,synthetic_mixture,flac16k,voice_0153,sdm_real_0148,0.0,sdxeq_0063,resample8k,source_disjoint_mixed_equal_v1,,,,,,
sdxeq_0063__phonefact_g711_ulaw,1,1.0,0.0,1,1,mixed,simultaneous,synthetic_mixture,flac16k,voice_0153,sdm_real_0148,0.0,sdxeq_0063,g711_ulaw,source_disjoint_mixed_equal_v1,,,,,,
sdxeq_0063__phonefact_g726_24k,1,1.0,0.0,1,1,mixed,simultaneous,synthetic_mixture,flac16k,voice_0153,sdm_real_0148,0.0,sdxeq_0063,g726_24k,source_disjoint_mixed_equal_v1,,,,,,
sdxeq_0063__phonefact_opus_nb_8k,1,1.0,0.0,1,1,mixed,simultaneous,synthetic_mixture,flac16k,voice_0153,sdm_real_0148,0.0,sdxeq_0063,opus_nb_8k,source_disjoint_mixed_equal_v1,,,,,,
sdxeq_0064__phonefact_resample8k,1,1.0,0.0,1,1,mixed,simultaneous,synthetic_mixture,flac16k,voice_0107,sdm_real_0173,6.0,sdxeq_0064,resample8k,source_disjoint_mixed_equal_v1,,,,,,
sdxeq_0064__phonefact_g711_ulaw,1,1.0,0.0,1,1,mixed,simultaneous,synthetic_mixture,flac16k,voice_0107,sdm_real_0173,6.0,sdxeq_0064,g711_ulaw,source_disjoint_mixed_equal_v1,,,,,,
sdxeq_0064__phonefact_g726_24k,1,1.0,0.0,1,1,mixed,simultaneous,synthetic_mixture,flac16k,voice_0107,sdm_real_0173,6.0,sdxeq_0064,g726_24k,source_disjoint_mixed_equal_v1,,,,,,
sdxeq_0064__phonefact_opus_nb_8k,1,1.0,0.0,1,1,mixed,simultaneous,synthetic_mixture,flac16k,voice_0107,sdm_real_0173,6.0,sdxeq_0064,opus_nb_8k,source_disjoint_mixed_equal_v1,,,,,,
sdxeq_0065__phonefact_resample8k,1,1.0,0.0,1,1,mixed,simultaneous,synthetic_mixture,flac16k,voice_0111,sdm_real_0056,-6.0,sdxeq_0065,resample8k,source_disjoint_mixed_equal_v1,,,,,,
sdxeq_0065__phonefact_g711_ulaw,1,1.0,0.0,1,1,mixed,simultaneous,synthetic_mixture,flac16k,voice_0111,sdm_real_0056,-6.0,sdxeq_0065,g711_ulaw,source_disjoint_mixed_equal_v1,,,,,,
sdxeq_0065__phonefact_g726_24k,1,1.0,0.0,1,1,mixed,simultaneous,synthetic_mixture,flac16k,voice_0111,sdm_real_0056,-6.0,sdxeq_0065,g726_24k,source_disjoint_mixed_equal_v1,,,,,,
sdxeq_0065__phonefact_opus_nb_8k,1,1.0,0.0,1,1,mixed,simultaneous,synthetic_mixture,flac16k,voice_0111,sdm_real_0056,-6.0,sdxeq_0065,opus_nb_8k,source_disjoint_mixed_equal_v1,,,,,,
sdxeq_0066__phonefact_resample8k,1,1.0,0.0,1,1,mixed,simultaneous,synthetic_mixture,flac16k,voice_0175,sdm_real_0074,0.0,sdxeq_0066,resample8k,source_disjoint_mixed_equal_v1,,,,,,
sdxeq_0066__phonefact_g711_ulaw,1,1.0,0.0,1,1,mixed,simultaneous,synthetic_mixture,flac16k,voice_0175,sdm_real_0074,0.0,sdxeq_0066,g711_ulaw,source_disjoint_mixed_equal_v1,,,,,,
sdxeq_0066__phonefact_g726_24k,1,1.0,0.0,1,1,mixed,simultaneous,synthetic_mixture,flac16k,voice_0175,sdm_real_0074,0.0,sdxeq_0066,g726_24k,source_disjoint_mixed_equal_v1,,,,,,
sdxeq_0066__phonefact_opus_nb_8k,1,1.0,0.0,1,1,mixed,simultaneous,synthetic_mixture,flac16k,voice_0175,sdm_real_0074,0.0,sdxeq_0066,opus_nb_8k,source_disjoint_mixed_equal_v1,,,,,,
sdxeq_0067__phonefact_resample8k,1,1.0,0.0,1,1,mixed,simultaneous,synthetic_mixture,flac16k,voice_0129,sdm_real_0068,6.0,sdxeq_0067,resample8k,source_disjoint_mixed_equal_v1,,,,,,
sdxeq_0067__phonefact_g711_ulaw,1,1.0,0.0,1,1,mixed,simultaneous,synthetic_mixture,flac16k,voice_0129,sdm_real_0068,6.0,sdxeq_0067,g711_ulaw,source_disjoint_mixed_equal_v1,,,,,,
sdxeq_0067__phonefact_g726_24k,1,1.0,0.0,1,1,mixed,simultaneous,synthetic_mixture,flac16k,voice_0129,sdm_real_0068,6.0,sdxeq_0067,g726_24k,source_disjoint_mixed_equal_v1,,,,,,
sdxeq_0067__phonefact_opus_nb_8k,1,1.0,0.0,1,1,mixed,simultaneous,synthetic_mixture,flac16k,voice_0129,sdm_real_0068,6.0,sdxeq_0067,opus_nb_8k,source_disjoint_mixed_equal_v1,,,,,,
sdxeq_0068__phonefact_resample8k,1,1.0,0.0,1,1,mixed,simultaneous,synthetic_mixture,flac16k,voice_0182,sdm_real_0122,-6.0,sdxeq_0068,resample8k,source_disjoint_mixed_equal_v1,,,,,,
sdxeq_0068__phonefact_g711_ulaw,1,1.0,0.0,1,1,mixed,simultaneous,synthetic_mixture,flac16k,voice_0182,sdm_real_0122,-6.0,sdxeq_0068,g711_ulaw,source_disjoint_mixed_equal_v1,,,,,,
sdxeq_0068__phonefact_g726_24k,1,1.0,0.0,1,1,mixed,simultaneous,synthetic_mixture,flac16k,voice_0182,sdm_real_0122,-6.0,sdxeq_0068,g726_24k,source_disjoint_mixed_equal_v1,,,,,,
sdxeq_0068__phonefact_opus_nb_8k,1,1.0,0.0,1,1,mixed,simultaneous,synthetic_mixture,flac16k,voice_0182,sdm_real_0122,-6.0,sdxeq_0068,opus_nb_8k,source_disjoint_mixed_equal_v1,,,,,,
sdxeq_0069__phonefact_resample8k,1,1.0,0.0,1,1,mixed,simultaneous,synthetic_mixture,flac16k,voice_0150,sdm_real_0012,0.0,sdxeq_0069,resample8k,source_disjoint_mixed_equal_v1,,,,,,
sdxeq_0069__phonefact_g711_ulaw,1,1.0,0.0,1,1,mixed,simultaneous,synthetic_mixture,flac16k,voice_0150,sdm_real_0012,0.0,sdxeq_0069,g711_ulaw,source_disjoint_mixed_equal_v1,,,,,,
sdxeq_0069__phonefact_g726_24k,1,1.0,0.0,1,1,mixed,simultaneous,synthetic_mixture,flac16k,voice_0150,sdm_real_0012,0.0,sdxeq_0069,g726_24k,source_disjoint_mixed_equal_v1,,,,,,
sdxeq_0069__phonefact_opus_nb_8k,1,1.0,0.0,1,1,mixed,simultaneous,synthetic_mixture,flac16k,voice_0150,sdm_real_0012,0.0,sdxeq_0069,opus_nb_8k,source_disjoint_mixed_equal_v1,,,,,,
sdxeq_0070__phonefact_resample8k,1,1.0,0.0,1,1,mixed,simultaneous,synthetic_mixture,flac16k,voice_0116,sdm_real_0187,6.0,sdxeq_0070,resample8k,source_disjoint_mixed_equal_v1,,,,,,
sdxeq_0070__phonefact_g711_ulaw,1,1.0,0.0,1,1,mixed,simultaneous,synthetic_mixture,flac16k,voice_0116,sdm_real_0187,6.0,sdxeq_0070,g711_ulaw,source_disjoint_mixed_equal_v1,,,,,,
sdxeq_0070__phonefact_g726_24k,1,1.0,0.0,1,1,mixed,simultaneous,synthetic_mixture,flac16k,voice_0116,sdm_real_0187,6.0,sdxeq_0070,g726_24k,source_disjoint_mixed_equal_v1,,,,,,
sdxeq_0070__phonefact_opus_nb_8k,1,1.0,0.0,1,1,mixed,simultaneous,synthetic_mixture,flac16k,voice_0116,sdm_real_0187,6.0,sdxeq_0070,opus_nb_8k,source_disjoint_mixed_equal_v1,,,,,,
sdxeq_0071__phonefact_resample8k,1,1.0,0.0,1,1,mixed,simultaneous,synthetic_mixture,flac16k,voice_0113,sdm_real_0152,-6.0,sdxeq_0071,resample8k,source_disjoint_mixed_equal_v1,,,,,,
sdxeq_0071__phonefact_g711_ulaw,1,1.0,0.0,1,1,mixed,simultaneous,synthetic_mixture,flac16k,voice_0113,sdm_real_0152,-6.0,sdxeq_0071,g711_ulaw,source_disjoint_mixed_equal_v1,,,,,,
sdxeq_0071__phonefact_g726_24k,1,1.0,0.0,1,1,mixed,simultaneous,synthetic_mixture,flac16k,voice_0113,sdm_real_0152,-6.0,sdxeq_0071,g726_24k,source_disjoint_mixed_equal_v1,,,,,,
sdxeq_0071__phonefact_opus_nb_8k,1,1.0,0.0,1,1,mixed,simultaneous,synthetic_mixture,flac16k,voice_0113,sdm_real_0152,-6.0,sdxeq_0071,opus_nb_8k,source_disjoint_mixed_equal_v1,,,,,,
sdxeq_0072__phonefact_resample8k,1,1.0,0.0,1,1,mixed,simultaneous,synthetic_mixture,flac16k,voice_0128,sdm_real_0111,0.0,sdxeq_0072,resample8k,source_disjoint_mixed_equal_v1,,,,,,
sdxeq_0072__phonefact_g711_ulaw,1,1.0,0.0,1,1,mixed,simultaneous,synthetic_mixture,flac16k,voice_0128,sdm_real_0111,0.0,sdxeq_0072,g711_ulaw,source_disjoint_mixed_equal_v1,,,,,,
sdxeq_0072__phonefact_g726_24k,1,1.0,0.0,1,1,mixed,simultaneous,synthetic_mixture,flac16k,voice_0128,sdm_real_0111,0.0,sdxeq_0072,g726_24k,source_disjoint_mixed_equal_v1,,,,,,
sdxeq_0072__phonefact_opus_nb_8k,1,1.0,0.0,1,1,mixed,simultaneous,synthetic_mixture,flac16k,voice_0128,sdm_real_0111,0.0,sdxeq_0072,opus_nb_8k,source_disjoint_mixed_equal_v1,,,,,,
sdxeq_0073__phonefact_resample8k,1,1.0,0.0,1,1,mixed,simultaneous,synthetic_mixture,flac16k,voice_0114,sdm_real_0066,6.0,sdxeq_0073,resample8k,source_disjoint_mixed_equal_v1,,,,,,
sdxeq_0073__phonefact_g711_ulaw,1,1.0,0.0,1,1,mixed,simultaneous,synthetic_mixture,flac16k,voice_0114,sdm_real_0066,6.0,sdxeq_0073,g711_ulaw,source_disjoint_mixed_equal_v1,,,,,,
sdxeq_0073__phonefact_g726_24k,1,1.0,0.0,1,1,mixed,simultaneous,synthetic_mixture,flac16k,voice_0114,sdm_real_0066,6.0,sdxeq_0073,g726_24k,source_disjoint_mixed_equal_v1,,,,,,
sdxeq_0073__phonefact_opus_nb_8k,1,1.0,0.0,1,1,mixed,simultaneous,synthetic_mixture,flac16k,voice_0114,sdm_real_0066,6.0,sdxeq_0073,opus_nb_8k,source_disjoint_mixed_equal_v1,,,,,,
sdxeq_0074__phonefact_resample8k,1,1.0,0.0,1,1,mixed,simultaneous,synthetic_mixture,flac16k,voice_0129,sdm_real_0116,-6.0,sdxeq_0074,resample8k,source_disjoint_mixed_equal_v1,,,,,,
sdxeq_0074__phonefact_g711_ulaw,1,1.0,0.0,1,1,mixed,simultaneous,synthetic_mixture,flac16k,voice_0129,sdm_real_0116,-6.0,sdxeq_0074,g711_ulaw,source_disjoint_mixed_equal_v1,,,,,,
sdxeq_0074__phonefact_g726_24k,1,1.0,0.0,1,1,mixed,simultaneous,synthetic_mixture,flac16k,voice_0129,sdm_real_0116,-6.0,sdxeq_0074,g726_24k,source_disjoint_mixed_equal_v1,,,,,,
sdxeq_0074__phonefact_opus_nb_8k,1,1.0,0.0,1,1,mixed,simultaneous,synthetic_mixture,flac16k,voice_0129,sdm_real_0116,-6.0,sdxeq_0074,opus_nb_8k,source_disjoint_mixed_equal_v1,,,,,,
sdxeq_0075__phonefact_resample8k,1,1.0,1.0,1,1,mixed,simultaneous,synthetic_mixture,flac16k,voice_0190,sdm_fake_0193,-6.0,sdxeq_0075,resample8k,source_disjoint_mixed_equal_v1,,,,,,
sdxeq_0075__phonefact_g711_ulaw,1,1.0,1.0,1,1,mixed,simultaneous,synthetic_mixture,flac16k,voice_0190,sdm_fake_0193,-6.0,sdxeq_0075,g711_ulaw,source_disjoint_mixed_equal_v1,,,,,,
sdxeq_0075__phonefact_g726_24k,1,1.0,1.0,1,1,mixed,simultaneous,synthetic_mixture,flac16k,voice_0190,sdm_fake_0193,-6.0,sdxeq_0075,g726_24k,source_disjoint_mixed_equal_v1,,,,,,
sdxeq_0075__phonefact_opus_nb_8k,1,1.0,1.0,1,1,mixed,simultaneous,synthetic_mixture,flac16k,voice_0190,sdm_fake_0193,-6.0,sdxeq_0075,opus_nb_8k,source_disjoint_mixed_equal_v1,,,,,,
sdxeq_0076__phonefact_resample8k,1,1.0,1.0,1,1,mixed,simultaneous,synthetic_mixture,flac16k,voice_0183,sdm_fake_0061,0.0,sdxeq_0076,resample8k,source_disjoint_mixed_equal_v1,,,,,,
sdxeq_0076__phonefact_g711_ulaw,1,1.0,1.0,1,1,mixed,simultaneous,synthetic_mixture,flac16k,voice_0183,sdm_fake_0061,0.0,sdxeq_0076,g711_ulaw,source_disjoint_mixed_equal_v1,,,,,,
sdxeq_0076__phonefact_g726_24k,1,1.0,1.0,1,1,mixed,simultaneous,synthetic_mixture,flac16k,voice_0183,sdm_fake_0061,0.0,sdxeq_0076,g726_24k,source_disjoint_mixed_equal_v1,,,,,,
sdxeq_0076__phonefact_opus_nb_8k,1,1.0,1.0,1,1,mixed,simultaneous,synthetic_mixture,flac16k,voice_0183,sdm_fake_0061,0.0,sdxeq_0076,opus_nb_8k,source_disjoint_mixed_equal_v1,,,,,,
sdxeq_0077__phonefact_resample8k,1,1.0,1.0,1,1,mixed,simultaneous,synthetic_mixture,flac16k,voice_0197,sdm_fake_0115,6.0,sdxeq_0077,resample8k,source_disjoint_mixed_equal_v1,,,,,,
sdxeq_0077__phonefact_g711_ulaw,1,1.0,1.0,1,1,mixed,simultaneous,synthetic_mixture,flac16k,voice_0197,sdm_fake_0115,6.0,sdxeq_0077,g711_ulaw,source_disjoint_mixed_equal_v1,,,,,,
sdxeq_0077__phonefact_g726_24k,1,1.0,1.0,1,1,mixed,simultaneous,synthetic_mixture,flac16k,voice_0197,sdm_fake_0115,6.0,sdxeq_0077,g726_24k,source_disjoint_mixed_equal_v1,,,,,,
sdxeq_0077__phonefact_opus_nb_8k,1,1.0,1.0,1,1,mixed,simultaneous,synthetic_mixture,flac16k,voice_0197,sdm_fake_0115,6.0,sdxeq_0077,opus_nb_8k,source_disjoint_mixed_equal_v1,,,,,,
sdxeq_0078__phonefact_resample8k,1,1.0,1.0,1,1,mixed,simultaneous,synthetic_mixture,flac16k,voice_0154,sdm_fake_0179,-6.0,sdxeq_0078,resample8k,source_disjoint_mixed_equal_v1,,,,,,
sdxeq_0078__phonefact_g711_ulaw,1,1.0,1.0,1,1,mixed,simultaneous,synthetic_mixture,flac16k,voice_0154,sdm_fake_0179,-6.0,sdxeq_0078,g711_ulaw,source_disjoint_mixed_equal_v1,,,,,,
sdxeq_0078__phonefact_g726_24k,1,1.0,1.0,1,1,mixed,simultaneous,synthetic_mixture,flac16k,voice_0154,sdm_fake_0179,-6.0,sdxeq_0078,g726_24k,source_disjoint_mixed_equal_v1,,,,,,
sdxeq_0078__phonefact_opus_nb_8k,1,1.0,1.0,1,1,mixed,simultaneous,synthetic_mixture,flac16k,voice_0154,sdm_fake_0179,-6.0,sdxeq_0078,opus_nb_8k,source_disjoint_mixed_equal_v1,,,,,,
sdxeq_0079__phonefact_resample8k,1,1.0,1.0,1,1,mixed,simultaneous,synthetic_mixture,flac16k,voice_0149,sdm_fake_0031,0.0,sdxeq_0079,resample8k,source_disjoint_mixed_equal_v1,,,,,,
sdxeq_0079__phonefact_g711_ulaw,1,1.0,1.0,1,1,mixed,simultaneous,synthetic_mixture,flac16k,voice_0149,sdm_fake_0031,0.0,sdxeq_0079,g711_ulaw,source_disjoint_mixed_equal_v1,,,,,,
sdxeq_0079__phonefact_g726_24k,1,1.0,1.0,1,1,mixed,simultaneous,synthetic_mixture,flac16k,voice_0149,sdm_fake_0031,0.0,sdxeq_0079,g726_24k,source_disjoint_mixed_equal_v1,,,,,,
sdxeq_0079__phonefact_opus_nb_8k,1,1.0,1.0,1,1,mixed,simultaneous,synthetic_mixture,flac16k,voice_0149,sdm_fake_0031,0.0,sdxeq_0079,opus_nb_8k,source_disjoint_mixed_equal_v1,,,,,,
sdxeq_0080__phonefact_resample8k,1,1.0,1.0,1,1,mixed,simultaneous,synthetic_mixture,flac16k,voice_0189,sdm_fake_0128,6.0,sdxeq_0080,resample8k,source_disjoint_mixed_equal_v1,,,,,,
sdxeq_0080__phonefact_g711_ulaw,1,1.0,1.0,1,1,mixed,simultaneous,synthetic_mixture,flac16k,voice_0189,sdm_fake_0128,6.0,sdxeq_0080,g711_ulaw,source_disjoint_mixed_equal_v1,,,,,,
sdxeq_0080__phonefact_g726_24k,1,1.0,1.0,1,1,mixed,simultaneous,synthetic_mixture,flac16k,voice_0189,sdm_fake_0128,6.0,sdxeq_0080,g726_24k,source_disjoint_mixed_equal_v1,,,,,,
sdxeq_0080__phonefact_opus_nb_8k,1,1.0,1.0,1,1,mixed,simultaneous,synthetic_mixture,flac16k,voice_0189,sdm_fake_0128,6.0,sdxeq_0080,opus_nb_8k,source_disjoint_mixed_equal_v1,,,,,,
sdxeq_0081__phonefact_resample8k,1,1.0,1.0,1,1,mixed,simultaneous,synthetic_mixture,flac16k,voice_0174,sdm_fake_0135,-6.0,sdxeq_0081,resample8k,source_disjoint_mixed_equal_v1,,,,,,
sdxeq_0081__phonefact_g711_ulaw,1,1.0,1.0,1,1,mixed,simultaneous,synthetic_mixture,flac16k,voice_0174,sdm_fake_0135,-6.0,sdxeq_0081,g711_ulaw,source_disjoint_mixed_equal_v1,,,,,,
sdxeq_0081__phonefact_g726_24k,1,1.0,1.0,1,1,mixed,simultaneous,synthetic_mixture,flac16k,voice_0174,sdm_fake_0135,-6.0,sdxeq_0081,g726_24k,source_disjoint_mixed_equal_v1,,,,,,
sdxeq_0081__phonefact_opus_nb_8k,1,1.0,1.0,1,1,mixed,simultaneous,synthetic_mixture,flac16k,voice_0174,sdm_fake_0135,-6.0,sdxeq_0081,opus_nb_8k,source_disjoint_mixed_equal_v1,,,,,,
sdxeq_0082__phonefact_resample8k,1,1.0,1.0,1,1,mixed,simultaneous,synthetic_mixture,flac16k,voice_0120,sdm_fake_0174,0.0,sdxeq_0082,resample8k,source_disjoint_mixed_equal_v1,,,,,,
sdxeq_0082__phonefact_g711_ulaw,1,1.0,1.0,1,1,mixed,simultaneous,synthetic_mixture,flac16k,voice_0120,sdm_fake_0174,0.0,sdxeq_0082,g711_ulaw,source_disjoint_mixed_equal_v1,,,,,,
sdxeq_0082__phonefact_g726_24k,1,1.0,1.0,1,1,mixed,simultaneous,synthetic_mixture,flac16k,voice_0120,sdm_fake_0174,0.0,sdxeq_0082,g726_24k,source_disjoint_mixed_equal_v1,,,,,,
sdxeq_0082__phonefact_opus_nb_8k,1,1.0,1.0,1,1,mixed,simultaneous,synthetic_mixture,flac16k,voice_0120,sdm_fake_0174,0.0,sdxeq_0082,opus_nb_8k,source_disjoint_mixed_equal_v1,,,,,,
sdxeq_0083__phonefact_resample8k,1,1.0,1.0,1,1,mixed,simultaneous,synthetic_mixture,flac16k,voice_0183,sdm_fake_0067,6.0,sdxeq_0083,resample8k,source_disjoint_mixed_equal_v1,,,,,,
sdxeq_0083__phonefact_g711_ulaw,1,1.0,1.0,1,1,mixed,simultaneous,synthetic_mixture,flac16k,voice_0183,sdm_fake_0067,6.0,sdxeq_0083,g711_ulaw,source_disjoint_mixed_equal_v1,,,,,,
sdxeq_0083__phonefact_g726_24k,1,1.0,1.0,1,1,mixed,simultaneous,synthetic_mixture,flac16k,voice_0183,sdm_fake_0067,6.0,sdxeq_0083,g726_24k,source_disjoint_mixed_equal_v1,,,,,,
sdxeq_0083__phonefact_opus_nb_8k,1,1.0,1.0,1,1,mixed,simultaneous,synthetic_mixture,flac16k,voice_0183,sdm_fake_0067,6.0,sdxeq_0083,opus_nb_8k,source_disjoint_mixed_equal_v1,,,,,,
sdxeq_0084__phonefact_resample8k,1,1.0,1.0,1,1,mixed,simultaneous,synthetic_mixture,flac16k,voice_0100,sdm_fake_0109,-6.0,sdxeq_0084,resample8k,source_disjoint_mixed_equal_v1,,,,,,
sdxeq_0084__phonefact_g711_ulaw,1,1.0,1.0,1,1,mixed,simultaneous,synthetic_mixture,flac16k,voice_0100,sdm_fake_0109,-6.0,sdxeq_0084,g711_ulaw,source_disjoint_mixed_equal_v1,,,,,,
sdxeq_0084__phonefact_g726_24k,1,1.0,1.0,1,1,mixed,simultaneous,synthetic_mixture,flac16k,voice_0100,sdm_fake_0109,-6.0,sdxeq_0084,g726_24k,source_disjoint_mixed_equal_v1,,,,,,
sdxeq_0084__phonefact_opus_nb_8k,1,1.0,1.0,1,1,mixed,simultaneous,synthetic_mixture,flac16k,voice_0100,sdm_fake_0109,-6.0,sdxeq_0084,opus_nb_8k,source_disjoint_mixed_equal_v1,,,,,,
sdxeq_0085__phonefact_resample8k,1,1.0,1.0,1,1,mixed,simultaneous,synthetic_mixture,flac16k,voice_0127,sdm_fake_0033,0.0,sdxeq_0085,resample8k,source_disjoint_mixed_equal_v1,,,,,,
sdxeq_0085__phonefact_g711_ulaw,1,1.0,1.0,1,1,mixed,simultaneous,synthetic_mixture,flac16k,voice_0127,sdm_fake_0033,0.0,sdxeq_0085,g711_ulaw,source_disjoint_mixed_equal_v1,,,,,,
sdxeq_0085__phonefact_g726_24k,1,1.0,1.0,1,1,mixed,simultaneous,synthetic_mixture,flac16k,voice_0127,sdm_fake_0033,0.0,sdxeq_0085,g726_24k,source_disjoint_mixed_equal_v1,,,,,,
sdxeq_0085__phonefact_opus_nb_8k,1,1.0,1.0,1,1,mixed,simultaneous,synthetic_mixture,flac16k,voice_0127,sdm_fake_0033,0.0,sdxeq_0085,opus_nb_8k,source_disjoint_mixed_equal_v1,,,,,,
sdxeq_0086__phonefact_resample8k,1,1.0,1.0,1,1,mixed,simultaneous,synthetic_mixture,flac16k,voice_0158,sdm_fake_0020,6.0,sdxeq_0086,resample8k,source_disjoint_mixed_equal_v1,,,,,,
sdxeq_0086__phonefact_g711_ulaw,1,1.0,1.0,1,1,mixed,simultaneous,synthetic_mixture,flac16k,voice_0158,sdm_fake_0020,6.0,sdxeq_0086,g711_ulaw,source_disjoint_mixed_equal_v1,,,,,,
sdxeq_0086__phonefact_g726_24k,1,1.0,1.0,1,1,mixed,simultaneous,synthetic_mixture,flac16k,voice_0158,sdm_fake_0020,6.0,sdxeq_0086,g726_24k,source_disjoint_mixed_equal_v1,,,,,,
sdxeq_0086__phonefact_opus_nb_8k,1,1.0,1.0,1,1,mixed,simultaneous,synthetic_mixture,flac16k,voice_0158,sdm_fake_0020,6.0,sdxeq_0086,opus_nb_8k,source_disjoint_mixed_equal_v1,,,,,,
sdxeq_0087__phonefact_resample8k,1,1.0,1.0,1,1,mixed,simultaneous,synthetic_mixture,flac16k,voice_0131,sdm_fake_0019,-6.0,sdxeq_0087,resample8k,source_disjoint_mixed_equal_v1,,,,,,
sdxeq_0087__phonefact_g711_ulaw,1,1.0,1.0,1,1,mixed,simultaneous,synthetic_mixture,flac16k,voice_0131,sdm_fake_0019,-6.0,sdxeq_0087,g711_ulaw,source_disjoint_mixed_equal_v1,,,,,,
sdxeq_0087__phonefact_g726_24k,1,1.0,1.0,1,1,mixed,simultaneous,synthetic_mixture,flac16k,voice_0131,sdm_fake_0019,-6.0,sdxeq_0087,g726_24k,source_disjoint_mixed_equal_v1,,,,,,
sdxeq_0087__phonefact_opus_nb_8k,1,1.0,1.0,1,1,mixed,simultaneous,synthetic_mixture,flac16k,voice_0131,sdm_fake_0019,-6.0,sdxeq_0087,opus_nb_8k,source_disjoint_mixed_equal_v1,,,,,,
sdxeq_0088__phonefact_resample8k,1,1.0,1.0,1,1,mixed,simultaneous,synthetic_mixture,flac16k,voice_0165,sdm_fake_0057,0.0,sdxeq_0088,resample8k,source_disjoint_mixed_equal_v1,,,,,,
sdxeq_0088__phonefact_g711_ulaw,1,1.0,1.0,1,1,mixed,simultaneous,synthetic_mixture,flac16k,voice_0165,sdm_fake_0057,0.0,sdxeq_0088,g711_ulaw,source_disjoint_mixed_equal_v1,,,,,,
sdxeq_0088__phonefact_g726_24k,1,1.0,1.0,1,1,mixed,simultaneous,synthetic_mixture,flac16k,voice_0165,sdm_fake_0057,0.0,sdxeq_0088,g726_24k,source_disjoint_mixed_equal_v1,,,,,,
sdxeq_0088__phonefact_opus_nb_8k,1,1.0,1.0,1,1,mixed,simultaneous,synthetic_mixture,flac16k,voice_0165,sdm_fake_0057,0.0,sdxeq_0088,opus_nb_8k,source_disjoint_mixed_equal_v1,,,,,,
sdxeq_0089__phonefact_resample8k,1,1.0,1.0,1,1,mixed,simultaneous,synthetic_mixture,flac16k,voice_0125,sdm_fake_0068,6.0,sdxeq_0089,resample8k,source_disjoint_mixed_equal_v1,,,,,,
sdxeq_0089__phonefact_g711_ulaw,1,1.0,1.0,1,1,mixed,simultaneous,synthetic_mixture,flac16k,voice_0125,sdm_fake_0068,6.0,sdxeq_0089,g711_ulaw,source_disjoint_mixed_equal_v1,,,,,,
sdxeq_0089__phonefact_g726_24k,1,1.0,1.0,1,1,mixed,simultaneous,synthetic_mixture,flac16k,voice_0125,sdm_fake_0068,6.0,sdxeq_0089,g726_24k,source_disjoint_mixed_equal_v1,,,,,,
sdxeq_0089__phonefact_opus_nb_8k,1,1.0,1.0,1,1,mixed,simultaneous,synthetic_mixture,flac16k,voice_0125,sdm_fake_0068,6.0,sdxeq_0089,opus_nb_8k,source_disjoint_mixed_equal_v1,,,,,,
sdxeq_0090__phonefact_resample8k,1,1.0,1.0,1,1,mixed,simultaneous,synthetic_mixture,flac16k,voice_0127,sdm_fake_0160,-6.0,sdxeq_0090,resample8k,source_disjoint_mixed_equal_v1,,,,,,
sdxeq_0090__phonefact_g711_ulaw,1,1.0,1.0,1,1,mixed,simultaneous,synthetic_mixture,flac16k,voice_0127,sdm_fake_0160,-6.0,sdxeq_0090,g711_ulaw,source_disjoint_mixed_equal_v1,,,,,,
sdxeq_0090__phonefact_g726_24k,1,1.0,1.0,1,1,mixed,simultaneous,synthetic_mixture,flac16k,voice_0127,sdm_fake_0160,-6.0,sdxeq_0090,g726_24k,source_disjoint_mixed_equal_v1,,,,,,
sdxeq_0090__phonefact_opus_nb_8k,1,1.0,1.0,1,1,mixed,simultaneous,synthetic_mixture,flac16k,voice_0127,sdm_fake_0160,-6.0,sdxeq_0090,opus_nb_8k,source_disjoint_mixed_equal_v1,,,,,,
sdxeq_0091__phonefact_resample8k,1,1.0,1.0,1,1,mixed,simultaneous,synthetic_mixture,flac16k,voice_0193,sdm_fake_0126,0.0,sdxeq_0091,resample8k,source_disjoint_mixed_equal_v1,,,,,,
sdxeq_0091__phonefact_g711_ulaw,1,1.0,1.0,1,1,mixed,simultaneous,synthetic_mixture,flac16k,voice_0193,sdm_fake_0126,0.0,sdxeq_0091,g711_ulaw,source_disjoint_mixed_equal_v1,,,,,,
sdxeq_0091__phonefact_g726_24k,1,1.0,1.0,1,1,mixed,simultaneous,synthetic_mixture,flac16k,voice_0193,sdm_fake_0126,0.0,sdxeq_0091,g726_24k,source_disjoint_mixed_equal_v1,,,,,,
sdxeq_0091__phonefact_opus_nb_8k,1,1.0,1.0,1,1,mixed,simultaneous,synthetic_mixture,flac16k,voice_0193,sdm_fake_0126,0.0,sdxeq_0091,opus_nb_8k,source_disjoint_mixed_equal_v1,,,,,,
sdxeq_0092__phonefact_resample8k,1,1.0,1.0,1,1,mixed,simultaneous,synthetic_mixture,flac16k,voice_0196,sdm_fake_0013,6.0,sdxeq_0092,resample8k,source_disjoint_mixed_equal_v1,,,,,,
sdxeq_0092__phonefact_g711_ulaw,1,1.0,1.0,1,1,mixed,simultaneous,synthetic_mixture,flac16k,voice_0196,sdm_fake_0013,6.0,sdxeq_0092,g711_ulaw,source_disjoint_mixed_equal_v1,,,,,,
sdxeq_0092__phonefact_g726_24k,1,1.0,1.0,1,1,mixed,simultaneous,synthetic_mixture,flac16k,voice_0196,sdm_fake_0013,6.0,sdxeq_0092,g726_24k,source_disjoint_mixed_equal_v1,,,,,,
sdxeq_0092__phonefact_opus_nb_8k,1,1.0,1.0,1,1,mixed,simultaneous,synthetic_mixture,flac16k,voice_0196,sdm_fake_0013,6.0,sdxeq_0092,opus_nb_8k,source_disjoint_mixed_equal_v1,,,,,,
sdxeq_0093__phonefact_resample8k,1,1.0,1.0,1,1,mixed,simultaneous,synthetic_mixture,flac16k,voice_0134,sdm_fake_0152,-6.0,sdxeq_0093,resample8k,source_disjoint_mixed_equal_v1,,,,,,
sdxeq_0093__phonefact_g711_ulaw,1,1.0,1.0,1,1,mixed,simultaneous,synthetic_mixture,flac16k,voice_0134,sdm_fake_0152,-6.0,sdxeq_0093,g711_ulaw,source_disjoint_mixed_equal_v1,,,,,,
sdxeq_0093__phonefact_g726_24k,1,1.0,1.0,1,1,mixed,simultaneous,synthetic_mixture,flac16k,voice_0134,sdm_fake_0152,-6.0,sdxeq_0093,g726_24k,source_disjoint_mixed_equal_v1,,,,,,
sdxeq_0093__phonefact_opus_nb_8k,1,1.0,1.0,1,1,mixed,simultaneous,synthetic_mixture,flac16k,voice_0134,sdm_fake_0152,-6.0,sdxeq_0093,opus_nb_8k,source_disjoint_mixed_equal_v1,,,,,,
sdxeq_0094__phonefact_resample8k,1,1.0,1.0,1,1,mixed,simultaneous,synthetic_mixture,flac16k,voice_0109,sdm_fake_0089,0.0,sdxeq_0094,resample8k,source_disjoint_mixed_equal_v1,,,,,,
sdxeq_0094__phonefact_g711_ulaw,1,1.0,1.0,1,1,mixed,simultaneous,synthetic_mixture,flac16k,voice_0109,sdm_fake_0089,0.0,sdxeq_0094,g711_ulaw,source_disjoint_mixed_equal_v1,,,,,,
sdxeq_0094__phonefact_g726_24k,1,1.0,1.0,1,1,mixed,simultaneous,synthetic_mixture,flac16k,voice_0109,sdm_fake_0089,0.0,sdxeq_0094,g726_24k,source_disjoint_mixed_equal_v1,,,,,,
sdxeq_0094__phonefact_opus_nb_8k,1,1.0,1.0,1,1,mixed,simultaneous,synthetic_mixture,flac16k,voice_0109,sdm_fake_0089,0.0,sdxeq_0094,opus_nb_8k,source_disjoint_mixed_equal_v1,,,,,,
sdxeq_0095__phonefact_resample8k,1,1.0,1.0,1,1,mixed,simultaneous,synthetic_mixture,flac16k,voice_0192,sdm_fake_0089,6.0,sdxeq_0095,resample8k,source_disjoint_mixed_equal_v1,,,,,,
sdxeq_0095__phonefact_g711_ulaw,1,1.0,1.0,1,1,mixed,simultaneous,synthetic_mixture,flac16k,voice_0192,sdm_fake_0089,6.0,sdxeq_0095,g711_ulaw,source_disjoint_mixed_equal_v1,,,,,,
sdxeq_0095__phonefact_g726_24k,1,1.0,1.0,1,1,mixed,simultaneous,synthetic_mixture,flac16k,voice_0192,sdm_fake_0089,6.0,sdxeq_0095,g726_24k,source_disjoint_mixed_equal_v1,,,,,,
sdxeq_0095__phonefact_opus_nb_8k,1,1.0,1.0,1,1,mixed,simultaneous,synthetic_mixture,flac16k,voice_0192,sdm_fake_0089,6.0,sdxeq_0095,opus_nb_8k,source_disjoint_mixed_equal_v1,,,,,,
sdxeq_0096__phonefact_resample8k,1,1.0,1.0,1,1,mixed,simultaneous,synthetic_mixture,flac16k,voice_0104,sdm_fake_0063,-6.0,sdxeq_0096,resample8k,source_disjoint_mixed_equal_v1,,,,,,
sdxeq_0096__phonefact_g711_ulaw,1,1.0,1.0,1,1,mixed,simultaneous,synthetic_mixture,flac16k,voice_0104,sdm_fake_0063,-6.0,sdxeq_0096,g711_ulaw,source_disjoint_mixed_equal_v1,,,,,,
sdxeq_0096__phonefact_g726_24k,1,1.0,1.0,1,1,mixed,simultaneous,synthetic_mixture,flac16k,voice_0104,sdm_fake_0063,-6.0,sdxeq_0096,g726_24k,source_disjoint_mixed_equal_v1,,,,,,
sdxeq_0096__phonefact_opus_nb_8k,1,1.0,1.0,1,1,mixed,simultaneous,synthetic_mixture,flac16k,voice_0104,sdm_fake_0063,-6.0,sdxeq_0096,opus_nb_8k,source_disjoint_mixed_equal_v1,,,,,,
sdxeq_0097__phonefact_resample8k,1,1.0,1.0,1,1,mixed,simultaneous,synthetic_mixture,flac16k,voice_0183,sdm_fake_0007,0.0,sdxeq_0097,resample8k,source_disjoint_mixed_equal_v1,,,,,,
sdxeq_0097__phonefact_g711_ulaw,1,1.0,1.0,1,1,mixed,simultaneous,synthetic_mixture,flac16k,voice_0183,sdm_fake_0007,0.0,sdxeq_0097,g711_ulaw,source_disjoint_mixed_equal_v1,,,,,,
sdxeq_0097__phonefact_g726_24k,1,1.0,1.0,1,1,mixed,simultaneous,synthetic_mixture,flac16k,voice_0183,sdm_fake_0007,0.0,sdxeq_0097,g726_24k,source_disjoint_mixed_equal_v1,,,,,,
sdxeq_0097__phonefact_opus_nb_8k,1,1.0,1.0,1,1,mixed,simultaneous,synthetic_mixture,flac16k,voice_0183,sdm_fake_0007,0.0,sdxeq_0097,opus_nb_8k,source_disjoint_mixed_equal_v1,,,,,,
sdxeq_0098__phonefact_resample8k,1,1.0,1.0,1,1,mixed,simultaneous,synthetic_mixture,flac16k,voice_0131,sdm_fake_0047,6.0,sdxeq_0098,resample8k,source_disjoint_mixed_equal_v1,,,,,,
sdxeq_0098__phonefact_g711_ulaw,1,1.0,1.0,1,1,mixed,simultaneous,synthetic_mixture,flac16k,voice_0131,sdm_fake_0047,6.0,sdxeq_0098,g711_ulaw,source_disjoint_mixed_equal_v1,,,,,,
sdxeq_0098__phonefact_g726_24k,1,1.0,1.0,1,1,mixed,simultaneous,synthetic_mixture,flac16k,voice_0131,sdm_fake_0047,6.0,sdxeq_0098,g726_24k,source_disjoint_mixed_equal_v1,,,,,,
sdxeq_0098__phonefact_opus_nb_8k,1,1.0,1.0,1,1,mixed,simultaneous,synthetic_mixture,flac16k,voice_0131,sdm_fake_0047,6.0,sdxeq_0098,opus_nb_8k,source_disjoint_mixed_equal_v1,,,,,,
sdxeq_0099__phonefact_resample8k,1,1.0,1.0,1,1,mixed,simultaneous,synthetic_mixture,flac16k,voice_0160,sdm_fake_0105,-6.0,sdxeq_0099,resample8k,source_disjoint_mixed_equal_v1,,,,,,
sdxeq_0099__phonefact_g711_ulaw,1,1.0,1.0,1,1,mixed,simultaneous,synthetic_mixture,flac16k,voice_0160,sdm_fake_0105,-6.0,sdxeq_0099,g711_ulaw,source_disjoint_mixed_equal_v1,,,,,,
sdxeq_0099__phonefact_g726_24k,1,1.0,1.0,1,1,mixed,simultaneous,synthetic_mixture,flac16k,voice_0160,sdm_fake_0105,-6.0,sdxeq_0099,g726_24k,source_disjoint_mixed_equal_v1,,,,,,
sdxeq_0099__phonefact_opus_nb_8k,1,1.0,1.0,1,1,mixed,simultaneous,synthetic_mixture,flac16k,voice_0160,sdm_fake_0105,-6.0,sdxeq_0099,opus_nb_8k,source_disjoint_mixed_equal_v1,,,,,,
sdm_real_0000__phonefact_resample8k,0,,0.0,0,1,music,source_disjoint,FMA,common_flac16k,,,,sdm_real_0000,resample8k,source_disjoint_music_v1,real,025608,alignment,,,
sdm_real_0000__phonefact_g711_ulaw,0,,0.0,0,1,music,source_disjoint,FMA,common_flac16k,,,,sdm_real_0000,g711_ulaw,source_disjoint_music_v1,real,025608,alignment,,,
sdm_real_0000__phonefact_g726_24k,0,,0.0,0,1,music,source_disjoint,FMA,common_flac16k,,,,sdm_real_0000,g726_24k,source_disjoint_music_v1,real,025608,alignment,,,
sdm_real_0000__phonefact_opus_nb_8k,0,,0.0,0,1,music,source_disjoint,FMA,common_flac16k,,,,sdm_real_0000,opus_nb_8k,source_disjoint_music_v1,real,025608,alignment,,,
sdm_real_0001__phonefact_resample8k,0,,0.0,0,1,music,source_disjoint,FMA,common_flac16k,,,,sdm_real_0001,resample8k,source_disjoint_music_v1,real,152262,prospective,,,
sdm_real_0001__phonefact_g711_ulaw,0,,0.0,0,1,music,source_disjoint,FMA,common_flac16k,,,,sdm_real_0001,g711_ulaw,source_disjoint_music_v1,real,152262,prospective,,,
sdm_real_0001__phonefact_g726_24k,0,,0.0,0,1,music,source_disjoint,FMA,common_flac16k,,,,sdm_real_0001,g726_24k,source_disjoint_music_v1,real,152262,prospective,,,
sdm_real_0001__phonefact_opus_nb_8k,0,,0.0,0,1,music,source_disjoint,FMA,common_flac16k,,,,sdm_real_0001,opus_nb_8k,source_disjoint_music_v1,real,152262,prospective,,,
sdm_real_0002__phonefact_resample8k,0,,0.0,0,1,music,source_disjoint,FMA,common_flac16k,,,,sdm_real_0002,resample8k,source_disjoint_music_v1,real,001688,alignment,,,
sdm_real_0002__phonefact_g711_ulaw,0,,0.0,0,1,music,source_disjoint,FMA,common_flac16k,,,,sdm_real_0002,g711_ulaw,source_disjoint_music_v1,real,001688,alignment,,,
sdm_real_0002__phonefact_g726_24k,0,,0.0,0,1,music,source_disjoint,FMA,common_flac16k,,,,sdm_real_0002,g726_24k,source_disjoint_music_v1,real,001688,alignment,,,
sdm_real_0002__phonefact_opus_nb_8k,0,,0.0,0,1,music,source_disjoint,FMA,common_flac16k,,,,sdm_real_0002,opus_nb_8k,source_disjoint_music_v1,real,001688,alignment,,,
sdm_real_0003__phonefact_resample8k,0,,0.0,0,1,music,source_disjoint,FMA,common_flac16k,,,,sdm_real_0003,resample8k,source_disjoint_music_v1,real,021167,prospective,,,
sdm_real_0003__phonefact_g711_ulaw,0,,0.0,0,1,music,source_disjoint,FMA,common_flac16k,,,,sdm_real_0003,g711_ulaw,source_disjoint_music_v1,real,021167,prospective,,,
sdm_real_0003__phonefact_g726_24k,0,,0.0,0,1,music,source_disjoint,FMA,common_flac16k,,,,sdm_real_0003,g726_24k,source_disjoint_music_v1,real,021167,prospective,,,
sdm_real_0003__phonefact_opus_nb_8k,0,,0.0,0,1,music,source_disjoint,FMA,common_flac16k,,,,sdm_real_0003,opus_nb_8k,source_disjoint_music_v1,real,021167,prospective,,,
sdm_real_0004__phonefact_resample8k,0,,0.0,0,1,music,source_disjoint,FMA,common_flac16k,,,,sdm_real_0004,resample8k,source_disjoint_music_v1,real,110105,alignment,,,
sdm_real_0004__phonefact_g711_ulaw,0,,0.0,0,1,music,source_disjoint,FMA,common_flac16k,,,,sdm_real_0004,g711_ulaw,source_disjoint_music_v1,real,110105,alignment,,,
sdm_real_0004__phonefact_g726_24k,0,,0.0,0,1,music,source_disjoint,FMA,common_flac16k,,,,sdm_real_0004,g726_24k,source_disjoint_music_v1,real,110105,alignment,,,
sdm_real_0004__phonefact_opus_nb_8k,0,,0.0,0,1,music,source_disjoint,FMA,common_flac16k,,,,sdm_real_0004,opus_nb_8k,source_disjoint_music_v1,real,110105,alignment,,,
sdm_real_0005__phonefact_resample8k,0,,0.0,0,1,music,source_disjoint,FMA,common_flac16k,,,,sdm_real_0005,resample8k,source_disjoint_music_v1,real,148584,prospective,,,
sdm_real_0005__phonefact_g711_ulaw,0,,0.0,0,1,music,source_disjoint,FMA,common_flac16k,,,,sdm_real_0005,g711_ulaw,source_disjoint_music_v1,real,148584,prospective,,,
sdm_real_0005__phonefact_g726_24k,0,,0.0,0,1,music,source_disjoint,FMA,common_flac16k,,,,sdm_real_0005,g726_24k,source_disjoint_music_v1,real,148584,prospective,,,
sdm_real_0005__phonefact_opus_nb_8k,0,,0.0,0,1,music,source_disjoint,FMA,common_flac16k,,,,sdm_real_0005,opus_nb_8k,source_disjoint_music_v1,real,148584,prospective,,,
sdm_real_0006__phonefact_resample8k,0,,0.0,0,1,music,source_disjoint,FMA,common_flac16k,,,,sdm_real_0006,resample8k,source_disjoint_music_v1,real,123099,alignment,,,
sdm_real_0006__phonefact_g711_ulaw,0,,0.0,0,1,music,source_disjoint,FMA,common_flac16k,,,,sdm_real_0006,g711_ulaw,source_disjoint_music_v1,real,123099,alignment,,,
sdm_real_0006__phonefact_g726_24k,0,,0.0,0,1,music,source_disjoint,FMA,common_flac16k,,,,sdm_real_0006,g726_24k,source_disjoint_music_v1,real,123099,alignment,,,
sdm_real_0006__phonefact_opus_nb_8k,0,,0.0,0,1,music,source_disjoint,FMA,common_flac16k,,,,sdm_real_0006,opus_nb_8k,source_disjoint_music_v1,real,123099,alignment,,,
sdm_real_0007__phonefact_resample8k,0,,0.0,0,1,music,source_disjoint,FMA,common_flac16k,,,,sdm_real_0007,resample8k,source_disjoint_music_v1,real,004092,prospective,,,
sdm_real_0007__phonefact_g711_ulaw,0,,0.0,0,1,music,source_disjoint,FMA,common_flac16k,,,,sdm_real_0007,g711_ulaw,source_disjoint_music_v1,real,004092,prospective,,,
sdm_real_0007__phonefact_g726_24k,0,,0.0,0,1,music,source_disjoint,FMA,common_flac16k,,,,sdm_real_0007,g726_24k,source_disjoint_music_v1,real,004092,prospective,,,
sdm_real_0007__phonefact_opus_nb_8k,0,,0.0,0,1,music,source_disjoint,FMA,common_flac16k,,,,sdm_real_0007,opus_nb_8k,source_disjoint_music_v1,real,004092,prospective,,,
sdm_real_0008__phonefact_resample8k,0,,0.0,0,1,music,source_disjoint,FMA,common_flac16k,,,,sdm_real_0008,resample8k,source_disjoint_music_v1,real,127279,alignment,,,
sdm_real_0008__phonefact_g711_ulaw,0,,0.0,0,1,music,source_disjoint,FMA,common_flac16k,,,,sdm_real_0008,g711_ulaw,source_disjoint_music_v1,real,127279,alignment,,,
sdm_real_0008__phonefact_g726_24k,0,,0.0,0,1,music,source_disjoint,FMA,common_flac16k,,,,sdm_real_0008,g726_24k,source_disjoint_music_v1,real,127279,alignment,,,
sdm_real_0008__phonefact_opus_nb_8k,0,,0.0,0,1,music,source_disjoint,FMA,common_flac16k,,,,sdm_real_0008,opus_nb_8k,source_disjoint_music_v1,real,127279,alignment,,,
sdm_real_0009__phonefact_resample8k,0,,0.0,0,1,music,source_disjoint,FMA,common_flac16k,,,,sdm_real_0009,resample8k,source_disjoint_music_v1,real,126320,prospective,,,
sdm_real_0009__phonefact_g711_ulaw,0,,0.0,0,1,music,source_disjoint,FMA,common_flac16k,,,,sdm_real_0009,g711_ulaw,source_disjoint_music_v1,real,126320,prospective,,,
sdm_real_0009__phonefact_g726_24k,0,,0.0,0,1,music,source_disjoint,FMA,common_flac16k,,,,sdm_real_0009,g726_24k,source_disjoint_music_v1,real,126320,prospective,,,
sdm_real_0009__phonefact_opus_nb_8k,0,,0.0,0,1,music,source_disjoint,FMA,common_flac16k,,,,sdm_real_0009,opus_nb_8k,source_disjoint_music_v1,real,126320,prospective,,,
sdm_real_0010__phonefact_resample8k,0,,0.0,0,1,music,source_disjoint,FMA,common_flac16k,,,,sdm_real_0010,resample8k,source_disjoint_music_v1,real,062595,alignment,,,
sdm_real_0010__phonefact_g711_ulaw,0,,0.0,0,1,music,source_disjoint,FMA,common_flac16k,,,,sdm_real_0010,g711_ulaw,source_disjoint_music_v1,real,062595,alignment,,,
sdm_real_0010__phonefact_g726_24k,0,,0.0,0,1,music,source_disjoint,FMA,common_flac16k,,,,sdm_real_0010,g726_24k,source_disjoint_music_v1,real,062595,alignment,,,
sdm_real_0010__phonefact_opus_nb_8k,0,,0.0,0,1,music,source_disjoint,FMA,common_flac16k,,,,sdm_real_0010,opus_nb_8k,source_disjoint_music_v1,real,062595,alignment,,,
sdm_real_0011__phonefact_resample8k,0,,0.0,0,1,music,source_disjoint,FMA,common_flac16k,,,,sdm_real_0011,resample8k,source_disjoint_music_v1,real,127290,prospective,,,
sdm_real_0011__phonefact_g711_ulaw,0,,0.0,0,1,music,source_disjoint,FMA,common_flac16k,,,,sdm_real_0011,g711_ulaw,source_disjoint_music_v1,real,127290,prospective,,,
sdm_real_0011__phonefact_g726_24k,0,,0.0,0,1,music,source_disjoint,FMA,common_flac16k,,,,sdm_real_0011,g726_24k,source_disjoint_music_v1,real,127290,prospective,,,
sdm_real_0011__phonefact_opus_nb_8k,0,,0.0,0,1,music,source_disjoint,FMA,common_flac16k,,,,sdm_real_0011,opus_nb_8k,source_disjoint_music_v1,real,127290,prospective,,,
sdm_real_0012__phonefact_resample8k,0,,0.0,0,1,music,source_disjoint,FMA,common_flac16k,,,,sdm_real_0012,resample8k,source_disjoint_music_v1,real,044803,alignment,,,
sdm_real_0012__phonefact_g711_ulaw,0,,0.0,0,1,music,source_disjoint,FMA,common_flac16k,,,,sdm_real_0012,g711_ulaw,source_disjoint_music_v1,real,044803,alignment,,,
sdm_real_0012__phonefact_g726_24k,0,,0.0,0,1,music,source_disjoint,FMA,common_flac16k,,,,sdm_real_0012,g726_24k,source_disjoint_music_v1,real,044803,alignment,,,
sdm_real_0012__phonefact_opus_nb_8k,0,,0.0,0,1,music,source_disjoint,FMA,common_flac16k,,,,sdm_real_0012,opus_nb_8k,source_disjoint_music_v1,real,044803,alignment,,,
sdm_real_0013__phonefact_resample8k,0,,0.0,0,1,music,source_disjoint,FMA,common_flac16k,,,,sdm_real_0013,resample8k,source_disjoint_music_v1,real,031390,prospective,,,
sdm_real_0013__phonefact_g711_ulaw,0,,0.0,0,1,music,source_disjoint,FMA,common_flac16k,,,,sdm_real_0013,g711_ulaw,source_disjoint_music_v1,real,031390,prospective,,,
sdm_real_0013__phonefact_g726_24k,0,,0.0,0,1,music,source_disjoint,FMA,common_flac16k,,,,sdm_real_0013,g726_24k,source_disjoint_music_v1,real,031390,prospective,,,
sdm_real_0013__phonefact_opus_nb_8k,0,,0.0,0,1,music,source_disjoint,FMA,common_flac16k,,,,sdm_real_0013,opus_nb_8k,source_disjoint_music_v1,real,031390,prospective,,,
sdm_real_0014__phonefact_resample8k,0,,0.0,0,1,music,source_disjoint,FMA,common_flac16k,,,,sdm_real_0014,resample8k,source_disjoint_music_v1,real,052954,alignment,,,
sdm_real_0014__phonefact_g711_ulaw,0,,0.0,0,1,music,source_disjoint,FMA,common_flac16k,,,,sdm_real_0014,g711_ulaw,source_disjoint_music_v1,real,052954,alignment,,,
sdm_real_0014__phonefact_g726_24k,0,,0.0,0,1,music,source_disjoint,FMA,common_flac16k,,,,sdm_real_0014,g726_24k,source_disjoint_music_v1,real,052954,alignment,,,
sdm_real_0014__phonefact_opus_nb_8k,0,,0.0,0,1,music,source_disjoint,FMA,common_flac16k,,,,sdm_real_0014,opus_nb_8k,source_disjoint_music_v1,real,052954,alignment,,,
sdm_real_0015__phonefact_resample8k,0,,0.0,0,1,music,source_disjoint,FMA,common_flac16k,,,,sdm_real_0015,resample8k,source_disjoint_music_v1,real,059727,prospective,,,
sdm_real_0015__phonefact_g711_ulaw,0,,0.0,0,1,music,source_disjoint,FMA,common_flac16k,,,,sdm_real_0015,g711_ulaw,source_disjoint_music_v1,real,059727,prospective,,,
sdm_real_0015__phonefact_g726_24k,0,,0.0,0,1,music,source_disjoint,FMA,common_flac16k,,,,sdm_real_0015,g726_24k,source_disjoint_music_v1,real,059727,prospective,,,
sdm_real_0015__phonefact_opus_nb_8k,0,,0.0,0,1,music,source_disjoint,FMA,common_flac16k,,,,sdm_real_0015,opus_nb_8k,source_disjoint_music_v1,real,059727,prospective,,,
sdm_real_0016__phonefact_resample8k,0,,0.0,0,1,music,source_disjoint,FMA,common_flac16k,,,,sdm_real_0016,resample8k,source_disjoint_music_v1,real,076129,alignment,,,
sdm_real_0016__phonefact_g711_ulaw,0,,0.0,0,1,music,source_disjoint,FMA,common_flac16k,,,,sdm_real_0016,g711_ulaw,source_disjoint_music_v1,real,076129,alignment,,,
sdm_real_0016__phonefact_g726_24k,0,,0.0,0,1,music,source_disjoint,FMA,common_flac16k,,,,sdm_real_0016,g726_24k,source_disjoint_music_v1,real,076129,alignment,,,
sdm_real_0016__phonefact_opus_nb_8k,0,,0.0,0,1,music,source_disjoint,FMA,common_flac16k,,,,sdm_real_0016,opus_nb_8k,source_disjoint_music_v1,real,076129,alignment,,,
sdm_real_0017__phonefact_resample8k,0,,0.0,0,1,music,source_disjoint,FMA,common_flac16k,,,,sdm_real_0017,resample8k,source_disjoint_music_v1,real,116517,prospective,,,
sdm_real_0017__phonefact_g711_ulaw,0,,0.0,0,1,music,source_disjoint,FMA,common_flac16k,,,,sdm_real_0017,g711_ulaw,source_disjoint_music_v1,real,116517,prospective,,,
sdm_real_0017__phonefact_g726_24k,0,,0.0,0,1,music,source_disjoint,FMA,common_flac16k,,,,sdm_real_0017,g726_24k,source_disjoint_music_v1,real,116517,prospective,,,
sdm_real_0017__phonefact_opus_nb_8k,0,,0.0,0,1,music,source_disjoint,FMA,common_flac16k,,,,sdm_real_0017,opus_nb_8k,source_disjoint_music_v1,real,116517,prospective,,,
sdm_real_0018__phonefact_resample8k,0,,0.0,0,1,music,source_disjoint,FMA,common_flac16k,,,,sdm_real_0018,resample8k,source_disjoint_music_v1,real,060753,alignment,,,
sdm_real_0018__phonefact_g711_ulaw,0,,0.0,0,1,music,source_disjoint,FMA,common_flac16k,,,,sdm_real_0018,g711_ulaw,source_disjoint_music_v1,real,060753,alignment,,,
sdm_real_0018__phonefact_g726_24k,0,,0.0,0,1,music,source_disjoint,FMA,common_flac16k,,,,sdm_real_0018,g726_24k,source_disjoint_music_v1,real,060753,alignment,,,
sdm_real_0018__phonefact_opus_nb_8k,0,,0.0,0,1,music,source_disjoint,FMA,common_flac16k,,,,sdm_real_0018,opus_nb_8k,source_disjoint_music_v1,real,060753,alignment,,,
sdm_real_0019__phonefact_resample8k,0,,0.0,0,1,music,source_disjoint,FMA,common_flac16k,,,,sdm_real_0019,resample8k,source_disjoint_music_v1,real,119831,prospective,,,
sdm_real_0019__phonefact_g711_ulaw,0,,0.0,0,1,music,source_disjoint,FMA,common_flac16k,,,,sdm_real_0019,g711_ulaw,source_disjoint_music_v1,real,119831,prospective,,,
sdm_real_0019__phonefact_g726_24k,0,,0.0,0,1,music,source_disjoint,FMA,common_flac16k,,,,sdm_real_0019,g726_24k,source_disjoint_music_v1,real,119831,prospective,,,
sdm_real_0019__phonefact_opus_nb_8k,0,,0.0,0,1,music,source_disjoint,FMA,common_flac16k,,,,sdm_real_0019,opus_nb_8k,source_disjoint_music_v1,real,119831,prospective,,,
sdm_real_0020__phonefact_resample8k,0,,0.0,0,1,music,source_disjoint,FMA,common_flac16k,,,,sdm_real_0020,resample8k,source_disjoint_music_v1,real,096935,alignment,,,
sdm_real_0020__phonefact_g711_ulaw,0,,0.0,0,1,music,source_disjoint,FMA,common_flac16k,,,,sdm_real_0020,g711_ulaw,source_disjoint_music_v1,real,096935,alignment,,,
sdm_real_0020__phonefact_g726_24k,0,,0.0,0,1,music,source_disjoint,FMA,common_flac16k,,,,sdm_real_0020,g726_24k,source_disjoint_music_v1,real,096935,alignment,,,
sdm_real_0020__phonefact_opus_nb_8k,0,,0.0,0,1,music,source_disjoint,FMA,common_flac16k,,,,sdm_real_0020,opus_nb_8k,source_disjoint_music_v1,real,096935,alignment,,,
sdm_real_0021__phonefact_resample8k,0,,0.0,0,1,music,source_disjoint,FMA,common_flac16k,,,,sdm_real_0021,resample8k,source_disjoint_music_v1,real,002097,prospective,,,
sdm_real_0021__phonefact_g711_ulaw,0,,0.0,0,1,music,source_disjoint,FMA,common_flac16k,,,,sdm_real_0021,g711_ulaw,source_disjoint_music_v1,real,002097,prospective,,,
sdm_real_0021__phonefact_g726_24k,0,,0.0,0,1,music,source_disjoint,FMA,common_flac16k,,,,sdm_real_0021,g726_24k,source_disjoint_music_v1,real,002097,prospective,,,
sdm_real_0021__phonefact_opus_nb_8k,0,,0.0,0,1,music,source_disjoint,FMA,common_flac16k,,,,sdm_real_0021,opus_nb_8k,source_disjoint_music_v1,real,002097,prospective,,,
sdm_real_0022__phonefact_resample8k,0,,0.0,0,1,music,source_disjoint,FMA,common_flac16k,,,,sdm_real_0022,resample8k,source_disjoint_music_v1,real,105717,alignment,,,
sdm_real_0022__phonefact_g711_ulaw,0,,0.0,0,1,music,source_disjoint,FMA,common_flac16k,,,,sdm_real_0022,g711_ulaw,source_disjoint_music_v1,real,105717,alignment,,,
sdm_real_0022__phonefact_g726_24k,0,,0.0,0,1,music,source_disjoint,FMA,common_flac16k,,,,sdm_real_0022,g726_24k,source_disjoint_music_v1,real,105717,alignment,,,
sdm_real_0022__phonefact_opus_nb_8k,0,,0.0,0,1,music,source_disjoint,FMA,common_flac16k,,,,sdm_real_0022,opus_nb_8k,source_disjoint_music_v1,real,105717,alignment,,,
sdm_real_0023__phonefact_resample8k,0,,0.0,0,1,music,source_disjoint,FMA,common_flac16k,,,,sdm_real_0023,resample8k,source_disjoint_music_v1,real,122004,prospective,,,
sdm_real_0023__phonefact_g711_ulaw,0,,0.0,0,1,music,source_disjoint,FMA,common_flac16k,,,,sdm_real_0023,g711_ulaw,source_disjoint_music_v1,real,122004,prospective,,,
sdm_real_0023__phonefact_g726_24k,0,,0.0,0,1,music,source_disjoint,FMA,common_flac16k,,,,sdm_real_0023,g726_24k,source_disjoint_music_v1,real,122004,prospective,,,
sdm_real_0023__phonefact_opus_nb_8k,0,,0.0,0,1,music,source_disjoint,FMA,common_flac16k,,,,sdm_real_0023,opus_nb_8k,source_disjoint_music_v1,real,122004,prospective,,,
sdm_real_0024__phonefact_resample8k,0,,0.0,0,1,music,source_disjoint,FMA,common_flac16k,,,,sdm_real_0024,resample8k,source_disjoint_music_v1,real,042238,alignment,,,
sdm_real_0024__phonefact_g711_ulaw,0,,0.0,0,1,music,source_disjoint,FMA,common_flac16k,,,,sdm_real_0024,g711_ulaw,source_disjoint_music_v1,real,042238,alignment,,,
sdm_real_0024__phonefact_g726_24k,0,,0.0,0,1,music,source_disjoint,FMA,common_flac16k,,,,sdm_real_0024,g726_24k,source_disjoint_music_v1,real,042238,alignment,,,
sdm_real_0024__phonefact_opus_nb_8k,0,,0.0,0,1,music,source_disjoint,FMA,common_flac16k,,,,sdm_real_0024,opus_nb_8k,source_disjoint_music_v1,real,042238,alignment,,,
sdm_real_0025__phonefact_resample8k,0,,0.0,0,1,music,source_disjoint,FMA,common_flac16k,,,,sdm_real_0025,resample8k,source_disjoint_music_v1,real,099436,prospective,,,
sdm_real_0025__phonefact_g711_ulaw,0,,0.0,0,1,music,source_disjoint,FMA,common_flac16k,,,,sdm_real_0025,g711_ulaw,source_disjoint_music_v1,real,099436,prospective,,,
sdm_real_0025__phonefact_g726_24k,0,,0.0,0,1,music,source_disjoint,FMA,common_flac16k,,,,sdm_real_0025,g726_24k,source_disjoint_music_v1,real,099436,prospective,,,
sdm_real_0025__phonefact_opus_nb_8k,0,,0.0,0,1,music,source_disjoint,FMA,common_flac16k,,,,sdm_real_0025,opus_nb_8k,source_disjoint_music_v1,real,099436,prospective,,,
sdm_real_0026__phonefact_resample8k,0,,0.0,0,1,music,source_disjoint,FMA,common_flac16k,,,,sdm_real_0026,resample8k,source_disjoint_music_v1,real,135010,alignment,,,
sdm_real_0026__phonefact_g711_ulaw,0,,0.0,0,1,music,source_disjoint,FMA,common_flac16k,,,,sdm_real_0026,g711_ulaw,source_disjoint_music_v1,real,135010,alignment,,,
sdm_real_0026__phonefact_g726_24k,0,,0.0,0,1,music,source_disjoint,FMA,common_flac16k,,,,sdm_real_0026,g726_24k,source_disjoint_music_v1,real,135010,alignment,,,
sdm_real_0026__phonefact_opus_nb_8k,0,,0.0,0,1,music,source_disjoint,FMA,common_flac16k,,,,sdm_real_0026,opus_nb_8k,source_disjoint_music_v1,real,135010,alignment,,,
sdm_real_0027__phonefact_resample8k,0,,0.0,0,1,music,source_disjoint,FMA,common_flac16k,,,,sdm_real_0027,resample8k,source_disjoint_music_v1,real,037727,prospective,,,
sdm_real_0027__phonefact_g711_ulaw,0,,0.0,0,1,music,source_disjoint,FMA,common_flac16k,,,,sdm_real_0027,g711_ulaw,source_disjoint_music_v1,real,037727,prospective,,,
sdm_real_0027__phonefact_g726_24k,0,,0.0,0,1,music,source_disjoint,FMA,common_flac16k,,,,sdm_real_0027,g726_24k,source_disjoint_music_v1,real,037727,prospective,,,
sdm_real_0027__phonefact_opus_nb_8k,0,,0.0,0,1,music,source_disjoint,FMA,common_flac16k,,,,sdm_real_0027,opus_nb_8k,source_disjoint_music_v1,real,037727,prospective,,,
sdm_real_0028__phonefact_resample8k,0,,0.0,0,1,music,source_disjoint,FMA,common_flac16k,,,,sdm_real_0028,resample8k,source_disjoint_music_v1,real,098237,alignment,,,
sdm_real_0028__phonefact_g711_ulaw,0,,0.0,0,1,music,source_disjoint,FMA,common_flac16k,,,,sdm_real_0028,g711_ulaw,source_disjoint_music_v1,real,098237,alignment,,,
sdm_real_0028__phonefact_g726_24k,0,,0.0,0,1,music,source_disjoint,FMA,common_flac16k,,,,sdm_real_0028,g726_24k,source_disjoint_music_v1,real,098237,alignment,,,
sdm_real_0028__phonefact_opus_nb_8k,0,,0.0,0,1,music,source_disjoint,FMA,common_flac16k,,,,sdm_real_0028,opus_nb_8k,source_disjoint_music_v1,real,098237,alignment,,,
sdm_real_0029__phonefact_resample8k,0,,0.0,0,1,music,source_disjoint,FMA,common_flac16k,,,,sdm_real_0029,resample8k,source_disjoint_music_v1,real,087965,prospective,,,
sdm_real_0029__phonefact_g711_ulaw,0,,0.0,0,1,music,source_disjoint,FMA,common_flac16k,,,,sdm_real_0029,g711_ulaw,source_disjoint_music_v1,real,087965,prospective,,,
sdm_real_0029__phonefact_g726_24k,0,,0.0,0,1,music,source_disjoint,FMA,common_flac16k,,,,sdm_real_0029,g726_24k,source_disjoint_music_v1,real,087965,prospective,,,
sdm_real_0029__phonefact_opus_nb_8k,0,,0.0,0,1,music,source_disjoint,FMA,common_flac16k,,,,sdm_real_0029,opus_nb_8k,source_disjoint_music_v1,real,087965,prospective,,,
sdm_real_0030__phonefact_resample8k,0,,0.0,0,1,music,source_disjoint,FMA,common_flac16k,,,,sdm_real_0030,resample8k,source_disjoint_music_v1,real,129972,alignment,,,
sdm_real_0030__phonefact_g711_ulaw,0,,0.0,0,1,music,source_disjoint,FMA,common_flac16k,,,,sdm_real_0030,g711_ulaw,source_disjoint_music_v1,real,129972,alignment,,,
sdm_real_0030__phonefact_g726_24k,0,,0.0,0,1,music,source_disjoint,FMA,common_flac16k,,,,sdm_real_0030,g726_24k,source_disjoint_music_v1,real,129972,alignment,,,
sdm_real_0030__phonefact_opus_nb_8k,0,,0.0,0,1,music,source_disjoint,FMA,common_flac16k,,,,sdm_real_0030,opus_nb_8k,source_disjoint_music_v1,real,129972,alignment,,,
sdm_real_0031__phonefact_resample8k,0,,0.0,0,1,music,source_disjoint,FMA,common_flac16k,,,,sdm_real_0031,resample8k,source_disjoint_music_v1,real,070425,prospective,,,
sdm_real_0031__phonefact_g711_ulaw,0,,0.0,0,1,music,source_disjoint,FMA,common_flac16k,,,,sdm_real_0031,g711_ulaw,source_disjoint_music_v1,real,070425,prospective,,,
sdm_real_0031__phonefact_g726_24k,0,,0.0,0,1,music,source_disjoint,FMA,common_flac16k,,,,sdm_real_0031,g726_24k,source_disjoint_music_v1,real,070425,prospective,,,
sdm_real_0031__phonefact_opus_nb_8k,0,,0.0,0,1,music,source_disjoint,FMA,common_flac16k,,,,sdm_real_0031,opus_nb_8k,source_disjoint_music_v1,real,070425,prospective,,,
sdm_real_0032__phonefact_resample8k,0,,0.0,0,1,music,source_disjoint,FMA,common_flac16k,,,,sdm_real_0032,resample8k,source_disjoint_music_v1,real,108497,alignment,,,
sdm_real_0032__phonefact_g711_ulaw,0,,0.0,0,1,music,source_disjoint,FMA,common_flac16k,,,,sdm_real_0032,g711_ulaw,source_disjoint_music_v1,real,108497,alignment,,,
sdm_real_0032__phonefact_g726_24k,0,,0.0,0,1,music,source_disjoint,FMA,common_flac16k,,,,sdm_real_0032,g726_24k,source_disjoint_music_v1,real,108497,alignment,,,
sdm_real_0032__phonefact_opus_nb_8k,0,,0.0,0,1,music,source_disjoint,FMA,common_flac16k,,,,sdm_real_0032,opus_nb_8k,source_disjoint_music_v1,real,108497,alignment,,,
sdm_real_0033__phonefact_resample8k,0,,0.0,0,1,music,source_disjoint,FMA,common_flac16k,,,,sdm_real_0033,resample8k,source_disjoint_music_v1,real,121415,prospective,,,
sdm_real_0033__phonefact_g711_ulaw,0,,0.0,0,1,music,source_disjoint,FMA,common_flac16k,,,,sdm_real_0033,g711_ulaw,source_disjoint_music_v1,real,121415,prospective,,,
sdm_real_0033__phonefact_g726_24k,0,,0.0,0,1,music,source_disjoint,FMA,common_flac16k,,,,sdm_real_0033,g726_24k,source_disjoint_music_v1,real,121415,prospective,,,
sdm_real_0033__phonefact_opus_nb_8k,0,,0.0,0,1,music,source_disjoint,FMA,common_flac16k,,,,sdm_real_0033,opus_nb_8k,source_disjoint_music_v1,real,121415,prospective,,,
sdm_real_0034__phonefact_resample8k,0,,0.0,0,1,music,source_disjoint,FMA,common_flac16k,,,,sdm_real_0034,resample8k,source_disjoint_music_v1,real,104668,alignment,,,
sdm_real_0034__phonefact_g711_ulaw,0,,0.0,0,1,music,source_disjoint,FMA,common_flac16k,,,,sdm_real_0034,g711_ulaw,source_disjoint_music_v1,real,104668,alignment,,,
sdm_real_0034__phonefact_g726_24k,0,,0.0,0,1,music,source_disjoint,FMA,common_flac16k,,,,sdm_real_0034,g726_24k,source_disjoint_music_v1,real,104668,alignment,,,
sdm_real_0034__phonefact_opus_nb_8k,0,,0.0,0,1,music,source_disjoint,FMA,common_flac16k,,,,sdm_real_0034,opus_nb_8k,source_disjoint_music_v1,real,104668,alignment,,,
sdm_real_0035__phonefact_resample8k,0,,0.0,0,1,music,source_disjoint,FMA,common_flac16k,,,,sdm_real_0035,resample8k,source_disjoint_music_v1,real,069785,prospective,,,
sdm_real_0035__phonefact_g711_ulaw,0,,0.0,0,1,music,source_disjoint,FMA,common_flac16k,,,,sdm_real_0035,g711_ulaw,source_disjoint_music_v1,real,069785,prospective,,,
sdm_real_0035__phonefact_g726_24k,0,,0.0,0,1,music,source_disjoint,FMA,common_flac16k,,,,sdm_real_0035,g726_24k,source_disjoint_music_v1,real,069785,prospective,,,
sdm_real_0035__phonefact_opus_nb_8k,0,,0.0,0,1,music,source_disjoint,FMA,common_flac16k,,,,sdm_real_0035,opus_nb_8k,source_disjoint_music_v1,real,069785,prospective,,,
sdm_real_0036__phonefact_resample8k,0,,0.0,0,1,music,source_disjoint,FMA,common_flac16k,,,,sdm_real_0036,resample8k,source_disjoint_music_v1,real,019417,alignment,,,
sdm_real_0036__phonefact_g711_ulaw,0,,0.0,0,1,music,source_disjoint,FMA,common_flac16k,,,,sdm_real_0036,g711_ulaw,source_disjoint_music_v1,real,019417,alignment,,,
sdm_real_0036__phonefact_g726_24k,0,,0.0,0,1,music,source_disjoint,FMA,common_flac16k,,,,sdm_real_0036,g726_24k,source_disjoint_music_v1,real,019417,alignment,,,
sdm_real_0036__phonefact_opus_nb_8k,0,,0.0,0,1,music,source_disjoint,FMA,common_flac16k,,,,sdm_real_0036,opus_nb_8k,source_disjoint_music_v1,real,019417,alignment,,,
sdm_real_0037__phonefact_resample8k,0,,0.0,0,1,music,source_disjoint,FMA,common_flac16k,,,,sdm_real_0037,resample8k,source_disjoint_music_v1,real,048044,prospective,,,
sdm_real_0037__phonefact_g711_ulaw,0,,0.0,0,1,music,source_disjoint,FMA,common_flac16k,,,,sdm_real_0037,g711_ulaw,source_disjoint_music_v1,real,048044,prospective,,,
sdm_real_0037__phonefact_g726_24k,0,,0.0,0,1,music,source_disjoint,FMA,common_flac16k,,,,sdm_real_0037,g726_24k,source_disjoint_music_v1,real,048044,prospective,,,
sdm_real_0037__phonefact_opus_nb_8k,0,,0.0,0,1,music,source_disjoint,FMA,common_flac16k,,,,sdm_real_0037,opus_nb_8k,source_disjoint_music_v1,real,048044,prospective,,,
sdm_real_0038__phonefact_resample8k,0,,0.0,0,1,music,source_disjoint,FMA,common_flac16k,,,,sdm_real_0038,resample8k,source_disjoint_music_v1,real,021409,alignment,,,
sdm_real_0038__phonefact_g711_ulaw,0,,0.0,0,1,music,source_disjoint,FMA,common_flac16k,,,,sdm_real_0038,g711_ulaw,source_disjoint_music_v1,real,021409,alignment,,,
sdm_real_0038__phonefact_g726_24k,0,,0.0,0,1,music,source_disjoint,FMA,common_flac16k,,,,sdm_real_0038,g726_24k,source_disjoint_music_v1,real,021409,alignment,,,
sdm_real_0038__phonefact_opus_nb_8k,0,,0.0,0,1,music,source_disjoint,FMA,common_flac16k,,,,sdm_real_0038,opus_nb_8k,source_disjoint_music_v1,real,021409,alignment,,,
sdm_real_0039__phonefact_resample8k,0,,0.0,0,1,music,source_disjoint,FMA,common_flac16k,,,,sdm_real_0039,resample8k,source_disjoint_music_v1,real,055231,prospective,,,
sdm_real_0039__phonefact_g711_ulaw,0,,0.0,0,1,music,source_disjoint,FMA,common_flac16k,,,,sdm_real_0039,g711_ulaw,source_disjoint_music_v1,real,055231,prospective,,,
sdm_real_0039__phonefact_g726_24k,0,,0.0,0,1,music,source_disjoint,FMA,common_flac16k,,,,sdm_real_0039,g726_24k,source_disjoint_music_v1,real,055231,prospective,,,
sdm_real_0039__phonefact_opus_nb_8k,0,,0.0,0,1,music,source_disjoint,FMA,common_flac16k,,,,sdm_real_0039,opus_nb_8k,source_disjoint_music_v1,real,055231,prospective,,,
sdm_real_0040__phonefact_resample8k,0,,0.0,0,1,music,source_disjoint,FMA,common_flac16k,,,,sdm_real_0040,resample8k,source_disjoint_music_v1,real,033072,alignment,,,
sdm_real_0040__phonefact_g711_ulaw,0,,0.0,0,1,music,source_disjoint,FMA,common_flac16k,,,,sdm_real_0040,g711_ulaw,source_disjoint_music_v1,real,033072,alignment,,,
sdm_real_0040__phonefact_g726_24k,0,,0.0,0,1,music,source_disjoint,FMA,common_flac16k,,,,sdm_real_0040,g726_24k,source_disjoint_music_v1,real,033072,alignment,,,
sdm_real_0040__phonefact_opus_nb_8k,0,,0.0,0,1,music,source_disjoint,FMA,common_flac16k,,,,sdm_real_0040,opus_nb_8k,source_disjoint_music_v1,real,033072,alignment,,,
sdm_real_0041__phonefact_resample8k,0,,0.0,0,1,music,source_disjoint,FMA,common_flac16k,,,,sdm_real_0041,resample8k,source_disjoint_music_v1,real,036428,prospective,,,
sdm_real_0041__phonefact_g711_ulaw,0,,0.0,0,1,music,source_disjoint,FMA,common_flac16k,,,,sdm_real_0041,g711_ulaw,source_disjoint_music_v1,real,036428,prospective,,,
sdm_real_0041__phonefact_g726_24k,0,,0.0,0,1,music,source_disjoint,FMA,common_flac16k,,,,sdm_real_0041,g726_24k,source_disjoint_music_v1,real,036428,prospective,,,
sdm_real_0041__phonefact_opus_nb_8k,0,,0.0,0,1,music,source_disjoint,FMA,common_flac16k,,,,sdm_real_0041,opus_nb_8k,source_disjoint_music_v1,real,036428,prospective,,,
sdm_real_0042__phonefact_resample8k,0,,0.0,0,1,music,source_disjoint,FMA,common_flac16k,,,,sdm_real_0042,resample8k,source_disjoint_music_v1,real,092130,alignment,,,
sdm_real_0042__phonefact_g711_ulaw,0,,0.0,0,1,music,source_disjoint,FMA,common_flac16k,,,,sdm_real_0042,g711_ulaw,source_disjoint_music_v1,real,092130,alignment,,,
sdm_real_0042__phonefact_g726_24k,0,,0.0,0,1,music,source_disjoint,FMA,common_flac16k,,,,sdm_real_0042,g726_24k,source_disjoint_music_v1,real,092130,alignment,,,
sdm_real_0042__phonefact_opus_nb_8k,0,,0.0,0,1,music,source_disjoint,FMA,common_flac16k,,,,sdm_real_0042,opus_nb_8k,source_disjoint_music_v1,real,092130,alignment,,,
sdm_real_0043__phonefact_resample8k,0,,0.0,0,1,music,source_disjoint,FMA,common_flac16k,,,,sdm_real_0043,resample8k,source_disjoint_music_v1,real,134952,prospective,,,
sdm_real_0043__phonefact_g711_ulaw,0,,0.0,0,1,music,source_disjoint,FMA,common_flac16k,,,,sdm_real_0043,g711_ulaw,source_disjoint_music_v1,real,134952,prospective,,,
sdm_real_0043__phonefact_g726_24k,0,,0.0,0,1,music,source_disjoint,FMA,common_flac16k,,,,sdm_real_0043,g726_24k,source_disjoint_music_v1,real,134952,prospective,,,
sdm_real_0043__phonefact_opus_nb_8k,0,,0.0,0,1,music,source_disjoint,FMA,common_flac16k,,,,sdm_real_0043,opus_nb_8k,source_disjoint_music_v1,real,134952,prospective,,,
sdm_real_0044__phonefact_resample8k,0,,0.0,0,1,music,source_disjoint,FMA,common_flac16k,,,,sdm_real_0044,resample8k,source_disjoint_music_v1,real,038890,alignment,,,
sdm_real_0044__phonefact_g711_ulaw,0,,0.0,0,1,music,source_disjoint,FMA,common_flac16k,,,,sdm_real_0044,g711_ulaw,source_disjoint_music_v1,real,038890,alignment,,,
sdm_real_0044__phonefact_g726_24k,0,,0.0,0,1,music,source_disjoint,FMA,common_flac16k,,,,sdm_real_0044,g726_24k,source_disjoint_music_v1,real,038890,alignment,,,
sdm_real_0044__phonefact_opus_nb_8k,0,,0.0,0,1,music,source_disjoint,FMA,common_flac16k,,,,sdm_real_0044,opus_nb_8k,source_disjoint_music_v1,real,038890,alignment,,,
sdm_real_0045__phonefact_resample8k,0,,0.0,0,1,music,source_disjoint,FMA,common_flac16k,,,,sdm_real_0045,resample8k,source_disjoint_music_v1,real,054467,prospective,,,
sdm_real_0045__phonefact_g711_ulaw,0,,0.0,0,1,music,source_disjoint,FMA,common_flac16k,,,,sdm_real_0045,g711_ulaw,source_disjoint_music_v1,real,054467,prospective,,,
sdm_real_0045__phonefact_g726_24k,0,,0.0,0,1,music,source_disjoint,FMA,common_flac16k,,,,sdm_real_0045,g726_24k,source_disjoint_music_v1,real,054467,prospective,,,
sdm_real_0045__phonefact_opus_nb_8k,0,,0.0,0,1,music,source_disjoint,FMA,common_flac16k,,,,sdm_real_0045,opus_nb_8k,source_disjoint_music_v1,real,054467,prospective,,,
sdm_real_0046__phonefact_resample8k,0,,0.0,0,1,music,source_disjoint,FMA,common_flac16k,,,,sdm_real_0046,resample8k,source_disjoint_music_v1,real,114559,alignment,,,
sdm_real_0046__phonefact_g711_ulaw,0,,0.0,0,1,music,source_disjoint,FMA,common_flac16k,,,,sdm_real_0046,g711_ulaw,source_disjoint_music_v1,real,114559,alignment,,,
sdm_real_0046__phonefact_g726_24k,0,,0.0,0,1,music,source_disjoint,FMA,common_flac16k,,,,sdm_real_0046,g726_24k,source_disjoint_music_v1,real,114559,alignment,,,
sdm_real_0046__phonefact_opus_nb_8k,0,,0.0,0,1,music,source_disjoint,FMA,common_flac16k,,,,sdm_real_0046,opus_nb_8k,source_disjoint_music_v1,real,114559,alignment,,,
sdm_real_0047__phonefact_resample8k,0,,0.0,0,1,music,source_disjoint,FMA,common_flac16k,,,,sdm_real_0047,resample8k,source_disjoint_music_v1,real,096408,prospective,,,
sdm_real_0047__phonefact_g711_ulaw,0,,0.0,0,1,music,source_disjoint,FMA,common_flac16k,,,,sdm_real_0047,g711_ulaw,source_disjoint_music_v1,real,096408,prospective,,,
sdm_real_0047__phonefact_g726_24k,0,,0.0,0,1,music,source_disjoint,FMA,common_flac16k,,,,sdm_real_0047,g726_24k,source_disjoint_music_v1,real,096408,prospective,,,
sdm_real_0047__phonefact_opus_nb_8k,0,,0.0,0,1,music,source_disjoint,FMA,common_flac16k,,,,sdm_real_0047,opus_nb_8k,source_disjoint_music_v1,real,096408,prospective,,,
sdm_real_0048__phonefact_resample8k,0,,0.0,0,1,music,source_disjoint,FMA,common_flac16k,,,,sdm_real_0048,resample8k,source_disjoint_music_v1,real,123964,alignment,,,
sdm_real_0048__phonefact_g711_ulaw,0,,0.0,0,1,music,source_disjoint,FMA,common_flac16k,,,,sdm_real_0048,g711_ulaw,source_disjoint_music_v1,real,123964,alignment,,,
sdm_real_0048__phonefact_g726_24k,0,,0.0,0,1,music,source_disjoint,FMA,common_flac16k,,,,sdm_real_0048,g726_24k,source_disjoint_music_v1,real,123964,alignment,,,
sdm_real_0048__phonefact_opus_nb_8k,0,,0.0,0,1,music,source_disjoint,FMA,common_flac16k,,,,sdm_real_0048,opus_nb_8k,source_disjoint_music_v1,real,123964,alignment,,,
sdm_real_0049__phonefact_resample8k,0,,0.0,0,1,music,source_disjoint,FMA,common_flac16k,,,,sdm_real_0049,resample8k,source_disjoint_music_v1,real,116833,prospective,,,
sdm_real_0049__phonefact_g711_ulaw,0,,0.0,0,1,music,source_disjoint,FMA,common_flac16k,,,,sdm_real_0049,g711_ulaw,source_disjoint_music_v1,real,116833,prospective,,,
sdm_real_0049__phonefact_g726_24k,0,,0.0,0,1,music,source_disjoint,FMA,common_flac16k,,,,sdm_real_0049,g726_24k,source_disjoint_music_v1,real,116833,prospective,,,
sdm_real_0049__phonefact_opus_nb_8k,0,,0.0,0,1,music,source_disjoint,FMA,common_flac16k,,,,sdm_real_0049,opus_nb_8k,source_disjoint_music_v1,real,116833,prospective,,,
sdm_fake_0000__phonefact_resample8k,1,,1.0,0,1,music,source_disjoint,SONICS-udio,common_flac16k,,,,sdm_fake_0000,resample8k,source_disjoint_music_v1,udio-120s,sonics_5274,alignment,,,
sdm_fake_0000__phonefact_g711_ulaw,1,,1.0,0,1,music,source_disjoint,SONICS-udio,common_flac16k,,,,sdm_fake_0000,g711_ulaw,source_disjoint_music_v1,udio-120s,sonics_5274,alignment,,,
sdm_fake_0000__phonefact_g726_24k,1,,1.0,0,1,music,source_disjoint,SONICS-udio,common_flac16k,,,,sdm_fake_0000,g726_24k,source_disjoint_music_v1,udio-120s,sonics_5274,alignment,,,
sdm_fake_0000__phonefact_opus_nb_8k,1,,1.0,0,1,music,source_disjoint,SONICS-udio,common_flac16k,,,,sdm_fake_0000,opus_nb_8k,source_disjoint_music_v1,udio-120s,sonics_5274,alignment,,,
sdm_fake_0001__phonefact_resample8k,1,,1.0,0,1,music,source_disjoint,SONICS-suno,common_flac16k,,,,sdm_fake_0001,resample8k,source_disjoint_music_v1,chirp-v3.5,sonics_3480,prospective,,,
sdm_fake_0001__phonefact_g711_ulaw,1,,1.0,0,1,music,source_disjoint,SONICS-suno,common_flac16k,,,,sdm_fake_0001,g711_ulaw,source_disjoint_music_v1,chirp-v3.5,sonics_3480,prospective,,,
sdm_fake_0001__phonefact_g726_24k,1,,1.0,0,1,music,source_disjoint,SONICS-suno,common_flac16k,,,,sdm_fake_0001,g726_24k,source_disjoint_music_v1,chirp-v3.5,sonics_3480,prospective,,,
sdm_fake_0001__phonefact_opus_nb_8k,1,,1.0,0,1,music,source_disjoint,SONICS-suno,common_flac16k,,,,sdm_fake_0001,opus_nb_8k,source_disjoint_music_v1,chirp-v3.5,sonics_3480,prospective,,,
sdm_fake_0002__phonefact_resample8k,1,,1.0,0,1,music,source_disjoint,SONICS-suno,common_flac16k,,,,sdm_fake_0002,resample8k,source_disjoint_music_v1,chirp-v3.5,sonics_340,alignment,,,
sdm_fake_0002__phonefact_g711_ulaw,1,,1.0,0,1,music,source_disjoint,SONICS-suno,common_flac16k,,,,sdm_fake_0002,g711_ulaw,source_disjoint_music_v1,chirp-v3.5,sonics_340,alignment,,,
sdm_fake_0002__phonefact_g726_24k,1,,1.0,0,1,music,source_disjoint,SONICS-suno,common_flac16k,,,,sdm_fake_0002,g726_24k,source_disjoint_music_v1,chirp-v3.5,sonics_340,alignment,,,
sdm_fake_0002__phonefact_opus_nb_8k,1,,1.0,0,1,music,source_disjoint,SONICS-suno,common_flac16k,,,,sdm_fake_0002,opus_nb_8k,source_disjoint_music_v1,chirp-v3.5,sonics_340,alignment,,,
sdm_fake_0003__phonefact_resample8k,1,,1.0,0,1,music,source_disjoint,SONICS-udio,common_flac16k,,,,sdm_fake_0003,resample8k,source_disjoint_music_v1,udio-120s,sonics_2376,prospective,,,
sdm_fake_0003__phonefact_g711_ulaw,1,,1.0,0,1,music,source_disjoint,SONICS-udio,common_flac16k,,,,sdm_fake_0003,g711_ulaw,source_disjoint_music_v1,udio-120s,sonics_2376,prospective,,,
sdm_fake_0003__phonefact_g726_24k,1,,1.0,0,1,music,source_disjoint,SONICS-udio,common_flac16k,,,,sdm_fake_0003,g726_24k,source_disjoint_music_v1,udio-120s,sonics_2376,prospective,,,
sdm_fake_0003__phonefact_opus_nb_8k,1,,1.0,0,1,music,source_disjoint,SONICS-udio,common_flac16k,,,,sdm_fake_0003,opus_nb_8k,source_disjoint_music_v1,udio-120s,sonics_2376,prospective,,,
sdm_fake_0004__phonefact_resample8k,1,,1.0,0,1,music,source_disjoint,SONICS-suno,common_flac16k,,,,sdm_fake_0004,resample8k,source_disjoint_music_v1,chirp-v3.5,sonics_819,alignment,,,
sdm_fake_0004__phonefact_g711_ulaw,1,,1.0,0,1,music,source_disjoint,SONICS-suno,common_flac16k,,,,sdm_fake_0004,g711_ulaw,source_disjoint_music_v1,chirp-v3.5,sonics_819,alignment,,,
sdm_fake_0004__phonefact_g726_24k,1,,1.0,0,1,music,source_disjoint,SONICS-suno,common_flac16k,,,,sdm_fake_0004,g726_24k,source_disjoint_music_v1,chirp-v3.5,sonics_819,alignment,,,
sdm_fake_0004__phonefact_opus_nb_8k,1,,1.0,0,1,music,source_disjoint,SONICS-suno,common_flac16k,,,,sdm_fake_0004,opus_nb_8k,source_disjoint_music_v1,chirp-v3.5,sonics_819,alignment,,,
sdm_fake_0005__phonefact_resample8k,1,,1.0,0,1,music,source_disjoint,SONICS-suno,common_flac16k,,,,sdm_fake_0005,resample8k,source_disjoint_music_v1,chirp-v3.5,sonics_4061,prospective,,,
sdm_fake_0005__phonefact_g711_ulaw,1,,1.0,0,1,music,source_disjoint,SONICS-suno,common_flac16k,,,,sdm_fake_0005,g711_ulaw,source_disjoint_music_v1,chirp-v3.5,sonics_4061,prospective,,,
sdm_fake_0005__phonefact_g726_24k,1,,1.0,0,1,music,source_disjoint,SONICS-suno,common_flac16k,,,,sdm_fake_0005,g726_24k,source_disjoint_music_v1,chirp-v3.5,sonics_4061,prospective,,,
sdm_fake_0005__phonefact_opus_nb_8k,1,,1.0,0,1,music,source_disjoint,SONICS-suno,common_flac16k,,,,sdm_fake_0005,opus_nb_8k,source_disjoint_music_v1,chirp-v3.5,sonics_4061,prospective,,,
sdm_fake_0006__phonefact_resample8k,1,,1.0,0,1,music,source_disjoint,SONICS-udio,common_flac16k,,,,sdm_fake_0006,resample8k,source_disjoint_music_v1,udio-120s,sonics_3140,alignment,,,
sdm_fake_0006__phonefact_g711_ulaw,1,,1.0,0,1,music,source_disjoint,SONICS-udio,common_flac16k,,,,sdm_fake_0006,g711_ulaw,source_disjoint_music_v1,udio-120s,sonics_3140,alignment,,,
sdm_fake_0006__phonefact_g726_24k,1,,1.0,0,1,music,source_disjoint,SONICS-udio,common_flac16k,,,,sdm_fake_0006,g726_24k,source_disjoint_music_v1,udio-120s,sonics_3140,alignment,,,
sdm_fake_0006__phonefact_opus_nb_8k,1,,1.0,0,1,music,source_disjoint,SONICS-udio,common_flac16k,,,,sdm_fake_0006,opus_nb_8k,source_disjoint_music_v1,udio-120s,sonics_3140,alignment,,,
sdm_fake_0007__phonefact_resample8k,1,,1.0,0,1,music,source_disjoint,SONICS-suno,common_flac16k,,,,sdm_fake_0007,resample8k,source_disjoint_music_v1,chirp-v3.5,sonics_2365,prospective,,,
sdm_fake_0007__phonefact_g711_ulaw,1,,1.0,0,1,music,source_disjoint,SONICS-suno,common_flac16k,,,,sdm_fake_0007,g711_ulaw,source_disjoint_music_v1,chirp-v3.5,sonics_2365,prospective,,,
sdm_fake_0007__phonefact_g726_24k,1,,1.0,0,1,music,source_disjoint,SONICS-suno,common_flac16k,,,,sdm_fake_0007,g726_24k,source_disjoint_music_v1,chirp-v3.5,sonics_2365,prospective,,,
sdm_fake_0007__phonefact_opus_nb_8k,1,,1.0,0,1,music,source_disjoint,SONICS-suno,common_flac16k,,,,sdm_fake_0007,opus_nb_8k,source_disjoint_music_v1,chirp-v3.5,sonics_2365,prospective,,,
sdm_fake_0008__phonefact_resample8k,1,,1.0,0,1,music,source_disjoint,SONICS-udio,common_flac16k,,,,sdm_fake_0008,resample8k,source_disjoint_music_v1,udio-120s,sonics_5411,alignment,,,
sdm_fake_0008__phonefact_g711_ulaw,1,,1.0,0,1,music,source_disjoint,SONICS-udio,common_flac16k,,,,sdm_fake_0008,g711_ulaw,source_disjoint_music_v1,udio-120s,sonics_5411,alignment,,,
sdm_fake_0008__phonefact_g726_24k,1,,1.0,0,1,music,source_disjoint,SONICS-udio,common_flac16k,,,,sdm_fake_0008,g726_24k,source_disjoint_music_v1,udio-120s,sonics_5411,alignment,,,
sdm_fake_0008__phonefact_opus_nb_8k,1,,1.0,0,1,music,source_disjoint,SONICS-udio,common_flac16k,,,,sdm_fake_0008,opus_nb_8k,source_disjoint_music_v1,udio-120s,sonics_5411,alignment,,,
sdm_fake_0009__phonefact_resample8k,1,,1.0,0,1,music,source_disjoint,SONICS-suno,common_flac16k,,,,sdm_fake_0009,resample8k,source_disjoint_music_v1,chirp-v3.5,sonics_3198,prospective,,,
sdm_fake_0009__phonefact_g711_ulaw,1,,1.0,0,1,music,source_disjoint,SONICS-suno,common_flac16k,,,,sdm_fake_0009,g711_ulaw,source_disjoint_music_v1,chirp-v3.5,sonics_3198,prospective,,,
sdm_fake_0009__phonefact_g726_24k,1,,1.0,0,1,music,source_disjoint,SONICS-suno,common_flac16k,,,,sdm_fake_0009,g726_24k,source_disjoint_music_v1,chirp-v3.5,sonics_3198,prospective,,,
sdm_fake_0009__phonefact_opus_nb_8k,1,,1.0,0,1,music,source_disjoint,SONICS-suno,common_flac16k,,,,sdm_fake_0009,opus_nb_8k,source_disjoint_music_v1,chirp-v3.5,sonics_3198,prospective,,,
sdm_fake_0010__phonefact_resample8k,1,,1.0,0,1,music,source_disjoint,SONICS-udio,common_flac16k,,,,sdm_fake_0010,resample8k,source_disjoint_music_v1,udio-120s,sonics_1281,alignment,,,
sdm_fake_0010__phonefact_g711_ulaw,1,,1.0,0,1,music,source_disjoint,SONICS-udio,common_flac16k,,,,sdm_fake_0010,g711_ulaw,source_disjoint_music_v1,udio-120s,sonics_1281,alignment,,,
sdm_fake_0010__phonefact_g726_24k,1,,1.0,0,1,music,source_disjoint,SONICS-udio,common_flac16k,,,,sdm_fake_0010,g726_24k,source_disjoint_music_v1,udio-120s,sonics_1281,alignment,,,
sdm_fake_0010__phonefact_opus_nb_8k,1,,1.0,0,1,music,source_disjoint,SONICS-udio,common_flac16k,,,,sdm_fake_0010,opus_nb_8k,source_disjoint_music_v1,udio-120s,sonics_1281,alignment,,,
sdm_fake_0011__phonefact_resample8k,1,,1.0,0,1,music,source_disjoint,SONICS-suno,common_flac16k,,,,sdm_fake_0011,resample8k,source_disjoint_music_v1,chirp-v3.5,sonics_3652,prospective,,,
sdm_fake_0011__phonefact_g711_ulaw,1,,1.0,0,1,music,source_disjoint,SONICS-suno,common_flac16k,,,,sdm_fake_0011,g711_ulaw,source_disjoint_music_v1,chirp-v3.5,sonics_3652,prospective,,,
sdm_fake_0011__phonefact_g726_24k,1,,1.0,0,1,music,source_disjoint,SONICS-suno,common_flac16k,,,,sdm_fake_0011,g726_24k,source_disjoint_music_v1,chirp-v3.5,sonics_3652,prospective,,,
sdm_fake_0011__phonefact_opus_nb_8k,1,,1.0,0,1,music,source_disjoint,SONICS-suno,common_flac16k,,,,sdm_fake_0011,opus_nb_8k,source_disjoint_music_v1,chirp-v3.5,sonics_3652,prospective,,,
sdm_fake_0012__phonefact_resample8k,1,,1.0,0,1,music,source_disjoint,SONICS-udio,common_flac16k,,,,sdm_fake_0012,resample8k,source_disjoint_music_v1,udio-120s,sonics_3298,alignment,,,
sdm_fake_0012__phonefact_g711_ulaw,1,,1.0,0,1,music,source_disjoint,SONICS-udio,common_flac16k,,,,sdm_fake_0012,g711_ulaw,source_disjoint_music_v1,udio-120s,sonics_3298,alignment,,,
sdm_fake_0012__phonefact_g726_24k,1,,1.0,0,1,music,source_disjoint,SONICS-udio,common_flac16k,,,,sdm_fake_0012,g726_24k,source_disjoint_music_v1,udio-120s,sonics_3298,alignment,,,
sdm_fake_0012__phonefact_opus_nb_8k,1,,1.0,0,1,music,source_disjoint,SONICS-udio,common_flac16k,,,,sdm_fake_0012,opus_nb_8k,source_disjoint_music_v1,udio-120s,sonics_3298,alignment,,,
sdm_fake_0013__phonefact_resample8k,1,,1.0,0,1,music,source_disjoint,SONICS-suno,common_flac16k,,,,sdm_fake_0013,resample8k,source_disjoint_music_v1,chirp-v3.5,sonics_1959,prospective,,,
sdm_fake_0013__phonefact_g711_ulaw,1,,1.0,0,1,music,source_disjoint,SONICS-suno,common_flac16k,,,,sdm_fake_0013,g711_ulaw,source_disjoint_music_v1,chirp-v3.5,sonics_1959,prospective,,,
sdm_fake_0013__phonefact_g726_24k,1,,1.0,0,1,music,source_disjoint,SONICS-suno,common_flac16k,,,,sdm_fake_0013,g726_24k,source_disjoint_music_v1,chirp-v3.5,sonics_1959,prospective,,,
sdm_fake_0013__phonefact_opus_nb_8k,1,,1.0,0,1,music,source_disjoint,SONICS-suno,common_flac16k,,,,sdm_fake_0013,opus_nb_8k,source_disjoint_music_v1,chirp-v3.5,sonics_1959,prospective,,,
sdm_fake_0014__phonefact_resample8k,1,,1.0,0,1,music,source_disjoint,SONICS-udio,common_flac16k,,,,sdm_fake_0014,resample8k,source_disjoint_music_v1,udio-120s,sonics_2503,alignment,,,
sdm_fake_0014__phonefact_g711_ulaw,1,,1.0,0,1,music,source_disjoint,SONICS-udio,common_flac16k,,,,sdm_fake_0014,g711_ulaw,source_disjoint_music_v1,udio-120s,sonics_2503,alignment,,,
sdm_fake_0014__phonefact_g726_24k,1,,1.0,0,1,music,source_disjoint,SONICS-udio,common_flac16k,,,,sdm_fake_0014,g726_24k,source_disjoint_music_v1,udio-120s,sonics_2503,alignment,,,
sdm_fake_0014__phonefact_opus_nb_8k,1,,1.0,0,1,music,source_disjoint,SONICS-udio,common_flac16k,,,,sdm_fake_0014,opus_nb_8k,source_disjoint_music_v1,udio-120s,sonics_2503,alignment,,,
sdm_fake_0015__phonefact_resample8k,1,,1.0,0,1,music,source_disjoint,SONICS-suno,common_flac16k,,,,sdm_fake_0015,resample8k,source_disjoint_music_v1,chirp-v3.5,sonics_3798,prospective,,,
sdm_fake_0015__phonefact_g711_ulaw,1,,1.0,0,1,music,source_disjoint,SONICS-suno,common_flac16k,,,,sdm_fake_0015,g711_ulaw,source_disjoint_music_v1,chirp-v3.5,sonics_3798,prospective,,,
sdm_fake_0015__phonefact_g726_24k,1,,1.0,0,1,music,source_disjoint,SONICS-suno,common_flac16k,,,,sdm_fake_0015,g726_24k,source_disjoint_music_v1,chirp-v3.5,sonics_3798,prospective,,,
sdm_fake_0015__phonefact_opus_nb_8k,1,,1.0,0,1,music,source_disjoint,SONICS-suno,common_flac16k,,,,sdm_fake_0015,opus_nb_8k,source_disjoint_music_v1,chirp-v3.5,sonics_3798,prospective,,,
sdm_fake_0016__phonefact_resample8k,1,,1.0,0,1,music,source_disjoint,SONICS-udio,common_flac16k,,,,sdm_fake_0016,resample8k,source_disjoint_music_v1,udio-120s,sonics_4722,alignment,,,
sdm_fake_0016__phonefact_g711_ulaw,1,,1.0,0,1,music,source_disjoint,SONICS-udio,common_flac16k,,,,sdm_fake_0016,g711_ulaw,source_disjoint_music_v1,udio-120s,sonics_4722,alignment,,,
sdm_fake_0016__phonefact_g726_24k,1,,1.0,0,1,music,source_disjoint,SONICS-udio,common_flac16k,,,,sdm_fake_0016,g726_24k,source_disjoint_music_v1,udio-120s,sonics_4722,alignment,,,
sdm_fake_0016__phonefact_opus_nb_8k,1,,1.0,0,1,music,source_disjoint,SONICS-udio,common_flac16k,,,,sdm_fake_0016,opus_nb_8k,source_disjoint_music_v1,udio-120s,sonics_4722,alignment,,,
sdm_fake_0017__phonefact_resample8k,1,,1.0,0,1,music,source_disjoint,SONICS-suno,common_flac16k,,,,sdm_fake_0017,resample8k,source_disjoint_music_v1,chirp-v3.5,sonics_2163,prospective,,,
sdm_fake_0017__phonefact_g711_ulaw,1,,1.0,0,1,music,source_disjoint,SONICS-suno,common_flac16k,,,,sdm_fake_0017,g711_ulaw,source_disjoint_music_v1,chirp-v3.5,sonics_2163,prospective,,,
sdm_fake_0017__phonefact_g726_24k,1,,1.0,0,1,music,source_disjoint,SONICS-suno,common_flac16k,,,,sdm_fake_0017,g726_24k,source_disjoint_music_v1,chirp-v3.5,sonics_2163,prospective,,,
sdm_fake_0017__phonefact_opus_nb_8k,1,,1.0,0,1,music,source_disjoint,SONICS-suno,common_flac16k,,,,sdm_fake_0017,opus_nb_8k,source_disjoint_music_v1,chirp-v3.5,sonics_2163,prospective,,,
sdm_fake_0018__phonefact_resample8k,1,,1.0,0,1,music,source_disjoint,SONICS-suno,common_flac16k,,,,sdm_fake_0018,resample8k,source_disjoint_music_v1,chirp-v3.5,sonics_2420,alignment,,,
sdm_fake_0018__phonefact_g711_ulaw,1,,1.0,0,1,music,source_disjoint,SONICS-suno,common_flac16k,,,,sdm_fake_0018,g711_ulaw,source_disjoint_music_v1,chirp-v3.5,sonics_2420,alignment,,,
sdm_fake_0018__phonefact_g726_24k,1,,1.0,0,1,music,source_disjoint,SONICS-suno,common_flac16k,,,,sdm_fake_0018,g726_24k,source_disjoint_music_v1,chirp-v3.5,sonics_2420,alignment,,,
sdm_fake_0018__phonefact_opus_nb_8k,1,,1.0,0,1,music,source_disjoint,SONICS-suno,common_flac16k,,,,sdm_fake_0018,opus_nb_8k,source_disjoint_music_v1,chirp-v3.5,sonics_2420,alignment,,,
sdm_fake_0019__phonefact_resample8k,1,,1.0,0,1,music,source_disjoint,SONICS-udio,common_flac16k,,,,sdm_fake_0019,resample8k,source_disjoint_music_v1,udio-120s,sonics_1054,prospective,,,
sdm_fake_0019__phonefact_g711_ulaw,1,,1.0,0,1,music,source_disjoint,SONICS-udio,common_flac16k,,,,sdm_fake_0019,g711_ulaw,source_disjoint_music_v1,udio-120s,sonics_1054,prospective,,,
sdm_fake_0019__phonefact_g726_24k,1,,1.0,0,1,music,source_disjoint,SONICS-udio,common_flac16k,,,,sdm_fake_0019,g726_24k,source_disjoint_music_v1,udio-120s,sonics_1054,prospective,,,
sdm_fake_0019__phonefact_opus_nb_8k,1,,1.0,0,1,music,source_disjoint,SONICS-udio,common_flac16k,,,,sdm_fake_0019,opus_nb_8k,source_disjoint_music_v1,udio-120s,sonics_1054,prospective,,,
sdm_fake_0020__phonefact_resample8k,1,,1.0,0,1,music,source_disjoint,SONICS-udio,common_flac16k,,,,sdm_fake_0020,resample8k,source_disjoint_music_v1,udio-120s,sonics_21,alignment,,,
sdm_fake_0020__phonefact_g711_ulaw,1,,1.0,0,1,music,source_disjoint,SONICS-udio,common_flac16k,,,,sdm_fake_0020,g711_ulaw,source_disjoint_music_v1,udio-120s,sonics_21,alignment,,,
sdm_fake_0020__phonefact_g726_24k,1,,1.0,0,1,music,source_disjoint,SONICS-udio,common_flac16k,,,,sdm_fake_0020,g726_24k,source_disjoint_music_v1,udio-120s,sonics_21,alignment,,,
sdm_fake_0020__phonefact_opus_nb_8k,1,,1.0,0,1,music,source_disjoint,SONICS-udio,common_flac16k,,,,sdm_fake_0020,opus_nb_8k,source_disjoint_music_v1,udio-120s,sonics_21,alignment,,,
sdm_fake_0021__phonefact_resample8k,1,,1.0,0,1,music,source_disjoint,SONICS-udio,common_flac16k,,,,sdm_fake_0021,resample8k,source_disjoint_music_v1,udio-120s,sonics_786,prospective,,,
sdm_fake_0021__phonefact_g711_ulaw,1,,1.0,0,1,music,source_disjoint,SONICS-udio,common_flac16k,,,,sdm_fake_0021,g711_ulaw,source_disjoint_music_v1,udio-120s,sonics_786,prospective,,,
sdm_fake_0021__phonefact_g726_24k,1,,1.0,0,1,music,source_disjoint,SONICS-udio,common_flac16k,,,,sdm_fake_0021,g726_24k,source_disjoint_music_v1,udio-120s,sonics_786,prospective,,,
sdm_fake_0021__phonefact_opus_nb_8k,1,,1.0,0,1,music,source_disjoint,SONICS-udio,common_flac16k,,,,sdm_fake_0021,opus_nb_8k,source_disjoint_music_v1,udio-120s,sonics_786,prospective,,,
sdm_fake_0022__phonefact_resample8k,1,,1.0,0,1,music,source_disjoint,SONICS-suno,common_flac16k,,,,sdm_fake_0022,resample8k,source_disjoint_music_v1,chirp-v3.5,sonics_5072,alignment,,,
sdm_fake_0022__phonefact_g711_ulaw,1,,1.0,0,1,music,source_disjoint,SONICS-suno,common_flac16k,,,,sdm_fake_0022,g711_ulaw,source_disjoint_music_v1,chirp-v3.5,sonics_5072,alignment,,,
sdm_fake_0022__phonefact_g726_24k,1,,1.0,0,1,music,source_disjoint,SONICS-suno,common_flac16k,,,,sdm_fake_0022,g726_24k,source_disjoint_music_v1,chirp-v3.5,sonics_5072,alignment,,,
sdm_fake_0022__phonefact_opus_nb_8k,1,,1.0,0,1,music,source_disjoint,SONICS-suno,common_flac16k,,,,sdm_fake_0022,opus_nb_8k,source_disjoint_music_v1,chirp-v3.5,sonics_5072,alignment,,,
sdm_fake_0023__phonefact_resample8k,1,,1.0,0,1,music,source_disjoint,SONICS-suno,common_flac16k,,,,sdm_fake_0023,resample8k,source_disjoint_music_v1,chirp-v3.5,sonics_2700,prospective,,,
sdm_fake_0023__phonefact_g711_ulaw,1,,1.0,0,1,music,source_disjoint,SONICS-suno,common_flac16k,,,,sdm_fake_0023,g711_ulaw,source_disjoint_music_v1,chirp-v3.5,sonics_2700,prospective,,,
sdm_fake_0023__phonefact_g726_24k,1,,1.0,0,1,music,source_disjoint,SONICS-suno,common_flac16k,,,,sdm_fake_0023,g726_24k,source_disjoint_music_v1,chirp-v3.5,sonics_2700,prospective,,,
sdm_fake_0023__phonefact_opus_nb_8k,1,,1.0,0,1,music,source_disjoint,SONICS-suno,common_flac16k,,,,sdm_fake_0023,opus_nb_8k,source_disjoint_music_v1,chirp-v3.5,sonics_2700,prospective,,,
sdm_fake_0024__phonefact_resample8k,1,,1.0,0,1,music,source_disjoint,SONICS-udio,common_flac16k,,,,sdm_fake_0024,resample8k,source_disjoint_music_v1,udio-120s,sonics_3502,alignment,,,
sdm_fake_0024__phonefact_g711_ulaw,1,,1.0,0,1,music,source_disjoint,SONICS-udio,common_flac16k,,,,sdm_fake_0024,g711_ulaw,source_disjoint_music_v1,udio-120s,sonics_3502,alignment,,,
sdm_fake_0024__phonefact_g726_24k,1,,1.0,0,1,music,source_disjoint,SONICS-udio,common_flac16k,,,,sdm_fake_0024,g726_24k,source_disjoint_music_v1,udio-120s,sonics_3502,alignment,,,
sdm_fake_0024__phonefact_opus_nb_8k,1,,1.0,0,1,music,source_disjoint,SONICS-udio,common_flac16k,,,,sdm_fake_0024,opus_nb_8k,source_disjoint_music_v1,udio-120s,sonics_3502,alignment,,,
sdm_fake_0025__phonefact_resample8k,1,,1.0,0,1,music,source_disjoint,SONICS-udio,common_flac16k,,,,sdm_fake_0025,resample8k,source_disjoint_music_v1,udio-120s,sonics_2440,prospective,,,
sdm_fake_0025__phonefact_g711_ulaw,1,,1.0,0,1,music,source_disjoint,SONICS-udio,common_flac16k,,,,sdm_fake_0025,g711_ulaw,source_disjoint_music_v1,udio-120s,sonics_2440,prospective,,,
sdm_fake_0025__phonefact_g726_24k,1,,1.0,0,1,music,source_disjoint,SONICS-udio,common_flac16k,,,,sdm_fake_0025,g726_24k,source_disjoint_music_v1,udio-120s,sonics_2440,prospective,,,
sdm_fake_0025__phonefact_opus_nb_8k,1,,1.0,0,1,music,source_disjoint,SONICS-udio,common_flac16k,,,,sdm_fake_0025,opus_nb_8k,source_disjoint_music_v1,udio-120s,sonics_2440,prospective,,,
sdm_fake_0026__phonefact_resample8k,1,,1.0,0,1,music,source_disjoint,SONICS-suno,common_flac16k,,,,sdm_fake_0026,resample8k,source_disjoint_music_v1,chirp-v3.5,sonics_4970,alignment,,,
sdm_fake_0026__phonefact_g711_ulaw,1,,1.0,0,1,music,source_disjoint,SONICS-suno,common_flac16k,,,,sdm_fake_0026,g711_ulaw,source_disjoint_music_v1,chirp-v3.5,sonics_4970,alignment,,,
sdm_fake_0026__phonefact_g726_24k,1,,1.0,0,1,music,source_disjoint,SONICS-suno,common_flac16k,,,,sdm_fake_0026,g726_24k,source_disjoint_music_v1,chirp-v3.5,sonics_4970,alignment,,,
sdm_fake_0026__phonefact_opus_nb_8k,1,,1.0,0,1,music,source_disjoint,SONICS-suno,common_flac16k,,,,sdm_fake_0026,opus_nb_8k,source_disjoint_music_v1,chirp-v3.5,sonics_4970,alignment,,,
sdm_fake_0027__phonefact_resample8k,1,,1.0,0,1,music,source_disjoint,SONICS-udio,common_flac16k,,,,sdm_fake_0027,resample8k,source_disjoint_music_v1,udio-120s,sonics_2952,prospective,,,
sdm_fake_0027__phonefact_g711_ulaw,1,,1.0,0,1,music,source_disjoint,SONICS-udio,common_flac16k,,,,sdm_fake_0027,g711_ulaw,source_disjoint_music_v1,udio-120s,sonics_2952,prospective,,,
sdm_fake_0027__phonefact_g726_24k,1,,1.0,0,1,music,source_disjoint,SONICS-udio,common_flac16k,,,,sdm_fake_0027,g726_24k,source_disjoint_music_v1,udio-120s,sonics_2952,prospective,,,
sdm_fake_0027__phonefact_opus_nb_8k,1,,1.0,0,1,music,source_disjoint,SONICS-udio,common_flac16k,,,,sdm_fake_0027,opus_nb_8k,source_disjoint_music_v1,udio-120s,sonics_2952,prospective,,,
sdm_fake_0028__phonefact_resample8k,1,,1.0,0,1,music,source_disjoint,SONICS-suno,common_flac16k,,,,sdm_fake_0028,resample8k,source_disjoint_music_v1,chirp-v3.5,sonics_2319,alignment,,,
sdm_fake_0028__phonefact_g711_ulaw,1,,1.0,0,1,music,source_disjoint,SONICS-suno,common_flac16k,,,,sdm_fake_0028,g711_ulaw,source_disjoint_music_v1,chirp-v3.5,sonics_2319,alignment,,,
sdm_fake_0028__phonefact_g726_24k,1,,1.0,0,1,music,source_disjoint,SONICS-suno,common_flac16k,,,,sdm_fake_0028,g726_24k,source_disjoint_music_v1,chirp-v3.5,sonics_2319,alignment,,,
sdm_fake_0028__phonefact_opus_nb_8k,1,,1.0,0,1,music,source_disjoint,SONICS-suno,common_flac16k,,,,sdm_fake_0028,opus_nb_8k,source_disjoint_music_v1,chirp-v3.5,sonics_2319,alignment,,,
sdm_fake_0029__phonefact_resample8k,1,,1.0,0,1,music,source_disjoint,SONICS-suno,common_flac16k,,,,sdm_fake_0029,resample8k,source_disjoint_music_v1,chirp-v3.5,sonics_3091,prospective,,,
sdm_fake_0029__phonefact_g711_ulaw,1,,1.0,0,1,music,source_disjoint,SONICS-suno,common_flac16k,,,,sdm_fake_0029,g711_ulaw,source_disjoint_music_v1,chirp-v3.5,sonics_3091,prospective,,,
sdm_fake_0029__phonefact_g726_24k,1,,1.0,0,1,music,source_disjoint,SONICS-suno,common_flac16k,,,,sdm_fake_0029,g726_24k,source_disjoint_music_v1,chirp-v3.5,sonics_3091,prospective,,,
sdm_fake_0029__phonefact_opus_nb_8k,1,,1.0,0,1,music,source_disjoint,SONICS-suno,common_flac16k,,,,sdm_fake_0029,opus_nb_8k,source_disjoint_music_v1,chirp-v3.5,sonics_3091,prospective,,,
sdm_fake_0030__phonefact_resample8k,1,,1.0,0,1,music,source_disjoint,SONICS-udio,common_flac16k,,,,sdm_fake_0030,resample8k,source_disjoint_music_v1,udio-120s,sonics_638,alignment,,,
sdm_fake_0030__phonefact_g711_ulaw,1,,1.0,0,1,music,source_disjoint,SONICS-udio,common_flac16k,,,,sdm_fake_0030,g711_ulaw,source_disjoint_music_v1,udio-120s,sonics_638,alignment,,,
sdm_fake_0030__phonefact_g726_24k,1,,1.0,0,1,music,source_disjoint,SONICS-udio,common_flac16k,,,,sdm_fake_0030,g726_24k,source_disjoint_music_v1,udio-120s,sonics_638,alignment,,,
sdm_fake_0030__phonefact_opus_nb_8k,1,,1.0,0,1,music,source_disjoint,SONICS-udio,common_flac16k,,,,sdm_fake_0030,opus_nb_8k,source_disjoint_music_v1,udio-120s,sonics_638,alignment,,,
sdm_fake_0031__phonefact_resample8k,1,,1.0,0,1,music,source_disjoint,SONICS-suno,common_flac16k,,,,sdm_fake_0031,resample8k,source_disjoint_music_v1,chirp-v3.5,sonics_2554,prospective,,,
sdm_fake_0031__phonefact_g711_ulaw,1,,1.0,0,1,music,source_disjoint,SONICS-suno,common_flac16k,,,,sdm_fake_0031,g711_ulaw,source_disjoint_music_v1,chirp-v3.5,sonics_2554,prospective,,,
sdm_fake_0031__phonefact_g726_24k,1,,1.0,0,1,music,source_disjoint,SONICS-suno,common_flac16k,,,,sdm_fake_0031,g726_24k,source_disjoint_music_v1,chirp-v3.5,sonics_2554,prospective,,,
sdm_fake_0031__phonefact_opus_nb_8k,1,,1.0,0,1,music,source_disjoint,SONICS-suno,common_flac16k,,,,sdm_fake_0031,opus_nb_8k,source_disjoint_music_v1,chirp-v3.5,sonics_2554,prospective,,,
sdm_fake_0032__phonefact_resample8k,1,,1.0,0,1,music,source_disjoint,SONICS-udio,common_flac16k,,,,sdm_fake_0032,resample8k,source_disjoint_music_v1,udio-120s,sonics_5236,alignment,,,
sdm_fake_0032__phonefact_g711_ulaw,1,,1.0,0,1,music,source_disjoint,SONICS-udio,common_flac16k,,,,sdm_fake_0032,g711_ulaw,source_disjoint_music_v1,udio-120s,sonics_5236,alignment,,,
sdm_fake_0032__phonefact_g726_24k,1,,1.0,0,1,music,source_disjoint,SONICS-udio,common_flac16k,,,,sdm_fake_0032,g726_24k,source_disjoint_music_v1,udio-120s,sonics_5236,alignment,,,
sdm_fake_0032__phonefact_opus_nb_8k,1,,1.0,0,1,music,source_disjoint,SONICS-udio,common_flac16k,,,,sdm_fake_0032,opus_nb_8k,source_disjoint_music_v1,udio-120s,sonics_5236,alignment,,,
sdm_fake_0033__phonefact_resample8k,1,,1.0,0,1,music,source_disjoint,SONICS-suno,common_flac16k,,,,sdm_fake_0033,resample8k,source_disjoint_music_v1,chirp-v3.5,sonics_2739,prospective,,,
sdm_fake_0033__phonefact_g711_ulaw,1,,1.0,0,1,music,source_disjoint,SONICS-suno,common_flac16k,,,,sdm_fake_0033,g711_ulaw,source_disjoint_music_v1,chirp-v3.5,sonics_2739,prospective,,,
sdm_fake_0033__phonefact_g726_24k,1,,1.0,0,1,music,source_disjoint,SONICS-suno,common_flac16k,,,,sdm_fake_0033,g726_24k,source_disjoint_music_v1,chirp-v3.5,sonics_2739,prospective,,,
sdm_fake_0033__phonefact_opus_nb_8k,1,,1.0,0,1,music,source_disjoint,SONICS-suno,common_flac16k,,,,sdm_fake_0033,opus_nb_8k,source_disjoint_music_v1,chirp-v3.5,sonics_2739,prospective,,,
sdm_fake_0034__phonefact_resample8k,1,,1.0,0,1,music,source_disjoint,SONICS-suno,common_flac16k,,,,sdm_fake_0034,resample8k,source_disjoint_music_v1,chirp-v3.5,sonics_4757,alignment,,,
sdm_fake_0034__phonefact_g711_ulaw,1,,1.0,0,1,music,source_disjoint,SONICS-suno,common_flac16k,,,,sdm_fake_0034,g711_ulaw,source_disjoint_music_v1,chirp-v3.5,sonics_4757,alignment,,,
sdm_fake_0034__phonefact_g726_24k,1,,1.0,0,1,music,source_disjoint,SONICS-suno,common_flac16k,,,,sdm_fake_0034,g726_24k,source_disjoint_music_v1,chirp-v3.5,sonics_4757,alignment,,,
sdm_fake_0034__phonefact_opus_nb_8k,1,,1.0,0,1,music,source_disjoint,SONICS-suno,common_flac16k,,,,sdm_fake_0034,opus_nb_8k,source_disjoint_music_v1,chirp-v3.5,sonics_4757,alignment,,,
sdm_fake_0035__phonefact_resample8k,1,,1.0,0,1,music,source_disjoint,SONICS-udio,common_flac16k,,,,sdm_fake_0035,resample8k,source_disjoint_music_v1,udio-120s,sonics_3960,prospective,,,
sdm_fake_0035__phonefact_g711_ulaw,1,,1.0,0,1,music,source_disjoint,SONICS-udio,common_flac16k,,,,sdm_fake_0035,g711_ulaw,source_disjoint_music_v1,udio-120s,sonics_3960,prospective,,,
sdm_fake_0035__phonefact_g726_24k,1,,1.0,0,1,music,source_disjoint,SONICS-udio,common_flac16k,,,,sdm_fake_0035,g726_24k,source_disjoint_music_v1,udio-120s,sonics_3960,prospective,,,
sdm_fake_0035__phonefact_opus_nb_8k,1,,1.0,0,1,music,source_disjoint,SONICS-udio,common_flac16k,,,,sdm_fake_0035,opus_nb_8k,source_disjoint_music_v1,udio-120s,sonics_3960,prospective,,,
sdm_fake_0036__phonefact_resample8k,1,,1.0,0,1,music,source_disjoint,SONICS-udio,common_flac16k,,,,sdm_fake_0036,resample8k,source_disjoint_music_v1,udio-120s,sonics_3493,alignment,,,
sdm_fake_0036__phonefact_g711_ulaw,1,,1.0,0,1,music,source_disjoint,SONICS-udio,common_flac16k,,,,sdm_fake_0036,g711_ulaw,source_disjoint_music_v1,udio-120s,sonics_3493,alignment,,,
sdm_fake_0036__phonefact_g726_24k,1,,1.0,0,1,music,source_disjoint,SONICS-udio,common_flac16k,,,,sdm_fake_0036,g726_24k,source_disjoint_music_v1,udio-120s,sonics_3493,alignment,,,
sdm_fake_0036__phonefact_opus_nb_8k,1,,1.0,0,1,music,source_disjoint,SONICS-udio,common_flac16k,,,,sdm_fake_0036,opus_nb_8k,source_disjoint_music_v1,udio-120s,sonics_3493,alignment,,,
sdm_fake_0037__phonefact_resample8k,1,,1.0,0,1,music,source_disjoint,SONICS-suno,common_flac16k,,,,sdm_fake_0037,resample8k,source_disjoint_music_v1,chirp-v3.5,sonics_1352,prospective,,,
sdm_fake_0037__phonefact_g711_ulaw,1,,1.0,0,1,music,source_disjoint,SONICS-suno,common_flac16k,,,,sdm_fake_0037,g711_ulaw,source_disjoint_music_v1,chirp-v3.5,sonics_1352,prospective,,,
sdm_fake_0037__phonefact_g726_24k,1,,1.0,0,1,music,source_disjoint,SONICS-suno,common_flac16k,,,,sdm_fake_0037,g726_24k,source_disjoint_music_v1,chirp-v3.5,sonics_1352,prospective,,,
sdm_fake_0037__phonefact_opus_nb_8k,1,,1.0,0,1,music,source_disjoint,SONICS-suno,common_flac16k,,,,sdm_fake_0037,opus_nb_8k,source_disjoint_music_v1,chirp-v3.5,sonics_1352,prospective,,,
sdm_fake_0038__phonefact_resample8k,1,,1.0,0,1,music,source_disjoint,SONICS-suno,common_flac16k,,,,sdm_fake_0038,resample8k,source_disjoint_music_v1,chirp-v3.5,sonics_4270,alignment,,,
sdm_fake_0038__phonefact_g711_ulaw,1,,1.0,0,1,music,source_disjoint,SONICS-suno,common_flac16k,,,,sdm_fake_0038,g711_ulaw,source_disjoint_music_v1,chirp-v3.5,sonics_4270,alignment,,,
sdm_fake_0038__phonefact_g726_24k,1,,1.0,0,1,music,source_disjoint,SONICS-suno,common_flac16k,,,,sdm_fake_0038,g726_24k,source_disjoint_music_v1,chirp-v3.5,sonics_4270,alignment,,,
sdm_fake_0038__phonefact_opus_nb_8k,1,,1.0,0,1,music,source_disjoint,SONICS-suno,common_flac16k,,,,sdm_fake_0038,opus_nb_8k,source_disjoint_music_v1,chirp-v3.5,sonics_4270,alignment,,,
sdm_fake_0039__phonefact_resample8k,1,,1.0,0,1,music,source_disjoint,SONICS-suno,common_flac16k,,,,sdm_fake_0039,resample8k,source_disjoint_music_v1,chirp-v3.5,sonics_2424,prospective,,,
sdm_fake_0039__phonefact_g711_ulaw,1,,1.0,0,1,music,source_disjoint,SONICS-suno,common_flac16k,,,,sdm_fake_0039,g711_ulaw,source_disjoint_music_v1,chirp-v3.5,sonics_2424,prospective,,,
sdm_fake_0039__phonefact_g726_24k,1,,1.0,0,1,music,source_disjoint,SONICS-suno,common_flac16k,,,,sdm_fake_0039,g726_24k,source_disjoint_music_v1,chirp-v3.5,sonics_2424,prospective,,,
sdm_fake_0039__phonefact_opus_nb_8k,1,,1.0,0,1,music,source_disjoint,SONICS-suno,common_flac16k,,,,sdm_fake_0039,opus_nb_8k,source_disjoint_music_v1,chirp-v3.5,sonics_2424,prospective,,,
sdm_fake_0040__phonefact_resample8k,1,,1.0,0,1,music,source_disjoint,SONICS-udio,common_flac16k,,,,sdm_fake_0040,resample8k,source_disjoint_music_v1,udio-120s,sonics_3329,alignment,,,
sdm_fake_0040__phonefact_g711_ulaw,1,,1.0,0,1,music,source_disjoint,SONICS-udio,common_flac16k,,,,sdm_fake_0040,g711_ulaw,source_disjoint_music_v1,udio-120s,sonics_3329,alignment,,,
sdm_fake_0040__phonefact_g726_24k,1,,1.0,0,1,music,source_disjoint,SONICS-udio,common_flac16k,,,,sdm_fake_0040,g726_24k,source_disjoint_music_v1,udio-120s,sonics_3329,alignment,,,
sdm_fake_0040__phonefact_opus_nb_8k,1,,1.0,0,1,music,source_disjoint,SONICS-udio,common_flac16k,,,,sdm_fake_0040,opus_nb_8k,source_disjoint_music_v1,udio-120s,sonics_3329,alignment,,,
sdm_fake_0041__phonefact_resample8k,1,,1.0,0,1,music,source_disjoint,SONICS-suno,common_flac16k,,,,sdm_fake_0041,resample8k,source_disjoint_music_v1,chirp-v3.5,sonics_614,prospective,,,
sdm_fake_0041__phonefact_g711_ulaw,1,,1.0,0,1,music,source_disjoint,SONICS-suno,common_flac16k,,,,sdm_fake_0041,g711_ulaw,source_disjoint_music_v1,chirp-v3.5,sonics_614,prospective,,,
sdm_fake_0041__phonefact_g726_24k,1,,1.0,0,1,music,source_disjoint,SONICS-suno,common_flac16k,,,,sdm_fake_0041,g726_24k,source_disjoint_music_v1,chirp-v3.5,sonics_614,prospective,,,
sdm_fake_0041__phonefact_opus_nb_8k,1,,1.0,0,1,music,source_disjoint,SONICS-suno,common_flac16k,,,,sdm_fake_0041,opus_nb_8k,source_disjoint_music_v1,chirp-v3.5,sonics_614,prospective,,,
sdm_fake_0042__phonefact_resample8k,1,,1.0,0,1,music,source_disjoint,SONICS-suno,common_flac16k,,,,sdm_fake_0042,resample8k,source_disjoint_music_v1,chirp-v3.5,sonics_1609,alignment,,,
sdm_fake_0042__phonefact_g711_ulaw,1,,1.0,0,1,music,source_disjoint,SONICS-suno,common_flac16k,,,,sdm_fake_0042,g711_ulaw,source_disjoint_music_v1,chirp-v3.5,sonics_1609,alignment,,,
sdm_fake_0042__phonefact_g726_24k,1,,1.0,0,1,music,source_disjoint,SONICS-suno,common_flac16k,,,,sdm_fake_0042,g726_24k,source_disjoint_music_v1,chirp-v3.5,sonics_1609,alignment,,,
sdm_fake_0042__phonefact_opus_nb_8k,1,,1.0,0,1,music,source_disjoint,SONICS-suno,common_flac16k,,,,sdm_fake_0042,opus_nb_8k,source_disjoint_music_v1,chirp-v3.5,sonics_1609,alignment,,,
sdm_fake_0043__phonefact_resample8k,1,,1.0,0,1,music,source_disjoint,SONICS-udio,common_flac16k,,,,sdm_fake_0043,resample8k,source_disjoint_music_v1,udio-120s,sonics_662,prospective,,,
sdm_fake_0043__phonefact_g711_ulaw,1,,1.0,0,1,music,source_disjoint,SONICS-udio,common_flac16k,,,,sdm_fake_0043,g711_ulaw,source_disjoint_music_v1,udio-120s,sonics_662,prospective,,,
sdm_fake_0043__phonefact_g726_24k,1,,1.0,0,1,music,source_disjoint,SONICS-udio,common_flac16k,,,,sdm_fake_0043,g726_24k,source_disjoint_music_v1,udio-120s,sonics_662,prospective,,,
sdm_fake_0043__phonefact_opus_nb_8k,1,,1.0,0,1,music,source_disjoint,SONICS-udio,common_flac16k,,,,sdm_fake_0043,opus_nb_8k,source_disjoint_music_v1,udio-120s,sonics_662,prospective,,,
sdm_fake_0044__phonefact_resample8k,1,,1.0,0,1,music,source_disjoint,SONICS-udio,common_flac16k,,,,sdm_fake_0044,resample8k,source_disjoint_music_v1,udio-120s,sonics_677,alignment,,,
sdm_fake_0044__phonefact_g711_ulaw,1,,1.0,0,1,music,source_disjoint,SONICS-udio,common_flac16k,,,,sdm_fake_0044,g711_ulaw,source_disjoint_music_v1,udio-120s,sonics_677,alignment,,,
sdm_fake_0044__phonefact_g726_24k,1,,1.0,0,1,music,source_disjoint,SONICS-udio,common_flac16k,,,,sdm_fake_0044,g726_24k,source_disjoint_music_v1,udio-120s,sonics_677,alignment,,,
sdm_fake_0044__phonefact_opus_nb_8k,1,,1.0,0,1,music,source_disjoint,SONICS-udio,common_flac16k,,,,sdm_fake_0044,opus_nb_8k,source_disjoint_music_v1,udio-120s,sonics_677,alignment,,,
sdm_fake_0045__phonefact_resample8k,1,,1.0,0,1,music,source_disjoint,SONICS-suno,common_flac16k,,,,sdm_fake_0045,resample8k,source_disjoint_music_v1,chirp-v3.5,sonics_3825,prospective,,,
sdm_fake_0045__phonefact_g711_ulaw,1,,1.0,0,1,music,source_disjoint,SONICS-suno,common_flac16k,,,,sdm_fake_0045,g711_ulaw,source_disjoint_music_v1,chirp-v3.5,sonics_3825,prospective,,,
sdm_fake_0045__phonefact_g726_24k,1,,1.0,0,1,music,source_disjoint,SONICS-suno,common_flac16k,,,,sdm_fake_0045,g726_24k,source_disjoint_music_v1,chirp-v3.5,sonics_3825,prospective,,,
sdm_fake_0045__phonefact_opus_nb_8k,1,,1.0,0,1,music,source_disjoint,SONICS-suno,common_flac16k,,,,sdm_fake_0045,opus_nb_8k,source_disjoint_music_v1,chirp-v3.5,sonics_3825,prospective,,,
sdm_fake_0046__phonefact_resample8k,1,,1.0,0,1,music,source_disjoint,SONICS-suno,common_flac16k,,,,sdm_fake_0046,resample8k,source_disjoint_music_v1,chirp-v3.5,sonics_4651,alignment,,,
sdm_fake_0046__phonefact_g711_ulaw,1,,1.0,0,1,music,source_disjoint,SONICS-suno,common_flac16k,,,,sdm_fake_0046,g711_ulaw,source_disjoint_music_v1,chirp-v3.5,sonics_4651,alignment,,,
sdm_fake_0046__phonefact_g726_24k,1,,1.0,0,1,music,source_disjoint,SONICS-suno,common_flac16k,,,,sdm_fake_0046,g726_24k,source_disjoint_music_v1,chirp-v3.5,sonics_4651,alignment,,,
sdm_fake_0046__phonefact_opus_nb_8k,1,,1.0,0,1,music,source_disjoint,SONICS-suno,common_flac16k,,,,sdm_fake_0046,opus_nb_8k,source_disjoint_music_v1,chirp-v3.5,sonics_4651,alignment,,,
sdm_fake_0047__phonefact_resample8k,1,,1.0,0,1,music,source_disjoint,SONICS-udio,common_flac16k,,,,sdm_fake_0047,resample8k,source_disjoint_music_v1,udio-120s,sonics_17,prospective,,,
sdm_fake_0047__phonefact_g711_ulaw,1,,1.0,0,1,music,source_disjoint,SONICS-udio,common_flac16k,,,,sdm_fake_0047,g711_ulaw,source_disjoint_music_v1,udio-120s,sonics_17,prospective,,,
sdm_fake_0047__phonefact_g726_24k,1,,1.0,0,1,music,source_disjoint,SONICS-udio,common_flac16k,,,,sdm_fake_0047,g726_24k,source_disjoint_music_v1,udio-120s,sonics_17,prospective,,,
sdm_fake_0047__phonefact_opus_nb_8k,1,,1.0,0,1,music,source_disjoint,SONICS-udio,common_flac16k,,,,sdm_fake_0047,opus_nb_8k,source_disjoint_music_v1,udio-120s,sonics_17,prospective,,,
sdm_fake_0048__phonefact_resample8k,1,,1.0,0,1,music,source_disjoint,SONICS-suno,common_flac16k,,,,sdm_fake_0048,resample8k,source_disjoint_music_v1,chirp-v3.5,sonics_2393,alignment,,,
sdm_fake_0048__phonefact_g711_ulaw,1,,1.0,0,1,music,source_disjoint,SONICS-suno,common_flac16k,,,,sdm_fake_0048,g711_ulaw,source_disjoint_music_v1,chirp-v3.5,sonics_2393,alignment,,,
sdm_fake_0048__phonefact_g726_24k,1,,1.0,0,1,music,source_disjoint,SONICS-suno,common_flac16k,,,,sdm_fake_0048,g726_24k,source_disjoint_music_v1,chirp-v3.5,sonics_2393,alignment,,,
sdm_fake_0048__phonefact_opus_nb_8k,1,,1.0,0,1,music,source_disjoint,SONICS-suno,common_flac16k,,,,sdm_fake_0048,opus_nb_8k,source_disjoint_music_v1,chirp-v3.5,sonics_2393,alignment,,,
sdm_fake_0049__phonefact_resample8k,1,,1.0,0,1,music,source_disjoint,SONICS-suno,common_flac16k,,,,sdm_fake_0049,resample8k,source_disjoint_music_v1,chirp-v3.5,sonics_3410,prospective,,,
sdm_fake_0049__phonefact_g711_ulaw,1,,1.0,0,1,music,source_disjoint,SONICS-suno,common_flac16k,,,,sdm_fake_0049,g711_ulaw,source_disjoint_music_v1,chirp-v3.5,sonics_3410,prospective,,,
sdm_fake_0049__phonefact_g726_24k,1,,1.0,0,1,music,source_disjoint,SONICS-suno,common_flac16k,,,,sdm_fake_0049,g726_24k,source_disjoint_music_v1,chirp-v3.5,sonics_3410,prospective,,,
sdm_fake_0049__phonefact_opus_nb_8k,1,,1.0,0,1,music,source_disjoint,SONICS-suno,common_flac16k,,,,sdm_fake_0049,opus_nb_8k,source_disjoint_music_v1,chirp-v3.5,sonics_3410,prospective,,,
voice_0000__phonefact_resample8k,0,0.0,,1,0,voice,speech_only,vcc2020,nocodec,,,,voice_0000,resample8k,asvspoof_voice_v1,-,,,bonafide,TFM1,4.1066875
voice_0000__phonefact_g711_ulaw,0,0.0,,1,0,voice,speech_only,vcc2020,nocodec,,,,voice_0000,g711_ulaw,asvspoof_voice_v1,-,,,bonafide,TFM1,4.1066875
voice_0000__phonefact_g726_24k,0,0.0,,1,0,voice,speech_only,vcc2020,nocodec,,,,voice_0000,g726_24k,asvspoof_voice_v1,-,,,bonafide,TFM1,4.1066875
voice_0000__phonefact_opus_nb_8k,0,0.0,,1,0,voice,speech_only,vcc2020,nocodec,,,,voice_0000,opus_nb_8k,asvspoof_voice_v1,-,,,bonafide,TFM1,4.1066875
voice_0001__phonefact_resample8k,0,0.0,,1,0,voice,speech_only,vcc2018,low_ogg,,,,voice_0001,resample8k,asvspoof_voice_v1,-,,,bonafide,VCC2SM1,5.352
voice_0001__phonefact_g711_ulaw,0,0.0,,1,0,voice,speech_only,vcc2018,low_ogg,,,,voice_0001,g711_ulaw,asvspoof_voice_v1,-,,,bonafide,VCC2SM1,5.352
voice_0001__phonefact_g726_24k,0,0.0,,1,0,voice,speech_only,vcc2018,low_ogg,,,,voice_0001,g726_24k,asvspoof_voice_v1,-,,,bonafide,VCC2SM1,5.352
voice_0001__phonefact_opus_nb_8k,0,0.0,,1,0,voice,speech_only,vcc2018,low_ogg,,,,voice_0001,opus_nb_8k,asvspoof_voice_v1,-,,,bonafide,VCC2SM1,5.352
voice_0002__phonefact_resample8k,0,0.0,,1,0,voice,speech_only,asvspoof,high_ogg,,,,voice_0002,resample8k,asvspoof_voice_v1,-,,,bonafide,LA_0019,4.952
voice_0002__phonefact_g711_ulaw,0,0.0,,1,0,voice,speech_only,asvspoof,high_ogg,,,,voice_0002,g711_ulaw,asvspoof_voice_v1,-,,,bonafide,LA_0019,4.952
voice_0002__phonefact_g726_24k,0,0.0,,1,0,voice,speech_only,asvspoof,high_ogg,,,,voice_0002,g726_24k,asvspoof_voice_v1,-,,,bonafide,LA_0019,4.952
voice_0002__phonefact_opus_nb_8k,0,0.0,,1,0,voice,speech_only,asvspoof,high_ogg,,,,voice_0002,opus_nb_8k,asvspoof_voice_v1,-,,,bonafide,LA_0019,4.952
voice_0003__phonefact_resample8k,0,0.0,,1,0,voice,speech_only,vcc2020,high_m4a,,,,voice_0003,resample8k,asvspoof_voice_v1,-,,,bonafide,TEM1,5.632
voice_0003__phonefact_g711_ulaw,0,0.0,,1,0,voice,speech_only,vcc2020,high_m4a,,,,voice_0003,g711_ulaw,asvspoof_voice_v1,-,,,bonafide,TEM1,5.632
voice_0003__phonefact_g726_24k,0,0.0,,1,0,voice,speech_only,vcc2020,high_m4a,,,,voice_0003,g726_24k,asvspoof_voice_v1,-,,,bonafide,TEM1,5.632
voice_0003__phonefact_opus_nb_8k,0,0.0,,1,0,voice,speech_only,vcc2020,high_m4a,,,,voice_0003,opus_nb_8k,asvspoof_voice_v1,-,,,bonafide,TEM1,5.632
voice_0004__phonefact_resample8k,0,0.0,,1,0,voice,speech_only,vcc2018,oggm4a,,,,voice_0004,resample8k,asvspoof_voice_v1,-,,,bonafide,VCC2SM4,4.544
voice_0004__phonefact_g711_ulaw,0,0.0,,1,0,voice,speech_only,vcc2018,oggm4a,,,,voice_0004,g711_ulaw,asvspoof_voice_v1,-,,,bonafide,VCC2SM4,4.544
voice_0004__phonefact_g726_24k,0,0.0,,1,0,voice,speech_only,vcc2018,oggm4a,,,,voice_0004,g726_24k,asvspoof_voice_v1,-,,,bonafide,VCC2SM4,4.544
voice_0004__phonefact_opus_nb_8k,0,0.0,,1,0,voice,speech_only,vcc2018,oggm4a,,,,voice_0004,opus_nb_8k,asvspoof_voice_v1,-,,,bonafide,VCC2SM4,4.544
voice_0005__phonefact_resample8k,0,0.0,,1,0,voice,speech_only,asvspoof,high_ogg,,,,voice_0005,resample8k,asvspoof_voice_v1,-,,,bonafide,LA_0024,4.616
voice_0005__phonefact_g711_ulaw,0,0.0,,1,0,voice,speech_only,asvspoof,high_ogg,,,,voice_0005,g711_ulaw,asvspoof_voice_v1,-,,,bonafide,LA_0024,4.616
voice_0005__phonefact_g726_24k,0,0.0,,1,0,voice,speech_only,asvspoof,high_ogg,,,,voice_0005,g726_24k,asvspoof_voice_v1,-,,,bonafide,LA_0024,4.616
voice_0005__phonefact_opus_nb_8k,0,0.0,,1,0,voice,speech_only,asvspoof,high_ogg,,,,voice_0005,opus_nb_8k,asvspoof_voice_v1,-,,,bonafide,LA_0024,4.616
voice_0006__phonefact_resample8k,0,0.0,,1,0,voice,speech_only,vcc2020,low_mp3,,,,voice_0006,resample8k,asvspoof_voice_v1,-,,,bonafide,TFM1,7.168
voice_0006__phonefact_g711_ulaw,0,0.0,,1,0,voice,speech_only,vcc2020,low_mp3,,,,voice_0006,g711_ulaw,asvspoof_voice_v1,-,,,bonafide,TFM1,7.168
voice_0006__phonefact_g726_24k,0,0.0,,1,0,voice,speech_only,vcc2020,low_mp3,,,,voice_0006,g726_24k,asvspoof_voice_v1,-,,,bonafide,TFM1,7.168
voice_0006__phonefact_opus_nb_8k,0,0.0,,1,0,voice,speech_only,vcc2020,low_mp3,,,,voice_0006,opus_nb_8k,asvspoof_voice_v1,-,,,bonafide,TFM1,7.168
voice_0007__phonefact_resample8k,0,0.0,,1,0,voice,speech_only,asvspoof,nocodec,,,,voice_0007,resample8k,asvspoof_voice_v1,-,,,bonafide,LA_0036,4.4804375
voice_0007__phonefact_g711_ulaw,0,0.0,,1,0,voice,speech_only,asvspoof,nocodec,,,,voice_0007,g711_ulaw,asvspoof_voice_v1,-,,,bonafide,LA_0036,4.4804375
voice_0007__phonefact_g726_24k,0,0.0,,1,0,voice,speech_only,asvspoof,nocodec,,,,voice_0007,g726_24k,asvspoof_voice_v1,-,,,bonafide,LA_0036,4.4804375
voice_0007__phonefact_opus_nb_8k,0,0.0,,1,0,voice,speech_only,asvspoof,nocodec,,,,voice_0007,opus_nb_8k,asvspoof_voice_v1,-,,,bonafide,LA_0036,4.4804375
voice_0008__phonefact_resample8k,0,0.0,,1,0,voice,speech_only,vcc2020,high_mp3,,,,voice_0008,resample8k,asvspoof_voice_v1,-,,,bonafide,TMM1,4.78
voice_0008__phonefact_g711_ulaw,0,0.0,,1,0,voice,speech_only,vcc2020,high_mp3,,,,voice_0008,g711_ulaw,asvspoof_voice_v1,-,,,bonafide,TMM1,4.78
voice_0008__phonefact_g726_24k,0,0.0,,1,0,voice,speech_only,vcc2020,high_mp3,,,,voice_0008,g726_24k,asvspoof_voice_v1,-,,,bonafide,TMM1,4.78
voice_0008__phonefact_opus_nb_8k,0,0.0,,1,0,voice,speech_only,vcc2020,high_mp3,,,,voice_0008,opus_nb_8k,asvspoof_voice_v1,-,,,bonafide,TMM1,4.78
voice_0009__phonefact_resample8k,0,0.0,,1,0,voice,speech_only,vcc2018,mp3m4a,,,,voice_0009,resample8k,asvspoof_voice_v1,-,,,bonafide,VCC2TM1,4.48
voice_0009__phonefact_g711_ulaw,0,0.0,,1,0,voice,speech_only,vcc2018,mp3m4a,,,,voice_0009,g711_ulaw,asvspoof_voice_v1,-,,,bonafide,VCC2TM1,4.48
voice_0009__phonefact_g726_24k,0,0.0,,1,0,voice,speech_only,vcc2018,mp3m4a,,,,voice_0009,g726_24k,asvspoof_voice_v1,-,,,bonafide,VCC2TM1,4.48
voice_0009__phonefact_opus_nb_8k,0,0.0,,1,0,voice,speech_only,vcc2018,mp3m4a,,,,voice_0009,opus_nb_8k,asvspoof_voice_v1,-,,,bonafide,VCC2TM1,4.48
voice_0010__phonefact_resample8k,0,0.0,,1,0,voice,speech_only,asvspoof,low_ogg,,,,voice_0010,resample8k,asvspoof_voice_v1,-,,,bonafide,LA_0063,4.104
voice_0010__phonefact_g711_ulaw,0,0.0,,1,0,voice,speech_only,asvspoof,low_ogg,,,,voice_0010,g711_ulaw,asvspoof_voice_v1,-,,,bonafide,LA_0063,4.104
voice_0010__phonefact_g726_24k,0,0.0,,1,0,voice,speech_only,asvspoof,low_ogg,,,,voice_0010,g726_24k,asvspoof_voice_v1,-,,,bonafide,LA_0063,4.104
voice_0010__phonefact_opus_nb_8k,0,0.0,,1,0,voice,speech_only,asvspoof,low_ogg,,,,voice_0010,opus_nb_8k,asvspoof_voice_v1,-,,,bonafide,LA_0063,4.104
voice_0011__phonefact_resample8k,0,0.0,,1,0,voice,speech_only,vcc2020,low_ogg,,,,voice_0011,resample8k,asvspoof_voice_v1,-,,,bonafide,TFF1,5.608
voice_0011__phonefact_g711_ulaw,0,0.0,,1,0,voice,speech_only,vcc2020,low_ogg,,,,voice_0011,g711_ulaw,asvspoof_voice_v1,-,,,bonafide,TFF1,5.608
voice_0011__phonefact_g726_24k,0,0.0,,1,0,voice,speech_only,vcc2020,low_ogg,,,,voice_0011,g726_24k,asvspoof_voice_v1,-,,,bonafide,TFF1,5.608
voice_0011__phonefact_opus_nb_8k,0,0.0,,1,0,voice,speech_only,vcc2020,low_ogg,,,,voice_0011,opus_nb_8k,asvspoof_voice_v1,-,,,bonafide,TFF1,5.608
voice_0012__phonefact_resample8k,0,0.0,,1,0,voice,speech_only,asvspoof,high_mp3,,,,voice_0012,resample8k,asvspoof_voice_v1,-,,,bonafide,LA_0022,6.0149375
voice_0012__phonefact_g711_ulaw,0,0.0,,1,0,voice,speech_only,asvspoof,high_mp3,,,,voice_0012,g711_ulaw,asvspoof_voice_v1,-,,,bonafide,LA_0022,6.0149375
voice_0012__phonefact_g726_24k,0,0.0,,1,0,voice,speech_only,asvspoof,high_mp3,,,,voice_0012,g726_24k,asvspoof_voice_v1,-,,,bonafide,LA_0022,6.0149375
voice_0012__phonefact_opus_nb_8k,0,0.0,,1,0,voice,speech_only,asvspoof,high_mp3,,,,voice_0012,opus_nb_8k,asvspoof_voice_v1,-,,,bonafide,LA_0022,6.0149375
voice_0013__phonefact_resample8k,0,0.0,,1,0,voice,speech_only,asvspoof,mp3m4a,,,,voice_0013,resample8k,asvspoof_voice_v1,-,,,bonafide,LA_0013,5.504
voice_0013__phonefact_g711_ulaw,0,0.0,,1,0,voice,speech_only,asvspoof,mp3m4a,,,,voice_0013,g711_ulaw,asvspoof_voice_v1,-,,,bonafide,LA_0013,5.504
voice_0013__phonefact_g726_24k,0,0.0,,1,0,voice,speech_only,asvspoof,mp3m4a,,,,voice_0013,g726_24k,asvspoof_voice_v1,-,,,bonafide,LA_0013,5.504
voice_0013__phonefact_opus_nb_8k,0,0.0,,1,0,voice,speech_only,asvspoof,mp3m4a,,,,voice_0013,opus_nb_8k,asvspoof_voice_v1,-,,,bonafide,LA_0013,5.504
voice_0014__phonefact_resample8k,0,0.0,,1,0,voice,speech_only,vcc2020,low_mp3,,,,voice_0014,resample8k,asvspoof_voice_v1,-,,,bonafide,SEF2,4.23275
voice_0014__phonefact_g711_ulaw,0,0.0,,1,0,voice,speech_only,vcc2020,low_mp3,,,,voice_0014,g711_ulaw,asvspoof_voice_v1,-,,,bonafide,SEF2,4.23275
voice_0014__phonefact_g726_24k,0,0.0,,1,0,voice,speech_only,vcc2020,low_mp3,,,,voice_0014,g726_24k,asvspoof_voice_v1,-,,,bonafide,SEF2,4.23275
voice_0014__phonefact_opus_nb_8k,0,0.0,,1,0,voice,speech_only,vcc2020,low_mp3,,,,voice_0014,opus_nb_8k,asvspoof_voice_v1,-,,,bonafide,SEF2,4.23275
voice_0015__phonefact_resample8k,0,0.0,,1,0,voice,speech_only,asvspoof,high_m4a,,,,voice_0015,resample8k,asvspoof_voice_v1,-,,,bonafide,LA_0032,4.032
voice_0015__phonefact_g711_ulaw,0,0.0,,1,0,voice,speech_only,asvspoof,high_m4a,,,,voice_0015,g711_ulaw,asvspoof_voice_v1,-,,,bonafide,LA_0032,4.032
voice_0015__phonefact_g726_24k,0,0.0,,1,0,voice,speech_only,asvspoof,high_m4a,,,,voice_0015,g726_24k,asvspoof_voice_v1,-,,,bonafide,LA_0032,4.032
voice_0015__phonefact_opus_nb_8k,0,0.0,,1,0,voice,speech_only,asvspoof,high_m4a,,,,voice_0015,opus_nb_8k,asvspoof_voice_v1,-,,,bonafide,LA_0032,4.032
voice_0016__phonefact_resample8k,0,0.0,,1,0,voice,speech_only,asvspoof,high_ogg,,,,voice_0016,resample8k,asvspoof_voice_v1,-,,,bonafide,LA_0036,4.192
voice_0016__phonefact_g711_ulaw,0,0.0,,1,0,voice,speech_only,asvspoof,high_ogg,,,,voice_0016,g711_ulaw,asvspoof_voice_v1,-,,,bonafide,LA_0036,4.192
voice_0016__phonefact_g726_24k,0,0.0,,1,0,voice,speech_only,asvspoof,high_ogg,,,,voice_0016,g726_24k,asvspoof_voice_v1,-,,,bonafide,LA_0036,4.192
voice_0016__phonefact_opus_nb_8k,0,0.0,,1,0,voice,speech_only,asvspoof,high_ogg,,,,voice_0016,opus_nb_8k,asvspoof_voice_v1,-,,,bonafide,LA_0036,4.192
voice_0017__phonefact_resample8k,0,0.0,,1,0,voice,speech_only,asvspoof,low_ogg,,,,voice_0017,resample8k,asvspoof_voice_v1,-,,,bonafide,LA_0044,4.568
voice_0017__phonefact_g711_ulaw,0,0.0,,1,0,voice,speech_only,asvspoof,low_ogg,,,,voice_0017,g711_ulaw,asvspoof_voice_v1,-,,,bonafide,LA_0044,4.568
voice_0017__phonefact_g726_24k,0,0.0,,1,0,voice,speech_only,asvspoof,low_ogg,,,,voice_0017,g726_24k,asvspoof_voice_v1,-,,,bonafide,LA_0044,4.568
voice_0017__phonefact_opus_nb_8k,0,0.0,,1,0,voice,speech_only,asvspoof,low_ogg,,,,voice_0017,opus_nb_8k,asvspoof_voice_v1,-,,,bonafide,LA_0044,4.568
voice_0018__phonefact_resample8k,0,0.0,,1,0,voice,speech_only,vcc2020,high_m4a,,,,voice_0018,resample8k,asvspoof_voice_v1,-,,,bonafide,TMF1,5.696
voice_0018__phonefact_g711_ulaw,0,0.0,,1,0,voice,speech_only,vcc2020,high_m4a,,,,voice_0018,g711_ulaw,asvspoof_voice_v1,-,,,bonafide,TMF1,5.696
voice_0018__phonefact_g726_24k,0,0.0,,1,0,voice,speech_only,vcc2020,high_m4a,,,,voice_0018,g726_24k,asvspoof_voice_v1,-,,,bonafide,TMF1,5.696
voice_0018__phonefact_opus_nb_8k,0,0.0,,1,0,voice,speech_only,vcc2020,high_m4a,,,,voice_0018,opus_nb_8k,asvspoof_voice_v1,-,,,bonafide,TMF1,5.696
voice_0019__phonefact_resample8k,0,0.0,,1,0,voice,speech_only,vcc2018,oggm4a,,,,voice_0019,resample8k,asvspoof_voice_v1,-,,,bonafide,VCC2TM2,5.44
voice_0019__phonefact_g711_ulaw,0,0.0,,1,0,voice,speech_only,vcc2018,oggm4a,,,,voice_0019,g711_ulaw,asvspoof_voice_v1,-,,,bonafide,VCC2TM2,5.44
voice_0019__phonefact_g726_24k,0,0.0,,1,0,voice,speech_only,vcc2018,oggm4a,,,,voice_0019,g726_24k,asvspoof_voice_v1,-,,,bonafide,VCC2TM2,5.44
voice_0019__phonefact_opus_nb_8k,0,0.0,,1,0,voice,speech_only,vcc2018,oggm4a,,,,voice_0019,opus_nb_8k,asvspoof_voice_v1,-,,,bonafide,VCC2TM2,5.44
voice_0020__phonefact_resample8k,0,0.0,,1,0,voice,speech_only,asvspoof,high_mp3,,,,voice_0020,resample8k,asvspoof_voice_v1,-,,,bonafide,LA_0018,4.1429375
voice_0020__phonefact_g711_ulaw,0,0.0,,1,0,voice,speech_only,asvspoof,high_mp3,,,,voice_0020,g711_ulaw,asvspoof_voice_v1,-,,,bonafide,LA_0018,4.1429375
voice_0020__phonefact_g726_24k,0,0.0,,1,0,voice,speech_only,asvspoof,high_mp3,,,,voice_0020,g726_24k,asvspoof_voice_v1,-,,,bonafide,LA_0018,4.1429375
voice_0020__phonefact_opus_nb_8k,0,0.0,,1,0,voice,speech_only,asvspoof,high_mp3,,,,voice_0020,opus_nb_8k,asvspoof_voice_v1,-,,,bonafide,LA_0018,4.1429375
voice_0021__phonefact_resample8k,0,0.0,,1,0,voice,speech_only,vcc2018,high_ogg,,,,voice_0021,resample8k,asvspoof_voice_v1,-,,,bonafide,VCC2SF4,4.216
voice_0021__phonefact_g711_ulaw,0,0.0,,1,0,voice,speech_only,vcc2018,high_ogg,,,,voice_0021,g711_ulaw,asvspoof_voice_v1,-,,,bonafide,VCC2SF4,4.216
voice_0021__phonefact_g726_24k,0,0.0,,1,0,voice,speech_only,vcc2018,high_ogg,,,,voice_0021,g726_24k,asvspoof_voice_v1,-,,,bonafide,VCC2SF4,4.216
voice_0021__phonefact_opus_nb_8k,0,0.0,,1,0,voice,speech_only,vcc2018,high_ogg,,,,voice_0021,opus_nb_8k,asvspoof_voice_v1,-,,,bonafide,VCC2SF4,4.216
voice_0022__phonefact_resample8k,0,0.0,,1,0,voice,speech_only,vcc2020,mp3m4a,,,,voice_0022,resample8k,asvspoof_voice_v1,-,,,bonafide,TFM1,4.864
voice_0022__phonefact_g711_ulaw,0,0.0,,1,0,voice,speech_only,vcc2020,mp3m4a,,,,voice_0022,g711_ulaw,asvspoof_voice_v1,-,,,bonafide,TFM1,4.864
voice_0022__phonefact_g726_24k,0,0.0,,1,0,voice,speech_only,vcc2020,mp3m4a,,,,voice_0022,g726_24k,asvspoof_voice_v1,-,,,bonafide,TFM1,4.864
voice_0022__phonefact_opus_nb_8k,0,0.0,,1,0,voice,speech_only,vcc2020,mp3m4a,,,,voice_0022,opus_nb_8k,asvspoof_voice_v1,-,,,bonafide,TFM1,4.864
voice_0023__phonefact_resample8k,0,0.0,,1,0,voice,speech_only,vcc2018,high_ogg,,,,voice_0023,resample8k,asvspoof_voice_v1,-,,,bonafide,VCC2SF1,4.072
voice_0023__phonefact_g711_ulaw,0,0.0,,1,0,voice,speech_only,vcc2018,high_ogg,,,,voice_0023,g711_ulaw,asvspoof_voice_v1,-,,,bonafide,VCC2SF1,4.072
voice_0023__phonefact_g726_24k,0,0.0,,1,0,voice,speech_only,vcc2018,high_ogg,,,,voice_0023,g726_24k,asvspoof_voice_v1,-,,,bonafide,VCC2SF1,4.072
voice_0023__phonefact_opus_nb_8k,0,0.0,,1,0,voice,speech_only,vcc2018,high_ogg,,,,voice_0023,opus_nb_8k,asvspoof_voice_v1,-,,,bonafide,VCC2SF1,4.072
voice_0024__phonefact_resample8k,0,0.0,,1,0,voice,speech_only,asvspoof,mp3m4a,,,,voice_0024,resample8k,asvspoof_voice_v1,-,,,bonafide,LA_0040,4.224
voice_0024__phonefact_g711_ulaw,0,0.0,,1,0,voice,speech_only,asvspoof,mp3m4a,,,,voice_0024,g711_ulaw,asvspoof_voice_v1,-,,,bonafide,LA_0040,4.224
voice_0024__phonefact_g726_24k,0,0.0,,1,0,voice,speech_only,asvspoof,mp3m4a,,,,voice_0024,g726_24k,asvspoof_voice_v1,-,,,bonafide,LA_0040,4.224
voice_0024__phonefact_opus_nb_8k,0,0.0,,1,0,voice,speech_only,asvspoof,mp3m4a,,,,voice_0024,opus_nb_8k,asvspoof_voice_v1,-,,,bonafide,LA_0040,4.224
voice_0025__phonefact_resample8k,0,0.0,,1,0,voice,speech_only,vcc2018,oggm4a,,,,voice_0025,resample8k,asvspoof_voice_v1,-,,,bonafide,VCC2SF2,4.096
voice_0025__phonefact_g711_ulaw,0,0.0,,1,0,voice,speech_only,vcc2018,oggm4a,,,,voice_0025,g711_ulaw,asvspoof_voice_v1,-,,,bonafide,VCC2SF2,4.096
voice_0025__phonefact_g726_24k,0,0.0,,1,0,voice,speech_only,vcc2018,oggm4a,,,,voice_0025,g726_24k,asvspoof_voice_v1,-,,,bonafide,VCC2SF2,4.096
voice_0025__phonefact_opus_nb_8k,0,0.0,,1,0,voice,speech_only,vcc2018,oggm4a,,,,voice_0025,opus_nb_8k,asvspoof_voice_v1,-,,,bonafide,VCC2SF2,4.096
voice_0026__phonefact_resample8k,0,0.0,,1,0,voice,speech_only,vcc2020,oggm4a,,,,voice_0026,resample8k,asvspoof_voice_v1,-,,,bonafide,TMF1,7.168
voice_0026__phonefact_g711_ulaw,0,0.0,,1,0,voice,speech_only,vcc2020,oggm4a,,,,voice_0026,g711_ulaw,asvspoof_voice_v1,-,,,bonafide,TMF1,7.168
voice_0026__phonefact_g726_24k,0,0.0,,1,0,voice,speech_only,vcc2020,oggm4a,,,,voice_0026,g726_24k,asvspoof_voice_v1,-,,,bonafide,TMF1,7.168
voice_0026__phonefact_opus_nb_8k,0,0.0,,1,0,voice,speech_only,vcc2020,oggm4a,,,,voice_0026,opus_nb_8k,asvspoof_voice_v1,-,,,bonafide,TMF1,7.168
voice_0027__phonefact_resample8k,0,0.0,,1,0,voice,speech_only,asvspoof,oggm4a,,,,voice_0027,resample8k,asvspoof_voice_v1,-,,,bonafide,LA_0045,4.672
voice_0027__phonefact_g711_ulaw,0,0.0,,1,0,voice,speech_only,asvspoof,oggm4a,,,,voice_0027,g711_ulaw,asvspoof_voice_v1,-,,,bonafide,LA_0045,4.672
voice_0027__phonefact_g726_24k,0,0.0,,1,0,voice,speech_only,asvspoof,oggm4a,,,,voice_0027,g726_24k,asvspoof_voice_v1,-,,,bonafide,LA_0045,4.672
voice_0027__phonefact_opus_nb_8k,0,0.0,,1,0,voice,speech_only,asvspoof,oggm4a,,,,voice_0027,opus_nb_8k,asvspoof_voice_v1,-,,,bonafide,LA_0045,4.672
voice_0028__phonefact_resample8k,0,0.0,,1,0,voice,speech_only,vcc2018,high_mp3,,,,voice_0028,resample8k,asvspoof_voice_v1,-,,,bonafide,VCC2SF2,6.225625
voice_0028__phonefact_g711_ulaw,0,0.0,,1,0,voice,speech_only,vcc2018,high_mp3,,,,voice_0028,g711_ulaw,asvspoof_voice_v1,-,,,bonafide,VCC2SF2,6.225625
voice_0028__phonefact_g726_24k,0,0.0,,1,0,voice,speech_only,vcc2018,high_mp3,,,,voice_0028,g726_24k,asvspoof_voice_v1,-,,,bonafide,VCC2SF2,6.225625
voice_0028__phonefact_opus_nb_8k,0,0.0,,1,0,voice,speech_only,vcc2018,high_mp3,,,,voice_0028,opus_nb_8k,asvspoof_voice_v1,-,,,bonafide,VCC2SF2,6.225625
voice_0029__phonefact_resample8k,0,0.0,,1,0,voice,speech_only,asvspoof,low_ogg,,,,voice_0029,resample8k,asvspoof_voice_v1,-,,,bonafide,LA_0046,5.224
voice_0029__phonefact_g711_ulaw,0,0.0,,1,0,voice,speech_only,asvspoof,low_ogg,,,,voice_0029,g711_ulaw,asvspoof_voice_v1,-,,,bonafide,LA_0046,5.224
voice_0029__phonefact_g726_24k,0,0.0,,1,0,voice,speech_only,asvspoof,low_ogg,,,,voice_0029,g726_24k,asvspoof_voice_v1,-,,,bonafide,LA_0046,5.224
voice_0029__phonefact_opus_nb_8k,0,0.0,,1,0,voice,speech_only,asvspoof,low_ogg,,,,voice_0029,opus_nb_8k,asvspoof_voice_v1,-,,,bonafide,LA_0046,5.224
voice_0030__phonefact_resample8k,0,0.0,,1,0,voice,speech_only,vcc2020,low_ogg,,,,voice_0030,resample8k,asvspoof_voice_v1,-,,,bonafide,TFM1,4.888
voice_0030__phonefact_g711_ulaw,0,0.0,,1,0,voice,speech_only,vcc2020,low_ogg,,,,voice_0030,g711_ulaw,asvspoof_voice_v1,-,,,bonafide,TFM1,4.888
voice_0030__phonefact_g726_24k,0,0.0,,1,0,voice,speech_only,vcc2020,low_ogg,,,,voice_0030,g726_24k,asvspoof_voice_v1,-,,,bonafide,TFM1,4.888
voice_0030__phonefact_opus_nb_8k,0,0.0,,1,0,voice,speech_only,vcc2020,low_ogg,,,,voice_0030,opus_nb_8k,asvspoof_voice_v1,-,,,bonafide,TFM1,4.888
voice_0031__phonefact_resample8k,0,0.0,,1,0,voice,speech_only,asvspoof,mp3m4a,,,,voice_0031,resample8k,asvspoof_voice_v1,-,,,bonafide,LA_0009,5.12
voice_0031__phonefact_g711_ulaw,0,0.0,,1,0,voice,speech_only,asvspoof,mp3m4a,,,,voice_0031,g711_ulaw,asvspoof_voice_v1,-,,,bonafide,LA_0009,5.12
voice_0031__phonefact_g726_24k,0,0.0,,1,0,voice,speech_only,asvspoof,mp3m4a,,,,voice_0031,g726_24k,asvspoof_voice_v1,-,,,bonafide,LA_0009,5.12
voice_0031__phonefact_opus_nb_8k,0,0.0,,1,0,voice,speech_only,asvspoof,mp3m4a,,,,voice_0031,opus_nb_8k,asvspoof_voice_v1,-,,,bonafide,LA_0009,5.12
voice_0032__phonefact_resample8k,0,0.0,,1,0,voice,speech_only,vcc2020,oggm4a,,,,voice_0032,resample8k,asvspoof_voice_v1,-,,,bonafide,TGM1,5.248
voice_0032__phonefact_g711_ulaw,0,0.0,,1,0,voice,speech_only,vcc2020,oggm4a,,,,voice_0032,g711_ulaw,asvspoof_voice_v1,-,,,bonafide,TGM1,5.248
voice_0032__phonefact_g726_24k,0,0.0,,1,0,voice,speech_only,vcc2020,oggm4a,,,,voice_0032,g726_24k,asvspoof_voice_v1,-,,,bonafide,TGM1,5.248
voice_0032__phonefact_opus_nb_8k,0,0.0,,1,0,voice,speech_only,vcc2020,oggm4a,,,,voice_0032,opus_nb_8k,asvspoof_voice_v1,-,,,bonafide,TGM1,5.248
voice_0033__phonefact_resample8k,0,0.0,,1,0,voice,speech_only,asvspoof,high_mp3,,,,voice_0033,resample8k,asvspoof_voice_v1,-,,,bonafide,LA_0011,4.8659375
voice_0033__phonefact_g711_ulaw,0,0.0,,1,0,voice,speech_only,asvspoof,high_mp3,,,,voice_0033,g711_ulaw,asvspoof_voice_v1,-,,,bonafide,LA_0011,4.8659375
voice_0033__phonefact_g726_24k,0,0.0,,1,0,voice,speech_only,asvspoof,high_mp3,,,,voice_0033,g726_24k,asvspoof_voice_v1,-,,,bonafide,LA_0011,4.8659375
voice_0033__phonefact_opus_nb_8k,0,0.0,,1,0,voice,speech_only,asvspoof,high_mp3,,,,voice_0033,opus_nb_8k,asvspoof_voice_v1,-,,,bonafide,LA_0011,4.8659375
voice_0034__phonefact_resample8k,0,0.0,,1,0,voice,speech_only,asvspoof,high_m4a,,,,voice_0034,resample8k,asvspoof_voice_v1,-,,,bonafide,LA_0011,4.544
voice_0034__phonefact_g711_ulaw,0,0.0,,1,0,voice,speech_only,asvspoof,high_m4a,,,,voice_0034,g711_ulaw,asvspoof_voice_v1,-,,,bonafide,LA_0011,4.544
voice_0034__phonefact_g726_24k,0,0.0,,1,0,voice,speech_only,asvspoof,high_m4a,,,,voice_0034,g726_24k,asvspoof_voice_v1,-,,,bonafide,LA_0011,4.544
voice_0034__phonefact_opus_nb_8k,0,0.0,,1,0,voice,speech_only,asvspoof,high_m4a,,,,voice_0034,opus_nb_8k,asvspoof_voice_v1,-,,,bonafide,LA_0011,4.544
voice_0035__phonefact_resample8k,0,0.0,,1,0,voice,speech_only,asvspoof,low_mp3,,,,voice_0035,resample8k,asvspoof_voice_v1,-,,,bonafide,LA_0030,5.33625
voice_0035__phonefact_g711_ulaw,0,0.0,,1,0,voice,speech_only,asvspoof,low_mp3,,,,voice_0035,g711_ulaw,asvspoof_voice_v1,-,,,bonafide,LA_0030,5.33625
voice_0035__phonefact_g726_24k,0,0.0,,1,0,voice,speech_only,asvspoof,low_mp3,,,,voice_0035,g726_24k,asvspoof_voice_v1,-,,,bonafide,LA_0030,5.33625
voice_0035__phonefact_opus_nb_8k,0,0.0,,1,0,voice,speech_only,asvspoof,low_mp3,,,,voice_0035,opus_nb_8k,asvspoof_voice_v1,-,,,bonafide,LA_0030,5.33625
voice_0036__phonefact_resample8k,0,0.0,,1,0,voice,speech_only,vcc2020,nocodec,,,,voice_0036,resample8k,asvspoof_voice_v1,-,,,bonafide,TGF1,4.85875
voice_0036__phonefact_g711_ulaw,0,0.0,,1,0,voice,speech_only,vcc2020,nocodec,,,,voice_0036,g711_ulaw,asvspoof_voice_v1,-,,,bonafide,TGF1,4.85875
voice_0036__phonefact_g726_24k,0,0.0,,1,0,voice,speech_only,vcc2020,nocodec,,,,voice_0036,g726_24k,asvspoof_voice_v1,-,,,bonafide,TGF1,4.85875
voice_0036__phonefact_opus_nb_8k,0,0.0,,1,0,voice,speech_only,vcc2020,nocodec,,,,voice_0036,opus_nb_8k,asvspoof_voice_v1,-,,,bonafide,TGF1,4.85875
voice_0037__phonefact_resample8k,0,0.0,,1,0,voice,speech_only,vcc2020,high_m4a,,,,voice_0037,resample8k,asvspoof_voice_v1,-,,,bonafide,TGF1,4.48
voice_0037__phonefact_g711_ulaw,0,0.0,,1,0,voice,speech_only,vcc2020,high_m4a,,,,voice_0037,g711_ulaw,asvspoof_voice_v1,-,,,bonafide,TGF1,4.48
voice_0037__phonefact_g726_24k,0,0.0,,1,0,voice,speech_only,vcc2020,high_m4a,,,,voice_0037,g726_24k,asvspoof_voice_v1,-,,,bonafide,TGF1,4.48
voice_0037__phonefact_opus_nb_8k,0,0.0,,1,0,voice,speech_only,vcc2020,high_m4a,,,,voice_0037,opus_nb_8k,asvspoof_voice_v1,-,,,bonafide,TGF1,4.48
voice_0038__phonefact_resample8k,0,0.0,,1,0,voice,speech_only,vcc2020,mp3m4a,,,,voice_0038,resample8k,asvspoof_voice_v1,-,,,bonafide,SEF2,4.288
voice_0038__phonefact_g711_ulaw,0,0.0,,1,0,voice,speech_only,vcc2020,mp3m4a,,,,voice_0038,g711_ulaw,asvspoof_voice_v1,-,,,bonafide,SEF2,4.288
voice_0038__phonefact_g726_24k,0,0.0,,1,0,voice,speech_only,vcc2020,mp3m4a,,,,voice_0038,g726_24k,asvspoof_voice_v1,-,,,bonafide,SEF2,4.288
voice_0038__phonefact_opus_nb_8k,0,0.0,,1,0,voice,speech_only,vcc2020,mp3m4a,,,,voice_0038,opus_nb_8k,asvspoof_voice_v1,-,,,bonafide,SEF2,4.288
voice_0039__phonefact_resample8k,0,0.0,,1,0,voice,speech_only,vcc2018,low_m4a,,,,voice_0039,resample8k,asvspoof_voice_v1,-,,,bonafide,VCC2SM3,4.352
voice_0039__phonefact_g711_ulaw,0,0.0,,1,0,voice,speech_only,vcc2018,low_m4a,,,,voice_0039,g711_ulaw,asvspoof_voice_v1,-,,,bonafide,VCC2SM3,4.352
voice_0039__phonefact_g726_24k,0,0.0,,1,0,voice,speech_only,vcc2018,low_m4a,,,,voice_0039,g726_24k,asvspoof_voice_v1,-,,,bonafide,VCC2SM3,4.352
voice_0039__phonefact_opus_nb_8k,0,0.0,,1,0,voice,speech_only,vcc2018,low_m4a,,,,voice_0039,opus_nb_8k,asvspoof_voice_v1,-,,,bonafide,VCC2SM3,4.352
voice_0040__phonefact_resample8k,0,0.0,,1,0,voice,speech_only,vcc2018,nocodec,,,,voice_0040,resample8k,asvspoof_voice_v1,-,,,bonafide,VCC2SF1,4.3179375
voice_0040__phonefact_g711_ulaw,0,0.0,,1,0,voice,speech_only,vcc2018,nocodec,,,,voice_0040,g711_ulaw,asvspoof_voice_v1,-,,,bonafide,VCC2SF1,4.3179375
voice_0040__phonefact_g726_24k,0,0.0,,1,0,voice,speech_only,vcc2018,nocodec,,,,voice_0040,g726_24k,asvspoof_voice_v1,-,,,bonafide,VCC2SF1,4.3179375
voice_0040__phonefact_opus_nb_8k,0,0.0,,1,0,voice,speech_only,vcc2018,nocodec,,,,voice_0040,opus_nb_8k,asvspoof_voice_v1,-,,,bonafide,VCC2SF1,4.3179375
voice_0041__phonefact_resample8k,0,0.0,,1,0,voice,speech_only,vcc2020,low_ogg,,,,voice_0041,resample8k,asvspoof_voice_v1,-,,,bonafide,TEM2,4.36
voice_0041__phonefact_g711_ulaw,0,0.0,,1,0,voice,speech_only,vcc2020,low_ogg,,,,voice_0041,g711_ulaw,asvspoof_voice_v1,-,,,bonafide,TEM2,4.36
voice_0041__phonefact_g726_24k,0,0.0,,1,0,voice,speech_only,vcc2020,low_ogg,,,,voice_0041,g726_24k,asvspoof_voice_v1,-,,,bonafide,TEM2,4.36
voice_0041__phonefact_opus_nb_8k,0,0.0,,1,0,voice,speech_only,vcc2020,low_ogg,,,,voice_0041,opus_nb_8k,asvspoof_voice_v1,-,,,bonafide,TEM2,4.36
voice_0042__phonefact_resample8k,0,0.0,,1,0,voice,speech_only,asvspoof,low_mp3,,,,voice_0042,resample8k,asvspoof_voice_v1,-,,,bonafide,LA_0013,5.33725
voice_0042__phonefact_g711_ulaw,0,0.0,,1,0,voice,speech_only,asvspoof,low_mp3,,,,voice_0042,g711_ulaw,asvspoof_voice_v1,-,,,bonafide,LA_0013,5.33725
voice_0042__phonefact_g726_24k,0,0.0,,1,0,voice,speech_only,asvspoof,low_mp3,,,,voice_0042,g726_24k,asvspoof_voice_v1,-,,,bonafide,LA_0013,5.33725
voice_0042__phonefact_opus_nb_8k,0,0.0,,1,0,voice,speech_only,asvspoof,low_mp3,,,,voice_0042,opus_nb_8k,asvspoof_voice_v1,-,,,bonafide,LA_0013,5.33725
voice_0043__phonefact_resample8k,0,0.0,,1,0,voice,speech_only,asvspoof,low_mp3,,,,voice_0043,resample8k,asvspoof_voice_v1,-,,,bonafide,LA_0030,5.3349375
voice_0043__phonefact_g711_ulaw,0,0.0,,1,0,voice,speech_only,asvspoof,low_mp3,,,,voice_0043,g711_ulaw,asvspoof_voice_v1,-,,,bonafide,LA_0030,5.3349375
voice_0043__phonefact_g726_24k,0,0.0,,1,0,voice,speech_only,asvspoof,low_mp3,,,,voice_0043,g726_24k,asvspoof_voice_v1,-,,,bonafide,LA_0030,5.3349375
voice_0043__phonefact_opus_nb_8k,0,0.0,,1,0,voice,speech_only,asvspoof,low_mp3,,,,voice_0043,opus_nb_8k,asvspoof_voice_v1,-,,,bonafide,LA_0030,5.3349375
voice_0044__phonefact_resample8k,0,0.0,,1,0,voice,speech_only,asvspoof,low_m4a,,,,voice_0044,resample8k,asvspoof_voice_v1,-,,,bonafide,LA_0002,4.864
voice_0044__phonefact_g711_ulaw,0,0.0,,1,0,voice,speech_only,asvspoof,low_m4a,,,,voice_0044,g711_ulaw,asvspoof_voice_v1,-,,,bonafide,LA_0002,4.864
voice_0044__phonefact_g726_24k,0,0.0,,1,0,voice,speech_only,asvspoof,low_m4a,,,,voice_0044,g726_24k,asvspoof_voice_v1,-,,,bonafide,LA_0002,4.864
voice_0044__phonefact_opus_nb_8k,0,0.0,,1,0,voice,speech_only,asvspoof,low_m4a,,,,voice_0044,opus_nb_8k,asvspoof_voice_v1,-,,,bonafide,LA_0002,4.864
voice_0045__phonefact_resample8k,0,0.0,,1,0,voice,speech_only,vcc2020,nocodec,,,,voice_0045,resample8k,asvspoof_voice_v1,-,,,bonafide,TFF1,4.768
voice_0045__phonefact_g711_ulaw,0,0.0,,1,0,voice,speech_only,vcc2020,nocodec,,,,voice_0045,g711_ulaw,asvspoof_voice_v1,-,,,bonafide,TFF1,4.768
voice_0045__phonefact_g726_24k,0,0.0,,1,0,voice,speech_only,vcc2020,nocodec,,,,voice_0045,g726_24k,asvspoof_voice_v1,-,,,bonafide,TFF1,4.768
voice_0045__phonefact_opus_nb_8k,0,0.0,,1,0,voice,speech_only,vcc2020,nocodec,,,,voice_0045,opus_nb_8k,asvspoof_voice_v1,-,,,bonafide,TFF1,4.768
voice_0046__phonefact_resample8k,0,0.0,,1,0,voice,speech_only,vcc2020,high_ogg,,,,voice_0046,resample8k,asvspoof_voice_v1,-,,,bonafide,TMF1,5.512
voice_0046__phonefact_g711_ulaw,0,0.0,,1,0,voice,speech_only,vcc2020,high_ogg,,,,voice_0046,g711_ulaw,asvspoof_voice_v1,-,,,bonafide,TMF1,5.512
voice_0046__phonefact_g726_24k,0,0.0,,1,0,voice,speech_only,vcc2020,high_ogg,,,,voice_0046,g726_24k,asvspoof_voice_v1,-,,,bonafide,TMF1,5.512
voice_0046__phonefact_opus_nb_8k,0,0.0,,1,0,voice,speech_only,vcc2020,high_ogg,,,,voice_0046,opus_nb_8k,asvspoof_voice_v1,-,,,bonafide,TMF1,5.512
voice_0047__phonefact_resample8k,0,0.0,,1,0,voice,speech_only,asvspoof,oggm4a,,,,voice_0047,resample8k,asvspoof_voice_v1,-,,,bonafide,LA_0002,8.768
voice_0047__phonefact_g711_ulaw,0,0.0,,1,0,voice,speech_only,asvspoof,oggm4a,,,,voice_0047,g711_ulaw,asvspoof_voice_v1,-,,,bonafide,LA_0002,8.768
voice_0047__phonefact_g726_24k,0,0.0,,1,0,voice,speech_only,asvspoof,oggm4a,,,,voice_0047,g726_24k,asvspoof_voice_v1,-,,,bonafide,LA_0002,8.768
voice_0047__phonefact_opus_nb_8k,0,0.0,,1,0,voice,speech_only,asvspoof,oggm4a,,,,voice_0047,opus_nb_8k,asvspoof_voice_v1,-,,,bonafide,LA_0002,8.768
voice_0048__phonefact_resample8k,0,0.0,,1,0,voice,speech_only,vcc2018,high_m4a,,,,voice_0048,resample8k,asvspoof_voice_v1,-,,,bonafide,VCC2SF3,4.352
voice_0048__phonefact_g711_ulaw,0,0.0,,1,0,voice,speech_only,vcc2018,high_m4a,,,,voice_0048,g711_ulaw,asvspoof_voice_v1,-,,,bonafide,VCC2SF3,4.352
voice_0048__phonefact_g726_24k,0,0.0,,1,0,voice,speech_only,vcc2018,high_m4a,,,,voice_0048,g726_24k,asvspoof_voice_v1,-,,,bonafide,VCC2SF3,4.352
voice_0048__phonefact_opus_nb_8k,0,0.0,,1,0,voice,speech_only,vcc2018,high_m4a,,,,voice_0048,opus_nb_8k,asvspoof_voice_v1,-,,,bonafide,VCC2SF3,4.352
voice_0049__phonefact_resample8k,0,0.0,,1,0,voice,speech_only,asvspoof,nocodec,,,,voice_0049,resample8k,asvspoof_voice_v1,-,,,bonafide,LA_0022,4.737
voice_0049__phonefact_g711_ulaw,0,0.0,,1,0,voice,speech_only,asvspoof,nocodec,,,,voice_0049,g711_ulaw,asvspoof_voice_v1,-,,,bonafide,LA_0022,4.737
voice_0049__phonefact_g726_24k,0,0.0,,1,0,voice,speech_only,asvspoof,nocodec,,,,voice_0049,g726_24k,asvspoof_voice_v1,-,,,bonafide,LA_0022,4.737
voice_0049__phonefact_opus_nb_8k,0,0.0,,1,0,voice,speech_only,asvspoof,nocodec,,,,voice_0049,opus_nb_8k,asvspoof_voice_v1,-,,,bonafide,LA_0022,4.737
voice_0100__phonefact_resample8k,1,1.0,,1,0,voice,speech_only,vcc2018,high_ogg,,,,voice_0100,resample8k,asvspoof_voice_v1,HUB-D04,,,traditional_vocoder,VCC2TM2,6.216
voice_0100__phonefact_g711_ulaw,1,1.0,,1,0,voice,speech_only,vcc2018,high_ogg,,,,voice_0100,g711_ulaw,asvspoof_voice_v1,HUB-D04,,,traditional_vocoder,VCC2TM2,6.216
voice_0100__phonefact_g726_24k,1,1.0,,1,0,voice,speech_only,vcc2018,high_ogg,,,,voice_0100,g726_24k,asvspoof_voice_v1,HUB-D04,,,traditional_vocoder,VCC2TM2,6.216
voice_0100__phonefact_opus_nb_8k,1,1.0,,1,0,voice,speech_only,vcc2018,high_ogg,,,,voice_0100,opus_nb_8k,asvspoof_voice_v1,HUB-D04,,,traditional_vocoder,VCC2TM2,6.216
voice_0101__phonefact_resample8k,1,1.0,,1,0,voice,speech_only,vcc2018,low_mp3,,,,voice_0101,resample8k,asvspoof_voice_v1,SPO-N05,,,traditional_vocoder,VCC2TF2,5.295875
voice_0101__phonefact_g711_ulaw,1,1.0,,1,0,voice,speech_only,vcc2018,low_mp3,,,,voice_0101,g711_ulaw,asvspoof_voice_v1,SPO-N05,,,traditional_vocoder,VCC2TF2,5.295875
voice_0101__phonefact_g726_24k,1,1.0,,1,0,voice,speech_only,vcc2018,low_mp3,,,,voice_0101,g726_24k,asvspoof_voice_v1,SPO-N05,,,traditional_vocoder,VCC2TF2,5.295875
voice_0101__phonefact_opus_nb_8k,1,1.0,,1,0,voice,speech_only,vcc2018,low_mp3,,,,voice_0101,opus_nb_8k,asvspoof_voice_v1,SPO-N05,,,traditional_vocoder,VCC2TF2,5.295875
voice_0102__phonefact_resample8k,1,1.0,,1,0,voice,speech_only,vcc2018,high_ogg,,,,voice_0102,resample8k,asvspoof_voice_v1,SPO-N18,,,traditional_vocoder,VCC2TF2,5.08
voice_0102__phonefact_g711_ulaw,1,1.0,,1,0,voice,speech_only,vcc2018,high_ogg,,,,voice_0102,g711_ulaw,asvspoof_voice_v1,SPO-N18,,,traditional_vocoder,VCC2TF2,5.08
voice_0102__phonefact_g726_24k,1,1.0,,1,0,voice,speech_only,vcc2018,high_ogg,,,,voice_0102,g726_24k,asvspoof_voice_v1,SPO-N18,,,traditional_vocoder,VCC2TF2,5.08
voice_0102__phonefact_opus_nb_8k,1,1.0,,1,0,voice,speech_only,vcc2018,high_ogg,,,,voice_0102,opus_nb_8k,asvspoof_voice_v1,SPO-N18,,,traditional_vocoder,VCC2TF2,5.08
voice_0103__phonefact_resample8k,1,1.0,,1,0,voice,speech_only,vcc2018,mp3m4a,,,,voice_0103,resample8k,asvspoof_voice_v1,HUB-D01,,,traditional_vocoder,VCC2TM1,4.8
voice_0103__phonefact_g711_ulaw,1,1.0,,1,0,voice,speech_only,vcc2018,mp3m4a,,,,voice_0103,g711_ulaw,asvspoof_voice_v1,HUB-D01,,,traditional_vocoder,VCC2TM1,4.8
voice_0103__phonefact_g726_24k,1,1.0,,1,0,voice,speech_only,vcc2018,mp3m4a,,,,voice_0103,g726_24k,asvspoof_voice_v1,HUB-D01,,,traditional_vocoder,VCC2TM1,4.8
voice_0103__phonefact_opus_nb_8k,1,1.0,,1,0,voice,speech_only,vcc2018,mp3m4a,,,,voice_0103,opus_nb_8k,asvspoof_voice_v1,HUB-D01,,,traditional_vocoder,VCC2TM1,4.8
voice_0104__phonefact_resample8k,1,1.0,,1,0,voice,speech_only,vcc2020,low_mp3,,,,voice_0104,resample8k,asvspoof_voice_v1,Task2-team16,,,neural_vocoder_nonautoregressive,TMF1,4.485
voice_0104__phonefact_g711_ulaw,1,1.0,,1,0,voice,speech_only,vcc2020,low_mp3,,,,voice_0104,g711_ulaw,asvspoof_voice_v1,Task2-team16,,,neural_vocoder_nonautoregressive,TMF1,4.485
voice_0104__phonefact_g726_24k,1,1.0,,1,0,voice,speech_only,vcc2020,low_mp3,,,,voice_0104,g726_24k,asvspoof_voice_v1,Task2-team16,,,neural_vocoder_nonautoregressive,TMF1,4.485
voice_0104__phonefact_opus_nb_8k,1,1.0,,1,0,voice,speech_only,vcc2020,low_mp3,,,,voice_0104,opus_nb_8k,asvspoof_voice_v1,Task2-team16,,,neural_vocoder_nonautoregressive,TMF1,4.485
voice_0105__phonefact_resample8k,1,1.0,,1,0,voice,speech_only,vcc2018,high_m4a,,,,voice_0105,resample8k,asvspoof_voice_v1,SPO-N18,,,traditional_vocoder,VCC2TM2,4.032
voice_0105__phonefact_g711_ulaw,1,1.0,,1,0,voice,speech_only,vcc2018,high_m4a,,,,voice_0105,g711_ulaw,asvspoof_voice_v1,SPO-N18,,,traditional_vocoder,VCC2TM2,4.032
voice_0105__phonefact_g726_24k,1,1.0,,1,0,voice,speech_only,vcc2018,high_m4a,,,,voice_0105,g726_24k,asvspoof_voice_v1,SPO-N18,,,traditional_vocoder,VCC2TM2,4.032
voice_0105__phonefact_opus_nb_8k,1,1.0,,1,0,voice,speech_only,vcc2018,high_m4a,,,,voice_0105,opus_nb_8k,asvspoof_voice_v1,SPO-N18,,,traditional_vocoder,VCC2TM2,4.032
voice_0106__phonefact_resample8k,1,1.0,,1,0,voice,speech_only,vcc2018,nocodec,,,,voice_0106,resample8k,asvspoof_voice_v1,SPO-N06,,,traditional_vocoder,VCC2TF1,5.3401875
voice_0106__phonefact_g711_ulaw,1,1.0,,1,0,voice,speech_only,vcc2018,nocodec,,,,voice_0106,g711_ulaw,asvspoof_voice_v1,SPO-N06,,,traditional_vocoder,VCC2TF1,5.3401875
voice_0106__phonefact_g726_24k,1,1.0,,1,0,voice,speech_only,vcc2018,nocodec,,,,voice_0106,g726_24k,asvspoof_voice_v1,SPO-N06,,,traditional_vocoder,VCC2TF1,5.3401875
voice_0106__phonefact_opus_nb_8k,1,1.0,,1,0,voice,speech_only,vcc2018,nocodec,,,,voice_0106,opus_nb_8k,asvspoof_voice_v1,SPO-N06,,,traditional_vocoder,VCC2TF1,5.3401875
voice_0107__phonefact_resample8k,1,1.0,,1,0,voice,speech_only,vcc2020,mp3m4a,,,,voice_0107,resample8k,asvspoof_voice_v1,Task2-team03,,,neural_vocoder_autoregressive,TFF1,4.096
voice_0107__phonefact_g711_ulaw,1,1.0,,1,0,voice,speech_only,vcc2020,mp3m4a,,,,voice_0107,g711_ulaw,asvspoof_voice_v1,Task2-team03,,,neural_vocoder_autoregressive,TFF1,4.096
voice_0107__phonefact_g726_24k,1,1.0,,1,0,voice,speech_only,vcc2020,mp3m4a,,,,voice_0107,g726_24k,asvspoof_voice_v1,Task2-team03,,,neural_vocoder_autoregressive,TFF1,4.096
voice_0107__phonefact_opus_nb_8k,1,1.0,,1,0,voice,speech_only,vcc2020,mp3m4a,,,,voice_0107,opus_nb_8k,asvspoof_voice_v1,Task2-team03,,,neural_vocoder_autoregressive,TFF1,4.096
voice_0108__phonefact_resample8k,1,1.0,,1,0,voice,speech_only,vcc2018,mp3m4a,,,,voice_0108,resample8k,asvspoof_voice_v1,HUB-B01,,,traditional_vocoder,VCC2TF2,6.272
voice_0108__phonefact_g711_ulaw,1,1.0,,1,0,voice,speech_only,vcc2018,mp3m4a,,,,voice_0108,g711_ulaw,asvspoof_voice_v1,HUB-B01,,,traditional_vocoder,VCC2TF2,6.272
voice_0108__phonefact_g726_24k,1,1.0,,1,0,voice,speech_only,vcc2018,mp3m4a,,,,voice_0108,g726_24k,asvspoof_voice_v1,HUB-B01,,,traditional_vocoder,VCC2TF2,6.272
voice_0108__phonefact_opus_nb_8k,1,1.0,,1,0,voice,speech_only,vcc2018,mp3m4a,,,,voice_0108,opus_nb_8k,asvspoof_voice_v1,HUB-B01,,,traditional_vocoder,VCC2TF2,6.272
voice_0109__phonefact_resample8k,1,1.0,,1,0,voice,speech_only,vcc2020,oggm4a,,,,voice_0109,resample8k,asvspoof_voice_v1,Task2-team12,,,traditional_vocoder,TFM1,4.544
voice_0109__phonefact_g711_ulaw,1,1.0,,1,0,voice,speech_only,vcc2020,oggm4a,,,,voice_0109,g711_ulaw,asvspoof_voice_v1,Task2-team12,,,traditional_vocoder,TFM1,4.544
voice_0109__phonefact_g726_24k,1,1.0,,1,0,voice,speech_only,vcc2020,oggm4a,,,,voice_0109,g726_24k,asvspoof_voice_v1,Task2-team12,,,traditional_vocoder,TFM1,4.544
voice_0109__phonefact_opus_nb_8k,1,1.0,,1,0,voice,speech_only,vcc2020,oggm4a,,,,voice_0109,opus_nb_8k,asvspoof_voice_v1,Task2-team12,,,traditional_vocoder,TFM1,4.544
voice_0110__phonefact_resample8k,1,1.0,,1,0,voice,speech_only,vcc2020,low_ogg,,,,voice_0110,resample8k,asvspoof_voice_v1,Task2-team13,,,neural_vocoder_autoregressive,TFF1,4.2
voice_0110__phonefact_g711_ulaw,1,1.0,,1,0,voice,speech_only,vcc2020,low_ogg,,,,voice_0110,g711_ulaw,asvspoof_voice_v1,Task2-team13,,,neural_vocoder_autoregressive,TFF1,4.2
voice_0110__phonefact_g726_24k,1,1.0,,1,0,voice,speech_only,vcc2020,low_ogg,,,,voice_0110,g726_24k,asvspoof_voice_v1,Task2-team13,,,neural_vocoder_autoregressive,TFF1,4.2
voice_0110__phonefact_opus_nb_8k,1,1.0,,1,0,voice,speech_only,vcc2020,low_ogg,,,,voice_0110,opus_nb_8k,asvspoof_voice_v1,Task2-team13,,,neural_vocoder_autoregressive,TFF1,4.2
voice_0111__phonefact_resample8k,1,1.0,,1,0,voice,speech_only,vcc2020,high_ogg,,,,voice_0111,resample8k,asvspoof_voice_v1,Task2-team20,,,neural_vocoder_nonautoregressive,TMF1,4.344
voice_0111__phonefact_g711_ulaw,1,1.0,,1,0,voice,speech_only,vcc2020,high_ogg,,,,voice_0111,g711_ulaw,asvspoof_voice_v1,Task2-team20,,,neural_vocoder_nonautoregressive,TMF1,4.344
voice_0111__phonefact_g726_24k,1,1.0,,1,0,voice,speech_only,vcc2020,high_ogg,,,,voice_0111,g726_24k,asvspoof_voice_v1,Task2-team20,,,neural_vocoder_nonautoregressive,TMF1,4.344
voice_0111__phonefact_opus_nb_8k,1,1.0,,1,0,voice,speech_only,vcc2020,high_ogg,,,,voice_0111,opus_nb_8k,asvspoof_voice_v1,Task2-team20,,,neural_vocoder_nonautoregressive,TMF1,4.344
voice_0112__phonefact_resample8k,1,1.0,,1,0,voice,speech_only,vcc2018,nocodec,,,,voice_0112,resample8k,asvspoof_voice_v1,HUB-N13,,,traditional_vocoder,VCC2TM2,4.1621875
voice_0112__phonefact_g711_ulaw,1,1.0,,1,0,voice,speech_only,vcc2018,nocodec,,,,voice_0112,g711_ulaw,asvspoof_voice_v1,HUB-N13,,,traditional_vocoder,VCC2TM2,4.1621875
voice_0112__phonefact_g726_24k,1,1.0,,1,0,voice,speech_only,vcc2018,nocodec,,,,voice_0112,g726_24k,asvspoof_voice_v1,HUB-N13,,,traditional_vocoder,VCC2TM2,4.1621875
voice_0112__phonefact_opus_nb_8k,1,1.0,,1,0,voice,speech_only,vcc2018,nocodec,,,,voice_0112,opus_nb_8k,asvspoof_voice_v1,HUB-N13,,,traditional_vocoder,VCC2TM2,4.1621875
voice_0113__phonefact_resample8k,1,1.0,,1,0,voice,speech_only,asvspoof,low_ogg,,,,voice_0113,resample8k,asvspoof_voice_v1,A17,,,traditional_vocoder,LA_0030,5.688
voice_0113__phonefact_g711_ulaw,1,1.0,,1,0,voice,speech_only,asvspoof,low_ogg,,,,voice_0113,g711_ulaw,asvspoof_voice_v1,A17,,,traditional_vocoder,LA_0030,5.688
voice_0113__phonefact_g726_24k,1,1.0,,1,0,voice,speech_only,asvspoof,low_ogg,,,,voice_0113,g726_24k,asvspoof_voice_v1,A17,,,traditional_vocoder,LA_0030,5.688
voice_0113__phonefact_opus_nb_8k,1,1.0,,1,0,voice,speech_only,asvspoof,low_ogg,,,,voice_0113,opus_nb_8k,asvspoof_voice_v1,A17,,,traditional_vocoder,LA_0030,5.688
voice_0114__phonefact_resample8k,1,1.0,,1,0,voice,speech_only,vcc2020,low_m4a,,,,voice_0114,resample8k,asvspoof_voice_v1,Task1-team22,,,neural_vocoder_nonautoregressive,TEM1,4.8
voice_0114__phonefact_g711_ulaw,1,1.0,,1,0,voice,speech_only,vcc2020,low_m4a,,,,voice_0114,g711_ulaw,asvspoof_voice_v1,Task1-team22,,,neural_vocoder_nonautoregressive,TEM1,4.8
voice_0114__phonefact_g726_24k,1,1.0,,1,0,voice,speech_only,vcc2020,low_m4a,,,,voice_0114,g726_24k,asvspoof_voice_v1,Task1-team22,,,neural_vocoder_nonautoregressive,TEM1,4.8
voice_0114__phonefact_opus_nb_8k,1,1.0,,1,0,voice,speech_only,vcc2020,low_m4a,,,,voice_0114,opus_nb_8k,asvspoof_voice_v1,Task1-team22,,,neural_vocoder_nonautoregressive,TEM1,4.8
voice_0115__phonefact_resample8k,1,1.0,,1,0,voice,speech_only,vcc2020,high_mp3,,,,voice_0115,resample8k,asvspoof_voice_v1,Task2-team33,,,neural_vocoder_nonautoregressive,TGF1,4.5029375
voice_0115__phonefact_g711_ulaw,1,1.0,,1,0,voice,speech_only,vcc2020,high_mp3,,,,voice_0115,g711_ulaw,asvspoof_voice_v1,Task2-team33,,,neural_vocoder_nonautoregressive,TGF1,4.5029375
voice_0115__phonefact_g726_24k,1,1.0,,1,0,voice,speech_only,vcc2020,high_mp3,,,,voice_0115,g726_24k,asvspoof_voice_v1,Task2-team33,,,neural_vocoder_nonautoregressive,TGF1,4.5029375
voice_0115__phonefact_opus_nb_8k,1,1.0,,1,0,voice,speech_only,vcc2020,high_mp3,,,,voice_0115,opus_nb_8k,asvspoof_voice_v1,Task2-team33,,,neural_vocoder_nonautoregressive,TGF1,4.5029375
voice_0116__phonefact_resample8k,1,1.0,,1,0,voice,speech_only,vcc2020,oggm4a,,,,voice_0116,resample8k,asvspoof_voice_v1,Task2-team03,,,neural_vocoder_autoregressive,TFM1,4.096
voice_0116__phonefact_g711_ulaw,1,1.0,,1,0,voice,speech_only,vcc2020,oggm4a,,,,voice_0116,g711_ulaw,asvspoof_voice_v1,Task2-team03,,,neural_vocoder_autoregressive,TFM1,4.096
voice_0116__phonefact_g726_24k,1,1.0,,1,0,voice,speech_only,vcc2020,oggm4a,,,,voice_0116,g726_24k,asvspoof_voice_v1,Task2-team03,,,neural_vocoder_autoregressive,TFM1,4.096
voice_0116__phonefact_opus_nb_8k,1,1.0,,1,0,voice,speech_only,vcc2020,oggm4a,,,,voice_0116,opus_nb_8k,asvspoof_voice_v1,Task2-team03,,,neural_vocoder_autoregressive,TFM1,4.096
voice_0117__phonefact_resample8k,1,1.0,,1,0,voice,speech_only,vcc2018,high_mp3,,,,voice_0117,resample8k,asvspoof_voice_v1,SPO-N17,,,neural_vocoder_autoregressive,VCC2TF2,4.29525
voice_0117__phonefact_g711_ulaw,1,1.0,,1,0,voice,speech_only,vcc2018,high_mp3,,,,voice_0117,g711_ulaw,asvspoof_voice_v1,SPO-N17,,,neural_vocoder_autoregressive,VCC2TF2,4.29525
voice_0117__phonefact_g726_24k,1,1.0,,1,0,voice,speech_only,vcc2018,high_mp3,,,,voice_0117,g726_24k,asvspoof_voice_v1,SPO-N17,,,neural_vocoder_autoregressive,VCC2TF2,4.29525
voice_0117__phonefact_opus_nb_8k,1,1.0,,1,0,voice,speech_only,vcc2018,high_mp3,,,,voice_0117,opus_nb_8k,asvspoof_voice_v1,SPO-N17,,,neural_vocoder_autoregressive,VCC2TF2,4.29525
voice_0118__phonefact_resample8k,1,1.0,,1,0,voice,speech_only,vcc2020,high_mp3,,,,voice_0118,resample8k,asvspoof_voice_v1,Task1-team10,,,neural_vocoder_autoregressive,TEM1,4.4
voice_0118__phonefact_g711_ulaw,1,1.0,,1,0,voice,speech_only,vcc2020,high_mp3,,,,voice_0118,g711_ulaw,asvspoof_voice_v1,Task1-team10,,,neural_vocoder_autoregressive,TEM1,4.4
voice_0118__phonefact_g726_24k,1,1.0,,1,0,voice,speech_only,vcc2020,high_mp3,,,,voice_0118,g726_24k,asvspoof_voice_v1,Task1-team10,,,neural_vocoder_autoregressive,TEM1,4.4
voice_0118__phonefact_opus_nb_8k,1,1.0,,1,0,voice,speech_only,vcc2020,high_mp3,,,,voice_0118,opus_nb_8k,asvspoof_voice_v1,Task1-team10,,,neural_vocoder_autoregressive,TEM1,4.4
voice_0119__phonefact_resample8k,1,1.0,,1,0,voice,speech_only,vcc2020,oggm4a,,,,voice_0119,resample8k,asvspoof_voice_v1,Task1-team32,,,neural_vocoder_autoregressive,TEM1,4.416
voice_0119__phonefact_g711_ulaw,1,1.0,,1,0,voice,speech_only,vcc2020,oggm4a,,,,voice_0119,g711_ulaw,asvspoof_voice_v1,Task1-team32,,,neural_vocoder_autoregressive,TEM1,4.416
voice_0119__phonefact_g726_24k,1,1.0,,1,0,voice,speech_only,vcc2020,oggm4a,,,,voice_0119,g726_24k,asvspoof_voice_v1,Task1-team32,,,neural_vocoder_autoregressive,TEM1,4.416
voice_0119__phonefact_opus_nb_8k,1,1.0,,1,0,voice,speech_only,vcc2020,oggm4a,,,,voice_0119,opus_nb_8k,asvspoof_voice_v1,Task1-team32,,,neural_vocoder_autoregressive,TEM1,4.416
voice_0120__phonefact_resample8k,1,1.0,,1,0,voice,speech_only,vcc2018,low_ogg,,,,voice_0120,resample8k,asvspoof_voice_v1,HUB-N09,,,traditional_vocoder,VCC2TF2,4.488
voice_0120__phonefact_g711_ulaw,1,1.0,,1,0,voice,speech_only,vcc2018,low_ogg,,,,voice_0120,g711_ulaw,asvspoof_voice_v1,HUB-N09,,,traditional_vocoder,VCC2TF2,4.488
voice_0120__phonefact_g726_24k,1,1.0,,1,0,voice,speech_only,vcc2018,low_ogg,,,,voice_0120,g726_24k,asvspoof_voice_v1,HUB-N09,,,traditional_vocoder,VCC2TF2,4.488
voice_0120__phonefact_opus_nb_8k,1,1.0,,1,0,voice,speech_only,vcc2018,low_ogg,,,,voice_0120,opus_nb_8k,asvspoof_voice_v1,HUB-N09,,,traditional_vocoder,VCC2TF2,4.488
voice_0121__phonefact_resample8k,1,1.0,,1,0,voice,speech_only,vcc2018,low_ogg,,,,voice_0121,resample8k,asvspoof_voice_v1,HUB-N06,,,traditional_vocoder,VCC2TF2,4.088
voice_0121__phonefact_g711_ulaw,1,1.0,,1,0,voice,speech_only,vcc2018,low_ogg,,,,voice_0121,g711_ulaw,asvspoof_voice_v1,HUB-N06,,,traditional_vocoder,VCC2TF2,4.088
voice_0121__phonefact_g726_24k,1,1.0,,1,0,voice,speech_only,vcc2018,low_ogg,,,,voice_0121,g726_24k,asvspoof_voice_v1,HUB-N06,,,traditional_vocoder,VCC2TF2,4.088
voice_0121__phonefact_opus_nb_8k,1,1.0,,1,0,voice,speech_only,vcc2018,low_ogg,,,,voice_0121,opus_nb_8k,asvspoof_voice_v1,HUB-N06,,,traditional_vocoder,VCC2TF2,4.088
voice_0122__phonefact_resample8k,1,1.0,,1,0,voice,speech_only,vcc2018,nocodec,,,,voice_0122,resample8k,asvspoof_voice_v1,SPO-N18,,,traditional_vocoder,VCC2TM1,4.5150625
voice_0122__phonefact_g711_ulaw,1,1.0,,1,0,voice,speech_only,vcc2018,nocodec,,,,voice_0122,g711_ulaw,asvspoof_voice_v1,SPO-N18,,,traditional_vocoder,VCC2TM1,4.5150625
voice_0122__phonefact_g726_24k,1,1.0,,1,0,voice,speech_only,vcc2018,nocodec,,,,voice_0122,g726_24k,asvspoof_voice_v1,SPO-N18,,,traditional_vocoder,VCC2TM1,4.5150625
voice_0122__phonefact_opus_nb_8k,1,1.0,,1,0,voice,speech_only,vcc2018,nocodec,,,,voice_0122,opus_nb_8k,asvspoof_voice_v1,SPO-N18,,,traditional_vocoder,VCC2TM1,4.5150625
voice_0123__phonefact_resample8k,1,1.0,,1,0,voice,speech_only,vcc2020,mp3m4a,,,,voice_0123,resample8k,asvspoof_voice_v1,Task2-team10,,,neural_vocoder_autoregressive,TMM1,5.44
voice_0123__phonefact_g711_ulaw,1,1.0,,1,0,voice,speech_only,vcc2020,mp3m4a,,,,voice_0123,g711_ulaw,asvspoof_voice_v1,Task2-team10,,,neural_vocoder_autoregressive,TMM1,5.44
voice_0123__phonefact_g726_24k,1,1.0,,1,0,voice,speech_only,vcc2020,mp3m4a,,,,voice_0123,g726_24k,asvspoof_voice_v1,Task2-team10,,,neural_vocoder_autoregressive,TMM1,5.44
voice_0123__phonefact_opus_nb_8k,1,1.0,,1,0,voice,speech_only,vcc2020,mp3m4a,,,,voice_0123,opus_nb_8k,asvspoof_voice_v1,Task2-team10,,,neural_vocoder_autoregressive,TMM1,5.44
voice_0124__phonefact_resample8k,1,1.0,,1,0,voice,speech_only,vcc2020,mp3m4a,,,,voice_0124,resample8k,asvspoof_voice_v1,Task2-team25,,,neural_vocoder_autoregressive,TFF1,4.864
voice_0124__phonefact_g711_ulaw,1,1.0,,1,0,voice,speech_only,vcc2020,mp3m4a,,,,voice_0124,g711_ulaw,asvspoof_voice_v1,Task2-team25,,,neural_vocoder_autoregressive,TFF1,4.864
voice_0124__phonefact_g726_24k,1,1.0,,1,0,voice,speech_only,vcc2020,mp3m4a,,,,voice_0124,g726_24k,asvspoof_voice_v1,Task2-team25,,,neural_vocoder_autoregressive,TFF1,4.864
voice_0124__phonefact_opus_nb_8k,1,1.0,,1,0,voice,speech_only,vcc2020,mp3m4a,,,,voice_0124,opus_nb_8k,asvspoof_voice_v1,Task2-team25,,,neural_vocoder_autoregressive,TFF1,4.864
voice_0125__phonefact_resample8k,1,1.0,,1,0,voice,speech_only,vcc2020,high_mp3,,,,voice_0125,resample8k,asvspoof_voice_v1,Task2-team28,,,neural_vocoder_autoregressive,TGM1,4.725
voice_0125__phonefact_g711_ulaw,1,1.0,,1,0,voice,speech_only,vcc2020,high_mp3,,,,voice_0125,g711_ulaw,asvspoof_voice_v1,Task2-team28,,,neural_vocoder_autoregressive,TGM1,4.725
voice_0125__phonefact_g726_24k,1,1.0,,1,0,voice,speech_only,vcc2020,high_mp3,,,,voice_0125,g726_24k,asvspoof_voice_v1,Task2-team28,,,neural_vocoder_autoregressive,TGM1,4.725
voice_0125__phonefact_opus_nb_8k,1,1.0,,1,0,voice,speech_only,vcc2020,high_mp3,,,,voice_0125,opus_nb_8k,asvspoof_voice_v1,Task2-team28,,,neural_vocoder_autoregressive,TGM1,4.725
voice_0126__phonefact_resample8k,1,1.0,,1,0,voice,speech_only,vcc2020,high_mp3,,,,voice_0126,resample8k,asvspoof_voice_v1,Task2-team11,,,neural_vocoder_autoregressive,TFM1,4.3900625
voice_0126__phonefact_g711_ulaw,1,1.0,,1,0,voice,speech_only,vcc2020,high_mp3,,,,voice_0126,g711_ulaw,asvspoof_voice_v1,Task2-team11,,,neural_vocoder_autoregressive,TFM1,4.3900625
voice_0126__phonefact_g726_24k,1,1.0,,1,0,voice,speech_only,vcc2020,high_mp3,,,,voice_0126,g726_24k,asvspoof_voice_v1,Task2-team11,,,neural_vocoder_autoregressive,TFM1,4.3900625
voice_0126__phonefact_opus_nb_8k,1,1.0,,1,0,voice,speech_only,vcc2020,high_mp3,,,,voice_0126,opus_nb_8k,asvspoof_voice_v1,Task2-team11,,,neural_vocoder_autoregressive,TFM1,4.3900625
voice_0127__phonefact_resample8k,1,1.0,,1,0,voice,speech_only,vcc2020,high_ogg,,,,voice_0127,resample8k,asvspoof_voice_v1,Task2-team33,,,neural_vocoder_nonautoregressive,TFM1,4.392
voice_0127__phonefact_g711_ulaw,1,1.0,,1,0,voice,speech_only,vcc2020,high_ogg,,,,voice_0127,g711_ulaw,asvspoof_voice_v1,Task2-team33,,,neural_vocoder_nonautoregressive,TFM1,4.392
voice_0127__phonefact_g726_24k,1,1.0,,1,0,voice,speech_only,vcc2020,high_ogg,,,,voice_0127,g726_24k,asvspoof_voice_v1,Task2-team33,,,neural_vocoder_nonautoregressive,TFM1,4.392
voice_0127__phonefact_opus_nb_8k,1,1.0,,1,0,voice,speech_only,vcc2020,high_ogg,,,,voice_0127,opus_nb_8k,asvspoof_voice_v1,Task2-team33,,,neural_vocoder_nonautoregressive,TFM1,4.392
voice_0128__phonefact_resample8k,1,1.0,,1,0,voice,speech_only,vcc2018,low_m4a,,,,voice_0128,resample8k,asvspoof_voice_v1,HUB-N13,,,traditional_vocoder,VCC2TM1,4.544
voice_0128__phonefact_g711_ulaw,1,1.0,,1,0,voice,speech_only,vcc2018,low_m4a,,,,voice_0128,g711_ulaw,asvspoof_voice_v1,HUB-N13,,,traditional_vocoder,VCC2TM1,4.544
voice_0128__phonefact_g726_24k,1,1.0,,1,0,voice,speech_only,vcc2018,low_m4a,,,,voice_0128,g726_24k,asvspoof_voice_v1,HUB-N13,,,traditional_vocoder,VCC2TM1,4.544
voice_0128__phonefact_opus_nb_8k,1,1.0,,1,0,voice,speech_only,vcc2018,low_m4a,,,,voice_0128,opus_nb_8k,asvspoof_voice_v1,HUB-N13,,,traditional_vocoder,VCC2TM1,4.544
voice_0129__phonefact_resample8k,1,1.0,,1,0,voice,speech_only,vcc2018,oggm4a,,,,voice_0129,resample8k,asvspoof_voice_v1,HUB-N03,,,unknown,VCC2TF2,4.352
voice_0129__phonefact_g711_ulaw,1,1.0,,1,0,voice,speech_only,vcc2018,oggm4a,,,,voice_0129,g711_ulaw,asvspoof_voice_v1,HUB-N03,,,unknown,VCC2TF2,4.352
voice_0129__phonefact_g726_24k,1,1.0,,1,0,voice,speech_only,vcc2018,oggm4a,,,,voice_0129,g726_24k,asvspoof_voice_v1,HUB-N03,,,unknown,VCC2TF2,4.352
voice_0129__phonefact_opus_nb_8k,1,1.0,,1,0,voice,speech_only,vcc2018,oggm4a,,,,voice_0129,opus_nb_8k,asvspoof_voice_v1,HUB-N03,,,unknown,VCC2TF2,4.352
voice_0130__phonefact_resample8k,1,1.0,,1,0,voice,speech_only,vcc2018,high_m4a,,,,voice_0130,resample8k,asvspoof_voice_v1,HUB-B00,,,unknown,VCC2TF1,4.48
voice_0130__phonefact_g711_ulaw,1,1.0,,1,0,voice,speech_only,vcc2018,high_m4a,,,,voice_0130,g711_ulaw,asvspoof_voice_v1,HUB-B00,,,unknown,VCC2TF1,4.48
voice_0130__phonefact_g726_24k,1,1.0,,1,0,voice,speech_only,vcc2018,high_m4a,,,,voice_0130,g726_24k,asvspoof_voice_v1,HUB-B00,,,unknown,VCC2TF1,4.48
voice_0130__phonefact_opus_nb_8k,1,1.0,,1,0,voice,speech_only,vcc2018,high_m4a,,,,voice_0130,opus_nb_8k,asvspoof_voice_v1,HUB-B00,,,unknown,VCC2TF1,4.48
voice_0131__phonefact_resample8k,1,1.0,,1,0,voice,speech_only,vcc2020,high_ogg,,,,voice_0131,resample8k,asvspoof_voice_v1,Task1-team24,,,neural_vocoder_autoregressive,TEM2,4.84
voice_0131__phonefact_g711_ulaw,1,1.0,,1,0,voice,speech_only,vcc2020,high_ogg,,,,voice_0131,g711_ulaw,asvspoof_voice_v1,Task1-team24,,,neural_vocoder_autoregressive,TEM2,4.84
voice_0131__phonefact_g726_24k,1,1.0,,1,0,voice,speech_only,vcc2020,high_ogg,,,,voice_0131,g726_24k,asvspoof_voice_v1,Task1-team24,,,neural_vocoder_autoregressive,TEM2,4.84
voice_0131__phonefact_opus_nb_8k,1,1.0,,1,0,voice,speech_only,vcc2020,high_ogg,,,,voice_0131,opus_nb_8k,asvspoof_voice_v1,Task1-team24,,,neural_vocoder_autoregressive,TEM2,4.84
voice_0132__phonefact_resample8k,1,1.0,,1,0,voice,speech_only,vcc2018,mp3m4a,,,,voice_0132,resample8k,asvspoof_voice_v1,SPO-N10,,,neural_vocoder_autoregressive,VCC2TF1,4.096
voice_0132__phonefact_g711_ulaw,1,1.0,,1,0,voice,speech_only,vcc2018,mp3m4a,,,,voice_0132,g711_ulaw,asvspoof_voice_v1,SPO-N10,,,neural_vocoder_autoregressive,VCC2TF1,4.096
voice_0132__phonefact_g726_24k,1,1.0,,1,0,voice,speech_only,vcc2018,mp3m4a,,,,voice_0132,g726_24k,asvspoof_voice_v1,SPO-N10,,,neural_vocoder_autoregressive,VCC2TF1,4.096
voice_0132__phonefact_opus_nb_8k,1,1.0,,1,0,voice,speech_only,vcc2018,mp3m4a,,,,voice_0132,opus_nb_8k,asvspoof_voice_v1,SPO-N10,,,neural_vocoder_autoregressive,VCC2TF1,4.096
voice_0133__phonefact_resample8k,1,1.0,,1,0,voice,speech_only,vcc2018,oggm4a,,,,voice_0133,resample8k,asvspoof_voice_v1,SPO-N18,,,traditional_vocoder,VCC2TM1,4.224
voice_0133__phonefact_g711_ulaw,1,1.0,,1,0,voice,speech_only,vcc2018,oggm4a,,,,voice_0133,g711_ulaw,asvspoof_voice_v1,SPO-N18,,,traditional_vocoder,VCC2TM1,4.224
voice_0133__phonefact_g726_24k,1,1.0,,1,0,voice,speech_only,vcc2018,oggm4a,,,,voice_0133,g726_24k,asvspoof_voice_v1,SPO-N18,,,traditional_vocoder,VCC2TM1,4.224
voice_0133__phonefact_opus_nb_8k,1,1.0,,1,0,voice,speech_only,vcc2018,oggm4a,,,,voice_0133,opus_nb_8k,asvspoof_voice_v1,SPO-N18,,,traditional_vocoder,VCC2TM1,4.224
voice_0134__phonefact_resample8k,1,1.0,,1,0,voice,speech_only,asvspoof,high_ogg,,,,voice_0134,resample8k,asvspoof_voice_v1,A19,,,traditional_vocoder,LA_0036,4.024
voice_0134__phonefact_g711_ulaw,1,1.0,,1,0,voice,speech_only,asvspoof,high_ogg,,,,voice_0134,g711_ulaw,asvspoof_voice_v1,A19,,,traditional_vocoder,LA_0036,4.024
voice_0134__phonefact_g726_24k,1,1.0,,1,0,voice,speech_only,asvspoof,high_ogg,,,,voice_0134,g726_24k,asvspoof_voice_v1,A19,,,traditional_vocoder,LA_0036,4.024
voice_0134__phonefact_opus_nb_8k,1,1.0,,1,0,voice,speech_only,asvspoof,high_ogg,,,,voice_0134,opus_nb_8k,asvspoof_voice_v1,A19,,,traditional_vocoder,LA_0036,4.024
voice_0135__phonefact_resample8k,1,1.0,,1,0,voice,speech_only,vcc2020,oggm4a,,,,voice_0135,resample8k,asvspoof_voice_v1,Task1-team32,,,neural_vocoder_autoregressive,TEM1,4.352
voice_0135__phonefact_g711_ulaw,1,1.0,,1,0,voice,speech_only,vcc2020,oggm4a,,,,voice_0135,g711_ulaw,asvspoof_voice_v1,Task1-team32,,,neural_vocoder_autoregressive,TEM1,4.352
voice_0135__phonefact_g726_24k,1,1.0,,1,0,voice,speech_only,vcc2020,oggm4a,,,,voice_0135,g726_24k,asvspoof_voice_v1,Task1-team32,,,neural_vocoder_autoregressive,TEM1,4.352
voice_0135__phonefact_opus_nb_8k,1,1.0,,1,0,voice,speech_only,vcc2020,oggm4a,,,,voice_0135,opus_nb_8k,asvspoof_voice_v1,Task1-team32,,,neural_vocoder_autoregressive,TEM1,4.352
voice_0136__phonefact_resample8k,1,1.0,,1,0,voice,speech_only,vcc2020,low_ogg,,,,voice_0136,resample8k,asvspoof_voice_v1,Task1-team18,,,unknown,TEM1,4.072
voice_0136__phonefact_g711_ulaw,1,1.0,,1,0,voice,speech_only,vcc2020,low_ogg,,,,voice_0136,g711_ulaw,asvspoof_voice_v1,Task1-team18,,,unknown,TEM1,4.072
voice_0136__phonefact_g726_24k,1,1.0,,1,0,voice,speech_only,vcc2020,low_ogg,,,,voice_0136,g726_24k,asvspoof_voice_v1,Task1-team18,,,unknown,TEM1,4.072
voice_0136__phonefact_opus_nb_8k,1,1.0,,1,0,voice,speech_only,vcc2020,low_ogg,,,,voice_0136,opus_nb_8k,asvspoof_voice_v1,Task1-team18,,,unknown,TEM1,4.072
voice_0137__phonefact_resample8k,1,1.0,,1,0,voice,speech_only,vcc2018,low_m4a,,,,voice_0137,resample8k,asvspoof_voice_v1,HUB-N13,,,traditional_vocoder,VCC2TF1,4.224
voice_0137__phonefact_g711_ulaw,1,1.0,,1,0,voice,speech_only,vcc2018,low_m4a,,,,voice_0137,g711_ulaw,asvspoof_voice_v1,HUB-N13,,,traditional_vocoder,VCC2TF1,4.224
voice_0137__phonefact_g726_24k,1,1.0,,1,0,voice,speech_only,vcc2018,low_m4a,,,,voice_0137,g726_24k,asvspoof_voice_v1,HUB-N13,,,traditional_vocoder,VCC2TF1,4.224
voice_0137__phonefact_opus_nb_8k,1,1.0,,1,0,voice,speech_only,vcc2018,low_m4a,,,,voice_0137,opus_nb_8k,asvspoof_voice_v1,HUB-N13,,,traditional_vocoder,VCC2TF1,4.224
voice_0138__phonefact_resample8k,1,1.0,,1,0,voice,speech_only,vcc2018,mp3m4a,,,,voice_0138,resample8k,asvspoof_voice_v1,HUB-N04,,,traditional_vocoder,VCC2TM1,5.44
voice_0138__phonefact_g711_ulaw,1,1.0,,1,0,voice,speech_only,vcc2018,mp3m4a,,,,voice_0138,g711_ulaw,asvspoof_voice_v1,HUB-N04,,,traditional_vocoder,VCC2TM1,5.44
voice_0138__phonefact_g726_24k,1,1.0,,1,0,voice,speech_only,vcc2018,mp3m4a,,,,voice_0138,g726_24k,asvspoof_voice_v1,HUB-N04,,,traditional_vocoder,VCC2TM1,5.44
voice_0138__phonefact_opus_nb_8k,1,1.0,,1,0,voice,speech_only,vcc2018,mp3m4a,,,,voice_0138,opus_nb_8k,asvspoof_voice_v1,HUB-N04,,,traditional_vocoder,VCC2TM1,5.44
voice_0139__phonefact_resample8k,1,1.0,,1,0,voice,speech_only,vcc2020,low_ogg,,,,voice_0139,resample8k,asvspoof_voice_v1,Task1-team03,,,neural_vocoder_autoregressive,TEM2,4.104
voice_0139__phonefact_g711_ulaw,1,1.0,,1,0,voice,speech_only,vcc2020,low_ogg,,,,voice_0139,g711_ulaw,asvspoof_voice_v1,Task1-team03,,,neural_vocoder_autoregressive,TEM2,4.104
voice_0139__phonefact_g726_24k,1,1.0,,1,0,voice,speech_only,vcc2020,low_ogg,,,,voice_0139,g726_24k,asvspoof_voice_v1,Task1-team03,,,neural_vocoder_autoregressive,TEM2,4.104
voice_0139__phonefact_opus_nb_8k,1,1.0,,1,0,voice,speech_only,vcc2020,low_ogg,,,,voice_0139,opus_nb_8k,asvspoof_voice_v1,Task1-team03,,,neural_vocoder_autoregressive,TEM2,4.104
voice_0140__phonefact_resample8k,1,1.0,,1,0,voice,speech_only,vcc2018,low_ogg,,,,voice_0140,resample8k,asvspoof_voice_v1,HUB-D04,,,traditional_vocoder,VCC2TM2,4.52
voice_0140__phonefact_g711_ulaw,1,1.0,,1,0,voice,speech_only,vcc2018,low_ogg,,,,voice_0140,g711_ulaw,asvspoof_voice_v1,HUB-D04,,,traditional_vocoder,VCC2TM2,4.52
voice_0140__phonefact_g726_24k,1,1.0,,1,0,voice,speech_only,vcc2018,low_ogg,,,,voice_0140,g726_24k,asvspoof_voice_v1,HUB-D04,,,traditional_vocoder,VCC2TM2,4.52
voice_0140__phonefact_opus_nb_8k,1,1.0,,1,0,voice,speech_only,vcc2018,low_ogg,,,,voice_0140,opus_nb_8k,asvspoof_voice_v1,HUB-D04,,,traditional_vocoder,VCC2TM2,4.52
voice_0141__phonefact_resample8k,1,1.0,,1,0,voice,speech_only,asvspoof,nocodec,,,,voice_0141,resample8k,asvspoof_voice_v1,A13,,,traditional_vocoder,LA_0043,5.5714375
voice_0141__phonefact_g711_ulaw,1,1.0,,1,0,voice,speech_only,asvspoof,nocodec,,,,voice_0141,g711_ulaw,asvspoof_voice_v1,A13,,,traditional_vocoder,LA_0043,5.5714375
voice_0141__phonefact_g726_24k,1,1.0,,1,0,voice,speech_only,asvspoof,nocodec,,,,voice_0141,g726_24k,asvspoof_voice_v1,A13,,,traditional_vocoder,LA_0043,5.5714375
voice_0141__phonefact_opus_nb_8k,1,1.0,,1,0,voice,speech_only,asvspoof,nocodec,,,,voice_0141,opus_nb_8k,asvspoof_voice_v1,A13,,,traditional_vocoder,LA_0043,5.5714375
voice_0142__phonefact_resample8k,1,1.0,,1,0,voice,speech_only,asvspoof,low_m4a,,,,voice_0142,resample8k,asvspoof_voice_v1,A12,,,neural_vocoder_autoregressive,LA_0019,4.672
voice_0142__phonefact_g711_ulaw,1,1.0,,1,0,voice,speech_only,asvspoof,low_m4a,,,,voice_0142,g711_ulaw,asvspoof_voice_v1,A12,,,neural_vocoder_autoregressive,LA_0019,4.672
voice_0142__phonefact_g726_24k,1,1.0,,1,0,voice,speech_only,asvspoof,low_m4a,,,,voice_0142,g726_24k,asvspoof_voice_v1,A12,,,neural_vocoder_autoregressive,LA_0019,4.672
voice_0142__phonefact_opus_nb_8k,1,1.0,,1,0,voice,speech_only,asvspoof,low_m4a,,,,voice_0142,opus_nb_8k,asvspoof_voice_v1,A12,,,neural_vocoder_autoregressive,LA_0019,4.672
voice_0143__phonefact_resample8k,1,1.0,,1,0,voice,speech_only,vcc2018,high_mp3,,,,voice_0143,resample8k,asvspoof_voice_v1,HUB-D04,,,traditional_vocoder,VCC2TM2,4.245125
voice_0143__phonefact_g711_ulaw,1,1.0,,1,0,voice,speech_only,vcc2018,high_mp3,,,,voice_0143,g711_ulaw,asvspoof_voice_v1,HUB-D04,,,traditional_vocoder,VCC2TM2,4.245125
voice_0143__phonefact_g726_24k,1,1.0,,1,0,voice,speech_only,vcc2018,high_mp3,,,,voice_0143,g726_24k,asvspoof_voice_v1,HUB-D04,,,traditional_vocoder,VCC2TM2,4.245125
voice_0143__phonefact_opus_nb_8k,1,1.0,,1,0,voice,speech_only,vcc2018,high_mp3,,,,voice_0143,opus_nb_8k,asvspoof_voice_v1,HUB-D04,,,traditional_vocoder,VCC2TM2,4.245125
voice_0144__phonefact_resample8k,1,1.0,,1,0,voice,speech_only,vcc2020,high_m4a,,,,voice_0144,resample8k,asvspoof_voice_v1,Task2-team23,,,neural_vocoder_autoregressive,TGF1,4.16
voice_0144__phonefact_g711_ulaw,1,1.0,,1,0,voice,speech_only,vcc2020,high_m4a,,,,voice_0144,g711_ulaw,asvspoof_voice_v1,Task2-team23,,,neural_vocoder_autoregressive,TGF1,4.16
voice_0144__phonefact_g726_24k,1,1.0,,1,0,voice,speech_only,vcc2020,high_m4a,,,,voice_0144,g726_24k,asvspoof_voice_v1,Task2-team23,,,neural_vocoder_autoregressive,TGF1,4.16
voice_0144__phonefact_opus_nb_8k,1,1.0,,1,0,voice,speech_only,vcc2020,high_m4a,,,,voice_0144,opus_nb_8k,asvspoof_voice_v1,Task2-team23,,,neural_vocoder_autoregressive,TGF1,4.16
voice_0145__phonefact_resample8k,1,1.0,,1,0,voice,speech_only,vcc2020,nocodec,,,,voice_0145,resample8k,asvspoof_voice_v1,Task2-team22,,,neural_vocoder_nonautoregressive,TGM1,4.512
voice_0145__phonefact_g711_ulaw,1,1.0,,1,0,voice,speech_only,vcc2020,nocodec,,,,voice_0145,g711_ulaw,asvspoof_voice_v1,Task2-team22,,,neural_vocoder_nonautoregressive,TGM1,4.512
voice_0145__phonefact_g726_24k,1,1.0,,1,0,voice,speech_only,vcc2020,nocodec,,,,voice_0145,g726_24k,asvspoof_voice_v1,Task2-team22,,,neural_vocoder_nonautoregressive,TGM1,4.512
voice_0145__phonefact_opus_nb_8k,1,1.0,,1,0,voice,speech_only,vcc2020,nocodec,,,,voice_0145,opus_nb_8k,asvspoof_voice_v1,Task2-team22,,,neural_vocoder_nonautoregressive,TGM1,4.512
voice_0146__phonefact_resample8k,1,1.0,,1,0,voice,speech_only,vcc2020,high_ogg,,,,voice_0146,resample8k,asvspoof_voice_v1,Task1-team03,,,neural_vocoder_autoregressive,TEF1,4.088
voice_0146__phonefact_g711_ulaw,1,1.0,,1,0,voice,speech_only,vcc2020,high_ogg,,,,voice_0146,g711_ulaw,asvspoof_voice_v1,Task1-team03,,,neural_vocoder_autoregressive,TEF1,4.088
voice_0146__phonefact_g726_24k,1,1.0,,1,0,voice,speech_only,vcc2020,high_ogg,,,,voice_0146,g726_24k,asvspoof_voice_v1,Task1-team03,,,neural_vocoder_autoregressive,TEF1,4.088
voice_0146__phonefact_opus_nb_8k,1,1.0,,1,0,voice,speech_only,vcc2020,high_ogg,,,,voice_0146,opus_nb_8k,asvspoof_voice_v1,Task1-team03,,,neural_vocoder_autoregressive,TEF1,4.088
voice_0147__phonefact_resample8k,1,1.0,,1,0,voice,speech_only,asvspoof,low_ogg,,,,voice_0147,resample8k,asvspoof_voice_v1,A15,,,neural_vocoder_autoregressive,LA_0023,4.28
voice_0147__phonefact_g711_ulaw,1,1.0,,1,0,voice,speech_only,asvspoof,low_ogg,,,,voice_0147,g711_ulaw,asvspoof_voice_v1,A15,,,neural_vocoder_autoregressive,LA_0023,4.28
voice_0147__phonefact_g726_24k,1,1.0,,1,0,voice,speech_only,asvspoof,low_ogg,,,,voice_0147,g726_24k,asvspoof_voice_v1,A15,,,neural_vocoder_autoregressive,LA_0023,4.28
voice_0147__phonefact_opus_nb_8k,1,1.0,,1,0,voice,speech_only,asvspoof,low_ogg,,,,voice_0147,opus_nb_8k,asvspoof_voice_v1,A15,,,neural_vocoder_autoregressive,LA_0023,4.28
voice_0148__phonefact_resample8k,1,1.0,,1,0,voice,speech_only,vcc2018,high_mp3,,,,voice_0148,resample8k,asvspoof_voice_v1,SPO-N13,,,traditional_vocoder,VCC2TF1,4.208625
voice_0148__phonefact_g711_ulaw,1,1.0,,1,0,voice,speech_only,vcc2018,high_mp3,,,,voice_0148,g711_ulaw,asvspoof_voice_v1,SPO-N13,,,traditional_vocoder,VCC2TF1,4.208625
voice_0148__phonefact_g726_24k,1,1.0,,1,0,voice,speech_only,vcc2018,high_mp3,,,,voice_0148,g726_24k,asvspoof_voice_v1,SPO-N13,,,traditional_vocoder,VCC2TF1,4.208625
voice_0148__phonefact_opus_nb_8k,1,1.0,,1,0,voice,speech_only,vcc2018,high_mp3,,,,voice_0148,opus_nb_8k,asvspoof_voice_v1,SPO-N13,,,traditional_vocoder,VCC2TF1,4.208625
voice_0149__phonefact_resample8k,1,1.0,,1,0,voice,speech_only,vcc2018,low_ogg,,,,voice_0149,resample8k,asvspoof_voice_v1,HUB-N08,,,traditional_vocoder,VCC2TM1,4.792
voice_0149__phonefact_g711_ulaw,1,1.0,,1,0,voice,speech_only,vcc2018,low_ogg,,,,voice_0149,g711_ulaw,asvspoof_voice_v1,HUB-N08,,,traditional_vocoder,VCC2TM1,4.792
voice_0149__phonefact_g726_24k,1,1.0,,1,0,voice,speech_only,vcc2018,low_ogg,,,,voice_0149,g726_24k,asvspoof_voice_v1,HUB-N08,,,traditional_vocoder,VCC2TM1,4.792
voice_0149__phonefact_opus_nb_8k,1,1.0,,1,0,voice,speech_only,vcc2018,low_ogg,,,,voice_0149,opus_nb_8k,asvspoof_voice_v1,HUB-N08,,,traditional_vocoder,VCC2TM1,4.792
