ID,FILE_FAKE_PROB,VOICE_FAKE_PROB,MUSIC_FAKE_PROB,VOICE_PRESENT_PROB,MUSIC_PRESENT_PROB
sdxeq_0000__phonefact_resample8k,0.066821744912426,0.0286859046782137,0.0005112330388205014,0.5323446393,0.9110135436
sdxeq_0000__phonefact_g711_ulaw,0.7198329999294778,0.0018872386302289,0.0008120056842487413,0.241244778,0.9061893821
sdxeq_0000__phonefact_g726_24k,0.16122095978385498,0.0010966184278809,0.0010788369858445038,0.1500979513,0.8862662315
sdxeq_0000__phonefact_opus_nb_8k,0.4573220133804078,0.6454612141112432,0.15905180238651587,0.3116358519,0.6087170839
sdxeq_0001__phonefact_resample8k,0.18801314683690298,0.0014969507567591,0.0004885573647832401,0.23558788,0.8659823537
sdxeq_0001__phonefact_g711_ulaw,0.8681119735230057,0.0011116496442163,0.0004472418495417001,0.242637068,0.8605758548
sdxeq_0001__phonefact_g726_24k,0.582105758001293,0.0016100421394705,0.0008129699956958733,0.2765360475,0.8852334023
sdxeq_0001__phonefact_opus_nb_8k,0.6436991134992697,0.1170490172657779,0.3058515541672744,0.5885133743,0.9230715036
sdxeq_0002__phonefact_resample8k,0.21264773545616572,0.0005205071769553,0.10860794107325303,0.8903000355,0.8782942891
sdxeq_0002__phonefact_g711_ulaw,0.8522059115627021,0.0020308133813562,0.2781009877002318,0.8634935021,0.8760774732
sdxeq_0002__phonefact_g726_24k,0.8698565636435388,0.0023430363497091,0.5716873827042591,0.88853544,0.8892965317
sdxeq_0002__phonefact_opus_nb_8k,0.9988087709181213,0.8368195464547765,0.976328192584816,0.8874368668,0.8468379378
sdxeq_0003__phonefact_resample8k,0.5310371364452607,0.0004684854146328,0.4967646912617911,0.7684936523,0.8873010278
sdxeq_0003__phonefact_g711_ulaw,0.7842570089584645,0.0016549301331424,0.581722425916202,0.7383102775,0.8356904984
sdxeq_0003__phonefact_g726_24k,0.4094729780100486,0.0054527008883649,0.3429821537074984,0.7094259262,0.8072729111
sdxeq_0003__phonefact_opus_nb_8k,0.6454634864560617,0.9902012969257196,0.5152120699374021,0.6572563052,0.6670254469
sdxeq_0004__phonefact_resample8k,0.028190553746314892,0.0063664442320395,0.0006933006805567494,0.397341162,0.867120862
sdxeq_0004__phonefact_g711_ulaw,0.3568836713014609,0.0805167438395927,0.0016913944685488483,0.2718406618,0.907489121
sdxeq_0004__phonefact_g726_24k,0.3995429825106008,0.0252437772276301,0.02561173378689463,0.3976961374,0.8888418078
sdxeq_0004__phonefact_opus_nb_8k,0.9626222113838552,0.9439801500013258,0.840196815797786,0.371573478,0.9009535313
sdxeq_0005__phonefact_resample8k,0.27291776139426527,0.0007566862975271,0.0033312343034545395,0.6807053089,0.7717582583
sdxeq_0005__phonefact_g711_ulaw,0.39888983637703973,0.0013579965399872,0.01652923185630801,0.8126754165,0.7006671429
sdxeq_0005__phonefact_g726_24k,0.3360071727758177,0.0020242573072409,0.03683292428645,0.7785265446,0.7742677927
sdxeq_0005__phonefact_opus_nb_8k,0.9995864388552321,0.9732252013289552,0.9964527699912621,0.8254731894,0.061085023
sdxeq_0006__phonefact_resample8k,0.01859743407773613,0.0049372172428609,0.005249139080527955,0.523178339,0.8801502585
sdxeq_0006__phonefact_g711_ulaw,0.23952586940044485,0.004755388504648,0.0030463022396362547,0.7033064961,0.8618717194
sdxeq_0006__phonefact_g726_24k,0.0907920050824307,0.0040618868824762,0.001471414166975123,0.7815509439,0.9144926071
sdxeq_0006__phonefact_opus_nb_8k,0.8216221097909329,0.9345646601544776,0.2761122826806389,0.7658407092,0.3483552635
sdxeq_0007__phonefact_resample8k,0.48697310955485346,0.0048504276988444,0.41736912888066485,0.8336607814,0.8610993624
sdxeq_0007__phonefact_g711_ulaw,0.9695510095157996,0.0123687328125091,0.6025417721784483,0.8067709208,0.8021230698
sdxeq_0007__phonefact_g726_24k,0.9930173054458472,0.001653642408702,0.7605179347987684,0.8181987405,0.7341220379
sdxeq_0007__phonefact_opus_nb_8k,0.9853909401954948,0.8795693872083613,0.6342220185506574,0.8297860026,0.794288218
sdxeq_0008__phonefact_resample8k,0.10147095985998181,0.0018469017640355,0.0006842252456103489,0.8399495482,0.9113600254
sdxeq_0008__phonefact_g711_ulaw,0.6636851788567378,0.0022531083588386,0.0003983671792772158,0.872484982,0.9276991487
sdxeq_0008__phonefact_g726_24k,0.4979532787443678,0.0048361991621739,0.0009608980848330142,0.8305664062,0.9002497196
sdxeq_0008__phonefact_opus_nb_8k,0.9898633312524914,0.9201040704477554,0.6341720028416515,0.8871469498,0.444526881
sdxeq_0009__phonefact_resample8k,0.9838692795887141,0.308774424730892,0.10070973970562322,0.7083550096,0.8883474469
sdxeq_0009__phonefact_g711_ulaw,0.9813883998520486,0.7458907586920562,0.23605294970989601,0.6488075256,0.8709722161
sdxeq_0009__phonefact_g726_24k,0.970891670938653,0.8765066860267017,0.1509993815372659,0.6830340028,0.8679789901
sdxeq_0009__phonefact_opus_nb_8k,0.983749988490565,0.9785145219509732,0.9520199797671663,0.5560306311,0.7975686193
sdxeq_0010__phonefact_resample8k,0.535380698003884,0.003939176272396,0.4573880918215467,0.7912428379,0.8280761838
sdxeq_0010__phonefact_g711_ulaw,0.5352734195338916,0.0022146593345767,0.4625868026115147,0.8555139899,0.8322080374
sdxeq_0010__phonefact_g726_24k,0.4888573909950133,0.0063953576584214,0.4472475755165691,0.8646034002,0.790569365
sdxeq_0010__phonefact_opus_nb_8k,0.9491336923607365,0.8878120356105281,0.8963117948506307,0.8581005931,0.7890868783
sdxeq_0011__phonefact_resample8k,0.3560988360692989,0.0006135185168701,0.3094495696338732,0.8221380115,0.8485302329
sdxeq_0011__phonefact_g711_ulaw,0.5225122992026042,0.0057031211418912,0.44267786820724475,0.8194460869,0.8066083789
sdxeq_0011__phonefact_g726_24k,0.5180114832911753,0.0042543051777174,0.48859045188106365,0.8431661725,0.8276768923
sdxeq_0011__phonefact_opus_nb_8k,0.9926010358090106,0.9987939735608083,0.911458971870948,0.8687505126,0.0475450009
sdxeq_0012__phonefact_resample8k,0.40615355065913256,0.8110553799623568,0.0024579915314598675,0.3323013484,0.8770979643
sdxeq_0012__phonefact_g711_ulaw,0.9592841470459377,0.6155890979573346,0.0013853247316687677,0.8116400838,0.46257025
sdxeq_0012__phonefact_g726_24k,0.901946592540331,0.6457282833473103,0.003096359302232658,0.7001323104,0.2678653896
sdxeq_0012__phonefact_opus_nb_8k,0.9871104678055105,0.9477735362615608,0.08090855349837707,0.8055420518,0.1115425229
sdxeq_0013__phonefact_resample8k,0.9782921869185492,0.0002808159698682,0.4643676332712875,0.8163127899,0.0283583198
sdxeq_0013__phonefact_g711_ulaw,0.9933895588696334,0.0067522783566662,0.7647705935026119,0.8679977655,0.0277847815
sdxeq_0013__phonefact_g726_24k,0.9933388246353363,0.0018094294457925,0.6748937590193204,0.796534121,0.0256323479
sdxeq_0013__phonefact_opus_nb_8k,0.9987333074593046,0.8013592024502387,0.9508277616446946,0.8507643342,0.0253227428
sdxeq_0014__phonefact_resample8k,0.9259874050108974,0.0026716956701006,0.1986487794602377,0.8412558436,0.8535499573
sdxeq_0014__phonefact_g711_ulaw,0.9899420855962822,0.0153483951428608,0.09681319376380512,0.8525978327,0.8428416252
sdxeq_0014__phonefact_g726_24k,0.989255059452362,0.0141018031758692,0.3971883276586735,0.8640208244,0.8096379042
sdxeq_0014__phonefact_opus_nb_8k,0.9899365662355014,0.989035173665316,0.40852288872517395,0.8000514507,0.2744961381
sdxeq_0015__phonefact_resample8k,0.10977477055077443,0.0101695902674409,0.08781087933409859,0.2707724571,0.7976157665
sdxeq_0015__phonefact_g711_ulaw,0.32005124048836503,0.2004999490615233,0.07187551492155675,0.6806229353,0.5475111604
sdxeq_0015__phonefact_g726_24k,0.43203942694025804,0.4417234326303559,0.12092368570614151,0.6515268683,0.4501099885
sdxeq_0015__phonefact_opus_nb_8k,0.9982572342446426,0.9773855421291544,0.9683827143909813,0.7666333318,0.0855693892
sdxeq_0016__phonefact_resample8k,0.9921906770475221,0.0030168405618507,0.31273118451884546,0.8112382889,0.8381698132
sdxeq_0016__phonefact_g711_ulaw,0.993334169057299,0.003548203086051,0.06338785978854275,0.823055923,0.7901595235
sdxeq_0016__phonefact_g726_24k,0.987594391668526,0.0042513105278045,0.16086750990322532,0.8142437935,0.8022614717
sdxeq_0016__phonefact_opus_nb_8k,0.9965427299945452,0.9959450159301476,0.484744970043845,0.8181710243,0.6119058132
sdxeq_0017__phonefact_resample8k,0.07086865707475286,0.0515980924102794,0.0002490706952783996,0.358943224,0.7966586351
sdxeq_0017__phonefact_g711_ulaw,0.3439505596938156,0.0144965208896062,0.00018836083182155867,0.3507342041,0.8033408523
sdxeq_0017__phonefact_g726_24k,0.41874364015254995,0.0030635674486323,0.0009521280078027528,0.2748198211,0.8145407438
sdxeq_0017__phonefact_opus_nb_8k,0.4115885583740616,0.3782791666573716,0.08797844639503567,0.6234045625,0.7053098083
sdxeq_0018__phonefact_resample8k,0.09443923630827825,0.0179755526185116,0.01205270854315204,0.7766591907,0.8472560644
sdxeq_0018__phonefact_g711_ulaw,0.5045922414834345,0.0577038817247434,0.05887467087954364,0.7702053189,0.8750824928
sdxeq_0018__phonefact_g726_24k,0.22100185616464352,0.0469837838866843,0.05257392853536815,0.783700645,0.863810122
sdxeq_0018__phonefact_opus_nb_8k,0.8277880348774775,0.9364299024197325,0.2599058419855368,0.7646657825,0.8825873733
sdxeq_0019__phonefact_resample8k,0.2872171642549168,0.0117400132940803,0.05122897645682177,0.8244336843,0.8035513163
sdxeq_0019__phonefact_g711_ulaw,0.7773550153025667,0.0603296500961498,0.10674670031787087,0.7936156392,0.829244554
sdxeq_0019__phonefact_g726_24k,0.8810876463012157,0.1559555631667874,0.16418725680797253,0.7444603443,0.8030878901
sdxeq_0019__phonefact_opus_nb_8k,0.8088975718637319,0.9956619808778124,0.39539251836597905,0.6690923572,0.7559036016
sdxeq_0020__phonefact_resample8k,0.1611633153709597,0.0118519443987566,0.013501425948788198,0.8358603716,0.0666542426
sdxeq_0020__phonefact_g711_ulaw,0.30975246295048664,0.0143007392517662,0.2130320011869773,0.841835022,0.0454024337
sdxeq_0020__phonefact_g726_24k,0.30781187428536183,0.0147602331040289,0.2586779725561175,0.8281048536,0.035633985
sdxeq_0020__phonefact_opus_nb_8k,0.9749945448235818,0.9900257109483648,0.4594177436014372,0.8368221521,0.0274178255
sdxeq_0021__phonefact_resample8k,0.4118780810610828,0.9359834354016042,0.041204639690282895,0.1729875952,0.9170796275
sdxeq_0021__phonefact_g711_ulaw,0.8034934764397333,0.8915458695282484,0.07006646740707655,0.5741022825,0.9452819824
sdxeq_0021__phonefact_g726_24k,0.7952012779189973,0.960639752769018,0.18759680223199363,0.426518321,0.9346830249
sdxeq_0021__phonefact_opus_nb_8k,0.9575675386768966,0.9924589285863696,0.9307177908822875,0.3383051753,0.9467208982
sdxeq_0022__phonefact_resample8k,0.009409444745184509,0.0076219582730402,0.00015075631352213308,0.5469163656,0.8821048141
sdxeq_0022__phonefact_g711_ulaw,0.2524840443183606,0.6471078604420241,0.00021802743273245084,0.2168833166,0.8872202635
sdxeq_0022__phonefact_g726_24k,0.21119455676801632,0.4971385372347022,0.000638325637247679,0.2660458982,0.8615204096
sdxeq_0022__phonefact_opus_nb_8k,0.3858944966848367,0.9021266118449024,0.06619101700986166,0.3632960916,0.5282561183
sdxeq_0023__phonefact_resample8k,0.9718398041679206,0.0023157976623872,0.6559326098978471,0.678144455,0.9176248312
sdxeq_0023__phonefact_g711_ulaw,0.965089782276278,0.0072654788948677,0.1537922312543153,0.7032367587,0.9078730345
sdxeq_0023__phonefact_g726_24k,0.9788427078111969,0.0170799472151199,0.3237987548351504,0.7469813228,0.9278082848
sdxeq_0023__phonefact_opus_nb_8k,0.9998743919014723,0.9982019891707888,0.9240303594550608,0.7843168378,0.9010202289
sdxeq_0024__phonefact_resample8k,0.441976554656767,0.0005813597577734,0.3572389363753782,0.486046344,0.2887724936
sdxeq_0024__phonefact_g711_ulaw,0.5956855068950601,0.0005543344835804,0.2689171560925744,0.6358810067,0.192729786
sdxeq_0024__phonefact_g726_24k,0.1606732137954909,0.0007993102835986,0.05667049458141552,0.5979977846,0.1649833173
sdxeq_0024__phonefact_opus_nb_8k,0.9418593166225269,0.989968442751817,0.41610650244593167,0.5754686594,0.13250193
sdxeq_0025__phonefact_resample8k,0.42772299642059364,0.8632119126911281,0.13059735722335444,0.2787945569,0.8628182411
sdxeq_0025__phonefact_g711_ulaw,0.9022801675969203,0.982099322645776,0.20370977697929415,0.3269074857,0.9271865487
sdxeq_0025__phonefact_g726_24k,0.8280109334345762,0.994442029263132,0.45516642709187405,0.3018168807,0.9339413643
sdxeq_0025__phonefact_opus_nb_8k,0.9926033059439711,0.997410082933299,0.959110743341087,0.4220736921,0.9193880558
sdxeq_0026__phonefact_resample8k,0.9811168110246087,0.0021252334853334,0.6124220922782533,0.6859316826,0.7974737287
sdxeq_0026__phonefact_g711_ulaw,0.8963108046429167,0.0012438506181672,0.6883297230807136,0.6511547565,0.774541676
sdxeq_0026__phonefact_g726_24k,0.9145049467496766,0.0072493640453689,0.5846983017021656,0.6814146042,0.7632590532
sdxeq_0026__phonefact_opus_nb_8k,0.9973151818779633,0.6925659552072976,0.9670927914867328,0.754586339,0.3182592094
sdxeq_0027__phonefact_resample8k,0.9890399099476684,0.0033363222925438,0.6480101567903992,0.7189832926,0.8035113811
sdxeq_0027__phonefact_g711_ulaw,0.9935403868416657,0.0123153025364684,0.17110947110191724,0.7594860196,0.8482678533
sdxeq_0027__phonefact_g726_24k,0.9844965908244401,0.0086304405535315,0.0866559413778407,0.7490256429,0.8551030755
sdxeq_0027__phonefact_opus_nb_8k,0.9995489621409054,0.996348577983052,0.6892230355582173,0.8282642961,0.8614120483
sdxeq_0028__phonefact_resample8k,0.9965355101555834,0.0034322786330587,0.9942943501296458,0.5166686773,0.8880270123
sdxeq_0028__phonefact_g711_ulaw,0.9937205225726188,0.0041197240604076,0.9007597287570575,0.4091320634,0.8713872433
sdxeq_0028__phonefact_g726_24k,0.9950102627469998,0.0180473568570476,0.9606546180904394,0.4027682841,0.8690053821
sdxeq_0028__phonefact_opus_nb_8k,0.9979355284837541,0.6281804961301924,0.9960470740031913,0.7498603463,0.8616384864
sdxeq_0029__phonefact_resample8k,0.6545149107844529,0.0030869582563718,0.5908250197717795,0.7588236928,0.8862380385
sdxeq_0029__phonefact_g711_ulaw,0.8827357744107232,0.0098421002776765,0.22799076852703898,0.7842113376,0.9004639983
sdxeq_0029__phonefact_g726_24k,0.7020620128076965,0.0102064255178897,0.3337627063685188,0.7991905212,0.9061797261
sdxeq_0029__phonefact_opus_nb_8k,0.9992928987714038,0.990355749264345,0.8880903816067225,0.7767747045,0.8338069916
sdxeq_0030__phonefact_resample8k,0.9933750011157652,0.0007748714237793,0.27336364074626013,0.7935582399,0.8535225391
sdxeq_0030__phonefact_g711_ulaw,0.9955965765112011,0.0011836598036953,0.3422734686599279,0.8537489772,0.7809893489
sdxeq_0030__phonefact_g726_24k,0.996843869946064,0.0013618453883325,0.26381827071614344,0.8550248742,0.8053088784
sdxeq_0030__phonefact_opus_nb_8k,0.9988580135685952,0.8608368078992951,0.9362742101871322,0.8790156245,0.0790774301
sdxeq_0031__phonefact_resample8k,0.9205182148573239,0.9930113549176214,0.34310069748347927,0.1778517365,0.8824447393
sdxeq_0031__phonefact_g711_ulaw,0.9216109079900162,0.9945299765228124,0.5144140709441021,0.2772461176,0.8510611057
sdxeq_0031__phonefact_g726_24k,0.8667038425281716,0.9931291733724252,0.4362728012747839,0.4466966689,0.6953264475
sdxeq_0031__phonefact_opus_nb_8k,0.9431262118751329,0.9923044427119634,0.8427324746673001,0.3917199671,0.5616938472
sdxeq_0032__phonefact_resample8k,0.9937224878037277,0.082578470519029,0.9693456374196379,0.2064793557,0.843583703
sdxeq_0032__phonefact_g711_ulaw,0.9736595672305081,0.0080177255334294,0.9318872873774041,0.3432713747,0.8543763757
sdxeq_0032__phonefact_g726_24k,0.9835286382631658,0.0232380718444905,0.9713863271133045,0.4870406091,0.8792259097
sdxeq_0032__phonefact_opus_nb_8k,0.9908212316881542,0.979445497815434,0.9797724706898382,0.536374867,0.7821583152
sdxeq_0033__phonefact_resample8k,0.9944911486348148,0.0012062716053328,0.4152888749488631,0.803883791,0.8451991081
sdxeq_0033__phonefact_g711_ulaw,0.9882872463287081,0.0023944263830514,0.2144966653199545,0.7509649992,0.821900785
sdxeq_0033__phonefact_g726_24k,0.9832835010675726,0.0014739953952122,0.32731809255011846,0.7851694822,0.860912025
sdxeq_0033__phonefact_opus_nb_8k,0.998550874912972,0.7968764208196087,0.9403657690509452,0.8000345826,0.8177706599
sdxeq_0034__phonefact_resample8k,0.5501345704805328,0.0081909759558666,0.3618569721409349,0.3346278369,0.8926160336
sdxeq_0034__phonefact_g711_ulaw,0.935918625054135,0.0886068576515792,0.10689281530870418,0.2902553678,0.9035074115
sdxeq_0034__phonefact_g726_24k,0.9336618799565997,0.3212282045384793,0.1654300125840985,0.2486352772,0.9148851037
sdxeq_0034__phonefact_opus_nb_8k,0.9155852919859276,0.8837981912277679,0.3677501381757397,0.4958258569,0.7937495708
sdxeq_0035__phonefact_resample8k,0.9558615404760998,0.0092295157863591,0.9375551913328455,0.2275475115,0.8672659993
sdxeq_0035__phonefact_g711_ulaw,0.8866514841766764,0.0054151455378472,0.6954122106254285,0.3769683838,0.8971641064
sdxeq_0035__phonefact_g726_24k,0.8224763023358673,0.0111806756589104,0.6809586463949431,0.493688792,0.9089062214
sdxeq_0035__phonefact_opus_nb_8k,0.9960500004998122,0.8296105620471486,0.9942954817385902,0.6421346068,0.8552441001
sdxeq_0036__phonefact_resample8k,0.43458507863733625,0.0048937086164367,0.16336074459609795,0.62647295,0.8712093234
sdxeq_0036__phonefact_g711_ulaw,0.4814931371978597,0.0049575628862123,0.018907044102858934,0.8460579515,0.2390638739
sdxeq_0036__phonefact_g726_24k,0.5392824194198044,0.0119655423699525,0.023564631894826573,0.8118448853,0.4431514144
sdxeq_0036__phonefact_opus_nb_8k,0.9692133359388175,0.8739303738987425,0.748177382388542,0.8813538551,0.1376428455
sdxeq_0037__phonefact_resample8k,0.9932862569482551,0.0613523965421472,0.23408406923072247,0.5265510082,0.8764207959
sdxeq_0037__phonefact_g711_ulaw,0.9937013341286399,0.0318956716188316,0.2165554608187253,0.7153939605,0.8382083178
sdxeq_0037__phonefact_g726_24k,0.9277979042111083,0.0651203370609102,0.0627843041474688,0.6637318134,0.7586531639
sdxeq_0037__phonefact_opus_nb_8k,0.999072741169044,0.9823574337063088,0.5485146957237342,0.7366182804,0.8538248539
sdxeq_0038__phonefact_resample8k,0.558380002256461,0.0220665086223114,0.26396748561987465,0.4072036147,0.8803786635
sdxeq_0038__phonefact_g711_ulaw,0.973542332919813,0.0165264599545602,0.22647532446376345,0.3548747897,0.8670271039
sdxeq_0038__phonefact_g726_24k,0.9807209346623755,0.1239768886372605,0.4368853608409423,0.3322091699,0.8874567747
sdxeq_0038__phonefact_opus_nb_8k,0.9970638679011324,0.6643272003748266,0.9180905521515778,0.2777773142,0.8860015869
sdxeq_0039__phonefact_resample8k,0.6308284261995082,0.0060355974837643,0.010614868445667931,0.8015267849,0.7919168472
sdxeq_0039__phonefact_g711_ulaw,0.8395537285829765,0.0081899026253393,0.034732827022143954,0.8829556108,0.0842124075
sdxeq_0039__phonefact_g726_24k,0.8692698416104473,0.0115207728924533,0.08057200140049509,0.8442385197,0.1070269942
sdxeq_0039__phonefact_opus_nb_8k,0.9996399713697101,0.9934406518207632,0.8139164934235789,0.8687639236,0.0813670978
sdxeq_0040__phonefact_resample8k,0.9596120610622685,0.0428954698006458,0.5496418501770709,0.2942118049,0.8905950189
sdxeq_0040__phonefact_g711_ulaw,0.9942366288501571,0.0322490580386865,0.8972769083823401,0.3957277238,0.8162276745
sdxeq_0040__phonefact_g726_24k,0.9971397505416466,0.0560099098409579,0.9468682750613071,0.503316164,0.8542996049
sdxeq_0040__phonefact_opus_nb_8k,0.9974622034765415,0.8583148115494579,0.9970409909677501,0.5998462439,0.6809501052
sdxeq_0041__phonefact_resample8k,0.2486195407841567,0.0331760987185623,0.0030879211744633075,0.6983453035,0.7953016758
sdxeq_0041__phonefact_g711_ulaw,0.9903703539441787,0.3666690507985326,0.032046298257744694,0.7379571795,0.7618462443
sdxeq_0041__phonefact_g726_24k,0.645579249007033,0.0183922355834585,0.0007911598480289399,0.7497550249,0.7413901687
sdxeq_0041__phonefact_opus_nb_8k,0.9825574311204737,0.8128729129224512,0.10190010832334732,0.7466646433,0.2055093497
sdxeq_0042__phonefact_resample8k,0.9939906910779512,0.0014174540878661,0.9939001079391645,0.8040314317,0.8955700994
sdxeq_0042__phonefact_g711_ulaw,0.9725471926510079,0.0007724983013228,0.960438743170164,0.7804597616,0.8533049226
sdxeq_0042__phonefact_g726_24k,0.9949473362947018,0.0022027512676682,0.99279170658134,0.8132206202,0.8676102757
sdxeq_0042__phonefact_opus_nb_8k,0.9995870790861715,0.9968831564848596,0.967630887434906,0.7723548412,0.7926049829
sdxeq_0043__phonefact_resample8k,0.32214874317476844,0.0337559356660699,0.15717006459201352,0.163419351,0.8818259239
sdxeq_0043__phonefact_g711_ulaw,0.8250386606307472,0.7200798089165296,0.04569625751383557,0.1581019312,0.9016542435
sdxeq_0043__phonefact_g726_24k,0.6106134307406044,0.401867623455132,0.050172819927277665,0.1692181975,0.8974305391
sdxeq_0043__phonefact_opus_nb_8k,0.7281088152369285,0.7436310540871397,0.36026693311421504,0.4801619649,0.8206973076
sdxeq_0044__phonefact_resample8k,0.6814500730383068,0.0022489217270195,0.6305808277410649,0.5296891928,0.8475676179
sdxeq_0044__phonefact_g711_ulaw,0.9786602766956598,0.0158227860008409,0.909188358301025,0.6367849112,0.8663712144
sdxeq_0044__phonefact_g726_24k,0.9867519839847082,0.0037337644362131,0.9754103893384009,0.5482751727,0.8780856133
sdxeq_0044__phonefact_opus_nb_8k,0.9927863239571394,0.5136615588588028,0.9882999525424807,0.5060421228,0.8033932447
sdxeq_0045__phonefact_resample8k,0.876851221933848,0.0009457718039656,0.406013108850084,0.7558091879,0.8693223
sdxeq_0045__phonefact_g711_ulaw,0.9944433238366326,0.0061806509725592,0.16470319295536254,0.7126427293,0.8726784587
sdxeq_0045__phonefact_g726_24k,0.9869549132010894,0.0144199287508716,0.13926471165019375,0.7249822617,0.8404563069
sdxeq_0045__phonefact_opus_nb_8k,0.9993911481316907,0.9530473744985264,0.6379485007961984,0.7882986069,0.7336063385
sdxeq_0046__phonefact_resample8k,0.9928936878340351,0.7939943381531496,0.9676300199737463,0.1802486181,0.8607901335
sdxeq_0046__phonefact_g711_ulaw,0.99073459570348,0.0791125758624759,0.9111008227736835,0.2746211886,0.8722465634
sdxeq_0046__phonefact_g726_24k,0.8392528140152011,0.1806101665812144,0.7289071754734636,0.3307698965,0.8863395452
sdxeq_0046__phonefact_opus_nb_8k,0.9988055594886286,0.8401382280404894,0.9472407163842406,0.7028058767,0.7572640777
sdxeq_0047__phonefact_resample8k,0.8520010710527095,0.1308033310094225,0.8297407137093872,0.5076191425,0.8202958107
sdxeq_0047__phonefact_g711_ulaw,0.9880530450327719,0.0463540925297707,0.9701632757687872,0.6241136789,0.8710346222
sdxeq_0047__phonefact_g726_24k,0.9878005735161305,0.0853207330643823,0.9784805571365702,0.6359767914,0.8676817417
sdxeq_0047__phonefact_opus_nb_8k,0.9960259602227175,0.8587555867035891,0.9945573528431529,0.6200609803,0.7855783105
sdxeq_0048__phonefact_resample8k,0.9933371843731427,0.0021014019681139,0.5009668302932578,0.7433342934,0.5173998475
sdxeq_0048__phonefact_g711_ulaw,0.9934732438852414,0.0121793081148056,0.32683635691345014,0.8332345486,0.2879473567
sdxeq_0048__phonefact_g726_24k,0.9936431885605833,0.0247149118513013,0.03169959074333401,0.7807898521,0.4184010625
sdxeq_0048__phonefact_opus_nb_8k,0.9998922076455429,0.9987169633169696,0.4239597458021408,0.9121462107,0.1493229866
sdxeq_0049__phonefact_resample8k,0.9947615644025343,0.3115631267582868,0.9681200491515903,0.1466940194,0.8346389532
sdxeq_0049__phonefact_g711_ulaw,0.9936893238880946,0.697869919928828,0.8594335445154666,0.2007894665,0.8887632489
sdxeq_0049__phonefact_g726_24k,0.9949511948735533,0.2890126855864609,0.929795613056956,0.4162549078,0.8650020957
sdxeq_0049__phonefact_opus_nb_8k,0.9968497892060745,0.7991127425084051,0.9403542018578782,0.3095028698,0.5738254786
sdxeq_0050__phonefact_resample8k,0.5455447659684228,0.1264553904655827,0.4876004158927439,0.1027429476,0.6913252473
sdxeq_0050__phonefact_g711_ulaw,0.3663317410206562,0.0809797398165049,0.1717638886038753,0.1688595563,0.4204554558
sdxeq_0050__phonefact_g726_24k,0.2687179420118746,0.1913611863583499,0.17766323116168362,0.1110760272,0.5140333772
sdxeq_0050__phonefact_opus_nb_8k,0.9968050124969393,0.8175326531176632,0.9794472239517978,0.3182205558,0.0533415824
sdxeq_0051__phonefact_resample8k,0.9799728478438908,0.9948009411365676,0.00047643935933076067,0.4161916077,0.9180233479
sdxeq_0051__phonefact_g711_ulaw,0.9799588273548661,0.6614350468791593,0.0024577665428703707,0.6917876601,0.7870025039
sdxeq_0051__phonefact_g726_24k,0.9249050839018449,0.6045689244036596,0.003079849137955909,0.7200328112,0.5589699745
sdxeq_0051__phonefact_opus_nb_8k,0.9659141385272009,0.9968560199782748,0.07587985580849793,0.7778573632,0.2660842836
sdxeq_0052__phonefact_resample8k,0.9999049489311713,0.999486514328532,0.05449610049892706,0.8546503186,0.1821713299
sdxeq_0052__phonefact_g711_ulaw,0.999878961475259,0.99920091474393,0.11161501217219942,0.892392695,0.1191952899
sdxeq_0052__phonefact_g726_24k,0.9983817724934335,0.9989565162151758,0.07655715881990191,0.8965620995,0.3189498484
sdxeq_0052__phonefact_opus_nb_8k,0.9996178222371891,0.9998357772265984,0.5999060721998293,0.9031593204,0.0942040458
sdxeq_0053__phonefact_resample8k,0.987919936421859,0.3314995100501188,0.011217345809894811,0.245673582,0.8636255264
sdxeq_0053__phonefact_g711_ulaw,0.9969400791916179,0.2054379224073174,0.0077529776741691115,0.2845963836,0.6306580305
sdxeq_0053__phonefact_g726_24k,0.9733069719806411,0.8423339286938739,0.0068320718981252,0.6446456313,0.7646057606
sdxeq_0053__phonefact_opus_nb_8k,0.8128594951476735,0.8083973568253143,0.23028744914327745,0.4376950264,0.647792697
sdxeq_0054__phonefact_resample8k,0.9311345100755736,0.838138316963004,0.014279164020065863,0.8890053034,0.1563237309
sdxeq_0054__phonefact_g711_ulaw,0.762831889038574,0.3277925758865431,0.005133648898222269,0.8838095069,0.1159354374
sdxeq_0054__phonefact_g726_24k,0.679851573717088,0.6876978768152272,0.005190441416790382,0.879406929,0.0851646364
sdxeq_0054__phonefact_opus_nb_8k,0.9394807994613243,0.999096011623493,0.046058397170989536,0.8876478076,0.115063794
sdxeq_0055__phonefact_resample8k,0.9934116624321692,0.9991108673277838,0.0026380459753473804,0.2782659531,0.8672348857
sdxeq_0055__phonefact_g711_ulaw,0.9927286898400678,0.9716508848773188,0.0021169101828440737,0.5783818364,0.8187904358
sdxeq_0055__phonefact_g726_24k,0.9884323316408744,0.9127864503951708,0.006743480163845665,0.6705960035,0.8252533078
sdxeq_0055__phonefact_opus_nb_8k,0.9997301229462314,0.9975273857307476,0.5789182154704943,0.7854571939,0.1583696008
sdxeq_0056__phonefact_resample8k,0.8614699699638078,0.0008924276771714,0.0026172807330938123,0.8496540189,0.2474903762
sdxeq_0056__phonefact_g711_ulaw,0.9677072003961668,0.0206585922937486,0.005354769089091835,0.9151480198,0.1036699265
sdxeq_0056__phonefact_g726_24k,0.6221971225048282,0.0106516983886948,0.004600769538848721,0.9026167989,0.1134096384
sdxeq_0056__phonefact_opus_nb_8k,0.6821578836619665,0.8576244700368035,0.03935580705187801,0.9119560122,0.0842732489
sdxeq_0057__phonefact_resample8k,0.4282381803853367,0.9997818423922084,0.00023655878194918107,0.3179493546,0.7956207395
sdxeq_0057__phonefact_g711_ulaw,0.7940826413415495,0.8371580780865386,0.0008881785929637025,0.4357472956,0.7803927064
sdxeq_0057__phonefact_g726_24k,0.8441961104194358,0.997655453399652,0.006155228144430508,0.4429647624,0.8529000282
sdxeq_0057__phonefact_opus_nb_8k,0.9011481911436277,0.9878912420219136,0.5679972924927223,0.6906092167,0.7833475471
sdxeq_0058__phonefact_resample8k,0.9996343086521076,0.9997180854225888,0.06970725052805664,0.7913306355,0.7660083771
sdxeq_0058__phonefact_g711_ulaw,0.9999389793928137,0.9996820529899534,0.6116490809322225,0.86779356,0.829737246
sdxeq_0058__phonefact_g726_24k,0.9999372142508411,0.9996497342215428,0.7205747254585504,0.8432495594,0.7614523172
sdxeq_0058__phonefact_opus_nb_8k,0.9999336952367205,0.9994818103723644,0.9873288546267313,0.7787333727,0.054553207
sdxeq_0059__phonefact_resample8k,0.9300222203899761,0.9932655298457912,0.016808127692797735,0.4166709185,0.818687737
sdxeq_0059__phonefact_g711_ulaw,0.5131110888273631,0.9697629731067068,0.0059840629458460986,0.5732390881,0.8065178394
sdxeq_0059__phonefact_g726_24k,0.6510226883517112,0.9376018454605566,0.03311332806581076,0.562648654,0.8590990305
sdxeq_0059__phonefact_opus_nb_8k,0.9211182157478992,0.984527378515723,0.41764007649024987,0.4503779411,0.8182319999
sdxeq_0060__phonefact_resample8k,0.9999361249938061,0.9992944159362236,0.993545780860074,0.8023465872,0.3144591153
sdxeq_0060__phonefact_g711_ulaw,0.9993678536820118,0.9921380117123172,0.7288062255929493,0.8025933504,0.286990732
sdxeq_0060__phonefact_g726_24k,0.9973912072162775,0.8758921727144895,0.7654442345045713,0.7982292771,0.2983914912
sdxeq_0060__phonefact_opus_nb_8k,0.9999010844997519,0.9979824817972708,0.9952562866844773,0.8943729997,0.3519860208
sdxeq_0061__phonefact_resample8k,0.9998666967982994,0.999303765149236,0.032262542612203314,0.7184386849,0.8454809189
sdxeq_0061__phonefact_g711_ulaw,0.9994067630885488,0.9863045286040756,0.15548834326870603,0.7750378251,0.8585531712
sdxeq_0061__phonefact_g726_24k,0.9988522387059848,0.9876080373983274,0.2646956760461172,0.7747354507,0.8209649324
sdxeq_0061__phonefact_opus_nb_8k,0.9999321169481511,0.9997069975993076,0.9839800890384727,0.7762922645,0.1917798519
sdxeq_0062__phonefact_resample8k,0.6048364792300648,0.9995201676133334,0.013957365151542896,0.1126236171,0.7874198556
sdxeq_0062__phonefact_g711_ulaw,0.7084397148519752,0.9980369420343213,0.00664992481398821,0.1413052678,0.8193851113
sdxeq_0062__phonefact_g726_24k,0.8347665579309308,0.9973488336737556,0.05411585796454656,0.2260788828,0.8614589572
sdxeq_0062__phonefact_opus_nb_8k,0.6590563727773235,0.8977604615764135,0.4617750633353578,0.1052281484,0.9216650128
sdxeq_0063__phonefact_resample8k,0.8981166119635485,0.9926303011299618,0.002549556256942045,0.852265656,0.2012013197
sdxeq_0063__phonefact_g711_ulaw,0.4856044406481548,0.1300602584682778,0.1874471200640986,0.8373183012,0.1288630813
sdxeq_0063__phonefact_g726_24k,0.6445536319078476,0.4212387893916772,0.30159774182635246,0.8337258101,0.1485523582
sdxeq_0063__phonefact_opus_nb_8k,0.9859477383417341,0.97508278006251,0.5822230580103819,0.8376871347,0.0716269091
sdxeq_0064__phonefact_resample8k,0.9769566598489727,0.9998910720942076,0.18503166100182203,0.5501301289,0.753703177
sdxeq_0064__phonefact_g711_ulaw,0.9989665212334772,0.999716228024551,0.10937882556799168,0.7611372471,0.739487648
sdxeq_0064__phonefact_g726_24k,0.9982996161621949,0.9998005444839034,0.2312398621386842,0.7890361547,0.7267795205
sdxeq_0064__phonefact_opus_nb_8k,0.9999173365533464,0.9989782223213476,0.9830210330244712,0.8157954812,0.0435832217
sdxeq_0065__phonefact_resample8k,0.19335345625686057,0.9997815154705372,0.055787861565255295,0.3139377534,0.8573437333
sdxeq_0065__phonefact_g711_ulaw,0.2088768284084563,0.99948715438252,0.0009060642320756505,0.4917699695,0.8396728635
sdxeq_0065__phonefact_g726_24k,0.31175458966043723,0.9995454881911618,0.04602681097288215,0.5168145895,0.8626845479
sdxeq_0065__phonefact_opus_nb_8k,0.9993486772339419,0.9958895998275424,0.9906583767937429,0.7029264569,0.8064650297
sdxeq_0066__phonefact_resample8k,0.9586292917342423,0.9993345313632772,0.21901877278029774,0.6542557478,0.8184378147
sdxeq_0066__phonefact_g711_ulaw,0.9656818575873022,0.513143438465979,0.03204774800118567,0.7283983231,0.6336243153
sdxeq_0066__phonefact_g726_24k,0.9648305588240601,0.8119026762989372,0.026560898360605684,0.7360426784,0.6715765595
sdxeq_0066__phonefact_opus_nb_8k,0.9998066227592366,0.9987516754582128,0.9583578588851324,0.9289110899,0.2254144549
sdxeq_0067__phonefact_resample8k,0.9999106518191963,0.999883010872618,0.04692055571912784,0.7686367631,0.8864260912
sdxeq_0067__phonefact_g711_ulaw,0.9908935234168936,0.9995512891087224,0.056600261539856034,0.5688587427,0.7985605597
sdxeq_0067__phonefact_g726_24k,0.9981877586839905,0.9998135677268728,0.05787110968317619,0.7277825475,0.8597519994
sdxeq_0067__phonefact_opus_nb_8k,0.9998469884337917,0.9968212835735292,0.9048285001034365,0.7462981939,0.7536238432
sdxeq_0068__phonefact_resample8k,0.23831727914400117,0.9995855780092304,0.0006395266274460953,0.2380073518,0.8840010762
sdxeq_0068__phonefact_g711_ulaw,0.47363054968147805,0.9989297256281506,0.0015950586894725428,0.2564612627,0.9153400064
sdxeq_0068__phonefact_g726_24k,0.44690408978760926,0.998695708329275,0.007210812055545584,0.2724584043,0.91245085
sdxeq_0068__phonefact_opus_nb_8k,0.6560992638968198,0.8434533852741367,0.7428129823832093,0.2806078196,0.9362389445
sdxeq_0069__phonefact_resample8k,0.9999347410291156,0.9995241532699666,0.8957149238526574,0.8366030455,0.8879117966
sdxeq_0069__phonefact_g711_ulaw,0.9967394566868072,0.9919449711520262,0.548093859827626,0.8551713228,0.8525388241
sdxeq_0069__phonefact_g726_24k,0.9957063307106198,0.9995343692561122,0.762586807099095,0.8085315824,0.8810044527
sdxeq_0069__phonefact_opus_nb_8k,0.9960075467435565,0.9827122973711768,0.7597697303329066,0.7564361691,0.6571189165
sdxeq_0070__phonefact_resample8k,0.9760383975039418,0.9999527545537028,0.21640660220771177,0.6940392852,0.8577972054
sdxeq_0070__phonefact_g711_ulaw,0.9996499982410714,0.9998459142470943,0.09169988166368948,0.7477661371,0.8770837784
sdxeq_0070__phonefact_g726_24k,0.9996385529668669,0.9997359176485148,0.1296402267344288,0.7411115766,0.8776733875
sdxeq_0070__phonefact_opus_nb_8k,0.9999718999787538,0.9998626276719508,0.9737399765992015,0.7600113153,0.5183414221
sdxeq_0071__phonefact_resample8k,0.5587314725683595,0.5436369467701304,0.5497540507505686,0.493784219,0.0186246596
sdxeq_0071__phonefact_g711_ulaw,0.9778311096905394,0.9947872079882312,0.2222803481641253,0.527685523,0.0192839578
sdxeq_0071__phonefact_g726_24k,0.9949547407963023,0.9971371921806818,0.07686554388281892,0.4939904511,0.0167830661
sdxeq_0071__phonefact_opus_nb_8k,0.9877191736044884,0.992002620410234,0.16637080430428255,0.6073639393,0.2994553149
sdxeq_0072__phonefact_resample8k,0.9994326048388864,0.9851183423658332,0.0023778790641846327,0.8782738447,0.235060975
sdxeq_0072__phonefact_g711_ulaw,0.9994630905311037,0.9823767374346418,0.04320665960817499,0.8773112297,0.0589592643
sdxeq_0072__phonefact_g726_24k,0.9924055600584912,0.9333399222729316,0.03372156299686619,0.8907744884,0.0465249866
sdxeq_0072__phonefact_opus_nb_8k,0.9969117171561996,0.9993826090379324,0.4749042587991607,0.8921406865,0.0422310978
sdxeq_0073__phonefact_resample8k,0.996741595127006,0.5194924178557806,0.264811867473333,0.8589215875,0.5202426314
sdxeq_0073__phonefact_g711_ulaw,0.9925947414332609,0.6306163606359226,0.036037303958199735,0.8891090751,0.09294568
sdxeq_0073__phonefact_g726_24k,0.9903997734832962,0.8971604101441395,0.04181619322578348,0.8759897351,0.0869627222
sdxeq_0073__phonefact_opus_nb_8k,0.9974275318669641,0.9984991120104534,0.4012467157053216,0.8933101892,0.0811659321
sdxeq_0074__phonefact_resample8k,0.704221988121808,0.9997083623401664,0.022850501790015295,0.2837406993,0.8398611546
sdxeq_0074__phonefact_g711_ulaw,0.7265887729860562,0.9993770091546448,0.007819974699243486,0.3803391457,0.8604767323
sdxeq_0074__phonefact_g726_24k,0.8294349156264669,0.999739056453878,0.17546691177100443,0.4419255555,0.8680695295
sdxeq_0074__phonefact_opus_nb_8k,0.9883262783790596,0.9479730020911388,0.9725775505228136,0.3501223028,0.8843149543
sdxeq_0075__phonefact_resample8k,0.9965625568250734,0.9369386486546892,0.957892996420613,0.1948564202,0.8960025311
sdxeq_0075__phonefact_g711_ulaw,0.9931839183347373,0.5654340879135067,0.4885418178563288,0.458119303,0.8773787022
sdxeq_0075__phonefact_g726_24k,0.9973473872072396,0.2372581418064167,0.7006147467603905,0.5164531469,0.8865442872
sdxeq_0075__phonefact_opus_nb_8k,0.9980885631041307,0.651552142413586,0.8096079094620763,0.80984056,0.5508137941
sdxeq_0076__phonefact_resample8k,0.9982049542527136,0.7247196037718822,0.12365494728577922,0.7934716344,0.6216698885
sdxeq_0076__phonefact_g711_ulaw,0.9949521297548866,0.1410989474870078,0.024531085643832707,0.8588665724,0.2797884941
sdxeq_0076__phonefact_g726_24k,0.9965171320956724,0.366381613446759,0.007815107727818299,0.8701959252,0.3788207769
sdxeq_0076__phonefact_opus_nb_8k,0.9991761164017504,0.9923546132300716,0.7294052225257541,0.9237133861,0.1021850631
sdxeq_0077__phonefact_resample8k,0.9994523479033383,0.9993207240389916,0.3584218790829809,0.731785953,0.335655421
sdxeq_0077__phonefact_g711_ulaw,0.9998535195718227,0.9983960295517504,0.3588510449852877,0.7858466506,0.1511434168
sdxeq_0077__phonefact_g726_24k,0.9991760765235188,0.9992317848377976,0.18120963622398734,0.7491770983,0.1922779381
sdxeq_0077__phonefact_opus_nb_8k,0.9991210747264329,0.9985706703740366,0.536853699289973,0.8192114234,0.1005236059
sdxeq_0078__phonefact_resample8k,0.9946063655300548,0.9446161890609482,0.8953304658539913,0.5974549651,0.8821260929
sdxeq_0078__phonefact_g711_ulaw,0.9933932820920668,0.0535815781389487,0.25241665097710536,0.4563010931,0.9094082117
sdxeq_0078__phonefact_g726_24k,0.9860666802923496,0.114103705030472,0.30852742759995455,0.6138430834,0.8923762441
sdxeq_0078__phonefact_opus_nb_8k,0.9971074141869031,0.8930662051047155,0.9806900495816955,0.5081865788,0.8945695162
sdxeq_0079__phonefact_resample8k,0.993419220497646,0.9984260160609388,0.8909902694307686,0.6066725254,0.8644762635
sdxeq_0079__phonefact_g711_ulaw,0.9956433740575643,0.8997236898842182,0.3686405657841111,0.4923157692,0.8629379869
sdxeq_0079__phonefact_g726_24k,0.9945888406633857,0.8839941323948625,0.1545522573986496,0.6950275302,0.8605560064
sdxeq_0079__phonefact_opus_nb_8k,0.9998929578235554,0.9986475684261052,0.7618346183447241,0.8016729355,0.6126756668
sdxeq_0080__phonefact_resample8k,0.9934141416273115,0.9973161232148914,0.8146554680762708,0.4278641939,0.8854249716
sdxeq_0080__phonefact_g711_ulaw,0.9946544152065074,0.9631035743119946,0.6285581437984318,0.4733906984,0.9015873671
sdxeq_0080__phonefact_g726_24k,0.9940339256638027,0.993191741342046,0.34368803893809885,0.6578581333,0.89885813
sdxeq_0080__phonefact_opus_nb_8k,0.9997024534897955,0.9933242953367216,0.757287650034605,0.7026695609,0.8834757805
sdxeq_0081__phonefact_resample8k,0.918871217806101,0.9458737887719932,0.44188896053749716,0.3725014031,0.8854185939
sdxeq_0081__phonefact_g711_ulaw,0.9615181649265646,0.9119635740277756,0.07570184775030571,0.5934877396,0.6402459741
sdxeq_0081__phonefact_g726_24k,0.9892897752926801,0.9513034239879928,0.010413953578820577,0.6857639551,0.4669686556
sdxeq_0081__phonefact_opus_nb_8k,0.9900471720681809,0.976302835173082,0.4175743212244365,0.6091614962,0.3592096865
sdxeq_0082__phonefact_resample8k,0.9915382080536248,0.9198653031799824,0.00046638910283714385,0.5254088044,0.8588495851
sdxeq_0082__phonefact_g711_ulaw,0.9977045025938447,0.8444451815853671,0.0015614162981902667,0.8236992359,0.3908703327
sdxeq_0082__phonefact_g726_24k,0.9915604044916662,0.8834545892458096,0.0033525389413054598,0.6723801494,0.5465794802
sdxeq_0082__phonefact_opus_nb_8k,0.9980907480853456,0.9957934988784491,0.024896152778366196,0.6583408117,0.4830442965
sdxeq_0083__phonefact_resample8k,0.9997596149729016,0.9936453610340408,0.043964446695797,0.8499488831,0.7430220842
sdxeq_0083__phonefact_g711_ulaw,0.9991057628873669,0.9176330232940944,0.09448661250556963,0.8850044012,0.1380665451
sdxeq_0083__phonefact_g726_24k,0.9995991281175505,0.9824917618008684,0.056237939448545174,0.8727937341,0.3562655151
sdxeq_0083__phonefact_opus_nb_8k,0.9998964871670011,0.9994671583860232,0.6079597811877492,0.9333692193,0.0571817346
sdxeq_0084__phonefact_resample8k,0.9880207107879568,0.9845907661927786,0.046419103192593736,0.5550227761,0.8973915577
sdxeq_0084__phonefact_g711_ulaw,0.9984340947606353,0.7785392495308784,0.31761941592208026,0.689142406,0.4916573763
sdxeq_0084__phonefact_g726_24k,0.9980934394304203,0.9040024209586092,0.5332812088374533,0.7910388708,0.1898105294
sdxeq_0084__phonefact_opus_nb_8k,0.99981739264976,0.9963324600884668,0.42295269073947567,0.8160765171,0.0843160748
sdxeq_0085__phonefact_resample8k,0.9933833608668742,0.999268955428061,0.5135533340101716,0.4211736321,0.8426277637
sdxeq_0085__phonefact_g711_ulaw,0.9948591110366057,0.9166437523615928,0.48775439482393,0.5262583494,0.8738846779
sdxeq_0085__phonefact_g726_24k,0.9961524968998987,0.980349428760614,0.6436200661395479,0.5475025177,0.8760997653
sdxeq_0085__phonefact_opus_nb_8k,0.9998930756178671,0.9984637092174652,0.9321663225658026,0.7537422776,0.3430049121
sdxeq_0086__phonefact_resample8k,0.9977394535722156,0.932652330836781,0.01768972319394236,0.8432575464,0.8197801113
sdxeq_0086__phonefact_g711_ulaw,0.9842706156471988,0.1644475205421294,0.006522095735104512,0.8567445874,0.3315285742
sdxeq_0086__phonefact_g726_24k,0.9827719264894473,0.5821574729758385,0.008004447749655936,0.8717666864,0.4565119445
sdxeq_0086__phonefact_opus_nb_8k,0.9968141634183417,0.9838761505179848,0.557272355941477,0.8743688464,0.1242853925
sdxeq_0087__phonefact_resample8k,0.6755504696913255,0.1220827524272843,0.17292908727176565,0.7073299885,0.8487206697
sdxeq_0087__phonefact_g711_ulaw,0.9575079072223992,0.024638901870554,0.007274696648615698,0.7728862762,0.7166111469
sdxeq_0087__phonefact_g726_24k,0.5963254065530585,0.0778583605001982,0.005326353099355245,0.7534480691,0.6652941704
sdxeq_0087__phonefact_opus_nb_8k,0.9565553636426716,0.8177859398517308,0.4050248845576563,0.8758263588,0.3874538243
sdxeq_0088__phonefact_resample8k,0.5535700562184174,0.9947055514988576,0.001801688170605024,0.372820884,0.8916544914
sdxeq_0088__phonefact_g711_ulaw,0.9844223537166982,0.9360767122817504,0.009843408012234189,0.63948071,0.6050696969
sdxeq_0088__phonefact_g726_24k,0.9811854521842739,0.9862863923768987,0.0051933697769471,0.8035434484,0.6269673109
sdxeq_0088__phonefact_opus_nb_8k,0.9821899606475738,0.9988067926911628,0.352407304481571,0.8138459921,0.3050734401
sdxeq_0089__phonefact_resample8k,0.9998991549681103,0.999759646718446,0.06056630409553011,0.7940397859,0.8457407355
sdxeq_0089__phonefact_g711_ulaw,0.9999195676250299,0.9992866250026124,0.15193489084739636,0.8491231203,0.8703905344
sdxeq_0089__phonefact_g726_24k,0.9996187010205043,0.9995618784414088,0.08260575013769891,0.8544105887,0.8655962944
sdxeq_0089__phonefact_opus_nb_8k,0.9999606239336112,0.999820058475862,0.8045393886236284,0.8286585212,0.0589188524
sdxeq_0090__phonefact_resample8k,0.9952908791882363,0.9108532999623408,0.005869687001978583,0.4346426725,0.8773331046
sdxeq_0090__phonefact_g711_ulaw,0.9986959362242078,0.8373146711212297,0.006791129322450918,0.7425245643,0.8623098731
sdxeq_0090__phonefact_g726_24k,0.9989296298527621,0.8854106297307061,0.026056402134267888,0.7839127779,0.8678624034
sdxeq_0090__phonefact_opus_nb_8k,0.9997053391419105,0.992840065494766,0.519464161807222,0.8193405271,0.4800974429
sdxeq_0091__phonefact_resample8k,0.993654916704835,0.99937034446084,0.3217817055026844,0.2453166544,0.8975080252
sdxeq_0091__phonefact_g711_ulaw,0.991696754066194,0.9616212311791206,0.07043503406613447,0.556445539,0.915359199
sdxeq_0091__phonefact_g726_24k,0.946000647171378,0.9979326565559996,0.06722446016455301,0.438788563,0.919369638
sdxeq_0091__phonefact_opus_nb_8k,0.9870266565661601,0.9990650874004036,0.5297662507409102,0.6289430261,0.8671350479
sdxeq_0092__phonefact_resample8k,0.999901827228265,0.998935547388856,0.6396311207905283,0.7785348296,0.834934175
sdxeq_0092__phonefact_g711_ulaw,0.9997131102777611,0.9909688644699066,0.3635210494405928,0.8615934849,0.8020128012
sdxeq_0092__phonefact_g726_24k,0.9998497881337044,0.9975108017567982,0.44442919584684737,0.8594304323,0.8165242076
sdxeq_0092__phonefact_opus_nb_8k,0.9998788478228796,0.9983796225498748,0.9974639550437677,0.8920616508,0.1317099184
sdxeq_0093__phonefact_resample8k,0.9941147199993927,0.996201906494278,0.9371427843398731,0.2742357254,0.8900102973
sdxeq_0093__phonefact_g711_ulaw,0.9861566395107004,0.9937608173351614,0.20827873563205804,0.4255586863,0.9015232325
sdxeq_0093__phonefact_g726_24k,0.9820352266891307,0.9907918356965708,0.37452551490796193,0.3123888969,0.9046986103
sdxeq_0093__phonefact_opus_nb_8k,0.9923202448341278,0.997684879627509,0.8986959372869718,0.3532057703,0.867993772
sdxeq_0094__phonefact_resample8k,0.9934360062541998,0.9982985141978364,0.44142123721248727,0.1406563073,0.8678151965
sdxeq_0094__phonefact_g711_ulaw,0.9956801663620436,0.9648267344067306,0.3868392589732639,0.1507111788,0.8899192214
sdxeq_0094__phonefact_g726_24k,0.9977131050795993,0.9626699213593072,0.29391052181417215,0.1244398654,0.8913564086
sdxeq_0094__phonefact_opus_nb_8k,0.9971761719979201,0.994805915250901,0.7402810773709216,0.2899177969,0.8502693772
sdxeq_0095__phonefact_resample8k,0.6191494662097994,0.8515588439040821,0.19247642806891943,0.5564152002,0.7827566862
sdxeq_0095__phonefact_g711_ulaw,0.6482916748344603,0.3971586692640778,0.0758594163725672,0.5878212452,0.817674458
sdxeq_0095__phonefact_g726_24k,0.5437621386418328,0.7882759831748852,0.1337280867096689,0.4718101919,0.855502367
sdxeq_0095__phonefact_opus_nb_8k,0.978223082359671,0.9057668112075162,0.7287405421795429,0.4035767317,0.8612440228
sdxeq_0096__phonefact_resample8k,0.9952316233691129,0.9054451051340918,0.9100570533763539,0.2123031616,0.8874996901
sdxeq_0096__phonefact_g711_ulaw,0.9674184555661803,0.3128837123627688,0.2117883100616514,0.2853551507,0.786454916
sdxeq_0096__phonefact_g726_24k,0.771779562280126,0.4420250849531587,0.4245556185521767,0.3740209043,0.8429200649
sdxeq_0096__phonefact_opus_nb_8k,0.9971210764959012,0.85990252972863,0.9398331355860307,0.3896167576,0.536601007
sdxeq_0097__phonefact_resample8k,0.9996374480222733,0.9856411252992662,0.5444982909964304,0.7756124139,0.8370005488
sdxeq_0097__phonefact_g711_ulaw,0.9993875907262697,0.9599154391240984,0.4336294506242807,0.8196257949,0.7989618182
sdxeq_0097__phonefact_g726_24k,0.9997228774037198,0.991569129089021,0.18780499343111054,0.8177031279,0.8335568905
sdxeq_0097__phonefact_opus_nb_8k,0.9998933945049996,0.9985114378198212,0.8977890080395653,0.8979127407,0.5876984
sdxeq_0098__phonefact_resample8k,0.9990532160050338,0.9065449555866728,0.08642749115046645,0.8410314918,0.8226779699
sdxeq_0098__phonefact_g711_ulaw,0.9991022280477179,0.9173927495607797,0.03882550571211182,0.8036801219,0.8055921793
sdxeq_0098__phonefact_g726_24k,0.9985678328172624,0.982873631228372,0.015973979436354247,0.8530703783,0.841784656
sdxeq_0098__phonefact_opus_nb_8k,0.9977507979789251,0.9991246512709404,0.33942867919929076,0.8939518332,0.5207244158
sdxeq_0099__phonefact_resample8k,0.9944250904683818,0.9672676208139444,0.9305293942181183,0.1781666726,0.8434228897
sdxeq_0099__phonefact_g711_ulaw,0.9934406609926684,0.9974544733898149,0.8649656542616382,0.4931269288,0.7982402444
sdxeq_0099__phonefact_g726_24k,0.9932852301053461,0.9985967682985468,0.6733378382235337,0.6139018536,0.8594512939
sdxeq_0099__phonefact_opus_nb_8k,0.9923789998425248,0.9968804388883248,0.8252432299432092,0.6116815209,0.7319494486
sdm_real_0000__phonefact_resample8k,0.5322398305947341,0.5965846430428495,0.4109889010611845,0.0304902028,0.8863989711
sdm_real_0000__phonefact_g711_ulaw,0.4824191681331176,0.7793865045568347,0.27152899807608266,0.0366583727,0.8760605454
sdm_real_0000__phonefact_g726_24k,0.8287074894078867,0.8754780165708,0.6603276380477289,0.0376753211,0.8646330237
sdm_real_0000__phonefact_opus_nb_8k,0.8342826179999537,0.8118050891981706,0.8115166684836277,0.0488640182,0.8788520694
sdm_real_0001__phonefact_resample8k,0.3563664498673115,0.7490823596794648,0.22709025260557614,0.0330553539,0.9343400002
sdm_real_0001__phonefact_g711_ulaw,0.30777213797007685,0.866714707202078,0.07563246059600093,0.0388224274,0.9472995996
sdm_real_0001__phonefact_g726_24k,0.3774878621649366,0.9178264440578418,0.08888547105352837,0.051779367,0.9461395741
sdm_real_0001__phonefact_opus_nb_8k,0.33670647204075144,0.1379888110948498,0.23828860393237256,0.1420887113,0.915587306
sdm_real_0002__phonefact_resample8k,0.23654699145457422,0.7795193558861477,0.0009746408467892457,0.2434655726,0.8081650138
sdm_real_0002__phonefact_g711_ulaw,0.2299915350710219,0.7682432670915039,0.001075439041590296,0.2014000416,0.8344215751
sdm_real_0002__phonefact_g726_24k,0.18938454037748279,0.4010938642053295,0.012037434200112086,0.2405641377,0.8600714803
sdm_real_0002__phonefact_opus_nb_8k,0.13589704843270295,0.7733366624975324,0.04091144854932611,0.2780189812,0.8834950328
sdm_real_0003__phonefact_resample8k,0.3882307481387341,0.7416770052776025,0.03851418920326673,0.0361552387,0.9125568867
sdm_real_0003__phonefact_g711_ulaw,0.6474310290208934,0.6880077611073167,0.00812817470086372,0.0422870219,0.9216903448
sdm_real_0003__phonefact_g726_24k,0.6527204225352387,0.7353202794061104,0.024758144856994763,0.0582148433,0.8918097615
sdm_real_0003__phonefact_opus_nb_8k,0.5698969133540138,0.8990585554465321,0.29569356127704494,0.0387675166,0.9071167111
sdm_real_0004__phonefact_resample8k,0.04214605064566133,0.7377520032589493,0.0030896092921181484,0.0313355364,0.9232200384
sdm_real_0004__phonefact_g711_ulaw,0.2163158959478668,0.7832626292392718,0.0007235026139139901,0.034306109,0.9363997579
sdm_real_0004__phonefact_g726_24k,0.08767216036007495,0.7277843886197588,0.000996216931816642,0.0486586578,0.9181630015
sdm_real_0004__phonefact_opus_nb_8k,0.10901231793510166,0.8015314599814368,0.039207590596884084,0.0492223725,0.9339765906
sdm_real_0005__phonefact_resample8k,0.06794734495911241,0.8903365157586806,0.0511782802209878,0.172391355,0.9216614962
sdm_real_0005__phonefact_g711_ulaw,0.005269036843989594,0.868895782235576,0.0015976997171622258,0.1956731975,0.9248614311
sdm_real_0005__phonefact_g726_24k,0.06016978223258077,0.8595604733766993,0.010670353821473156,0.3238872588,0.9241563678
sdm_real_0005__phonefact_opus_nb_8k,0.4277023812128021,0.9005464417968203,0.4123021329953062,0.1683725864,0.9420649409
sdm_real_0006__phonefact_resample8k,0.28390695286980777,0.6525453766435507,0.17236939489265637,0.2297953814,0.895709157
sdm_real_0006__phonefact_g711_ulaw,0.059776566933431356,0.0690155018189448,0.0029980366920412194,0.2120020092,0.8831608295
sdm_real_0006__phonefact_g726_24k,0.14442126881428638,0.7976208343824993,0.02501435999300757,0.2924050391,0.9043800831
sdm_real_0006__phonefact_opus_nb_8k,0.20436128310095156,0.895375809971495,0.07762218779657867,0.4348042011,0.8947326541
sdm_real_0007__phonefact_resample8k,0.09937296651979365,0.8498742292239102,0.002110188295882591,0.3260003924,0.8674916029
sdm_real_0007__phonefact_g711_ulaw,0.4072345294080358,0.5942983996833651,0.002557095136673073,0.4923547208,0.89136374
sdm_real_0007__phonefact_g726_24k,0.39859806645518414,0.7665744558070166,0.004809897251873797,0.4678981006,0.8850821853
sdm_real_0007__phonefact_opus_nb_8k,0.788649851944854,0.9752466369210756,0.5851568403120423,0.4067325294,0.7436222434
sdm_real_0008__phonefact_resample8k,0.2954727052509587,0.8949080722973286,0.24684357706183965,0.156714052,0.9186165333
sdm_real_0008__phonefact_g711_ulaw,0.3319968130395505,0.375631664801512,0.08782305704808978,0.1676271409,0.9138165116
sdm_real_0008__phonefact_g726_24k,0.31408726243845814,0.7598190226075425,0.13243214344686702,0.1791009754,0.9236571193
sdm_real_0008__phonefact_opus_nb_8k,0.7059788572512413,0.9896539640634304,0.5487451291007467,0.2010573447,0.8652668595
sdm_real_0009__phonefact_resample8k,0.16936816383726894,0.1700285635330304,0.024277048504132002,0.0270513184,0.8215046525
sdm_real_0009__phonefact_g711_ulaw,0.20831672792329722,0.262743628907991,0.16032198728139982,0.0272750426,0.5977675915
sdm_real_0009__phonefact_g726_24k,0.5225177554165896,0.3951643324605025,0.4169731171052237,0.0318033956,0.5364034772
sdm_real_0009__phonefact_opus_nb_8k,0.9841019661578659,0.8186656410177997,0.9729659330948222,0.038751673,0.8434423804
sdm_real_0010__phonefact_resample8k,0.5491787153299307,0.7667437704289494,0.08651471286760908,0.0424657166,0.9134913087
sdm_real_0010__phonefact_g711_ulaw,0.2500523195791205,0.9476997708470888,0.010149971607385014,0.0467333794,0.9121819735
sdm_real_0010__phonefact_g726_24k,0.18466515942772385,0.9435046813587916,0.005268628918245764,0.0481524318,0.9154031277
sdm_real_0010__phonefact_opus_nb_8k,0.4084110237829135,0.9093572715377174,0.3190046002865754,0.0534616075,0.8647031188
sdm_real_0011__phonefact_resample8k,0.1917207570500569,0.9861601362782372,0.04450849567579151,0.128035605,0.8543397188
sdm_real_0011__phonefact_g711_ulaw,0.35345633845932567,0.9904360883787816,0.009543236371320903,0.1794896871,0.9018518329
sdm_real_0011__phonefact_g726_24k,0.2545312114107728,0.9900722414909868,0.013411213408044362,0.1856268942,0.8991807103
sdm_real_0011__phonefact_opus_nb_8k,0.21087262591983646,0.9290800479932728,0.20378239175159704,0.4042397141,0.8505327702
sdm_real_0012__phonefact_resample8k,0.9659166375296455,0.8050012385842156,0.9441337510079569,0.1749355048,0.8776646256
sdm_real_0012__phonefact_g711_ulaw,0.759716097799805,0.7996093922027301,0.685133464230292,0.1464262158,0.8612771034
sdm_real_0012__phonefact_g726_24k,0.658706455851252,0.7864826719008781,0.45545062748448467,0.1548548192,0.924218297
sdm_real_0012__phonefact_opus_nb_8k,0.9449446169393447,0.5029309253418995,0.9315996424145542,0.3494971991,0.8470513821
sdm_real_0013__phonefact_resample8k,0.2196472633576446,0.6311333060693626,0.00485266515949437,0.3851538301,0.8956155777
sdm_real_0013__phonefact_g711_ulaw,0.16030010466285913,0.6767496890060002,0.007797764246350449,0.4005709291,0.916729629
sdm_real_0013__phonefact_g726_24k,0.495514281621762,0.6910760744208843,0.0790961176693963,0.433847487,0.9288421869
sdm_real_0013__phonefact_opus_nb_8k,0.6234046070158021,0.9403757179082282,0.5196008000964447,0.2261484414,0.9346275926
sdm_real_0014__phonefact_resample8k,0.13941364623369443,0.6669740806530859,0.004375029008690648,0.3150288761,0.9309237599
sdm_real_0014__phonefact_g711_ulaw,0.2493433177288452,0.7425663179195559,0.0068023743044438945,0.2638938129,0.9086358547
sdm_real_0014__phonefact_g726_24k,0.2233388995644545,0.692045672325406,0.07794109879518744,0.2203903794,0.9248190522
sdm_real_0014__phonefact_opus_nb_8k,0.6471958623377129,0.884539269460517,0.5985335352454906,0.4518096149,0.9278081656
sdm_real_0015__phonefact_resample8k,0.6715100899646453,0.5139027799094956,0.5385197298315656,0.034951739,0.9437800646
sdm_real_0015__phonefact_g711_ulaw,0.7219590532253701,0.5071000617316705,0.20772833028089058,0.0378800593,0.9491503835
sdm_real_0015__phonefact_g726_24k,0.93494794520543,0.6367613469892789,0.8871047398262961,0.0398111269,0.9353602529
sdm_real_0015__phonefact_opus_nb_8k,0.9895345899967923,0.0930420121492887,0.9839295807845139,0.0474234484,0.9320108891
sdm_real_0016__phonefact_resample8k,0.9787903678898321,0.8664813339719059,0.9715585062940979,0.0271594208,0.8421413898
sdm_real_0016__phonefact_g711_ulaw,0.9433109937186365,0.965189388634061,0.8771564688760751,0.0366779305,0.8524848819
sdm_real_0016__phonefact_g726_24k,0.9639860040676443,0.9177792658245224,0.8757347360249343,0.0406295359,0.8728122115
sdm_real_0016__phonefact_opus_nb_8k,0.9768465396194594,0.9045419104578604,0.9685362941336277,0.054703325,0.8607120514
sdm_real_0017__phonefact_resample8k,0.2747260700559656,0.8985751286674505,0.029225472247073506,0.1680200547,0.8758711815
sdm_real_0017__phonefact_g711_ulaw,0.5324427279202225,0.9778310278747948,0.0021410976428619137,0.0751199648,0.9101678133
sdm_real_0017__phonefact_g726_24k,0.30286168948741965,0.9828368460522612,0.004200331996288761,0.1007126421,0.9180636406
sdm_real_0017__phonefact_opus_nb_8k,0.3437400587067321,0.8619334495660707,0.15682161461755711,0.1098646745,0.6002470255
sdm_real_0018__phonefact_resample8k,0.7433554465160012,0.8008043692635929,0.01897794168800956,0.188182801,0.817563355
sdm_real_0018__phonefact_g711_ulaw,0.7753163471031398,0.7849033077947649,0.004364441529024223,0.2222449481,0.8333022594
sdm_real_0018__phonefact_g726_24k,0.5185769665163016,0.8074018377012848,0.010012175992129458,0.2069931179,0.8353327513
sdm_real_0018__phonefact_opus_nb_8k,0.6916050955837157,0.6359331907735027,0.5370660425567593,0.632145226,0.8739715815
sdm_real_0019__phonefact_resample8k,0.0739886178071252,0.8251851872648337,0.16258604384421094,0.0330089517,0.9032824636
sdm_real_0019__phonefact_g711_ulaw,0.23108870259029182,0.4920564468492482,0.05875820365019366,0.0254026279,0.9190041423
sdm_real_0019__phonefact_g726_24k,0.5317945525432798,0.6568403899561462,0.43368426077040356,0.0280034505,0.9294723868
sdm_real_0019__phonefact_opus_nb_8k,0.9431917448174295,0.8051384637791621,0.8748268915951273,0.0396921597,0.9495891929
sdm_real_0020__phonefact_resample8k,0.22560766232610238,0.5274529801501902,0.01213842465339059,0.0260333773,0.927418828
sdm_real_0020__phonefact_g711_ulaw,0.06885921671497691,0.1759348627751464,0.003461384751069585,0.0213609971,0.9605702162
sdm_real_0020__phonefact_g726_24k,0.04314845518541867,0.2471035968707221,0.008298435914866684,0.0237156153,0.9642775059
sdm_real_0020__phonefact_opus_nb_8k,0.6584878614091106,0.596230216514687,0.6579917157453851,0.0376185924,0.8968491554
sdm_real_0021__phonefact_resample8k,0.30261865173813357,0.3151735709322346,0.008805527183218385,0.025108248,0.9277667403
sdm_real_0021__phonefact_g711_ulaw,0.35542953856603626,0.3317152468970807,0.014257703621711986,0.0293487031,0.9386293292
sdm_real_0021__phonefact_g726_24k,0.3782431486966918,0.3011538121587637,0.05889656020168177,0.0265405141,0.9158232212
sdm_real_0021__phonefact_opus_nb_8k,0.8475100943730927,0.119478446240263,0.7724731059343669,0.0511312187,0.8484233618
sdm_real_0022__phonefact_resample8k,0.01736109624971911,0.7961931991044608,0.00022259517869010673,0.1329776645,0.9254792929
sdm_real_0022__phonefact_g711_ulaw,0.08385979269375148,0.7773779611595908,0.00010895171664408672,0.1468871385,0.940926075
sdm_real_0022__phonefact_g726_24k,0.0829627484330956,0.6110407098872918,0.0007030725710174895,0.1829230636,0.9278762341
sdm_real_0022__phonefact_opus_nb_8k,0.05184703268834164,0.987766635136097,0.00740655202916787,0.3559213877,0.8880461454
sdm_real_0023__phonefact_resample8k,0.9342891857605737,0.7068507211876934,0.8959562820404429,0.0329585448,0.9604235291
sdm_real_0023__phonefact_g711_ulaw,0.909118826703231,0.629737433732688,0.8202277697773422,0.0297583863,0.9443531632
sdm_real_0023__phonefact_g726_24k,0.9932343674226117,0.7162116206283029,0.9887029702699449,0.035734389,0.9200687408
sdm_real_0023__phonefact_opus_nb_8k,0.9909197354045046,0.7065128114290342,0.9906480286328697,0.0899321362,0.9169937968
sdm_real_0024__phonefact_resample8k,0.7327401842248795,0.3660208483483071,0.013610604261060442,0.0276975036,0.880510509
sdm_real_0024__phonefact_g711_ulaw,0.8861730198849204,0.8066014752790275,0.007133012119818187,0.0250631571,0.8186625242
sdm_real_0024__phonefact_g726_24k,0.8982979932413491,0.7913549119801849,0.15028155486274927,0.0291966479,0.8682775497
sdm_real_0024__phonefact_opus_nb_8k,0.7770995626100966,0.772914946830599,0.4031089412091473,0.0448164493,0.917961061
sdm_real_0025__phonefact_resample8k,0.27531608653190337,0.9111605591015424,0.006332956456381234,0.3883466721,0.8992486596
sdm_real_0025__phonefact_g711_ulaw,0.47301823616005884,0.9147506651139912,0.020449495216212022,0.270876348,0.9000591636
sdm_real_0025__phonefact_g726_24k,0.39753056591499614,0.9901124120330153,0.026315575523349958,0.2652423978,0.9083986282
sdm_real_0025__phonefact_opus_nb_8k,0.7422019064142523,0.7877447317553008,0.6639517139929367,0.2077980191,0.8939546943
sdm_real_0026__phonefact_resample8k,0.32859413367213597,0.4579233559957449,0.021257953791118483,0.0567511432,0.8810081482
sdm_real_0026__phonefact_g711_ulaw,0.10426240329931995,0.7463515777725986,0.00041580763185607275,0.027897466,0.8904681206
sdm_real_0026__phonefact_g726_24k,0.4045692226893609,0.6066704272541619,0.10132927655547261,0.0337983966,0.908409059
sdm_real_0026__phonefact_opus_nb_8k,0.5391734440386728,0.9282658108447418,0.3217946489025104,0.0428190678,0.9075622559
sdm_real_0027__phonefact_resample8k,0.5763484135894819,0.7169912853304516,0.4681684382861693,0.323107332,0.9106923938
sdm_real_0027__phonefact_g711_ulaw,0.4971776783056465,0.443620575573822,0.4089298180629656,0.2963137329,0.8179698586
sdm_real_0027__phonefact_g726_24k,0.6381558053663869,0.159216065950666,0.5543425970304816,0.2971406877,0.7542538643
sdm_real_0027__phonefact_opus_nb_8k,0.7386902888583664,0.763855561409808,0.756407420652504,0.0993506461,0.4244026244
sdm_real_0028__phonefact_resample8k,0.6865916026726052,0.7053985315961007,0.3953720059041855,0.0280173682,0.5228388309
sdm_real_0028__phonefact_g711_ulaw,0.35238564340765616,0.7030074274372639,0.07803477415960554,0.0382331461,0.2142453939
sdm_real_0028__phonefact_g726_24k,0.4623781378433063,0.7662793508594778,0.051846143646398696,0.0496504456,0.0907507315
sdm_real_0028__phonefact_opus_nb_8k,0.6438205789691424,0.5256541907443645,0.31570403614169795,0.0488913022,0.0453319587
sdm_real_0029__phonefact_resample8k,0.18034012083033166,0.4900670662315391,0.00015665881411723435,0.1012824923,0.9110885262
sdm_real_0029__phonefact_g711_ulaw,0.1952345452001719,0.6619822496866271,9.195829883606153e-05,0.0472392105,0.9247919917
sdm_real_0029__phonefact_g726_24k,0.49869958735469866,0.7031786898717765,0.010897461092851043,0.0360276364,0.9381876588
sdm_real_0029__phonefact_opus_nb_8k,0.40184681016206786,0.6685949388336027,0.05595326731910716,0.0388622358,0.9041649103
sdm_real_0030__phonefact_resample8k,0.6731684155585751,0.8746731559896191,0.5297216042686268,0.1591984481,0.862958312
sdm_real_0030__phonefact_g711_ulaw,0.5818228465257735,0.7320727259776111,0.274484823540894,0.20747751,0.9133174419
sdm_real_0030__phonefact_g726_24k,0.5117623480443526,0.8755085668966063,0.2944519245009097,0.1868358254,0.9102227092
sdm_real_0030__phonefact_opus_nb_8k,0.8745329903555947,0.7490978496883,0.8291447712745051,0.0484642945,0.8472707868
sdm_real_0031__phonefact_resample8k,0.03769853605134082,0.9295058597998116,0.001114039979196266,0.2550378144,0.8845858574
sdm_real_0031__phonefact_g711_ulaw,0.1903556032301397,0.901984067672829,0.0008763187490295696,0.1538791656,0.9501802921
sdm_real_0031__phonefact_g726_24k,0.19556957241228637,0.9628847568270866,0.004379078686089205,0.192001313,0.9256157875
sdm_real_0031__phonefact_opus_nb_8k,0.21589989076200464,0.8688775400234103,0.07277153836043684,0.1498192102,0.931078136
sdm_real_0032__phonefact_resample8k,0.3128390358827725,0.0105862946031856,0.005953685657029637,0.5277568102,0.9016865492
sdm_real_0032__phonefact_g711_ulaw,0.12133522894724613,0.0354476450628149,0.0007209380997513932,0.4352588356,0.8996546268
sdm_real_0032__phonefact_g726_24k,0.13062989248711418,0.0437492675680112,0.0017803630755107334,0.2440485954,0.8698328733
sdm_real_0032__phonefact_opus_nb_8k,0.2278485465846772,0.9800389191336788,0.027731307682273935,0.3334612548,0.8713350892
sdm_real_0033__phonefact_resample8k,0.3318544029877934,0.769289782383499,0.18365304532370347,0.1805352718,0.9052324295
sdm_real_0033__phonefact_g711_ulaw,0.4312828284188263,0.7531832999334488,0.03132473552692461,0.200871855,0.920360446
sdm_real_0033__phonefact_g726_24k,0.2865180820230999,0.6313317454254932,0.023621597513132555,0.209941268,0.9340477586
sdm_real_0033__phonefact_opus_nb_8k,0.3355670089399124,0.636979490920599,0.23839114642594028,0.0794914588,0.8206837773
sdm_real_0034__phonefact_resample8k,0.3324857819425803,0.8664639370747091,0.10932209341436341,0.2413493991,0.9266343713
sdm_real_0034__phonefact_g711_ulaw,0.08892384183866936,0.750663449748605,0.0007309305399083121,0.2215304077,0.9464635849
sdm_real_0034__phonefact_g726_24k,0.12915090513219665,0.7788309271358707,0.019615980399427822,0.2495442629,0.9535221457
sdm_real_0034__phonefact_opus_nb_8k,0.34998065357646696,0.9440618487355606,0.1764520354980663,0.0862633064,0.9579268098
sdm_real_0035__phonefact_resample8k,0.406999229292472,0.8991703931724457,0.001990551197551831,0.1072076857,0.8998957872
sdm_real_0035__phonefact_g711_ulaw,0.598391222921286,0.7749507941564543,0.0018890400544716516,0.0766108558,0.9108097553
sdm_real_0035__phonefact_g726_24k,0.49620178901718703,0.8978886092775841,0.01134459093158234,0.0558712855,0.9384418726
sdm_real_0035__phonefact_opus_nb_8k,0.5150662477985567,0.0584280649623119,0.42309095254479656,0.0915979445,0.9333853126
sdm_real_0036__phonefact_resample8k,0.7653842089866727,0.5751147476383384,0.21809270671042652,0.0466672443,0.9013487101
sdm_real_0036__phonefact_g711_ulaw,0.7166833286713333,0.6242465594634367,0.08281656296335126,0.0336054303,0.9145300984
sdm_real_0036__phonefact_g726_24k,0.7741025832456335,0.6644320915090254,0.19994208840072158,0.0341250785,0.9456051588
sdm_real_0036__phonefact_opus_nb_8k,0.9030034544811065,0.8412985936933051,0.8983570993421055,0.0489533842,0.9210327864
sdm_real_0037__phonefact_resample8k,0.5276048935454218,0.0866782921137117,0.000650756253554948,0.018614592,0.843993783
sdm_real_0037__phonefact_g711_ulaw,0.64721608701103,0.2686948701647088,0.0004092454891420083,0.0200638641,0.8071792722
sdm_real_0037__phonefact_g726_24k,0.6992917125419309,0.1747454230292017,0.011546050380885695,0.0271636043,0.8225674033
sdm_real_0037__phonefact_opus_nb_8k,0.621864548424471,0.1245023011745319,0.5274680767286283,0.0405397378,0.8473706841
sdm_real_0038__phonefact_resample8k,0.12445420006578152,0.4958300830283974,0.003560592404517749,0.3016681969,0.9320455194
sdm_real_0038__phonefact_g711_ulaw,0.3115535838889632,0.840126039852023,0.0032380976001326472,0.2680980861,0.9301246405
sdm_real_0038__phonefact_g726_24k,0.2077834109431608,0.7878103456592034,0.009298729227682016,0.2755848467,0.9400085211
sdm_real_0038__phonefact_opus_nb_8k,0.3611001930437943,0.6399047693407544,0.3426182750962407,0.117045112,0.7546550035
sdm_real_0039__phonefact_resample8k,0.3642630972574545,0.6849050073849247,0.2939474446562099,0.0222572107,0.8959489465
sdm_real_0039__phonefact_g711_ulaw,0.2874952110635599,0.8145098622590086,0.04061218176478266,0.0301659666,0.9341956377
sdm_real_0039__phonefact_g726_24k,0.22863643907402612,0.5539962045584736,0.009323567327952658,0.0305434167,0.9418270588
sdm_real_0039__phonefact_opus_nb_8k,0.44857056910877685,0.8784207187793238,0.35979902470461006,0.034242779,0.9723598957
sdm_real_0040__phonefact_resample8k,0.025488716570061375,0.7276843825311301,0.0011335831074848605,0.046115648,0.9361422658
sdm_real_0040__phonefact_g711_ulaw,0.3738493552292882,0.7345782803652495,0.001746848074422948,0.0281453002,0.9333332777
sdm_real_0040__phonefact_g726_24k,0.31218697177086036,0.7568836776772393,0.014473465955483232,0.0280976258,0.9301515222
sdm_real_0040__phonefact_opus_nb_8k,0.2702284467478125,0.669699481235257,0.1483335193919119,0.0415750593,0.9295140505
sdm_real_0041__phonefact_resample8k,0.5501752947013435,0.8743506522819836,0.1251544921930059,0.0422170199,0.8031809926
sdm_real_0041__phonefact_g711_ulaw,0.6369765354760989,0.8193912646122277,0.18434470741358264,0.0363127589,0.7754985094
sdm_real_0041__phonefact_g726_24k,0.6550586446766243,0.687436059657007,0.2854568149262675,0.0423377268,0.777462244
sdm_real_0041__phonefact_opus_nb_8k,0.8042239965895515,0.7603346835448301,0.5018619000508528,0.0420801826,0.8835203052
sdm_real_0042__phonefact_resample8k,0.4362096486899259,0.7842567950591142,0.016441944910005966,0.0391810648,0.9009942412
sdm_real_0042__phonefact_g711_ulaw,0.2794684130101114,0.2172566790236171,0.0062879040247892605,0.0307717584,0.889786005
sdm_real_0042__phonefact_g726_24k,0.392081855378869,0.4644423883481769,0.018912473793092865,0.0427892655,0.9057316184
sdm_real_0042__phonefact_opus_nb_8k,0.4738029019481559,0.8354002387915193,0.3675600820937435,0.0309554059,0.9546846747
sdm_real_0043__phonefact_resample8k,0.02879589384385274,0.7841285132934619,0.0004013611648804522,0.0359183997,0.8568315506
sdm_real_0043__phonefact_g711_ulaw,0.10843030607755015,0.7750245299506524,0.00011801352990854518,0.0419052057,0.9076192379
sdm_real_0043__phonefact_g726_24k,0.22999924972642885,0.9422922259411638,0.0034290493103168096,0.0318276845,0.8945112824
sdm_real_0043__phonefact_opus_nb_8k,0.0480463798637629,0.0624357869770079,0.04499960375577154,0.0335444845,0.9066675901
sdm_real_0044__phonefact_resample8k,0.5926712460532958,0.6378045165481054,0.051669626684238336,0.0463753939,0.0343470313
sdm_real_0044__phonefact_g711_ulaw,0.9692098192539863,0.9334573452355313,0.025605064316692766,0.0682872757,0.0180345085
sdm_real_0044__phonefact_g726_24k,0.9405146481037062,0.965026068305102,0.02414443650128548,0.0758889914,0.022763297
sdm_real_0044__phonefact_opus_nb_8k,0.8640335412564334,0.890171853464178,0.5244462560263173,0.0622285679,0.0220252629
sdm_real_0045__phonefact_resample8k,0.894665538829965,0.9157003726078417,0.8901788588030105,0.0364996269,0.9161074162
sdm_real_0045__phonefact_g711_ulaw,0.7627050342502715,0.8211324226735297,0.16456475047880526,0.0393636934,0.8794008493
sdm_real_0045__phonefact_g726_24k,0.5591507797733919,0.8731430607216115,0.18205931527137967,0.049379576,0.932272017
sdm_real_0045__phonefact_opus_nb_8k,0.578455557922336,0.6530202544378039,0.5294058273885842,0.0708979964,0.7723448277
sdm_real_0046__phonefact_resample8k,0.4640657355621048,0.609520154392996,0.03697470135391186,0.0404070877,0.8676531911
sdm_real_0046__phonefact_g711_ulaw,0.8858205534142053,0.745932659875689,0.04956971662081509,0.0618639141,0.9116336703
sdm_real_0046__phonefact_g726_24k,0.8002684732783201,0.7609613804183488,0.07671223867757046,0.1003377363,0.9314809442
sdm_real_0046__phonefact_opus_nb_8k,0.6300390517475601,0.7956610399818467,0.34249220423035437,0.1886592209,0.9299591184
sdm_real_0047__phonefact_resample8k,0.34319944567971944,0.8361940408657393,0.10254687644735637,0.2971431017,0.8954108357
sdm_real_0047__phonefact_g711_ulaw,0.20865409124187526,0.6371366747276614,0.049231767560920896,0.2371403873,0.9240220189
sdm_real_0047__phonefact_g726_24k,0.22384957196044236,0.8272002466375296,0.10684086668238967,0.1972206831,0.9123587608
sdm_real_0047__phonefact_opus_nb_8k,0.819349241552185,0.7619448002744097,0.7549877539400142,0.1315693557,0.7660216689
sdm_real_0048__phonefact_resample8k,0.7068658723904058,0.6691697094537251,0.40594890587130195,0.0458746031,0.8364781141
sdm_real_0048__phonefact_g711_ulaw,0.8786551537310601,0.6019261110115125,0.08157157525263393,0.0337734185,0.8741780519
sdm_real_0048__phonefact_g726_24k,0.7804965614558693,0.5634938115313816,0.3542184902290809,0.040940769,0.8926743269
sdm_real_0048__phonefact_opus_nb_8k,0.46175762279335736,0.753477083535026,0.30408175979922564,0.0345862545,0.9464654922
sdm_real_0049__phonefact_resample8k,0.6082913115830458,0.4464227277642318,0.29101718679594263,0.0429466441,0.9114716649
sdm_real_0049__phonefact_g711_ulaw,0.5364729655048286,0.4919693999610161,0.006576704734313011,0.0359156728,0.8585273623
sdm_real_0049__phonefact_g726_24k,0.4713659654816753,0.4729646860506499,0.0050506261989278775,0.0484190173,0.7628318071
sdm_real_0049__phonefact_opus_nb_8k,0.483417046232336,0.7293315789989958,0.08656223822710842,0.0404384881,0.6934481263
sdm_fake_0000__phonefact_resample8k,0.9738654416597652,0.9982687543331724,0.28532738349523895,0.5957705975,0.8665795326
sdm_fake_0000__phonefact_g711_ulaw,0.9822012287718476,0.9920052891527842,0.0829105767898423,0.4256308675,0.9148876667
sdm_fake_0000__phonefact_g726_24k,0.9819018305592658,0.9931791807524536,0.4074786369320358,0.3638603091,0.9070518613
sdm_fake_0000__phonefact_opus_nb_8k,0.9392994212179623,0.9898561546391073,0.6998003122575189,0.5482065082,0.9217123985
sdm_fake_0001__phonefact_resample8k,0.9806022390814157,0.8470232616841501,0.8175592416229438,0.1050314456,0.8958624601
sdm_fake_0001__phonefact_g711_ulaw,0.991383228310577,0.6254211992301244,0.3346345726044535,0.1200475097,0.8917160034
sdm_fake_0001__phonefact_g726_24k,0.9917735991865415,0.7766823327994172,0.5228644926602721,0.1581880301,0.8951663971
sdm_fake_0001__phonefact_opus_nb_8k,0.9911467676261582,0.4426795494330339,0.8382267136808353,0.2623718381,0.92679739
sdm_fake_0002__phonefact_resample8k,0.9440947065622021,0.2414708764414511,0.48917631042175,0.2034371048,0.8702711463
sdm_fake_0002__phonefact_g711_ulaw,0.989931945022447,0.2322581799599394,0.4609213925506579,0.1910591722,0.8683356643
sdm_fake_0002__phonefact_g726_24k,0.9893332514464278,0.3173202193808049,0.6037052923645102,0.1896010786,0.886703968
sdm_fake_0002__phonefact_opus_nb_8k,0.949626905570717,0.4564392608683595,0.6535975531302552,0.2196408063,0.9086793661
sdm_fake_0003__phonefact_resample8k,0.6262136300587378,0.9993916706693904,0.02195896291222665,0.5691660047,0.9101766944
sdm_fake_0003__phonefact_g711_ulaw,0.9030244490325748,0.9981536371585786,0.01844164621120343,0.5900498629,0.8791441321
sdm_fake_0003__phonefact_g726_24k,0.7736702037222536,0.9991480220048812,0.010688835851155152,0.6812307835,0.8724928498
sdm_fake_0003__phonefact_opus_nb_8k,0.9370801964286348,0.9972269687513982,0.11578861758017386,0.6694508791,0.6087457538
sdm_fake_0004__phonefact_resample8k,0.9731666659197055,0.9832224944954356,0.7939309410324917,0.0509619266,0.8722982407
sdm_fake_0004__phonefact_g711_ulaw,0.9329060770038908,0.847488500449549,0.7262254333067908,0.1140389964,0.8955758214
sdm_fake_0004__phonefact_g726_24k,0.9516507961064887,0.8410663229703703,0.8453116586232358,0.1094381809,0.9180424213
sdm_fake_0004__phonefact_opus_nb_8k,0.9601009750982811,0.6500638090323241,0.8886045128436499,0.1022675186,0.9089069963
sdm_fake_0005__phonefact_resample8k,0.9978498169561776,0.9547746860970664,0.9446471652072438,0.0934514478,0.8972893953
sdm_fake_0005__phonefact_g711_ulaw,0.99567255492406,0.9006368741855891,0.8684576231002781,0.1561486125,0.9081172943
sdm_fake_0005__phonefact_g726_24k,0.9974839243485445,0.8369730714181783,0.820535418939134,0.1729558557,0.911583662
sdm_fake_0005__phonefact_opus_nb_8k,0.9976881251007294,0.7520683619104959,0.911921844373595,0.2984796166,0.8901239038
sdm_fake_0006__phonefact_resample8k,0.9531442427172904,0.8572150229336524,0.46136463424592294,0.2550145984,0.8560465574
sdm_fake_0006__phonefact_g711_ulaw,0.8973089248530661,0.9826147664325436,0.07331830958536112,0.2080180794,0.9084945321
sdm_fake_0006__phonefact_g726_24k,0.7469306094038118,0.9868435002475112,0.09192436649935759,0.4725015759,0.9065271616
sdm_fake_0006__phonefact_opus_nb_8k,0.6694333439847309,0.8702547418028824,0.26333484236747434,0.3301317096,0.8408914804
sdm_fake_0007__phonefact_resample8k,0.9958794016786141,0.8273633012832127,0.9727442599599843,0.1755307615,0.9030254483
sdm_fake_0007__phonefact_g711_ulaw,0.9949801888841179,0.987391672455229,0.7745302408330057,0.1789218187,0.9001454115
sdm_fake_0007__phonefact_g726_24k,0.9947283933837976,0.9926078166853826,0.7792840285932457,0.1747176945,0.9019644856
sdm_fake_0007__phonefact_opus_nb_8k,0.9932098974467533,0.8539401832443486,0.7590620943101205,0.3232640326,0.8835379481
sdm_fake_0008__phonefact_resample8k,0.5519993559219406,0.8754341108840108,0.07038981559063835,0.228798002,0.8741832376
sdm_fake_0008__phonefact_g711_ulaw,0.5283848262272148,0.8458416213859677,0.025623948418181938,0.2175031155,0.89954561
sdm_fake_0008__phonefact_g726_24k,0.5537024445854964,0.862375277325808,0.12182622128385412,0.2218148857,0.8893956542
sdm_fake_0008__phonefact_opus_nb_8k,0.510212428844426,0.7279066123187942,0.4839168076776488,0.2689553201,0.839827776
sdm_fake_0009__phonefact_resample8k,0.9966398115915908,0.9626582362359772,0.9925013597053035,0.2161323577,0.8932809234
sdm_fake_0009__phonefact_g711_ulaw,0.9943560184409844,0.9030919009398954,0.9244880625289994,0.1805486083,0.8875133991
sdm_fake_0009__phonefact_g726_24k,0.9662252869944992,0.8850691512535898,0.8657636128236812,0.2048953027,0.9075461626
sdm_fake_0009__phonefact_opus_nb_8k,0.8919045066477851,0.8804562125605464,0.8202344037379354,0.4284423292,0.8883736134
sdm_fake_0010__phonefact_resample8k,0.9845505860289637,0.9210623662716454,0.8161835312500072,0.1811214536,0.8546832204
sdm_fake_0010__phonefact_g711_ulaw,0.9812423938035801,0.985536106748135,0.58529374781743,0.161042884,0.8646920323
sdm_fake_0010__phonefact_g726_24k,0.9715913342475544,0.9544840051980938,0.6083130314703363,0.1682247221,0.8472506404
sdm_fake_0010__phonefact_opus_nb_8k,0.8492306854789687,0.9566462873768892,0.4873521562635907,0.4044803977,0.454849273
sdm_fake_0011__phonefact_resample8k,0.9975657757904803,0.846679619061439,0.9963548318524508,0.2546729445,0.8928371668
sdm_fake_0011__phonefact_g711_ulaw,0.9955081842753648,0.8644041826830282,0.9645708794731309,0.2672530115,0.903537631
sdm_fake_0011__phonefact_g726_24k,0.9864456579547919,0.8942819560866377,0.9496486591253478,0.2124824375,0.8898499012
sdm_fake_0011__phonefact_opus_nb_8k,0.9318709332977703,0.765356237395654,0.8435021664794633,0.1849956214,0.901353538
sdm_fake_0012__phonefact_resample8k,0.9346316886059977,0.978258633659613,0.2603164414908593,0.1647191495,0.8679074049
sdm_fake_0012__phonefact_g711_ulaw,0.9821977701402752,0.993061185627478,0.09563890152928217,0.1575143635,0.8634575009
sdm_fake_0012__phonefact_g726_24k,0.9625807550636353,0.9891274698989998,0.37919957566652424,0.1328886002,0.860293746
sdm_fake_0012__phonefact_opus_nb_8k,0.9464520985985706,0.9394584661095624,0.5240772834026574,0.1963849068,0.859408915
sdm_fake_0013__phonefact_resample8k,0.8998560500014575,0.2471546873069234,0.9107628901987579,0.0592439398,0.855055213
sdm_fake_0013__phonefact_g711_ulaw,0.9171898393294569,0.3255189120822861,0.8725989406120145,0.1081980392,0.9240633249
sdm_fake_0013__phonefact_g726_24k,0.9570659184417961,0.713890217018229,0.9402497293011677,0.0927103385,0.9276091456
sdm_fake_0013__phonefact_opus_nb_8k,0.9441059754767441,0.6568100007345526,0.9163550818291364,0.0948327333,0.9463247657
sdm_fake_0014__phonefact_resample8k,0.8708708847552554,0.9937664132198116,0.06426062082651919,0.5574371219,0.8998100758
sdm_fake_0014__phonefact_g711_ulaw,0.9421167989842908,0.989918167557785,0.012433925839368998,0.4097147584,0.8116033673
sdm_fake_0014__phonefact_g726_24k,0.9016031149709816,0.9959716430646192,0.008413367761600324,0.4368670881,0.5690279603
sdm_fake_0014__phonefact_opus_nb_8k,0.9730380050957139,0.9846477456730212,0.0834136571771214,0.6746818423,0.2722079456
sdm_fake_0015__phonefact_resample8k,0.9833439441385284,0.7587715602215849,0.9697506662007102,0.0937774554,0.805431664
sdm_fake_0015__phonefact_g711_ulaw,0.8739814987225061,0.7971528004487831,0.7912051674203018,0.098263599,0.8802255988
sdm_fake_0015__phonefact_g726_24k,0.8546830104330938,0.7800930703152429,0.7520534760174759,0.1400284916,0.9074259996
sdm_fake_0015__phonefact_opus_nb_8k,0.9597433485715797,0.1148975723095482,0.9341814285016553,0.2052064091,0.9343832731
sdm_fake_0016__phonefact_resample8k,0.360093048536552,0.8608012703251378,0.06448621782777753,0.374322176,0.871709764
sdm_fake_0016__phonefact_g711_ulaw,0.42461466306281465,0.7124990411341043,0.005589237623842469,0.6883282065,0.9111945033
sdm_fake_0016__phonefact_g726_24k,0.21507051419882575,0.6623389773538176,0.010302733299893726,0.5733556151,0.9030508399
sdm_fake_0016__phonefact_opus_nb_8k,0.6910672921749296,0.7273703920612429,0.57397700374881,0.668364048,0.8904043436
sdm_fake_0017__phonefact_resample8k,0.9944379517456964,0.790370300342169,0.8377024529058223,0.1721684039,0.8614503741
sdm_fake_0017__phonefact_g711_ulaw,0.9930011410348595,0.7843855094919,0.7173621463682228,0.2668109834,0.8584675789
sdm_fake_0017__phonefact_g726_24k,0.9900653068862194,0.8035296678091719,0.5398822475144505,0.1821418852,0.8750531673
sdm_fake_0017__phonefact_opus_nb_8k,0.9933307947369262,0.77494166324196,0.9381745721871577,0.3232721984,0.8626212478
sdm_fake_0018__phonefact_resample8k,0.9967184339817579,0.7694467905322565,0.9459528082301215,0.1397556514,0.8906730413
sdm_fake_0018__phonefact_g711_ulaw,0.9932469958515298,0.7476541102252927,0.5654562228750217,0.2622919977,0.9011656046
sdm_fake_0018__phonefact_g726_24k,0.9598281550190503,0.7558602723137621,0.4193487292910863,0.2411907315,0.9142566323
sdm_fake_0018__phonefact_opus_nb_8k,0.9411254910936269,0.9372572728923382,0.3936295610355369,0.3133861125,0.907917738
sdm_fake_0019__phonefact_resample8k,0.9706080665351575,0.9476464067355445,0.03284370803143992,0.7253631949,0.8644840121
sdm_fake_0019__phonefact_g711_ulaw,0.9896969479823164,0.7706330116169691,0.011932951732028647,0.7897123694,0.8138726354
sdm_fake_0019__phonefact_g726_24k,0.9357163476163843,0.7973137676880185,0.006389521127269752,0.6525943875,0.8438487053
sdm_fake_0019__phonefact_opus_nb_8k,0.9157999575399876,0.6699594859517024,0.1327001978702635,0.6785879731,0.6422100663
sdm_fake_0020__phonefact_resample8k,0.9447030659806194,0.9014940670340548,0.07784202557146504,0.1709883362,0.9154839516
sdm_fake_0020__phonefact_g711_ulaw,0.9918788502657857,0.8383255735811949,0.02175083471906928,0.4519613683,0.71840626
sdm_fake_0020__phonefact_g726_24k,0.9981504426020112,0.8979343111510114,0.023901211366905255,0.499895364,0.494011879
sdm_fake_0020__phonefact_opus_nb_8k,0.957983381657507,0.9564959577997402,0.09865763045804075,0.3495996594,0.3688996434
sdm_fake_0021__phonefact_resample8k,0.9909071492879348,0.6779207652556719,0.8212562472688794,0.2580248117,0.851870656
sdm_fake_0021__phonefact_g711_ulaw,0.9946309209025855,0.6420190517521187,0.6601850906307917,0.4735341966,0.9082892537
sdm_fake_0021__phonefact_g726_24k,0.986852212785565,0.7545940063893276,0.43463253249933814,0.4398290515,0.8835818768
sdm_fake_0021__phonefact_opus_nb_8k,0.908841814315089,0.4934513751690533,0.5641282116969858,0.3206444085,0.7590795159
sdm_fake_0022__phonefact_resample8k,0.9947688911059958,0.9908742355293312,0.99381319181231,0.0871343389,0.8766801953
sdm_fake_0022__phonefact_g711_ulaw,0.9924391517693145,0.8165410883217241,0.9399226684368026,0.1548344344,0.9006932974
sdm_fake_0022__phonefact_g726_24k,0.9928696519262931,0.8030876001905071,0.9562085679590041,0.1877591163,0.8824219108
sdm_fake_0022__phonefact_opus_nb_8k,0.9852285665819821,0.8458167070421813,0.9527873541140606,0.2546075583,0.8305397034
sdm_fake_0023__phonefact_resample8k,0.9979770722038378,0.8996242097631674,0.9969226457149543,0.3614348471,0.9086083174
sdm_fake_0023__phonefact_g711_ulaw,0.9963475376045055,0.8976439887244072,0.939479192699329,0.2954620421,0.8822908401
sdm_fake_0023__phonefact_g726_24k,0.9983041374232501,0.8403443342541624,0.9884323337806783,0.336861521,0.8982281089
sdm_fake_0023__phonefact_opus_nb_8k,0.9959305629579992,0.8364976394099793,0.982534089779719,0.2467040867,0.9161548615
sdm_fake_0024__phonefact_resample8k,0.7614525457973808,0.8926012229148097,0.27958122048880263,0.3559775352,0.8655923009
sdm_fake_0024__phonefact_g711_ulaw,0.9681377498134414,0.6637022891263016,0.42019930940633266,0.2148675025,0.8625423312
sdm_fake_0024__phonefact_g726_24k,0.9256588304276885,0.6205644172895644,0.43035482262538555,0.3570094407,0.8472575545
sdm_fake_0024__phonefact_opus_nb_8k,0.8936088134522115,0.3833286962043737,0.6833864121238888,0.2646328807,0.8206475377
sdm_fake_0025__phonefact_resample8k,0.9490162421408466,0.7711004675371914,0.6773303158080246,0.370128274,0.9268232584
sdm_fake_0025__phonefact_g711_ulaw,0.9401994691698543,0.5727669976766652,0.15020485730649566,0.3841508329,0.916009903
sdm_fake_0025__phonefact_g726_24k,0.8784060521368993,0.4798702688307201,0.14999052770959032,0.3520287871,0.8965737224
sdm_fake_0025__phonefact_opus_nb_8k,0.9107065948300103,0.6410527776166451,0.6569015666574212,0.2308215201,0.8441660404
sdm_fake_0026__phonefact_resample8k,0.9952916961037898,0.9947665381911712,0.9501299709209314,0.084305346,0.9099167585
sdm_fake_0026__phonefact_g711_ulaw,0.9355148300443754,0.8829116507470698,0.5371737099974857,0.1097092479,0.919888258
sdm_fake_0026__phonefact_g726_24k,0.9103208201236994,0.975121903416336,0.6692530804826896,0.1182674468,0.9246349335
sdm_fake_0026__phonefact_opus_nb_8k,0.9497608821979526,0.118952479930918,0.8213775926243895,0.2722319067,0.9191523194
sdm_fake_0027__phonefact_resample8k,0.2564194935598535,0.9705370387417704,0.03636336582638966,0.2631453276,0.89844805
sdm_fake_0027__phonefact_g711_ulaw,0.21672898996610288,0.9135104847803636,0.001282714604333192,0.2615672052,0.8795180321
sdm_fake_0027__phonefact_g726_24k,0.05524803828751709,0.9160261714191076,0.002180612592169304,0.2102432847,0.8868543506
sdm_fake_0027__phonefact_opus_nb_8k,0.07737140580741066,0.9141920306208547,0.10755950358522459,0.3082990348,0.8844635487
sdm_fake_0028__phonefact_resample8k,0.9930842012147352,0.8251615205495976,0.7605471229795143,0.0809297264,0.8317555189
sdm_fake_0028__phonefact_g711_ulaw,0.836778859836795,0.7412901141402215,0.16896554145196427,0.1556967199,0.8966335058
sdm_fake_0028__phonefact_g726_24k,0.9485512099566209,0.6889645490072954,0.5787822179442291,0.1426369846,0.9131664038
sdm_fake_0028__phonefact_opus_nb_8k,0.8183356900106605,0.6462920334998102,0.6247254048216853,0.2111700326,0.9133611917
sdm_fake_0029__phonefact_resample8k,0.9955395477415636,0.981646897319576,0.6687751039309884,0.1260570735,0.8683658838
sdm_fake_0029__phonefact_g711_ulaw,0.9836729061666397,0.963780121301958,0.27196116793281405,0.1788577735,0.8889340758
sdm_fake_0029__phonefact_g726_24k,0.9832214403111466,0.9613915447505196,0.3793806069359191,0.1624968499,0.9078329802
sdm_fake_0029__phonefact_opus_nb_8k,0.980987556164487,0.9880392353566008,0.6066201957428056,0.4848174453,0.8955950737
sdm_fake_0030__phonefact_resample8k,0.7890515960405434,0.9985632057134242,0.19706008772259892,0.2362950891,0.8334550261
sdm_fake_0030__phonefact_g711_ulaw,0.974225856268754,0.9977779470784468,0.12225405576317266,0.2945028245,0.8171255589
sdm_fake_0030__phonefact_g726_24k,0.9733748067217145,0.9953924996380936,0.12044185259930938,0.340970099,0.8217235804
sdm_fake_0030__phonefact_opus_nb_8k,0.9851527048263455,0.9825337610675796,0.3214971537260926,0.343831718,0.2754826546
sdm_fake_0031__phonefact_resample8k,0.997542418659343,0.7711876742628702,0.9866707808333081,0.100203231,0.8399945498
sdm_fake_0031__phonefact_g711_ulaw,0.9949626061705884,0.7324042322395699,0.8585257391258011,0.1273105145,0.9032074809
sdm_fake_0031__phonefact_g726_24k,0.9977606216791821,0.6854316179489623,0.9568510129560431,0.111378938,0.9138550162
sdm_fake_0031__phonefact_opus_nb_8k,0.993853367061768,0.0937666146732569,0.9724499719818042,0.2869001627,0.9077575207
sdm_fake_0032__phonefact_resample8k,0.9484696967149858,0.0558282498980081,0.7946057939573359,0.0226710699,0.804595232
sdm_fake_0032__phonefact_g711_ulaw,0.7288523713113172,0.1059729816528048,0.6292276366949731,0.0224475767,0.5004300475
sdm_fake_0032__phonefact_g726_24k,0.6301537286729827,0.1319901979994489,0.49494445473392257,0.0329171382,0.4644492269
sdm_fake_0032__phonefact_opus_nb_8k,0.9940880299933167,0.4857120211356152,0.9877347488737904,0.0430883542,0.0918433666
sdm_fake_0033__phonefact_resample8k,0.9945352101143066,0.8283609461629831,0.9651721443730525,0.0756293759,0.8499407172
sdm_fake_0033__phonefact_g711_ulaw,0.9913443612706054,0.8120317153141878,0.7257238574789902,0.1133329198,0.8461081386
sdm_fake_0033__phonefact_g726_24k,0.9942062479243517,0.7593948948929499,0.8344615294032511,0.2687010169,0.8834879994
sdm_fake_0033__phonefact_opus_nb_8k,0.9793892637062949,0.7901179885610046,0.7193436195187992,0.5828648806,0.8817698359
sdm_fake_0034__phonefact_resample8k,0.9915911525575557,0.7930025122935314,0.9767136518548045,0.1355664432,0.8505789042
sdm_fake_0034__phonefact_g711_ulaw,0.8843270460404016,0.8978151575495164,0.773346663188332,0.0549778081,0.9045942426
sdm_fake_0034__phonefact_g726_24k,0.9255220579392373,0.9356663504316964,0.8490026642987516,0.0821783468,0.9378526211
sdm_fake_0034__phonefact_opus_nb_8k,0.9406818748042938,0.652891996250955,0.8132607755491515,0.1135022268,0.8835024238
sdm_fake_0035__phonefact_resample8k,0.5394656528123422,0.8983914208796203,0.08376438992952621,0.2957289219,0.9086620212
sdm_fake_0035__phonefact_g711_ulaw,0.9133064719163045,0.9018483049112488,0.2075430091409495,0.5280417204,0.9173281193
sdm_fake_0035__phonefact_g726_24k,0.8731505761351536,0.9044473713130898,0.31159729634400124,0.6817936897,0.9255755544
sdm_fake_0035__phonefact_opus_nb_8k,0.8906677383263735,0.1559306204726453,0.8924742862519888,0.4346707761,0.6659420133
sdm_fake_0036__phonefact_resample8k,0.04157511992698334,0.7686995744528272,0.004351935910802378,0.1299378574,0.9180289507
sdm_fake_0036__phonefact_g711_ulaw,0.025908486138191324,0.7883058249907866,0.005518775429755197,0.1174318269,0.9015606642
sdm_fake_0036__phonefact_g726_24k,0.2845443610375529,0.8243426283505946,0.17459031423170202,0.2618430257,0.8751450181
sdm_fake_0036__phonefact_opus_nb_8k,0.8615026483416601,0.3544940372887649,0.7971010242629049,0.3545211256,0.9312555194
sdm_fake_0037__phonefact_resample8k,0.9865389330032702,0.6696695443211695,0.9438880203817276,0.1558307856,0.8585979939
sdm_fake_0037__phonefact_g711_ulaw,0.9824239049502264,0.7742627563733412,0.6986747875100868,0.1413804144,0.8946902752
sdm_fake_0037__phonefact_g726_24k,0.9829619721860244,0.7785547448440536,0.8082214455638961,0.2027778625,0.9169923067
sdm_fake_0037__phonefact_opus_nb_8k,0.9844946346191454,0.5940457350130421,0.9435559073459062,0.2979816496,0.8906427622
sdm_fake_0038__phonefact_resample8k,0.9972975779127478,0.856423552804997,0.9895304340838331,0.1704007834,0.8974736333
sdm_fake_0038__phonefact_g711_ulaw,0.997115438491648,0.8829447338582155,0.9529114066955643,0.1658449918,0.8970908523
sdm_fake_0038__phonefact_g726_24k,0.9987023132507815,0.8502922428608327,0.9835097432197585,0.2450178415,0.9219769239
sdm_fake_0038__phonefact_opus_nb_8k,0.9973116653445719,0.1370203072108806,0.9866819553581333,0.312786907,0.8914425373
sdm_fake_0039__phonefact_resample8k,0.9848199896716362,0.9253336400137384,0.9624662946183289,0.1003705338,0.8581974506
sdm_fake_0039__phonefact_g711_ulaw,0.8903958300021886,0.7622395429475033,0.7692198586154944,0.1350449026,0.8966152668
sdm_fake_0039__phonefact_g726_24k,0.9650103809766464,0.785459659309817,0.9260074457606318,0.121961154,0.9138851762
sdm_fake_0039__phonefact_opus_nb_8k,0.9817717056161887,0.3795273480884705,0.9716615823089273,0.1961844414,0.9054827094
sdm_fake_0040__phonefact_resample8k,0.9994016522794466,0.9935501018331128,0.1960029017500003,0.7775192261,0.8874320984
sdm_fake_0040__phonefact_g711_ulaw,0.9990521164408241,0.921943646629968,0.1778184805102267,0.8215684891,0.9219184518
sdm_fake_0040__phonefact_g726_24k,0.9970906077847707,0.8554106215131928,0.2620579363331477,0.84259969,0.9253797531
sdm_fake_0040__phonefact_opus_nb_8k,0.9996607205291956,0.9874663453507267,0.7049178334430511,0.8354844451,0.7480120659
sdm_fake_0041__phonefact_resample8k,0.9939485703860401,0.8946345680743372,0.9303093651567207,0.118639566,0.8589524627
sdm_fake_0041__phonefact_g711_ulaw,0.9678884413127521,0.8371550342060183,0.272703019423591,0.0997206196,0.8928558826
sdm_fake_0041__phonefact_g726_24k,0.966367560161181,0.8666788813086562,0.5276678422687564,0.0976689532,0.9072285295
sdm_fake_0041__phonefact_opus_nb_8k,0.9516655529151435,0.6547282818075167,0.5043145037706349,0.2463488579,0.9361201525
sdm_fake_0042__phonefact_resample8k,0.992982136150419,0.978697766770684,0.927002505591858,0.0636486039,0.8134521246
sdm_fake_0042__phonefact_g711_ulaw,0.9419845773017949,0.9536329389414652,0.7543244183496886,0.1150823459,0.8685900569
sdm_fake_0042__phonefact_g726_24k,0.9738541900151425,0.9192859065968092,0.7613177888555083,0.1194016933,0.8715589046
sdm_fake_0042__phonefact_opus_nb_8k,0.8958147027777623,0.2310071699038216,0.8265043939700913,0.0968048498,0.8834405541
sdm_fake_0043__phonefact_resample8k,0.17101882943520702,0.424871500187116,0.011615130979687112,0.0247115288,0.917496562
sdm_fake_0043__phonefact_g711_ulaw,0.3855479831553066,0.3092052505624131,0.0038030566586591467,0.0256607439,0.9182053208
sdm_fake_0043__phonefact_g726_24k,0.6023595321834846,0.3503882601187288,0.08741077174018015,0.0271256249,0.9304249287
sdm_fake_0043__phonefact_opus_nb_8k,0.8431028881486593,0.3965776270619704,0.4603794749390849,0.0352149568,0.9157172441
sdm_fake_0044__phonefact_resample8k,0.9733878364620258,0.998163913518999,0.1931447709016784,0.3572822809,0.9155629277
sdm_fake_0044__phonefact_g711_ulaw,0.9634114865232135,0.9794968448242392,0.04635422467927356,0.5094107389,0.9124069214
sdm_fake_0044__phonefact_g726_24k,0.9738686412135886,0.8699264979469533,0.059044030381373194,0.5970834494,0.887542963
sdm_fake_0044__phonefact_opus_nb_8k,0.9275401252926726,0.9057625554068643,0.07121146937738694,0.3486000597,0.7289338708
sdm_fake_0045__phonefact_resample8k,0.9936078556770734,0.7023815004691316,0.9370307466716367,0.1171814054,0.8400867581
sdm_fake_0045__phonefact_g711_ulaw,0.9924899594615834,0.4906755654131939,0.8713195445008021,0.1094096005,0.8450632095
sdm_fake_0045__phonefact_g726_24k,0.9815008733530334,0.6797763819306714,0.8668271020204132,0.1909163743,0.8513667583
sdm_fake_0045__phonefact_opus_nb_8k,0.9680209971488912,0.646755543872507,0.9207684300765289,0.2143782973,0.8478110433
sdm_fake_0046__phonefact_resample8k,0.9975708762611545,0.5081261728718294,0.9305790551313379,0.3381383121,0.8599922657
sdm_fake_0046__phonefact_g711_ulaw,0.9886482013459422,0.7177896459950741,0.6115862665747506,0.165239647,0.8550152779
sdm_fake_0046__phonefact_g726_24k,0.9924624802460417,0.753071771347064,0.8223219424060982,0.2814452648,0.8765923381
sdm_fake_0046__phonefact_opus_nb_8k,0.9419779868797759,0.6048730412548828,0.6548637174012369,0.3225753903,0.857640624
sdm_fake_0047__phonefact_resample8k,0.9143058148488722,0.9694952719289192,0.029821533437518415,0.7645714879,0.8525387645
sdm_fake_0047__phonefact_g711_ulaw,0.9505807954684832,0.966806659034374,0.025405757488571778,0.6907937527,0.8537663817
sdm_fake_0047__phonefact_g726_24k,0.9904468158119258,0.9393591576066256,0.028824717329059904,0.7234220505,0.8523203135
sdm_fake_0047__phonefact_opus_nb_8k,0.988563598445892,0.8804367233379868,0.3700056380812762,0.8102411628,0.7081665397
sdm_fake_0048__phonefact_resample8k,0.9942246491924764,0.8506702518107135,0.8415678961261015,0.0525288992,0.8415369987
sdm_fake_0048__phonefact_g711_ulaw,0.9866541753439269,0.7851906419157436,0.3832131842018575,0.0797417611,0.8941867352
sdm_fake_0048__phonefact_g726_24k,0.9858925095579021,0.8017980994200056,0.4639269680701175,0.0889978558,0.9339785576
sdm_fake_0048__phonefact_opus_nb_8k,0.9820759673421259,0.5947307689686756,0.6882065273756838,0.2741391957,0.8881383538
sdm_fake_0049__phonefact_resample8k,0.997098552645802,0.901739505784738,0.9756636525867242,0.137820527,0.9095736742
sdm_fake_0049__phonefact_g711_ulaw,0.9795208253515586,0.7895694276363577,0.5580407575377244,0.1673809886,0.919187367
sdm_fake_0049__phonefact_g726_24k,0.949924225809906,0.8487952265938784,0.44677091306500905,0.1514197737,0.9055609107
sdm_fake_0049__phonefact_opus_nb_8k,0.9720044817011999,0.6072932157502151,0.6857889622445348,0.1566328853,0.9110797048
voice_0000__phonefact_resample8k,0.985272480895543,0.0054205108939553,0.5679907215912199,0.7672965527,0.0191606451
voice_0000__phonefact_g711_ulaw,0.9904519129547085,0.0229508360329582,0.5605255369759785,0.8585997224,0.0236733127
voice_0000__phonefact_g726_24k,0.6046122955193115,0.3938646910679536,0.258436348194432,0.8368636966,0.0423738956
voice_0000__phonefact_opus_nb_8k,0.9998404054864143,0.9993256486409436,0.9429554570601126,0.8484309912,0.0224153716
voice_0001__phonefact_resample8k,0.9933304560771645,0.001462060105587,0.7899923908163643,0.7584319115,0.0342676863
voice_0001__phonefact_g711_ulaw,0.9933345433369452,0.0018977856819748,0.8636643777228997,0.8141208291,0.0489329062
voice_0001__phonefact_g726_24k,0.9934050155851314,0.0071739358672126,0.8391279306146009,0.8635003567,0.0496998802
voice_0001__phonefact_opus_nb_8k,0.9979121210351926,0.6513086102117488,0.9504790568998629,0.8474361897,0.0496333018
voice_0002__phonefact_resample8k,0.9916083661631586,0.0289262459409318,0.9323971235117526,0.8395100832,0.0251474716
voice_0002__phonefact_g711_ulaw,0.9907076094375943,0.0892498745628356,0.6516940544043013,0.8806493878,0.030820651
voice_0002__phonefact_g726_24k,0.8594518135711736,0.0609160310725708,0.786943586932207,0.8798296452,0.0274233278
voice_0002__phonefact_opus_nb_8k,0.9968443595168185,0.9989808697873837,0.7764430522937156,0.8926728964,0.0227047913
voice_0003__phonefact_resample8k,0.976388247436186,0.0038908663051096,0.7627101209888845,0.8206318617,0.0307533555
voice_0003__phonefact_g711_ulaw,0.993862727994571,0.0570980254706611,0.8825626977081087,0.875772953,0.0415820181
voice_0003__phonefact_g726_24k,0.9690028307618372,0.30835011021808,0.820754070316717,0.9084606767,0.0312920846
voice_0003__phonefact_opus_nb_8k,0.999207323634232,0.9618053185172836,0.8750039072968064,0.8882111311,0.0316276588
voice_0004__phonefact_resample8k,0.991826645233064,0.0024072749572915,0.9719565453318705,0.7656800747,0.0213341136
voice_0004__phonefact_g711_ulaw,0.9937181739560625,0.030300467894271,0.5743856260387966,0.8360466957,0.0316679366
voice_0004__phonefact_g726_24k,0.9921896112811665,0.0160104877855632,0.6318929097528885,0.8470662236,0.0321153179
voice_0004__phonefact_opus_nb_8k,0.9995668743502517,0.9711952565146506,0.9839210724524021,0.8671597838,0.0350303128
voice_0005__phonefact_resample8k,0.9384249146157498,0.005053523742133,0.9754167049714243,0.8558331728,0.024671521
voice_0005__phonefact_g711_ulaw,0.9627141062400874,0.0051928033848268,0.754204160927602,0.8705180883,0.0231792554
voice_0005__phonefact_g726_24k,0.24586996459677196,0.0295672773168938,0.5355705377147341,0.8248828053,0.0413845554
voice_0005__phonefact_opus_nb_8k,0.9995016268464241,0.9837789364143658,0.7850840109141077,0.8799458146,0.0213743225
voice_0006__phonefact_resample8k,0.270137013400152,0.0047432003692455,0.348164812903092,0.7518495321,0.0235569365
voice_0006__phonefact_g711_ulaw,0.33878436877487506,0.3589424948854581,0.2010053013691593,0.8833335638,0.0243753027
voice_0006__phonefact_g726_24k,0.2182368986881407,0.0773380699784716,0.5638329429501047,0.8367872238,0.0260245223
voice_0006__phonefact_opus_nb_8k,0.9894606351315792,0.9993871463031188,0.6900642620610564,0.8117149472,0.0282952562
voice_0007__phonefact_resample8k,0.9441658833261846,0.0114375699324391,0.9732796439904838,0.8610599637,0.0295526572
voice_0007__phonefact_g711_ulaw,0.981775427331775,0.0223742671785238,0.6073691649937303,0.8779398203,0.0337942243
voice_0007__phonefact_g726_24k,0.22405367106849358,0.0831796311489422,0.19122905721762656,0.8863160014,0.031932883
voice_0007__phonefact_opus_nb_8k,0.9702182287835649,0.99958473838132,0.82419244232546,0.8872216344,0.0287199933
voice_0008__phonefact_resample8k,0.9933090156907639,0.0043722458033525,0.7395943654347413,0.7990124226,0.056613408
voice_0008__phonefact_g711_ulaw,0.9936712824861827,0.026000537841092,0.5554714925784634,0.8831255436,0.0513681509
voice_0008__phonefact_g726_24k,0.9919437684842455,0.00973198571075,0.4036217964513954,0.8856380582,0.0537684225
voice_0008__phonefact_opus_nb_8k,0.9991343955070426,0.9474419266944012,0.7008618379081543,0.8919272423,0.0486989357
voice_0009__phonefact_resample8k,0.9933155233910815,0.000386158062265,0.5452425702589123,0.7328873873,0.0438660607
voice_0009__phonefact_g711_ulaw,0.9933752910551442,0.0049746569113125,0.6094932302293827,0.8196772933,0.0476168431
voice_0009__phonefact_g726_24k,0.9933737884187601,0.0048628249461102,0.47078591561689803,0.8441622853,0.0483764559
voice_0009__phonefact_opus_nb_8k,0.9986262427583428,0.822080212381242,0.6586115275464363,0.8438090086,0.0494941175
voice_0010__phonefact_resample8k,0.5875856108192865,0.0022214488029585,0.4024734883498853,0.828476727,0.0352572501
voice_0010__phonefact_g711_ulaw,0.8049059397617271,0.0017480987732289,0.4069287990306853,0.8467342257,0.0294650383
voice_0010__phonefact_g726_24k,0.2077117449535224,0.0040201003187543,0.49236177596024466,0.8511793017,0.0298296418
voice_0010__phonefact_opus_nb_8k,0.9983399990317163,0.9976769187303832,0.955073356534366,0.8803569674,0.0263883844
voice_0011__phonefact_resample8k,0.444495848397738,0.0017950675705843,0.5277589469180063,0.811106205,0.0290385727
voice_0011__phonefact_g711_ulaw,0.9323255777476259,0.002820686678689,0.42270377903602385,0.8514759541,0.0324266031
voice_0011__phonefact_g726_24k,0.11472179041917513,0.0066086080518809,0.35692140246146525,0.8289923072,0.0347603969
voice_0011__phonefact_opus_nb_8k,0.9948873222878087,0.9955946503983888,0.544017144746874,0.8494772911,0.026276404
voice_0012__phonefact_resample8k,0.3916768593401594,0.0086556206504214,0.6362673742967367,0.8625995517,0.0267933067
voice_0012__phonefact_g711_ulaw,0.8842004537570668,0.1970123994298357,0.4199858691668318,0.9132081866,0.0304298811
voice_0012__phonefact_g726_24k,0.5507932526844659,0.7678166393944621,0.40197848537851005,0.8812875748,0.0331503302
voice_0012__phonefact_opus_nb_8k,0.9484876238946202,0.9990298041090016,0.5790326245981522,0.9199081063,0.0300996751
voice_0013__phonefact_resample8k,0.7843139543714027,0.0006417536991247,0.8706498409193355,0.8060683012,0.0428202227
voice_0013__phonefact_g711_ulaw,0.7064572653522043,0.0003846950598326,0.8379835010421798,0.88349998,0.0436441675
voice_0013__phonefact_g726_24k,0.7938983481687719,0.0003542259092292,0.9316763580153213,0.8806343079,0.0384490453
voice_0013__phonefact_opus_nb_8k,0.9955358861542486,0.9829839912911292,0.9665868736316575,0.8694884181,0.0405176468
voice_0014__phonefact_resample8k,0.21964340904856927,0.0004993059929387,0.45367702689615946,0.855677247,0.0426707938
voice_0014__phonefact_g711_ulaw,0.3413952273942895,0.0010663064233579,0.1234180522874568,0.9057646394,0.0445113666
voice_0014__phonefact_g726_24k,0.2654161317664428,0.0023212883845812,0.09842681910416433,0.9150610566,0.0401774831
voice_0014__phonefact_opus_nb_8k,0.5871419837820993,0.4502376013393518,0.5777343357981497,0.8902634382,0.0394457728
voice_0015__phonefact_resample8k,0.9465477264464578,0.0271392826574381,0.9571165760026122,0.8553977609,0.0220216848
voice_0015__phonefact_g711_ulaw,0.8972051663060332,0.1304719359170691,0.7976500073697496,0.8942955136,0.0227920711
voice_0015__phonefact_g726_24k,0.9760755933477407,0.4222103720778251,0.9017869585944557,0.9065284133,0.0194105878
voice_0015__phonefact_opus_nb_8k,0.9996374427701377,0.9983221420071692,0.9608505268843677,0.8756850958,0.0283416957
voice_0016__phonefact_resample8k,0.9442173280036746,0.0066861537071557,0.938880645405671,0.7732557654,0.0204537623
voice_0016__phonefact_g711_ulaw,0.5981923894025729,0.0053156862084624,0.5142184700174532,0.8116006255,0.0257797297
voice_0016__phonefact_g726_24k,0.3318228067125698,0.0225410876446105,0.3903511448507282,0.8412950039,0.0223539155
voice_0016__phonefact_opus_nb_8k,0.9964677336060591,0.9994952518668856,0.7845203196679293,0.8155146837,0.0235335194
voice_0017__phonefact_resample8k,0.9172270105110101,0.0072497128630476,0.8572159907089222,0.8183544874,0.0266350769
voice_0017__phonefact_g711_ulaw,0.8249107524751766,0.0071781545043092,0.8599548622080367,0.8758141994,0.037173871
voice_0017__phonefact_g726_24k,0.802535621351339,0.0064162760958523,0.9371677827872498,0.9022622108,0.0331501365
voice_0017__phonefact_opus_nb_8k,0.9877278609059885,0.9535140079224848,0.9427572740660444,0.8603138328,0.0320808291
voice_0018__phonefact_resample8k,0.9824125569503196,0.0013824582674685,0.8653133133841682,0.8182314038,0.0447795466
voice_0018__phonefact_g711_ulaw,0.9930687051159466,0.0045381229575073,0.6227528839677434,0.8784815669,0.0373623855
voice_0018__phonefact_g726_24k,0.9907474025698165,0.0107078576079601,0.6338562581056888,0.8826425076,0.0389095284
voice_0018__phonefact_opus_nb_8k,0.9987441033386373,0.9110981941647898,0.7926450123378522,0.8860275745,0.036980398
voice_0019__phonefact_resample8k,0.9392295924840726,0.00039437089638,0.43023003469729243,0.8036487103,0.0285809916
voice_0019__phonefact_g711_ulaw,0.9150678031697113,0.0028640231588873,0.372146219047479,0.8528242707,0.0405915603
voice_0019__phonefact_g726_24k,0.2567987883270667,0.0119220044286247,0.3838500573362673,0.8805547953,0.0443783067
voice_0019__phonefact_opus_nb_8k,0.912526662656467,0.9192976213522264,0.6828583108583959,0.856959343,0.040281646
voice_0020__phonefact_resample8k,0.0664760027346419,0.00182460627938,0.3915400912122317,0.8375959396,0.0252222233
voice_0020__phonefact_g711_ulaw,0.9648329549999686,0.0011523136273001,0.15641407796147527,0.8424496651,0.0312534235
voice_0020__phonefact_g726_24k,0.7961649150064009,0.002017600294627,0.05153986317273022,0.8268824816,0.0732586086
voice_0020__phonefact_opus_nb_8k,0.9990913678874249,0.9541120346780232,0.4655885989319767,0.8422237039,0.0280230008
voice_0021__phonefact_resample8k,0.9924306368620154,0.0083058471765477,0.7027377351835042,0.770377636,0.033854913
voice_0021__phonefact_g711_ulaw,0.9933272673428464,0.0061673722789428,0.3547051608117645,0.8401497006,0.0382897221
voice_0021__phonefact_g726_24k,0.9248527154295964,0.0128378935749274,0.10318404386444888,0.7911207676,0.0384780988
voice_0021__phonefact_opus_nb_8k,0.9998861929295134,0.9985684214290964,0.6673780934501818,0.8463321328,0.0376229733
voice_0022__phonefact_resample8k,0.6870122236677231,0.0004364162807094,0.6199750623972344,0.7652326822,0.0251340363
voice_0022__phonefact_g711_ulaw,0.5388873894011125,0.0008357442824498,0.5383128016724948,0.853939116,0.0247501135
voice_0022__phonefact_g726_24k,0.273419716731377,0.0025453860613197,0.6283516831861606,0.8542379141,0.0372611471
voice_0022__phonefact_opus_nb_8k,0.999563672654841,0.969177210970836,0.9972373269065403,0.8667290211,0.0284240674
voice_0023__phonefact_resample8k,0.9903658021794155,0.0039138030104596,0.7205602609981564,0.8137567043,0.0339055583
voice_0023__phonefact_g711_ulaw,0.8654831482345121,0.0118649423932289,0.18025014593298602,0.8719194531,0.0347833559
voice_0023__phonefact_g726_24k,0.5699416926325468,0.0074654658607909,0.015612951914472477,0.8136982918,0.0296375453
voice_0023__phonefact_opus_nb_8k,0.9833496967055187,0.9040385504096046,0.47620519334171485,0.8531438112,0.0352892913
voice_0024__phonefact_resample8k,0.48831196423132217,0.0001953036661618,0.7084455631033638,0.7658697367,0.0294306893
voice_0024__phonefact_g711_ulaw,0.0347065781614562,0.0002981821925613,0.4349741543646923,0.8180835843,0.0248739477
voice_0024__phonefact_g726_24k,0.05226470775152071,0.0012735578484486,0.3645251797961627,0.8736905456,0.0224582739
voice_0024__phonefact_opus_nb_8k,0.9793529221063662,0.9867370233451672,0.912230994739044,0.8327207565,0.0213000905
voice_0025__phonefact_resample8k,0.992380229009294,0.0006921090201045,0.6235944242503101,0.7696259618,0.0215032194
voice_0025__phonefact_g711_ulaw,0.9872922948544698,0.0013231965936325,0.34009404635924734,0.8352914453,0.0288710482
voice_0025__phonefact_g726_24k,0.4621290749843818,0.0011537499610331,0.6273489550299031,0.856648922,0.0442450941
voice_0025__phonefact_opus_nb_8k,0.9980954146277987,0.9777388684575512,0.6783215033260013,0.8474363685,0.0249458328
voice_0026__phonefact_resample8k,0.9879411594310905,0.0011296557956396,0.9088781015006202,0.8499813676,0.0395796858
voice_0026__phonefact_g711_ulaw,0.9931441119290666,0.0008127405992431,0.5888587473594974,0.8970446587,0.0418469198
voice_0026__phonefact_g726_24k,0.9921157707724392,0.0007719068661987,0.8567851689677718,0.8782047033,0.0406583138
voice_0026__phonefact_opus_nb_8k,0.9958989396579883,0.3090252970911756,0.903385263372971,0.8846347332,0.0388132818
voice_0027__phonefact_resample8k,0.21577847689029098,0.0035889069280421,0.5668240586529116,0.8145201802,0.0263115447
voice_0027__phonefact_g711_ulaw,0.9627293356673697,0.0042194713271661,0.12348848001179688,0.8667089343,0.0260867905
voice_0027__phonefact_g726_24k,0.011478179387098796,0.017844041744494,0.02765268841258875,0.8678776026,0.0368310735
voice_0027__phonefact_opus_nb_8k,0.9976527621904031,0.9966146214851812,0.5431480511629633,0.8794177175,0.0208429731
voice_0028__phonefact_resample8k,0.9914269958953028,0.001319409837713,0.6249658489018132,0.8130840063,0.0284352433
voice_0028__phonefact_g711_ulaw,0.9850861481512106,0.0012626972255925,0.3907422901829905,0.8979675174,0.0303590056
voice_0028__phonefact_g726_24k,0.6004827092905306,0.0032042410990217,0.3756991121512115,0.8798653483,0.0709246024
voice_0028__phonefact_opus_nb_8k,0.9101459942087617,0.9534362775394696,0.5108155044079368,0.8328148723,0.033414796
voice_0029__phonefact_resample8k,0.3398759938762722,0.0008687530197021,0.5778566111089519,0.791429162,0.0291514434
voice_0029__phonefact_g711_ulaw,0.43856307698574964,0.0042612494286511,0.6656993564297029,0.9001348019,0.0438875929
voice_0029__phonefact_g726_24k,0.42588331694700676,0.0056583377519256,0.7444381944652271,0.8252647519,0.0429689325
voice_0029__phonefact_opus_nb_8k,0.995601543327565,0.9991364185903122,0.8776547686126698,0.8786181211,0.042806115
voice_0030__phonefact_resample8k,0.1890054448071938,0.0007136781799544,0.2501886640115815,0.7632481456,0.0315128528
voice_0030__phonefact_g711_ulaw,0.5860705690766532,0.0087199307819383,0.15637800420318482,0.8051126599,0.0317007527
voice_0030__phonefact_g726_24k,0.047085784176406825,0.2263775294054019,0.015979179064976326,0.7926843762,0.039241679
voice_0030__phonefact_opus_nb_8k,0.9926958955821997,0.9996314061104716,0.8022711126159106,0.8223186135,0.0283142123
voice_0031__phonefact_resample8k,0.3421321857435749,0.0004584371298209,0.6093487487796697,0.8548431993,0.0319270715
voice_0031__phonefact_g711_ulaw,0.058714627787471,0.0006787714886446,0.4306163122521615,0.8831387162,0.0304979142
voice_0031__phonefact_g726_24k,0.05049404028428718,0.00078222552093,0.34264292822068154,0.8946613669,0.038123522
voice_0031__phonefact_opus_nb_8k,0.8471869325746677,0.8551364978520458,0.6761084288986067,0.8809976578,0.0287154503
voice_0032__phonefact_resample8k,0.936893561095183,0.0006366912896481,0.5239453685578785,0.839332521,0.0391479507
voice_0032__phonefact_g711_ulaw,0.8763431697609204,0.0010489526280498,0.5162415719844821,0.8701132536,0.0409387946
voice_0032__phonefact_g726_24k,0.2906664017206681,0.0025071303310583,0.5499606450684995,0.8524308801,0.0365240686
voice_0032__phonefact_opus_nb_8k,0.9776815757622401,0.8744475986319199,0.8116089248961283,0.8707989454,0.0372093357
voice_0033__phonefact_resample8k,0.8269091447457334,0.004808855792415,0.9153104097728703,0.8503735065,0.0209229998
voice_0033__phonefact_g711_ulaw,0.982193516806293,0.0281464845340406,0.8215103272547378,0.9027184844,0.0260477979
voice_0033__phonefact_g726_24k,0.4939195726896045,0.0289976186619736,0.7532115228350256,0.916791141,0.039553877
voice_0033__phonefact_opus_nb_8k,0.9923508970047414,0.9813149261431756,0.8809726115613299,0.927195251,0.0232031588
voice_0034__phonefact_resample8k,0.9673618959435389,0.0016193055352663,0.9721783653847929,0.8292095661,0.020413721
voice_0034__phonefact_g711_ulaw,0.98612688128835,0.0188828034748943,0.8453116049013837,0.8859914541,0.0256860256
voice_0034__phonefact_g726_24k,0.4480686989346518,0.016619993112792,0.67591315972274,0.8919810653,0.0249083675
voice_0034__phonefact_opus_nb_8k,0.9981040090984771,0.9915436899826244,0.9544446225075767,0.9001438618,0.0229899157
voice_0035__phonefact_resample8k,0.19750274685004565,0.0029183641326424,0.415469316201558,0.7411566377,0.0242360756
voice_0035__phonefact_g711_ulaw,0.16247926436031168,0.0014307101989411,0.3333254176003072,0.852144599,0.0251627844
voice_0035__phonefact_g726_24k,0.008126181738754935,0.0176087233509369,0.0169143119213853,0.8466932774,0.0712036118
voice_0035__phonefact_opus_nb_8k,0.9960866518555468,0.9991135578908386,0.844690484801222,0.8149187565,0.0240990631
voice_0036__phonefact_resample8k,0.9329603502095556,0.0025191094565501,0.8253639749740285,0.8155796528,0.0451173447
voice_0036__phonefact_g711_ulaw,0.8404423359356489,0.0047728481100506,0.5304440204065937,0.8636114001,0.0423939936
voice_0036__phonefact_g726_24k,0.3618626589735258,0.0074797137203289,0.4725345882459343,0.8866879344,0.0429513268
voice_0036__phonefact_opus_nb_8k,0.9596105443389595,0.8871034049291003,0.8247259820482142,0.8580804467,0.0406239219
voice_0037__phonefact_resample8k,0.5236572022888273,0.0028084096800105,0.7461256129452105,0.7943919301,0.048535984
voice_0037__phonefact_g711_ulaw,0.3816091982628928,0.0086417348861963,0.3578675384606376,0.8167359233,0.0430790894
voice_0037__phonefact_g726_24k,0.3607479109242653,0.0079395840165127,0.43200027301692334,0.819575429,0.0414539054
voice_0037__phonefact_opus_nb_8k,0.9718351401510398,0.9940587109411244,0.6661837551966838,0.8393625617,0.044550322
voice_0038__phonefact_resample8k,0.3094122803039498,0.0010443977531572,0.499089456340702,0.8633636832,0.043763116
voice_0038__phonefact_g711_ulaw,0.42311747333160754,0.0010416820199287,0.12379575307206177,0.9088786244,0.0439843498
voice_0038__phonefact_g726_24k,0.14248245178707547,0.0011083946685044,0.10497667161078904,0.9087683558,0.0435855128
voice_0038__phonefact_opus_nb_8k,0.8151303825594487,0.8873440657473286,0.6675112559090043,0.8976231813,0.0394802243
voice_0039__phonefact_resample8k,0.9933514652237574,0.0023225963010138,0.9693277081065252,0.7477353215,0.0317360498
voice_0039__phonefact_g711_ulaw,0.9937023161536365,0.0291509174960493,0.7602872137403314,0.8790774345,0.049016647
voice_0039__phonefact_g726_24k,0.9938481769943242,0.0364998146820366,0.7047437508871708,0.8911779523,0.0441576242
voice_0039__phonefact_opus_nb_8k,0.9998186599126287,0.9953794355019238,0.8975820616318059,0.8521688581,0.0387249514
voice_0040__phonefact_resample8k,0.9929279139103,0.0052713647835666,0.5681281296906512,0.8282602429,0.0316782072
voice_0040__phonefact_g711_ulaw,0.9938748455438554,0.0422224469912121,0.34449664996434926,0.8812530637,0.0320521109
voice_0040__phonefact_g726_24k,0.9879757651370298,0.0092667639124346,0.04328482845624986,0.8289544582,0.0253374819
voice_0040__phonefact_opus_nb_8k,0.9993831221846109,0.9559270413454102,0.7396594021296103,0.8360936642,0.0304143615
voice_0041__phonefact_resample8k,0.5882370736944874,0.0012499156021749,0.4334628216852539,0.8170434237,0.048869282
voice_0041__phonefact_g711_ulaw,0.9798616565315968,0.0032758869577942,0.2946559357295397,0.8411826491,0.0417128801
voice_0041__phonefact_g726_24k,0.48961556726477873,0.0024578564275545,0.2414144840295148,0.8578801155,0.0316712223
voice_0041__phonefact_opus_nb_8k,0.9968682667167774,0.9990784923331256,0.6124799933796009,0.8460915089,0.0426024832
voice_0042__phonefact_resample8k,0.43438979008656853,0.0004129267875449,0.6380351807356331,0.8313714862,0.0385881588
voice_0042__phonefact_g711_ulaw,0.9115471136039572,0.0013448467198963,0.8324983181100037,0.8690619469,0.0427680872
voice_0042__phonefact_g726_24k,0.7745276356580667,0.0013542469030452,0.9126856250806348,0.8979709744,0.0342419147
voice_0042__phonefact_opus_nb_8k,0.9852009076044018,0.8070648341943927,0.9619824636676617,0.8761978745,0.0426590219
voice_0043__phonefact_resample8k,0.35113336396843264,0.0003518037763269,0.6333085742674763,0.8221296668,0.0324886441
voice_0043__phonefact_g711_ulaw,0.3518887409341978,0.0009341889967082,0.5882955422698164,0.9144427776,0.0295018665
voice_0043__phonefact_g726_24k,0.1396102781783867,0.0009152739598791,0.2931042224578759,0.9162344337,0.0366301313
voice_0043__phonefact_opus_nb_8k,0.9898692298902523,0.998959760965108,0.7692755064724994,0.9190686345,0.0303783268
voice_0044__phonefact_resample8k,0.9062118048442527,0.0074076538392777,0.9491781591809311,0.7136893868,0.0230489969
voice_0044__phonefact_g711_ulaw,0.5018743267114063,0.0035461984075583,0.4278951478652379,0.7644204497,0.0270915255
voice_0044__phonefact_g726_24k,0.1473418906617626,0.0125927776208386,0.4036249972319322,0.8784199953,0.0273925792
voice_0044__phonefact_opus_nb_8k,0.985622171060069,0.9618798058511474,0.9385974543287802,0.8713018894,0.0230421517
voice_0045__phonefact_resample8k,0.6026605201920316,0.0076040009070357,0.48170500952302275,0.8350085616,0.0315007307
voice_0045__phonefact_g711_ulaw,0.7863619269355598,0.0056472501950847,0.022087808177105768,0.83233428,0.0239894129
voice_0045__phonefact_g726_24k,0.28200987253538445,0.0126139596732339,0.10252703146224824,0.8557279706,0.0342244059
voice_0045__phonefact_opus_nb_8k,0.9979027320170415,0.9942810828322144,0.48557898284790213,0.830471158,0.0267225374
voice_0046__phonefact_resample8k,0.9933547790868835,0.0050367987241632,0.8570650232010454,0.8465709686,0.042199228
voice_0046__phonefact_g711_ulaw,0.9933858220518599,0.0057728670887621,0.6834830951237102,0.9018599391,0.0298868045
voice_0046__phonefact_g726_24k,0.9702583003538306,0.00513109577024,0.6825951898095719,0.893940568,0.0311796386
voice_0046__phonefact_opus_nb_8k,0.9988439875290972,0.8635898937913323,0.9084679738252136,0.8903397918,0.0295730606
voice_0047__phonefact_resample8k,0.9399330861966965,0.5156083477644058,0.5616401296908358,0.7890377045,0.0412853286
voice_0047__phonefact_g711_ulaw,0.8334687879177548,0.0974995011672119,0.312504654590298,0.8215808272,0.0342693776
voice_0047__phonefact_g726_24k,0.450931451090349,0.570412239364558,0.11009364914425612,0.8596696854,0.0885820463
voice_0047__phonefact_opus_nb_8k,0.9563037605253333,0.917380693396108,0.4915673492204228,0.8450914621,0.0328852907
voice_0048__phonefact_resample8k,0.9934267909493556,0.0078264607488366,0.9844478826093515,0.8499683738,0.0438653305
voice_0048__phonefact_g711_ulaw,0.9935661406647563,0.0183314606301052,0.8008471367452847,0.8796787858,0.0414539725
voice_0048__phonefact_g726_24k,0.9646673935196292,0.0287947437638596,0.8015809942744232,0.8823785782,0.0355119072
voice_0048__phonefact_opus_nb_8k,0.9998475946086705,0.9970871424443064,0.9497028711619325,0.8582298756,0.0407282487
voice_0049__phonefact_resample8k,0.8815305254519649,0.0276659942189944,0.8923278308923984,0.8501419425,0.0195466597
voice_0049__phonefact_g711_ulaw,0.9748134562152025,0.0212301395605409,0.4184305913429838,0.8655180931,0.0201578997
voice_0049__phonefact_g726_24k,0.6589487950775655,0.0830956709161423,0.5884126314217726,0.8826977015,0.022117449
voice_0049__phonefact_opus_nb_8k,0.9994199322517066,0.996858814297882,0.8593110491560971,0.8835586905,0.0200510826
voice_0100__phonefact_resample8k,0.9999673959948747,0.9998825129616056,0.9805185864735332,0.8009884357,0.0349442177
voice_0100__phonefact_g711_ulaw,0.9999648711908564,0.999863613959418,0.9267957195829947,0.8629249334,0.0444607139
voice_0100__phonefact_g726_24k,0.9999627580779674,0.999846714007915,0.7578058754414204,0.8507156968,0.0403271653
voice_0100__phonefact_opus_nb_8k,0.999927756851202,0.9994233658873284,0.8850290729008383,0.8876904249,0.0455642566
voice_0101__phonefact_resample8k,0.9999351839517235,0.9995357964582668,0.976769088627359,0.8133652806,0.0271055568
voice_0101__phonefact_g711_ulaw,0.9998350264674225,0.9969958047896832,0.879650240252587,0.8817439079,0.0326782279
voice_0101__phonefact_g726_24k,0.9998334492904742,0.9969246828568472,0.917022710836958,0.8401628733,0.0381456651
voice_0101__phonefact_opus_nb_8k,0.9998257972993806,0.9953538349849458,0.9506128482501377,0.880251646,0.0255401544
voice_0102__phonefact_resample8k,0.9999360910107564,0.9995486936750032,0.9860781227608539,0.6794211864,0.0421686992
voice_0102__phonefact_g711_ulaw,0.9999361157187149,0.9995490424868088,0.8048283490279573,0.8488491178,0.0468636453
voice_0102__phonefact_g726_24k,0.9998930457660653,0.9982739280796769,0.8687962962889157,0.8385440707,0.0449066013
voice_0102__phonefact_opus_nb_8k,0.9999020431825739,0.9986855879045758,0.9907848875265973,0.8656740785,0.0449310616
voice_0103__phonefact_resample8k,0.9999700630914814,0.9999009471693386,0.9618755373419219,0.7430612445,0.0405776091
voice_0103__phonefact_g711_ulaw,0.9999678552457444,0.9998857991934762,0.878883838573015,0.8323025107,0.0462274998
voice_0103__phonefact_g726_24k,0.9999590479497964,0.9998146551346244,0.6903946110885516,0.8423537612,0.0434006974
voice_0103__phonefact_opus_nb_8k,0.999970715498233,0.9999052172082008,0.9514639763675069,0.8498526812,0.0535968132
voice_0104__phonefact_resample8k,0.9999709357495217,0.9999441392403102,0.847126223003179,0.8706972599,0.0465892479
voice_0104__phonefact_g711_ulaw,0.9999543994416843,0.9999210868858228,0.2238691391131035,0.8824042678,0.0429113023
voice_0104__phonefact_g726_24k,0.9990868174377684,0.9998593966665928,0.08400761484398411,0.8903012276,0.0438272916
voice_0104__phonefact_opus_nb_8k,0.9997329379096435,0.9998759547051658,0.4545535744134193,0.891939044,0.0378484614
voice_0105__phonefact_resample8k,0.9999539393662331,0.9997655367923296,0.9893298133512697,0.6815156341,0.0279505178
voice_0105__phonefact_g711_ulaw,0.9999384148438648,0.999580907492973,0.7249546690252604,0.7771368027,0.0385629572
voice_0105__phonefact_g726_24k,0.9999494085716085,0.999717151343332,0.8930494033149848,0.736684978,0.0277070776
voice_0105__phonefact_opus_nb_8k,0.9999213938324273,0.9992488090367802,0.9875548298764387,0.8320548534,0.0382297598
voice_0106__phonefact_resample8k,0.9999027927825888,0.9988404460834884,0.7856915713019506,0.8038617969,0.0447999835
voice_0106__phonefact_g711_ulaw,0.9999165825022381,0.999235946278204,0.7195185719122316,0.8401166201,0.052569259
voice_0106__phonefact_g726_24k,0.9998803444700695,0.9981550152939164,0.8844716931970655,0.8304353952,0.0540261865
voice_0106__phonefact_opus_nb_8k,0.9999203741390807,0.9991183004943264,0.8598755315191404,0.8202603459,0.0406431854
voice_0107__phonefact_resample8k,0.9999779499800617,0.9999461308018875,0.9580613661739404,0.7148458362,0.0277744718
voice_0107__phonefact_g711_ulaw,0.9999744063544497,0.999927602491429,0.4646260127917532,0.8248978257,0.0396910608
voice_0107__phonefact_g726_24k,0.9999745200994162,0.9999187647204753,0.26431727221322787,0.8368244171,0.0409058258
voice_0107__phonefact_opus_nb_8k,0.9999686416041373,0.9998837132328736,0.7207790694685621,0.8092357516,0.03697218
voice_0108__phonefact_resample8k,0.9999556561189102,0.9997620530246042,0.7204615389946945,0.8048658967,0.0398540981
voice_0108__phonefact_g711_ulaw,0.9999289039271729,0.9993869808386836,0.7576508895945785,0.8365749717,0.0372727774
voice_0108__phonefact_g726_24k,0.9997496701176151,0.998971505557028,0.7374679273569699,0.8099064231,0.0307709966
voice_0108__phonefact_opus_nb_8k,0.9999478102736225,0.999592564204998,0.9622460185795758,0.8623925447,0.0360457338
voice_0109__phonefact_resample8k,0.9999390780108395,0.9995898820274244,0.9937426160423622,0.8086889386,0.0359963663
voice_0109__phonefact_g711_ulaw,0.9998839999674807,0.9985143502193996,0.9776824087842282,0.9083827734,0.0474562235
voice_0109__phonefact_g726_24k,0.999898651661375,0.9988781948083684,0.9731513882850661,0.8053781986,0.0478521883
voice_0109__phonefact_opus_nb_8k,0.9999031554485395,0.998837663807102,0.9727319092528735,0.8787553906,0.0443898141
voice_0110__phonefact_resample8k,0.9999708599046285,0.999889565347769,0.6336854914854565,0.8373197317,0.0405885801
voice_0110__phonefact_g711_ulaw,0.999960477737155,0.9998976897489024,0.5297996616897319,0.8849138618,0.0452767164
voice_0110__phonefact_g726_24k,0.9971143584638923,0.9997780884776518,0.3706623343333502,0.8160896301,0.0366862863
voice_0110__phonefact_opus_nb_8k,0.999932167728253,0.999514358279312,0.8881116966050636,0.8751823306,0.0393069796
voice_0111__phonefact_resample8k,0.9999717862796301,0.9999120215024936,0.9305124785295041,0.7977539897,0.0370944627
voice_0111__phonefact_g711_ulaw,0.9999726009792592,0.9999170288530076,0.8262112177324709,0.8484028578,0.0419030078
voice_0111__phonefact_g726_24k,0.999970017489933,0.9998951414032188,0.6240567401914116,0.8706379533,0.0375812352
voice_0111__phonefact_opus_nb_8k,0.999943800917956,0.9996509896564209,0.8079411432842307,0.8710803986,0.0353103913
voice_0112__phonefact_resample8k,0.999963767475144,0.9998559267086083,0.6426253842713682,0.8140718341,0.0378725864
voice_0112__phonefact_g711_ulaw,0.9999524471048101,0.9997580062128342,0.39736085938175264,0.8838089108,0.0390475392
voice_0112__phonefact_g726_24k,0.9997579593915574,0.9997306692976028,0.42023596188980805,0.8880556822,0.0381067842
voice_0112__phonefact_opus_nb_8k,0.9999219895845172,0.9993751730706072,0.5218069680139293,0.8948721886,0.0383390784
voice_0113__phonefact_resample8k,0.9994439554802009,0.9987248115312408,0.830903160974017,0.8078636527,0.01823017
voice_0113__phonefact_g711_ulaw,0.999859147486854,0.9984397260397904,0.664454470672564,0.8400250077,0.0228614341
voice_0113__phonefact_g726_24k,0.9961217184961652,0.9984173401896064,0.9081979822061458,0.8027200103,0.0330995023
voice_0113__phonefact_opus_nb_8k,0.9999153144508365,0.9990665000671276,0.9227038522972382,0.8621226549,0.0219628923
voice_0114__phonefact_resample8k,0.9999760812673542,0.999936767892208,0.7381287297515094,0.7761415839,0.0863661841
voice_0114__phonefact_g711_ulaw,0.9999572419829532,0.99979794965696,0.7487152932393973,0.8419306278,0.0994386524
voice_0114__phonefact_g726_24k,0.9999521340509512,0.9997468006643314,0.8125296512920177,0.8651631474,0.0885758549
voice_0114__phonefact_opus_nb_8k,0.9999645663745771,0.999861269876917,0.8664124756089928,0.8177782893,0.0810540542
voice_0115__phonefact_resample8k,0.9999863661716476,0.999979455016762,0.9942839461096286,0.8181046844,0.046223212
voice_0115__phonefact_g711_ulaw,0.9999801079396802,0.9999562654410256,0.8888526311019793,0.8672994375,0.0494363084
voice_0115__phonefact_g726_24k,0.9999771260655947,0.9999338520129292,0.9051424562621959,0.8713054061,0.0429474078
voice_0115__phonefact_opus_nb_8k,0.9999722230555969,0.999894785176778,0.9725295749262846,0.8759569526,0.0464736633
voice_0116__phonefact_resample8k,0.9999843905690274,0.9999719305222854,0.9974191178750498,0.748891592,0.0333089866
voice_0116__phonefact_g711_ulaw,0.999984737495527,0.9999723381288672,0.9853797546068015,0.8732498288,0.049005188
voice_0116__phonefact_g726_24k,0.9999842048772681,0.9999682350106402,0.9886804809152714,0.8568176627,0.0426929742
voice_0116__phonefact_opus_nb_8k,0.9999841895236321,0.9999669692751278,0.9935669005077554,0.8643504977,0.0442913435
voice_0117__phonefact_resample8k,0.9999741730454652,0.9999262765628726,0.9615829576909822,0.8168098927,0.0428398661
voice_0117__phonefact_g711_ulaw,0.999967562027655,0.999883706432158,0.8584678758065787,0.8661014438,0.0479081944
voice_0117__phonefact_g726_24k,0.9999659366394087,0.9998717940191264,0.6961137137385813,0.8323408961,0.0467030443
voice_0117__phonefact_opus_nb_8k,0.9999395364612047,0.9995770145399746,0.9769800021542864,0.8613319993,0.0415092893
voice_0118__phonefact_resample8k,0.9999779288605107,0.9999461590147112,0.7619201014380521,0.7535342574,0.0438558012
voice_0118__phonefact_g711_ulaw,0.9999697689482,0.99989899125746,0.6941805690969414,0.823143065,0.0526406951
voice_0118__phonefact_g726_24k,0.999960594067214,0.999828454971415,0.6052131470079681,0.8491938114,0.0522942841
voice_0118__phonefact_opus_nb_8k,0.9999667308876748,0.9998818661600974,0.8581456868679258,0.83572191,0.0525824465
voice_0119__phonefact_resample8k,0.9999675898343432,0.9998534969178248,0.8041132945163681,0.7991954684,0.0419596955
voice_0119__phonefact_g711_ulaw,0.9999561599618318,0.9997875957230972,0.5671843971291931,0.8866253495,0.0465600379
voice_0119__phonefact_g726_24k,0.9999622994729397,0.9998342428621624,0.7047566710965408,0.8970483541,0.0439367555
voice_0119__phonefact_opus_nb_8k,0.9999387312515146,0.9995206584885084,0.8337751754021298,0.8984460235,0.0464491509
voice_0120__phonefact_resample8k,0.9999792924009826,0.9999526059376638,0.9869345175661597,0.806594491,0.0412519723
voice_0120__phonefact_g711_ulaw,0.9999710283701755,0.9999072315393822,0.8812334458314347,0.8613119125,0.0436995253
voice_0120__phonefact_g726_24k,0.9999670596400098,0.9998800765756516,0.5487437255929478,0.8325944543,0.0413388461
voice_0120__phonefact_opus_nb_8k,0.9999561962971206,0.9997879798120612,0.9481304088354051,0.8212090135,0.0469593033
voice_0121__phonefact_resample8k,0.9999692722273784,0.9999001434710324,0.9204365574692709,0.7663798332,0.0343624614
voice_0121__phonefact_g711_ulaw,0.9999285831937492,0.999919005855018,0.45044493276505115,0.8220589757,0.0332151838
voice_0121__phonefact_g726_24k,0.9999535843096008,0.9998377134505084,0.7545704614278615,0.7933651209,0.030972831
voice_0121__phonefact_opus_nb_8k,0.9999517940451732,0.9997887561601994,0.9455452297256398,0.8050968647,0.0321734287
voice_0122__phonefact_resample8k,0.9999352211597419,0.9995363290803306,0.9894313417062645,0.6819437742,0.0261872746
voice_0122__phonefact_g711_ulaw,0.9999361238243893,0.999549156868434,0.900626998663699,0.7322449088,0.0340702869
voice_0122__phonefact_g726_24k,0.9999223089275632,0.9989802202944182,0.7729106684998506,0.7836857438,0.0292458367
voice_0122__phonefact_opus_nb_8k,0.9998982203476032,0.9980470536493028,0.9808250670766204,0.8199530244,0.035941232
voice_0123__phonefact_resample8k,0.9998893262732395,0.9983558214909564,0.8389277806648636,0.7707064748,0.0374627002
voice_0123__phonefact_g711_ulaw,0.9992257995518119,0.9316011103899592,0.8336952480419451,0.8522098064,0.0489613377
voice_0123__phonefact_g726_24k,0.8282766096338506,0.6318265427794953,0.7402591614305823,0.8610451818,0.0479304716
voice_0123__phonefact_opus_nb_8k,0.9997942352520446,0.9979819579628788,0.9551010691335861,0.8393815756,0.043874152
voice_0124__phonefact_resample8k,0.9999745148645316,0.9999015716527444,0.9873003092772271,0.8101183176,0.0366690531
voice_0124__phonefact_g711_ulaw,0.9999734087267829,0.9998984922912726,0.7859902569106573,0.8677313328,0.0332390405
voice_0124__phonefact_g726_24k,0.9999569248145364,0.999808840134795,0.7259135620807374,0.8651251197,0.036192134
voice_0124__phonefact_opus_nb_8k,0.9999634389311357,0.9997581374423532,0.9417569342146191,0.8555527329,0.0315586105
voice_0125__phonefact_resample8k,0.9999801092724531,0.9999462659903272,0.7846460323842548,0.803113699,0.0472444221
voice_0125__phonefact_g711_ulaw,0.9999725156002647,0.999953578293633,0.9157799020389621,0.8833401799,0.0383349694
voice_0125__phonefact_g726_24k,0.9999749784146124,0.999924476800665,0.8152694551699335,0.9157028198,0.0354153477
voice_0125__phonefact_opus_nb_8k,0.9997572001694683,0.9998959746965214,0.9699643803340539,0.863090694,0.0364599563
voice_0126__phonefact_resample8k,0.9999790207690257,0.999951354406612,0.9316188100619021,0.7359086275,0.0373268202
voice_0126__phonefact_g711_ulaw,0.9999745788375038,0.999928575010766,0.8326259921271246,0.8370504975,0.0466414727
voice_0126__phonefact_g726_24k,0.9999712737566622,0.999908373147258,0.6325856860099888,0.8416077495,0.0472436175
voice_0126__phonefact_opus_nb_8k,0.9999680115744136,0.9998871231502764,0.8075818504374737,0.8675108552,0.0389378145
voice_0127__phonefact_resample8k,0.999976842954753,0.9999407308799572,0.9357801744770659,0.7086951137,0.0333040543
voice_0127__phonefact_g711_ulaw,0.9999768027147781,0.999940524665602,0.8704499963427461,0.8104503751,0.042100139
voice_0127__phonefact_g726_24k,0.9999749724523823,0.9999307695843278,0.6780070539014668,0.829434514,0.0394976772
voice_0127__phonefact_opus_nb_8k,0.9999584729061581,0.9998094140460372,0.8623768367377519,0.8227294683,0.0347992778
voice_0128__phonefact_resample8k,0.999959425688261,0.9998180581774846,0.7963548949448308,0.7339199781,0.0247938614
voice_0128__phonefact_g711_ulaw,0.9999602089269339,0.9998250138722152,0.48024535714162586,0.8444911242,0.0321188346
voice_0128__phonefact_g726_24k,0.9996566198756398,0.9998559500610495,0.5367342100032778,0.7506459951,0.0293455236
voice_0128__phonefact_opus_nb_8k,0.9999450803076586,0.9996794146145735,0.6714548861162306,0.8048948646,0.0300877467
voice_0129__phonefact_resample8k,0.999977301281023,0.999943053688227,0.9264961590573649,0.8458870649,0.0343936607
voice_0129__phonefact_g711_ulaw,0.9999758460668254,0.9999358434379728,0.5505040487151012,0.8770061731,0.0366661623
voice_0129__phonefact_g726_24k,0.9999404860644024,0.9998765032587562,0.47467754311548793,0.8624527454,0.0305817239
voice_0129__phonefact_opus_nb_8k,0.9999653262734859,0.9998671793414602,0.7936187485294457,0.8887210488,0.0317379534
voice_0130__phonefact_resample8k,0.9999455126673646,0.9996719217415024,0.9681619229675679,0.7914127111,0.040969789
voice_0130__phonefact_g711_ulaw,0.9999397005146694,0.9995980233104942,0.5506321709259419,0.8571273685,0.0420517735
voice_0130__phonefact_g726_24k,0.999927769088792,0.9993414971388028,0.17350652250818702,0.8283503056,0.038611047
voice_0130__phonefact_opus_nb_8k,0.9998587698618717,0.9970850518476264,0.7333020595335543,0.8313781619,0.038703125
voice_0131__phonefact_resample8k,0.9999751489189737,0.9999317424369242,0.6677993259855919,0.7777248025,0.0433410369
voice_0131__phonefact_g711_ulaw,0.9999669955421946,0.9998796093976252,0.8423984392107876,0.8452869058,0.0424944386
voice_0131__phonefact_g726_24k,0.9999508206110612,0.9997246710159547,0.7992437298199295,0.8841308355,0.03989112
voice_0131__phonefact_opus_nb_8k,0.9999711623841037,0.9999080877369468,0.9208476168629417,0.8598205447,0.0457768999
voice_0132__phonefact_resample8k,0.9999516668155162,0.9997156975838962,0.9946487838901038,0.7602953911,0.028751092
voice_0132__phonefact_g711_ulaw,0.9999314009203739,0.9994800495445914,0.8273901810001006,0.8616716862,0.038832508
voice_0132__phonefact_g726_24k,0.9998069006477399,0.999460094414326,0.7013144689509411,0.7676081657,0.0299115758
voice_0132__phonefact_opus_nb_8k,0.9999429964263826,0.999599594980251,0.9574487326829071,0.8041491508,0.0341037475
voice_0133__phonefact_resample8k,0.9999344122511211,0.9995246809175428,0.993493358290778,0.7230418921,0.0189398564
voice_0133__phonefact_g711_ulaw,0.999937125126476,0.999563176086073,0.9070367527680463,0.7914966941,0.0319117419
voice_0133__phonefact_g726_24k,0.9999402001672028,0.9995828508240135,0.9443965877456312,0.7513272762,0.0227558147
voice_0133__phonefact_opus_nb_8k,0.9999355128485706,0.9994944060274892,0.9974983925303524,0.8215067387,0.0261775255
voice_0134__phonefact_resample8k,0.9999147513222657,0.9988162149956032,0.9959640628962432,0.854141295,0.0213976037
voice_0134__phonefact_g711_ulaw,0.9998292077281467,0.9963982299570332,0.7683492376255681,0.8862782717,0.0241139792
voice_0134__phonefact_g726_24k,0.9987084197289935,0.9978395759998412,0.7490301542919034,0.893783927,0.0246407371
voice_0134__phonefact_opus_nb_8k,0.9997365978694267,0.9970734678383278,0.9644500524084799,0.88761127,0.0218102075
voice_0135__phonefact_resample8k,0.9999492514073421,0.999692506836722,0.5786102580766737,0.8115592003,0.0561387874
voice_0135__phonefact_g711_ulaw,0.9997767068050715,0.994512962896701,0.5483362304478845,0.8745279908,0.0543997139
voice_0135__phonefact_g726_24k,0.9997533325827571,0.9927616715425868,0.554984999042061,0.8755964637,0.0457183011
voice_0135__phonefact_opus_nb_8k,0.9997727452674767,0.9930418692155886,0.739410969430429,0.8767100573,0.0475059114
voice_0136__phonefact_resample8k,0.999964845998594,0.999863440257587,0.6713570921008594,0.8100776076,0.0365739875
voice_0136__phonefact_g711_ulaw,0.9999376000719951,0.9995697949219786,0.46025866484206446,0.8621231318,0.0397961177
voice_0136__phonefact_g726_24k,0.9997641134257833,0.9994402438730272,0.516168395363276,0.8754543662,0.0328914598
voice_0136__phonefact_opus_nb_8k,0.9990988882572822,0.9992217700314822,0.5971032124194877,0.8658164144,0.0370194577
voice_0137__phonefact_resample8k,0.9999722063204539,0.9999148013902094,0.6636517457304885,0.8341356516,0.0296502467
voice_0137__phonefact_g711_ulaw,0.9999718349046713,0.999913082380888,0.3701280906314071,0.8650853634,0.0322489627
voice_0137__phonefact_g726_24k,0.9999433958771436,0.9996616870224316,0.20387063061672295,0.870234251,0.0314202234
voice_0137__phonefact_opus_nb_8k,0.9998702098261343,0.9981999529480924,0.5474135292303793,0.8695043325,0.0294907819
voice_0138__phonefact_resample8k,0.9999689774234726,0.9998936330182028,0.9784544917200853,0.7375540137,0.0291792843
voice_0138__phonefact_g711_ulaw,0.9999608121542675,0.999830278657441,0.9426512093369811,0.8434502482,0.0363003723
voice_0138__phonefact_g726_24k,0.9999490487164108,0.9997131140241332,0.7513023175840019,0.8402011991,0.0345457233
voice_0138__phonefact_opus_nb_8k,0.9999564862688933,0.9997786766959478,0.9087239102629452,0.8387790918,0.0337706506
voice_0139__phonefact_resample8k,0.9999805666619205,0.999957757382362,0.9925137138507685,0.7319092155,0.0389632061
voice_0139__phonefact_g711_ulaw,0.9999754301188236,0.9999332783956896,0.9693423372809848,0.835795939,0.0543021411
voice_0139__phonefact_g726_24k,0.9999711148465514,0.9998894872497172,0.8075512664418197,0.8462610841,0.0490465648
voice_0139__phonefact_opus_nb_8k,0.9999711072873821,0.9998978183850687,0.9952589048684416,0.8234255314,0.0486314036
voice_0140__phonefact_resample8k,0.9999496001911098,0.999719289510879,0.7213228240707742,0.844068706,0.0284984503
voice_0140__phonefact_g711_ulaw,0.9999416411290616,0.999623655951395,0.564780866929602,0.9046584368,0.0364446528
voice_0140__phonefact_g726_24k,0.9999472169817963,0.9996908649463652,0.4881021295058726,0.8574951887,0.0420649499
voice_0140__phonefact_opus_nb_8k,0.999949777127212,0.9997184875835946,0.6211000207250574,0.8976073265,0.032308355
voice_0141__phonefact_resample8k,0.9999456113312309,0.9996731085442654,0.9709498648212249,0.8026936054,0.0487727821
voice_0141__phonefact_g711_ulaw,0.9999308825092963,0.9994721693763184,0.8683915440292107,0.8670389652,0.0535834059
voice_0141__phonefact_g726_24k,0.9999398170554694,0.9996038276984208,0.8619367289120047,0.811196506,0.0479709581
voice_0141__phonefact_opus_nb_8k,0.9999318376341353,0.999486753553332,0.9718405670389316,0.8266095519,0.0671812519
voice_0142__phonefact_resample8k,0.9999759489019273,0.9999418432210688,0.982997931470592,0.8234775662,0.0461899154
voice_0142__phonefact_g711_ulaw,0.9996881633425522,0.9999143614785972,0.7859681897419732,0.8633615375,0.0398157723
voice_0142__phonefact_g726_24k,0.9997080129650512,0.999889472515188,0.6242533037755137,0.9078752995,0.0704172552
voice_0142__phonefact_opus_nb_8k,0.9999528318918585,0.999827654148249,0.8833427521367434,0.8719236851,0.0436465964
voice_0143__phonefact_resample8k,0.9999424453889632,0.9996339547273678,0.9921965056922945,0.7913274765,0.0281938501
voice_0143__phonefact_g711_ulaw,0.9999425041361869,0.9996347014269532,0.7975069943615417,0.8884494305,0.0414183475
voice_0143__phonefact_g726_24k,0.9999358747626589,0.9995331925497768,0.5215790267938953,0.8110821247,0.0397659354
voice_0143__phonefact_opus_nb_8k,0.9999146766966923,0.999195794350533,0.9542040142065957,0.8722199202,0.0374531671
voice_0144__phonefact_resample8k,0.9999787592072196,0.9999444614140164,0.9610269294751627,0.8172818422,0.0465203933
voice_0144__phonefact_g711_ulaw,0.9999728110135782,0.9999178456593868,0.5871496905621216,0.8738273382,0.0477427244
voice_0144__phonefact_g726_24k,0.9992188418262465,0.9998711433178136,0.26342124423304236,0.8942195177,0.0377012752
voice_0144__phonefact_opus_nb_8k,0.9999521489045974,0.9996411910824192,0.8492248564336862,0.9129880071,0.0378052592
voice_0145__phonefact_resample8k,0.9999835143641017,0.9999699614091484,0.9089984608286255,0.8291811347,0.0768912062
voice_0145__phonefact_g711_ulaw,0.9999845945178479,0.9999737687497358,0.3829326137221474,0.8674362302,0.0626366809
voice_0145__phonefact_g726_24k,0.9999836765303582,0.9999705495045764,0.4036207233178308,0.8596561551,0.0480902642
voice_0145__phonefact_opus_nb_8k,0.9999801915177572,0.9999566321609894,0.7845361687301029,0.8709217906,0.0477646999
voice_0146__phonefact_resample8k,0.9999818085338794,0.9999634235045594,0.9860647760761774,0.8337563872,0.0421364494
voice_0146__phonefact_g711_ulaw,0.9999758374653124,0.9999354837397648,0.9620797550716514,0.8619658947,0.0354338326
voice_0146__phonefact_g726_24k,0.9999754847449472,0.9999319755255336,0.8913146635120566,0.8873563409,0.0470741577
voice_0146__phonefact_opus_nb_8k,0.9999513795194799,0.9997260163029236,0.7332488736607804,0.8577641845,0.0363920256
voice_0147__phonefact_resample8k,0.9999792354597059,0.9999523448704878,0.9248586350207904,0.7251189351,0.0289765112
voice_0147__phonefact_g711_ulaw,0.9999638699924527,0.9998557297313154,0.9024785645359268,0.8012068868,0.0391817018
voice_0147__phonefact_g726_24k,0.9999493839561675,0.999716876044736,0.8472921528264911,0.826606214,0.0386324078
voice_0147__phonefact_opus_nb_8k,0.9999717135754171,0.9999115675912558,0.983593592171073,0.794921875,0.0400318168
voice_0148__phonefact_resample8k,0.9999709261826519,0.9999065760025144,0.9831437765790054,0.827123642,0.0384956375
voice_0148__phonefact_g711_ulaw,0.9999642537681355,0.999858783489874,0.8112218576130235,0.8727224469,0.0412808843
voice_0148__phonefact_g726_24k,0.9996156311246891,0.9996832274271704,0.6439088452290932,0.8259258866,0.0328658633
voice_0148__phonefact_opus_nb_8k,0.9998974157340089,0.9988379694013554,0.9555073868561719,0.8467396498,0.0344042182
voice_0149__phonefact_resample8k,0.9999680378932826,0.9998870932128586,0.9744411533624175,0.7620903254,0.0454723388
voice_0149__phonefact_g711_ulaw,0.9999615406588308,0.9998365295544748,0.8431829866968993,0.8512666225,0.0486735031
voice_0149__phonefact_g726_24k,0.9999558181461048,0.999784271166994,0.729522722427484,0.8572410941,0.0505031012
voice_0149__phonefact_opus_nb_8k,0.9999633867653651,0.9998518451441476,0.9144392798448504,0.8557270765,0.0494153351
