ID,anchor,expert,fused,label
FS-FM_LA_D_1023711_XzwhTltRQcM,0.7389239203048206,0.8872045874595642,0.7637334629877014,1
FS-FM_LA_D_1023711_cf-IIqhveKw,0.4127695974835258,0.8684702515602112,0.4846737894625699,1
FS-FM_LA_D_1023711_fake_15050_udio_0,0.9812748943477864,0.9292351603507996,0.9776662428945836,1
FS-FM_LA_D_1053530_kOREaTKeyZw,0.919189823800886,0.8503692746162415,0.9122309389426664,1
FS-FM_LA_D_1062960_k4kbpRRRgcQ,0.0272811548239297,0.27637791633605957,0.037890892914483935,1
FS-FM_LA_D_1084765_fake_19732_udio_1,0.7337248927401373,0.8884494304656982,0.7598004074917142,1
FS-FM_LA_D_1097191_fake_53079_suno_0,0.9956240367377784,0.949669361114502,0.9939617016281842,1
FS-FM_LA_D_1132441_fake_21612_udio_1,0.7130668343449877,0.5306256413459778,0.6916679626325384,1
FS-FM_LA_D_1143649_oh0EWEvJI90,0.9905221345064918,0.906785249710083,0.9871390781324968,1
FS-FM_LA_D_1143649_xVab_CbwecE,0.9993163575407252,0.9525741338729858,0.9988069288690731,1
FS-FM_LA_D_1154251_YDBxdZchOuM,0.1413224476407763,0.960834264755249,0.2397986055515652,1
FS-FM_LA_D_1154251_xiN6XwZNEJo,0.9314042540089336,0.6661059260368347,0.91365829763093,1
FS-FM_LA_D_1227503_6TSluKI0X54,0.9978755799160902,0.9308615922927856,0.9966329746239023,1
FS-FM_LA_D_1234846_fake_22728_suno_1,0.9970103717184382,0.9355352520942688,0.9955131729644419,1
FS-FM_LA_D_1234846_fake_45879_udio_1,0.9744999969205728,0.9525741338729858,0.972337465828059,1
FS-FM_LA_D_1252794_fake_23468_suno_1,0.9998095888483416,0.9223705530166626,0.9995797695507443,1
FS-FM_LA_D_1325941_L1fxVVl_1bM,0.9496457167224162,0.9129343032836914,0.9458688816019318,1
FS-FM_LA_D_1350597_rFE_bKOr1W0,0.9696939806597334,0.8991213440895081,0.9644108539293489,1
FS-FM_LA_D_1352656_ECP7EJka6N8,0.9974760275344168,0.949068546295166,0.9962503007469667,1
FS-FM_LA_D_1354501_4ufDENm_ECk,0.9925964576170956,0.903566837310791,0.9895686461177444,1
FS-FM_LA_D_1367292_hlHb9HwNxk8,0.7477190001407502,0.6899744868278503,0.7406290886178994,1
FS-FM_LA_D_1367292_k4ttuqKjiw0,0.9987917031894282,0.853522539138794,0.9977015198334552,1
FS-FM_LA_D_1367292_ohikUtjUN7c,0.9732555448053476,0.8455348014831543,0.9660411863985762,1
FS-FM_LA_D_1579120_2CzfBZ1mYBs,0.99645456283527,0.9168273210525513,0.9946085325951901,1
FS-FM_LA_D_1630961_-oP-XX28B0s,0.9940615386431184,0.8698915839195251,0.991001906502278,1
FS-FM_LA_D_1630961_ad6gQQ_0evk,0.9659617795191976,0.5847217440605164,0.9505082738247668,1
FS-FM_LA_D_1681095_fake_18248_udio_1,0.8442379027832675,0.9284088015556335,0.8585763871643596,1
FS-FM_LA_D_1681095_oXBGZoBYaLY,0.9857944626504048,0.7762160301208496,0.9791703343447699,1
FS-FM_LA_D_1685935_NwUJe24OxC8,0.5337867505999093,0.9250134825706482,0.6093027583629609,1
FS-FM_LA_D_1685935_OkcBJawiIHA,0.951228026653162,0.8080672025680542,0.9411048177855023,1
FS-FM_LA_D_1685935_fake_09441_udio_0,0.9998864413956072,0.949068546295166,0.9997471668383776,1
FS-FM_LA_D_1695224_u0lm58cet1g,0.1138019009475609,0.8754466772079468,0.1776780649108106,1
FS-FM_LA_D_1714107_GFJNgqcX7u0,0.8935770888506286,0.9292351603507996,0.8989803518945281,1
FS-FM_LA_D_1714907_fake_20874_udio_0,0.6168672522587717,0.7455466389656067,0.635087905760151,1
FS-FM_LA_D_1714907_yOVaak2hemM,0.9182160991169864,0.7525948882102966,0.9045289750735099,1
FS-FM_LA_D_1734325_fake_35833_udio_0,0.9705219530850764,0.543832540512085,0.9553317337262164,1
FS-FM_LA_D_1764899_KfLxBjl-aBU,0.9776972568285712,0.9514318108558655,0.9752960167895834,1
FS-FM_LA_D_1828116_YuiQRYaF9SA,0.9472604410813508,0.5683199763298035,0.9274720852097005,1
FS-FM_LA_D_1845654_XzTBNfQ7_GA,0.6696046484789125,0.3086901903152466,0.6247486465258715,1
FS-FM_LA_D_1848103_xgXd06kKFIQ,0.9996174484259734,0.8388910293579102,0.9991418645119428,1
FS-FM_LA_D_1862965_Y1ItBiA8nKU,0.8678840542213965,0.9284088015556335,0.8776963761496123,1
FS-FM_LA_D_1862965_ZwLfj7tvpdc,0.9992303829656436,0.8684702515602112,0.9984720092135521,1
FS-FM_LA_D_1869677_fake_10214_suno_1,0.8444068708448574,0.9258759021759033,0.8581196247135247,1
FS-FM_LA_D_1869677_fake_23757_suno_1,0.9467471826677454,0.8684702515602112,0.939869217535437,1
FS-FM_LA_D_1949097_hRQJgZVxRX0,0.9530310650168086,0.9459611773490906,0.9521642817010545,1
FS-FM_LA_D_1951579_WJORWlj6BW8,0.9423193614454464,0.48833221197128296,0.918654858312274,1
FS-FM_LA_D_1985217__AVegKwklcg,0.977307323316874,0.8267117738723755,0.9700182268306679,1
FS-FM_LA_D_1992558_Uu8m1oOWkiE,0.0790779035105251,0.7685248255729675,0.12134021566016913,1
FS-FM_LA_D_2054506_gigxzYegRqM,0.9852032426571418,0.824913740158081,0.9792480084799456,1
FS-FM_LA_D_2077190_wQN7fRaPl2A,0.9981703900273292,0.6548947095870972,0.9961883176653696,1
FS-FM_LA_D_2077274_ESbtW0CUmp4,0.9902556403705776,0.8566204905509949,0.9859763035918198,1
FS-FM_LA_D_2077274_bsz_enSJSVk,0.7328811706963212,0.8611649870872498,0.753121869888576,1
FS-FM_LA_D_2080989_9ZeoYezrI7Q,0.4641253424132002,0.8807970285415649,0.5336842110741223,1
FS-FM_LA_D_2080989_fake_21500_udio_0,0.0737778752601184,0.8726950287818909,0.12445548048791363,1
FS-FM_LA_D_2080989_hSSzn4bIwZg,0.9820197639011244,0.8698915839195251,0.9765073429933228,1
FS-FM_LA_D_2083927_E_kgtQ93Q1s,0.9559438719048352,0.9149009585380554,0.951935079451003,1
FS-FM_LA_D_2083927_fake_40088_suno_1,0.8375905165554385,0.8080672025680542,0.8339702026963248,1
FS-FM_LA_D_2083927_zwfo7wnXdjs,0.7621734525312556,0.6952966451644897,0.7540777956789875,1
FS-FM_LA_D_2111647_4gEmWJCPZGo,0.9984002788086808,0.4054487347602844,0.9961269679567195,1
FS-FM_LA_D_2155597_UxrAsZ7Z09Y,0.9989644188385446,0.944011926651001,0.9982487594271807,1
FS-FM_LA_D_2165495_GQz_u0Vc8Os,0.9703928677475376,0.7572203278541565,0.9602239500880543,1
FS-FM_LA_D_2223464_vsXs3GUrw64,0.9957339719634272,0.9223705530166626,0.9937299637059053,1
FS-FM_LA_D_2284177_fake_24761_udio_0,0.3940769701595097,0.9453186988830566,0.49905504995485483,1
FS-FM_LA_D_2284177_fake_43689_suno_1,0.9973638460110869,0.9232608675956726,0.9958789442102252,1
FS-FM_LA_D_2287702_fake_22455_suno_1,0.998396000989984,0.8641270995140076,0.9970931540805654,1
FS-FM_LA_D_2287702_v582kPp43Mg,0.965836535498759,0.7031826972961426,0.953448398265946,1
FS-FM_LA_D_2289504_fake_36846_udio_0,0.6508449721042138,0.8726950287818909,0.6882707599802306,1
FS-FM_LA_D_2289504_ywuR9AfpA_E,0.8901289997033742,0.24048909544944763,0.8416546973731344,1
FS-FM_LA_D_2347486_9gSOOPDuD4Y,0.990382100715,0.9598826169967651,0.9883960128176673,1
FS-FM_LA_D_2368822_3PuzzYmTDA4,0.9341409952186218,0.9196425676345825,0.9324036494272778,1
FS-FM_LA_D_2368822_iS8YQGp2_ng,0.8357978451927005,0.9413098692893982,0.8552630415629279,1
FS-FM_LA_D_2406653_fake_15651_udio_1,0.9589561913530426,0.9598826169967651,0.9590777749589073,1
FS-FM_LA_D_2410631_C6ws4MxOH2Y,0.9925094894890614,0.3665897250175476,0.9849356890050812,1
FS-FM_LA_D_2410631_Wil8e6kBxe8,0.4919848752528701,0.855078399181366,0.5505405582259664,1
FS-FM_LA_D_2410631_fake_45535_udio_0,0.2731065460392692,0.8267117738723755,0.34332006257262265,1
FS-FM_LA_D_2468032_O6xMQnKJROc,0.9256561872531476,0.6456562876701355,0.9065286870833967,1
FS-FM_LA_D_2468278_RS43EP1EXz4,0.9931492904212208,0.9223705530166626,0.9905414259351558,1
FS-FM_LA_D_2473428_RXGDlFry3Vo,0.889111390668673,0.6939709186553955,0.8718608790871382,1
FS-FM_LA_D_2473428_WRZGYDh7qRo,0.9966269025110094,0.9520061612129211,0.9952146964129752,1
FS-FM_LA_D_2479276_QUtyeIooCy4,0.6409910450512721,0.8581488728523254,0.6766264579051552,1
FS-FM_LA_D_2479276_fake_47838_udio_0,0.8077567990310266,0.9340110421180725,0.8310918043828176,1
FS-FM_LA_D_2496514_JPVRBbdykSw,0.9994919214148956,0.8655880689620972,0.9989315994621412,1
FS-FM_LA_D_2496514_K6DSH7MSeOA,0.989867147157838,0.8354835510253906,0.9851881548126038,1
FS-FM_LA_D_2533846_VSAbMy1Rlio,0.9854177914334832,0.903566837310791,0.9812275541408938,1
FS-FM_LA_D_2650745_fake_50405_udio_0,0.621741824533907,0.9223705530166626,0.6800702714208633,1
FS-FM_LA_D_2650745_fcpVyvn5vKk,0.9572787531697136,0.15283973515033722,0.9229095249759206,1
FS-FM_LA_D_2657639_fake_34855_udio_0,0.9738114258150546,0.9603611826896667,0.9723530422400064,1
FS-FM_LA_D_2667973_NhVkzcCL0SA,0.991783250899456,0.5911568999290466,0.9854876209082097,1
FS-FM_LA_D_2742354_qpt3umHYfmY,0.9993037474180224,0.9635611176490784,0.9988303358773599,1
FS-FM_LA_D_2764046_C7OIuhWSbjU,0.981325310064316,0.9644288420677185,0.9796817737643801,1
FS-FM_LA_D_2769521_wLQiZ-0VW4c,0.8843137794311874,0.7991916537284851,0.8753465028664597,1
FS-FM_LA_D_2878681_fake_38483_udio_0,0.5380856220544473,0.8979819416999817,0.6024167672099862,1
FS-FM_LA_D_2878681_wMN-Xp9IMUw,0.9823983509209898,0.8991213440895081,0.977763194330664,1
FS-FM_LA_D_2921930_RxmGtt0YzYY,0.9688602631308108,0.9223705530166626,0.9648549185338544,1
FS-FM_LA_D_2937244_D8zK7PHIkgA,0.9929054855779348,0.9139226078987122,0.9901078045510753,1
FS-FM_LA_D_3027433_fake_16694_udio_0,0.4061868602257321,0.7443591356277466,0.45228409899469546,1
FS-FM_LA_D_3035824_fake_15940_suno_0,0.9970517777783232,0.949669361114502,0.9957152848637124,1
FS-FM_LA_D_3042444_fake_38399_udio_1,0.3457658056503196,0.8422412872314453,0.4165256996135634,1
FS-FM_LA_D_3042444_ue1sgGEvkwE,0.9824242518106304,0.9196425676345825,0.9784864270348582,1
FS-FM_LA_D_3065329_0ewWspUqB6Y,0.9924840907335204,0.8455348014831543,0.9886752405229284,1
FS-FM_LA_D_3088084_jFek2xLbEww,0.8559722771400056,0.7868850231170654,0.8481744984661719,1
FS-FM_LA_D_3088084_wZopmfXTtxw,0.9997341653812551,0.7815974354743958,0.9993434875322618,1
FS-FM_LA_D_3122333_2T1P9ovsl4A,0.2868756525542361,0.393827885389328,0.2997915776189632,1
FS-FM_LA_D_3134629_fake_09771_suno_1,0.995054680628562,0.6195173263549805,0.9907895628387463,1
FS-FM_LA_D_3193424_pSzTPGlNa5U,0.2875838173252401,0.9002495408058167,0.37678457537696286,1
FS-FM_LA_D_3257829_NPXZIqxKvXA,0.422914290771121,0.3033808171749115,0.40649427729849197,1
FS-FM_LA_D_3257829_t5fW1-6iXZY,0.998897297403129,0.9158691167831421,0.9980424603879817,1
FS-FM_LA_D_3260017_fake_39829_suno_0,0.8980946514144941,0.9413098692893982,0.9050011223958211,1
FS-FM_LA_D_3334894_VjbRot21Hq0,0.999478223279468,0.8388910293579102,0.9988760051827644,1
FS-FM_LA_D_3384993_07-vpXo91XM,0.4262375405545592,0.520106315612793,0.43828645116270337,1
FS-FM_LA_D_3457413_fake_43665_suno_1,0.8187537073075015,0.8061210513114929,0.8171484300422595,1
FS-FM_LA_D_3491832_PFa1XVCgPgM,0.9917210469096616,0.5401477217674255,0.9849986918360422,1
FS-FM_LA_D_3499981_fake_50619_suno_0,0.9985173774510624,0.9046505093574524,0.997422460961135,1
FS-FM_LA_D_3562536_5JRvGMTjEzQ,0.0768758764265414,0.851952850818634,0.1262040079081237,1
FS-FM_LA_D_3607908_KB4e9v_5uTE,0.2539929386769013,0.903566837310791,0.3437814189664462,1
FS-FM_LA_D_3617952_3KQy3Cajo4E,0.990947341195115,0.7525948882102966,0.98565350915362,1
FS-FM_LA_D_3617952_fake_15149_suno_0,0.8241021426835087,0.24973991513252258,0.7686350942401349,1
FS-FM_LA_D_3680733_fake_50911_suno_1,0.9999139330918326,0.9232608675956726,0.9997897148036957,1
FS-FM_LA_D_3693157_NxdQtpceXaI,0.7799948895256491,0.9558496475219727,0.8177017826916974,1
FS-FM_LA_D_3703829_Wp5AiCmbQjA,0.998050276989243,0.8698915839195251,0.9965782013520844,1
FS-FM_LA_D_3727131_fake_13278_suno_1,0.980409524886754,0.8933094143867493,0.9754094809486891,1
FS-FM_LA_D_3740762_fake_33417_udio_1,0.0213265679501902,0.8175744414329529,0.041733064245479026,1
FS-FM_LA_D_3749655_N6YT8_jlt0E,0.6167455284751977,0.8611649870872498,0.6572715587721122,1
FS-FM_LA_D_3782088_vWiq7n4yTAw,0.1268566817457813,0.7991916537284851,0.18261892029256682,1
FS-FM_LA_D_3812741_xrqDoBor2dk,0.6764858201134318,0.9099069833755493,0.7195835040926203,1
FS-FM_LA_D_3820104_fake_53398_suno_0,0.9901995243650042,0.9129343032836914,0.9868871605594348,1
FS-FM_LA_D_3858656_fake_25815_suno_1,0.988217900678261,0.23370636999607086,0.9758526042506941,1
FS-FM_LA_D_3859116_fake_39543_udio_0,0.8292249725787301,0.9158691167831421,0.8435787573892845,1
FS-FM_LA_D_4001682_MmqRlHntd0Q,0.997500753216906,0.2556408941745758,0.993767475374654,1
FS-FM_LA_D_4058547_L_nC2BvhRdQ,0.9842769693864408,0.9187139272689819,0.9804349077532757,1
FS-FM_LA_D_4058547_fake_20511_suno_0,0.3325268823932434,0.949068546295166,0.4437523006163986,1
FS-FM_LA_D_4075904_fake_25647_udio_0,0.3246178517097418,0.903566837310791,0.41422823199440134,1
FS-FM_LA_D_4110914_fake_25802_suno_0,0.9977810353824462,0.9553191661834717,0.9967065283532717,1
FS-FM_LA_D_4169547_fake_52610_suno_0,0.9999203109492244,0.9459611773490906,0.9998126930815999,1
FS-FM_LA_D_4284566_giPa2vVEyVc,0.3893364565878477,0.7031826972961426,0.4305851977921107,1
FS-FM_LA_D_4293805_TbYahEEj_B4,0.9642720101853476,0.949068546295166,0.9625753217303449,1
FS-FM_LA_D_4293805_fake_25354_udio_0,0.3492051904156028,0.7707409858703613,0.40516727926044743,1
FS-FM_LA_D_4339387_fake_53745_suno_0,0.975290936457599,0.8807970285415649,0.9694611897006392,1
FS-FM_LA_D_4339387_leiPemYDg-8,0.9985655052594534,0.7018765211105347,0.9969992974218607,1
FS-FM_LA_D_4340347_IOzWDVGWRng,0.993240599394552,0.9332363605499268,0.9908445530402246,1
FS-FM_LA_D_4340347_fake_41652_suno_1,0.9472366003398176,0.9392035007476807,0.9462519302113667,1
FS-FM_LA_D_4344989_oZF73R89bk0,0.9957894490645636,0.5934208035469055,0.9918739903343016,1
FS-FM_LA_D_4403705_fake_50675_suno_1,0.9063903710718112,0.9109264612197876,0.9069915706154957,1
FS-FM_LA_D_4418265_RJViDdqUYyo,0.9043744077450304,0.9589086771011353,0.9140577681304156,1
FS-FM_LA_D_4530557_F5xnAYHuGlo,0.9836503118367572,0.9531356692314148,0.9812211876718888,1
FS-FM_LA_D_4564558_SUclDZHax0w,0.6674253612985785,0.859663724899292,0.6988094547491154,1
FS-FM_LA_D_4564558_colnyHv9CAA,0.6304291622511035,0.947225034236908,0.6984664255548585,1
FS-FM_LA_D_4564558_fake_26201_udio_0,0.9998471782517508,0.8487717509269714,0.9996174025179715,1
FS-FM_LA_D_4614043_4AfykLGm0j8,0.9987836418009256,0.9547826051712036,0.9980437917322921,1
FS-FM_LA_D_4631507_fake_10003_suno_0,0.9982111692263648,0.9002495408058167,0.9969459571917251,1
FS-FM_LA_D_4665317_YbLR6dgY-K4,0.9011749915506791,0.6612231731414795,0.8818368645482879,1
FS-FM_LA_D_4669726_682ODyTqKyw,0.4779937536641085,0.903566837310791,0.5533570005361914,1
FS-FM_LA_D_4698413_EieK70X8lnw,0.988576571501932,0.6709533333778381,0.9815369235095562,1
FS-FM_LA_D_4777058_mQM3Fd3eN9E,0.2416153714809961,0.9370266199111938,0.3443103886624168,1
FS-FM_LA_D_4846136_fake_12222_suno_0,0.7389694531198951,0.9406154751777649,0.7797935612681476,1
FS-FM_LA_D_4859889_HdRPdh-cSTw,0.4961064948910365,0.03003198467195034,0.38572934599420783,1
FS-FM_LA_D_4893034_I_kUf7vgVNM,0.9876661281595712,0.9232608675956726,0.9842738778448482,1
FS-FM_LA_D_4893596_CGYflJRiLt0,0.9559629332041284,0.9002495408058167,0.9509017853791112,1
FS-FM_LA_D_4936226_zPhuyMYy9EI,0.0302336780439056,0.75951087474823,0.053771226554787506,1
FS-FM_LA_D_4961527_4S4NDnNTptY,0.9893436933950756,0.9109264612197876,0.9858546669346433,1
FS-FM_LA_D_5097555_YMq4wE6KxmQ,0.7018885185671969,0.8455348014831543,0.7243189430509561,1
FS-FM_LA_D_5107370_fake_03447_suno_1,0.9802217914112504,0.9002495408058167,0.9754403078375549,1
FS-FM_LA_D_5134762_DQ_gcdLhAsY,0.9749301235011752,0.9433475732803345,0.9720891757421934,1
FS-FM_LA_D_5134762_fake_28559_suno_0,0.999883428933005,0.5249791741371155,0.9996266037094458,1
FS-FM_LA_D_5163761_MmqRlHntd0Q,0.6949827786556655,0.8212735652923584,0.7139632865830731,1
FS-FM_LA_D_5163761_fake_15459_suno_1,0.9981581953208116,0.9332363605499268,0.9970401997366115,1
FS-FM_LA_D_5174186_IFumVgqOVaM,0.5098227891961041,0.927573561668396,0.590416588448932,1
FS-FM_LA_D_5210678_CfRzy-RtqnQ,0.1672275472591069,0.46315285563468933,0.19530550667331725,1
FS-FM_LA_D_5256388_LwmwCpAVPWU,0.3537999279309912,0.8503692746162415,0.42599916477288036,1
FS-FM_LA_D_5256388_fake_28100_udio_0,0.3543739901468538,0.7490872144699097,0.40619990839218273,1
FS-FM_LA_D_5296528_fake_41591_suno_1,0.9992983667858676,0.944011926651001,0.9987516284496611,1
FS-FM_LA_D_5300406_3TQmts_MxyQ,0.302036817851117,0.9168273210525513,0.3973001827396474,1
FS-FM_LA_D_5350117_6o6DsSnbpxE,0.1714800374616404,0.9332363605499268,0.2635639331650242,1
FS-FM_LA_D_5354332_zRpPf62Zvto,0.8925434456521736,0.7261149883270264,0.8774531396188879,1
FS-FM_LA_D_5371276_fake_44902_suno_0,0.9999214187128356,0.9531356692314148,0.999818532888817,1
FS-FM_LA_D_5371276_fake_50840_suno_1,0.9997973372830689,0.9459611773490906,0.9995781337131694,1
FS-FM_LA_D_5383636_bkzGHRpx5MM,0.9353222316118724,0.8921122550964355,0.930784766884268,1
FS-FM_LA_D_5383636_fake_39047_udio_1,0.9621956310399388,0.8001928329467773,0.9524105460939365,1
FS-FM_LA_D_5421212_-EVRXQpt1-8,0.9981676716101304,0.5904014110565186,0.9960450385904241,1
FS-FM_LA_D_5421212_P996TZp25PM,0.9991112938802252,0.6061721444129944,0.9979083041291413,1
FS-FM_LA_D_5421212_ar4YQ_DOcyk,0.929625150996112,0.960834264755249,0.9347115321908498,1
FS-FM_LA_D_5432278_fake_19339_suno_0,0.9986331876351666,0.8166404366493225,0.9973509084748782,1
FS-FM_LA_D_5477639_WhNun_U3cRU,0.4086356453484471,0.8311430811882019,0.47143817989896747,1
FS-FM_LA_D_5477639_fake_42982_udio_0,0.7072288626081061,0.9324532747268677,0.7518601512642671,1
FS-FM_LA_D_5480150_Nms2A0wi0vU,0.775562014503019,0.9232608675956726,0.8025272183290818,1
FS-FM_LA_D_5554788_CVgLrsBPt4o,0.9576947206502042,0.4645128548145294,0.9367654765798326,1
FS-FM_LA_D_5554788_fake_40866_suno_0,0.9710456721901184,0.2427796572446823,0.948247059115742,1
FS-FM_LA_D_5599455_C3s-DmHtDUg,0.5781449885068509,0.5851011276245117,0.5790511041184587,1
FS-FM_LA_D_5599455_EremEyLrdUY,0.9996944995675384,0.9057232737541199,0.9993482879116955,1
FS-FM_LA_D_5637855_c4ftOyl3j_Y,0.6989357483429214,0.947225034236908,0.7517783653134678,1
FS-FM_LA_D_5711940_fake_03730_udio_1,0.9423562501659638,0.22378391027450562,0.9062922435730631,1
FS-FM_LA_D_5746299_ZKkfCOqLrT0,0.9585930406010488,0.9399133324623108,0.9565222743496039,1
FS-FM_LA_D_5751999_GcOOmVSM8Uw,0.9547203911109746,0.6297746300697327,0.9382725188048555,1
FS-FM_LA_D_5751999_b9yT3nGcD_I,0.2942315466378135,0.9139226078987122,0.3883969263235112,1
FS-FM_LA_D_5754462_fake_19929_suno_0,0.9996175153402214,0.9598826169967651,0.9992961860771986,1
FS-FM_LA_D_5754462_fake_40888_udio_0,0.995821215173542,0.7455466389656067,0.9926211855241508,1
FS-FM_LA_D_5754462_fake_48819_suno_0,0.9949957870703676,0.7122321724891663,0.9911832950513074,1
FS-FM_LA_D_5762860_6xxu6f0f0e4,0.5543166651399738,0.9340110421180725,0.6304786970902232,1
FS-FM_LA_D_5774345_O66lIRbF4Gw,0.4073861584771924,0.8991213440895081,0.4895802784091943,1
FS-FM_LA_D_5774345_R7gHB-YuUZM,0.9960800387921612,0.6899744868278503,0.9927669769695595,1
FS-FM_LA_D_5791089_0_XItMAYkwc,0.9990418994978132,0.8503692746162415,0.9981151613491991,1
FS-FM_LA_D_5886832_Du3Q6NdsSso,0.9996952119244412,0.8921122550964355,0.9993368112697291,1
FS-FM_LA_D_5902944_ZoAfkpmztww,0.5252925727835204,0.8933094143867493,0.5900914298185473,1
FS-FM_LA_D_5942690_q9Gh-zh-5Ig,0.8716690149274675,0.9099069833755493,0.8773281707083336,1
FS-FM_LA_D_6048851_fake_14948_udio_1,0.987901491913724,0.8754466772079468,0.9834336358552958,1
FS-FM_LA_D_6048851_fake_27248_suno_0,0.9987224289299788,0.09534945338964462,0.9959420820838879,1
FS-FM_LA_D_6048851_fake_27807_suno_0,0.9997410432850504,0.9139226078987122,0.9994428388592361,1
FS-FM_LA_D_6065963_LNFAeJ06KVs,0.4782010720965031,0.8884494304656982,0.548309221464804,1
FS-FM_LA_D_6106693_weJKl-6TiDQ,0.9992887971655888,0.9196425676345825,0.9986716614550548,1
FS-FM_LA_D_6151774_tr2iVjsu4xs,0.1756635136607812,0.7443591356277466,0.2303936321449801,1
FS-FM_LA_D_6205878_Ss1bubMNPQE,0.9980459690941408,0.8991213440895081,0.9966969888314351,1
FS-FM_LA_D_6205878_WqC-fx3uNVE,0.9338866456112512,0.9332363605499268,0.9338024425594211,1
FS-FM_LA_D_6205878_YbLR6dgY-K4,0.9999145334342568,0.5161076784133911,0.9997136272173455,1
FS-FM_LA_D_6215452_GxeDIuOzxmU,0.8191009215745483,0.8726950287818909,0.826952801632446,1
FS-FM_LA_D_6215452_fake_44985_udio_1,0.5263785616396822,0.8611649870872498,0.5815483302917124,1
FS-FM_LA_D_6226652_fake_22105_udio_0,0.999878244173797,0.853522539138794,0.9996875513661696,1
FS-FM_LA_D_6226652_fake_32193_udio_1,0.9957579522769442,0.9558496475219727,0.994226051942973,1
FS-FM_LA_D_6273111_fake_34324_suno_1,0.9993105640237376,0.9459611773490906,0.9987764918724,1
FS-FM_LA_D_6312072_AlVr7-ntuqw,0.972380973459566,0.7837237119674683,0.9632316386803454,1
FS-FM_LA_D_6312072_fake_12289_udio_1,0.7759432533357845,0.8684702515602112,0.790190100393726,1
FS-FM_LA_D_6332547_5ieMy-PAKA0,0.9850621345753824,0.7772998809814453,0.9782629588323222,1
FS-FM_LA_D_6332547_BfMKdrK9D8M,0.9625997636694033,0.6846015453338623,0.9491398201420419,1
FS-FM_LA_D_6356896_03frQGyrgQ4,0.2554407369134102,0.7640476226806641,0.31475589335537213,1
FS-FM_LA_D_6365603_BZyf8LPltYs,0.9459354862885884,0.9232608675956726,0.9433909451435747,1
FS-FM_LA_D_6370946_UiiYMspxfhU,0.8848193923775768,0.5698526501655579,0.8594089990733321,1
FS-FM_LA_D_6370946_w0QJT6ywza0,0.9171702499596482,0.8422412872314453,0.9096747469707859,1
FS-FM_LA_D_6388120_Ca3b8qNUbsk,0.415374640080782,0.9370266199111938,0.5134073661422783,1
FS-FM_LA_D_6458836_PcdpjUIa8l0,0.9924602653353122,0.8185047507286072,0.9883578471944527,1
FS-FM_LA_D_6458836_fake_32528_udio_0,0.9736965873102552,0.8061210513114929,0.9653491939345387,1
FS-FM_LA_D_6469647_fake_45036_suno_0,0.9998507125843524,0.8712997436523438,0.9996341347101484,1
FS-FM_LA_D_6469647_fake_45871_udio_0,0.4477395745476631,0.5521533489227295,0.46124931896931987,1
FS-FM_LA_D_6517704_ZMd8mAKe-k8,0.9741224720462276,0.9149009585380554,0.9696827184520859,1
FS-FM_LA_D_6555487_fake_15530_suno_1,0.8069763926287902,0.7685248255729675,0.802266280211849,1
FS-FM_LA_D_6590996_qLWWDHLJBBQ,0.9822587685895166,0.8175744414329529,0.9755685245513276,1
FS-FM_LA_D_6601716_7zP5kNyDn88,0.6334579950181048,0.7751285433769226,0.6540376771609171,1
FS-FM_LA_D_6601716_Hob0LAu8afQ,0.9055144966850476,0.8684702515602112,0.9012885498404701,1
FS-FM_LA_D_6601716_fake_54187_suno_0,0.9880472678859084,0.5144491195678711,0.9791302943693997,1
FS-FM_LA_D_6628655_WCifI6rwOoM,0.7455065529264704,0.8212735652923584,0.7564503871151496,1
FS-FM_LA_D_6642731_IyJ3a5uuCOs,0.9988503514766764,0.9223705530166626,0.9979931286056627,1
FS-FM_LA_D_6658901_-U16iKiXGuY,0.2834731487286838,0.9187139272689819,0.3795403818502916,1
FS-FM_LA_D_6685036_fake_34556_suno_1,0.9998920151766264,0.9241418242454529,0.9997442535714283,1
FS-FM_LA_D_6685036_z_aUtjxgCNk,0.7850999547926736,0.8933094143867493,0.802731587494648,1
FS-FM_LA_D_6699236_pS1X6Au1EAU,0.9969940020316814,0.950263500213623,0.9956494700940887,1
FS-FM_LA_D_6756915_fake_33690_udio_1,0.1892052841994504,0.9149009585380554,0.27742740332894716,1
FS-FM_LA_D_6756915_uqAY4lCUcRY,0.7269888122298516,0.8740772008895874,0.7509997637761374,1
FS-FM_LA_D_6770921_fake_37499_udio_0,0.9155860687855712,0.8503692746162415,0.9088612032804053,1
FS-FM_LA_D_6829505_7dmT4SgS_EM,0.5646610004946545,0.7674110531806946,0.5942287888731658,1
FS-FM_LA_D_6843509_COe_UKKVpVo,0.9999163092915072,0.9547826051712036,0.9998092431650891,1
FS-FM_LA_D_6843509_ggBivmG6yHQ,0.9996350405210174,0.9589086771011353,0.9993221201289603,1
FS-FM_LA_D_6887531_fake_19543_suno_0,0.983615201441258,0.9308615922927856,0.9801703152288587,1
FS-FM_LA_D_6914760_fake_49591_suno_0,0.9994547833618802,0.9406154751777649,0.9989893146495625,1
FS-FM_LA_D_6940254_7yK4-hsVX1o,0.9276263410937668,0.9370266199111938,0.9289178651606425,1
FS-FM_LA_D_6940254_fake_50753_suno_1,0.9995489932028792,0.9433475732803345,0.9991485662091688,1
FS-FM_LA_D_6968726_1yWGmdevTuM,0.8506055597678043,0.847160279750824,0.850161320674239,1
FS-FM_LA_D_7029319_fake_37373_suno_1,0.9052158868140164,0.885947585105896,0.902886573449236,1
FS-FM_LA_D_7030861_fake_33371_udio_0,0.1518705634628531,0.8422412872314453,0.2177794161841921,1
FS-FM_LA_D_7030861_mBRr_TqLDf4,0.7917546032658982,0.885947585105896,0.8066542058695134,1
FS-FM_LA_D_7031168_fake_48410_udio_0,0.1154575285711169,0.885947585105896,0.18168602780216395,1
FS-FM_LA_D_7090148_0x6chChxzV0,0.9736088775498224,0.8021839261054993,0.9651403775738262,1
FS-FM_LA_D_7090148_fake_47617_udio_1,0.6485322826239165,0.7961657047271729,0.6704192128315831,1
FS-FM_LA_D_7101123_OR_YbeqV5tA,0.7318677217068135,0.9355352520942688,0.7722982019186236,1
FS-FM_LA_D_7101123_fake_09089_udio_1,0.9972632680659712,0.950263500213623,0.9959901271142183,1
FS-FM_LA_D_7109829_fake_39536_suno_0,0.980460839960278,0.8611649870872498,0.9745143515936818,1
FS-FM_LA_D_7119255_dMAp3dvs3kE,0.9978392612947462,0.9332363605499268,0.9965995747635324,1
FS-FM_LA_D_7126534_fake_35507_udio_1,0.8085343911187503,0.75951087474823,0.8026195972042486,1
FS-FM_LA_D_7130454_fake_37964_udio_1,0.932150399990644,0.7651724815368652,0.9193195209333025,1
FS-FM_LA_D_7169217_BquHBzP5Ep0,0.4928053791304119,0.8284952640533447,0.5448072290540703,1
FS-FM_LA_D_7193344_fake_39543_udio_1,0.9948681769700906,0.8641270995140076,0.9920209104297397,1
FS-FM_LA_D_7211735_fake_53934_suno_1,0.6356979938721006,0.14647749066352844,0.563465603534671,1
FS-FM_LA_D_7253817_eZC1AP_JjXM,0.8719038346491266,0.9187139272689819,0.8790879101267001,1
FS-FM_LA_D_7256380_7_q36NyJtQY,0.9777276208476168,0.8388910293579102,0.9708223049646131,1
FS-FM_LA_D_7302504_fake_18756_suno_0,0.9400832628676932,0.8921122550964355,0.9352176455817577,1
FS-FM_LA_D_7331566_HkXSX7Kdhms,0.9995708330592732,0.9426758289337158,0.9991832127149123,1
FS-FM_LA_D_7365945_2ZYzviKuq9w,0.873514480442743,0.902472198009491,0.8776578645645939,1
FS-FM_LA_D_7379319_4ueN2gGsH5Y,0.9851314548238642,0.9340110421180725,0.9818873988814918,1
FS-FM_LA_D_7379319_fake_21388_suno_0,0.9995467450621148,0.8698915839195251,0.9990372794624999,1
FS-FM_LA_D_7379319_nBiHncFD0dM,0.9973077134546208,0.2664908766746521,0.9934004776104246,1
FS-FM_LA_D_7445001_0-7PyzhzuYQ,0.909608137710197,0.47054198384284973,0.8800994181695316,1
FS-FM_LA_D_7456275_BGD7J6MP2C8,0.9988314103627732,0.949669361114502,0.9980829730897218,1
FS-FM_LA_D_7456275_fake_14876_suno_0,0.9980483071616276,0.6619228720664978,0.9959847195325958,1
FS-FM_LA_D_7456275_jIoDR_eskaU,0.996192842323154,0.740774929523468,0.9931717856401833,1
FS-FM_LA_D_7501132_D7pjR9cQChM,0.9900510171746508,0.9158691167831421,0.9867787951071303,1
FS-FM_LA_D_7501132_fake_42183_udio_0,0.9517377243856362,0.1055050864815712,0.9102058677253092,1
FS-FM_LA_D_7504069_fake_17614_udio_0,0.3071746523301788,0.9258759021759033,0.4062777616240205,1
FS-FM_LA_D_7526656_KabP9iNokps,0.9884123423241532,0.902472198009491,0.9845930355510306,1
FS-FM_LA_D_7540473_AkbCw7oVkw0,0.9948669008550228,0.8267117738723755,0.9917177792102244,1
FS-FM_LA_D_7551227_COe_UKKVpVo,0.3688503403173448,0.9413098692893982,0.473382147068783,1
FS-FM_LA_D_7579323_fvTh5m9RHZw,0.998735455731938,0.885947585105896,0.9976963334250007,1
FS-FM_LA_D_7607538_rez5KDmIZoc,0.9561763408086384,0.6737070679664612,0.9413793180834698,1
FS-FM_LA_D_7609585_fake_24734_udio_1,0.1112435892870786,0.8099984526634216,0.16528104400856797,1
FS-FM_LA_D_7619301_I4Rhe1XViYg,0.6625984738018932,0.9241418242454529,0.7134417754360364,1
FS-FM_LA_D_7619301_fake_51250_udio_0,0.9220252736908672,0.7322856187820435,0.9071966037087232,1
FS-FM_LA_D_7647228_VpIhbDN58mA,0.4422445285559586,0.9158691167831421,0.5270946282846898,1
FS-FM_LA_D_7668402_fake_19049_suno_0,0.9991644260340874,0.9453186988830566,0.9985515381302393,1
FS-FM_LA_D_7672778_fake_38499_udio_1,0.9973948875608586,0.7971780896186829,0.9952856145762883,1
FS-FM_LA_D_7702883_fake_32872_udio_0,0.7463935698576608,0.8302640914916992,0.7586904742580404,1
FS-FM_LA_D_7702883_sRxUm-ziCBo,0.6185580387632037,0.8655880689620972,0.6598691381263351,1
FS-FM_LA_D_7712887_MyH8zQw9csc,0.4698492555928528,0.8166404366493225,0.5222691159421881,1
FS-FM_LA_D_7773434_7ZW8xO37bA4,0.9495528510433162,0.47950366139411926,0.92709118942853,1
FS-FM_LA_D_7784595_zCrpaLEq1VQ,0.9978014504651276,0.9574053883552551,0.9967539756902308,1
FS-FM_LA_D_7796964_fake_14121_udio_0,0.1109705332638438,0.7685248255729675,0.16052148168247762,1
FS-FM_LA_D_7858202_7LlKoQAvXUc,0.6295790569390751,0.944011926651001,0.6960816576374413,1
FS-FM_LA_D_7940727_J9PJI1UwIQ4,0.9822240622291802,0.9241418242454529,0.9784462733005659,1
FS-FM_LA_D_7940727_lZavPVn7O4Q,0.6468482183536136,0.8611649870872498,0.6821751345239229,1
FS-FM_LA_D_7971494_fake_05072_suno_1,0.9996190631681764,0.903566837310791,0.9992078335122161,1
FS-FM_LA_D_7974697_7IllUjk5fk0,0.3151537948568132,0.8933094143867493,0.401555948649571,1
FS-FM_LA_D_7974697_fake_23145_suno_1,0.9998799916194,0.9514318108558655,0.9997364387308573,1
FS-FM_LA_D_7975085_fake_47421_suno_0,0.7414041968702297,0.894494891166687,0.7674964441410105,1
FS-FM_LA_D_7990767_VuWr1HXHoZg,0.9398735539296568,0.9332363605499268,0.939046981438149,1
FS-FM_LA_D_7990767_fake_15431_udio_1,0.9996566596502724,0.9433475732803345,0.9993283706558647,1
FS-FM_LA_D_8029129_fake_52665_udio_1,0.2653706012048898,0.8405733108520508,0.3385544422980682,1
FS-FM_LA_D_8045695_fake_42179_udio_0,0.3058309068791896,0.4890642464160919,0.32765466354656897,1
FS-FM_LA_D_8217946_fake_50822_suno_1,0.9998919477230972,0.9002495408058167,0.9997339406430753,1
FS-FM_LA_D_8217946_wxKtBDKasgM,0.99360577236768,0.6750794649124146,0.9888492430867865,1
FS-FM_LA_D_8221856_s72505MIhz8,0.8751338056254908,0.6334102749824524,0.8538472995244911,1
FS-FM_LA_D_8240682_xl4FJzeU0YA,0.4174142190654507,0.9399133324623108,0.516854671806764,1
FS-FM_LA_D_8326614_ATDi-irUEWc,0.6852711192773321,0.29421496391296387,0.6371925398547067,1
FS-FM_LA_D_8326614_fake_22440_udio_1,0.466165627156244,0.9392035007476807,0.559208684369755,1
FS-FM_LA_D_8328324_ZgooDijn2as,0.9948905900282516,0.5986876487731934,0.9904180640224105,1
FS-FM_LA_D_8336903_E3F9bzeCgTQ,0.9998869196928192,0.793105959892273,0.9996906221633456,1
FS-FM_LA_D_8387799_PduP4CpaDtY,0.9998766834663628,0.7794561982154846,0.9996628601413156,1
FS-FM_LA_D_8416303_E2v025Ilsqo,0.9578069329781864,0.8921122550964355,0.9521706432211853,1
FS-FM_LA_D_8419000_3rvqiSZB4pA,0.9756181249097802,0.5290687084197998,0.9617556267721199,1
FS-FM_LA_D_8468186_fake_20495_suno_0,0.9987744333215326,0.9205614328384399,0.9978715260419067,1
FS-FM_LA_D_8468186_kR2yBlL6nFU,0.7914285194122106,0.8455348014831543,0.7991829034560327,1
FS-FM_LA_D_8559738_fake_20660_udio_0,0.0414750887917048,0.7083739638328552,0.06807208453530424,1
FS-FM_LA_D_8599073_Ade0UZnb6dw,0.9918252120762456,0.9406154751777649,0.9893744694040286,1
FS-FM_LA_D_8599385_4i11P4OCRfk,0.1675699860430043,0.4016878008842468,0.19056213718438167,1
FS-FM_LA_D_8599385_HWZdPxRzCWs,0.5954116148047107,0.8128673434257507,0.6288042630415623,1
FS-FM_LA_D_8599385_fxznho_kNPY,0.9918050414994346,0.4955812096595764,0.9847863043364762,1
FS-FM_LA_D_8652934_-qcTD2o6I9s,0.9122178258954818,0.902472198009491,0.9110025322542048,1
FS-FM_LA_D_8652934_0ZNFJz-eZTU,0.8599481628463882,0.9088770747184753,0.8673729295785074,1
FS-FM_LA_D_8668147_BjqhHeJD28U,0.999194057313754,0.903566837310791,0.9984801410575781,1
FS-FM_LA_D_8680505_ozjs2d_xlSI,0.9759087218116924,0.7443591356277466,0.9664067350215745,1
FS-FM_LA_D_8682135_JPZlyvPNZj4,0.6674756694312247,0.6527729034423828,0.6655819145915458,1
FS-FM_LA_D_8693204_SLdVSirZMSI,0.999524821078714,0.9324532747268677,0.9990870527440148,1
FS-FM_LA_D_8693204_fake_01485_udio_0,0.9959997359377604,0.9514318108558655,0.9944416286501535,1
FS-FM_LA_D_8710691_JU4CZ-GApu4,0.9913923271558966,0.883397102355957,0.9877833922043693,1
FS-FM_LA_D_8710691_fake_45722_suno_0,0.9999063917584458,0.8581488728523254,0.9997526304144023,1
FS-FM_LA_D_8711337_dztizAgcQ08,0.8097677417989215,0.906785249710083,0.8257709272682413,1
FS-FM_LA_D_8711337_fake_18692_udio_0,0.9941637812920416,0.8670357465744019,0.9911078314764943,1
FS-FM_LA_D_8711337_id5ibIqjRto,0.8592685282362552,0.9046505093574524,0.8660560498503781,1
FS-FM_LA_D_8712202_fake_32290_udio_0,0.9479137168154828,0.7537567615509033,0.935210149093974,1
FS-FM_LA_D_8736662_NXuB3ZEpM5U,0.9993497783059876,0.903566837310791,0.9987389398480176,1
FS-FM_LA_D_8749920_fake_28781_suno_0,0.999628231773655,0.2568320035934448,0.9988094519356222,1
FS-FM_LA_D_8753292_Kojo5khAAS0,0.8547454883365917,0.947225034236908,0.8718359445427123,1
FS-FM_LA_D_8753292_fake_22348_suno_1,0.9998558465247116,0.902472198009491,0.9996592274533543,1
FS-FM_LA_D_8759658_xKc_9B3RiOc,0.9997128348078864,0.8655880689620972,0.9993495004016532,1
FS-FM_LA_D_8850397_8akqVDDGsNQ,0.7769519041496545,0.9465966820716858,0.8114565290907381,1
FS-FM_LA_D_8878321_fake_13991_suno_1,0.9997377752824744,0.883397102355957,0.9994114797403293,1
FS-FM_LA_D_8905956_pWZqzEpygE0,0.8207640062286813,0.853522539138794,0.8253261522017706,1
FS-FM_LA_D_8923139_iFWtsT5zRKo,0.999143796653133,0.847160279750824,0.9982851136482296,1
FS-FM_LA_D_8947789_fake_12498_udio_0,0.9276322732047678,0.6143477559089661,0.907189575722145,1
FS-FM_LA_D_8991757_cMhajmOBr0c,0.7845794387734526,0.54635089635849,0.7592725180870322,1
FS-FM_LA_D_9021893_fake_24049_suno_0,0.9898752062513292,0.824913740158081,0.9850555012879262,1
FS-FM_LA_D_9022440_vvfs2TUj-D4,0.9868677627563972,0.853522539138794,0.9817838115275497,1
FS-FM_LA_D_9075341_ZEuY5HnECuo,0.8534562595359175,0.7335090637207031,0.8408463904655908,1
FS-FM_LA_D_9125336_HAEoz3VbaP8,0.9957793762594456,0.9316617846488953,0.9938973287823432,1
FS-FM_LA_D_9125336_fake_41056_udio_1,0.978004999488746,0.7879312038421631,0.969880897176676,1
FS-FM_LA_D_9156289_AT_076RUWPs,0.6524665040823057,0.17508625984191895,0.5857714705395484,1
FS-FM_LA_D_9166719_ctJI7pCbxAo,0.9806377584536884,0.957912266254425,0.9785614751737179,1
FS-FM_LA_D_9167498_fake_10569_udio_1,0.9755641456244012,0.8712997436523438,0.9694179925051699,1
FS-FM_LA_D_9190511_ZahBai58_Ec,0.9018373113328648,0.8726950287818909,0.8984156188188959,1
FS-FM_LA_D_9216213_T5YZwhC7Br8,0.9244221987990072,0.8212735652923584,0.9150359757984666,1
FS-FM_LA_D_9218810_Qt8Ze-k2h2o,0.9298721849820196,0.9158691167831421,0.9281816878207824,1
FS-FM_LA_D_9218810_xVab_CbwecE,0.4401267737824797,0.9413098692893982,0.5377745644689316,1
FS-FM_LA_D_9269691_kVuG_F3qCuY,0.380612096821473,0.949669361114502,0.4895584216024739,1
FS-FM_LA_D_9301839_-r2-9oyIzkQ,0.9801523794619512,0.853522539138794,0.9739615582795965,1
FS-FM_LA_D_9301839_kUQ1xfK82Q0,0.8680624309988086,0.5175709128379822,0.838642742467601,1
FS-FM_LA_D_9328186_DOb8htND5_o,0.9999157215496668,0.04799379035830498,0.9995793783344155,1
FS-FM_LA_D_9328186_fake_25085_udio_0,0.9866062797008076,0.885947585105896,0.9821379247267753,1
FS-FM_LA_D_9339036_fake_10991_suno_0,0.9501709336941764,0.9525741338729858,0.9504897565890837,1
FS-FM_LA_D_9417739_GHyUAl9Yaos,0.5251331397386451,0.902472198009491,0.5930979705370666,1
FS-FM_LA_D_9417739_fake_22882_udio_1,0.809030464197098,0.824913740158081,0.8111559394815108,1
FS-FM_LA_D_9417739_jhQpTVVUQ9E,0.7782062769633148,0.8119147419929504,0.782821847461607,1
FS-FM_LA_D_9455279_joLyjgORwDo,0.8701227474675721,0.902472198009491,0.8747940783652193,1
FS-FM_LA_D_9477430_fake_35199_suno_0,0.9968137123303964,0.9232608675956726,0.9951414287261507,1
FS-FM_LA_D_9497637_atWaDoSyGgY,0.9863859791990516,0.66888028383255,0.9784916415282926,1
FS-FM_LA_D_9573599_BjqhHeJD28U,0.8253160780614782,0.824913740158081,0.8252638153801969,1
FS-FM_LA_D_9573599_eyY6f4iQDH4,0.755501743678752,0.8503692746162415,0.7698361650994208,1
FS-FM_LA_D_9630382__MjbdUaJcik,0.2728606640575412,0.8231010437011719,0.34234501352755703,1
FS-FM_LA_D_9630382_fake_34969_suno_0,0.9995811290205874,0.8581488728523254,0.9990893581862832,1
FS-FM_LA_D_9661221_dSs4xfvATjc,0.9917406397289168,0.9139226078987122,0.9887133571951013,1
FS-FM_LA_D_9674319_fake_43143_suno_1,0.9999208668149716,0.9547826051712036,0.9998183124600662,1
FS-FM_LA_D_9674319_fake_53987_udio_0,0.8428674476373893,0.7044855356216431,0.8283948735767431,1
FS-FM_LA_D_9700502_TEWYFkjH2jc,0.8731419884421796,0.938485860824585,0.8841679743585923,1
FS-FM_LA_D_9714255_xyXQ7Z1vX7E,0.7573645118630276,0.7718434929847717,0.7592815961504771,1
FS-FM_LA_D_9733347_fake_46124_udio_1,0.9113159148610124,0.7858350276947021,0.8998837888275705,1
FS-FM_LA_D_9798493_VrqBeY3kfKI,0.9989438511273376,0.1055050864815712,0.9966096479043185,1
FS-FM_LA_D_9798493_kX5bTiq5eBo,0.9832244088370742,0.9258759021759033,0.9795666874119336,1
FS-FM_LA_D_9840993_fake_47101_udio_0,0.7772909089724138,0.8388910293579102,0.7861638204426387,1
FS-FM_LA_D_9840993_w9CxACZ5Oi0,0.9999127198075954,0.902472198009491,0.9997797508359338,1
FS-FM_LA_D_9863362_DkZ1Or_D-g8,0.1578143125671068,0.7751285433769226,0.2148371516193306,1
FS-FM_LA_D_9863362_ROM--1yVra8,0.1133310841983492,0.9553191661834717,0.19915205109561906,1
FS-FM_LA_D_9863362_SxYnb9_qDtk,0.8965589589995677,0.9205614328384399,0.9000085096755366,1
FS-FM_LA_D_9916763_99ZgIQwLC60,0.2142679116562366,0.9149009585380554,0.30539905886757024,1
FS-FM_LA_D_9916763_sJzb2AhqkSg,0.9880255565769858,0.9232608675956726,0.9846720019579982,1
FS-FM_LA_D_9924204_HLXGkzzQHUU,0.9723016527342536,0.8090347051620483,0.9638550170262323,1
FS-FM_LA_D_9934410_I3qbB4Kq3Y0,0.3872628370980289,0.8503692746162415,0.45678082586733304,1
FS-FM_LA_D_9964852_ntfyeC178Tg,0.7171852035194872,0.8581488728523254,0.7395385121998085,1
FS-RM_LA_D_1036594_013776,0.0062726935003111,0.14337949454784393,0.009573388201438868,0
FS-RM_LA_D_1036594_045057,0.0189970542600128,0.7455466389656067,0.03585413761395514,0
FS-RM_LA_D_1079849_123380,0.0256206078040813,0.10788782685995102,0.031067393805668052,0
FS-RM_LA_D_1083852_073559,0.0059423300549656,0.9046505093574524,0.015343004232833914,0
FS-RM_LA_D_1085765_129742,0.0058177256547133,0.40056174993515015,0.010717670176410999,0
FS-RM_LA_D_1089317_052000,0.0795412299008058,0.5496405959129333,0.1086717680769281,0
FS-RM_LA_D_1089317_057543,0.0187551465640924,0.3086901903152466,0.027984789620192494,0
FS-RM_LA_D_1110507_087185,0.0159487123944113,0.8921122550964355,0.03516941068797426,0
FS-RM_LA_D_1154657_094337,0.0300919343666435,0.5911568999290466,0.04863641028786043,0
FS-RM_LA_D_1154657_117236,0.0079832858479239,0.7991916537284851,0.017707224116782827,0
FS-RM_LA_D_1154657_127547,0.0026932109908696,0.09643316268920898,0.004336520150235579,0
FS-RM_LA_D_1161040_079975,0.0070229276758703,0.14337949454784393,0.010558558245276071,0
FS-RM_LA_D_1161040_140951,0.0293618535901743,0.7359454035758972,0.05164997563517506,0
FS-RM_LA_D_1179946_148301,0.0760281132046461,0.8212735652923584,0.12189102742513684,0
FS-RM_LA_D_1190139_068430,0.0099632804619548,0.9158691167831421,0.024349050121592976,0
FS-RM_LA_D_1207441_048559,0.1267936177426082,0.09112296998500824,0.12155763864691878,0
FS-RM_LA_D_1207441_117278,0.3648180209428652,0.622459352016449,0.39713280250001604,0
FS-RM_LA_D_1207924_071507,0.0142075172932502,0.1273050308227539,0.01910028519275776,0
FS-RM_LA_D_1210991_098922,0.0628485347087984,0.1418510526418686,0.0701203536250738,0
FS-RM_LA_D_1210991_151533,0.0067103539141246,0.9558496475219727,0.018928762709069794,0
FS-RM_LA_D_1236459_126992,0.0154864493894997,0.7185943722724915,0.029583069776717746,0
FS-RM_LA_D_1240372_031456,0.0008399306800343,0.1127954050898552,0.0016116235103564999,0
FS-RM_LA_D_1246000_013327,0.0259992570273883,0.7971780896186829,0.04859718676121591,0
FS-RM_LA_D_1251280_007393,0.0799505214244655,0.8655880689620972,0.13201006326782339,0
FS-RM_LA_D_1263173_070445,0.0093639203185041,0.6757646203041077,0.018706113021732088,0
FS-RM_LA_D_1263173_098236,0.0313508607256778,0.7335090637207031,0.054523879042565525,0
FS-RM_LA_D_1264447_130170,0.0066486792480132,0.15283973515033722,0.010166642645039133,0
FS-RM_LA_D_1285621_069647,0.0550159321911366,0.761786699295044,0.08925550003600746,0
FS-RM_LA_D_1317526_129499,0.0136605790666076,0.03557119145989418,0.015486894420494652,0
FS-RM_LA_D_1345967_147951,0.0354014643196412,0.7031826972961426,0.05934608299548266,0
FS-RM_LA_D_1408615_022095,0.8607028558072177,0.7981867790222168,0.8536027066723796,0
FS-RM_LA_D_1434551_092875,0.0036255786455699,0.23595239222049713,0.006440005720866947,0
FS-RM_LA_D_1496491_016402,0.246562452114266,0.06446477025747299,0.21089037576191674,0
FS-RM_LA_D_1522497_012609,0.0974336842472885,0.32835710048675537,0.1161184451443893,0
FS-RM_LA_D_1557737_071218,0.0150547970647246,0.7572203278541565,0.02961250530052187,0
FS-RM_LA_D_1557737_073179,0.0269048601568385,0.37901055812835693,0.03969980450901829,0
FS-RM_LA_D_1563527_125705,0.0412727439819087,0.8726950287818909,0.07682762738624309,0
FS-RM_LA_D_1572003_126894,0.0276092111130563,0.5173758268356323,0.0435399478332969,0
FS-RM_LA_D_1675550_143079,0.0223666952544744,0.12052158266305923,0.02806260097151586,0
FS-RM_LA_D_1699200_036997,0.0669554337608368,0.9168273210525513,0.12132412960163788,0
FS-RM_LA_D_1700029_067793,0.0108633526903268,0.10909681022167206,0.014803891331343818,0
FS-RM_LA_D_1700029_104355,0.2140239324451639,0.8781471848487854,0.29421923891237123,0
FS-RM_LA_D_1703470_040778,0.0367863140883174,0.5409238338470459,0.056287351259307714,0
FS-RM_LA_D_1703470_120332,0.0029410828018978,0.949068546295166,0.009117522389075152,0
FS-RM_LA_D_1751782_122260,0.0571771139879329,0.9149009585380554,0.1062510232299159,0
FS-RM_LA_D_1757134_091796,0.0040809974701697,0.06754669547080994,0.005917404922689929,0
FS-RM_LA_D_1757134_145183,0.8480203399773073,0.9370266199111938,0.863735335706626,0
FS-RM_LA_D_1764443_092498,0.0049163420487029,0.8991213440895081,0.012925377361685388,0
FS-RM_LA_D_1781206_090623,0.016449553269766,0.8258146047592163,0.03367498613509327,0
FS-RM_LA_D_1793186_095908,0.0279294453661906,0.47843137383461,0.04312778410553942,0
FS-RM_LA_D_1793186_126031,0.011928931154961,0.10788782685995102,0.016028468735430408,0
FS-RM_LA_D_1807177_021231,0.010204606258827,0.7537567615509033,0.02115460958322316,0
FS-RM_LA_D_1847073_003459,0.0131760425051177,0.22705774009227753,0.019565087065204118,0
FS-RM_LA_D_1876813_071133,0.1335243814014658,0.2427796572446823,0.1449333552484521,0
FS-RM_LA_D_1876813_141970,0.0226769143827201,0.23821333050727844,0.03151272906639003,0
FS-RM_LA_D_1884725_013474,0.0053952626605308,0.07498650997877121,0.007650821581889949,0
FS-RM_LA_D_1948580_001734,0.0426222735639702,0.8821032643318176,0.07975655583168761,0
FS-RM_LA_D_1966690_011917,0.0170093370642355,0.11155053228139877,0.02189843449187544,0
FS-RM_LA_D_1966794_064365,0.0090509132606607,0.8712997436523438,0.021109040990330716,0
FS-RM_LA_D_1986382_073169,0.0118791220641063,0.22378391027450562,0.017845851630847957,0
FS-RM_LA_D_2075139_048008,0.0008061418404764,0.21416498720645905,0.0017168827370023444,0
FS-RM_LA_D_2075139_124231,0.0223658064974848,0.8487717509269714,0.04469094619446708,0
FS-RM_LA_D_2078823_015965,0.0152171673573263,0.8740772008895874,0.03305328733387058,0
FS-RM_LA_D_2134521_031247,0.0087817267930159,0.49052849411964417,0.016035679087033686,0
FS-RM_LA_D_2145419_008259,0.1338655043733575,0.5579416155815125,0.16879346984701474,0
FS-RM_LA_D_2145419_026015,0.0753437108227215,0.22054381668567657,0.08742175759263512,0
FS-RM_LA_D_2146476_068588,0.0061089462875677,0.7490872144699097,0.013549783820371628,0
FS-RM_LA_D_2146476_078998,0.0038973236897134,0.1938789188861847,0.006638903410855155,0
FS-RM_LA_D_2165611_060277,0.0699730726173223,0.8099984526634216,0.11281746049954805,0
FS-RM_LA_D_2237572_122705,0.0072628144464758,0.1273050308227539,0.01067997108825085,0
FS-RM_LA_D_2237572_154965,0.0211429758552176,0.25802674889564514,0.03006608287721903,0
FS-RM_LA_D_2273204_032811,0.016312089585891,0.37901055812835693,0.02581444992064103,0
FS-RM_LA_D_2273204_057406,0.1477709563555531,0.8712997436523438,0.21826909186604257,0
FS-RM_LA_D_2325585_024429,0.0143008926333575,0.6913098692893982,0.027174574666889082,0
FS-RM_LA_D_2325585_036403,0.010513088205783,0.12185285985469818,0.014621654969086382,0
FS-RM_LA_D_2346599_133021,0.0100295194316052,0.6283161640167236,0.019323627607144577,0
FS-RM_LA_D_2361529_017644,0.0781593679849616,0.3338940143585205,0.09651048997367072,0
FS-RM_LA_D_2370652_005533,0.064857967121692,0.5885108113288879,0.09320811266322625,0
FS-RM_LA_D_2370652_134448,0.1099460451623693,0.8807970285415649,0.1737292581452147,0
FS-RM_LA_D_2412410_021276,0.0373781431364099,0.8684702515602112,0.07037881957855295,0
FS-RM_LA_D_2455516_044794,0.0027381932273944,0.1577586680650711,0.004731538499972077,0
FS-RM_LA_D_2455516_109492,0.0374761019345515,0.8768032193183899,0.0711756234980271,0
FS-RM_LA_D_2501091_099649,0.0123891464995582,0.9250134825706482,0.0298101709495953,0
FS-RM_LA_D_2549498_059173,0.0768344903793149,0.8311430811882019,0.12392586044219481,0
FS-RM_LA_D_2577860_025140,0.0566948571039952,0.8698915839195251,0.09982375177016986,0
FS-RM_LA_D_2577860_077571,0.007255237269554,0.3338940143585205,0.012504371378552018,0
FS-RM_LA_D_2597834_028571,0.017609311911688,0.7751285433769226,0.03429419043776833,0
FS-RM_LA_D_2597834_037919,0.0035794786346656,0.19980716705322266,0.006196447356036682,0
FS-RM_LA_D_2598079_066863,0.089104871540275,0.9129343032836914,0.15226910618419018,0
FS-RM_LA_D_2637205_024926,0.0054525843033118,0.37901055812835693,0.010015257564617172,0
FS-RM_LA_D_2637205_140369,0.0041849386058397,0.6548947095870972,0.00921724370523748,0
FS-RM_LA_D_2691876_067016,0.0273746251394199,0.9057232737541199,0.056673387243464185,0
FS-RM_LA_D_2705731_085867,0.0195144308368016,0.07585817575454712,0.02336902317504415,0
FS-RM_LA_D_2844231_036380,0.0198985892899385,0.077629454433918,0.02384268523226299,0
FS-RM_LA_D_2881179_042532,0.2403203160420952,0.7135114669799805,0.2926229221813334,0
FS-RM_LA_D_2966463_152568,0.0190473874097803,0.8258146047592163,0.03816682095659353,0
FS-RM_LA_D_2998314_097540,0.018785972629394,0.8884494304656982,0.04024501926207943,0
FS-RM_LA_D_3028894_043156,0.0762494643543608,0.13296423852443695,0.08211845657491913,0
FS-RM_LA_D_3051998_068541,0.0455547990020916,0.24740508198738098,0.05779332215953766,0
FS-RM_LA_D_3051998_110265,0.0185651001367594,0.5064449310302734,0.03081137039164642,0
FS-RM_LA_D_3114677_015989,0.001054942831654,0.13441191613674164,0.0020164052466084474,0
FS-RM_LA_D_3143433_047469,0.0315604657320388,0.8581488728523254,0.060387276876273446,0
FS-RM_LA_D_3143433_098577,0.0045378426163782,0.2544533610343933,0.007925543850112458,0
FS-RM_LA_D_3165119_044971,0.0091376935448852,0.7889736890792847,0.01973308418867982,0
FS-RM_LA_D_3173350_029184,0.0215598746675261,0.3687693178653717,0.03263993194923444,0
FS-RM_LA_D_3217409_155108,0.153177008478611,0.938485860824585,0.2435414205471929,0
FS-RM_LA_D_3355151_107621,0.0669250444619897,0.3673156797885895,0.08603318423374413,0
FS-RM_LA_D_3360722_050851,0.02411104837374,0.13441191613674164,0.03042139479478375,0
FS-RM_LA_D_3401079_106953,0.0996948070271026,0.885947585105896,0.1613740746601602,0
FS-RM_LA_D_3431149_029659,0.0285772175712484,0.9099069833755493,0.059126624169379284,0
FS-RM_LA_D_3431149_116318,0.0013950640386112,0.15122824907302856,0.0026169523924183644,0
FS-RM_LA_D_3512887_101131,0.0104808527038171,0.060086652636528015,0.013203627717619362,0
FS-RM_LA_D_3512887_148518,0.0654098108823386,0.1315297782421112,0.07181856539365171,0
FS-RM_LA_D_3523121_124918,0.0071794450726048,0.18056859076023102,0.01114959128543023,0
FS-RM_LA_D_3591007_004159,0.0034620882611151,0.7031826972961426,0.008048597520088243,0
FS-RM_LA_D_3591007_137731,0.0044501361922621,0.05403875932097435,0.006186754632817811,0
FS-RM_LA_D_3598081_019489,0.8530155491249661,0.807096004486084,0.8476018938107887,0
FS-RM_LA_D_3613058_059455,0.0750042524667441,0.7920784950256348,0.11797188660301901,0
FS-RM_LA_D_3687000_041375,0.0107025882464434,0.07498650997877121,0.013861409878085606,0
FS-RM_LA_D_3691736_143078,0.0048551979368431,0.08413086086511612,0.00709500196216322,0
FS-RM_LA_D_3702939_061595,0.0933866556113994,0.950263500213623,0.16882442617397936,0
FS-RM_LA_D_3736267_138204,0.0304611072094918,0.9168273210525513,0.06306063894531323,0
FS-RM_LA_D_3836323_131912,0.4360288741930478,0.7479106783866882,0.47939385774571547,0
FS-RM_LA_D_3836323_142558,0.0043340561314473,0.9478464722633362,0.012703287170972823,0
FS-RM_LA_D_3848373_091748,0.0757614968012308,0.15122824907302856,0.08313834530578892,0
FS-RM_LA_D_3852849_095733,0.0235495767339396,0.9099069833755493,0.05021293899522775,0
FS-RM_LA_D_3862793_068599,0.0297560617465797,0.07673913985490799,0.033734983941507445,0
FS-RM_LA_D_3894116_004764,0.0028711246795912,0.8670357465744019,0.0077992080112847416,0
FS-RM_LA_D_3921229_059275,0.0343327872391263,0.17328819632530212,0.04285756305918293,0
FS-RM_LA_D_3941210_153953,0.0058960318634286,0.09752782434225082,0.008575536828823825,0
FS-RM_LA_D_3951121_106873,0.0400088511345208,0.6253923773765564,0.06308666885213703,0
FS-RM_LA_D_4008967_049098,0.004364544073717,0.5713839530944824,0.009133691358767593,0
FS-RM_LA_D_4095002_108942,0.0212920691535195,0.8581488728523254,0.04326129972772661,0
FS-RM_LA_D_4099596_075973,0.2012623428390693,0.9158691167831421,0.29134652062197913,0
FS-RM_LA_D_4130527_150590,0.0579881048849789,0.8371944427490234,0.09863415375642515,0
FS-RM_LA_D_4141520_027175,0.0345275793154792,0.36586442589759827,0.048830022885886414,0
FS-RM_LA_D_4163700_037510,0.0256513676347655,0.9139226078987122,0.05430956027778363,0
FS-RM_LA_D_4163700_046731,0.0172235279724596,0.15122824907302856,0.023143593706415326,0
FS-RM_LA_D_4174255_003517,0.0036809482991705,0.8194314241409302,0.009228791848370808,0
FS-RM_LA_D_4180941_024520,0.0051446586546665,0.10788782685995102,0.007730199961150602,0
FS-RM_LA_D_4209152_129855,0.0094867585723496,0.053403329104185104,0.011917081451529114,0
FS-RM_LA_D_4209152_144933,0.0086906872803931,0.08035746961832047,0.011682997889930099,0
FS-RM_LA_D_4216210_091866,0.0139865068813159,0.1768990010023117,0.019797045109139672,0
FS-RM_LA_D_4228094_073316,0.0049074462064825,0.903566837310791,0.01298825557473333,0
FS-RM_LA_D_4262940_036333,0.1626769185665319,0.9002495408058167,0.242422070098575,0
FS-RM_LA_D_4309087_121205,0.0256655426828601,0.19000154733657837,0.0338184051512573,0
FS-RM_LA_D_4344547_080402,0.8421335735392933,0.8909031748771667,0.849354178734422,0
FS-RM_LA_D_4355155_087221,0.0016345092516288,0.1273050308227539,0.0029262416934006785,0
FS-RM_LA_D_4525286_077567,0.2319556535895519,0.9406154751777649,0.33569753458939106,0
FS-RM_LA_D_4532309_046005,0.0307816997168742,0.1418510526418686,0.037865075538234996,0
FS-RM_LA_D_4544332_062329,0.0286630927030154,0.9370266199111938,0.062148501818974355,0
FS-RM_LA_D_4574130_000209,0.0016414256126733,0.1020180732011795,0.002843346436298408,0
FS-RM_LA_D_4628640_012046,0.03521383386208,0.8031737804412842,0.06313320711603142,0
FS-RM_LA_D_4636504_009663,0.0827657822165082,0.15283973515033722,0.08986553281700926,0
FS-RM_LA_D_4638423_044798,0.0068642416545954,0.28014346957206726,0.011537605253627466,0
FS-RM_LA_D_4710815_062436,0.0470700349352418,0.6619228720664978,0.0738135366298001,0
FS-RM_LA_D_4756307_105102,0.0028409138545696,0.1315297782421112,0.004752798468385847,0
FS-RM_LA_D_4770781_040648,0.4357317155023606,0.9332363605499268,0.5294601601713615,0
FS-RM_LA_D_4778221_039948,0.0647354733228603,0.9284088015556335,0.12023279954316127,0
FS-RM_LA_D_4787055_066635,0.0056034302450059,0.8455348014831543,0.013592939010714716,0
FS-RM_LA_D_4864229_036308,0.1937395001452696,0.9465966820716858,0.29592551429080016,0
FS-RM_LA_D_4873396_034983,0.0088631870430648,0.8001928329467773,0.019390935344887537,0
FS-RM_LA_D_4876159_151262,0.0403089178306216,0.7310585379600525,0.06736214840508878,0
FS-RM_LA_D_4952807_134034,0.0146671513727497,0.894494891166687,0.0328457337195477,0
FS-RM_LA_D_4952807_145808,0.0331170390804609,0.27637791633605957,0.04476500421234236,0
FS-RM_LA_D_4954705_029261,0.0094628604883074,0.5683199763298035,0.01780152616887237,0
FS-RM_LA_D_4990524_060726,0.2500140871021714,0.8320183753967285,0.3213167041769208,0
FS-RM_LA_D_5024706_067565,0.0786993289417862,0.75951087474823,0.12016885709376524,0
FS-RM_LA_D_5055459_031574,0.0186645505125439,0.804159939289093,0.036842465461327044,0
FS-RM_LA_D_5055459_120147,0.498849562502572,0.8807970285415649,0.5636518670821302,0
FS-RM_LA_D_5100382_018876,0.0921593979483067,0.7729422450065613,0.13812897675355532,0
FS-RM_LA_D_5137247_076385,0.0795882483548436,0.903566837310791,0.1371878811396017,0
FS-RM_LA_D_5159656_084054,0.0748199071937781,0.9284088015556335,0.13530541024406284,0
FS-RM_LA_D_5178398_028114,0.0188375496843627,0.8626527786254883,0.03916061759319873,0
FS-RM_LA_D_5205569_027950,0.018225877003524,0.47443637251853943,0.02984101700360071,0
FS-RM_LA_D_5205569_044097,0.0125663812641173,0.18429723381996155,0.018161403842244635,0
FS-RM_LA_D_5205569_148488,0.0122051120282581,0.7858350276947021,0.025247670318955504,0
FS-RM_LA_D_5220940_138582,0.0235525933956835,0.657714307308197,0.04087237772968187,0
FS-RM_LA_D_5233422_017854,0.0211389819889948,0.1938789188861847,0.0286944979009085,0
FS-RM_LA_D_5241214_062043,0.0682601814369484,0.9399133324623108,0.1282587949557771,0
FS-RM_LA_D_5261718_146458,0.1545994746945852,0.7640476226806641,0.20992852599151832,0
FS-RM_LA_D_5267454_068898,0.0437326239107901,0.9370266199111938,0.08843455304058463,0
FS-RM_LA_D_5267454_112509,0.0787126771433416,0.36441555619239807,0.09863497089379336,0
FS-RM_LA_D_5285039_130454,0.0319131804957119,0.5013366937637329,0.048892260374435996,0
FS-RM_LA_D_5291856_083906,0.0115160732748767,0.12185285985469818,0.015822661605254876,0
FS-RM_LA_D_5302589_049364,0.0196108763170511,0.03229546174407005,0.02093198456106647,0
FS-RM_LA_D_5302589_114373,0.0228103843357297,0.855078399181366,0.045727719718753106,0
FS-RM_LA_D_5320629_117251,0.2218924553121208,0.9241418242454529,0.31722272888437625,0
FS-RM_LA_D_5331450_020432,0.0034994760497945,0.8794784545898438,0.00939118154962934,0
FS-RM_LA_D_5331450_071691,0.0167354838737004,0.10909681022167206,0.021524333327150307,0
FS-RM_LA_D_5331450_131968,0.0255473716248442,0.8684702515602112,0.05104799087469476,0
FS-RM_LA_D_5350529_061806,0.1542158367560748,0.15446524322032928,0.15424824096616793,0
FS-RM_LA_D_5400787_083957,0.0279815031882662,0.596433162689209,0.04583311010884201,0
FS-RM_LA_D_5403183_094410,0.0328241794642573,0.7455466389656067,0.05712742075813438,0
FS-RM_LA_D_5422570_004186,0.0064643469109719,0.16280551254749298,0.010018060986049633,0
FS-RM_LA_D_5422570_105413,0.0114527779048595,0.8119147419929504,0.024403117734334484,0
FS-RM_LA_D_5445662_015880,0.0125416767654735,0.9465966820716858,0.031531252861904606,0
FS-RM_LA_D_5456485_146967,0.0353610325891843,0.6640176773071289,0.05798798009066096,0
FS-RM_LA_D_5462650_009968,0.0015051949670398,0.5828234553337097,0.0036506040768134063,0
FS-RM_LA_D_5462650_009989,0.0186152608749707,0.3060290515422821,0.027760916647498614,0
FS-RM_LA_D_5462650_097543,0.0336210105014201,0.21733753383159637,0.043589340066284794,0
FS-RM_LA_D_5476584_080644,0.0090821124862824,0.24508501589298248,0.014363850216567787,0
FS-RM_LA_D_5495669_139875,0.112871990884145,0.824913740158081,0.16907327867589367,0
FS-RM_LA_D_5504869_120924,0.0180163450045856,0.6852758526802063,0.03301054173145939,0
FS-RM_LA_D_5513753_050275,0.000484250924221,0.3819569945335388,0.0012260014632526726,0
FS-RM_LA_D_5591138_043904,0.0113683459881628,0.956892728805542,0.029829457073546818,0
FS-RM_LA_D_5591138_079985,0.0038749864966465,0.370954304933548,0.007416721065998645,0
FS-RM_LA_D_5632411_127297,0.0060019082921072,0.740774929523468,0.013269846998729315,0
FS-RM_LA_D_5634358_041388,0.0105031768769975,0.7729422450065613,0.021980984978251638,0
FS-RM_LA_D_5768016_073505,0.0147086528400447,0.3557748794555664,0.023314168864252725,0
FS-RM_LA_D_5817478_069840,0.0059040753550319,0.08317269384860992,0.008394188427436547,0
FS-RM_LA_D_5817478_127554,0.0046680862240894,0.8921122550964355,0.01224158400571541,0
FS-RM_LA_D_5828342_090148,0.0057561821796812,0.3086901903152466,0.010082718436605909,0
FS-RM_LA_D_5828342_142080,0.0142242646881334,0.2751297354698181,0.021595996246205184,0
FS-RM_LA_D_5861276_056150,0.0019754574696561,0.12455334514379501,0.0034386533986539166,0
FS-RM_LA_D_5874425_051600,0.0142996876916036,0.9459611773490906,0.03520644725656809,0
FS-RM_LA_D_5905737_024898,0.0752173237734985,0.5475124716758728,0.10356717708784763,0
FS-RM_LA_D_6016576_017839,0.0246748391277456,0.8503692746162415,0.048655864267924516,0
FS-RM_LA_D_6026070_107073,0.0225942991951086,0.6952966451644897,0.0403019959437241,0
FS-RM_LA_D_6035078_029881,0.0582286847182961,0.20689405500888824,0.06938132243612585,0
FS-RM_LA_D_6035078_040811,0.1414555526607571,0.804159939289093,0.20017434834669573,0
FS-RM_LA_D_6036698_011040,0.0968619731555775,0.7044855356216431,0.1383080501632026,0
FS-RM_LA_D_6048625_022477,0.0323644712190102,0.7961657047271729,0.05847200454913719,0
FS-RM_LA_D_6048625_073123,0.02849613147206,0.9392035007476807,0.062127696405102684,0
FS-RM_LA_D_6054337_018010,0.1612102573952691,0.21840254962444305,0.16789804976902564,0
FS-RM_LA_D_6075514_014808,0.2517784408471856,0.40959855914115906,0.2699075935678349,0
FS-RM_LA_D_6075514_143129,0.0680894112652659,0.6939709186553955,0.10249140998026705,0
FS-RM_LA_D_6088722_133978,0.0026629860851479,0.9196425676345825,0.007857234535697406,0
FS-RM_LA_D_6120066_137198,0.0033264705071942,0.05938456207513809,0.004867429673194555,0
FS-RM_LA_D_6168767_029719,0.0092614612174001,0.5656346678733826,0.01744978433818837,0
FS-RM_LA_D_6175279_128886,0.2691895074468432,0.13296423852443695,0.2473767019180368,0
FS-RM_LA_D_6175279_137567,0.1393462382849176,0.7298280000686646,0.1892565678009933,0
FS-RM_LA_D_6216205_128264,0.0603703279846715,0.9514318108558655,0.11905708437873683,0
FS-RM_LA_D_6223774_096661,0.0135587215730437,0.4058254361152649,0.022328349868319435,0
FS-RM_LA_D_6223827_000762,0.0098549210692377,0.8698915839195251,0.022674118993304238,0
FS-RM_LA_D_6223827_026532,0.0024174383045796,0.27388501167297363,0.004649038168618617,0
FS-RM_LA_D_6223827_113336,0.2421259559524579,0.9340110421180725,0.34339046683609564,0
FS-RM_LA_D_6252325_011721,0.0833505174240647,0.6541880965232849,0.11887801401494313,0
FS-RM_LA_D_6333211_001203,0.0038941414510584,0.14804719388484955,0.006361489830167599,0
FS-RM_LA_D_6333211_112455,0.001052123158739,0.6061721444129944,0.002708727540952646,0
FS-RM_LA_D_6378055_014656,0.018928180500455,0.49840086698532104,0.031201629812326177,0
FS-RM_LA_D_6417123_042776,0.0148356511646715,0.8991213440895081,0.0333767395490484,0
FS-RM_LA_D_6430063_012985,0.0083921968286032,0.8740772008895874,0.019844446547503353,0
FS-RM_LA_D_6445749_070458,0.0011860775690013,0.15122824907302856,0.0022727313493871664,0
FS-RM_LA_D_6528717_061588,0.0154681920470876,0.7044855356216431,0.02929790916653526,0
FS-RM_LA_D_6590381_092366,0.0605371526034198,0.18618382513523102,0.0706114636799963,0
FS-RM_LA_D_6593636_051291,0.0077128156461288,0.3915920555591583,0.013613535190601203,0
FS-RM_LA_D_6661034_114006,0.0217633419264894,0.8405733108520508,0.04332717458618828,0
FS-RM_LA_D_6661034_133808,0.0042089112052594,0.5843423008918762,0.008911785723920897,0
FS-RM_LA_D_6668678_097570,0.0553009995623193,0.8684702515602112,0.09763786506226965,0
FS-RM_LA_D_6677490_043534,0.0986745401870875,0.902472198009491,0.16311594479743183,0
FS-RM_LA_D_6677490_125532,0.0073550772984105,0.54635089635849,0.014158748897912065,0
FS-RM_LA_D_6710307_067788,0.0296866629755535,0.14963075518608093,0.036987142397654396,0
FS-RM_LA_D_6717975_026697,0.1477979473809237,0.43743896484375,0.17408853821577466,0
FS-RM_LA_D_6717975_054079,0.0621981153174145,0.16280551254749298,0.0708719915474868,0
FS-RM_LA_D_6722285_126032,0.0718918439661661,0.10669060051441193,0.07573927627257006,0
FS-RM_LA_D_6748796_042479,0.0083099412784014,0.9399133324623108,0.021821348043513444,0
FS-RM_LA_D_6835200_064079,0.0551222486749455,0.7549149990081787,0.08900402807389471,0
FS-RM_LA_D_6910245_087314,0.0060786558126075,0.44668781757354736,0.011406397861555154,0
FS-RM_LA_D_6980433_091571,0.0688735143707145,0.09534945338964462,0.07188504173740051,0
FS-RM_LA_D_6982355_033501,0.0074654892322621,0.8956687450408936,0.018437217676567332,0
FS-RM_LA_D_6982355_106949,0.0035110366710222,0.15942667424678802,0.00588077106689656,0
FS-RM_LA_D_7130895_145454,0.1477434259136869,0.7662936449050903,0.20258396480198884,0
FS-RM_LA_D_7139945_109874,0.0029903274138861,0.03643886372447014,0.004152396883432302,0
FS-RM_LA_D_7155130_060482,0.037685952105529,0.8698915839195251,0.07097246232556133,0
FS-RM_LA_D_7173210_056177,0.0041007959420514,0.5986876487731934,0.008780135545866673,0
FS-RM_LA_D_7176078_130887,0.2463784713419904,0.8698915839195251,0.3261437482724741,0
FS-RM_LA_D_7206772_022438,0.0003598535814995,0.6158274412155151,0.0010718671392128858,0
FS-RM_LA_D_7206772_065064,0.0083267837809102,0.11789672821760178,0.011889343026351489,0
FS-RM_LA_D_7247122_085291,0.0989738189475414,0.8684702515602112,0.15760253967648197,0
FS-RM_LA_D_7247122_139172,0.0335660562873589,0.8455348014831543,0.0628386658760135,0
FS-RM_LA_D_7276589_025372,0.0986501960678863,0.8337581753730774,0.15250500754679835,0
FS-RM_LA_D_7292718_017992,0.4411572787440972,0.8487717509269714,0.5046308778973347,0
FS-RM_LA_D_7292718_054873,0.0082901650010071,0.1273050308227539,0.011977876031426965,0
FS-RM_LA_D_7295722_016186,0.0063173871076384,0.853522539138794,0.015195668824693231,0
FS-RM_LA_D_7315219_020341,0.021015688803967,0.07498650997877121,0.024879682588482853,0
FS-RM_LA_D_7315219_122646,0.0765888515204454,0.8991213440895081,0.1322055340413046,0
FS-RM_LA_D_7315219_148651,0.3007594214378671,0.7662936449050903,0.35901768145686835,0
FS-RM_LA_D_7320803_044340,0.0047303712951266,0.3871341347694397,0.008894768505403456,0
FS-RM_LA_D_7357609_038907,0.4456093434379031,0.7549149990081787,0.4890563911592715,0
FS-RM_LA_D_7357609_080078,0.0120935136594263,0.2110263556241989,0.017951326914180197,0
FS-RM_LA_D_7374412_054749,0.03158445359006,0.8794784545898438,0.06182482675346308,0
FS-RM_LA_D_7388723_055579,0.0175767513759082,0.8128673434257507,0.03524808621339745,0
FS-RM_LA_D_7388723_155297,0.1007312571892252,0.16280551254749298,0.1074157166216676,0
FS-RM_LA_D_7417496_076119,0.0094027933007888,0.8311430811882019,0.020945478972642897,0
FS-RM_LA_D_7417496_094791,0.0855196208555419,0.7920784950256348,0.13150854996432518,0
FS-RM_LA_D_7461756_057050,0.0138842734863725,0.2916260063648224,0.021369285646500716,0
FS-RM_LA_D_7461756_147769,0.0103361223798387,0.4016878008842468,0.017627787445653853,0
FS-RM_LA_D_7463026_087571,0.1645145089152732,0.10788782685995102,0.15598803755551993,0
FS-RM_LA_D_7463026_113698,0.0132498281426825,0.7443591356277466,0.026310135296289835,0
FS-RM_LA_D_7521512_011458,0.0331414925134712,0.2994328439235687,0.04542335539278258,0
FS-RM_LA_D_7542044_022479,0.0018670824541568,0.4145195782184601,0.004030589793253969,0
FS-RM_LA_D_7542044_126590,0.0091100302027817,0.14033624529838562,0.013186949996011565,0
FS-RM_LA_D_7562913_111455,0.5745648969475307,0.21733753383159637,0.5237004913570431,0
FS-RM_LA_D_7562913_139772,0.0156739129497652,0.5571707487106323,0.027334106812356665,0
FS-RM_LA_D_7577850_087371,0.1569130443126532,0.5843423008918762,0.19489403573875963,0
FS-RM_LA_D_7599767_042779,0.012243701206761,0.13296423852443695,0.016899634527936847,0
FS-RM_LA_D_7599767_116518,0.0198323636929127,0.8670357465744019,0.04110682960790955,0
FS-RM_LA_D_7619376_003490,0.0075789231484277,0.8821032643318176,0.018353149316489827,0
FS-RM_LA_D_7682859_109901,0.6993376357672993,0.8487717509269714,0.7228527913796989,0
FS-RM_LA_D_7695039_116721,0.0372606007809223,0.9149009585380554,0.07444339517022529,0
FS-RM_LA_D_7765425_001278,0.0076631877647613,0.13587288558483124,0.01129694115103597,0
FS-RM_LA_D_7765425_027798,0.022956913193918,0.9406154751777649,0.05194790704430352,0
FS-RM_LA_D_7771073_091448,0.0182744876683617,0.9129343032836914,0.040683013806192755,0
FS-RM_LA_D_7776880_143126,0.0108515152238526,0.077629454433918,0.014096115819050084,0
FS-RM_LA_D_7805571_019269,0.0104609334165866,0.75951087474823,0.02169701600176666,0
FS-RM_LA_D_7877117_085484,0.0088300429643772,0.8712997436523438,0.02066551756380321,0
FS-RM_LA_D_7919147_002125,0.0244600124556293,0.09975048154592514,0.029518423472442934,0
FS-RM_LA_D_7919147_044804,0.0126453629767452,0.4898451566696167,0.02195600635731979,0
FS-RM_LA_D_7979047_096756,0.0037924144276983,0.1127954050898552,0.005970988353345462,0
FS-RM_LA_D_8016454_142934,0.0049905293137062,0.6681877374649048,0.010816223405680668,0
FS-RM_LA_D_8045100_000834,0.0139096180623385,0.18056859076023102,0.019765754582572685,0
FS-RM_LA_D_8045100_022370,0.2086843781253083,0.566785991191864,0.24514739904267605,0
FS-RM_LA_D_8060326_041950,0.0117326105610735,0.8768032193183899,0.026542922185298048,0
FS-RM_LA_D_8060326_059578,0.03505400632157,0.36441555619239807,0.0494292119547289,0
FS-RM_LA_D_8060326_134645,0.0127793500236979,0.15283973515033722,0.017905672565505886,0
FS-RM_LA_D_8060326_138413,0.0054611175853374,0.885947585105896,0.013904722669921366,0
FS-RM_LA_D_8137767_026022,0.0833148712030953,0.9392035007476807,0.1505231010023245,0
FS-RM_LA_D_8137767_065890,0.0011834396846725,0.1418510526418686,0.002246378538478401,0
FS-RM_LA_D_8157473_141392,0.0118522659756786,0.13441191613674164,0.01645704851134899,0
FS-RM_LA_D_8229496_061750,0.1035066361171476,0.8128673434257507,0.15613566426391817,0
FS-RM_LA_D_8229496_131795,0.1596800697923233,0.6377530097961426,0.20242606058402923,0
FS-RM_LA_D_8318612_136401,0.0088191760197408,0.9355352520942688,0.02274588220796078,0
FS-RM_LA_D_8348408_042649,0.0249371854340911,0.9129343032836914,0.05294802246384383,0
FS-RM_LA_D_8348408_068838,0.0096278985387418,0.4401323199272156,0.016917358518637675,0
FS-RM_LA_D_8365140_147405,0.0089855416246343,0.7109494805335999,0.01843842877770212,0
FS-RM_LA_D_8391113_051299,0.0083332556943125,0.061514172703027725,0.010856283138411601,0
FS-RM_LA_D_8395121_051766,0.0038377478964467,0.43168002367019653,0.00759907044946069,0
FS-RM_LA_D_8467719_004754,0.0008203471806011,0.6979384422302246,0.0023002326373355014,0
FS-RM_LA_D_8467719_064669,0.0188436494608158,0.05938456207513809,0.02192736329043107,0
FS-RM_LA_D_8467719_136637,0.0033450507733815,0.14337949454784393,0.0055483118832827544,0
FS-RM_LA_D_8507748_019684,0.0346419660387638,0.7674110531806946,0.06067217128452923,0
FS-RM_LA_D_8507748_122713,0.0227767076745294,0.019359933212399483,0.022301230546129834,0
FS-RM_LA_D_8555704_090592,0.3275287875156907,0.48950350284576416,0.3472107262164549,0
FS-RM_LA_D_8668814_085953,0.0041505948802125,0.03916572034358978,0.00557484890859654,0
FS-RM_LA_D_8703309_064905,0.0973989450016572,0.947225034236908,0.1734100354823295,0
FS-RM_LA_D_8751784_123627,0.0099687326542707,0.15446524322032928,0.014464236102868714,0
FS-RM_LA_D_8752359_010028,0.002765901244295,0.31742626428604126,0.005368841653445784,0
FS-RM_LA_D_8809090_123431,0.0699998680669826,0.6661059260368347,0.10334110929444312,0
FS-RM_LA_D_8842776_059676,0.0278410911627262,0.25091278553009033,0.03793152974562889,0
FS-RM_LA_D_8868121_116912,0.7629156378788267,0.9478464722633362,0.8011976301047296,0
FS-RM_LA_D_8917253_028108,0.55143477647516,0.8740772008895874,0.6062326087193746,0
FS-RM_LA_D_8917253_052036,0.0333700190461301,0.5752062797546387,0.05269247457922714,0
FS-RM_LA_D_8937760_084152,0.0217367007432485,0.9520061612129211,0.05100301289420631,0
FS-RM_LA_D_8938260_016822,0.0102180280279847,0.7815974354743958,0.02160374543991814,0
FS-RM_LA_D_8939040_000546,0.055499916936693,0.761786699295044,0.08991333370592042,0
FS-RM_LA_D_8939040_091074,0.0210230412226919,0.09643316268920898,0.025769696457672204,0
FS-RM_LA_D_8939040_104725,0.1795762318873424,0.2120688259601593,0.18356965424799293,0
FS-RM_LA_D_8942534_091470,0.0046748149206002,0.29812341928482056,0.008365171874599899,0
FS-RM_LA_D_8966356_061674,0.0373430515666426,0.8487717509269714,0.06895466440518919,0
FS-RM_LA_D_8966356_147839,0.0055620901927365,0.8566204905509949,0.013658747728958047,0
FS-RM_LA_D_8978674_006627,0.0015512419537836,0.8221890926361084,0.004375473813319097,0
FS-RM_LA_D_8978674_123274,0.0499288023494124,0.23370636999607086,0.0619577770555647,0
FS-RM_LA_D_8986725_004066,0.0146863456760435,0.11405239254236221,0.019345575858225942,0
FS-RM_LA_D_8986725_044192,0.01073270298381,0.21416498720645905,0.016229019381868624,0
FS-RM_LA_D_9006149_087108,0.029816243662558,0.5261480212211609,0.04670351239356746,0
FS-RM_LA_D_9051356_036378,0.0253797610364112,0.22054381668567657,0.03429137145724407,0
FS-RM_LA_D_9078375_040279,0.0362147888108666,0.950263500213623,0.07789346210469511,0
FS-RM_LA_D_9102400_102211,0.2214678140498485,0.26771435141563416,0.22714229481053821,0
FS-RM_LA_D_9109666_072004,0.0824413652916715,0.7674110531806946,0.12551719240901715,0
FS-RM_LA_D_9109666_105405,0.010799377446707,0.4069562256336212,0.01835912721037954,0
FS-RM_LA_D_9121380_014869,0.0209696598883175,0.8921122550964355,0.044395426784822355,0
FS-RM_LA_D_9163648_058541,0.0074070747307511,0.15446524322032928,0.01118249685286879,0
FS-RM_LA_D_9163648_099652,0.2718148774206164,0.8337581753730774,0.3435074259266842,0
FS-RM_LA_D_9205865_046048,0.0085713776449972,0.7198565006256104,0.017802778365196788,0
FS-RM_LA_D_9205865_100526,0.0249036000407632,0.23258893191814423,0.034028584788943446,0
FS-RM_LA_D_9233697_001046,0.0825381477763484,0.885947585105896,0.13838547372132093,0
FS-RM_LA_D_9233697_011509,0.0011543269731583,0.1679816097021103,0.002256048034889667,0
FS-RM_LA_D_9273749_097977,0.1793860757562762,0.25208935141563416,0.1878226146212929,0
FS-RM_LA_D_9295689_071347,0.347073111421186,0.7031826972961426,0.39230015067583696,0
FS-RM_LA_D_9303843_093867,0.5519816511384327,0.9355352520942688,0.6293203406005032,0
FS-RM_LA_D_9331853_016564,0.3685897637337512,0.8185047507286072,0.43229743917566454,0
FS-RM_LA_D_9331853_138929,0.8275751512953019,0.9129343032836914,0.8415929615047395,0
FS-RM_LA_D_9334159_020205,0.1569528187892564,0.282671183347702,0.17028622637646215,0
FS-RM_LA_D_9334159_033302,0.9642059078257256,0.8438951373100281,0.9562588437977217,0
FS-RM_LA_D_9334159_070467,0.1319862829845657,0.7707409858703613,0.18527215276617176,0
FS-RM_LA_D_9363937_070434,0.0050052093284907,0.6290456652641296,0.010606674750137162,0
FS-RM_LA_D_9389017_073371,0.2471522102937022,0.24740508198738098,0.247185073794118,0
FS-RM_LA_D_9395386_100519,0.0223999412452672,0.20998764038085938,0.030548738756172977,0
FS-RM_LA_D_9395386_127194,0.0698000774522785,0.08128608018159866,0.07120367513899094,0
FS-RM_LA_D_9422357_151243,0.0044117505969583,0.9205614328384399,0.012175441928193644,0
FS-RM_LA_D_9444024_040141,0.0034174266075796,0.17328819632530212,0.00581917012415029,0
FS-RM_LA_D_9444024_122841,0.0491706587644444,0.45713669061660767,0.06918242849381927,0
FS-RM_LA_D_9526501_087600,0.0466258927724005,0.07159119844436646,0.04932901050235414,0
FS-RM_LA_D_9526501_139484,0.0362469052615623,0.7490872144699097,0.06227883008576256,0
FS-RM_LA_D_9553311_015628,0.0119320630818588,0.8212735652923584,0.025478182378504105,0
FS-RM_LA_D_9636836_040799,0.0133629809523399,0.9426758289337158,0.03297170081305853,0
FS-RM_LA_D_9636836_086999,0.0451007534080845,0.32766830921173096,0.06012662053515627,0
FS-RM_LA_D_9688627_111968,0.0229424281468854,0.1055050864815712,0.02814792028802569,0
FS-RM_LA_D_9688627_143318,0.0417614960555894,0.9232608675956726,0.08298674115176896,0
FS-RM_LA_D_9748213_055759,0.0265874931021824,0.2018132209777832,0.03519339283629794,0
FS-RM_LA_D_9804171_063970,0.0097134930713752,0.7443591356277466,0.020146773210221913,0
FS-RM_LA_D_9813329_054489,0.0352142742733722,0.9413098692893982,0.07451307985948515,0
FS-RM_LA_D_9878596_042428,0.0034290477487277,0.05277495086193085,0.004917390082448523,0
FS-RM_LA_D_9891401_087125,0.0093525620545787,0.6832504272460938,0.018768678368752123,0
FS-RM_LA_D_9928428_010447,0.0657961663103278,0.27388501167297363,0.08054420657836468,0
FS-RM_LA_D_9969564_118668,0.0116383529022395,0.9406154751777649,0.02916488897559771,0
FS-RM_LA_D_9970541_032221,0.0547463056710261,0.47132056951522827,0.07632663822440797,0
FS-RM_LA_D_9989022_050541,0.0379150911894237,0.9370266199111938,0.07853896714019605,0
FS-RM_LA_D_9996165_019129,0.0075593385028703,0.04856814816594124,0.00965981800116359,0
RS-FM_LA_D_1056044_c-85TtcfVSI,0.7272605738989262,0.949068546295166,0.774433746132368,1
RS-FM_LA_D_1084356_fake_06975_udio_0,0.8459498617984188,0.885947585105896,0.8517342472097184,1
RS-FM_LA_D_1086391_fake_19823_udio_0,0.8975829719604989,0.9088770747184753,0.8991184563493301,1
RS-FM_LA_D_1105131_yPzhMx3NPW4,0.9982713016855196,0.9406154751777649,0.9972438379123792,1
RS-FM_LA_D_1118839_fake_31297_suno_1,0.9111475952620788,0.8933094143867493,0.9089907372573269,1
RS-FM_LA_D_1129909_zx_vcwOsDO4,0.4288699492198791,0.9088770747184753,0.5124416950158187,1
RS-FM_LA_D_1246607_fake_22255_suno_1,0.999329655321866,0.9584133625030518,0.9988478891968329,1
RS-FM_LA_D_1275044_xtGmrLOsjHk,0.9517056796161514,0.6852758526802063,0.936705806389921,1
RS-FM_LA_D_1281950_TqIptTnXb20,0.9982686958308188,0.9284088015556335,0.9971677380271561,1
RS-FM_LA_D_1335445_QMoRiBjRLKc,0.7698871018464836,0.9205614328384399,0.7972470241362086,1
RS-FM_LA_D_1335445_fake_19781_suno_1,0.9842345800437384,0.9433475732803345,0.9813346457181096,1
RS-FM_LA_D_1335445_jfxTOlXF3Kk,0.5119302966712925,0.8641270995140076,0.5700426856369365,1
RS-FM_LA_D_1336215_S7TYAcOEPt4,0.4882970868123926,0.9453186988830566,0.5817025526349485,1
RS-FM_LA_D_1336221_-4SYC2YgzL8,0.8015503646415224,0.8712997436523438,0.8120148776527679,1
RS-FM_LA_D_1336221_He63KV_9Pwg,0.9951507415901816,0.542669415473938,0.9905681063514816,1
RS-FM_LA_D_1336221_QZNrK337wow,0.9396628949689536,0.824913740158081,0.9302249102197377,1
RS-FM_LA_D_1336221_tGv_L09pf6E,0.9541490417878212,0.8884494304656982,0.9483664174748311,1
RS-FM_LA_D_1361417_EC4GbkL3XvI,0.5992252048369682,0.883397102355957,0.6486697369479526,1
RS-FM_LA_D_1374363_fake_29064_udio_0,0.1545567164424423,0.8455348014831543,0.22142336139329657,1
RS-FM_LA_D_1377420_eOmQbJljnqE,0.9531601064904168,0.7606506943702698,0.9411252520737614,1
RS-FM_LA_D_1400319_qpwjSTEaswI,0.9853096323103347,0.9392035007476807,0.9822749019460428,1
RS-FM_LA_D_1427710_liuCTk2nPG8,0.5708413487370491,0.9241418242454529,0.6395006902989253,1
RS-FM_LA_D_1513725_OkcBJawiIHA,0.3616626750460527,0.8872045874595642,0.44369735034855273,1
RS-FM_LA_D_1592094_EPvnkbo5wrI,0.9964938535120564,0.9205614328384399,0.9946948664092075,1
RS-FM_LA_D_1659462_fake_42835_udio_0,0.9948392658878906,0.9413098692893982,0.9928839227965462,1
RS-FM_LA_D_1680201_Rf7vygfb7w4,0.0309864850790562,0.6872942447662354,0.052510740465056355,1
RS-FM_LA_D_1680201_fake_00242_suno_1,0.9974814455742468,0.9258759021759033,0.996058313361295,1
RS-FM_LA_D_1686743_V0zQHNmz0gU,0.872706635699549,0.6570104360580444,0.8531271565488303,1
RS-FM_LA_D_1703452_W58kioYp1Ms,0.5272726462523202,0.9453186988830566,0.6143188595986738,1
RS-FM_LA_D_1703452_WKYUiLace9Y,0.212622466366176,0.9536908864974976,0.321749162751384,1
RS-FM_LA_D_1703452_fake_35704_suno_0,0.9857340501846712,0.8933094143867493,0.9813144894882712,1
RS-FM_LA_D_1703452_sRxUm-ziCBo,0.4065468303818322,0.9308615922927856,0.5022286201359201,1
RS-FM_LA_D_1714000_fake_46655_suno_1,0.9996617213335586,0.8956687450408936,0.9992774007219172,1
RS-FM_LA_D_1722779_c2akbbdS7I4,0.9464003788689166,0.9308615922927856,0.9445840731763039,1
RS-FM_LA_D_1775211_vYP60jdTupc,0.9789043032733398,0.7868850231170654,0.970923571673866,1
RS-FM_LA_D_1838177_fake_36199_udio_1,0.1324690292161127,0.1418510526418686,0.13365827856438237,1
RS-FM_LA_D_1838177_fake_50596_udio_0,0.9522082086000654,0.9284088015556335,0.9496025976598861,1
RS-FM_LA_D_1838177_fake_50857_udio_1,0.7194430870937149,0.902472198009491,0.7518549126470573,1
RS-FM_LA_D_1930986_fake_31035_suno_1,0.5861714000404853,0.2994328439235687,0.5479520450293192,1
RS-FM_LA_D_1954410_HEclHruM37s,0.965667048124515,0.3106943964958191,0.9426405278834602,1
RS-FM_LA_D_1961293_8Bu8CkR1xZY,0.5199005654259622,0.9574053883552551,0.6163100737485927,1
RS-FM_LA_D_1961293_DP72GDe6AAs,0.9993993937998448,0.9129343032836914,0.9988401039009702,1
RS-FM_LA_D_1961293_T0uoYE12cnI,0.9575775572766092,0.7109494805335999,0.9441994857244752,1
RS-FM_LA_D_2009007_rLtXML8Y5wo,0.0486742012020284,0.6926419734954834,0.077227259660235,1
RS-FM_LA_D_2096892_SKQbQXPjmvE,0.9922532121880052,0.9139226078987122,0.9893234747733194,1
RS-FM_LA_D_2143384_aeDZVfGk7bk,0.5485360912683408,0.9129343032836914,0.6165521481198094,1
RS-FM_LA_D_2178723_Or4CALipjig,0.861317510801589,0.8712997436523438,0.8626510186923106,1
RS-FM_LA_D_2230192_QXe9BpTENCc,0.8498498481294952,0.9139226078987122,0.8599896079637056,1
RS-FM_LA_D_2242311_0EOQco76eXQ,0.9312363996122606,0.9324532747268677,0.9313957341134365,1
RS-FM_LA_D_2242311_Jq2w30NYstQ,0.97027669654452,0.944011926651001,0.9676972040225548,1
RS-FM_LA_D_2250508_aiJj3Z6pu9s,0.9380728825163,0.9362850189208984,0.9378431374707196,1
RS-FM_LA_D_2250508_rez5KDmIZoc,0.959906725526822,0.950263500213623,0.9587625244622396,1
RS-FM_LA_D_2252677_fake_43560_udio_0,0.0304589663242324,0.7941296100616455,0.05545743874164791,1
RS-FM_LA_D_2264682_X7qFgrAl3OU,0.9943259648458748,0.957912266254425,0.9926144222177414,1
RS-FM_LA_D_2264682_hTlIqICkbW8,0.969771126129202,0.8807970285415649,0.9636448991372427,1
RS-FM_LA_D_2285682_FxpV97ILuSo,0.999421514750496,0.9057232737541199,0.9988645116653987,1
RS-FM_LA_D_2303609_fake_36225_udio_0,0.9863167784877732,0.34935513138771057,0.9744403536660151,1
RS-FM_LA_D_2309894_fake_47101_udio_1,0.0162184185441133,0.8099984526634216,0.03282868337575097,1
RS-FM_LA_D_2407623_pDgWT99uaJ0,0.9758733046847716,0.9332363605499268,0.9723982706456502,1
RS-FM_LA_D_2411901_EayN_Jj0740,0.6235801329457695,0.8611649870872498,0.662935120915895,1
RS-FM_LA_D_2485218_4HfU5OQUqq0,0.985852450927604,0.8194314241409302,0.9799421869904257,1
RS-FM_LA_D_2496910_fake_45709_udio_1,0.1542037585647869,0.3373781442642212,0.1724313065707365,1
RS-FM_LA_D_2531373_hnlVKC7rxdg,0.9581491901242726,0.9088770747184753,0.9535969717187528,1
RS-FM_LA_D_2589925_fake_13022_udio_0,0.9502835374029284,0.906785249710083,0.9459673256192098,1
RS-FM_LA_D_2644387_0MzrXd8CUCg,0.984427758062303,0.8921122550964355,0.9798094109548149,1
RS-FM_LA_D_2644387_ZgooDijn2as,0.9895758858472056,0.7900123596191406,0.9842260312838235,1
RS-FM_LA_D_2644387_fake_44796_suno_0,0.8691589382578306,0.8956687450408936,0.8729039131729993,1
RS-FM_LA_D_2652046_QmIhKF1BqCg,0.8587109595707326,0.42250463366508484,0.8219182832774069,1
RS-FM_LA_D_2652046_fake_52298_udio_1,0.3564605397391115,0.8001928329467773,0.41736834442042914,1
RS-FM_LA_D_2671129_3ZyuBJEbmJM,0.5518525034706514,0.902472198009491,0.6154660858314851,1
RS-FM_LA_D_2671129_EkMgPJfSL04,0.6768698259446263,0.9139226078987122,0.721200342365103,1
RS-FM_LA_D_2718909_fake_28639_suno_1,0.9285789168594908,0.9406154751777649,0.9302625425500992,1
RS-FM_LA_D_2766423_KRKX_UtYV9c,0.3624654169582612,0.2008083015680313,0.3383101999028197,1
RS-FM_LA_D_2766423_fake_51763_suno_1,0.9995840391119906,0.906785249710083,0.9991490176340008,1
RS-FM_LA_D_2800113_YDBxdZchOuM,0.9490715595612886,0.944011926651001,0.9484391293526866,1
RS-FM_LA_D_2800113_fake_19593_suno_0,0.9395142217618906,0.9399133324623108,0.9395662460763364,1
RS-FM_LA_D_2800113_fake_22406_udio_1,0.9485671017094708,0.662621796131134,0.9323598313695592,1
RS-FM_LA_D_2896345_fake_17527_udio_1,0.6221463134982824,0.9205614328384399,0.6796886520702884,1
RS-FM_LA_D_2923426_eQTK2fo3RoE,0.063447288443535,0.4814538359642029,0.08693191261329489,1
RS-FM_LA_D_2954423_av-1Ih0S82s,0.9516424489915606,0.9129343032836914,0.9477337824128556,1
RS-FM_LA_D_2954917_fake_46545_suno_1,0.9999070536592628,0.883397102355957,0.9997612378664709,1
RS-FM_LA_D_2976553_kT0KMsfD4d8,0.5501281307678991,0.9465966820716858,0.6338534112676069,1
RS-FM_LA_D_3005942_fake_41367_udio_0,0.7032705347501151,0.3153984844684601,0.6570084569454323,1
RS-FM_LA_D_3006726_MwK9HYjeeN0,0.4630946887648697,0.9158691167831421,0.5453030367955469,1
RS-FM_LA_D_3100616_a4BjqKd8FsI,0.9902802944069544,0.8807970285415649,0.9863831166147711,1
RS-FM_LA_D_3150235_fake_20951_udio_0,0.9614185069829436,0.8581488728523254,0.9539816501521761,1
RS-FM_LA_D_3150235_fake_37307_udio_0,0.6635165474400605,0.8933094143867493,0.7041177865657574,1
RS-FM_LA_D_3194286_fake_22715_suno_1,0.999923588409217,0.7879312038421631,0.9997791080086055,1
RS-FM_LA_D_3194286_sOSU7p9pLjs,0.9965454424823832,0.9002495408058167,0.994590650271239,1
RS-FM_LA_D_3258694_Guu30szkA-0,0.3117604704710821,0.9478464722633362,0.42263775435512707,1
RS-FM_LA_D_3258694_usrzF-0GbLY,0.9026600678963352,0.885947585105896,0.9006178860275084,1
RS-FM_LA_D_3262859_hZfCziBaGTI,0.2405827187177127,0.9223705530166626,0.3366399295025256,1
RS-FM_LA_D_3262859_stobfk1Mfjk,0.9985615198286262,0.9536908864974976,0.997729368381749,1
RS-FM_LA_D_3280853_XjrVSk0_4vc,0.940907819461955,0.7572203278541565,0.927963168447683,1
RS-FM_LA_D_3316221_m9MQdg0k1t0,0.7565590614709119,0.9316617846488953,0.7901986972920398,1
RS-FM_LA_D_3343965_mjZylz3nCwQ,0.8217298399535929,0.7248703241348267,0.8108272738101266,1
RS-FM_LA_D_3387539_fake_51976_udio_0,0.8497634255628124,0.22925899922847748,0.7941075057022235,1
RS-FM_LA_D_3494648_wEHRmd84Dwc,0.1196999357375675,0.7718434929847717,0.1711567088084891,1
RS-FM_LA_D_3494648_yHd5DzIbWL8,0.9975272883447016,0.8670357465744019,0.9957801157617691,1
RS-FM_LA_D_3500984_E3F9bzeCgTQ,0.9921557943657588,0.944011926651001,0.9898305071640889,1
RS-FM_LA_D_3500984_fake_29830_suno_0,0.999923588409217,0.9547826051712036,0.9998237606020637,1
RS-FM_LA_D_3514242_fake_35706_suno_0,0.9999214187128356,0.8267117738723755,0.9997808981127043,1
RS-FM_LA_D_3519840_XWhmLbnrtd0,0.6256843141468131,0.8655880689620972,0.6657632130531509,1
RS-FM_LA_D_3526885_dAAwzwexvUQ,0.9993489487457652,0.9370266199111938,0.9988111219554319,1
RS-FM_LA_D_3536394_4Lk8pUeLCwQ,0.9997779144997232,0.7640476226806641,0.9994311851751148,1
RS-FM_LA_D_3536394_FaRrq7cYu84,0.7152418590492848,0.9099069833755493,0.7506118301200988,1
RS-FM_LA_D_3554499_We9P_UcHNk8,0.9439258761072532,0.947225034236908,0.9443654935767917,1
RS-FM_LA_D_3554499_fake_36444_suno_0,0.986173478432894,0.9478464722633362,0.9835282909184937,1
RS-FM_LA_D_3559270_BxbB2_N5Xtk,0.7300351606471496,0.8438951373100281,0.7474110580469276,1
RS-FM_LA_D_3559270_fake_49588_suno_1,0.9943145762071796,0.957912266254425,0.9926015492784811,1
RS-FM_LA_D_3596872_8rCYRgePG-4,0.9668522202029906,0.9617642760276794,0.96622972756144,1
RS-FM_LA_D_3608903_fake_38986_udio_0,0.95546500120205,0.9574053883552551,0.9557219389782715,1
RS-FM_LA_D_3686487_AFwmMFq_xlc,0.9912868137824882,0.4540364146232605,0.9836131905731348,1
RS-FM_LA_D_3694891_clefr8E-iZQ,0.9889454370800388,0.259225070476532,0.9775355894934394,1
RS-FM_LA_D_3698358_4T2KBwRxi_g,0.8296142399853732,0.9232608675956726,0.8455992866753506,1
RS-FM_LA_D_3703286_AzGtPHlrlzU,0.6249965201710577,0.8872045874595642,0.6709600372426852,1
RS-FM_LA_D_3703286_cY3g6N5Sokk,0.3068625098949311,0.9196425676345825,0.40322972550645514,1
RS-FM_LA_D_3714679_Q7oWXOByo28,0.9789252715794948,0.906785249710083,0.9742978186328047,1
RS-FM_LA_D_3714679_a-11dtG7aK4,0.995685628282981,0.949669361114502,0.99403558759323,1
RS-FM_LA_D_3717777_4ueN2gGsH5Y,0.7628240077300261,0.7826625108718872,0.7654720954829961,1
RS-FM_LA_D_3733779_eVjcfdxSFKQ,0.9660389607707628,0.9308615922927856,0.9627001074361365,1
RS-FM_LA_D_3773719_hgJK2ZDgWtU,0.5553508777404823,0.8138161897659302,0.5951179318363945,1
RS-FM_LA_D_3787070_Ae8o_FMI0Xs,0.95637117930563,0.9332363605499268,0.953864436693516,1
RS-FM_LA_D_3787070_fake_24864_udio_0,0.9588651588510884,0.9332363605499268,0.9561614670224593,1
RS-FM_LA_D_3787464_HyyHwIK9SSI,0.843448628160404,0.9088770747184753,0.8537323931506396,1
RS-FM_LA_D_3787464_fake_50880_suno_1,0.9997344578037186,0.9258759021759033,0.9994424328554126,1
RS-FM_LA_D_3792397_fake_11199_suno_0,0.9966274379742182,0.9558496475219727,0.9952692178292917,1
RS-FM_LA_D_3805241_IL1n6jzABVw,0.9552835669660398,0.9109264612197876,0.9510096287187465,1
RS-FM_LA_D_3806476_fake_09767_udio_0,0.2798119449463876,0.10669060051441193,0.24997543534066546,1
RS-FM_LA_D_3836344_fake_24468_udio_0,0.4591479605190097,0.7837237119674683,0.5062227452032461,1
RS-FM_LA_D_3836344_qRLRLp-KTFs,0.9969625529685467,0.5399537086486816,0.9937028163975389,1
RS-FM_LA_D_3857058_nXfqAzdu8IY,0.7779300329639098,0.8754466772079468,0.7931749256207224,1
RS-FM_LA_D_3887452_fake_27175_suno_1,0.9994116795127445,0.9399133324623108,0.9989184259115083,1
RS-FM_LA_D_3892057_uCCdUB7D10U,0.4399647731777837,0.9370266199111938,0.535207779458602,1
RS-FM_LA_D_3909550_WtN6uiDikRM,0.7867153131002634,0.9099069833755493,0.8078628026091469,1
RS-FM_LA_D_3956242_fake_22220_suno_1,0.992183089399006,0.9433475732803345,0.9898449064992701,1
RS-FM_LA_D_4004968_TnCXmm-v3Ys,0.5619698447486533,0.903566837310791,0.624254144575548,1
RS-FM_LA_D_4013164_4Mm5mBgktG0,0.6763657729578006,0.9057232737541199,0.7181734670679314,1
RS-FM_LA_D_4041525_d-KxsdWX9xE,0.6043470806349308,0.9392035007476807,0.6735788916420479,1
RS-FM_LA_D_4146741_4i1aizhCnfg,0.707921820771481,0.9478464722633362,0.7590030784200115,1
RS-FM_LA_D_4159059_fake_34765_udio_1,0.1213666601220032,0.32082128524780273,0.13946870026059913,1
RS-FM_LA_D_4198004_rQeikHMQGOM,0.92635837377925,0.7751285433769226,0.9140216808368543,1
RS-FM_LA_D_4221800_fake_12545_udio_0,0.7434678182464133,0.8128673434257507,0.7533722978620515,1
RS-FM_LA_D_4226294_fake_39922_udio_1,0.949469754829926,0.8626527786254883,0.9421806485270957,1
RS-FM_LA_D_4226294_vo7BYs1OqbM,0.9998259323974428,0.7783799171447754,0.9995446274451285,1
RS-FM_LA_D_4296014_T78nMdsJMmk,0.838706391528468,0.9426758289337158,0.8579433175228878,1
RS-FM_LA_D_4334876_fake_43789_suno_1,0.9878957804931676,0.9316617846488953,0.9847736627314786,1
RS-FM_LA_D_4349047_dwAo0dKCyBI,0.4073020148717456,0.7005671858787537,0.4462428111602975,1
RS-FM_LA_D_4350271_fake_14867_udio_1,0.9662542660848232,0.46859607100486755,0.947951479553266,1
RS-FM_LA_D_4350271_fake_31356_suno_0,0.9979901108705562,0.9292351603507996,0.9967808624169219,1
RS-FM_LA_D_4367012_MEew7OQ17HY,0.949511702629544,0.6668006181716919,0.9335749476967629,1
RS-FM_LA_D_4367012_iQAXwX28LLw,0.0889459695194251,0.9392035007476807,0.15865849253901868,1
RS-FM_LA_D_4401633_3uz_ZrGsIaA,0.992865554087439,0.8807970285415649,0.9895848570878429,1
RS-FM_LA_D_4402714_fake_15954_suno_0,0.8820425168052469,0.9046505093574524,0.8852248711666701,1
RS-FM_LA_D_4462839_tk4s-nlhmEQ,0.2473257837561674,0.5199113488197327,0.2773015945282997,1
RS-FM_LA_D_4494387_fake_53664_udio_0,0.0702763238151002,0.7371581792831421,0.10787134052797535,1
RS-FM_LA_D_4511951_ow12iGt8z5Q,0.8891536509876585,0.950263500213623,0.8997949963994122,1
RS-FM_LA_D_4511951_z31iCbkqYyw,0.9254528397257972,0.9196425676345825,0.9247199398818552,1
RS-FM_LA_D_4571818_tz2TlSMmTp4,0.9980195787734863,0.8909031748771667,0.9966201658938072,1
RS-FM_LA_D_4606004_2o1p83UjJFA,0.9965099245812828,0.2248714417219162,0.9914936289269544,1
RS-FM_LA_D_4645660_fake_45118_suno_0,0.998137442335894,0.9205614328384399,0.9969377185080008,1
RS-FM_LA_D_4655594_LEG7xkYOsWA,0.9996721424549008,0.9478464722633362,0.9993620835321216,1
RS-FM_LA_D_4667621_fake_20244_udio_0,0.7402719989016846,0.8807970285415649,0.7633659953145562,1
RS-FM_LA_D_4723086_0s0Uy0-zBa0,0.9980651414489394,0.9584133625030518,0.9971045277862863,1
RS-FM_LA_D_4723086_p1-07VdP__Q,0.6268389781395414,0.9459611773490906,0.6949525349943003,1
RS-FM_LA_D_4723558_fake_53195_suno_0,0.9939770897609044,0.9196425676345825,0.9915005663286234,1
RS-FM_LA_D_4739519_fake_44857_udio_0,0.8864447817762794,0.6239269375801086,0.8645493758286692,1
RS-FM_LA_D_4767028_WI2d5vDJeLo,0.9868377550778104,0.8276053667068481,0.9812909339635338,1
RS-FM_LA_D_4771783_4QJktFv916o,0.7625140257106159,0.8979819416999817,0.7854334439220844,1
RS-FM_LA_D_4771783_fake_51427_suno_1,0.9939543365853372,0.657714307308197,0.9892702869591731,1
RS-FM_LA_D_4777626_fake_34425_udio_1,0.9919578267895868,0.9453186988830566,0.9896414836738687,1
RS-FM_LA_D_4777881_MpWGx5odhh8,0.9958656233132868,0.9057232737541199,0.9937284773673754,1
RS-FM_LA_D_4784827_TPYNIc_M1ng,0.9926425102618242,0.9536908864974976,0.9906250712599045,1
RS-FM_LA_D_4796882_fake_23934_udio_0,0.1647305032999829,0.8979819416999817,0.24422645198286297,1
RS-FM_LA_D_4816127_fake_22632_udio_0,0.8140910348046732,0.9196425676345825,0.8322564331575254,1
RS-FM_LA_D_4833247_InfQUMh935c,0.9995573471139044,0.6195173263549805,0.9988670086004291,1
RS-FM_LA_D_4838520_fake_39777_suno_0,0.9938400062054796,0.947225034236908,0.9918213862672242,1
RS-FM_LA_D_4876121_fake_03475_suno_1,0.9997947501140346,0.9250134825706482,0.999553605989144,1
RS-FM_LA_D_4876121_fake_43520_suno_0,0.9840309350161376,0.956892728805542,0.9818054908587617,1
RS-FM_LA_D_4890059_AAWe4zRLVVU,0.4199348299651663,0.9158691167831421,0.5073318146836929,1
RS-FM_LA_D_4941205_fake_33871_udio_1,0.1665957676115709,0.9617642760276794,0.27261303341865467,1
RS-FM_LA_D_4969859_fake_02021_suno_0,0.9144241804220424,0.9223705530166626,0.9154974517136978,1
RS-FM_LA_D_4981154_uqUNGNZoxrg,0.2520945082780125,0.9205614328384399,0.34805466410146485,1
RS-FM_LA_D_5018258_GcOOmVSM8Uw,0.8819699638796547,0.20792150497436523,0.8286210049687623,1
RS-FM_LA_D_5018258_OzaVvthCvtk,0.3449273120765297,0.8884494304656982,0.428425270033881,1
RS-FM_LA_D_5066833_bYwoYjbPm-I,0.8213512122927094,0.8979819416999817,0.833405867603817,1
RS-FM_LA_D_5175785_fake_26077_udio_0,0.9383699489821534,0.6661059260368347,0.9212016288271904,1
RS-FM_LA_D_5178609_Bgsy5UpXx8I,0.5991069654423656,0.9316617846488953,0.6657764089063858,1
RS-FM_LA_D_5178609_fake_53547_suno_0,0.9997627782207036,0.9187139272689819,0.9994879170505754,1
RS-FM_LA_D_5260084_MS8VU468rKk,0.9119645030095846,0.9196425676345825,0.9129989147000078,1
RS-FM_LA_D_5278285_fake_25837_udio_0,0.7468270900173603,0.9574053883552551,0.7934350760178068,1
RS-FM_LA_D_5324608_fake_03140_udio_1,0.999416727661264,0.9399133324623108,0.9989265005610639,1
RS-FM_LA_D_5324608_fake_35430_suno_1,0.7582863170929669,0.8754466772079468,0.7769841762645429,1
RS-FM_LA_D_5348059_fake_47034_udio_1,0.13187303899661,0.902472198009491,0.20582729567611585,1
RS-FM_LA_D_5411434_fake_12720_suno_1,0.987884787002058,0.9196425676345825,0.9844164885100233,1
RS-FM_LA_D_5415483_nBSMh7pgn2o,0.854931737357106,0.9324532747268677,0.8681238207938408,1
RS-FM_LA_D_5445492_fake_52568_suno_0,0.9962664138061462,0.9370266199111938,0.9945754527265065,1
RS-FM_LA_D_5445492_fake_53703_udio_0,0.5027946232605245,0.7941296100616455,0.5461744050581121,1
RS-FM_LA_D_5463411_R77XPtKgvy4,0.9173283181987996,0.9465966820716858,0.9218305034763757,1
RS-FM_LA_D_5467345_T7bG4kIEw-M,0.9415357810822144,0.9413098692893982,0.9415064587357695,1
RS-FM_LA_D_5521568_kQw2NQ_eqyg,0.1816914569964653,0.956892728805542,0.2877598806095224,1
RS-FM_LA_D_5540152_-5FoeegAgvU,0.9939994357304424,0.9158691167831421,0.9914731620965431,1
RS-FM_LA_D_5545304_0jFQ21A6GRA,0.9946802668592256,0.8099984526634216,0.991332490162166,1
RS-FM_LA_D_5545304_XzlDa1dzUh4,0.9956835140185072,0.927573561668396,0.9937266987388953,1
RS-FM_LA_D_5604212_wxKtBDKasgM,0.998369613470138,0.9187139272689819,0.9972634217274279,1
RS-FM_LA_D_5607743_7S3fU4RHabw,0.9170744531799656,0.5006103515625,0.8900391397477835,1
RS-FM_LA_D_5607743_Vfcfj4OIJXE,0.9925661808170236,0.7537567615509033,0.9879126928092833,1
RS-FM_LA_D_5607743_caFMauLQvd4,0.920377449443397,0.8031737804412842,0.9098763214758333,1
RS-FM_LA_D_5611098_KeSbjmMeyrY,0.4659324921650078,0.7900123596191406,0.5133745812582544,1
RS-FM_LA_D_5636069_Gw0KmZ3kbjs,0.9604287785736516,0.9250134825706482,0.9569461969744756,1
RS-FM_LA_D_5636069_j5R0hwX27Gk,0.9897167748338216,0.17328819632530212,0.9774691716034964,1
RS-FM_LA_D_5684697_fake_30345_udio_1,0.997073117284498,0.7443591356277466,0.9945777556861348,1
RS-FM_LA_D_5684697_fake_48009_udio_1,0.937522657655796,0.7900123596191406,0.9261219487226935,1
RS-FM_LA_D_5700038_fake_50216_suno_1,0.9994935975522262,0.9531356692314148,0.9990824632565313,1
RS-FM_LA_D_5738969_fake_52064_suno_1,0.976122046315928,0.9392035007476807,0.9729889021765852,1
RS-FM_LA_D_5907410_fake_24056_suno_1,0.996454032436824,0.9558496475219727,0.9950585902703926,1
RS-FM_LA_D_5925557_Ail32Z1T4QM,0.6490653040334867,0.8128673434257507,0.673911369953542,1
RS-FM_LA_D_5934426_IO5QJRyoqO8,0.9678117823016515,0.7525948882102966,0.9571237780943032,1
RS-FM_LA_D_5934426_OBJM1TqPvu4,0.3328752445517748,0.7018765211105347,0.37906478719602016,1
RS-FM_LA_D_5947257__b5n-mny1lM,0.7784731130986089,0.9453186988830566,0.8121296295309449,1
RS-FM_LA_D_5965283_tIRHm8VhK_4,0.968943856568466,0.8754466772079468,0.9625527922006474,1
RS-FM_LA_D_6067380_CwmUMySSNQc,0.9990575720481047,0.7310585379600525,0.9979554157187285,1
RS-FM_LA_D_6067380_fake_51082_suno_0,0.9999225111703244,0.7981867790222168,0.9997782105795735,1
RS-FM_LA_D_6068075_VsMy72BoIbU,0.135284779349403,0.9308615922927856,0.21825477691894207,1
RS-FM_LA_D_6068075_a-P0p_UtagM,0.8014850470015709,0.9129343032836914,0.8204904360595892,1
RS-FM_LA_D_6073354_fake_21719_suno_1,0.9999157215496668,0.8740772008895874,0.9997782207029593,1
RS-FM_LA_D_6212089_xmSMAmnoRug,0.9985263129986904,0.9129343032836914,0.9974689997845787,1
RS-FM_LA_D_6265671_zRixZ7mWwho,0.9882850088627692,0.9308615922927856,0.9851755003053259,1
RS-FM_LA_D_6266231_fake_20460_suno_0,0.9993961629485918,0.2544533610343933,0.9981822635345549,1
RS-FM_LA_D_6283341_aCUZuMblJPg,0.3118001439228497,0.9205614328384399,0.4084700538949819,1
RS-FM_LA_D_6287239_4kyWH8eWP8M,0.356786671406317,0.8909031748771667,0.4403542667545918,1
RS-FM_LA_D_6287239_fake_31117_suno_1,0.9996943905210578,0.6737070679664612,0.9992039643398622,1
RS-FM_LA_D_6288557_fake_20577_udio_0,0.9976345071949276,0.9149009585380554,0.9961940579616836,1
RS-FM_LA_D_6311046_P0vjXnnIiR4,0.3780135458462372,0.5986876487731934,0.4058254927029339,1
RS-FM_LA_D_6311046_fake_14806_udio_0,0.1036561146265199,0.3586450219154358,0.12429560797505974,1
RS-FM_LA_D_6401877_FYFapDVOFHg,0.7799274669240877,0.5350984334945679,0.7538112159044696,1
RS-FM_LA_D_6401877_idVCpQaByc4,0.9448289218600818,0.9553191661834717,0.9463137200180113,1
RS-FM_LA_D_6402048_LEG7xkYOsWA,0.6978377870786583,0.8726950287818909,0.7268025015469788,1
RS-FM_LA_D_6402048_aUXKK9AmrPU,0.9996008212451356,0.8611649870872498,0.9991295337263983,1
RS-FM_LA_D_6421519_cYRsnYEPIiM,0.7553405838819571,0.6456562876701355,0.7424520593986801,1
RS-FM_LA_D_6421519_fake_47529_suno_0,0.7099723004635011,0.9232608675956726,0.7506799699406868,1
RS-FM_LA_D_6452789_fake_29189_suno_0,0.6522572487594392,0.9433475732803345,0.7135797695623362,1
RS-FM_LA_D_6452789_xUMzNtC2ITA,0.8523029404682498,0.9223705530166626,0.8637353587693505,1
RS-FM_LA_D_6458272_fake_51591_suno_0,0.9988998177518784,0.9598826169967651,0.9982361229455425,1
RS-FM_LA_D_6458272_tuoBmxts5Xo,0.7821881960988742,0.9399133324623108,0.813021453389405,1
RS-FM_LA_D_6495848_AUPmWhim37Y,0.8154523810001758,0.9340110421180725,0.8371504444166272,1
RS-FM_LA_D_6549373_fake_37371_udio_1,0.8934358140264498,0.1679816097021103,0.837793915265355,1
RS-FM_LA_D_6568071_fake_50523_suno_0,0.8350931274420954,0.6805390119552612,0.8190009907789,1
RS-FM_LA_D_6593270_-CUp_Tmg2Y0,0.9791916996063588,0.9002495408058167,0.9743367431739496,1
RS-FM_LA_D_6593270_fake_47653_udio_1,0.1584284118383932,0.8909031748771667,0.23507514275482239,1
RS-FM_LA_D_6598628_fake_45135_udio_1,0.5274282207280375,0.9370266199111938,0.6098177185699718,1
RS-FM_LA_D_6598628_fake_51390_suno_0,0.9990205967553004,0.9453186988830566,0.998337055168149,1
RS-FM_LA_D_6622348_4Ua6i_VDYU4,0.0449169180642162,0.6584175229072571,0.07081326346552516,1
RS-FM_LA_D_6622348_iX_a2Ct0ya8,0.9985004616355196,0.7135114669799805,0.9969041115406498,1
RS-FM_LA_D_6704472_SkIDF7iNJQE,0.2643495344692653,0.5185462236404419,0.29301583072045356,1
RS-FM_LA_D_6724166_f8fUFmjqXZo,0.7297558487030928,0.9196425676345825,0.7651490020037187,1
RS-FM_LA_D_6733447_9IdAIIywBfY,0.0093777693130942,0.8921122550964355,0.02232287856141078,1
RS-FM_LA_D_6733447_fxznho_kNPY,0.9811195884470334,0.8276053667068481,0.9744424553102583,1
RS-FM_LA_D_6752758_0TV9zvfwFhs,0.9871040207249911,0.5625610947608948,0.9782604171359159,1
RS-FM_LA_D_6752758_tcOHcop3sCQ,0.985383626488372,0.8099984526634216,0.9792038740287777,1
RS-FM_LA_D_6780824_fake_23000_suno_1,0.9999157215496668,0.7005671858787537,0.9997445506926029,1
RS-FM_LA_D_6806996_18mS4cLPOb8,0.9997463768906548,0.9426758289337158,0.9994830692573246,1
RS-FM_LA_D_6806996_LHTA8VZGoMs,0.9208419106797572,0.9426758289337158,0.9240606013613734,1
RS-FM_LA_D_6838449_fake_31736_udio_1,0.7471384848403511,0.17150476574897766,0.6765179745859102,1
RS-FM_LA_D_6843468_zayC5mUo7sY,0.9698403725870256,0.9088770747184753,0.965056217854406,1
RS-FM_LA_D_6853055_n_boIyhZqWc,0.7392349807335442,0.8921122550964355,0.7651566231641987,1
RS-FM_LA_D_6853824_X_nfMNpw9SA,0.9714653480357848,0.927573561668396,0.9677228833521714,1
RS-FM_LA_D_6903853_zjsWFvUkh7M,0.5753142738948948,0.24740508198738098,0.5298340925624351,1
RS-FM_LA_D_6972066_YtYjdkTK5oY,0.8863413387123698,0.6477982401847839,0.8660079745777344,1
RS-FM_LA_D_6986371_CrkxrgTiVyk,0.915392700680392,0.9316617846488953,0.917691316553109,1
RS-FM_LA_D_6986371_iQ7qeIrssds,0.9397999381520036,0.27388501167297363,0.9058517047532894,1
RS-FM_LA_D_6989506_fake_25220_udio_1,0.9030072483274842,0.5046873688697815,0.8747350087589733,1
RS-FM_LA_D_6989506_rVdI-aD9pq8,0.9086160404461614,0.8455348014831543,0.9019659466079327,1
RS-FM_LA_D_7066960_0nk7utNkHOY,0.0374080779125193,0.5774953961372375,0.05814500768159067,1
RS-FM_LA_D_7066960_fake_09073_udio_1,0.99943111401866,0.8726950287818909,0.9988307788917596,1
RS-FM_LA_D_7081771_NLQts9t7d8k,0.9839756858294986,0.2556408941745758,0.9690301711460663,1
RS-FM_LA_D_7110669_7ZXz3Xa7APs,0.9980579423309756,0.4255574941635132,0.9954659486900642,1
RS-FM_LA_D_7130070_2G5bSYHcJSM,0.4953613181065863,0.8276053667068481,0.5468111203015558,1
RS-FM_LA_D_7130070_yBYd03Hr2kQ,0.0378780368240531,0.906785249710083,0.07457141194422971,1
RS-FM_LA_D_7179593_O0y-m0pCi5E,0.99154464576744,0.9316617846488953,0.988845651796897,1
RS-FM_LA_D_7234581_4i11P4OCRfk,0.3917120404831538,0.9478464722633362,0.4985236212363799,1
RS-FM_LA_D_7253146_FNnKFUkFJ5M,0.5451066462793082,0.8781471848487854,0.6020823359822527,1
RS-FM_LA_D_7267402_01hjVJN9xCg,0.8733473620473198,0.8371944427490234,0.8690682043144734,1
RS-FM_LA_D_7277373_3JYQgXudiH8,0.7443411152907102,0.927573561668396,0.7792378140534493,1
RS-FM_LA_D_7344200_chw8sAKOM5k,0.7087850963773358,0.8909031748771667,0.7401709115150357,1
RS-FM_LA_D_7366267_5AdeNHlPnvs,0.763098675465856,0.9250134825706482,0.7931965087026421,1
RS-FM_LA_D_7366267_fake_05370_udio_0,0.9894365789113808,0.9196425676345825,0.9861626185600719,1
RS-FM_LA_D_7433591_BjIksWR4oKw,0.9693314833229189,0.7383673787117004,0.9584853121490415,1
RS-FM_LA_D_7433591_Rhn6K9HCbC8,0.9794155951045316,0.9644288420677185,0.9778887100502642,1
RS-FM_LA_D_7460902_Q7oWXOByo28,0.9902547138185775,0.8698915839195251,0.9861759554735741,1
RS-FM_LA_D_7512294_fake_40140_suno_0,0.9427013090018024,0.9355352520942688,0.9418138574050258,1
RS-FM_LA_D_7518137_BiPwCMlghhQ,0.3541865286449907,0.8933094143867493,0.4387226573712979,1
RS-FM_LA_D_7562190_HLXGkzzQHUU,0.927689993276889,0.8166404366493225,0.9179035097823078,1
RS-FM_LA_D_7596579_24cmo2fEQo8,0.8048064232769087,0.9316617846488953,0.8280793294629577,1
RS-FM_LA_D_7596579_dbenNuhAW_I,0.0363005814943727,0.3557748794555664,0.05069656902563116,1
RS-FM_LA_D_7596579_fWu8vVSSkNQ,0.2157804358717653,0.9584133625030518,0.3285397422556247,1
RS-FM_LA_D_7596619_fake_13215_suno_0,0.8940738280733382,0.9340110421180725,0.9002719697625987,1
RS-FM_LA_D_7605047_yIFP8fkq8GU,0.928430221506364,0.3665897250175476,0.8964661266275523,1
RS-FM_LA_D_7611990_fake_40957_suno_0,0.7580057627428644,0.9324532747268677,0.7915998484263028,1
RS-FM_LA_D_7629182_yfaxqwNHe7w,0.9995842379416632,0.8194314241409302,0.9990608155058822,1
RS-FM_LA_D_7640990_fake_48246_suno_1,0.969214405886884,0.957912266254425,0.9679307186166212,1
RS-FM_LA_D_7640990_fake_48460_udio_1,0.4223487217381911,0.9002495408058167,0.5033922188508022,1
RS-FM_LA_D_7727446_DA8lw6Mq0DY,0.4970913026511457,0.9046505093574524,0.5701290227694447,1
RS-FM_LA_D_7727446_fake_06121_suno_0,0.9999051597598972,0.9617642760276794,0.9997921015621175,1
RS-FM_LA_D_7757579_Ee6MP1bIRUA,0.997083952783203,0.3983128070831299,0.9934549662918745,1
RS-FM_LA_D_7783250_fake_35123_suno_0,0.999864288775889,0.9453186988830566,0.9997018798138574,1
RS-FM_LA_D_7783288_fake_17155_udio_1,0.30210550736742,0.9139226078987122,0.39620121028845884,1
RS-FM_LA_D_7783288_fake_26329_udio_1,0.192191588884854,0.9158691167831421,0.28114299652418895,1
RS-FM_LA_D_7783288_mWL9_WIbykw,0.1976950511057828,0.22705774009227753,0.2013442496453279,1
RS-FM_LA_D_7787517_R4jlQEweREY,0.937327199158734,0.8320183753967285,0.9283383960839922,1
RS-FM_LA_D_7866849_HEk4fx_XNNE,0.9836311828207004,0.9158691167831421,0.9796434185068801,1
RS-FM_LA_D_7866849_fake_23581_udio_0,0.9156436174075242,0.949068546295166,0.9209140750619885,1
RS-FM_LA_D_7878191_X1KJfb5xhr4,0.5085165797512101,0.7729422450065613,0.5470827303379721,1
RS-FM_LA_D_7878191_fake_22964_suno_0,0.985832072075251,0.8884494304656982,0.9813068764332628,1
RS-FM_LA_D_7879955_nSinUcyFFqg,0.99365086766815,0.9514318108558655,0.9916979725185318,1
RS-FM_LA_D_7879955_tFVvupXoRoM,0.994805860524382,0.947225034236908,0.9929471065235568,1
RS-FM_LA_D_7879955_zOvFaef41iw,0.8581285942922358,0.9520061612129211,0.8759070922370104,1
RS-FM_LA_D_7885719_fake_47288_udio_0,0.2034526188194409,0.7772998809814453,0.2640696664796637,1
RS-FM_LA_D_7916368_TworrkXAPuI,0.994880069647806,0.4065791964530945,0.9893900093549238,1
RS-FM_LA_D_7957211_OBJM1TqPvu4,0.1715328716117621,0.7479106783866882,0.22640852241333445,1
RS-FM_LA_D_7957211_bHiRX6QYwEk,0.998500743502594,0.902472198009491,0.9973888982585242,1
RS-FM_LA_D_8017606_NIcsJ8sEd0M,0.9052510360576412,0.75951087474823,0.8921674014857147,1
RS-FM_LA_D_8017606_uNUx8rqcy0M,0.864846106205765,0.8503692746162415,0.8630332066462543,1
RS-FM_LA_D_8059879_DhnNZn8JjEQ,0.9946197553155492,0.902472198009491,0.9920793140177353,1
RS-FM_LA_D_8076652_fake_46365_suno_1,0.9468809597130224,0.9547826051712036,0.9479775393637243,1
RS-FM_LA_D_8094862_R7gHB-YuUZM,0.9992651552552044,0.9465966820716858,0.9987088127617314,1
RS-FM_LA_D_8179191_KHjEIheD-Cg,0.989556334092089,0.9149009585380554,0.9861885159506503,1
RS-FM_LA_D_8179191_jfxTOlXF3Kk,0.9938595572146596,0.9002495408058167,0.9910882081983226,1
RS-FM_LA_D_8179191_vOAXAoHtl7o,0.9776351720584318,0.9250134825706482,0.9737420570195883,1
RS-FM_LA_D_8232673_AJj6GGLaIfI,0.5719073741018031,0.894494891166687,0.6294503568048737,1
RS-FM_LA_D_8277825_fake_09403_udio_0,0.5433252422565632,0.9258759021759033,0.6176063812725653,1
RS-FM_LA_D_8277825_fake_53090_suno_0,0.8145173121865912,0.707081139087677,0.8024763668343565,1
RS-FM_LA_D_8302640_d6w3d9S1LVM,0.9586766475108176,0.6470848917961121,0.943438475068922,1
RS-FM_LA_D_8316995_7vC1iriZlX8,0.974332054702855,0.12185285985469818,0.9481920291082641,1
RS-FM_LA_D_8316995_fake_30522_udio_0,0.0666475456815917,0.906785249710083,0.11915071790997789,1
RS-FM_LA_D_8340433_2f7NnTVQzR0,0.999432598111529,0.9584133625030518,0.9990033825123018,1
RS-FM_LA_D_8342132_ZLxhZcS3Ppw,0.7890902589775333,0.707081139087677,0.7794534785334924,1
RS-FM_LA_D_8428131_9L6ePkWtZI4,0.9993471892398894,0.9332363605499268,0.9987986185844645,1
RS-FM_LA_D_8450008_fxznho_kNPY,0.5541036478233008,0.8794784545898438,0.6100198881365565,1
RS-FM_LA_D_8492975_BgTB_xt11bA,0.9996900698599674,0.9109264612197876,0.9993454139252473,1
RS-FM_LA_D_8492975_C-7ubPOCeJk,0.956379026265476,0.947225034236908,0.955280744089429,1
RS-FM_LA_D_8568451_SUclDZHax0w,0.8941123692652793,0.47911369800567627,0.8635668926074627,1
RS-FM_LA_D_8591429_1i1sbQOILb0,0.833082317856304,0.7359454035758972,0.8222826134719287,1
RS-FM_LA_D_8635476_fake_46070_suno_1,0.9964547708881316,0.9046505093574524,0.9945032305467175,1
RS-FM_LA_D_8635731__gWEpDgPAho,0.0939962880592812,0.7826625108718872,0.14128315919778303,1
RS-FM_LA_D_8635731_u6tgeRXOxnU,0.7242510686395959,0.6456562876701355,0.7146574943383065,1
RS-FM_LA_D_8637288_Y02VBGoTi9w,0.5214788251709861,0.9158691167831421,0.5951187877499637,1
RS-FM_LA_D_8637288_xrqDoBor2dk,0.0779061552097278,0.9205614328384399,0.13807233881317899,1
RS-FM_LA_D_8672684_fake_15084_udio_1,0.4698372290613968,0.7537567615509033,0.5100844909270768,1
RS-FM_LA_D_8672684_ymuRKv9iJm4,0.5109675721221482,0.9129343032836914,0.5850825583454016,1
RS-FM_LA_D_8696046_wQN7fRaPl2A,0.8945315796153019,0.9232608675956726,0.8987432579163804,1
RS-FM_LA_D_8736165_fake_38362_udio_1,0.1120936845998554,0.7751285433769226,0.16251715820047197,1
RS-FM_LA_D_8792865_fake_31421_udio_1,0.12672733055158,0.853522539138794,0.1899772955420457,1
RS-FM_LA_D_8826808_D6xrH93lnoc,0.9307071643976512,0.5960569977760315,0.9097423348525203,1
RS-FM_LA_D_8826808_fake_23607_udio_1,0.0391293680553903,0.14963075518608093,0.046944107658289394,1
RS-FM_LA_D_8826808_xyAbP5XfGz8,0.9767380449851908,0.6054258346557617,0.9646747718868287,1
RS-FM_LA_D_8925545_NcsYdCbKgcc,0.9987046039623522,0.9362850189208984,0.9978342578007846,1
RS-FM_LA_D_8925545_fake_28613_suno_0,0.9976579464282688,0.9324532747268677,0.9963470572223017,1
RS-FM_LA_D_8942125_-o0ZtQIkM60,0.9309538056731668,0.8979819416999817,0.9273041627748266,1
RS-FM_LA_D_8942125_fake_16677_udio_0,0.5118848324198703,0.8781471848487854,0.573982150131514,1
RS-FM_LA_D_8942125_fake_53255_suno_0,0.9399518123067728,0.9223705530166626,0.9378968177581535,1
RS-FM_LA_D_8982290_KxUcwQ5BEBk,0.9969173540983124,0.8921122550964355,0.9950443073871864,1
RS-FM_LA_D_8995264_-RYtUAsNhF0,0.9838599708676096,0.484282523393631,0.9725533760175219,1
RS-FM_LA_D_8995264_AAoqx07aTRI,0.4348638259930641,0.2916260063648224,0.4149973141965861,1
RS-FM_LA_D_9006057_31iD2VPLMxQ,0.1849814911857757,0.2544533610343933,0.19311100748667662,1
RS-FM_LA_D_9006057_N-dzfI3L5ic,0.7650501916853408,0.9057232737541199,0.78938468156972,1
RS-FM_LA_D_9060455_bTlp5Qr99RY,0.8348830246919312,0.9223705530166626,0.8496303298939675,1
RS-FM_LA_D_9064936_4ezo771lGts,0.7421252471142032,0.7889736890792847,0.7485823675339873,1
RS-FM_LA_D_9065762_dNQh2iLVAoY,0.3863030484325311,0.855078399181366,0.45711692135905246,1
RS-FM_LA_D_9113203_axqtExFY5-s,0.9948221378272688,0.947225034236908,0.9929663035297708,1
RS-FM_LA_D_9125966_A4vwbziwPm8,0.3231895377208837,0.8405733108520508,0.39485786181809135,1
RS-FM_LA_D_9126745_H6Y_7Ax34-g,0.8237884656077279,0.8487717509269714,0.8272110410378537,1
RS-FM_LA_D_9132872_HfBh3lZZi8Q,0.9991590154097152,0.8768032193183899,0.9983655422317362,1
RS-FM_LA_D_9132872_Z31gI08SMzI,0.5340207257658219,0.8712997436523438,0.5907823072274954,1
RS-FM_LA_D_9132872_fake_16177_udio_1,0.9996733527142748,0.8641270995140076,0.9992712010032737,1
RS-FM_LA_D_9146484_aXDgw2fLHAA,0.8920388185281991,0.13010847568511963,0.8306459265651981,1
RS-FM_LA_D_9148460_fake_29612_suno_0,0.9804916642872208,0.9139226078987122,0.9762259538275625,1
RS-FM_LA_D_9241229_mlpTCec4igo,0.8619391887798007,0.8979819416999817,0.8671679042421676,1
RS-FM_LA_D_9300277_fake_30852_udio_0,0.98325028252988,0.9046505093574524,0.9788669914882748,1
RS-FM_LA_D_9300277_fake_38761_udio_1,0.0975379102983768,0.6737070679664612,0.1368857475710214,1
RS-FM_LA_D_9304099_o6ZQNr0Tpz4,0.5293769803313184,0.19096529483795166,0.47867850242305676,1
RS-FM_LA_D_9348889_fake_27892_suno_1,0.9419337603555218,0.949669361114502,0.9429991900308349,1
RS-FM_LA_D_9354139_fake_53215_udio_1,0.6208032439744996,0.8726950287818909,0.6635432422613515,1
RS-FM_LA_D_9374684_Ieef9l-gWN8,0.9874844720499348,0.8371944427490234,0.9822454751274565,1
RS-FM_LA_D_9471952_bt7rDryN7G4,0.9915126106211618,0.9531356692314148,0.9893700268019312,1
RS-FM_LA_D_9471952_fake_44668_udio_1,0.9545338952464696,0.9187139272689819,0.95090947286767,1
RS-FM_LA_D_9496441_-mA_bqD1tgU,0.8106888091539515,0.9099069833755493,0.8272173578063308,1
RS-FM_LA_D_9496441_fake_20634_suno_1,0.9726549363457372,0.8956687450408936,0.9672862558153524,1
RS-FM_LA_D_9496441_fake_45215_udio_0,0.8083671777989753,0.9362850189208984,0.8322535705222164,1
RS-FM_LA_D_9508570_KFB1raoIhoU,0.9991530738862228,0.6217246651649475,0.9980110293610608,1
RS-FM_LA_D_9508570_fake_35288_suno_1,0.999683899724982,0.9617642760276794,0.9994075771258477,1
RS-FM_LA_D_9515167_4Udqs0trpMw,0.9997974516093258,0.9292351603507996,0.999562290068644,1
RS-FM_LA_D_9543794_NmMJgUo19Gk,0.3453818681633668,0.7335090637207031,0.3954035678811313,1
RS-FM_LA_D_9595794_fake_28154_udio_0,0.4470411284143951,0.9362850189208984,0.5410037813904065,1
RS-FM_LA_D_9676445_JCfZpSEH77Y,0.9632104434860153,0.9617642760276794,0.9630254592633358,1
RS-FM_LA_D_9697774_3zPvfVmL0nE,0.5866497173669959,0.927573561668396,0.6538748131026123,1
RS-FM_LA_D_9697774_J_Raltj-6dk,0.6039204991032641,0.885947585105896,0.6532803831183007,1
RS-FM_LA_D_9829008_fake_52731_suno_0,0.9992559333342614,0.8388910293579102,0.9984697503014492,1
RS-FM_LA_D_9937608_fake_48025_suno_0,0.9895966094207808,0.7572203278541565,0.9838708918948379,1
RS-FM_LA_D_9997701_uy3nQ9VYE-Q,0.9804231418177298,0.9196425676345825,0.9763795484443435,1
RS-RM_LA_D_1056044_083066,0.0092539680544985,0.09427667409181595,0.01261730959869273,0
RS-RM_LA_D_1056044_118052,0.0013853930769768,0.13010847568511963,0.0025428214122891818,0
RS-RM_LA_D_1084356_130870,0.0031687329822674,0.05665242671966553,0.004636204615922101,0
RS-RM_LA_D_1096053_051299,0.0362912732910639,0.7135114669799805,0.06098009036345566,0
RS-RM_LA_D_1096053_094791,0.0063969641459202,0.08035746961832047,0.008955670234655495,0
RS-RM_LA_D_1105131_013744,0.0029238141953887,0.042087726294994354,0.004151868772242596,0
RS-RM_LA_D_1118839_074135,0.0011959929797732,0.7236220836639404,0.0032434430088819533,0
RS-RM_LA_D_1129909_120191,0.0020543487448189,0.033895157277584076,0.0029674105056206024,0
RS-RM_LA_D_1129909_123340,0.0298984322439271,0.8581488728523254,0.05769016190190865,0
RS-RM_LA_D_1129909_126510,0.4048354292020839,0.8794784545898438,0.48078801336283944,0
RS-RM_LA_D_1240976_076385,0.0171332265706647,0.8781471848487854,0.0367464561094275,0
RS-RM_LA_D_1246607_000894,0.0026147680326997,0.22378391027450562,0.004806661860920957,0
RS-RM_LA_D_1275044_044971,0.0015982730512803,0.9187139272689819,0.005040775338366458,0
RS-RM_LA_D_1313431_123978,0.0032037553748903,0.07498650997877121,0.0048659341091575915,0
RS-RM_LA_D_1377420_066124,0.0034034799779642,0.11660297214984894,0.005462037529522719,0
RS-RM_LA_D_1377420_113808,0.0069564104230552,0.9308615922927856,0.01837593444497464,0
RS-RM_LA_D_1377420_139535,0.0071914567439798,0.2248714417219162,0.011567449224365731,0
RS-RM_LA_D_1400319_129001,0.0015617036603265,0.927573561668396,0.005021157475708838,0
RS-RM_LA_D_1427710_021363,0.0570113764795355,0.9589086771011353,0.11593006083130458,0
RS-RM_LA_D_1473255_116723,0.002287076954424,0.8422412872314453,0.0062414843017993,0
RS-RM_LA_D_1487726_013768,0.0029017511439758,0.6098959445953369,0.006546207717570142,0
RS-RM_LA_D_1487726_132272,0.0070083856194803,0.9308615922927856,0.01849394345694463,0
RS-RM_LA_D_1519237_003857,0.0022576594949568,0.061514172703027725,0.0034927577431975456,0
RS-RM_LA_D_1562732_012833,0.0118547020621744,0.3819569945335388,0.01963398499031017,0
RS-RM_LA_D_1562732_100519,0.0029998184787912,0.3665897250175476,0.005925853703011318,0
RS-RM_LA_D_1592094_098805,0.0011514812706386,0.16973592340946198,0.0022548668496199104,0
RS-RM_LA_D_1592094_106873,0.0101230781374078,0.8175744414329529,0.02205306760215662,0
RS-RM_LA_D_1659462_071393,0.0018841415119586,0.853522539138794,0.005336362400918487,0
RS-RM_LA_D_1659462_104086,0.0150316583305079,0.950263500213623,0.03713932615558562,0
RS-RM_LA_D_1686743_059455,0.1497646124384984,0.7443591356277466,0.2023336030460621,0
RS-RM_LA_D_1703452_058341,0.0078898896497215,0.75951087474823,0.017018334136581926,0
RS-RM_LA_D_1714000_045057,0.0060656737976989,0.1577586680650711,0.009434505641691298,0
RS-RM_LA_D_1722779_014969,0.0092782433885511,0.9109264612197876,0.022724776493773566,0
RS-RM_LA_D_1722779_028571,0.0099573106305749,0.5790195465087891,0.0187051106718792,0
RS-RM_LA_D_1736286_043156,0.0242361734728873,0.8166404366493225,0.046495520412244334,0
RS-RM_LA_D_1775211_145432,0.007524232488285,0.8371944427490234,0.01738637342514247,0
RS-RM_LA_D_1820875_024923,0.0039499988910686,0.1055050864815712,0.006126133604855173,0
RS-RM_LA_D_1820875_032744,0.0060118559969871,0.09009299427270889,0.008623718142314538,0
RS-RM_LA_D_1823771_096944,0.1006544208141912,0.902472198009491,0.16575344413559465,0
RS-RM_LA_D_1823771_115008,0.5581245014842642,0.641355037689209,0.5692408269217465,0
RS-RM_LA_D_1838177_099001,0.0012289337480722,0.0932147204875946,0.0021825434253442103,0
RS-RM_LA_D_1842990_124740,0.0019145047635681,0.0741240605711937,0.0031060252274358138,0
RS-RM_LA_D_1859048_137892,0.0200395670742999,0.5011962652206421,0.03281490657345401,0
RS-RM_LA_D_1896334_098999,0.0032690941395382,0.14033624529838562,0.005421227262083764,0
RS-RM_LA_D_1954410_060337,0.7472517179872169,0.9617642760276794,0.7961392395392317,0
RS-RM_LA_D_1961293_011319,0.1879825580508339,0.7335090637207031,0.24207529528891364,0
RS-RM_LA_D_1961293_147769,0.0062715132857118,0.8302640914916992,0.01476583462378943,0
RS-RM_LA_D_1983415_014318,0.0036435864514521,0.0468643493950367,0.005100445973287982,0
RS-RM_LA_D_2053527_084054,0.0367326520047495,0.8302640914916992,0.06688064653898007,0
RS-RM_LA_D_2053527_117881,0.0028676695482224,0.18242552876472473,0.005037957248083898,0
RS-RM_LA_D_2143384_059173,0.0097930825707439,0.5544704794883728,0.018204946330772593,0
RS-RM_LA_D_2178723_005022,0.011914164754796,0.023545347154140472,0.013022788432212024,0
RS-RM_LA_D_2212414_095248,0.0026513011355515,0.8388910293579102,0.007071096734598413,0
RS-RM_LA_D_2212414_112455,0.001731616853659,0.7419732809066772,0.004526594927133186,0
RS-RM_LA_D_2230192_034429,0.0045095707442476,0.6355844140052795,0.009726696167590653,0
RS-RM_LA_D_2242311_085259,0.0135104029417136,0.9109264612197876,0.03135110313781289,0
RS-RM_LA_D_2250508_051937,0.0004181423455723,0.6290456652641296,0.001230247353102528,0
RS-RM_LA_D_2250508_108310,0.0082688458512423,0.7606506943702698,0.017734666927016942,0
RS-RM_LA_D_2252677_100796,0.0044977224636384,0.8956687450408936,0.011912083274995253,0
RS-RM_LA_D_2294476_086152,0.0111325116024733,0.7031826972961426,0.022068340267852805,0
RS-RM_LA_D_2303609_091709,0.016325472907205,0.8754466772079468,0.03515317233072981,0
RS-RM_LA_D_2338525_041388,0.0135570322297092,0.07585817575454712,0.01704235848437773,0
RS-RM_LA_D_2338525_094337,0.0049555338964422,0.4857460558414459,0.009752803264314696,0
RS-RM_LA_D_2407623_107846,0.0017409666254325,0.07943854480981827,0.00288780121567577,0
RS-RM_LA_D_2411901_150161,0.001811393984783,0.31002551317214966,0.003701511611360132,0
RS-RM_LA_D_2417193_137419,0.0088605758802197,0.12052158266305923,0.012587584501109738,0
RS-RM_LA_D_2462911_126602,0.003398426445069,0.9139226078987122,0.009609199838797442,0
RS-RM_LA_D_2552799_063117,0.0099810115493952,0.6477982401847839,0.019451159772764813,0
RS-RM_LA_D_2578749_043518,0.0060630310558329,0.793105959892273,0.013900312586078446,0
RS-RM_LA_D_2578749_087371,0.1245323427807802,0.8080672025680542,0.1809695173684723,0
RS-RM_LA_D_2578749_100476,0.0029660583793285,0.03916572034358978,0.004163324790168868,0
RS-RM_LA_D_2578749_131966,0.0020776449155356,0.08509904146194458,0.003400206148994867,0
RS-RM_LA_D_2589925_016747,0.0550824035622791,0.05938456207513809,0.05562462867959234,0
RS-RM_LA_D_2589925_022479,0.00142881980734,0.5255635976791382,0.003385913078565178,0
RS-RM_LA_D_2644387_118276,0.0052735450905977,0.259225070476532,0.009057211345900408,0
RS-RM_LA_D_2671129_137567,0.0106003585399099,0.7920784950256348,0.022474826979584438,0
RS-RM_LA_D_2718909_033542,0.0012836746255414,0.5041258931159973,0.00305102564413689,0
RS-RM_LA_D_2789932_076140,0.0018128075540954,0.8670357465744019,0.005236374710711587,0
RS-RM_LA_D_2800113_016434,0.0065142169462922,0.885947585105896,0.01618755514568071,0
RS-RM_LA_D_2884522_068430,0.0023373099959891,0.6016871333122253,0.005402610952189767,0
RS-RM_LA_D_2923426_097570,0.0057361064193375,0.3841725289821625,0.010494158447813947,0
RS-RM_LA_D_2954423_050618,0.0129014427411151,0.054681308567523956,0.015610701583043606,0
RS-RM_LA_D_2954917_116527,0.0130878657423375,0.6158274412155151,0.024137022244734303,0
RS-RM_LA_D_2976553_060828,0.0098778810123147,0.07242649048566818,0.01286811220396149,0
RS-RM_LA_D_3039424_068748,0.0467672084159869,0.793105959892273,0.0795789685450839,0
RS-RM_LA_D_3100616_143126,0.0061971883066924,0.08128608018159866,0.00872650514904393,0
RS-RM_LA_D_3150235_108014,0.0070675613071345,0.34510529041290283,0.012302679026535637,0
RS-RM_LA_D_3151376_054633,0.0020718777233795,0.33042797446250916,0.004210313046212072,0
RS-RM_LA_D_3262859_045388,0.0074675417638036,0.9057232737541199,0.01870818561437217,0
RS-RM_LA_D_3262859_137209,0.0015964053974095,0.07943854480981827,0.002678247636856897,0
RS-RM_LA_D_3268836_049106,0.0006026414547232,0.9459611773490906,0.0022882104857599233,0
RS-RM_LA_D_3316221_009550,0.0015080442295154,0.07943854480981827,0.002548938011514982,0
RS-RM_LA_D_3316221_029262,0.0055517289941087,0.6520642042160034,0.011751280573786504,0
RS-RM_LA_D_3316993_046854,0.0324862330985127,0.14337949454784393,0.039731082978321265,0
RS-RM_LA_D_3383198_004161,0.0007632437731864,0.7383673787117004,0.0022172619355858153,0
RS-RM_LA_D_3383198_044798,0.0035554719488355,0.430913507938385,0.007109276154798636,0
RS-RM_LA_D_3404272_066670,0.0067627709356414,0.8157027363777161,0.015557662489153128,0
RS-RM_LA_D_3416462_131952,0.0005731337981785,0.061514172703027725,0.0010606928066538219,0
RS-RM_LA_D_3459809_094775,0.0285652448152712,0.34722715616226196,0.04108379187512604,0
RS-RM_LA_D_3459809_122079,0.0073103793015625,0.15446524322032928,0.011055863397564644,0
RS-RM_LA_D_3475865_136715,0.0019820270226453,0.03916572034358978,0.0029328701991728967,0
RS-RM_LA_D_3500984_004837,0.0059146580692429,0.2839401960372925,0.010166197968748599,0
RS-RM_LA_D_3514242_130887,0.0993101928896189,0.44514358043670654,0.12489017070613471,0
RS-RM_LA_D_3514242_152628,0.0150977253740321,0.5904014110565186,0.026927060625588767,0
RS-RM_LA_D_3526885_026626,0.0178789925708395,0.4065791964530945,0.02834767861493698,0
RS-RM_LA_D_3526885_116861,0.0034448287259766,0.3020615577697754,0.006435052802246925,0
RS-RM_LA_D_3536394_126413,0.7900072521516717,0.793105959892273,0.7904120032764674,0
RS-RM_LA_D_3564164_074380,0.000675505223904,0.47346246242523193,0.001719041618026761,0
RS-RM_LA_D_3596872_128264,0.0115604369316297,0.9223705530166626,0.02796389422114667,0
RS-RM_LA_D_3604610_147182,0.0046853094168462,0.06371499598026276,0.0066176159852056465,0
RS-RM_LA_D_3694891_116318,0.0008788772772384,0.05665242671966553,0.0015208971451704815,0
RS-RM_LA_D_3717777_144179,0.0071912823646979,0.8698915839195251,0.01729194098340557,0
RS-RM_LA_D_3733779_098464,0.001578646898871,0.9340110421180725,0.00513433063912772,0
RS-RM_LA_D_3773719_048933,0.0147869754125248,0.13441191613674164,0.01993090186242392,0
RS-RM_LA_D_3787070_019269,0.0144595218478312,0.10433121025562286,0.018844714713804018,0
RS-RM_LA_D_3787464_022438,0.00049463095345,0.15283973515033722,0.0010643007868917022,0
RS-RM_LA_D_3805241_001149,0.0015266461984372,0.9316617846488953,0.0049632493804741065,0
RS-RM_LA_D_3810542_054234,0.0013861370030437,0.5123997926712036,0.0032754536999467154,0
RS-RM_LA_D_3810542_086562,0.0090130742938654,0.9139226078987122,0.022272092712354193,0
RS-RM_LA_D_3836344_019481,0.0221809639255647,0.042594581842422485,0.024161811350094747,0
RS-RM_LA_D_3857058_036277,0.0010193507140418,0.5904014110565186,0.0026129625456167652,0
RS-RM_LA_D_3878203_111411,0.0011252876620979,0.11660297214984894,0.0020882803931887768,0
RS-RM_LA_D_3892057_131178,0.0068783897450712,0.030768858268857002,0.00837123286110767,0
RS-RM_LA_D_3907778_132150,0.0055860624294743,0.6326842904090881,0.011686713083961216,0
RS-RM_LA_D_3909550_056469,0.0020320505600292,0.6297746300697327,0.004859030901336116,0
RS-RM_LA_D_3912641_090632,0.0021764244177605,0.3812195360660553,0.004522147932957561,0
RS-RM_LA_D_3912641_104814,0.0091630747628258,0.6832504272460938,0.018440508873461495,0
RS-RM_LA_D_3912641_125820,0.0044633751861924,0.9332363605499268,0.012597956053846985,0
RS-RM_LA_D_3912641_142089,0.0034974298840743,0.5467381477355957,0.0074426390594252365,0
RS-RM_LA_D_3956242_056650,0.000911743979582,0.33111974596977234,0.0020646158979591676,0
RS-RM_LA_D_3996355_140621,0.0006263855857478,0.04630914703011513,0.0011021072535744643,0
RS-RM_LA_D_4004968_040080,0.050160654960293,0.7383673787117004,0.08137208864221782,0
RS-RM_LA_D_4013164_072459,0.0084633054030481,0.12185285985469818,0.01211635129758613,0
RS-RM_LA_D_4013164_120332,0.0013427057950327,0.9284088015556335,0.004411691675126528,0
RS-RM_LA_D_4016591_064571,0.0010504051178539,0.9196425676345825,0.0035080712721343157,0
RS-RM_LA_D_4016743_063925,0.0006922202589725,0.07673913985490799,0.0012890626157765674,0
RS-RM_LA_D_4016743_126979,0.2647267763691743,0.6091521978378296,0.30342189324785274,0
RS-RM_LA_D_4041525_120914,0.0033441538009139,0.1020180732011795,0.005275948501221958,0
RS-RM_LA_D_4124707_142377,0.0057235628019428,0.19096529483795166,0.009242602330370617,0
RS-RM_LA_D_4159059_009847,0.31175917466339,0.9413098692893982,0.4186762988465309,0
RS-RM_LA_D_4159059_126032,0.0028028085651692,0.13441191613674164,0.004712612434194515,0
RS-RM_LA_D_4198004_115389,0.0020031306287618,0.06676363199949265,0.0031838385009487166,0
RS-RM_LA_D_4198004_122647,0.0103971973739023,0.9149009585380554,0.025215252560103988,0
RS-RM_LA_D_4221800_087571,0.0224363017117435,0.6513549089431763,0.039073127577246576,0
RS-RM_LA_D_4226294_143079,0.0040498367952346,0.12052158266305923,0.006382813776959466,0
RS-RM_LA_D_4296014_061750,0.0051988713114695,0.2058703601360321,0.00860671892094001,0
RS-RM_LA_D_4334876_001967,0.0016797802450882,0.6326842904090881,0.004125803357725736,0
RS-RM_LA_D_4334876_051151,0.6775987426413668,0.8740772008895874,0.7105537020409565,0
RS-RM_LA_D_4349047_010033,0.0090752657936632,0.13441191613674164,0.013059295884063626,0
RS-RM_LA_D_4350271_119020,0.0122966302052055,0.16973592340946198,0.01759749183682441,0
RS-RM_LA_D_4401633_049098,0.0021596092734064,0.1561049073934555,0.0038439462084612786,0
RS-RM_LA_D_4402714_075911,0.0109515461952614,0.927573561668396,0.026952982778454093,0
RS-RM_LA_D_4433602_074139,0.0250678450570674,0.16110895574092865,0.03231483823888878,0
RS-RM_LA_D_4433602_089846,0.0044084483141444,0.04742587357759476,0.006028331377487295,0
RS-RM_LA_D_4433602_146967,0.0039785310139426,0.14647749066352844,0.0064705031945347475,0
RS-RM_LA_D_4457621_099649,0.003131238048705,0.9088770747184753,0.008880512613744075,0
RS-RM_LA_D_4494387_098946,0.0167055991926328,0.8768032193183899,0.03590655810863905,0
RS-RM_LA_D_4511951_070434,0.0015269523102979,0.8754466772079468,0.004556337606479921,0
RS-RM_LA_D_4571818_057542,0.0102036721045035,0.6297746300697327,0.019628070381472303,0
RS-RM_LA_D_4606004_109874,0.0018629583320727,0.21311505138874054,0.0035521168713045555,0
RS-RM_LA_D_4620892_079975,0.0035597085788544,0.5063961148262024,0.007401100075640571,0
RS-RM_LA_D_4667621_024363,0.0039398940541583,0.1020180732011795,0.006082981454870625,0
RS-RM_LA_D_4723086_051169,0.0409791935214743,0.12455334514379501,0.04758523726628997,0
RS-RM_LA_D_4723558_097912,0.0583145461481113,0.883397102355957,0.10368512776896305,0
RS-RM_LA_D_4723558_129353,0.0067419518773142,0.09975048154592514,0.00966437269889124,0
RS-RM_LA_D_4767028_038907,0.2720032417383296,0.7083739638328552,0.32275821059375953,0
RS-RM_LA_D_4767028_060478,0.0639320591883189,0.9308615922927856,0.11952201280616044,0
RS-RM_LA_D_4796882_109471,0.0016062500109112,0.3593641221523285,0.003431878175147226,0
RS-RM_LA_D_4816127_137117,0.0124055186921439,0.6477982401847839,0.02345619473010552,0
RS-RM_LA_D_4833247_142558,0.0010955104335739,0.7991916537284851,0.0031730963924930414,0
RS-RM_LA_D_4876121_085486,0.0034498923837568,0.9088770747184753,0.009656869057107217,0
RS-RM_LA_D_4890059_030500,0.0026811855852675,0.42441198229789734,0.0055467809507005975,0
RS-RM_LA_D_4941205_118891,0.0038594796873565,0.4028148949146271,0.00752025036735356,0
RS-RM_LA_D_4966083_000585,0.0048023662163285,0.1055050864815712,0.007258411767450515,0
RS-RM_LA_D_4966083_135040,0.095181257869902,0.903566837310791,0.1586479092303584,0
RS-RM_LA_D_4966585_011785,0.0113337632144423,0.9406154751777649,0.028511238631801793,0
RS-RM_LA_D_4969859_034983,0.0124919253949331,0.944011926651001,0.03122725144303875,0
RS-RM_LA_D_4971078_099437,0.0011547996465583,0.7285938262939453,0.0031564354687937364,0
RS-RM_LA_D_4981154_029750,0.0045475749583491,0.3893607556819916,0.008606576727526584,0
RS-RM_LA_D_5018258_077387,0.0077859500724141,0.44398611783981323,0.014109768310886736,0
RS-RM_LA_D_5018258_114392,0.0033158009673759,0.6143477559089661,0.0073662136866685605,0
RS-RM_LA_D_5066833_006602,0.0019923140238782,0.13296423852443695,0.0034979509356782255,0
RS-RM_LA_D_5105872_004158,0.0023391477887025,0.06446477025747299,0.0036254485004845265,0
RS-RM_LA_D_5162129_050851,0.0021406920670452,0.060796502977609634,0.003329575593740977,0
RS-RM_LA_D_5255870_079909,0.1860976854228194,0.8909031748771667,0.2668341351595283,0
RS-RM_LA_D_5260084_082705,0.0205531878146936,0.8080672025680542,0.0401258835561384,0
RS-RM_LA_D_5278285_149611,0.0018539707877762,0.07585817575454712,0.003030308921691512,0
RS-RM_LA_D_5348059_148647,0.0058671756570706,0.5664023160934448,0.011767942983837707,0
RS-RM_LA_D_5374875_073169,0.0047480016574761,0.1020180732011795,0.007152346412152407,0
RS-RM_LA_D_5386683_075612,0.0138626941827369,0.9426758289337158,0.03401992001130744,0
RS-RM_LA_D_5411748_148076,0.007494386765605,0.9292351603507996,0.019528890873610563,0
RS-RM_LA_D_5415483_145985,0.0049589309377734,0.8768032193183899,0.012651320198770662,0
RS-RM_LA_D_5475950_040136,0.004262360041841,0.1577586680650711,0.006947270493398607,0
RS-RM_LA_D_5545304_071372,0.0025411938229181,0.9392035007476807,0.007842946031239938,0
RS-RM_LA_D_5561293_060726,0.011742215038856,0.37387579679489136,0.019387925467068228,0
RS-RM_LA_D_5604212_063352,0.0017785507824651,0.1679816097021103,0.003284492051910595,0
RS-RM_LA_D_5611098_028279,0.00201745514447,0.46645671129226685,0.004430242857395084,0
RS-RM_LA_D_5617526_054137,0.0025768726033903,0.9046505093574524,0.007454308886230071,0
RS-RM_LA_D_5626364_082885,0.0267341134111523,0.9232608675956726,0.05710686037946109,0
RS-RM_LA_D_5660085_127297,0.0027589759605206,0.23482751846313477,0.005076831706873833,0
RS-RM_LA_D_5684697_048157,0.0122686970937074,0.7109494805335999,0.02410647771937913,0
RS-RM_LA_D_5684697_051592,0.0010794488197934,0.4073334038257599,0.0024948082603718346,0
RS-RM_LA_D_5700038_066482,0.0060346947253687,0.8794784545898438,0.015034501561548383,0
RS-RM_LA_D_5763453_061166,0.0531958010251162,0.5960569977760315,0.07912830619363116,0
RS-RM_LA_D_5770185_036534,0.0006970482691891,0.48252665996551514,0.0017749370183972831,0
RS-RM_LA_D_5770185_117251,0.0224506914025559,0.36296918988227844,0.03369051621113125,0
RS-RM_LA_D_5774989_133775,0.0146375278759954,0.9109264612197876,0.03357096779295228,0
RS-RM_LA_D_5796246_031249,0.0067551381257091,0.8921122550964355,0.01683592339873047,0
RS-RM_LA_D_5796246_043843,0.0113301234984753,0.7160597443580627,0.02258359256825611,0
RS-RM_LA_D_5826428_016997,0.0127882826916679,0.3073579967021942,0.02009560210089125,0
RS-RM_LA_D_5826428_086792,0.0049165979972521,0.04310724884271622,0.006542431399608673,0
RS-RM_LA_D_5826428_148882,0.0037563440779925,0.9520061612129211,0.011354744481640087,0
RS-RM_LA_D_5835377_001783,0.0009878791153512,0.16280551254749298,0.0019609334230860495,0
RS-RM_LA_D_5855069_132778,0.0048307277732601,0.6784973740577698,0.010579587085744687,0
RS-RM_LA_D_5855069_134801,0.0169965546106356,0.1679816097021103,0.023245728325520756,0
RS-RM_LA_D_5881435_063400,0.0080391567471882,0.938485860824585,0.021142256350047756,0
RS-RM_LA_D_5898234_109536,0.1792055811398526,0.8933094143867493,0.25967413205195383,0
RS-RM_LA_D_5925557_024655,0.0011097643042418,0.5778765678405762,0.0027943862884091675,0
RS-RM_LA_D_5934426_140000,0.0165436281719886,0.44167301058769226,0.027001723641516883,0
RS-RM_LA_D_5947257_066779,0.0004453162780253,0.05277495086193085,0.0008339199022509614,0
RS-RM_LA_D_5947257_098235,0.0212156812209258,0.8388910293579102,0.04233164782498878,0
RS-RM_LA_D_5952548_001822,0.0192663451376795,0.1577586680650711,0.02566070420740065,0
RS-RM_LA_D_5952548_052255,0.0015364827206748,0.4824290871620178,0.003526598748020678,0
RS-RM_LA_D_5965283_039278,0.0551493108323925,0.1315297782421112,0.061975907016785334,0
RS-RM_LA_D_5972086_142096,0.1764828685105998,0.6150878667831421,0.21769049090348502,0
RS-RM_LA_D_6027798_130133,0.0667018388672875,0.6399161219596863,0.09790358822433526,0
RS-RM_LA_D_6067380_132554,0.3155285772001141,0.32629290223121643,0.3169171124835669,0
RS-RM_LA_D_6068075_146940,0.0442898798750564,0.7083739638328552,0.07195744674312299,0
RS-RM_LA_D_6077981_124508,0.0103702252992356,0.7606506943702698,0.021552218754729378,0
RS-RM_LA_D_6113999_129350,0.0095136872683609,0.09975048154592514,0.013027828199736061,0
RS-RM_LA_D_6212089_025928,0.0021878894105047,0.4039429724216461,0.0045991949368391245,0
RS-RM_LA_D_6265671_069202,0.0154192388257417,0.6209893822669983,0.02786686371916834,0
RS-RM_LA_D_6266231_051111,0.0616238506951208,0.662621796131134,0.09267948068127044,0
RS-RM_LA_D_6287239_109235,0.0106590288973876,0.3968158960342407,0.018055452889114722,0
RS-RM_LA_D_6288557_144164,0.0134035329916577,0.16885694861412048,0.018944902559255253,0
RS-RM_LA_D_6311046_121205,0.008147158667223,0.8422412872314453,0.01870820209234128,0
RS-RM_LA_D_6325680_152361,0.1232307216254705,0.793105959892273,0.17764078193456698,0
RS-RM_LA_D_6369583_087971,0.0035709113108321,0.3543437123298645,0.006845595412062964,0
RS-RM_LA_D_6421519_116451,0.0040961105123291,0.8921122550964355,0.010934710952432512,0
RS-RM_LA_D_6453794_113594,0.1308741065953385,0.8302640914916992,0.19142855968255745,0
RS-RM_LA_D_6453794_121213,0.0087346665859208,0.9205614328384399,0.021922749240014316,0
RS-RM_LA_D_6458272_003475,0.0008741219200994,0.06297335773706436,0.0015360067185630165,0
RS-RM_LA_D_6458272_060990,0.0274376763159188,0.5368471145629883,0.04373110426728434,0
RS-RM_LA_D_6478834_003517,0.0013730003037213,0.22815649211406708,0.002756039617827308,0
RS-RM_LA_D_6478834_090148,0.0067544432750481,0.40431925654411316,0.012220419201969757,0
RS-RM_LA_D_6549373_033271,0.0151826207348797,0.9355352520942688,0.03618847179891206,0
RS-RM_LA_D_6622348_090693,0.0824757636166393,0.7455466389656067,0.12387543057128324,0
RS-RM_LA_D_6704472_063477,0.0013675824442587,0.6165664792060852,0.003420787824750747,0
RS-RM_LA_D_6710190_046065,0.7295303525939884,0.8455348014831543,0.7472973787621942,0
RS-RM_LA_D_6710190_147218,0.0022477446564752,0.8371944427490234,0.006118642395580426,0
RS-RM_LA_D_6749101_105920,0.0152070798723257,0.9129343032836914,0.03479109742647723,0
RS-RM_LA_D_6780824_026932,0.0401347272312093,0.7371581792831421,0.06737074859602356,0
RS-RM_LA_D_6787225_078999,0.004871162632935,0.12185285985469818,0.0075042782107967105,0
RS-RM_LA_D_6806996_016427,0.0374213325257026,0.31002551317214966,0.05072805839080763,0
RS-RM_LA_D_6836003_110632,0.0094655372943949,0.0741240605711937,0.012440729436587257,0
RS-RM_LA_D_6838449_129398,0.0035767586474524,0.8807970285415649,0.009585687817831168,0
RS-RM_LA_D_6853055_122713,0.0078582217442103,0.07585817575454712,0.010620142056577018,0
RS-RM_LA_D_6864236_125589,0.2213027356952806,0.9406154751777649,0.3240078222864967,0
RS-RM_LA_D_6903853_014779,0.0055057998455397,0.05403875932097435,0.007442921825078794,0
RS-RM_LA_D_6916843_032791,0.0113870450984028,0.3514891266822815,0.018648698677520274,0
RS-RM_LA_D_6936162_026697,0.0217733684415777,0.9370266199111938,0.049294264986585734,0
RS-RM_LA_D_6936162_134956,0.0004673330591481,0.7718434929847717,0.0014822313792387854,0
RS-RM_LA_D_6972066_061806,0.0227237240156419,0.11155053228139877,0.028136898449293027,0
RS-RM_LA_D_6986371_011733,0.0003747106665983,0.2916260063648224,0.0009305637295491984,0
RS-RM_LA_D_6989506_144933,0.001472047075425,0.07498650997877121,0.00247582798970555,0
RS-RM_LA_D_7050071_040522,0.0863660192314263,0.9205614328384399,0.15011656440919313,0
RS-RM_LA_D_7179593_107585,0.0146360640823206,0.1768990010023117,0.020589704036635646,0
RS-RM_LA_D_7203605_020341,0.0041818734169733,0.3586450219154358,0.007869164352122007,0
RS-RM_LA_D_7252855_138204,0.0018260513172741,0.8138161897659302,0.005003849558600566,0
RS-RM_LA_D_7253146_046023,0.0080538282462073,0.8872045874595642,0.01946198109616274,0
RS-RM_LA_D_7267402_049364,0.0107489884964389,0.1315297782421112,0.015073426854293668,0
RS-RM_LA_D_7277373_064806,0.0138096160912211,0.6268554329872131,0.025428090990694374,0
RS-RM_LA_D_7304634_047474,0.0005914118141731,0.13441191613674164,0.0012192266255368637,0
RS-RM_LA_D_7339633_085951,0.0033214916113255,0.3458119034767151,0.006397897363146622,0
RS-RM_LA_D_7366267_030902,0.0170456429369264,0.7674110531806946,0.033170099217802784,0
RS-RM_LA_D_7366267_153333,0.0229712763774614,0.7674110531806946,0.04279695032783823,0
RS-RM_LA_D_7423342_053988,0.0039515135431005,0.08413086086511612,0.005933371591833408,0
RS-RM_LA_D_7455119_108532,0.039857751459931,0.5147417783737183,0.05949821645422927,0
RS-RM_LA_D_7455119_109477,0.0090821790116554,0.11405239254236221,0.012757250518892945,0
RS-RM_LA_D_7460902_016165,0.1598898929444217,0.5294580459594727,0.19340497199294196,0
RS-RM_LA_D_7512294_056163,0.0005200878167863,0.09643316268920898,0.0010385002809075936,0
RS-RM_LA_D_7518137_022332,0.021590260054133,0.6061721444129944,0.0369035957649679,0
RS-RM_LA_D_7518137_042847,0.0010194727310599,0.04742587357759476,0.00168874196393065,0
RS-RM_LA_D_7518137_082780,0.0040924287482906,0.08413086086511612,0.006116659145267861,0
RS-RM_LA_D_7600381_027182,0.0041629611811486,0.6377530097961426,0.009087113160256812,0
RS-RM_LA_D_7600381_143528,0.0118816959534804,0.9088770747184753,0.028001426638882443,0
RS-RM_LA_D_7640990_011917,0.0067345191097468,0.11920291930437088,0.009906935521534875,0
RS-RM_LA_D_7647812_045617,0.0137779884806468,0.052153561264276505,0.016421531990024895,0
RS-RM_LA_D_7712846_073340,0.1737895921736131,0.5306256413459778,0.20744620806267772,0
RS-RM_LA_D_7727446_054749,0.0169923341732674,0.2058703601360321,0.023990052399778333,0
RS-RM_LA_D_7727446_068445,0.02694063352529,0.8371944427490234,0.05177672783280954,0
RS-RM_LA_D_7757579_011321,0.2180806005527195,0.9250134825706482,0.3134010560882437,0
RS-RM_LA_D_7757579_018763,0.0135852611382489,0.8821032643318176,0.030283388681360428,0
RS-RM_LA_D_7758267_066975,0.0006173889272563,0.0932147204875946,0.0011996529361403773,0
RS-RM_LA_D_7758918_017131,0.0007278065973599,0.3352855443954468,0.0017015736424628432,0
RS-RM_LA_D_7783288_054025,0.0024867223307718,0.5235177874565125,0.005471028115104982,0
RS-RM_LA_D_7783288_074968,0.0085846286496284,0.9088770747184753,0.021190803215161428,0
RS-RM_LA_D_7783712_004066,0.0133615384270095,0.9340110421180725,0.032352605095430996,0
RS-RM_LA_D_7783712_029659,0.0108054579002094,0.665410578250885,0.02103567317014537,0
RS-RM_LA_D_7786543_114429,0.0170424308742553,0.5945512652397156,0.02994581384512192,0
RS-RM_LA_D_7787517_014198,0.0333025823335589,0.894494891166687,0.06583490327138308,0
RS-RM_LA_D_7869886_098339,0.0037292931868628,0.28776782751083374,0.0068325674800914895,0
RS-RM_LA_D_7870292_056274,0.0007866325775726,0.13883498311042786,0.0015700018463271166,0
RS-RM_LA_D_7870292_071087,0.0066707514196214,0.9149009585380554,0.017222826206950093,0
RS-RM_LA_D_7879955_022560,0.001761525063274,0.6647144556045532,0.0043784697336940945,0
RS-RM_LA_D_7885719_037731,0.077091877683044,0.7371581792831421,0.1165267534669529,0
RS-RM_LA_D_7916368_069299,0.0168501398142003,0.05277495086193085,0.019586280987008153,0
RS-RM_LA_D_7933208_004836,0.0024541547117887,0.8487717509269714,0.0066776528691412426,0
RS-RM_LA_D_7933208_086576,0.0026463986874453,0.4073334038257599,0.00543466502361182,0
RS-RM_LA_D_7933208_096769,0.0023070274878801,0.14647749066352844,0.004031498170608772,0
RS-RM_LA_D_7933208_125827,0.0642512069052181,0.6926419734954834,0.09755332038612924,0
RS-RM_LA_D_8017606_138300,0.0052979646623338,0.8487717509269714,0.012992506802878136,0
RS-RM_LA_D_8023275_097774,0.0059055629093518,0.10788782685995102,0.008712977436492643,0
RS-RM_LA_D_8023275_107852,0.0077165278403353,0.15283973515033722,0.011567675526584503,0
RS-RM_LA_D_8059879_080295,0.0124849207793932,0.46024036407470703,0.021390164437621505,0
RS-RM_LA_D_8076652_020093,0.0146691956424871,0.25091278553009033,0.02182835024949916,0
RS-RM_LA_D_8076652_119245,0.0041241171458382,0.7211151719093323,0.009471132889007333,0
RS-RM_LA_D_8089175_010460,0.0008735604705919,0.12592275440692902,0.0016948469217979757,0
RS-RM_LA_D_8089175_067780,0.0010717577828107,0.09534945338964462,0.001944074849214174,0
RS-RM_LA_D_8094862_139772,0.001934725249257,0.8231010437011719,0.005303781199456818,0
RS-RM_LA_D_8179191_147168,0.1103310621516925,0.8807970285415649,0.1742204116544603,0
RS-RM_LA_D_8210164_012569,0.0073356233865117,0.03557119145989418,0.009025314086540835,0
RS-RM_LA_D_8210164_141394,0.0033247456462495,0.9284088015556335,0.00967476287759749,0
RS-RM_LA_D_8232673_026022,0.0015591571897843,0.8080672025680542,0.004341830042169235,0
RS-RM_LA_D_8232673_050861,0.0064212797042988,0.1787264198064804,0.010105431330549473,0
RS-RM_LA_D_8274833_029937,0.0015378359814988,0.45364904403686523,0.003476825497870031,0
RS-RM_LA_D_8274833_129918,0.0097858234449883,0.5675531625747681,0.018317078146383434,0
RS-RM_LA_D_8277825_083911,0.002962999408663,0.947225034236908,0.009132017271168337,0
RS-RM_LA_D_8302640_001734,0.045894812394502,0.9324532747268677,0.09123092694704699,0
RS-RM_LA_D_8302640_047192,0.0015059720969505,0.15446524322032928,0.0028058908892349146,0
RS-RM_LA_D_8340433_013834,0.0111106270724718,0.23595239222049713,0.016991542989278043,0
RS-RM_LA_D_8340433_127914,0.011730067259398,0.8754466772079468,0.02649604602556373,0
RS-RM_LA_D_8393123_092514,0.0020653881880455,0.8807970285415649,0.005958728660913998,0
RS-RM_LA_D_8394417_064478,0.0177845478758973,0.8726950287818909,0.03769738893450296,0
RS-RM_LA_D_8394417_065002,0.0160313158801675,0.27017199993133545,0.023868888703072084,0
RS-RM_LA_D_8443765_090656,0.0238287399284678,0.13883498311042786,0.03025596765444272,0
RS-RM_LA_D_8450008_059676,0.0119240791793435,0.15942667424678802,0.01697173149709822,0
RS-RM_LA_D_8544546_056472,0.00481843154512,0.9370266199111938,0.013566200033200046,0
RS-RM_LA_D_8568451_018876,0.0120193096634193,0.1315297782421112,0.016604553894396266,0
RS-RM_LA_D_8568451_054129,0.0026437048369163,0.6283161640167236,0.006099705983830278,0
RS-RM_LA_D_8568451_082221,0.0096629180087398,0.6209893822669983,0.018638807133372168,0
RS-RM_LA_D_8591429_038894,0.0107274208001729,0.6939709186553955,0.02125690138419326,0
RS-RM_LA_D_8596053_036654,0.0489820740098857,0.1768990010023117,0.05839457614663759,0
RS-RM_LA_D_8635476_000213,0.0106682313162247,0.8921122550964355,0.024934175023973396,0
RS-RM_LA_D_8635476_069222,0.0129811904898197,0.08907352387905121,0.01678432177921429,0
RS-RM_LA_D_8635731_063260,0.0045210157601547,0.033895157277584076,0.005889343496370782,0
RS-RM_LA_D_8637288_085444,0.0011632525228513,0.883397102355957,0.003633484758931224,0
RS-RM_LA_D_8637288_131341,0.060401384503426,0.4145195782184601,0.08072373214681067,0
RS-RM_LA_D_8672684_000210,0.0066965772710407,0.11920291930437088,0.00985851314220191,0
RS-RM_LA_D_8688425_018579,0.0529186568920151,0.5755879878997803,0.077986948649351,0
RS-RM_LA_D_8688425_111455,0.0532885365480655,0.5843423008918762,0.07878677367183518,0
RS-RM_LA_D_8736165_055807,0.0141046728955971,0.08317269384860992,0.017864244945384095,0
RS-RM_LA_D_8792865_066703,0.0009023807494083,0.4148988425731659,0.00214383156983699,0
RS-RM_LA_D_8826808_121651,0.4787073197847359,0.949669361114502,0.5763314775115711,0
RS-RM_LA_D_8870668_123611,0.0292798533263921,0.8061210513114929,0.054128773421725306,0
RS-RM_LA_D_8873219_046542,0.0660362574871469,0.6513549089431763,0.09765260344338986,0
RS-RM_LA_D_8988223_024430,0.001043626707094,0.09427667409181595,0.0018965640670272044,0
RS-RM_LA_D_8988223_117632,0.0005166618076981,0.8302640914916992,0.0016965821086104942,0
RS-RM_LA_D_8988223_119725,0.0011397701421848,0.14337949454784393,0.0021776894516531346,0
RS-RM_LA_D_9042253_053899,0.0061864451435449,0.1373472362756729,0.009398433142363258,0
RS-RM_LA_D_9042253_072133,0.0008043291297909,0.14804719388484955,0.001616318367668902,0
RS-RM_LA_D_9042253_148604,0.0007959326433059,0.6619228720664978,0.002193020505561927,0
RS-RM_LA_D_9060455_010279,0.0474236634431763,0.37022536993026733,0.06421763523524926,0
RS-RM_LA_D_9060455_011839,0.0025747214233023,0.11155053228139877,0.00425897266524984,0
RS-RM_LA_D_9125966_148305,0.0619474493500431,0.9149009585380554,0.11349862126805497,0
RS-RM_LA_D_9126745_127036,0.0257863036851886,0.1561049073934555,0.03295730058222128,0
RS-RM_LA_D_9132872_004197,0.0136664356737621,0.14337949454784393,0.018795747323391815,0
RS-RM_LA_D_9148460_023883,0.0014183651917902,0.04856814816594124,0.002257599688353513,0
RS-RM_LA_D_9184655_012175,0.0085666079988797,0.34793582558631897,0.014553407627604594,0
RS-RM_LA_D_9241229_015476,0.0005454797114246,0.5809227228164673,0.0015100259231628388,0
RS-RM_LA_D_9241229_105912,0.0014457783210517,0.8684702515602112,0.004310464929795552,0
RS-RM_LA_D_9241229_127194,0.0037973326733502,0.23821333050727844,0.006714677995583464,0
RS-RM_LA_D_9300277_094035,0.0096794312145378,0.662621796131134,0.01910280906101593,0
RS-RM_LA_D_9304099_006596,0.0013323166154739,0.7762160301208496,0.003694237597534932,0
RS-RM_LA_D_9304099_081190,0.0168517298125692,0.6784973740577698,0.031050636905011125,0
RS-RM_LA_D_9374684_074776,0.0018799168574684,0.24508501589298248,0.003665230628174759,0
RS-RM_LA_D_9382979_091555,0.0119984159301457,0.883397102355957,0.027272070074142434,0
RS-RM_LA_D_9385770_028105,0.0787128545127094,0.9205614328384399,0.13923362715191925,0
RS-RM_LA_D_9441585_037510,0.0081666693155633,0.7762160301208496,0.01774281976701584,0
RS-RM_LA_D_9515167_011458,0.0209410859210338,0.3694970905780792,0.031844955592993135,0
RS-RM_LA_D_9515167_042245,0.0008438296846714,0.3290466368198395,0.0019279510292932848,0
RS-RM_LA_D_9580426_074367,0.0986901663633392,0.45113304257392883,0.12457367715042704,0
RS-RM_LA_D_9595794_067788,0.0084516538106986,0.08413086086511612,0.011477272607485989,0
RS-RM_LA_D_9613437_093398,0.1647485243880528,0.9362850189208984,0.2567543228065898,0
RS-RM_LA_D_9613437_129884,0.0037419159455048,0.28648853302001953,0.006847092936897804,0
RS-RM_LA_D_9676445_088938,0.0054490108376167,0.07159119844436646,0.007667323370145419,0
RS-RM_LA_D_9685348_116567,0.0025694276887404,0.2120688259601593,0.004692298328246598,0
RS-RM_LA_D_9697774_096669,0.0006351051112276,0.1127954050898552,0.0012639248407126855,0
RS-RM_LA_D_9697774_129685,0.0013849294434965,0.8455348014831543,0.00405304114342432,0
RS-RM_LA_D_9835881_000708,0.0007728235872385,0.18429723381996155,0.0016152444967509221,0
RS-RM_LA_D_9835881_046069,0.0287490122287257,0.8611649870872498,0.055981000605811994,0
RS-RM_LA_D_9835881_058063,0.0214313262401502,0.6784973740577698,0.03814816771014844,0
RS-RM_LA_D_9864113_057395,0.1646032159290714,0.9514318108558655,0.2637727092465548,0
RS-RM_LA_D_9924906_001640,0.1106367135893172,0.45287466049194336,0.13730233904757613,0
RS-RM_LA_D_9924906_142080,0.007383264099928,0.7772998809814453,0.016278749410115406,0
RS-RM_LA_D_9937608_015544,0.0010846397152842,0.8726950287818909,0.003375376844466985,0
RS-RM_LA_D_9960664_055286,0.0295598922180846,0.13296423852443695,0.03622151578654016,0
RS-RM_LA_D_9996570_059449,0.003965324460476,0.5482865571975708,0.00830463965695147,0
RS-RM_LA_D_9997701_026327,0.011126832548366,0.4627644121646881,0.019392837975127045,0
RS-RM_LA_D_9997701_080880,0.0390831643860658,0.33111974596977234,0.05328633202253489,0
factorial_0025,0.0330263652525995,0.1020180732011795,0.038396991597988414,0
factorial_0026,0.0918399124305381,0.7729422450065613,0.13773333448850655,0
factorial_0027,0.0091875557300326,0.5513805150985718,0.017202049512241663,0
factorial_0028,0.4543029758406028,0.13010847568511963,0.3997586945757997,0
factorial_0029,0.0264499474990207,0.6239269375801086,0.044313429329187616,0
factorial_0030,0.0327266991002232,0.13010847568511963,0.03942726324416223,0
factorial_0031,0.0092975012726402,0.21733753383159637,0.014367651259497322,0
factorial_0032,0.0897360638216773,0.03229546174407005,0.07887947544347346,0
factorial_0033,0.0037868927749568,0.6435085535049438,0.008398900483045788,0
factorial_0034,0.0088318153645827,0.10909681022167206,0.012372179197113252,0
factorial_0035,0.0647805699750926,0.569086492061615,0.09224316034174557,0
factorial_0036,0.0204668112109653,0.4971802532672882,0.03334729905436288,0
factorial_0037,0.0713744164107628,0.7674110531806946,0.11134960505793189,0
factorial_0038,0.4372233305593221,0.8320183753967285,0.4970946019908558,0
factorial_0039,0.0225697330161266,0.9453186988830566,0.05176265387520335,0
factorial_0040,0.0183066229796001,0.8872045874595642,0.0393078781557642,0
factorial_0041,0.0500443428782317,0.4490060806274414,0.06994988383273636,0
factorial_0042,0.0341841798388899,0.2689414322376251,0.0457884788149194,0
factorial_0043,0.7114922465061895,0.9332363605499268,0.7555017621268172,0
factorial_0044,0.0142162640481932,0.9250134825706482,0.0335254929011829,0
factorial_0045,0.0099871388647648,0.10788782685995102,0.013741335344741316,0
factorial_0046,0.0586833437483585,0.5138636231422424,0.08262934953302384,0
factorial_0047,0.0152986390537569,0.6180430054664612,0.027635828202955976,0
factorial_0048,0.0325387342004018,0.15122824907302856,0.04009808820167218,0
factorial_0049,0.058939194616369,0.5335432887077332,0.08371820425357693,0
factorial_0075,0.6923046144215,0.8641270995140076,0.72030937259523,1
factorial_0076,0.9997502239979936,0.9598826169967651,0.9995141554518218,1
factorial_0077,0.9191305670544392,0.9453186988830566,0.9230917384000734,1
factorial_0078,0.1931776121262254,0.8684702515602112,0.2692788773014836,1
factorial_0079,0.9782018339943558,0.9520061612129211,0.9758201655207696,1
factorial_0080,0.9994332847651144,0.8422412872314453,0.9987962094999977,1
factorial_0081,0.0065493542848404,0.7335090637207031,0.014240019421759821,1
factorial_0082,0.9761582532428495,0.6069179177284241,0.9639478645511322,1
factorial_0083,0.9184674452382589,0.9574053883552551,0.9249446068198187,1
factorial_0084,0.934416375797426,0.9241418242454529,0.9331577324688669,1
factorial_0085,0.9781516323567212,0.9652765989303589,0.9767877357490938,1
factorial_0086,0.977893479785644,0.906785249710083,0.9732117792807087,1
factorial_0087,0.3201791117919335,0.853522539138794,0.3950961405588708,1
factorial_0088,0.8707909856660485,0.9644288420677185,0.8898230150560229,1
factorial_0089,0.9997064594894236,0.883397102355957,0.9993508096836718,1
factorial_0090,0.9979809802079692,0.9392035007476807,0.9968355015954493,1
factorial_0091,0.7467940755067893,0.9459611773490906,0.7880322715074773,1
factorial_0092,0.8574801005923923,0.950263500213623,0.8748707815247625,1
factorial_0093,0.3181297100391333,0.6619228720664978,0.35987031109630463,1
factorial_0094,0.999725843227762,0.8001928329467773,0.999335433980771,1
factorial_0095,0.9966130290586132,0.949068546295166,0.9951586143076364,1
factorial_0096,0.7458816501579502,0.9196425676345825,0.7779331641065402,1
factorial_0097,0.9909727315583836,0.950263500213623,0.9886949955901139,1
factorial_0098,0.9399384986707804,0.927573561668396,0.9384504535443379,1
factorial_0099,0.0159399084200176,0.4892106056213379,0.026791844556006895,1
factorial_0100,0.5206711268413002,0.7525948882102966,0.5539396632030483,0
factorial_0101,0.062146470752371,0.06598900258541107,0.06263392672184986,0
factorial_0102,0.0150406439927687,0.10087862610816956,0.019405937754294306,0
factorial_0103,0.0895078925507176,0.3033808171749115,0.1065795792739827,0
factorial_0104,0.0538498091819927,0.8872045874595642,0.09748637620390033,0
factorial_0105,0.0053072379673623,0.08706576377153397,0.007702138782597732,0
factorial_0106,0.007234766434431,0.5134732723236084,0.01372412544142318,0
factorial_0107,0.0095087239099986,0.030768858268857002,0.011090515726060944,0
factorial_0108,0.3534103694400605,0.42174232006073,0.3620257602839522,0
factorial_0109,0.1609808675253134,0.3201407492160797,0.17737548230769665,0
factorial_0110,0.0314896465491656,0.48086872696876526,0.047849591386952064,0
factorial_0111,0.107096182127591,0.8726950287818909,0.1687091144246564,0
factorial_0112,0.0136009331322926,0.11789672821760178,0.018188002377085087,0
factorial_0113,0.0259542782784868,0.36296918988227844,0.03816291110477909,0
factorial_0114,0.5745014255046371,0.17508625984191895,0.5149229780375906,0
factorial_0115,0.6413505279556544,0.1741853952407837,0.5752632382805793,0
factorial_0116,0.3236475018696138,0.07673913985490799,0.2759548097696358,0
factorial_0117,0.1247505625179072,0.7044855356216431,0.17051381658510925,0
factorial_0118,0.0062618936410996,0.16110895574092865,0.009729821952127996,0
factorial_0119,0.4119970935768421,0.8781471848487854,0.4868224210096961,0
factorial_0120,0.9228849509702464,0.8138161897659302,0.9130350692410825,0
factorial_0121,0.1831977050898413,0.9046505093574524,0.26737082121641126,0
factorial_0122,0.3815003602074371,0.14804719388484955,0.3434695095536646,0
factorial_0123,0.0555624588523144,0.08035746961832047,0.058323530090562035,0
factorial_0124,0.0221825369883444,0.021352555602788925,0.02207288175324679,0
factorial_0125,0.7683479011271855,0.07242649048566818,0.6707623763638382,1
factorial_0126,0.8225726872159609,0.7335090637207031,0.8124634148592932,1
factorial_0127,0.99817375920064,0.9553191661834717,0.9972194331506204,1
factorial_0128,0.9181617096366426,0.9340110421180725,0.9204031109299006,1
factorial_0129,0.1929254501193304,0.793105959892273,0.2553308054359598,1
factorial_0130,0.2817423170892196,0.9316617846488953,0.38353946100238084,1
factorial_0131,0.1757796184685027,0.41641688346862793,0.19969447175900987,1
factorial_0132,0.0979569338236273,0.7383673787117004,0.1422603428192099,1
factorial_0133,0.5430569457397714,0.5475124716758728,0.5436365692848136,1
factorial_0134,0.0026035806892171,0.1418510526418686,0.004456226553457909,1
factorial_0135,0.0015085843236318,0.077629454433918,0.0025414792048845647,1
factorial_0136,0.7328536522033753,0.11405239254236221,0.6482737738682,1
factorial_0137,0.8809186326836796,0.9406154751777649,0.8909160828223006,1
factorial_0138,0.3151345123888184,0.9406154751777649,0.4216048445463813,1
factorial_0139,0.9304862888093886,0.8455348014831543,0.9225807578624382,1
factorial_0140,0.7855948405001634,0.8884494304656982,0.8021059748959067,1
factorial_0141,0.693136887350695,0.7031826972961426,0.6944535345236524,1
factorial_0142,0.9830347842490534,0.8991213440895081,0.978461133569412,1
factorial_0143,0.0050436609405254,0.6737070679664612,0.010950892620770331,1
factorial_0144,0.0031956644125943,0.07673913985490799,0.004870987322120254,1
factorial_0145,0.9111084361763778,0.14804719388484955,0.8578081004558185,1
factorial_0146,0.2609025322137251,0.8909031748771667,0.34684960778117063,1
factorial_0147,0.1425824031480561,0.03308597952127457,0.1192518235240252,1
factorial_0148,0.5785198919856843,0.5428633093833923,0.5739224881992762,1
factorial_0149,0.0746977106326581,0.6442251205444336,0.10790549310782596,1
factorial_0150,0.0916564440404828,0.3849121630191803,0.11341251310173465,0
factorial_0151,0.555155667974141,0.9514318108558655,0.6409468053134075,0
factorial_0152,0.0507478374984603,0.12052158266305923,0.05697738750452401,0
factorial_0153,0.0132892918255014,0.3593641221523285,0.021402552245578733,0
factorial_0154,0.2774663710604517,0.04856814816594124,0.2280427798336096,0
factorial_0155,0.0221957999216596,0.9232608675956726,0.048803040453644676,0
factorial_0156,0.1743826445849401,0.16973592340946198,0.1737729437161326,0
factorial_0157,0.0332092623457074,0.49538588523864746,0.05043576030454701,0
factorial_0158,0.587247695684109,0.8933094143867493,0.6417599820156098,0
factorial_0159,0.1298421045740143,0.3401782214641571,0.14916383244334203,0
factorial_0160,0.0329921779582897,0.16110895574092865,0.04096127345096468,0
factorial_0161,0.0219957403282089,0.8099984526634216,0.042579950599336,0
factorial_0162,0.0073143846613624,0.14647749066352844,0.010972588083164305,0
factorial_0163,0.7775363655102702,0.9088770747184753,0.800223071863345,0
factorial_0164,0.0473966232950087,0.14963075518608093,0.055386579079314706,0
factorial_0165,0.4623114246319129,0.9109264612197876,0.5426075382904979,0
factorial_0166,0.0162241246794812,0.16280551254749298,0.022223366788775283,0
factorial_0167,0.1043330889116867,0.12052158266305923,0.10632348736937641,0
factorial_0168,0.9764314829125996,0.9520061612129211,0.9741246519611498,0
factorial_0169,0.3721445206502755,0.10909681022167206,0.3256262688540682,0
factorial_0170,0.1524148408056423,0.06913840770721436,0.13815094722437388,0
factorial_0171,0.058814657722088,0.05277495086193085,0.05799429881656737,0
factorial_0172,0.0853607312440705,0.7185943722724915,0.12548810525886142,0
factorial_0173,0.0218265971215057,0.5521533489227295,0.036228559054341684,0
factorial_0174,0.0414629985236662,0.903566837310791,0.0800658352282533,0
factorial_0175,0.9774879097929116,0.09643316268920898,0.952112882575738,1
factorial_0176,0.9883731932758572,0.6180430054664612,0.9806922549036279,1
factorial_0177,0.7457901607165126,0.9465966820716858,0.7875327825978277,1
factorial_0178,0.6887005711498848,0.949068546295166,0.7448012437915781,1
factorial_0179,0.9624922034382544,0.49296918511390686,0.9437191274955193,1
factorial_0180,0.9981870613761444,0.8794784545898438,0.9968239559756433,1
factorial_0181,0.7031395986765375,0.13883498311042786,0.6254966647523571,1
factorial_0182,0.9931475795315576,0.4130035638809204,0.9863955185082363,1
factorial_0183,0.2260799638074035,0.9392035007476807,0.3285546530237754,1
factorial_0184,0.9961132934501096,0.9453186988830566,0.9944906280219161,1
factorial_0185,0.5887209113950445,0.9002495408058167,0.6452104673474899,1
factorial_0186,0.5067082165195863,0.657714307308197,0.5270366606685851,1
factorial_0187,0.999299763074944,0.902472198009491,0.9986528292023813,1
factorial_0188,0.9978221493184852,0.824913740158081,0.9960583084493408,1
factorial_0189,0.9977848770571912,0.8503692746162415,0.9960957393833968,1
factorial_0190,0.0319091660325729,0.04630914703011513,0.03350224957443393,1
factorial_0191,0.1460805078735855,0.9459611773490906,0.23793833997191752,1
factorial_0192,0.7493387228171126,0.9355352520942688,0.7859152678238799,1
factorial_0193,0.999263175119906,0.902472198009491,0.9985918343822504,1
factorial_0194,0.970819701281282,0.1273050308227539,0.9426105582316539,1
factorial_0195,0.3006660728711,0.9002495408058167,0.3897432937028101,1
factorial_0196,0.9648078549158964,0.8090347051620483,0.9555681608768165,1
factorial_0197,0.8031519451132768,0.9205614328384399,0.8237287399968601,1
factorial_0198,0.908978814008786,0.28905048966407776,0.868192353054781,1
factorial_0199,0.9918198985850936,0.8422412872314453,0.9877737471122431,1
factorial_0200,0.9200160938810484,0.060086652636528015,0.8541505055364262,0
factorial_0201,0.1063456908928688,0.3886180520057678,0.12888997955354148,0
factorial_0202,0.1122878253174703,0.8175744414329529,0.1674516739014526,0
factorial_0203,0.0733381051224284,0.5127902030944824,0.09974061253381089,0
factorial_0204,0.6068346506465783,0.9129343032836914,0.664430862965678,0
factorial_0205,0.0090080122402753,0.06676363199949265,0.01174642874799427,0
factorial_0206,0.0048323676434073,0.8185047507286072,0.011667897781011275,0
factorial_0207,0.0451285883801028,0.45423004031181335,0.06421433146965835,0
factorial_0208,0.1179186265960892,0.7729422450065613,0.16918112811187958,0
factorial_0209,0.0263231229995903,0.20282189548015594,0.03491879232271194,0
factorial_0210,0.0815282102757542,0.5148394107818604,0.1091732144582414,0
factorial_0211,0.0107999783848647,0.507323682308197,0.01933549234292966,0
factorial_0212,0.4940923430869429,0.05093147233128548,0.40111784100588505,0
factorial_0213,0.0917275729014736,0.9459611773490906,0.1648544958854334,0
factorial_0214,0.0073634831773596,0.622459352016449,0.014754636032205526,0
factorial_0215,0.7899239136233938,0.949669361114502,0.8226143231643952,0
factorial_0216,0.0430344177530598,0.7879312038421631,0.07392443080403327,0
factorial_0217,0.3224662628107448,0.5166929960250854,0.34586678524259146,0
factorial_0218,0.0208377051855613,0.7431679368019104,0.03874205704789458,0
factorial_0219,0.1495865484918185,0.2427796572446823,0.15978853404470078,0
factorial_0220,0.295357504539529,0.43936243653297424,0.3125647403942004,0
factorial_0221,0.0246653950311745,0.08509904146194458,0.029083483919347494,0
factorial_0222,0.0928041493752385,0.11789672821760178,0.09577216172561502,0
factorial_0223,0.6887951122151852,0.19000154733657837,0.6230955888469718,0
factorial_0224,0.0105241668960403,0.6290456652641296,0.020150108025742568,0
factorial_0225,0.7156313960283214,0.08907352387905121,0.6226162326580224,1
factorial_0226,0.005955093425334,0.9057232737541199,0.015396012843636894,1
factorial_0227,0.951399042381776,0.1561049073934555,0.914374540632052,1
factorial_0228,0.3094894842714096,0.6893056035041809,0.3555829799491858,1
factorial_0229,0.7574617980131307,0.23934932053089142,0.6985611514125126,1
factorial_0230,0.9970343448388403,0.9661048054695129,0.9959172271946842,1
factorial_0231,0.6204881352068679,0.4240303635597229,0.5957764526186695,1
factorial_0232,0.8882014660230737,0.947225034236908,0.8982975615496305,1
factorial_0233,0.9992894821077062,0.853522539138794,0.99855122339468,1
factorial_0234,0.9978234959583115,0.6009380221366882,0.9954336027704458,1
factorial_0235,0.2603094848822845,0.025332700461149216,0.20051258800836622,1
factorial_0236,0.9738693645824892,0.6866222023963928,0.9626650465174509,1
factorial_0237,0.5093092844806009,0.9478464722633362,0.6009440366621774,1
factorial_0238,0.9880750448373496,0.9158691167831421,0.9845301879107599,1
factorial_0239,0.0068676394394341,0.6180430054664612,0.013859125162360594,1
factorial_0240,0.9686522814578332,0.9465966820716858,0.9663825631229053,1
factorial_0241,0.9675860469765556,0.9644288420677185,0.96719145608319,1
factorial_0242,0.930751815849312,0.7443591356277466,0.9167857198125886,1
factorial_0243,0.7240463239040421,0.9250134825706482,0.7623934221790306,1
factorial_0244,0.7101567024053309,0.8872045874595642,0.7403467059884503,1
factorial_0245,0.487006931665498,0.9129343032836914,0.5647036616443748,1
factorial_0246,0.9817345062166974,0.2248714417219162,0.9646160655739852,1
factorial_0247,0.98584758575682,0.12185285985469818,0.9687865857065957,1
factorial_0248,0.9935103931885828,0.5994382500648499,0.9882189653984258,1
factorial_0249,0.9622271972794448,0.8933094143867493,0.9566037119855684,1
factorial_0250,0.0306339705994551,0.4876002371311188,0.04689148418496567,0
factorial_0251,0.7977234475921756,0.7868850231170654,0.796338053394767,0
factorial_0252,0.0093753817265562,0.7211151719093323,0.019247931432746914,0
factorial_0253,0.0865592519981426,0.8979819416999817,0.1458773367230194,0
factorial_0254,0.0428932628738451,0.8455348014831543,0.07723484417039932,0
factorial_0255,0.0113471254070527,0.20792150497436523,0.01694829342511951,0
factorial_0256,0.014734967952063,0.4802836775779724,0.02492615146412543,0
factorial_0257,0.1103577000735607,0.7147873044013977,0.1549447964807452,0
factorial_0258,0.01321402937139,0.9129343032836914,0.03085960866960045,0
factorial_0259,0.1588459291140729,0.8768032193183899,0.23236125599483673,0
factorial_0260,0.0195795041818306,0.21840254962444305,0.027371670738166633,0
factorial_0261,0.5218146874663883,0.29681727290153503,0.49096056659729687,0
factorial_0262,0.0156295999922294,0.756069540977478,0.03055472958342294,0
factorial_0263,0.0388927345636388,0.6872942447662354,0.06368771517628762,0
factorial_0264,0.0062869417731119,0.5529259443283081,0.012405133511457774,0
factorial_0265,0.5208545790866456,0.3768065571784973,0.5018024447142178,0
factorial_0266,0.0187186510687646,0.12052158266305923,0.024056492496254283,0
factorial_0267,0.1090329264386558,0.6939709186553955,0.15172507953933875,0
factorial_0268,0.8828761833494683,0.9426758289337158,0.8929619325482436,0
factorial_0269,0.0090895611037286,0.7135114669799805,0.018651925034457312,0
factorial_0270,0.2720717817026024,0.6297746300697327,0.31278390286550406,0
factorial_0271,0.4987800856712698,0.927573561668396,0.581091273167938,0
factorial_0272,0.0348271219284955,0.12455334514379501,0.04134568836178531,0
factorial_0273,0.0223810653555222,0.8221890926361084,0.043653176531938495,0
factorial_0274,0.0507087451097048,0.8166404366493225,0.08670245311218522,0
factorial_0275,0.9368099322015556,0.9406154751777649,0.9373172227966439,1
factorial_0276,0.8889798121320133,0.6054258346557617,0.8659450416648734,1
factorial_0277,0.93466097942858,0.9525741338729858,0.9373044219027662,1
factorial_0278,0.9991274116647708,0.859663724899292,0.9982791010326905,1
factorial_0279,0.5155499950480337,0.902472198009491,0.5850116930119712,1
factorial_0280,0.9985189869943454,0.8276053667068481,0.9971871023875634,1
factorial_0281,0.8759729180361774,0.9223705530166626,0.8831347960895838,1
factorial_0282,0.016105629924014,0.8031737804412842,0.032454237385284884,1
factorial_0283,0.9700866823545904,0.4278508424758911,0.9520756043052437,1
factorial_0284,0.9884276352908116,0.903566837310791,0.984635261479642,1
factorial_0285,0.9086159061654442,0.8641270995140076,0.9036766099306975,1
factorial_0286,0.9981043682640084,0.8371944427490234,0.9965453067111826,1
factorial_0287,0.0654607677803162,0.22378391027450562,0.07765296761342627,1
factorial_0288,0.9992240457562124,0.8979819416999817,0.9985174491349613,1
factorial_0289,0.8670531191995902,0.9459611773490906,0.8811646791226079,1
factorial_0290,0.99977945348564,0.9223705530166626,0.9995224852195294,1
factorial_0291,0.931148798893802,0.9426758289337158,0.9327606600218421,1
factorial_0292,0.9353585128825622,0.9196425676345825,0.9334900649710686,1
factorial_0293,0.9849909477341032,0.8611649870872498,0.9797136415392226,1
factorial_0294,0.2726378463705288,0.7868850231170654,0.33539115335212527,1
factorial_0295,0.9597534760244626,0.9399133324623108,0.9575819737471248,1
factorial_0296,0.7822203358164066,0.6852758526802063,0.7709324862173956,1
factorial_0297,0.3946053204271176,0.45674899220466614,0.4025377752392728,1
factorial_0298,0.960576372970168,0.9258759021759033,0.9571521238767702,1
factorial_0299,0.0047796487445202,0.9223705530166626,0.013088718673150944,1
factorial_0300,0.0390788490838652,0.859663724899292,0.07240058600358362,0
factorial_0301,0.0272832883020023,0.906785249710083,0.056600492655330036,0
factorial_0302,0.140971602604869,0.8337581753730774,0.2038055857313594,0
factorial_0303,0.0216801751504745,0.24508501589298248,0.030458405176009003,0
factorial_0304,0.0041655343177792,0.09752782434225082,0.006343185740499443,0
factorial_0305,0.059554299664894,0.5126925706863403,0.0836211526909306,0
factorial_0306,0.0350456272946649,0.3983128070831299,0.05030439446806811,0
factorial_0307,0.1204393826949798,0.7223703265190125,0.16721604899941314,0
factorial_0308,0.0255454811199668,0.8641270995140076,0.05080916340554545,0
factorial_0309,0.1018521504214526,0.445915549993515,0.1276318916686983,0
factorial_0310,0.2639763779631544,0.18149520456790924,0.25201152344378147,0
factorial_0311,0.0526389980273021,0.36296918988227844,0.06993950383601802,0
factorial_0312,0.0312123271916445,0.581683337688446,0.04993573413674572,0
factorial_0313,0.059669788559174,0.9205614328384399,0.11101227846097117,0
factorial_0314,0.0401814194945833,0.5994382500648499,0.06247955403799176,0
factorial_0315,0.5040795524772165,0.6556006669998169,0.5244516450266024,0
factorial_0316,0.2841090803960669,0.8276053667068481,0.3543231059157008,0
factorial_0317,0.8321998050843845,0.19682618975639343,0.770355082637833,0
factorial_0318,0.1276995340086447,0.9316617846488953,0.2088221699947112,0
factorial_0319,0.0098287608766396,0.3380771279335022,0.01629808472005778,0
factorial_0320,0.0537623362898403,0.20689405500888824,0.06478039089804158,0
factorial_0321,0.0160402831330575,0.25208935141563416,0.0235979620186256,0
factorial_0322,0.0308464378323157,0.7431679368019104,0.054109624247505324,0
factorial_0323,0.9513924926467608,0.12185285985469818,0.9113926805782243,0
factorial_0324,0.117143587673978,0.14647749066352844,0.12064693602196172,0
factorial_0325,0.9770573091344644,0.37901055812835693,0.9608213837990678,1
factorial_0326,0.023019993148726,0.8698915839195251,0.046804101039204245,1
factorial_0327,0.0845158208893095,0.4966065287590027,0.11159493745255034,1
factorial_0328,0.9990913078469288,0.6456562876701355,0.9979136647581143,1
factorial_0329,0.9905615236164582,0.9149009585380554,0.9873488506457853,1
factorial_0330,0.6484241793189801,0.6283161640167236,0.6458379657853747,1
factorial_0331,0.9978316913498748,0.053403329104185104,0.9930412638084382,1
factorial_0332,0.1657352282802683,0.6187804341316223,0.20700239179922694,1
factorial_0333,0.8957016898506363,0.9558496475219727,0.9064090014616787,1
factorial_0334,0.9103190070786208,0.7490872144699097,0.8964552077514734,1
factorial_0335,0.9966970223389696,0.66888028383255,0.9936867900221296,1
factorial_0336,0.9977127836845168,0.7005671858787537,0.995496887090881,1
factorial_0337,0.980595372306492,0.949669361114502,0.9780024056736785,1
factorial_0338,0.9330312852282237,0.6341356039047241,0.9139828774060759,1
factorial_0339,0.6451284693660233,0.5349040627479553,0.631387342508221,1
factorial_0340,0.7778713465293127,0.9196425676345825,0.8033318186864077,1
factorial_0341,0.1862704527778715,0.32629290223121643,0.20149081033981445,1
factorial_0342,0.904255274801772,0.9589086771011353,0.9139636263079677,1
factorial_0343,0.999912106724112,0.5664023160934448,0.9997141978189298,1
factorial_0344,0.9575071027873162,0.9433475732803345,0.9558779968926102,1
factorial_0345,0.9741855704774052,0.9453186988830566,0.9715067601385834,1
factorial_0346,0.9995030922618616,0.6966191530227661,0.9988018915781001,1
factorial_0347,0.9973788886324236,0.9661048054695129,0.9963327272206872,1
factorial_0348,0.9996786559479692,0.4590761363506317,0.9990666539050052,1
factorial_0349,0.9984242999470048,0.906785249710083,0.9972911982240559,1
factorial_0350,0.0091045002472174,0.7359454035758972,0.018948298622509362,0
factorial_0351,0.1881871237580226,0.8337581753730774,0.2568950264402867,0
factorial_0352,0.6432069328370174,0.4490060806274414,0.619185094129976,0
factorial_0353,0.9714297286600688,0.9589086771011353,0.97003987313214,0
factorial_0354,0.0075239849946916,0.8581488728523254,0.017750475071378485,0
factorial_0355,0.8754653235432436,0.5165954232215881,0.8462233175201603,0
factorial_0356,0.0361124264263637,0.9250134825706482,0.07373049531630033,0
factorial_0357,0.5200930986341754,0.6798592805862427,0.5418687094883876,0
factorial_0358,0.0027491232142002,0.5360700488090515,0.0060073408123131455,0
factorial_0359,0.0090064950121355,0.1020180732011795,0.012463452677230837,0
factorial_0360,0.0684215535686005,0.6852758526802063,0.10242358521520788,0
factorial_0361,0.4014465797963003,0.9109264612197876,0.4886859434134796,0
factorial_0362,0.1330658763297215,0.5176684260368347,0.16502678681953276,0
factorial_0363,0.0730945576385017,0.7285938262939453,0.11090698709019767,0
factorial_0364,0.1649873034077974,0.14033624529838562,0.16159633484190541,0
factorial_0365,0.0186736134733448,0.33181220293045044,0.028256716625253968,0
factorial_0366,0.0507997099457492,0.7057850360870361,0.08066288061690619,0
factorial_0367,0.9065441444607368,0.7640476226806641,0.893739524963851,0
factorial_0368,0.0259340520911861,0.6076632142066956,0.04320316792821755,0
factorial_0369,0.0246770406661473,0.761786699295044,0.04531367527831517,0
factorial_0370,0.0058855118309249,0.5640984773635864,0.011785539571136965,0
factorial_0371,0.9822752339865066,0.8641270995140076,0.9766486129877444,0
factorial_0372,0.0653966796417032,0.1768990010023117,0.07489839589302058,0
factorial_0373,0.1362323593699249,0.9292351603507996,0.21889978071952562,0
factorial_0374,0.4425484505767983,0.7298280000686646,0.482099954211558,0
factorial_0375,0.868630808931737,0.8611649870872498,0.8676798793776148,1
factorial_0376,0.9967220011299897,0.9316617846488953,0.9951000720958578,1
factorial_0377,0.997334903046022,0.9308615922927856,0.9958998216869029,1
factorial_0378,0.4402966411670926,0.9362850189208984,0.5350950348014638,1
factorial_0379,0.1066497336364614,0.8267117738723755,0.1616505559944262,1
factorial_0380,0.9823405821239138,0.7083739638328552,0.9737021142959262,1
factorial_0381,0.989502940036888,0.6548947095870972,0.982679543055396,1
factorial_0382,0.8953041419893518,0.950263500213623,0.9047031781942078,1
factorial_0383,0.0162506735767649,0.761786699295044,0.031716404835750375,1
factorial_0384,0.7660056170363702,0.9187139272689819,0.793634865832858,1
factorial_0385,0.9722501690094604,0.949669361114502,0.9699950481971755,1
factorial_0386,0.998642865098592,0.927573561668396,0.9977042303869873,1
factorial_0387,0.914305139445686,0.8956687450408936,0.9120649853629955,1
factorial_0388,0.982925760765358,0.9284088015556335,0.9793505828835851,1
factorial_0389,0.9882946505152058,0.9626730680465698,0.9863700662895118,1
factorial_0390,0.1218805158039485,0.8388910293579102,0.18190035429194668,1
factorial_0391,0.9982461562249416,0.5820634961128235,0.9961755463274171,1
factorial_0392,0.7076449763229189,0.9514318108558655,0.7605699820101532,1
factorial_0393,0.9483081873308252,0.949669361114502,0.9484870889145006,1
factorial_0394,0.9743186712433868,0.636307954788208,0.9621673654118592,1
factorial_0395,0.999711014262892,0.9617642760276794,0.9994520313362766,1
factorial_0396,0.9990802074144112,0.7961657047271729,0.9980901323947733,1
factorial_0397,0.0437236224724599,0.7198565006256104,0.07166432212557426,1
factorial_0398,0.9996357136568864,0.3694970905780792,0.9989078349143519,1
factorial_0399,0.9060741751532276,0.8821032643318176,0.9032248035124638,1
mixed_0000,0.0187580532247813,0.07943854480981827,0.022725932969921717,0
mixed_0001,0.0099675717452312,0.7057850360870361,0.020097481166127713,0
mixed_0002,0.0051420658900425,0.7198565006256104,0.011452952471110563,0
mixed_0003,0.0776083296450806,0.10087862610816956,0.08032925837498209,0
mixed_0004,0.9777775317243552,0.9453186988830566,0.974979846736892,0
mixed_0005,0.0960032675792705,0.05732417479157448,0.08989432846454817,0
mixed_0006,0.0135868929741966,0.09643316268920898,0.017657167057035437,0
mixed_0007,0.0154558078936185,0.03643886372447014,0.01729487762498078,0
mixed_0008,0.0278509813977789,0.33111974596977234,0.039840943921444494,0
mixed_0009,0.9782874632917528,0.9355352520942688,0.9749285634399117,0
mixed_0010,0.2626785371970384,0.14804719388484955,0.24500714751648578,0
mixed_0011,0.0909260366490757,0.12455334514379501,0.09478419708252384,0
mixed_0012,0.005662200911518,0.5469317436218262,0.011296367636049994,0
mixed_0013,0.2958395887025762,0.7606506943702698,0.35339670278057617,0
mixed_0014,0.0084653609706245,0.09643316268920898,0.011717085202520794,0
mixed_0015,0.209553758893384,0.1679816097021103,0.20374876175925077,0
mixed_0016,0.1848702632722507,0.10909681022167206,0.1731001993792294,0
mixed_0017,0.0026624158435235,0.2839401960372925,0.005088127916579293,0
mixed_0018,0.0152233103371023,0.7018765211105347,0.02885399704847368,0
mixed_0019,0.003165758841336,0.8166404366493225,0.008080250681192981,0
mixed_0020,0.0255863199372915,0.7261149883270264,0.045657403606811295,0
mixed_0021,0.0208139077761706,0.041091274470090866,0.022754893520814303,0
mixed_0022,0.0696868091056785,0.4478466212749481,0.09263878945839853,0
mixed_0023,0.1527996174420743,0.7794561982154846,0.20981853774777262,0
mixed_0024,0.0196229036247487,0.1679816097021103,0.02631935737068046,0
mixed_0025,0.6956647401194279,0.8212735652923584,0.7145348846844175,0
mixed_0026,0.1595896588659691,0.793105959892273,0.21914944127630656,0
mixed_0027,0.1300504959105713,0.08509904146194458,0.12322961213254138,0
mixed_0028,0.0197484811096929,0.2664908766746521,0.028505394319734666,0
mixed_0029,0.0397137649466823,0.07673913985490799,0.04332270859304061,0
mixed_0030,0.0454533081835839,0.1577586680650711,0.05383417536190036,0
mixed_0031,0.0318832196540569,0.4740467369556427,0.04819727801920592,0
mixed_0032,0.0329487583680513,0.05598807334899902,0.03532367564412463,0
mixed_0033,0.0275237454125951,0.650644838809967,0.046506998839487765,0
mixed_0034,0.0021142359238758,0.05732417479157448,0.0032672226243961188,0
mixed_0035,0.020901511443067,0.2994328439235687,0.030554112287670212,0
mixed_0036,0.0168476963802733,0.8921122550964355,0.03685284075153329,0
mixed_0037,0.0236575532687223,0.3893607556819916,0.03574263733785881,0
mixed_0038,0.744103373054177,0.2628418207168579,0.6888141259655515,0
mixed_0039,0.0087204183881537,0.26163265109062195,0.014023865660889291,0
mixed_0040,0.0358145537198541,0.09009299427270889,0.040485890181754594,0
mixed_0041,0.937392474055994,0.7479106783866882,0.9238456929320106,0
mixed_0042,0.1704040224507116,0.11789672821760178,0.16265130040015574,0
mixed_0043,0.006497150318033,0.08509904146194458,0.009150630466276465,0
mixed_0044,0.8491023044978202,0.8231010437011719,0.8459088803259172,0
mixed_0045,0.0041172014169675,0.02659698948264122,0.005256828610375915,0
mixed_0046,0.0335049240752153,0.8354835510253906,0.0621711803793475,0
mixed_0047,0.0716977785721517,0.6805390119552612,0.10624647565048455,0
mixed_0048,0.0176439913830952,0.23821333050727844,0.025378647409269046,0
mixed_0049,0.0200202009978001,0.9205614328384399,0.04451097635363589,0
mixed_0050,0.988969490163005,0.7310585379600525,0.9827326318448508,1
mixed_0051,0.998673062064548,0.7173287868499756,0.997222863744594,1
mixed_0052,0.461763900683356,0.6297746300697327,0.48394067366544297,1
mixed_0053,0.955532466478669,0.35220175981521606,0.9301836890158643,1
mixed_0054,0.8389388660891209,0.43398144841194153,0.8023863836100593,1
mixed_0055,0.8447738162419048,0.672331690788269,0.8274096401020467,1
mixed_0056,0.99957531023495,0.17239464819431305,0.9985726464469052,1
mixed_0057,0.9819559902762632,0.3673156797885895,0.967906127521404,1
mixed_0058,0.9822012183337244,0.8641270995140076,0.9765642881476527,1
mixed_0059,0.1648994508191101,0.9223705530166626,0.2516977336954929,1
mixed_0060,0.9414573252572022,0.40431925654411316,0.9142133482376038,1
mixed_0061,0.9992984873677392,0.7879312038421631,0.9984810120002398,1
mixed_0062,0.9564965450175724,0.9057232737541199,0.9517912392598479,1
mixed_0063,0.2414990324992781,0.902472198009491,0.3303845448255931,1
mixed_0064,0.9877334102986498,0.8909031748771667,0.9835529312306425,1
mixed_0065,0.9974718742144612,0.9553191661834717,0.9963112199593729,1
mixed_0066,0.9577707738361668,0.6979384422302246,0.9439895316347284,1
mixed_0067,0.99974214379146,0.824913740158081,0.999383095975452,1
mixed_0068,0.9973511789352474,0.2776296138763428,0.993540014684931,1
mixed_0069,0.9991623431656818,0.6520642042160034,0.9980632241585654,1
mixed_0070,0.5055458084105163,0.09975048154592514,0.4337174664959845,1
mixed_0071,0.2839661173799185,0.07498650997877121,0.24392788368331986,1
mixed_0072,0.4102827422174252,0.9584133625030518,0.5230441479114352,1
mixed_0073,0.4756917722103178,0.29551446437835693,0.4507608866730343,1
mixed_0074,0.9980105138770052,0.5416997671127319,0.9956416611704949,1
mixed_0075,0.9007993055040768,0.47969868779182434,0.8708817002620287,1
mixed_0076,0.988335113855416,0.8320183753967285,0.9832144959487269,1
mixed_0077,0.9999032379755296,0.883397102355957,0.9997527339996143,1
mixed_0078,0.998831557025704,0.4893570840358734,0.9971787784308344,1
mixed_0079,0.9995105896863868,0.9258759021759033,0.9990510766584094,1
mixed_0080,0.9847789014555643,0.18056859076023102,0.9686607798066005,1
mixed_0081,0.9995094765209932,0.7160597443580627,0.9988296199135739,1
mixed_0082,0.7159740663549695,0.4058254361152649,0.6802281967374126,1
mixed_0083,0.9995100901452448,0.8726950287818909,0.9989732661938187,1
mixed_0084,0.9947612447077556,0.2916260063648224,0.9884449385150941,1
mixed_0085,0.9987731304904276,0.9187139272689819,0.9978626391649502,1
mixed_0086,0.9974664398054044,0.6485108733177185,0.9949252528377885,1
mixed_0087,0.965636509941979,0.21840254962444305,0.939140076615909,1
mixed_0088,0.9972638280560908,0.8438951373100281,0.9952791356652053,1
mixed_0089,0.994475214205366,0.8231010437011719,0.9911439552902946,1
mixed_0090,0.8379070751621034,0.448233038187027,0.8025273643908716,1
mixed_0091,0.2392654130718551,0.3153984844684601,0.24841405315070983,1
mixed_0092,0.0077080871027844,0.18429723381996155,0.01189565429993734,1
mixed_0093,0.0532157356252777,0.947225034236908,0.10629961369426454,1
mixed_0094,0.9411513701395656,0.8956687450408936,0.9365088107118041,1
mixed_0095,0.9983653406967512,0.9241418242454529,0.9972837304147578,1
mixed_0096,0.9998927012430217,0.894494891166687,0.9997333985194768,1
mixed_0097,0.691953288443149,0.7815974354743958,0.7047066368338561,1
mixed_0098,0.99119748196555,0.7889736890792847,0.9863626214641926,1
mixed_0099,0.9789024773810676,0.8979819416999817,0.9739458967447786,1
mixed_0100,0.12925593907982,0.11405239254236221,0.12718602805321563,0
mixed_0101,0.0531443041986036,0.8626527786254883,0.09390648206488539,0
mixed_0102,0.243726044844121,0.6798592805862427,0.29167849728368905,0
mixed_0103,0.0039403810394386,0.07585817575454712,0.005833422870358822,0
mixed_0104,0.3279642234380409,0.8611649870872498,0.4044651927102737,0
mixed_0105,0.0413964262793899,0.851952850818634,0.07541866654033681,0
mixed_0106,0.1594911602508574,0.47833386063575745,0.18889136175950608,0
mixed_0107,0.0297805369206006,0.8655880689620972,0.05793975254396323,0
mixed_0108,0.9808777611446576,0.5869964361190796,0.9698633023993217,0
mixed_0109,0.0726862593431485,0.8311430811882019,0.11837033802993079,0
mixed_0110,0.6068604084935793,0.8979819416999817,0.6593607128720934,0
mixed_0111,0.612038571190478,0.27388501167297363,0.5670619121833306,0
mixed_0112,0.1467682108279874,0.07943854480981827,0.13589007096025926,0
mixed_0113,0.5758302147035868,0.8581488728523254,0.6224453947833036,0
mixed_0114,0.8434271629902169,0.8611649870872498,0.8458333797054894,0
mixed_0115,0.2152746604891094,0.027922574430704117,0.16983817421752087,0
mixed_0116,0.8267972037853181,0.5930437445640564,0.8035840067641818,0
mixed_0117,0.9582625025090044,0.8157027363777161,0.948812360488687,0
mixed_0118,0.212852882548068,0.8337581753730774,0.28329549321004177,0
mixed_0119,0.0141355141541103,0.8438951373100281,0.030072044876535878,0
mixed_0120,0.3357107460910576,0.7815974354743958,0.3946047365218591,0
mixed_0121,0.007250064030581,0.7310585379600525,0.015520709610821316,0
mixed_0122,0.0030922624000251,0.17328819632530212,0.005335451338367723,0
mixed_0123,0.0274202912137565,0.08413086086511612,0.03182635275704115,0
mixed_0124,0.0550883204768875,0.35649147629737854,0.07246310783166288,0
mixed_0125,0.0177068969248741,0.3886180520057678,0.027847482450127487,0
mixed_0126,0.0205358345729266,0.1787264198064804,0.027634794433112765,0
mixed_0127,0.0219211310676179,0.13010847568511963,0.027885109920621137,0
mixed_0128,0.0154423617171421,0.906785249710083,0.03491944096739801,0
mixed_0129,0.0143941664191046,0.14963075518608093,0.019784529011443612,0
mixed_0130,0.0587674804745286,0.8021839261054993,0.09699809488324831,0
mixed_0131,0.9886031414646176,0.8768032193183899,0.9842942191715977,0
mixed_0132,0.8859024206663114,0.6341356039047241,0.8646675689398191,0
mixed_0133,0.6471579447889919,0.27637791633605957,0.5993099608997445,0
mixed_0134,0.0271674905898587,0.5389832258224487,0.043408816305833604,0
mixed_0135,0.0358183735420293,0.8991213440895081,0.07041203012321959,0
mixed_0136,0.0025474202108988,0.3760730028152466,0.005169379102167179,0
mixed_0137,0.0255353146145863,0.8080672025680542,0.048268051740682494,0
mixed_0138,0.3855059180431948,0.8641270995140076,0.45881075434578833,0
mixed_0139,0.0800371702730607,0.6180430054664612,0.11286145762624596,0
mixed_0140,0.0224644168780909,0.8138161897659302,0.04348631443313844,0
mixed_0141,0.0624247530889074,0.5368471145629883,0.08803025359875069,0
mixed_0142,0.0015034868348284,0.22378391027450562,0.002972571374855732,0
mixed_0143,0.0062280376651745,0.9046505093574524,0.015976538098661026,0
mixed_0144,0.6344003889565176,0.5934208035469055,0.6291680428977712,0
mixed_0145,0.1553415411656052,0.8021839261054993,0.21565377000142916,0
mixed_0146,0.3714495951637327,0.11789672821760178,0.3275586743961792,0
mixed_0147,0.6972499312927026,0.23482751846313477,0.6392759850008086,0
mixed_0148,0.9832386288294158,0.581303060054779,0.9730145297748998,0
mixed_0149,0.0386330155080339,0.8175744414329529,0.06904858891691938,0
mixed_0150,0.998203728047255,0.7261149883270264,0.9964076944511859,1
mixed_0151,0.9989944519638476,0.7211151719093323,0.99782284847315,1
mixed_0152,0.8492531701029339,0.9258759021759033,0.8620315996078922,1
mixed_0153,0.999849789569306,0.9196425676345825,0.9996564266185697,1
mixed_0154,0.999462081540746,0.804159939289093,0.9988096846417845,1
mixed_0155,0.999217782219062,0.9340110421180725,0.9985963261201497,1
mixed_0156,0.9942058492311976,0.824913740158081,0.9907856208295799,1
mixed_0157,0.9952027350063426,0.4809662401676178,0.9903534456079807,1
mixed_0158,0.7624855700526348,0.5103501081466675,0.7349943865152074,1
mixed_0159,0.9587475507897516,0.6001883149147034,0.9421199882446504,1
mixed_0160,0.9899464045555224,0.8581488728523254,0.9856146729810679,1
mixed_0161,0.2557917703370983,0.9370266199111938,0.3593646561826957,1
mixed_0162,0.0629331444613788,0.9168273210525513,0.11531205329457273,1
mixed_0163,0.9521390309029552,0.885947585105896,0.9462497028548202,1
mixed_0164,0.9727863105545742,0.7640476226806641,0.9631820365311295,1
mixed_0165,0.9986070412720426,0.9324532747268677,0.9976743796876647,1
mixed_0166,0.9992696545739151,0.8979819416999817,0.9985935067539252,1
mixed_0167,0.9945983087810522,0.9158691167831421,0.9922167711333479,1
mixed_0168,0.9998865180774626,0.7322856187820435,0.9996757521468115,1
mixed_0169,0.9957534518725732,0.9223705530166626,0.9937548299170934,1
mixed_0170,0.8200329081504761,0.4447576701641083,0.7842440818259871,1
mixed_0171,0.6605805353369779,0.7729422450065613,0.6766825570655779,1
mixed_0172,0.9871586753475984,0.3768065571784973,0.9761603097600179,1
mixed_0173,0.9998509337783472,0.8956687450408936,0.999645711473978,1
mixed_0174,0.9750467533746402,0.9553191661834717,0.9730668260542399,1
mixed_0175,0.5443388466778103,0.9332363605499268,0.6218905825596625,1
mixed_0176,0.9183681621252084,0.8276053667068481,0.9096745187110633,1
mixed_0177,0.9940841205304654,0.8872045874595642,0.9912174143042122,1
mixed_0178,0.999564994789365,0.855078399181366,0.9990558719798671,1
mixed_0179,0.6827538215989984,0.8794784545898438,0.7160988389197044,1
mixed_0180,0.9980163068569216,0.8821032643318176,0.9965767271929863,1
mixed_0181,0.954014453508702,0.807096004486084,0.9439700707414852,1
mixed_0182,0.978300350171561,0.9426758289337158,0.9753354130908992,1
mixed_0183,0.99475343894383,0.2216200977563858,0.9878688054292382,1
mixed_0184,0.9991387561213256,0.9433475732803345,0.9985056686266536,1
mixed_0185,0.90751236057395,0.853522539138794,0.9016669513202975,1
mixed_0186,0.9900066808676417,0.34088000655174255,0.9804036838252873,1
mixed_0187,0.7877551589311055,0.8337581753730774,0.7942250416083249,1
mixed_0188,0.9756609943632604,0.8933094143867493,0.9703285787014339,1
mixed_0189,0.0884874413752085,0.855078399181366,0.1420577788633684,1
mixed_0190,0.9778299514457586,0.883397102355957,0.9722826098581008,1
mixed_0191,0.9742003743236334,0.9308615922927856,0.9706078141180041,1
mixed_0192,0.7464136891487748,0.9168273210525513,0.7775128683999966,1
mixed_0193,0.2777463571661199,0.09975048154592514,0.24648807445516743,1
mixed_0194,0.936768087244094,0.8231010437011719,0.9272416272050682,1
mixed_0195,0.999304455656744,0.8438951373100281,0.9985638890981907,1
mixed_0196,0.9978343929416168,0.9241418242454529,0.9965316825945895,1
mixed_0197,0.9809435769791502,0.9149009585380554,0.9767407041196385,1
mixed_0198,0.6593099528607026,0.756069540977478,0.6729272250606789,1
mixed_0199,0.9830212245682928,0.7083739638328552,0.9745786281510698,1
mixed_0200,0.0018616153184043,0.41869693994522095,0.004029298927843891,0
mixed_0201,0.0447814003651829,0.8781471848487854,0.08274832361364756,0
mixed_0202,0.0184842900231224,0.6334102749824524,0.03277706143485227,0
mixed_0203,0.6302786330275517,0.5698526501655579,0.6226076616262485,0
mixed_0204,0.0333066829459491,0.8438951373100281,0.06233368492795791,0
mixed_0205,0.010885216184668,0.7961657047271729,0.023066049925705708,0
mixed_0206,0.0030566427495372,0.7455466389656067,0.007426342234806342,0
mixed_0207,0.0030669852259486,0.519618809223175,0.006549061085459787,0
mixed_0208,0.0146314614390012,0.8031737804412842,0.02989393710351405,0
mixed_0209,0.0191537144069665,0.8698915839195251,0.040030895955402705,0
mixed_0210,0.4500512718394751,0.8698915839195251,0.5181412303096319,0
mixed_0211,0.0597091871073623,0.7762160301208496,0.09650773267183729,0
mixed_0212,0.0270770227907026,0.7707409858703613,0.049341757469186794,0
mixed_0213,0.0007233448780996,0.2556408941745758,0.0016101424108985313,0
mixed_0214,0.0545900901752938,0.756069540977478,0.08834805456553299,0
mixed_0215,0.1192900914853952,0.761786699295044,0.16964392830610006,0
mixed_0216,0.016306798932386,0.7662936449050903,0.031910427610829316,0
mixed_0217,0.1595686569088026,0.8001928329467773,0.22010086905416118,0
mixed_0218,0.0133587592278088,0.7772998809814453,0.02711030656350621,0
mixed_0219,0.2902467739134688,0.6681877374649048,0.33471375297772415,0
mixed_0220,0.0023033380486193,0.7537567615509033,0.0058443946543045855,0
mixed_0221,0.0148849291486543,0.14804719388484955,0.020334424453098382,0
mixed_0222,0.3867531053489383,0.5979365706443787,0.4135134167557042,0
mixed_0223,0.8853797144044767,0.7083739638328552,0.8692104645364229,0
mixed_0224,0.008310057102386,0.740774929523468,0.017570775306084165,0
mixed_0225,0.0994983114721244,0.3775406777858734,0.12116479026993264,0
mixed_0226,0.0055275023922266,0.7606506943702698,0.012528495897953384,0
mixed_0227,0.0092087869827745,0.8611649870872498,0.02118787210108459,0
mixed_0228,0.0051208598335061,0.8611649870872498,0.012779639143200312,0
mixed_0229,0.0427792606124351,0.6297746300697327,0.06692702218866713,0
mixed_0230,0.0038263269307435,0.7815974354743958,0.009255816477265852,0
mixed_0231,0.0040334020738294,0.8487717509269714,0.0102652755981606,0
mixed_0232,0.98521942219442,0.851952850818634,0.9797889731051874,0
mixed_0233,0.1325612216956291,0.7837237119674683,0.18741116120706428,0
mixed_0234,0.3862641577943067,0.8503692746162415,0.45587198943694934,0
mixed_0235,0.0107912143993846,0.11920291930437088,0.014908388585243309,0
mixed_0236,0.032167598915383,0.5387890934944153,0.050146673794917246,0
mixed_0237,0.0533896828126823,0.8185047507286072,0.09065426099505533,0
mixed_0238,0.0030220711357854,0.657714307308197,0.0069638279003269845,0
mixed_0239,0.0247582264006563,0.2120688259601593,0.03335595543049064,0
mixed_0240,0.99781555620087,0.7572203278541565,0.9958311407081584,0
mixed_0241,0.1294303857304212,0.8231010437011719,0.18871998267467485,0
mixed_0242,0.8554106642302509,0.6520642042160034,0.8359285898578207,0
mixed_0243,0.9753889529350692,0.5533121824264526,0.9619153706613044,0
mixed_0244,0.0010657430692757,0.7858350276947021,0.0030656524822522736,0
mixed_0245,0.4921777922542279,0.7431679368019104,0.5276969801750339,0
mixed_0246,0.0669689538693362,0.6513549089431763,0.09881046290185973,0
mixed_0247,0.124545421194444,0.7662936449050903,0.17621738149370553,0
mixed_0248,0.0044512275532968,0.8726950287818909,0.011469260555043995,0
mixed_0249,0.0007698281882592,0.7285938262939453,0.002219428648475223,0
mixed_0250,0.9995640304503636,0.39981165528297424,0.9987443109417167,1
mixed_0251,0.9999168931076758,0.8231010437011719,0.9997692133072155,1
mixed_0252,0.999923588409217,0.8258146047592163,0.9997859963135017,1
mixed_0253,0.9392718775016672,0.6805390119552612,0.9227976320093731,1
mixed_0254,0.9921630579463264,0.8487717509269714,0.9882948679276405,1
mixed_0255,0.9998068401136216,0.5960569977760315,0.9994420278332596,1
mixed_0256,0.9990890368573492,0.6598217487335205,0.997926018929127,1
mixed_0257,0.9998996051251828,0.5873751640319824,0.9996827129615998,1
mixed_0258,0.9953292605166298,0.8267117738723755,0.9923688239463111,1
mixed_0259,0.9974249458780872,0.8712997436523438,0.9956500068175409,1
mixed_0260,0.9979418347426696,0.7572203278541565,0.9960412117072289,1
mixed_0261,0.9998558583438782,0.7135114669799805,0.9995958825413012,1
mixed_0262,0.9998869196928192,0.883397102355957,0.9997168358003082,1
mixed_0263,0.9979178073663648,0.8128673434257507,0.996169013229496,1
mixed_0264,0.9782975496164146,0.7160597443580627,0.9687367049733101,1
mixed_0265,0.9998254590753096,0.8872045874595642,0.9995889517310936,1
mixed_0266,0.997511174418414,0.44167301058769226,0.9944247920015961,1
mixed_0267,0.9990836119582404,0.7651724815368652,0.998050977417345,1
mixed_0268,0.999016167690914,0.7606506943702698,0.9979201637355906,1
mixed_0269,0.9998676369317888,0.650644838809967,0.9996103201969013,1
mixed_0270,0.9998572174266048,0.7794561982154846,0.9996170197035062,1
mixed_0271,0.9951345343761904,0.7173287868499756,0.9914232372467369,1
mixed_0272,0.9731282793481796,0.7651724815368652,0.9636094364498419,1
mixed_0273,0.999910241600624,0.7674110531806946,0.9997419522351612,1
mixed_0274,0.9984357174927064,0.18242552876472473,0.9956104239599067,1
mixed_0275,0.9998260900764488,0.8794784545898438,0.9995862316087192,1
mixed_0276,0.9999168931076758,0.8698915839195251,0.9997798345151613,1
mixed_0277,0.428288362171736,0.7502601146697998,0.4729541559969962,1
mixed_0278,0.9954261507492976,0.7310585379600525,0.9919424033879402,1
mixed_0279,0.9998022875892402,0.8566204905509949,0.9995252130137726,1
mixed_0280,0.9998495622485593,0.17239464819431305,0.9994210051516522,1
mixed_0281,0.999905356676548,0.847160279750824,0.9997473964136356,1
mixed_0282,0.98780039875431,0.6695720553398132,0.9804427817054949,1
mixed_0283,0.9950590088506854,0.8371944427490234,0.9920644103171246,1
mixed_0284,0.9839725355481468,0.7298280000686646,0.9761360605353123,1
mixed_0285,0.9842568219401512,0.657714307308197,0.9754640424407633,1
mixed_0286,0.9998991424968068,0.636307954788208,0.9996898668552032,1
mixed_0287,0.999910241600624,0.6805390119552612,0.9997268545096114,1
mixed_0288,0.98718708739866,0.8267117738723755,0.9817067105156426,1
mixed_0289,0.9999044054379336,0.6158274412155151,0.999700606960364,1
mixed_0290,0.0524246339020589,0.709663450717926,0.08301624179511977,1
mixed_0291,0.995925073773813,0.7718434929847717,0.9929132071199672,1
mixed_0292,0.9985981079190276,0.7981867790222168,0.9972499181853187,1
mixed_0293,0.9998369462032238,0.7083739638328552,0.9995486777546208,1
mixed_0294,0.987492276903522,0.6818962693214417,0.9801597033821617,1
mixed_0295,0.9994552842449468,0.7837237119674683,0.9987769275454613,1
mixed_0296,0.9997135754275758,0.7971780896186829,0.9993079630871083,1
mixed_0297,0.949770226354881,0.5032714605331421,0.9281867360398245,1
mixed_0298,0.9999127198075954,0.6173049807548523,0.9997236143579923,1
mixed_0299,0.9970897074395778,0.7044855356216431,0.994463100493977,1
mixed_0300,0.0592507935526066,0.8641270995140076,0.10294145001311722,0
mixed_0301,0.3212670375927324,0.15122824907302856,0.2942210065907975,0
mixed_0302,0.0623166495356021,0.8267117738723755,0.10380863460606049,0
mixed_0303,0.0100843685400617,0.5177659392356873,0.018322578377345845,0
mixed_0304,0.0039092877646789,0.38269495964050293,0.007521971657700979,0
mixed_0305,0.0724668775676939,0.8655880689620972,0.12176170566201065,0
mixed_0306,0.2271668754773873,0.8267117738723755,0.2969040998795062,0
mixed_0307,0.0464528058081137,0.7837237119674683,0.07859806264612076,0
mixed_0308,0.0016675405977479,0.8061210513114929,0.004595046509175106,0
mixed_0309,0.0036948817484146,0.5778765678405762,0.007933835427201111,0
mixed_0310,0.3111928919218443,0.26771435141563416,0.3053245277464524,0
mixed_0311,0.941325254014713,0.11660297214984894,0.895784874109019,0
mixed_0312,0.9929883581256224,0.8781471848487854,0.9897074389248158,0
mixed_0313,0.0636727184822074,0.6979384422302246,0.09710032522647069,0
mixed_0314,0.8898165305746829,0.7783799171447754,0.878748095788545,0
mixed_0315,0.0571716629781087,0.06913840770721436,0.05860965006569776,0
mixed_0316,0.2279613297628973,0.8354835510253906,0.2994271944825889,0
mixed_0317,0.03626935944737,0.8754466772079468,0.06914102744114024,0
mixed_0318,0.1206368821288144,0.11155053228139877,0.11942051473757995,0
mixed_0319,0.8227434956365681,0.7371581792831421,0.8129894456456468,0
mixed_0320,0.2617352923153606,0.13010847568511963,0.24064202679071617,0
mixed_0321,0.9828067068456638,0.6979384422302246,0.9741385978459197,0
mixed_0322,0.0346851540189983,0.415657639503479,0.05030553112073162,0
mixed_0323,0.9578429995421388,0.7502601146697998,0.9458464302747611,0
mixed_0324,0.1050663643818954,0.7772998809814453,0.1543116177112898,0
mixed_0325,0.0203722884580685,0.7549149990081787,0.03829982449219849,0
mixed_0326,0.1010816777927357,0.6825737357139587,0.14165059569054864,0
mixed_0327,0.0580267389759835,0.13296423852443695,0.06485767496133413,0
mixed_0328,0.0069166898667741,0.8611649870872498,0.01656217030908246,0
mixed_0329,0.0162329216022115,0.7751285433769226,0.03198725912693286,0
mixed_0330,0.2507563948145739,0.8566204905509949,0.32741245923029505,0
mixed_0331,0.5091614784583272,0.885947585105896,0.5740477842801698,0
mixed_0332,0.9089049951961076,0.8276053667068481,0.9007182953625369,0
mixed_0333,0.0149404129030902,0.8267117738723755,0.031038842130220543,0
mixed_0334,0.0770344941209568,0.7868850231170654,0.12018367048384873,0
mixed_0335,0.9970815740412194,0.7920784950256348,0.9947760857288911,0
mixed_0336,0.0145639167464382,0.859663724899292,0.0313398785123398,0
mixed_0337,0.0082548758125226,0.7431679368019104,0.017498080911180176,0
mixed_0338,0.0310485566200302,0.8258146047592163,0.0578089975769874,0
mixed_0339,0.0136966762459528,0.7173287868499756,0.026603133587695938,0
mixed_0340,0.9975855944734432,0.7359454035758972,0.9953859742318036,0
mixed_0341,0.9182809761036684,0.8405733108520508,0.910588634257615,0
mixed_0342,0.0388945186255748,0.824913740158081,0.06986331762037294,0
mixed_0343,0.1552937771002827,0.7335090637207031,0.20720301029939958,0
mixed_0344,0.050437602179816,0.3106943964958191,0.06554211418507067,0
mixed_0345,0.0314263179925921,0.8754466772079468,0.06128276989389942,0
mixed_0346,0.7032227900253449,0.7109494805335999,0.7042339933336801,0
mixed_0347,0.0167515142502202,0.7419732809066772,0.032119286193850224,0
mixed_0348,0.0283482618029235,0.7751285433769226,0.05146188128947357,0
mixed_0349,0.0077790605244226,0.6784973740577698,0.015967395618754446,0
mixed_0350,0.9399285708909728,0.6158274412155151,0.9208591743210145,1
mixed_0351,0.9574616908316552,0.6165664792060852,0.941078812838433,1
mixed_0352,0.9669004630054542,0.740774929523468,0.9557390183383137,1
mixed_0353,0.0947531494051911,0.4799911677837372,0.12196616031619918,1
mixed_0354,0.9994855127786512,0.7455466389656067,0.9988035962284689,1
mixed_0355,0.9856424170696928,0.6750794649124146,0.9775620021835812,1
mixed_0356,0.9974580472690996,0.7772998809814453,0.9953135453538856,1
mixed_0357,0.9956180061182744,0.855078399181366,0.9929751241343611,1
mixed_0358,0.9929953927786144,0.8807970285415649,0.9897494181353425,1
mixed_0359,0.9929004430469612,0.75951087474823,0.9884313489525519,1
mixed_0360,0.9977014186339508,0.677815318107605,0.9954148572755802,1
mixed_0361,0.99525093437341,0.8438951373100281,0.9923817859680959,1
mixed_0362,0.9997590237869932,0.7236220836639404,0.9993722383629035,1
mixed_0363,0.999777634172389,0.7135114669799805,0.9994108049548952,1
mixed_0364,0.8639168856425805,0.6681877374649048,0.8453966756905422,1
mixed_0365,0.9995586606497212,0.6470848917961121,0.9988872243216528,1
mixed_0366,0.9993634563317328,0.9099069833755493,0.9987740335033365,1
mixed_0367,0.9597960158595265,0.7549149990081787,0.9481691105425398,1
mixed_0368,0.9985715379904287,0.8128673434257507,0.9972384571852372,1
mixed_0369,0.992821610106783,0.6979384422302246,0.9878418037392882,1
mixed_0370,0.9996484811472984,0.7920784950256348,0.9991697011210884,1
mixed_0371,0.9459032724318088,0.42174232006073,0.9204412695858479,1
mixed_0372,0.9704250818846262,0.7991916537284851,0.9614529129856084,1
mixed_0373,0.9657950659839376,0.8185047507286072,0.956980050544092,1
mixed_0374,0.1084219921037868,0.7751285433769226,0.1581334868079037,1
mixed_0375,0.999901156920866,0.8655880689620972,0.9997427381960549,1
mixed_0376,0.9993305583652752,0.6784973740577698,0.9984304554925907,1
mixed_0377,0.9114956735412608,0.672331690788269,0.8930525947500559,1
mixed_0378,0.9999145334342568,0.8166404366493225,0.9997621751755067,1
mixed_0379,0.9998640057688428,0.7223703265190125,0.9996180029078205,1
mixed_0380,0.9995520680099774,0.7772998809814453,0.9989631870413636,1
mixed_0381,0.999220524098123,0.6716428995132446,0.9982012197675294,1
mixed_0382,0.9953730222030082,0.7751285433769226,0.992106813598948,1
mixed_0383,0.9998981898450466,0.6399161219596863,0.9996879546855644,1
mixed_0384,0.8149903069089687,0.8185047507286072,0.8154501423906302,1
mixed_0385,0.997590999642912,0.7549149990081787,0.9954541503510769,1
mixed_0386,0.94790954791657,0.8138161897659302,0.9379561243079269,1
mixed_0387,0.999625372672351,0.5378182530403137,0.9989763032399572,1
mixed_0388,0.8383256042460996,0.9284088015556335,0.8538335571467832,1
mixed_0389,0.9995618315191188,0.7900123596191406,0.9989927240053119,1
mixed_0390,0.9985586210845436,0.14804719388484955,0.9957767578521904,1
mixed_0391,0.999803899693954,0.7971780896186829,0.9995022208547101,1
mixed_0392,0.8920259556383446,0.8611649870872498,0.8883846049516078,1
mixed_0393,0.9997737992888543,0.7858350276947021,0.9994313403564806,1
mixed_0394,0.9780764186596964,0.804159939289093,0.9703417129907308,1
mixed_0395,0.9534350003430264,0.7335090637207031,0.940383095187876,1
mixed_0396,0.5152705807831924,0.6061721444129944,0.5272780553669255,1
mixed_0397,0.9759697998874804,0.6143477559089661,0.9638450227617268,1
mixed_0398,0.9578384192574718,0.8388910293579102,0.9493893817219483,1
mixed_0399,0.996656552289684,0.847160279750824,0.9943999626743482,1
sdxmix_0000,0.1510400356909432,0.32629290223121643,0.16850268747352795,0
sdxmix_0001,0.0789090673606703,0.677815318107605,0.11495161768653393,0
sdxmix_0002,0.0944432416131058,0.21733753383159637,0.10590763013198348,0
sdxmix_0003,0.364105264123491,0.9129343032836914,0.45521951025878427,0
sdxmix_0004,0.124099933040603,0.7868850231170654,0.17794820490957264,0
sdxmix_0005,0.0113099327428826,0.06833826750516891,0.014355910249549913,0
sdxmix_0006,0.0237350786765691,0.27017199993133545,0.03347895495488286,0
sdxmix_0007,0.0477225713253124,0.6106392741203308,0.072708939457532,0
sdxmix_0008,0.2818384323843647,0.947225034236908,0.39212496441578804,0
sdxmix_0009,0.0045434156381834,0.15283973515033722,0.007307574056731935,0
sdxmix_0010,0.9473215134228824,0.4672345221042633,0.9239131633939218,0
sdxmix_0011,0.0070967756552667,0.06446477025747299,0.009504748096570348,0
sdxmix_0012,0.2997264174929114,0.8119147419929504,0.3662919073080646,0
sdxmix_0013,0.163907047112852,0.0468643493950367,0.14073023694760625,0
sdxmix_0014,0.7997162493902189,0.903566837310791,0.816888747913759,0
sdxmix_0015,0.1315609983801015,0.5218610763549805,0.1637602000228994,0
sdxmix_0016,0.1638518121802209,0.8655880689620972,0.23580121845202265,0
sdxmix_0017,0.0507814786609968,0.8641270995140076,0.09054871907200046,0
sdxmix_0018,0.0254262074859905,0.17781086266040802,0.03320539397174868,0
sdxmix_0019,0.0226341990918756,0.707081139087677,0.040646976980087984,0
sdxmix_0020,0.0073832621601485,0.3387767970561981,0.012730783859617659,0
sdxmix_0021,0.0618881656838816,0.662621796131134,0.09301374731561272,0
sdxmix_0022,0.0366025485197834,0.3060290515422821,0.04965903778876563,0
sdxmix_0023,0.0492333708519662,0.1418510526418686,0.05679655223981023,0
sdxmix_0024,0.0114729140132963,0.07159119844436646,0.014628564535330209,0
sdxmix_0025,0.9999225111703244,0.2120688259601593,0.9996854916532598,1
sdxmix_0026,0.4347363710127553,0.9324532747268677,0.5281774450414023,1
sdxmix_0027,0.9944766587252136,0.9332363605499268,0.9923166625698121,1
sdxmix_0028,0.9992602959794656,0.8979819416999817,0.9985778507072346,1
sdxmix_0029,0.9661449894868516,0.8267117738723755,0.9576572364828656,1
sdxmix_0030,0.9998494207969474,0.6591199636459351,0.9995661927300868,1
sdxmix_0031,0.9367623046020932,0.9362850189208984,0.9367004465156028,1
sdxmix_0032,0.5037538378791843,0.9129343032836914,0.5789741811293176,1
sdxmix_0033,0.998909147917341,0.4247937500476837,0.9972509220799078,1
sdxmix_0034,0.9997396857127908,0.9168273210525513,0.9994430197690072,1
sdxmix_0035,0.994353405360132,0.8684702515602112,0.9913728788792922,1
sdxmix_0036,0.9992306313771953,0.9129343032836914,0.9985614479723517,1
sdxmix_0037,0.9984684882497076,0.9406154751777649,0.9975192156352409,1
sdxmix_0038,0.9987950312363824,0.7211151719093323,0.9974522240843026,1
sdxmix_0039,0.9999225111703244,0.9392035007476807,0.9998142058420941,1
sdxmix_0040,0.9998092042225252,0.9536908864974976,0.9996080683659171,1
sdxmix_0041,0.9999186200256648,0.938485860824585,0.9998058006342887,1
sdxmix_0042,0.9767650356477598,0.8726950287818909,0.9707679443585527,1
sdxmix_0043,0.999778817712716,0.6926419734954834,0.9994058639273207,1
sdxmix_0044,0.7201257489013555,0.7868850231170654,0.7294900570594053,1
sdxmix_0045,0.999847892139848,0.7889736890792847,0.9995983011779619,1
sdxmix_0046,0.9056952535047952,0.6520642042160034,0.885921884544708,1
sdxmix_0047,0.8861893059727135,0.9355352520942688,0.8941009974351093,1
sdxmix_0048,0.9999208668149716,0.9196425676345825,0.9998032569598738,1
sdxmix_0049,0.999676739897196,0.7322856187820435,0.9991941184437173,1
sdxmix_0050,0.0051234382505034,0.03643886372447014,0.006629331870094626,0
sdxmix_0051,0.1961259491206215,0.47132056951522827,0.22404873455892838,0
sdxmix_0052,0.1594474467192008,0.8185047507286072,0.222626098518415,0
sdxmix_0053,0.0103633610362004,0.07076480984687805,0.013371958058612665,0
sdxmix_0054,0.8060930374623346,0.9465966820716858,0.8338751445285374,0
sdxmix_0055,0.4856790855962004,0.8821032643318176,0.5527466593601021,0
sdxmix_0056,0.0478009777945344,0.7826625108718872,0.08045057206950214,0
sdxmix_0057,0.710997079560461,0.8807970285415649,0.7394672398856516,0
sdxmix_0058,0.2867881560017992,0.8781471848487854,0.3691534747609868,0
sdxmix_0059,0.0178133508017857,0.08035746961832047,0.021765360303562246,0
sdxmix_0060,0.2348278359973022,0.9324532747268677,0.3348263650463706,0
sdxmix_0061,0.0272614168214626,0.10087862610816956,0.032473627512302115,0
sdxmix_0062,0.0456132254119103,0.07159119844436646,0.048398246385445334,0
sdxmix_0063,0.0134540319229868,0.26771435141563416,0.020484239104358697,0
sdxmix_0064,0.9513319700066336,0.8655880689620972,0.9441964323439622,0
sdxmix_0065,0.0457807780250913,0.053403329104185104,0.04670980148070577,0
sdxmix_0066,0.1015065039418846,0.6584175229072571,0.14041993281761717,0
sdxmix_0067,0.2542380047581222,0.6939709186553955,0.30368724902482536,0
sdxmix_0068,0.0145656559759549,0.04415033757686615,0.01685197232549243,0
sdxmix_0069,0.00535661210971,0.8175744414329529,0.012743283438476942,0
sdxmix_0070,0.2484882944837724,0.885947585105896,0.332628357464404,0
sdxmix_0071,0.556060660523825,0.2556408941745758,0.514240483877996,0
sdxmix_0072,0.2432716948014264,0.6619228720664978,0.2890598830274749,0
sdxmix_0073,0.0344136879178553,0.6913098692893982,0.05754005884283076,0
sdxmix_0074,0.0149765386010845,0.10909681022167206,0.01955113567726695,0
sdxmix_0075,0.9997466520323828,0.947225034236908,0.9994893952986045,1
sdxmix_0076,0.5502044636898465,0.9406154751777649,0.6305151286176217,1
sdxmix_0077,0.9963622119373308,0.9258759021759033,0.9945751716244222,1
sdxmix_0078,0.9997739998947436,0.9635611176490784,0.9995603894484395,1
sdxmix_0079,0.9995722245000216,0.8909031748771667,0.9991079903674752,1
sdxmix_0080,0.9997287773268588,0.06446477025747299,0.9988840696388005,1
sdxmix_0081,0.9955537077388558,0.949669361114502,0.9938775021206513,1
sdxmix_0082,0.9970314019538852,0.8754466772079468,0.9951020204657854,1
sdxmix_0083,0.997791312711109,0.9426758289337158,0.9966063061527548,1
sdxmix_0084,0.9999214187128356,0.9392035007476807,0.9998119293135586,1
sdxmix_0085,0.997822926885318,0.7794561982154846,0.99591008262815,1
sdxmix_0086,0.9997374178839652,0.9129343032836914,0.999435144320127,1
sdxmix_0087,0.999923588409217,0.9536908864974976,0.9998231869707302,1
sdxmix_0088,0.9996129748592,0.8698915839195251,0.9991608415276476,1
sdxmix_0089,0.9880295548063254,0.9453186988830566,0.9853714934638933,1
sdxmix_0090,0.9993873627960778,0.9520061612129211,0.9989136809821714,1
sdxmix_0091,0.9999208668149716,0.957912266254425,0.9998200749425752,1
sdxmix_0092,0.9969076661477768,0.9205614328384399,0.9952430811744772,1
sdxmix_0093,0.9897341171834628,0.9187139272689819,0.9864795729710529,1
sdxmix_0094,0.9394176588904264,0.7431679368019104,0.92573981645131,1
sdxmix_0095,0.9601972627567577,0.6832504272460938,0.9463090200957813,1
sdxmix_0096,0.9997181243396712,0.9406154751777649,0.9994305662699552,1
sdxmix_0097,0.9989137580990776,0.566785991191864,0.9974567581502398,1
sdxmix_0098,0.036839969323917,0.7371581792831421,0.06266128096426822,1
sdxmix_0099,0.9982109360068748,0.7490872144699097,0.9964748614583719,1
sdxmix_0100,0.0313478234685438,0.5869964361190796,0.05025618138361397,0
sdxmix_0101,0.0655367848558207,0.7889736890792847,0.10522548073619659,0
sdxmix_0102,0.0493991347042383,0.7537567615509033,0.08111501307239741,0
sdxmix_0103,0.0828435012085256,0.6913098692893982,0.12057990430494529,0
sdxmix_0104,0.0537217216743217,0.75951087474823,0.08736145046682373,0
sdxmix_0105,0.0317234667945175,0.8371944427490234,0.059457999507637735,0
sdxmix_0106,0.0496501656263853,0.7109494805335999,0.07935882101312086,0
sdxmix_0107,0.1392747866745598,0.7335090637207031,0.18955119319654726,0
sdxmix_0108,0.9346190263187902,0.7971780896186829,0.9235831186388416,0
sdxmix_0109,0.0069115802976482,0.7858350276947021,0.015476567726439754,0
sdxmix_0110,0.0244604100125952,0.8455348014831543,0.0480732017308331,0
sdxmix_0111,0.0430978602960464,0.6852758526802063,0.06939359007603595,0
sdxmix_0112,0.0123066414220479,0.6069179177284241,0.022783221737425818,0
sdxmix_0113,0.0481603581411095,0.8655880689620972,0.0867615470149151,0
sdxmix_0114,0.3350635217465514,0.6852758526802063,0.3786889084796365,0
sdxmix_0115,0.0306591435723529,0.824913740158081,0.05715116107915976,0
sdxmix_0116,0.0524648046129134,0.853522539138794,0.09208717553549157,0
sdxmix_0117,0.0320099152278953,0.793105959892273,0.05779635444590294,0
sdxmix_0118,0.0192137460654576,0.8388910293579102,0.03890412475765206,0
sdxmix_0119,0.5346110284325292,0.7173287868499756,0.560132987638996,0
sdxmix_0120,0.0499111164240489,0.6966191530227661,0.07905701933890955,0
sdxmix_0121,0.0146492237337472,0.66888028383255,0.02738255399936241,0
sdxmix_0122,0.014362709324045,0.6992543935775757,0.027405039148705703,0
sdxmix_0123,0.1257362811121137,0.8487717509269714,0.1880318180692165,0
sdxmix_0124,0.010483051065716,0.7794561982154846,0.02204963914921202,0
sdxmix_0125,0.9999230516887284,0.7991916537284851,0.9997797359488655,1
sdxmix_0126,0.999592881534383,0.7261149883270264,0.999011140805083,1
sdxmix_0127,0.9999076931301946,0.7537567615509033,0.9997330008924534,1
sdxmix_0128,0.9791473611913252,0.7772998809814453,0.9710077374696314,1
sdxmix_0129,0.9996495014832912,0.5486735105514526,0.9990393503755666,1
sdxmix_0130,0.6970109964985667,0.761786699295044,0.7059772940537969,1
sdxmix_0131,0.9998987292690372,0.7109494805335999,0.9997022392058218,1
sdxmix_0132,0.9999222178564962,0.847160279750824,0.9997870304112327,1
sdxmix_0133,0.9999230516887284,0.6098959445953369,0.9997512950238057,1
sdxmix_0134,0.9999246506119848,0.7479106783866882,0.9997753058042639,1
sdxmix_0135,0.99850974044829,0.824913740158081,0.9971649675753538,1
sdxmix_0136,0.9996850087360764,0.6805390119552612,0.9991860672360491,1
sdxmix_0137,0.9982013796718264,0.6979384422302246,0.9963389903912322,1
sdxmix_0138,0.9999089762072672,0.8001928329467773,0.9997452860807717,1
sdxmix_0139,0.891003886005652,0.8670357465744019,0.8881171969909366,1
sdxmix_0140,0.9998822172393628,0.7537567615509033,0.9996699501427241,1
sdxmix_0141,0.4324016876185769,0.7248703241348267,0.47233982239104144,1
sdxmix_0142,0.9995826567640332,0.8371944427490234,0.9990728847862077,1
sdxmix_0143,0.9999256980704986,0.8337581753730774,0.9997926666682087,1
sdxmix_0144,0.9999203109492244,0.7031826972961426,0.9997570895677288,1
sdxmix_0145,0.9999077239105596,0.8979819416999817,0.9997673170193508,1
sdxmix_0146,0.9682273669263476,0.7858350276947021,0.9585792248069873,1
sdxmix_0147,0.9999186200256648,0.7537567615509033,0.9997607155996714,1
sdxmix_0148,0.909847631984817,0.6435085535049438,0.8897339417764428,1
sdxmix_0149,0.9996742048892148,0.7502601146697998,0.9991984464845907,1
sdxmix_0150,0.0264263057148826,0.8175744414329529,0.05008010461739903,0
sdxmix_0151,0.0166476304553072,0.8212735652923584,0.03388800372988011,0
sdxmix_0152,0.0158531209311686,0.7298280000686646,0.0303974325010729,0
sdxmix_0153,0.8502856040561291,0.804159939289093,0.8448384061364855,0
sdxmix_0154,0.0316921771165001,0.756069540977478,0.05583578056991108,0
sdxmix_0155,0.938696605825494,0.6846015453338623,0.922347744157563,0
sdxmix_0156,0.0244028447025486,0.9057232737541199,0.051429723132124544,0
sdxmix_0157,0.0118750333282602,0.6886359453201294,0.023125883816233418,0
sdxmix_0158,0.1851522003106609,0.8503692746162415,0.2566772057844026,0
sdxmix_0159,0.028717076935181,0.5888891220092773,0.04667884690727489,0
sdxmix_0160,0.0096541754804843,0.7285938262939453,0.019834425575232694,0
sdxmix_0161,0.0014869074220546,0.6791787147521973,0.0038118371380651164,0
sdxmix_0162,0.0771324311471165,0.793105959892273,0.12082727223520785,0
sdxmix_0163,0.0205369852544375,0.807096004486084,0.04006764985926126,0
sdxmix_0164,0.9970318976951348,0.8031737804412842,0.99474591074873,0
sdxmix_0165,0.0250967549272234,0.7707409858703613,0.046255002036226026,0
sdxmix_0166,0.058486040565849,0.6584175229072571,0.08849448429828945,0
sdxmix_0167,0.0079222252828554,0.7135114669799805,0.016567801521934995,0
sdxmix_0168,0.1165255549357275,0.7662936449050903,0.16686243645663204,0
sdxmix_0169,0.1893721565592827,0.8157027363777161,0.25508228804866406,0
sdxmix_0170,0.0856734188942119,0.7991916537284851,0.13235569918826598,0
sdxmix_0171,0.0750581882606389,0.8754466772079468,0.12658725518835584,0
sdxmix_0172,0.696977760264553,0.6341356039047241,0.6891533602416872,0
sdxmix_0173,0.0118161110782291,0.8337581753730774,0.02554722794302781,0
sdxmix_0174,0.0351943464883947,0.761786699295044,0.06125600881071534,0
sdxmix_0175,0.9999230516887284,0.9088770747184753,0.9998045285605647,1
sdxmix_0176,0.990895452442636,0.851952850818634,0.9867138312679503,1
sdxmix_0177,0.9901767026561692,0.8231010437011719,0.9854182460822525,1
sdxmix_0178,0.9866158185910484,0.6355844140052795,0.9784056523672524,1
sdxmix_0179,0.9994501560668524,0.9250134825706482,0.99894826172284,1
sdxmix_0180,0.999743690096736,0.793105959892273,0.9993696480843016,1
sdxmix_0181,0.9995708330592732,0.7991916537284851,0.9990179415641793,1
sdxmix_0182,0.981923927099166,0.8099984526634216,0.9750127418005733,1
sdxmix_0183,0.9999208668149716,0.8231010437011719,0.999778842720006,1
sdxmix_0184,0.9999214187128356,0.8090347051620483,0.9997774902502575,1
sdxmix_0185,0.9999230516887284,0.7160597443580627,0.9997662794644,1
sdxmix_0186,0.9996914366472706,0.8185047507286072,0.9992747448470021,1
sdxmix_0187,0.9996823694464652,0.7298280000686646,0.9992050467255574,1
sdxmix_0188,0.9998935442575508,0.8031737804412842,0.9997088234426508,1
sdxmix_0189,0.9930173329709854,0.7122321724891663,0.9882336853919936,1
sdxmix_0190,0.999824088262166,0.8611649870872498,0.9995731736725811,1
sdxmix_0191,0.9960349277888606,0.7674110531806946,0.9930568487271976,1
sdxmix_0192,0.9999214187128356,0.8337581753730774,0.9997823173485944,1
sdxmix_0193,0.9971220197508788,0.7419732809066772,0.9946478209199254,1
sdxmix_0194,0.7440603048946197,0.903566837310791,0.7719441760930738,1
sdxmix_0195,0.9999208668149716,0.7160597443580627,0.9997605173768983,1
sdxmix_0196,0.9997228970000466,0.709663450717926,0.9992847921617075,1
sdxmix_0197,0.9999203109492244,0.8956687450408936,0.9997945186538096,1
sdxmix_0198,0.999914818488262,0.8655880689620972,0.9997739622844983,1
sdxmix_0199,0.9925544737805726,0.7868850231170654,0.9881842313351265,1
sdm_fake_0000,0.9998315193071132,0.8768032193183899,0.9995961802903881,1
sdm_fake_0001,0.9999203109492244,0.9232608675956726,0.9998033375067142,1
sdm_fake_0002,0.9999186200256648,0.9531356692314148,0.9998129235312682,1
sdm_fake_0003,0.9989117071994628,0.8503692746162415,0.997894435509109,1
sdm_fake_0004,0.9999145334342568,0.9584133625030518,0.9998079237220064,1
sdm_fake_0005,0.9999230516887284,0.9644288420677185,0.9998283533427674,1
sdm_fake_0006,0.9999186200256648,0.8641270995140076,0.9997824101227394,1
sdm_fake_0007,0.9998624810848428,0.9399133324623108,0.9996944837464627,1
sdm_fake_0008,0.9992492448293392,0.8405733108520508,0.9984602995911038,1
sdm_fake_0009,0.9999157215496668,0.9109264612197876,0.9997891138103158,1
sdm_fake_0010,0.9998025856663072,0.9362850189208984,0.9995781683454362,1
sdm_fake_0011,0.9999145334342568,0.9584133625030518,0.9998079237220064,1
sdm_fake_0012,0.9997820357203596,0.944011926651001,0.9995483658672933,1
sdm_fake_0013,0.99978367491512,0.9525741338729858,0.999561409362864,1
sdm_fake_0014,0.9979587393792874,0.9459611773490906,0.9968565640566984,1
sdm_fake_0015,0.9999163092915072,0.8956687450408936,0.9997855715522014,1
sdm_fake_0016,0.9994779457180116,0.8581488728523254,0.9988971769503432,1
sdm_fake_0017,0.9999208668149716,0.9547826051712036,0.9998183124600662,1
sdm_fake_0018,0.999852234075509,0.7961657047271729,0.999610513974175,1
sdm_fake_0019,0.9832672363281066,0.7815974354743958,0.9761004444595657,1
sdm_fake_0020,0.9995727213174131,0.9250134825706482,0.9991553790704035,1
sdm_fake_0021,0.9999163092915072,0.8581488728523254,0.9997755919275718,1
sdm_fake_0022,0.9999203109492244,0.9598826169967651,0.9998201486489169,1
sdm_fake_0023,0.9999114893739433,0.9002495408058167,0.9997763267431642,1
sdm_fake_0024,0.9994410295006068,0.6513549089431763,0.9986367964216314,1
sdm_fake_0025,0.9999083941092208,0.9258759021759033,0.9997790699060024,1
sdm_fake_0026,0.9996478079497498,0.9553191661834717,0.9993352796378637,1
sdm_fake_0027,0.9810229042506312,0.9465966820716858,0.9782513696298958,1
sdm_fake_0028,0.9999174727797708,0.9617642760276794,0.9998157901533353,1
sdm_fake_0029,0.9994312423166806,0.9558496475219727,0.9989931726464844,1
sdm_fake_0030,0.9998884306305236,0.8320183753967285,0.9997042365026689,1
sdm_fake_0031,0.9999168931076758,0.9536908864974976,0.9998097841684155,1
sdm_fake_0032,0.512122156417855,0.707081139087677,0.5391089104363987,1
sdm_fake_0033,0.9999191876333068,0.9465966820716858,0.9998107061734093,1
sdm_fake_0034,0.999918048311198,0.947225034236908,0.9998086977936848,1
sdm_fake_0035,0.9975967120426968,0.5858595967292786,0.9949830254762069,1
sdm_fake_0036,0.700171426598914,0.66888028383255,0.6961996465760873,1
sdm_fake_0037,0.9999208668149716,0.9635611176490784,0.9998235488733865,1
sdm_fake_0038,0.9999208668149716,0.956892728805542,0.9998194893347535,1
sdm_fake_0039,0.9999163092915072,0.9589086771011353,0.9998117064183474,1
sdm_fake_0040,0.9841990801962426,0.6913098692893982,0.9758598785123147,1
sdm_fake_0041,0.9999127198075954,0.9644288420677185,0.9998084712115374,1
sdm_fake_0042,0.999869510549216,0.9459611773490906,0.999712350781322,1
sdm_fake_0043,0.05532114351699,0.22054381668567657,0.06704986311483407,1
sdm_fake_0044,0.9996405463875804,0.9370266199111938,0.9992907495048213,1
sdm_fake_0045,0.9999241213219838,0.885947585105896,0.9998005166032914,1
sdm_fake_0046,0.999923588409217,0.956892728805542,0.9998249021927821,1
sdm_fake_0047,0.9977232910373874,0.804159939289093,0.995829803239159,1
sdm_fake_0048,0.9999163092915072,0.9603611826896667,0.9998126219857192,1
sdm_fake_0049,0.9999157215496668,0.9531356692314148,0.9998071405736662,1
sdm_fake_0050,0.9935429898190872,0.9223705530166626,0.9910149412085397,1
sdm_fake_0051,0.999918048311198,0.938485860824585,0.9998046143696977,1
sdm_fake_0052,0.9999168931076758,0.9584133625030518,0.9998125452998647,1
sdm_fake_0053,0.995623258560536,0.35006576776504517,0.9904451778489856,1
sdm_fake_0054,0.9979528848255104,0.9355352520942688,0.9967712262159608,1
sdm_fake_0055,0.9998817530971132,0.9553191661834717,0.9997427493334489,1
sdm_fake_0056,0.9999225111703244,0.9453186988830566,0.9998169028226451,1
sdm_fake_0057,0.9982771504554534,0.7762160301208496,0.9966541135038339,1
sdm_fake_0058,0.9999203109492244,0.9669140577316284,0.9998247637056191,1
sdm_fake_0059,0.9993362557291195,0.9109264612197876,0.9987306703033151,1
sdm_fake_0060,0.9999145223867212,0.9635611176490784,0.9998113047059336,1
sdm_fake_0061,0.9981218645791088,0.9099069833755493,0.9968600183105235,1
sdm_fake_0062,0.9998132583298024,0.8099984526634216,0.9995279577501348,1
sdm_fake_0063,0.9999208668149716,0.9340110421180725,0.9998086165842073,1
sdm_fake_0064,0.9999145334342568,0.9547826051712036,0.9998057268467753,1
sdm_fake_0065,0.999840124928369,0.7031826972961426,0.9995548964565908,1
sdm_fake_0066,0.9989818932566886,0.9324532747268677,0.9982291069869228,1
sdm_fake_0067,0.9958337202003594,0.903566837310791,0.9936660642892104,1
sdm_fake_0068,0.9839056761308532,0.9340110421180725,0.9805994994073093,1
sdm_fake_0069,0.9997835378800046,0.9284088015556335,0.9995354976368253,1
sdm_fake_0070,0.9996013037576628,0.9603611826896667,0.999271495855215,1
sdm_fake_0071,0.9998899894048502,0.8781471848487854,0.9997217317854765,1
sdm_fake_0072,0.9999145334342568,0.9661048054695129,0.9998131562019499,1
sdm_fake_0073,0.9999127198075954,0.8884494304656982,0.9997754147826023,1
sdm_fake_0074,0.9990501551478816,0.7236220836639404,0.9979314002467264,1
sdm_fake_0075,0.9999186200256648,0.9626730680465698,0.9998186101905654,1
sdm_fake_0076,0.9999168931076758,0.949068546295166,0.9998072956870826,1
sdm_fake_0077,0.9997071498015094,0.807096004486084,0.9993001864902659,1
sdm_fake_0078,0.9999114779673076,0.9531356692314148,0.9997987202315295,1
sdm_fake_0079,0.994809084253022,0.3849121630191803,0.989136995788718,1
sdm_fake_0080,0.9948844280114202,0.9088770747184753,0.9924915806470149,1
sdm_fake_0081,0.9999203109492244,0.903566837310791,0.999796842295681,1
sdm_fake_0082,0.1344220810533536,0.8754466772079468,0.20313750876080863,1
sdm_fake_0083,0.9998942824244,0.9536908864974976,0.9997654908480074,1
sdm_fake_0084,0.9952428551159642,0.9324532747268677,0.9932400370469417,1
sdm_fake_0085,0.99982778912813,0.960834264755249,0.9996495556547969,1
sdm_fake_0086,0.9994822435985824,0.9626730680465698,0.9990930122616434,1
sdm_fake_0087,0.9999120857410764,0.9196425676345825,0.999784397352382,1
sdm_fake_0088,0.9998272138456492,0.8276053667068481,0.9995655493969137,1
sdm_fake_0089,0.999918048311198,0.9308615922927856,0.9998014140376149,1
sdm_fake_0090,0.906478550758808,0.8581488728523254,0.9011526153434325,1
sdm_fake_0091,0.9999214187128356,0.9520061612129211,0.9998179422323276,1
sdm_fake_0092,0.9998981001114772,0.24973991513252258,0.999611773570731,1
sdm_fake_0093,0.999915129521556,0.9547826051712036,0.999806906070003,1
sdm_fake_0094,0.9995940560562266,0.9478464722633362,0.9992318322147796,1
sdm_fake_0095,0.9990171106098004,0.938485860824585,0.9983046287280672,1
sdm_fake_0096,0.999915129521556,0.9478464722633362,0.9998031045069137,1
sdm_fake_0097,0.9999168931076758,0.847160279750824,0.9997744032560466,1
sdm_fake_0098,0.9999208668149716,0.949068546295166,0.9998153364327902,1
sdm_fake_0099,0.9994326404722784,0.8267117738723755,0.9987772890650569,1
sdm_fake_0100,0.999819918893675,0.9250134825706482,0.9996016169487252,1
sdm_fake_0101,0.9970508492592682,0.9426758289337158,0.9956371507786516,1
sdm_fake_0102,0.9986369542817258,0.4205995798110962,0.996656746297027,1
sdm_fake_0103,0.9999186200256648,0.9465966820716858,0.9998095501119499,1
sdm_fake_0104,0.9985088913510513,0.9465966820716858,0.9976113050957898,1
sdm_fake_0105,0.9998788218857224,0.9661048054695129,0.9997468489792051,1
sdm_fake_0106,0.999796366277788,0.9355352520942688,0.999565928064361,1
sdm_fake_0107,0.9998948153838656,0.9250134825706482,0.9997504380614667,1
sdm_fake_0108,0.9998155357089684,0.9478464722633362,0.9996131734079396,1
sdm_fake_0109,0.9994408804692329,0.947225034236908,0.9989835747571866,1
sdm_fake_0110,0.9999230516887284,0.9617642760276794,0.99982667185388,1
sdm_fake_0111,0.998115407001104,0.9284088015556335,0.9969510415259891,1
sdm_fake_0112,0.999909403050136,0.8267117738723755,0.9997520299213138,1
sdm_fake_0113,0.9995174243704436,0.8979819416999817,0.9990190175259882,1
sdm_fake_0114,0.9999064981746126,0.8991213440895081,0.9997650127658428,1
sdm_fake_0115,0.9995855189290418,0.5432509779930115,0.9988854246627199,1
sdm_fake_0116,0.9998630786276812,0.9558496475219727,0.9997082265425132,1
sdm_fake_0117,0.9997413803774072,0.8921122550964355,0.9994250960396068,1
sdm_fake_0118,0.9996633138583376,0.894494891166687,0.9992791905562627,1
sdm_fake_0119,0.5357504082249461,0.8933094143867493,0.5988976531752098,1
sdm_fake_0120,0.9998357881639358,0.957912266254425,0.9996604651792871,1
sdm_fake_0121,0.9691710806399512,0.5858595967292786,0.9545593737863055,1
sdm_fake_0122,0.8196408057698892,0.859663724899292,0.8253079287955246,1
sdm_fake_0123,0.9999174727797708,0.9232608675956726,0.999797258468544,1
sdm_fake_0124,0.9999163092915072,0.8655880689620972,0.9997774074644512,1
sdm_fake_0125,0.9999214187128356,0.9520061612129211,0.9998179422323276,1
sdm_fake_0126,0.9998554999194276,0.949068546295166,0.9996882087575972,1
sdm_fake_0127,0.999872655885315,0.9584133625030518,0.9997282786006769,1
sdm_fake_0128,0.9999168931076758,0.9187139272689819,0.9997943565081493,1
sdm_fake_0129,0.9997612821394524,0.9413098692893982,0.9995080005956306,1
sdm_fake_0130,0.9998974845934382,0.947225034236908,0.9997675652526057,1
sdm_fake_0131,0.9998713381013804,0.9598826169967651,0.9997271672799887,1
sdm_fake_0132,0.9999163092915072,0.9589086771011353,0.9998117064183474,1
sdm_fake_0133,0.9394112666601232,0.6069179177284241,0.919920281801052,1
sdm_fake_0134,0.999913588335552,0.8641270995140076,0.9997707532328298,1
sdm_fake_0135,0.9998927682726344,0.9187139272689819,0.9997433159048095,1
sdm_fake_0136,0.9999157215496668,0.9617642760276794,0.9998123943817893,1
sdm_fake_0137,0.999875301910876,0.9589086771011353,0.9997336296274593,1
sdm_fake_0138,0.999918048311198,0.956892728805542,0.9998139092160131,1
sdm_fake_0139,0.9999191876333068,0.6195173263549805,0.9997418330201815,1
sdm_fake_0140,0.9968313369350448,0.9168273210525513,0.9951097350033038,1
sdm_fake_0141,0.9999104084366632,0.9316617846488953,0.999785752441469,1
sdm_fake_0142,0.9971968319618736,0.8128673434257507,0.9950405554286353,1
sdm_fake_0143,0.9999157215496668,0.902472198009491,0.9997863549968692,1
sdm_fake_0144,0.4159460581478222,0.938485860824585,0.5147305469177396,1
sdm_fake_0145,0.9903169864160996,0.9340110421180725,0.98751368694012,1
sdm_fake_0146,0.999158357876506,0.903566837310791,0.9984217795277877,1
sdm_fake_0147,0.9998828281667932,0.66888028383255,0.99965320517617,1
sdm_fake_0148,0.9998819072499966,0.950263500213623,0.9997392564130958,1
sdm_fake_0149,0.9993173455094664,0.8698915839195251,0.9986255000357498,1
sdm_fake_0150,0.9998475974171874,0.885947585105896,0.999634099911829,1
sdm_fake_0151,0.9999208668149716,0.950263500213623,0.9998159355026652,1
sdm_fake_0152,0.9997906116618086,0.9002495408058167,0.9995269641421541,1
sdm_fake_0153,0.9999230516887284,0.938485860824585,0.9998150334965623,1
sdm_fake_0154,0.1256459577210139,0.6548947095870972,0.1673489075528864,1
sdm_fake_0155,0.9638395752623912,0.9617642760276794,0.9635760441534154,1
sdm_fake_0156,0.9949844560230082,0.1577586680650711,0.9876870109444392,1
sdm_fake_0157,0.9999191876333068,0.9413098692893982,0.9998082297779142,1
sdm_fake_0158,0.999811670639428,0.8221890926361084,0.9995294630623179,1
sdm_fake_0159,0.9999214187128356,0.927573561668396,0.9998072896762714,1
sdm_fake_0160,0.992084307683904,0.9392035007476807,0.9896340723153997,1
sdm_fake_0161,0.9952683517128604,0.8566204905509949,0.9925033768081096,1
sdm_fake_0162,0.9999186200256648,0.9661048054695129,0.9998209525846858,1
sdm_fake_0163,0.9999191876333068,0.9536908864974976,0.9998143609819269,1
sdm_fake_0164,0.9770457638171,0.9433475732803345,0.9741441386091833,1
sdm_fake_0165,0.9989219266276246,0.6764489412307739,0.9976223944992842,1
sdm_fake_0166,0.9997148589116744,0.9109264612197876,0.9993911927734276,1
sdm_fake_0167,0.9999208668149716,0.9644288420677185,0.9998241213398844,1
sdm_fake_0168,0.999773752856052,0.944011926651001,0.9995334743952546,1
sdm_fake_0169,0.9895242904668426,0.9099069833755493,0.9860403825066326,1
sdm_fake_0170,0.999743820986812,0.9574053883552551,0.9994992905052787,1
sdm_fake_0171,0.9996327681838932,0.8212735652923584,0.9991582710751337,1
sdm_fake_0172,0.9999157215496668,0.13010847568511963,0.9996348112890125,1
sdm_fake_0173,0.9999230516887284,0.9168273210525513,0.9998070527511036,1
sdm_fake_0174,0.9397643827307064,0.7335090637207031,0.9256582793662582,1
sdm_fake_0175,0.9999230516887284,0.9465966820716858,0.9998186047443417,1
sdm_fake_0176,0.9999127198075954,0.944011926651001,0.9997962739836979,1
sdm_fake_0177,0.9999230516887284,0.9525741338729858,0.9998215280729539,1
sdm_fake_0178,0.9999174727797708,0.9453186988830566,0.9998065892391651,1
sdm_fake_0179,0.9999230516887284,0.950263500213623,0.9998203644382664,1
sdm_fake_0180,0.9994365965992248,0.807096004486084,0.9987638170430092,1
sdm_fake_0181,0.9718122462998314,0.9362850189208984,0.9686112648273725,1
sdm_fake_0182,0.9994736559543418,0.855078399181366,0.998885690324307,1
sdm_fake_0183,0.9929053617000504,0.8438951373100281,0.989210167680089,1
sdm_fake_0184,0.9998145209461944,0.8487717509269714,0.999547207320672,1
sdm_fake_0185,0.9985207624440896,0.9355352520942688,0.997565510978074,1
sdm_fake_0186,0.99983232268084,0.9553191661834717,0.9996514211211283,1
sdm_fake_0187,0.9999145334342568,0.9603611826896667,0.9998091679390464,1
sdm_fake_0188,0.99925691553023,0.9514318108558655,0.9987130506170077,1
sdm_fake_0189,0.9995695892436898,0.8231010437011719,0.9990352447378241,1
sdm_fake_0190,0.0894966260512136,0.9205614328384399,0.15450142781888979,1
sdm_fake_0191,0.7818496699702071,0.5259532332420349,0.754738018785264,1
sdm_fake_0192,0.9528765125014728,0.957912266254425,0.9535622037969347,1
sdm_fake_0193,0.9999174727797708,0.9598826169967651,0.9998145891639239,1
sdm_fake_0194,0.9996909077971212,0.9399133324623108,0.9993820338517667,1
sdm_fake_0195,0.9903498750406536,0.596433162689209,0.9833708203353905,1
sdm_fake_0196,0.9998590337532162,0.956892728805542,0.999701713761468,1
sdm_fake_0197,0.9999168931076758,0.956892728805542,0.9998116293834378,1
sdm_fake_0198,0.9999214187128356,0.949068546295166,0.9998164572952359,1
sdm_fake_0199,0.9998903023089456,0.9547826051712036,0.9997586148474038,1
sdm_real_0000,0.1575079531387566,0.6143477559089661,0.1980762405247014,0
sdm_real_0001,0.0018375000375772,0.11789672821760178,0.0032030014567308762,0
sdm_real_0002,0.0021002224081409,0.1055050864815712,0.003539530568253394,0
sdm_real_0003,0.045688571105565,0.10433121025562286,0.05100143797853595,0
sdm_real_0004,0.0032948244424006,0.10788782685995102,0.0052505721128054345,0
sdm_real_0005,0.0255219315834665,0.740774929523468,0.045985333113225266,0
sdm_real_0006,0.012363476972786,0.027922574430704117,0.013753755203305667,0
sdm_real_0007,0.0101363754615456,0.10788782685995102,0.013919120569269278,0
sdm_real_0008,0.0165131266089338,0.903566837310791,0.03679974740157804,0
sdm_real_0009,0.026589423967925,0.8979819416999817,0.054706941546096274,0
sdm_real_0010,0.0083058685398393,0.8001928329467773,0.01833643482785268,0
sdm_real_0011,0.2884064824087194,0.061514172703027725,0.24232434355391225,0
sdm_real_0012,0.8795914917726684,0.8641270995140076,0.8776705654856037,0
sdm_real_0013,0.0410283606831985,0.8781471848487854,0.07690649703324973,0
sdm_real_0014,0.0227280739829796,0.8781471848487854,0.04673218950474356,0
sdm_real_0015,0.0212713282295193,0.2120688259601593,0.02926210695212883,0
sdm_real_0016,0.865086685559216,0.6750794649124146,0.8470558857768303,0
sdm_real_0017,0.1403787600155745,0.19781611859798431,0.14696971927256425,0
sdm_real_0018,0.0127988068727817,0.24393050372600555,0.019309370492456727,0
sdm_real_0019,0.0333041291888289,0.740774929523468,0.05765816644256228,0
sdm_real_0020,0.018917122498187,0.9362850189208984,0.043692718834388425,0
sdm_real_0021,0.0038828263448882,0.636307954788208,0.008548335671898477,0
sdm_real_0022,0.0105027355349125,0.03823568671941757,0.012445306644387526,0
sdm_real_0023,0.5211547526147898,0.8221890926361084,0.5677617610540159,0
sdm_real_0024,0.003935304305692,0.8212735652923584,0.00979367182320009,0
sdm_real_0025,0.0263543101181238,0.6326842904090881,0.04438285434503557,0
sdm_real_0026,0.0117081346657356,0.9109264612197876,0.027738486385917648,0
sdm_real_0027,0.3467583697847465,0.9088770747184753,0.43733439711252753,0
sdm_real_0028,0.0515078418119842,0.16110895574092865,0.06014703347195364,0
sdm_real_0029,0.0033223692028669,0.8354835510253906,0.008568885253566524,0
sdm_real_0030,0.0141136716555309,0.8455348014831543,0.030079640333055338,0
sdm_real_0031,0.0437536625754223,0.06297335773706436,0.045893009999957116,0
sdm_real_0032,0.1160593006607332,0.06676363199949265,0.10820331467605913,0
sdm_real_0033,0.5419695605866689,0.1958400309085846,0.4906944601361677,0
sdm_real_0034,0.037786554470309,0.949068546295166,0.08045461715763301,0
sdm_real_0035,0.005706297645426,0.07498650997877121,0.008032240141718876,0
sdm_real_0036,0.0188158022017189,0.2916260063648224,0.02777610671746783,0
sdm_real_0037,0.001064556905921,0.2120688259601593,0.0021826742320360847,0
sdm_real_0038,0.012554430442704,0.6209893822669983,0.023352903036375064,0
sdm_real_0039,0.0452890225819447,0.6470848917961121,0.07088018630867268,0
sdm_real_0040,0.0019183977812516,0.3352855443954468,0.003949343975961912,0
sdm_real_0041,0.0238403627476313,0.1577586680650711,0.030846368824862122,0
sdm_real_0042,0.0267092745006791,0.08706576377153397,0.031257647372153266,0
sdm_real_0043,0.0078425081286834,0.19290398061275482,0.012162705487659678,0
sdm_real_0044,0.4240285528670591,0.851952850818634,0.4902652814579833,0
sdm_real_0045,0.0698928346303348,0.9598826169967651,0.13715744416060616,0
sdm_real_0046,0.0129311035623832,0.9158691167831421,0.030437611019809394,0
sdm_real_0047,0.0813964493638269,0.859663724899292,0.13321344993337744,0
sdm_real_0048,0.168614777464307,0.11789672821760178,0.16115090273092023,0
sdm_real_0049,0.0156972568527598,0.2058703601360321,0.02240197660804241,0
sdm_real_0050,0.0108282576236213,0.04799379035830498,0.013174999659429152,0
sdm_real_0051,0.7798449506995342,0.8626527786254883,0.7923614548264724,0
sdm_real_0052,0.0066961886200059,0.5247843861579895,0.012911199815620408,0
sdm_real_0053,0.0454475145816983,0.14647749066352844,0.05325185190494863,0
sdm_real_0054,0.0186833242136164,0.4670400321483612,0.030369872144742707,0
sdm_real_0055,0.0029042036454925,0.09427667409181595,0.004615158398184619,0
sdm_real_0056,0.012447842361379,0.7031826972961426,0.024292898939457585,0
sdm_real_0057,0.4948309828064465,0.501940906047821,0.49575521585994387,0
sdm_real_0058,0.287353413659045,0.9478464722633362,0.3981457386184814,0
sdm_real_0059,0.0954005616492458,0.6180430054664612,0.13074106819852338,0
sdm_real_0060,0.106556627748578,0.5656346678733826,0.13995720578894624,0
sdm_real_0061,0.4066631263796351,0.1273050308227539,0.3591820248826643,0
sdm_real_0062,0.0065234136652757,0.03152322396636009,0.008020457391506693,0
sdm_real_0063,0.0254233448070937,0.20282189548015594,0.0338870037536537,0
sdm_real_0064,0.0215042273839009,0.11660297214984894,0.026995796757971726,0
sdm_real_0065,0.011842083469132,0.08317269384860992,0.015351989397512953,0
sdm_real_0066,0.136613559032908,0.6513549089431763,0.1790533458800002,0
sdm_real_0067,0.0326405877597436,0.6716428995132446,0.05440231219403347,0
sdm_real_0068,0.0073000573089476,0.9109264612197876,0.018493573776081906,0
sdm_real_0069,0.0177338810262486,0.1577586680650711,0.02388650503195245,0
sdm_real_0070,0.0043746119060068,0.8119147419929504,0.010646227817565742,0
sdm_real_0071,0.041344777624552,0.9187139272689819,0.08168506133106773,0
sdm_real_0072,0.0682951003873999,0.13296423852443695,0.07466012505003139,0
sdm_real_0073,0.0072876113754764,0.13587288558483124,0.01081539177365844,0
sdm_real_0074,0.0169226722140055,0.08907352387905121,0.021119368292845678,0
sdm_real_0075,0.0056459532276504,0.8626527786254883,0.01392523915751101,0
sdm_real_0076,0.2202394212759389,0.6084079146385193,0.2606418626786375,0
sdm_real_0077,0.0097455478763427,0.07498650997877121,0.012779807610932656,0
sdm_real_0078,0.0744943310731815,0.927573561668396,0.1346369891598132,0
sdm_real_0079,0.0289226695862246,0.9324532747268677,0.062050995818411316,0
sdm_real_0080,0.0350698894520021,0.03916572034358978,0.035578047248828126,0
sdm_real_0081,0.0634331174058587,0.22270013391971588,0.07552625355633977,0
sdm_real_0082,0.0456180934186137,0.14337949454784393,0.05326015922373039,0
sdm_real_0083,0.6332192984141323,0.9558496475219727,0.705746775557535,0
sdm_real_0084,0.0043554775751475,0.054681308567523956,0.00608211701573381,0
sdm_real_0085,0.0109585417535513,0.8726950287818909,0.02491567728022747,0
sdm_real_0086,0.2189682026956162,0.9284088015556335,0.31577762632729667,0
sdm_real_0087,0.011714117343334,0.27888479828834534,0.018305038975378243,0
sdm_real_0088,0.0338584234242148,0.9355352520942688,0.07124458590960629,0
sdm_real_0089,0.0178348213052068,0.5113261938095093,0.02984040614927008,0
sdm_real_0090,0.0089879326012748,0.20689405500888824,0.013841283197654534,0
sdm_real_0091,0.0353290703861324,0.7005671858787537,0.05915260370619875,0
sdm_real_0092,0.0190999969337164,0.7640476226806641,0.03647432226050315,0
sdm_real_0093,0.100423100683479,0.09009299427270889,0.09902295593872508,0
sdm_real_0094,0.1131814127007784,0.8655880689620972,0.17524531613296715,0
sdm_real_0095,0.0156213144857841,0.8807970285415649,0.034067971929578944,0
sdm_real_0096,0.0156301518713531,0.03557119145989418,0.017408483493588697,0
sdm_real_0097,0.0073063754071769,0.3746076226234436,0.01287153294071768,0
sdm_real_0098,0.00333999734273,0.10788782685995102,0.005313020967693148,0
sdm_real_0099,0.0129933492248984,0.35291510820388794,0.02091564102638816,0
sdm_real_0100,0.3038052988758083,0.6764489412307739,0.3485166523262177,0
sdm_real_0101,0.04381486186109,0.8956687450408936,0.08296769972407438,0
sdm_real_0102,0.0190988033068881,0.05033063143491745,0.02169645580298799,0
sdm_real_0103,0.0048032176933456,0.11920291930437088,0.007389491925942141,0
sdm_real_0104,0.651377526282074,0.9413098692893982,0.7118912039286639,0
sdm_real_0105,0.073995349139004,0.3443993628025055,0.09261880115458082,0
sdm_real_0106,0.0258673913508281,0.3033808171749115,0.03679467609554392,0
sdm_real_0107,0.0126168347274011,0.12455334514379501,0.01717927895195456,0
sdm_real_0108,0.0869761656625039,0.4054487347602844,0.10955965974528277,0
sdm_real_0109,0.0095565134993298,0.060796502977609634,0.012206754639144909,0
sdm_real_0110,0.0020482551959334,0.8061210513114929,0.005492121195473495,0
sdm_real_0111,0.0355435519986885,0.05665242671966553,0.03778498463588775,0
sdm_real_0112,0.006848074165861,0.11789672821760178,0.010035482019312845,0
sdm_real_0113,0.0508326502208909,0.022977370768785477,0.04591196279558462,0
sdm_real_0114,0.1479574523348479,0.9426758289337158,0.23882737135449533,0
sdm_real_0115,0.0164916006701453,0.8754466772079468,0.03545818099001144,0
sdm_real_0116,0.0207893153124305,0.8641270995140076,0.042655476289518865,0
sdm_real_0117,0.0383799285415529,0.21840254962444305,0.048888283000062656,0
sdm_real_0118,0.0172774433785377,0.12455334514379501,0.022552364605188543,0
sdm_real_0119,0.0320119718283425,0.11789672821760178,0.03814201047576111,0
sdm_real_0120,0.0673047705589583,0.03557119145989418,0.06203015251758098,0
sdm_real_0121,0.0079363789268719,0.02659698948264122,0.009297698162571628,0
sdm_real_0122,0.0199408509220742,0.47015273571014404,0.032169068870519034,0
sdm_real_0123,0.0045790096142314,0.11660297214984894,0.0070663888677614545,0
sdm_real_0124,0.0046520375032554,0.5525397062301636,0.00955762051901339,0
sdm_real_0125,0.0414734685668153,0.21311505138874054,0.052059167327342865,0
sdm_real_0126,0.0066876451436374,0.3133777678012848,0.011513550904716282,0
sdm_real_0127,0.0074683879583569,0.855078399181366,0.017581256087107516,0
sdm_real_0128,0.088660826448535,0.5349040627479553,0.11826072383437321,0
sdm_real_0129,0.0281632177008537,0.19000154733657837,0.03663886264229772,0
sdm_real_0130,0.0180196229935214,0.8031737804412842,0.03572440028781991,0
sdm_real_0131,0.0398976842696209,0.27888479828834534,0.05261382975405281,0
sdm_real_0132,0.0171939871439032,0.07498650997877121,0.02090753902009566,0
sdm_real_0133,0.0105204708305681,0.09643316268920898,0.01414664935442855,0
sdm_real_0134,0.0109682461701653,0.03557119145989418,0.012799106724115829,0
sdm_real_0135,0.0016077028370142,0.19096529483795166,0.0030701522399260743,0
sdm_real_0136,0.0081473912438404,0.2929188013076782,0.013490392931704306,0
sdm_real_0137,0.0038001198289206,0.54635089635849,0.00799601000336022,0
sdm_real_0138,0.0339236912522171,0.9316617846488953,0.07082287714198594,0
sdm_real_0139,0.0661139572778712,0.09752782434225082,0.06959107479829478,0
sdm_real_0140,0.0916083296189311,0.9406154751777649,0.16290254029451248,0
sdm_real_0141,0.0094803908377615,0.14804719388484955,0.013760004225664499,0
sdm_real_0142,0.0022808214376336,0.03643886372447014,0.003281510637731295,0
sdm_real_0143,0.0405416593306877,0.31810373067855835,0.054586346065110564,0
sdm_real_0144,0.0229091242369366,0.2726438343524933,0.032524038477831856,0
sdm_real_0145,0.0020128407888193,0.077629454433918,0.0032652829399255445,0
sdm_real_0146,0.0070114696177297,0.7674110531806946,0.015457663903108581,0
sdm_real_0147,0.0043976490648937,0.07673913985490799,0.006427274334977197,0
sdm_real_0148,0.0062099929357285,0.04856814816594124,0.008143821439295346,0
sdm_real_0149,0.0407072970138426,0.5797811150550842,0.06255144241374634,0
sdm_real_0150,0.0202093046494001,0.05598807334899902,0.023114927256172636,0
sdm_real_0151,0.0414309973818065,0.04011743515729904,0.041257934896252416,0
sdm_real_0152,0.5385748741027638,0.7285938262939453,0.5653448260105274,0
sdm_real_0153,0.008547936841492,0.11789672821760178,0.012162591152719667,0
sdm_real_0154,0.0270757385993375,0.7941296100616455,0.05018498723294418,0
sdm_real_0155,0.0043266286325135,0.1055050864815712,0.006630097096123792,0
sdm_real_0156,0.0084402289363861,0.1020180732011795,0.011781134489555322,0
sdm_real_0157,0.0073957546607352,0.07159119844436646,0.009994994968779078,0
sdm_real_0158,0.7686198255123596,0.07498650997877121,0.6721311626542892,0
sdm_real_0159,0.1583915534966922,0.077629454433918,0.14493861859486748,0
sdm_real_0160,0.0164785708119758,0.9002495408058167,0.036562011420176135,0
sdm_real_0161,0.0025793357877481,0.033895157277584076,0.0036164210396219957,0
sdm_real_0162,0.0397677048243783,0.5625610947608948,0.06079756387995076,0
sdm_real_0163,0.0025827834269461,0.8726950287818909,0.007162327239602958,0
sdm_real_0164,0.0195867142180646,0.8979819416999817,0.04222231792042188,0
sdm_real_0165,0.0089882934093913,0.13441191613674164,0.012950779588039333,0
sdm_real_0166,0.1720627514336725,0.7783799171447754,0.23084865323176876,0
sdm_real_0167,0.1403056333325253,0.562176525592804,0.17586817458411816,0
sdm_real_0168,0.0039304198530625,0.033895157277584076,0.005214874809124193,0
sdm_real_0169,0.0014558595251529,0.25802674889564514,0.0029617077299226645,0
sdm_real_0170,0.0060916353110228,0.11405239254236221,0.009023006438899082,0
sdm_real_0171,0.005236443194723,0.06598900258541107,0.007323834475470479,0
sdm_real_0172,0.3542346873388157,0.9232608675956726,0.4504037431581251,0
sdm_real_0173,0.0297465547814491,0.8276053667068481,0.055836226805971716,0
sdm_real_0174,0.1694940437691328,0.5610224008560181,0.2057513054323317,0
sdm_real_0175,0.0102779295215103,0.14647749066352844,0.014733547753018416,0
sdm_real_0176,0.0168510060741675,0.042087726294994354,0.019002958229996807,0
sdm_real_0177,0.0957964431558493,0.9355352520942688,0.16724897330786023,0
sdm_real_0178,0.0123316269332056,0.07673913985490799,0.0157236406570552,0
sdm_real_0179,0.003857713434123,0.5759696364402771,0.00822753727588826,0
sdm_real_0180,0.0592973659202356,0.8684702515602112,0.10345988625263113,0
sdm_real_0181,0.683824609103605,0.8503692746162415,0.7103319611055331,0
sdm_real_0182,0.0209986405315492,0.39906200766563416,0.03242622138455268,0
sdm_real_0183,0.0089982518816987,0.19682618975639343,0.013744464686003346,0
sdm_real_0184,0.2211845296438333,0.8166404366493225,0.28885565139967584,0
sdm_real_0185,0.0580840617623809,0.9465966820716858,0.11404313750633814,0
sdm_real_0186,0.0168721550334737,0.04973650723695755,0.019452893592322475,0
sdm_real_0187,0.0527574276241123,0.9370266199111938,0.10326794303192177,0
sdm_real_0188,0.0153060393830033,0.6031841039657593,0.02742972476832418,0
sdm_real_0189,0.1081616572115886,0.8455348014831543,0.16597830169488648,0
sdm_real_0190,0.1571130739274517,0.8768032193183899,0.23034585049315548,0
sdm_real_0191,0.0029299768203539,0.756069540977478,0.007211171769442651,0
sdm_real_0192,0.0072912037152999,0.2929188013076782,0.012254385827668057,0
sdm_real_0193,0.0396078107255513,0.09112296998500824,0.04424182247546346,0
sdm_real_0194,0.0170251872579457,0.5122534036636353,0.02868571159154466,0
sdm_real_0195,0.0120398764586765,0.855078399181366,0.026501272560726024,0
sdm_real_0196,0.1149539535607522,0.28905048966407776,0.13092964212627228,0
sdm_real_0197,0.0419668899964595,0.8921122550964355,0.07967755984680244,0
sdm_real_0198,0.0115171696968352,0.7160597443580627,0.02290386969003833,0
sdm_real_0199,0.0298256886754659,0.47346246242523193,0.04551002722630719,0
mixed_0000__telephone8k,0.0364808717044106,0.16973592340946198,0.0450199501931319,0
mixed_0001__telephone8k,0.0435284978278197,0.45674899220466614,0.062344716406235116,0
mixed_0002__telephone8k,0.0133678157583206,0.8337581753730774,0.02839781708910751,0
mixed_0003__telephone8k,0.0491499428308535,0.15283973515033722,0.05732508333739788,0
mixed_0004__telephone8k,0.9878218842771732,0.9433475732803345,0.9850800668547062,0
mixed_0005__telephone8k,0.1570146240400088,0.04799379035830498,0.13581346650698062,0
mixed_0006__telephone8k,0.0702135464880248,0.08706576377153397,0.07222051635013281,0
mixed_0007__telephone8k,0.0066753581529923,0.052153561264276505,0.008755386930409432,0
mixed_0008__telephone8k,0.0194661783454777,0.12185285985469818,0.02492497287416515,0
mixed_0009__telephone8k,0.9879995702894424,0.9250134825706482,0.9846922305253363,0
mixed_0010__telephone8k,0.4869266302182461,0.14963075518608093,0.4325681658816469,0
mixed_0011__telephone8k,0.0993023981770364,0.10909681022167206,0.10052996585137333,0
mixed_0012__telephone8k,0.0070773764493274,0.1577586680650711,0.010784395874637701,0
mixed_0013__telephone8k,0.6248321672551782,0.7443591356277466,0.6416959943546177,0
mixed_0014__telephone8k,0.0090161069859564,0.12185285985469818,0.012799380693522112,0
mixed_0015__telephone8k,0.3577431281669646,0.23595239222049713,0.3403240168785199,0
mixed_0016__telephone8k,0.3548743062073904,0.09112296998500824,0.3059796043180285,0
mixed_0017__telephone8k,0.0084153354698002,0.6217246651649475,0.01655045781771527,0
mixed_0018__telephone8k,0.042301631523715,0.14963075518608093,0.05021030587937514,0
mixed_0019__telephone8k,0.0093808199206179,0.7549149990081787,0.019691952411845903,0
mixed_0020__telephone8k,0.1669100702427412,0.6217246651649475,0.20848306785383766,0
mixed_0021__telephone8k,0.1241156577678003,0.04310724884271622,0.10880581239086902,0
mixed_0022__telephone8k,0.2162110349444648,0.5208863019943237,0.24794684281013904,0
mixed_0023__telephone8k,0.0759859309031923,0.6556006669998169,0.11009919116768513,0
mixed_0024__telephone8k,0.087191038037119,0.3687693178653717,0.10783923257008247,0
mixed_0025__telephone8k,0.9124743861689218,0.9046505093574524,0.9114911055431957,0
mixed_0026__telephone8k,0.4738860369650148,0.8194314241409302,0.5263918623212236,0
mixed_0027__telephone8k,0.2440515167011256,0.09112296998500824,0.21710513717175164,0
mixed_0028__telephone8k,0.0273583571568745,0.19980716705322266,0.036015025164272164,0
mixed_0029__telephone8k,0.2670977456172131,0.05403875932097435,0.22264804342378494,0
mixed_0030__telephone8k,0.1295527861961346,0.15446524322032928,0.13258664230657666,0
mixed_0031__telephone8k,0.0929390932218675,0.7273561358451843,0.13534210154527138,0
mixed_0032__telephone8k,0.0371869760587366,0.09009299427270889,0.04182570659046157,0
mixed_0033__telephone8k,0.0123635898606895,0.7419732809066772,0.024752286864424048,0
mixed_0034__telephone8k,0.0107430482558363,0.12455334514379501,0.014946116097306525,0
mixed_0035__telephone8k,0.0455359865908411,0.12455334514379501,0.05212376679304303,0
mixed_0036__telephone8k,0.0588074992993328,0.8455348014831543,0.10052506777230637,0
mixed_0037__telephone8k,0.0969348572551335,0.31674957275390625,0.11490749072386247,0
mixed_0038__telephone8k,0.4869002070497342,0.4738520085811615,0.4852025510185936,0
mixed_0039__telephone8k,0.016216190959533,0.11789672821760178,0.02117939692988205,0
mixed_0040__telephone8k,0.0256474554422799,0.7479106783866882,0.046393087582655014,0
mixed_0041__telephone8k,0.8523042065716587,0.6305029392242432,0.8312335525436112,0
mixed_0042__telephone8k,0.7411067316245209,0.05403875932097435,0.6324818969923272,0
mixed_0043__telephone8k,0.0736653889805692,0.07159119844436646,0.07339264835200852,0
mixed_0044__telephone8k,0.0989942135873255,0.5228356719017029,0.12904052712264136,0
mixed_0045__telephone8k,0.0235488984418703,0.02860921062529087,0.024153742472117483,0
mixed_0046__telephone8k,0.9302729521871712,0.541893720626831,0.9068621669192172,0
mixed_0047__telephone8k,0.0951350680208754,0.6239269375801086,0.13080587760056808,0
mixed_0048__telephone8k,0.0380394235784646,0.4834045469760895,0.056304045629107305,0
mixed_0049__telephone8k,0.1053968024496543,0.8302640914916992,0.16053554935024986,0
mixed_0050__telephone8k,0.979390216087405,0.7729422450065613,0.9712085534045716,1
mixed_0051__telephone8k,0.998321866944484,0.8956687450408936,0.9970920728103077,1
mixed_0052__telephone8k,0.8554283527576557,0.7031826972961426,0.8400814988967569,1
mixed_0053__telephone8k,0.9860883915940644,0.430913507938385,0.9751790539988549,1
mixed_0054__telephone8k,0.7231731221755592,0.6619228720664978,0.7156055141414007,1
mixed_0055__telephone8k,0.7252359693275334,0.40056174993515015,0.6882610777510739,1
mixed_0056__telephone8k,0.9987543183278514,0.3153984844684601,0.9967205298015956,1
mixed_0057__telephone8k,0.9958082322994586,0.6136071085929871,0.9919930088454862,1
mixed_0058__telephone8k,0.9934101782023158,0.944011926651001,0.9912580108680743,1
mixed_0059__telephone8k,0.1841410772744514,0.944011926651001,0.28337549501107173,1
mixed_0060__telephone8k,0.8996362517576877,0.42823341488838196,0.866515739775711,1
mixed_0061__telephone8k,0.9980939433874936,0.8794784545898438,0.9966826976303041,1
mixed_0062__telephone8k,0.9965184005114276,0.8821032643318176,0.994420272248902,1
mixed_0063__telephone8k,0.6755257443830917,0.8884494304656982,0.7125309142735392,1
mixed_0064__telephone8k,0.9951642591531646,0.9355352520942688,0.9931872946144802,1
mixed_0065__telephone8k,0.9982672437323262,0.9232608675956726,0.9971379833802104,1
mixed_0066__telephone8k,0.9855990195890632,0.9316617846488953,0.9822977804940235,1
mixed_0067__telephone8k,0.9989608256218424,0.8276053667068481,0.9979325072102357,1
mixed_0068__telephone8k,0.9953885871821274,0.824913740158081,0.9924407930325465,1
mixed_0069__telephone8k,0.9988790154395992,0.8684702515602112,0.9978812033251018,1
mixed_0070__telephone8k,0.773957357120908,0.10087862610816956,0.6870610461766571,1
mixed_0071__telephone8k,0.2597021250506648,0.0468643493950367,0.21366642141567652,1
mixed_0072__telephone8k,0.8051377078122567,0.9536908864974976,0.8358319108454819,1
mixed_0073__telephone8k,0.319029824242997,0.2839401960372925,0.31433852562534165,1
mixed_0074__telephone8k,0.9970775175393792,0.3930821120738983,0.9934238960614846,1
mixed_0075__telephone8k,0.9503724777553512,0.14963075518608093,0.9123469011351968,1
mixed_0076__telephone8k,0.965587663728085,0.7525948882102966,0.9545871979617012,1
mixed_0077__telephone8k,0.9998816563108766,0.8185047507286072,0.9996848598050442,1
mixed_0078__telephone8k,0.994489341080502,0.7455466389656067,0.9906211435492281,1
mixed_0079__telephone8k,0.9992227824085584,0.8740772008895874,0.9984688685417018,1
mixed_0080__telephone8k,0.98437904549556,0.16451646387577057,0.9675009664134437,1
mixed_0081__telephone8k,0.9990484318222644,0.500903308391571,0.997653728514897,1
mixed_0082__telephone8k,0.5853227574272873,0.36296918988227844,0.5564413502501863,1
mixed_0083__telephone8k,0.999918048311198,0.9413098692893982,0.999805880013608,1
mixed_0084__telephone8k,0.8887894644107956,0.19290398061275482,0.8350950312129072,1
mixed_0085__telephone8k,0.9997253657803646,0.9392035007476807,0.9994415000248501,1
mixed_0086__telephone8k,0.9969243723312434,0.6939709186553955,0.9941535197796444,1
mixed_0087__telephone8k,0.9859659569104632,0.15122824907302856,0.9699711616585457,1
mixed_0088__telephone8k,0.9993315546798994,0.8611649870872498,0.9986372024214735,1
mixed_0089__telephone8k,0.9963197563461345,0.7236220836639404,0.9932943240174437,1
mixed_0090__telephone8k,0.4556852322040462,0.21311505138874054,0.41959563021361884,1
mixed_0091__telephone8k,0.1807908564842961,0.6202536225318909,0.22256384869770046,1
mixed_0092__telephone8k,0.0207237531566585,0.11920291930437088,0.026228912506241278,1
mixed_0093__telephone8k,0.1329616299229708,0.7941296100616455,0.18911518940006655,1
mixed_0094__telephone8k,0.9482037451183676,0.8754466772079468,0.9417397485466357,1
mixed_0095__telephone8k,0.9997328697742762,0.8641270995140076,0.9993881621196876,1
mixed_0096__telephone8k,0.9998699546304972,0.9057232737541199,0.9996899439678634,1
mixed_0097__telephone8k,0.9486242517476716,0.8740772008895874,0.9420600259997927,1
mixed_0098__telephone8k,0.9877764898772252,0.8455348014831543,0.9827428844407989,1
mixed_0099__telephone8k,0.996217392626149,0.9558496475219727,0.9947733280154096,1
mixed_0100__telephone8k,0.5127644431960124,0.11155053228139877,0.4439070915993601,0
mixed_0101__telephone8k,0.1745368699445324,0.6435085535049438,0.21839703712007802,0
mixed_0102__telephone8k,0.6212624292086837,0.6668006181716919,0.6273252851861418,0
mixed_0103__telephone8k,0.0024282776292172,0.2216200977563858,0.004500321747222041,0
mixed_0104__telephone8k,0.913679944225134,0.8581488728523254,0.9077690231407473,0
mixed_0105__telephone8k,0.1423820125207286,0.8175744414329529,0.20307078325424108,0
mixed_0106__telephone8k,0.0803770564004139,0.885947585105896,0.13541628955556745,0
mixed_0107__telephone8k,0.7152211504004026,0.853522539138794,0.7369720521919154,0
mixed_0108__telephone8k,0.9965410774635692,0.6442251205444336,0.9933355918483633,0
mixed_0109__telephone8k,0.6498405100214797,0.707081139087677,0.6575773774833927,0
mixed_0110__telephone8k,0.3148747619020625,0.5858595967292786,0.34722320505914933,0
mixed_0111__telephone8k,0.9271817840252208,0.18242552876472473,0.8827195693249874,0
mixed_0112__telephone8k,0.6305616871995726,0.10087862610816956,0.5450650436303835,0
mixed_0113__telephone8k,0.792181537212923,0.7941296100616455,0.7924355536721339,0
mixed_0114__telephone8k,0.9919886096480626,0.8487717509269714,0.9880694087966558,0
mixed_0115__telephone8k,0.224370449654146,0.03152322396636009,0.1788178016323642,0
mixed_0116__telephone8k,0.8171050013396404,0.7971780896186829,0.814603039697297,0
mixed_0117__telephone8k,0.8072337035811846,0.8138161897659302,0.8080993431683361,0
mixed_0118__telephone8k,0.13815210221075,0.7718434929847717,0.19243082502350256,0
mixed_0119__telephone8k,0.0347644615061675,0.883397102355957,0.067330632076319,0
mixed_0120__telephone8k,0.2439512670641052,0.804159939289093,0.3099261631204122,0
mixed_0121__telephone8k,0.0083038242238986,0.6591199636459351,0.016704512116134433,0
mixed_0122__telephone8k,0.0673609493054166,0.6399161219596863,0.09871639649062386,0
mixed_0123__telephone8k,0.0244071179890924,0.1418510526418686,0.0309870560296474,0
mixed_0124__telephone8k,0.0436498790969806,0.13441191613674164,0.050798778032443204,0
mixed_0125__telephone8k,0.0279647550606171,0.7310585379600525,0.0493997154635322,0
mixed_0126__telephone8k,0.0103267160843459,0.1577586680650711,0.014960810335956644,0
mixed_0127__telephone8k,0.0173610046851199,0.07673913985490799,0.02115062669737915,0
mixed_0128__telephone8k,0.0485740295712503,0.7772998809814453,0.08123834462376708,0
mixed_0129__telephone8k,0.0030823636039521,0.2120688259601593,0.0054954174976217535,0
mixed_0130__telephone8k,0.0532855117420563,0.7236220836639404,0.08485374430372027,0
mixed_0131__telephone8k,0.9794909559618526,0.9258759021759033,0.9756795173217697,0
mixed_0132__telephone8k,0.7254895566361362,0.41945767402648926,0.6906726555578517,0
mixed_0133__telephone8k,0.9216672440017506,0.7083739638328552,0.9055194691718694,0
mixed_0134__telephone8k,0.0296545066363592,0.3106943964958191,0.041559280081000634,0
mixed_0135__telephone8k,0.2811662487208151,0.8991213440895081,0.3699852453238224,0
mixed_0136__telephone8k,0.00780240138361,0.3768065571784973,0.013640424666462338,0
mixed_0137__telephone8k,0.0539980117947402,0.49179762601852417,0.07618590434628332,0
mixed_0138__telephone8k,0.2895736915311889,0.9370266199111938,0.39417737151314863,0
mixed_0139__telephone8k,0.0219367591866014,0.6054258346557617,0.03739554595725265,0
mixed_0140__telephone8k,0.1765119987034102,0.7729422450065613,0.23492827760380958,0
mixed_0141__telephone8k,0.5365383865519522,0.49896240234375,0.5316678296545265,0
mixed_0142__telephone8k,0.0724102566269978,0.3073579967021942,0.0891274841366016,0
mixed_0143__telephone8k,0.0342558151130412,0.9324532747268677,0.0715103411796664,0
mixed_0144__telephone8k,0.1258860059952362,0.6757646203041077,0.1693210405185045,0
mixed_0145__telephone8k,0.329784199239793,0.8080672025680542,0.39410357533337287,0
mixed_0146__telephone8k,0.8601725815384708,0.15942667424678802,0.7964779288210311,0
mixed_0147__telephone8k,0.6269166069153468,0.28648853302001953,0.582468485712786,0
mixed_0148__telephone8k,0.9838390295164114,0.740774929523468,0.9761355369455575,0
mixed_0149__telephone8k,0.2192945359553837,0.8157027363777161,0.28672662467720206,0
mixed_0150__telephone8k,0.9947824025359064,0.8503692746162415,0.9917870701140413,1
mixed_0151__telephone8k,0.9998370350191168,0.24393050372600555,0.999413595501837,1
mixed_0152__telephone8k,0.981477582566359,0.8001928329467773,0.9742778077951654,1
mixed_0153__telephone8k,0.9993730559233208,0.9340110421180725,0.9988420006513331,1
mixed_0154__telephone8k,0.9996933846305384,0.7837237119674683,0.9992579380629526,1
mixed_0155__telephone8k,0.9960421513008828,0.9232608675956726,0.9941346610495975,1
mixed_0156__telephone8k,0.9979088895786644,0.8641270995140076,0.9963400206147898,1
mixed_0157__telephone8k,0.99669313169359,0.6556006669998169,0.9936316835196511,1
mixed_0158__telephone8k,0.8290766166429552,0.27637791633605957,0.7770729290336587,1
mixed_0159__telephone8k,0.9028097268331704,0.4969360828399658,0.8740770780088956,1
mixed_0160__telephone8k,0.9695544296863224,0.8320183753967285,0.9615422992980815,1
mixed_0161__telephone8k,0.6860628580463889,0.927573561668396,0.7333420765801772,1
mixed_0162__telephone8k,0.1352524611361547,0.9232608675956726,0.21572907369276945,1
mixed_0163__telephone8k,0.8211935191934161,0.9057232737541199,0.8348503571940209,1
mixed_0164__telephone8k,0.991850557988092,0.8185047507286072,0.9875465318240023,1
mixed_0165__telephone8k,0.99910942632071,0.9603611826896667,0.9985346150341223,1
mixed_0166__telephone8k,0.9989488021357996,0.902472198009491,0.9980821727929436,1
mixed_0167__telephone8k,0.9873791414851866,0.8712997436523438,0.9827334495441516,1
mixed_0168__telephone8k,0.9998891746552636,0.7135114669799805,0.9996784710799717,1
mixed_0169__telephone8k,0.9990396899703974,0.9258759021759033,0.9982948496355017,1
mixed_0170__telephone8k,0.7192407597648707,0.2058703601360321,0.6554104802303176,1
mixed_0171__telephone8k,0.3937149127199311,0.5236152410507202,0.41015850856818226,1
mixed_0172__telephone8k,0.9847560412500304,0.7371581792831421,0.9772550779079024,1
mixed_0173__telephone8k,0.998833606976319,0.8991213440895081,0.9978905149135098,1
mixed_0174__telephone8k,0.9967318637597704,0.949068546295166,0.9953065269192102,1
mixed_0175__telephone8k,0.958298002821284,0.9584133625030518,0.9583130168708907,1
mixed_0176__telephone8k,0.9810851855380344,0.8781471848487854,0.9756870103061858,1
mixed_0177__telephone8k,0.99468855025897,0.7981867790222168,0.9912601278124666,1
mixed_0178__telephone8k,0.9997771595928302,0.9332363605499268,0.9995282354646715,1
mixed_0179__telephone8k,0.7425638560829042,0.8311430811882019,0.7556193813983033,1
mixed_0180__telephone8k,0.9918723734819884,0.8781471848487854,0.9883013386751668,1
mixed_0181__telephone8k,0.5423451323773275,0.851952850818634,0.5927184901006695,1
mixed_0182__telephone8k,0.9945179979590586,0.938485860824585,0.992452295760401,1
mixed_0183__telephone8k,0.979869399272735,0.23258893191814423,0.9617612762803689,1
mixed_0184__telephone8k,0.9990851598547364,0.9362850189208984,0.9983993779001556,1
mixed_0185__telephone8k,0.9522055342108534,0.7383673787117004,0.939220792709723,1
mixed_0186__telephone8k,0.997307576001342,0.16885694861412048,0.9928858473299268,1
mixed_0187__telephone8k,0.9637352951830044,0.7971780896186829,0.9539776400225306,1
mixed_0188__telephone8k,0.9976952658891146,0.8821032643318176,0.9961002864328232,1
mixed_0189__telephone8k,0.2293965667197642,0.6326842904090881,0.2721958075199184,1
mixed_0190__telephone8k,0.9896243245643942,0.8807970285415649,0.9855903007517248,1
mixed_0191__telephone8k,0.917229894872938,0.903566837310791,0.9155587363881,1
mixed_0192__telephone8k,0.9880384513112128,0.9129343032836914,0.9844144276816588,1
mixed_0193__telephone8k,0.8594739967808733,0.3615253269672394,0.8178085032183061,1
mixed_0194__telephone8k,0.8688717221506457,0.8221890926361084,0.8634504987681808,1
mixed_0195__telephone8k,0.9994238481583482,0.7606506943702698,0.9986937168661753,1
mixed_0196__telephone8k,0.995050172148932,0.9088770747184753,0.992703180728988,1
mixed_0197__telephone8k,0.9846350053493312,0.8670357465744019,0.9794293713818726,1
mixed_0198__telephone8k,0.7049536455379759,0.7018765211105347,0.7045546647274934,1
mixed_0199__telephone8k,0.9694409348515644,0.7359454035758972,0.9585482825753573,1
mixed_0200__telephone8k,0.0340928690257706,0.4305304288864136,0.04994386129725092,0
mixed_0201__telephone8k,0.2468795953339833,0.8337581753730774,0.31849274274044687,0
mixed_0202__telephone8k,0.0916730555734728,0.6297746300697327,0.12717460960862728,0
mixed_0203__telephone8k,0.3565962294745485,0.6499342322349548,0.39340805348288316,0
mixed_0204__telephone8k,0.0256462715754985,0.8487717509269714,0.050198527394680205,0
mixed_0205__telephone8k,0.0271991288441623,0.7298280000686646,0.048209095356979495,0
mixed_0206__telephone8k,0.0110029001171107,0.7044855356216431,0.021864459496861385,0
mixed_0207__telephone8k,0.0038670439164687,0.6016871333122253,0.008358483578978941,0
mixed_0208__telephone8k,0.0586102085744259,0.847160279750824,0.1003912324285168,0
mixed_0209__telephone8k,0.0200310886462823,0.853522539138794,0.0408798254320737,0
mixed_0210__telephone8k,0.1590163510588227,0.8267117738723755,0.22340777300860526,0
mixed_0211__telephone8k,0.1081815982875885,0.8001928329467773,0.16045486066608722,0
mixed_0212__telephone8k,0.0417859949332006,0.7135114669799805,0.06871111046015668,0
mixed_0213__telephone8k,0.0012369523043757,0.21311505138874054,0.002488765028255622,0
mixed_0214__telephone8k,0.0586314005218626,0.7606506943702698,0.0940750603470086,0
mixed_0215__telephone8k,0.3514333693866853,0.6619228720664978,0.39037312804103386,0
mixed_0216__telephone8k,0.025832278870107,0.7248703241348267,0.045995426345383866,0
mixed_0217__telephone8k,0.1082686889152414,0.8021839261054993,0.1607797885920087,0
mixed_0218__telephone8k,0.0249827582617571,0.8221890926361084,0.047932061646749555,0
mixed_0219__telephone8k,0.8213573059426146,0.7751285433769226,0.8157961312072817,0
mixed_0220__telephone8k,0.0069981900924326,0.7310585379600525,0.015054335774548816,0
mixed_0221__telephone8k,0.0085530643832765,0.20282189548015594,0.013217089269505796,0
mixed_0222__telephone8k,0.0477500693886772,0.6076632142066956,0.07263489595789072,0
mixed_0223__telephone8k,0.9852942975658304,0.7044855356216431,0.9774900545035924,0
mixed_0224__telephone8k,0.009761461011506,0.7868850231170654,0.020853576120677786,0
mixed_0225__telephone8k,0.0980055958715933,0.4111108183860779,0.12155818568868078,0
mixed_0226__telephone8k,0.0034263644742803,0.7794561982154846,0.008398808036027569,0
mixed_0227__telephone8k,0.0188721842597006,0.847160279750824,0.038614157385044895,0
mixed_0228__telephone8k,0.0064128257334744,0.8422412872314453,0.015221932494652845,0
mixed_0229__telephone8k,0.0276806997855215,0.14647749066352844,0.03470967290202944,0
mixed_0230__telephone8k,0.0164933427406505,0.8138161897659302,0.03340881742738497,0
mixed_0231__telephone8k,0.035074822367487,0.8371944427490234,0.06471862932925179,0
mixed_0232__telephone8k,0.99392548848946,0.7751285433769226,0.990006263986782,0
mixed_0233__telephone8k,0.1267773707503499,0.7005671858787537,0.17244611477246477,0
mixed_0234__telephone8k,0.3256823202661201,0.8626527786254883,0.4026843641740799,0
mixed_0235__telephone8k,0.0153189018829458,0.27888479828834534,0.02307837453379974,0
mixed_0236__telephone8k,0.3481423059132614,0.5374298095703125,0.37140897544067775,0
mixed_0237__telephone8k,0.0293574668280291,0.8422412872314453,0.055942225860577205,0
mixed_0238__telephone8k,0.0288399238569784,0.657714307308197,0.04858435703639784,0
mixed_0239__telephone8k,0.0246719813532062,0.22270013391971588,0.03351794133378531,0
mixed_0240__telephone8k,0.9991694284277676,0.793105959892273,0.9982479576290457,0
mixed_0241__telephone8k,0.3362500867056555,0.8933094143867493,0.4217987446434491,0
mixed_0242__telephone8k,0.8377239481748483,0.6757646203041077,0.821050036175986,0
mixed_0243__telephone8k,0.9374649317931932,0.5347096920013428,0.914788869936099,0
mixed_0244__telephone8k,0.002465601762017,0.793105959892273,0.006382498879585408,0
mixed_0245__telephone8k,0.0945205639514109,0.6598217487335205,0.13241552121879016,0
mixed_0246__telephone8k,0.3090280026582817,0.7005671858787537,0.3567356765053108,0
mixed_0247__telephone8k,0.2185415513174696,0.6121242046356201,0.2593731514892038,0
mixed_0248__telephone8k,0.0090820032728445,0.8726950287818909,0.021205043947151767,0
mixed_0249__telephone8k,0.0016512346635369,0.7640476226806641,0.004410995816864244,0
mixed_0250__telephone8k,0.9992287228571856,0.3429895341396332,0.9978721675680898,1
mixed_0251__telephone8k,0.9999076931301946,0.804159939289093,0.9997430021232242,1
mixed_0252__telephone8k,0.9998493347042792,0.5209837555885315,0.9995322824643093,1
mixed_0253__telephone8k,0.9318319434025636,0.6791787147521973,0.9147219839511995,1
mixed_0254__telephone8k,0.9894786085534584,0.8455348014831543,0.9848438684825115,1
mixed_0255__telephone8k,0.9998381290387152,0.7198565006256104,0.9995547927225401,1
mixed_0256__telephone8k,0.9996027290932392,0.6143477559089661,0.9989657683395068,1
mixed_0257__telephone8k,0.99989194900919,0.6477982401847839,0.9996728465776633,1
mixed_0258__telephone8k,0.9980241673683892,0.7572203278541565,0.9961790967134124,1
mixed_0259__telephone8k,0.991834219073785,0.8099984526634216,0.9874344994379333,1
mixed_0260__telephone8k,0.9960933739887488,0.7762160301208496,0.9931898161034055,1
mixed_0261__telephone8k,0.9994159448299424,0.7431679368019104,0.9986619657916206,1
mixed_0262__telephone8k,0.9998858662866316,0.8740772008895874,0.9997112779537783,1
mixed_0263__telephone8k,0.969187547590334,0.6952966451644897,0.9572001993017529,1
mixed_0264__telephone8k,0.968552787972348,0.7961657047271729,0.9592635897650444,1
mixed_0265__telephone8k,0.9997940501288384,0.8185047507286072,0.9994897436488247,1
mixed_0266__telephone8k,0.998607454877974,0.8119147419929504,0.9972966969485866,1
mixed_0267__telephone8k,0.999901000759212,0.8422412872314453,0.9997360298247995,1
mixed_0268__telephone8k,0.9987057378522042,0.7502601146697998,0.9973411837001673,1
mixed_0269__telephone8k,0.998118564493784,0.7479106783866882,0.9963143400762488,1
mixed_0270__telephone8k,0.999158058573519,0.7794561982154846,0.9982083379855617,1
mixed_0271__telephone8k,0.956232264413998,0.6261242032051086,0.9399247387737067,1
mixed_0272__telephone8k,0.717551394058513,0.7479106783866882,0.7216212341260314,1
mixed_0273__telephone8k,0.9995877954219344,0.7005671858787537,0.9989840486188146,1
mixed_0274__telephone8k,0.9991231050791304,0.17328819632530212,0.9973223890241283,1
mixed_0275__telephone8k,0.9998981898450466,0.9168273210525513,0.9997538442887739,1
mixed_0276__telephone8k,0.9995346192878968,0.853522539138794,0.9989971737725287,1
mixed_0277__telephone8k,0.0447564851882668,0.7005671858787537,0.07226977295554521,1
mixed_0278__telephone8k,0.7393134321427937,0.7005671858787537,0.7344640436045797,1
mixed_0279__telephone8k,0.9995944084056806,0.847160279750824,0.9991043945766499,1
mixed_0280__telephone8k,0.9916633496882544,0.21627625823020935,0.9818383294664081,1
mixed_0281__telephone8k,0.9994169366024608,0.8670357465744019,0.9987977041271265,1
mixed_0282__telephone8k,0.976348220404494,0.7991916537284851,0.9682098975295372,1
mixed_0283__telephone8k,0.9960270596888712,0.7762160301208496,0.9930896496117427,1
mixed_0284__telephone8k,0.9860801168276772,0.6939709186553955,0.9783952877760748,1
mixed_0285__telephone8k,0.9341050210266258,0.75951087474823,0.9210229852771192,1
mixed_0286__telephone8k,0.9997336729328732,0.7083739638328552,0.9993084798929707,1
mixed_0287__telephone8k,0.9999070446707904,0.7236220836639404,0.9997258592586195,1
mixed_0288__telephone8k,0.9897430931255424,0.855078399181366,0.9853160861158692,1
mixed_0289__telephone8k,0.9999089762072672,0.7879312038421631,0.9997427911171739,1
mixed_0290__telephone8k,0.2167136403074111,0.7298280000686646,0.27117007656060954,1
mixed_0291__telephone8k,0.9456726298141834,0.8021839261054993,0.9350799456458404,1
mixed_0292__telephone8k,0.9977432689202124,0.8371944427490234,0.9959804128784989,1
mixed_0293__telephone8k,0.9995379339289404,0.6143477559089661,0.9988205860338603,1
mixed_0294__telephone8k,0.9937999876858876,0.7135114669799805,0.9893932541259013,1
mixed_0295__telephone8k,0.999419876045,0.7443591356277466,0.9986708777010388,1
mixed_0296__telephone8k,0.998976958767978,0.8267117738723755,0.9979587776575456,1
mixed_0297__telephone8k,0.9388671177879164,0.5552423000335693,0.9172348660620773,1
mixed_0298__telephone8k,0.9999070446707904,0.6427913308143616,0.9997121677225264,1
mixed_0299__telephone8k,0.9937730969591776,0.7359454035758972,0.9895063714410206,1
mixed_0300__telephone8k,0.0645094559224902,0.855078399181366,0.10950029868606909,0
mixed_0301__telephone8k,0.9207113680121723,0.1577586680650711,0.8716397089019534,0
mixed_0302__telephone8k,0.1203562909036568,0.8258146047592163,0.17826157421826822,0
mixed_0303__telephone8k,0.005429028353823,0.7794561982154846,0.012504855224126263,0
mixed_0304__telephone8k,0.0099061858125742,0.4588821530342102,0.017507441610520445,0
mixed_0305__telephone8k,0.1080542146326426,0.8422412872314453,0.16539501549080055,0
mixed_0306__telephone8k,0.0870611795006877,0.807096004486084,0.13487941162474143,0
mixed_0307__telephone8k,0.0669811234314008,0.7961657047271729,0.10769856930473408,0
mixed_0308__telephone8k,0.0021829075249101,0.7662936449050903,0.0056283277811070296,0
mixed_0309__telephone8k,0.0045117683576364,0.6899744868278503,0.010040934685102752,0
mixed_0310__telephone8k,0.416591510628692,0.6893056035041809,0.4527895224530992,0
mixed_0311__telephone8k,0.9874815584909892,0.0932147204875946,0.9708118761241459,0
mixed_0312__telephone8k,0.997006546743683,0.9340110421180725,0.9954936307056655,0
mixed_0313__telephone8k,0.0828596251245781,0.7083739638328552,0.12172418218961144,0
mixed_0314__telephone8k,0.8653429382893736,0.8455348014831543,0.8628946961184935,0
mixed_0315__telephone8k,0.1850699098071142,0.04856814816594124,0.1575713266822909,0
mixed_0316__telephone8k,0.2343840446020169,0.8175744414329529,0.30262346082443475,0
mixed_0317__telephone8k,0.0366588156728285,0.8698915839195251,0.06934364061375342,0
mixed_0318__telephone8k,0.1923543582774341,0.10788782685995102,0.17903676431020868,0
mixed_0319__telephone8k,0.9724513514187574,0.7549149990081787,0.9625584565670152,0
mixed_0320__telephone8k,0.506327857077377,0.7479106783866882,0.5407586392844123,0
mixed_0321__telephone8k,0.9981001528101568,0.7083739638328552,0.9961855031865964,0
mixed_0322__telephone8k,0.0636398712871908,0.7322856187820435,0.09899792383511712,0
mixed_0323__telephone8k,0.895637022662607,0.7122321724891663,0.8795331766147872,0
mixed_0324__telephone8k,0.3278244604196846,0.7868850231170654,0.3882003377755547,0
mixed_0325__telephone8k,0.0548370094902473,0.7651724815368652,0.08920988739774241,0
mixed_0326__telephone8k,0.1794773087723781,0.7236220836639404,0.2319769544804595,0
mixed_0327__telephone8k,0.1273381203790678,0.14337949454784393,0.1293333531024154,0
mixed_0328__telephone8k,0.0042269169134132,0.8061210513114929,0.010285000025917335,0
mixed_0329__telephone8k,0.0478916194617055,0.9324532747268677,0.09450556334900856,0
mixed_0330__telephone8k,0.194098576444478,0.8698915839195251,0.27061040965690125,0
mixed_0331__telephone8k,0.1920645726000001,0.8794784545898438,0.2706137552954342,0
mixed_0332__telephone8k,0.8620226210892739,0.8284952640533447,0.8579975416085796,0
mixed_0333__telephone8k,0.029986371723908,0.7971780896186829,0.05485339773634638,0
mixed_0334__telephone8k,0.1096107381357963,0.903566837310791,0.17776930115655998,0
mixed_0335__telephone8k,0.9983955082484278,0.7971780896186829,0.9969052401560704,0
mixed_0336__telephone8k,0.0089170820726777,0.7083739638328552,0.018288112344880016,0
mixed_0337__telephone8k,0.0325239631908989,0.7211151719093323,0.055821256495877776,0
mixed_0338__telephone8k,0.0657955324051414,0.5960569977760315,0.09469106340712272,0
mixed_0339__telephone8k,0.0231608464846244,0.6832504272460938,0.04087590637947854,0
mixed_0340__telephone8k,0.999205446918252,0.7147873044013977,0.9982185981965094,0
mixed_0341__telephone8k,0.9208132850470474,0.8872045874595642,0.9170272841404499,0
mixed_0342__telephone8k,0.0408223822711338,0.859663724899292,0.07510237779104324,0
mixed_0343__telephone8k,0.1677790929610075,0.6939709186553955,0.21639090534285166,0
mixed_0344__telephone8k,0.1753221633074872,0.6136071085929871,0.21636869014913826,0
mixed_0345__telephone8k,0.1132555411498973,0.549447238445282,0.1462170366483262,0
mixed_0346__telephone8k,0.961184122093648,0.7455466389656067,0.9493997226708047,0
mixed_0347__telephone8k,0.0352142737785343,0.7359454035758972,0.06026505581549462,0
mixed_0348__telephone8k,0.044809093708638,0.824913740158081,0.07869111587344635,0
mixed_0349__telephone8k,0.0159157706752969,0.5145466923713684,0.027102244124064968,0
mixed_0350__telephone8k,0.8992036478076992,0.677815318107605,0.8808602593942911,1
mixed_0351__telephone8k,0.9901823591879628,0.7751285433769226,0.9848546601566515,1
mixed_0352__telephone8k,0.950098363124335,0.7920784950256348,0.9391943758736513,1
mixed_0353__telephone8k,0.1018120851624364,0.7502601146697998,0.14789490835502112,1
mixed_0354__telephone8k,0.9987418878542608,0.7298280000686646,0.9973698391714321,1
mixed_0355__telephone8k,0.9832140897581298,0.5740604996681213,0.9728788735208128,1
mixed_0356__telephone8k,0.9977595517096594,0.8487717509269714,0.9960506127056459,1
mixed_0357__telephone8k,0.9940192550500636,0.8422412872314453,0.9906801383458533,1
mixed_0358__telephone8k,0.9921608312192932,0.8354835510253906,0.9881406049487318,1
mixed_0359__telephone8k,0.9988670033303388,0.7431679368019104,0.9976199533822724,1
mixed_0360__telephone8k,0.9996270587897432,0.7285938262939453,0.9990852170793492,1
mixed_0361__telephone8k,0.992703902325569,0.8438951373100281,0.9889451078131942,1
mixed_0362__telephone8k,0.9992698789773584,0.7674110531806946,0.9984028774328944,1
mixed_0363__telephone8k,0.9993491174910314,0.7837237119674683,0.998572149661287,1
mixed_0364__telephone8k,0.4104794855076986,0.7674110531806946,0.4601501439873669,1
mixed_0365__telephone8k,0.9985049008543,0.5081047415733337,0.9965390759184451,1
mixed_0366__telephone8k,0.9990533383431772,0.8872045874595642,0.9982117641529027,1
mixed_0367__telephone8k,0.988075218855238,0.8388910293579102,0.9830002695186393,1
mixed_0368__telephone8k,0.9977143099745108,0.6852758526802063,0.9954574388340641,1
mixed_0369__telephone8k,0.8941075275796709,0.7941296100616455,0.8840710181355956,1
mixed_0370__telephone8k,0.9988026231766802,0.685949444770813,0.9974101222681722,1
mixed_0371__telephone8k,0.9783032592079632,0.2689414322376251,0.9602098385572064,1
mixed_0372__telephone8k,0.9662865208336056,0.8185047507286072,0.9575134405629648,1
mixed_0373__telephone8k,0.9875552281658496,0.851952850818634,0.9825844144996818,1
mixed_0374__telephone8k,0.3279213693327064,0.7455466389656067,0.38117515349484554,1
mixed_0375__telephone8k,0.9997573759600066,0.8754466772079468,0.999444544658275,1
mixed_0376__telephone8k,0.9950890503217532,0.5269270539283752,0.9903862731364369,1
mixed_0377__telephone8k,0.7759921283573732,0.57825767993927,0.7543544095922089,1
mixed_0378__telephone8k,0.999782932586282,0.8185047507286072,0.9994658699029214,1
mixed_0379__telephone8k,0.9997442166978678,0.8768032193183899,0.9994193774934218,1
mixed_0380__telephone8k,0.9995177133087388,0.7135114669799805,0.9988448517787859,1
mixed_0381__telephone8k,0.9985374549943988,0.6136071085929871,0.9967886387603051,1
mixed_0382__telephone8k,0.5775460286774123,0.7335090637207031,0.5995716453796405,1
mixed_0383__telephone8k,0.9997302507061174,0.7005671858787537,0.9992973442711671,1
mixed_0384__telephone8k,0.9781403271853076,0.8061210513114929,0.9704629657476528,1
mixed_0385__telephone8k,0.9971600954633216,0.7236220836639404,0.9946447997521161,1
mixed_0386__telephone8k,0.9964181135127874,0.8626527786254883,0.9941501736865958,1
mixed_0387__telephone8k,0.9923930793042852,0.6150878667831421,0.9865967003605617,1
mixed_0388__telephone8k,0.8872798601064475,0.949068546295166,0.8980075401784723,1
mixed_0389__telephone8k,0.9984343049379132,0.7549149990081787,0.9968731172190817,1
mixed_0390__telephone8k,0.991833140097947,0.24740508198738098,0.9825517598175604,1
mixed_0391__telephone8k,0.9997777429852972,0.7900123596191406,0.9994417888137154,1
mixed_0392__telephone8k,0.9688186774696528,0.8503692746162415,0.9614104407840657,1
mixed_0393__telephone8k,0.9999044054379336,0.7490872144699097,0.9997238520642149,1
mixed_0394__telephone8k,0.9880701745971562,0.8581488728523254,0.9833169699064187,1
mixed_0395__telephone8k,0.9827316909576552,0.7261149883270264,0.9744894836234869,1
mixed_0396__telephone8k,0.942759380052908,0.7236220836639404,0.9284068837839939,1
mixed_0397__telephone8k,0.9944246864106826,0.6253923773765564,0.9898144228752249,1
mixed_0398__telephone8k,0.617054095351719,0.8438951373100281,0.6534909633270473,1
mixed_0399__telephone8k,0.9618018468650188,0.8655880689620972,0.9547291135055034,1
sdxmix_0000__telephone8k,0.0659324715539619,0.7135114669799805,0.10086289802880632,0
sdxmix_0001__telephone8k,0.5825729193015603,0.6435085535049438,0.5906833354108894,0
sdxmix_0002__telephone8k,0.1499223386668185,0.23595239222049713,0.15944237203163247,0
sdxmix_0003__telephone8k,0.6117105615158616,0.4839898645877838,0.5955829465850173,0
sdxmix_0004__telephone8k,0.3120515625363486,0.8021839261054993,0.3761845998599976,0
sdxmix_0005__telephone8k,0.0418814143765957,0.10087862610816956,0.04708426676601656,0
sdxmix_0006__telephone8k,0.0365969878860735,0.2628418207168579,0.0483651158858453,0
sdxmix_0007__telephone8k,0.1193196472624772,0.885947585105896,0.1865578790822834,0
sdxmix_0008__telephone8k,0.9869302358429576,0.9536908864974976,0.9845623706407688,0
sdxmix_0009__telephone8k,0.0331804843651754,0.1662418097257614,0.04135575472665841,0
sdxmix_0010__telephone8k,0.9858048912626358,0.5477060079574585,0.9762043904483931,0
sdxmix_0011__telephone8k,0.0073202568750244,0.06676363199949265,0.009811224391174716,0
sdxmix_0012__telephone8k,0.1825521096469765,0.8422412872314453,0.25227569349804646,0
sdxmix_0013__telephone8k,0.876453945912691,0.041091274470090866,0.7850032644564781,0
sdxmix_0014__telephone8k,0.4435780641555957,0.9099069833755493,0.5258361649352871,0
sdxmix_0015__telephone8k,0.4418928394549846,0.6046791076660156,0.4630970516209162,0
sdxmix_0016__telephone8k,0.4595284672678499,0.8128673434257507,0.5124443762048178,0
sdxmix_0017__telephone8k,0.0762779193150728,0.5548564195632935,0.10515985113058055,0
sdxmix_0018__telephone8k,0.0202022474490552,0.549447238445282,0.033857407281229414,0
sdxmix_0019__telephone8k,0.1850051406051966,0.5228356719017029,0.2178650242379398,0
sdxmix_0020__telephone8k,0.0107722908173892,0.6784973740577698,0.021139196488818648,0
sdxmix_0021__telephone8k,0.3648062660053993,0.885947585105896,0.44621629523977,0
sdxmix_0022__telephone8k,0.022869886755271,0.756069540977478,0.04230547291110007,0
sdxmix_0023__telephone8k,0.1218060590190153,0.17150476574897766,0.1274850699692096,0
sdxmix_0024__telephone8k,0.0392674643402112,0.1273050308227539,0.046005331311504305,0
sdxmix_0025__telephone8k,0.9997753079700364,0.7443591356277466,0.9994173962306708,1
sdxmix_0026__telephone8k,0.1244315325596188,0.9250134825706482,0.20248296671463478,1
sdxmix_0027__telephone8k,0.9844707244416936,0.9392035007476807,0.9814002663846646,1
sdxmix_0028__telephone8k,0.9930768765885594,0.9109264612197876,0.9902686023956061,1
sdxmix_0029__telephone8k,0.5281895963187101,0.8138161897659302,0.5719848589620367,1
sdxmix_0030__telephone8k,0.9919642126683924,0.390847772359848,0.9842034780529038,1
sdxmix_0031__telephone8k,0.9179624751245692,0.8933094143867493,0.9150784875880074,1
sdxmix_0032__telephone8k,0.0585506922336107,0.8991213440895081,0.10601825565113024,1
sdxmix_0033__telephone8k,0.9990730743734209,0.3878757655620575,0.9975656667204963,1
sdxmix_0034__telephone8k,0.9964928351370476,0.8438951373100281,0.9941438096233658,1
sdxmix_0035__telephone8k,0.9374144750645949,0.8641270995140076,0.9305542566498671,1
sdxmix_0036__telephone8k,0.9973257280725698,0.9292351603507996,0.9958742294419385,1
sdxmix_0037__telephone8k,0.9986787595112452,0.9465966820716858,0.9978496887689272,1
sdxmix_0038__telephone8k,0.941509789969326,0.793105959892273,0.930350868779109,1
sdxmix_0039__telephone8k,0.9994149445725362,0.8258146047592163,0.9987431798333447,1
sdxmix_0040__telephone8k,0.9991284837681776,0.9525741338729858,0.9985264874651624,1
sdxmix_0041__telephone8k,0.9997615147435788,0.9406154751777649,0.9995076185133723,1
sdxmix_0042__telephone8k,0.9379467746630528,0.853522539138794,0.9303309798986319,1
sdxmix_0043__telephone8k,0.9988093648029204,0.7572203278541565,0.9975391436067861,1
sdxmix_0044__telephone8k,0.8634837947793514,0.8422412872314453,0.8608649557838964,1
sdxmix_0045__telephone8k,0.999625772355131,0.7762160301208496,0.9991125088090786,1
sdxmix_0046__telephone8k,0.4817437506768946,0.8698915839195251,0.5457318471582715,1
sdxmix_0047__telephone8k,0.4946376502569467,0.9399133324623108,0.5839082966301524,1
sdxmix_0048__telephone8k,0.9999073233886407,0.8712997436523438,0.9997583328530288,1
sdxmix_0049__telephone8k,0.9957599594945932,0.6520642042160034,0.992084051550005,1
sdxmix_0050__telephone8k,0.0103530505284856,0.033895157277584076,0.012095430577432321,0
sdxmix_0051__telephone8k,0.7697411762422616,0.6852758526802063,0.7597147044391641,0
sdxmix_0052__telephone8k,0.8335809005287673,0.9340110421180725,0.8514808085178914,0
sdxmix_0053__telephone8k,0.0467468817759582,0.041091274470090866,0.04597177439562048,0
sdxmix_0054__telephone8k,0.805150129652505,0.8768032193183899,0.816000274593226,0
sdxmix_0055__telephone8k,0.7785674138520506,0.8807970285415649,0.7947638025813496,0
sdxmix_0056__telephone8k,0.0678858773667469,0.7981867790222168,0.1090651695428151,0
sdxmix_0057__telephone8k,0.8570600786666199,0.6899744868278503,0.8405388348787253,0
sdxmix_0058__telephone8k,0.422894216809177,0.8611649870872498,0.49169174533921545,0
sdxmix_0059__telephone8k,0.0284708769652952,0.09752782434225082,0.033558164796603465,0
sdxmix_0060__telephone8k,0.5201978923369553,0.8388910293579102,0.5707292071281737,0
sdxmix_0061__telephone8k,0.3041655575065617,0.08706576377153397,0.2639653257961722,0
sdxmix_0062__telephone8k,0.0123937773074431,0.07076480984687805,0.015616493913583808,0
sdxmix_0063__telephone8k,0.1053977709873124,0.17150476574897766,0.11250903630615791,0
sdxmix_0064__telephone8k,0.9398274281798474,0.859663724899292,0.9325667341913311,0
sdxmix_0065__telephone8k,0.0250332756626476,0.042087726294994354,0.026795462193145506,0
sdxmix_0066__telephone8k,0.1639686123846835,0.4240303635597229,0.18892126803067136,0
sdxmix_0067__telephone8k,0.5078221826857813,0.7431679368019104,0.5412431687997062,0
sdxmix_0068__telephone8k,0.0083870101092438,0.04011743515729904,0.010303094522380587,0
sdxmix_0069__telephone8k,0.0304677056768369,0.9258759021759033,0.06403924132876972,0
sdxmix_0070__telephone8k,0.7224040446983594,0.9232608675956726,0.7605065426335036,0
sdxmix_0071__telephone8k,0.696402741669647,0.11155053228139877,0.6112445691772694,0
sdxmix_0072__telephone8k,0.3914998953630255,0.8119147419929504,0.4517616795719657,0
sdxmix_0073__telephone8k,0.153470472243205,0.47950366139411926,0.18297679237548078,0
sdxmix_0074__telephone8k,0.0501125776576989,0.10909681022167206,0.05558763184842574,0
sdxmix_0075__telephone8k,0.9986509165402476,0.7991916537284851,0.9973423052650716,1
sdxmix_0076__telephone8k,0.4696486898145701,0.8781471848487854,0.5376778044489718,1
sdxmix_0077__telephone8k,0.978177333826012,0.8371944427490234,0.9712866746314818,1
sdxmix_0078__telephone8k,0.998357478128348,0.9626730680465698,0.997525141764505,1
sdxmix_0079__telephone8k,0.993579150163198,0.8487717509269714,0.9901519409907935,1
sdxmix_0080__telephone8k,0.9992193622206732,0.10433121025562286,0.997387985172318,1
sdxmix_0081__telephone8k,0.916719007942868,0.949669361114502,0.921913927993021,1
sdxmix_0082__telephone8k,0.9680308428603388,0.8726950287818909,0.9614830459722004,1
sdxmix_0083__telephone8k,0.9456450131100526,0.9355352520942688,0.9444205432453047,1
sdxmix_0084__telephone8k,0.9993949117595772,0.906785249710083,0.9988211565589867,1
sdxmix_0085__telephone8k,0.7396080071275797,0.8566204905509949,0.757789044543966,1
sdxmix_0086__telephone8k,0.9930454356188572,0.906785249710083,0.9901671896397858,1
sdxmix_0087__telephone8k,0.999576450435053,0.8405733108520508,0.9990639519343716,1
sdxmix_0088__telephone8k,0.992638897936398,0.9196425676345825,0.9898842250279238,1
sdxmix_0089__telephone8k,0.8971499225974663,0.9223705530166626,0.9007983756270869,1
sdxmix_0090__telephone8k,0.9988250530572828,0.9598826169967651,0.9981323602974783,1
sdxmix_0091__telephone8k,0.999846971521163,0.9324532747268677,0.9996592320738972,1
sdxmix_0092__telephone8k,0.9961812727789318,0.9465966820716858,0.9945919314806355,1
sdxmix_0093__telephone8k,0.9831148790221584,0.8754466772079468,0.9778914679715727,1
sdxmix_0094__telephone8k,0.6097486751201899,0.6054258346557617,0.6091876638362307,1
sdxmix_0095__telephone8k,0.9126338186250738,0.7718434929847717,0.9002184819326561,1
sdxmix_0096__telephone8k,0.993251648268345,0.949068546295166,0.991189981314954,1
sdxmix_0097__telephone8k,0.9917113262798412,0.3429895341396332,0.9833417579899941,1
sdxmix_0098__telephone8k,0.0103683624961513,0.48252665996551514,0.018432254397740228,1
sdxmix_0099__telephone8k,0.9931188871142594,0.7031826972961426,0.9883165055321628,1
sdxmix_0100__telephone8k,0.03131716767216,0.6681877374649048,0.05241913294105663,0
sdxmix_0101__telephone8k,0.0202483929193295,0.8061210513114929,0.03955614073848999,0
sdxmix_0102__telephone8k,0.2283654699216377,0.8157027363777161,0.2961070036124627,0
sdxmix_0103__telephone8k,0.1019822005878737,0.7443591356277466,0.14758701714505038,0
sdxmix_0104__telephone8k,0.0590741448904965,0.6926419734954834,0.09090812576119293,0
sdxmix_0105__telephone8k,0.2844546594624311,0.7662936449050903,0.343400948318708,0
sdxmix_0106__telephone8k,0.1101607090066409,0.793105959892273,0.16208035159803502,0
sdxmix_0107__telephone8k,0.3968132586874393,0.7211151719093323,0.44008376341326677,0
sdxmix_0108__telephone8k,0.7321659211654646,0.7783799171447754,0.7385061886128437,0
sdxmix_0109__telephone8k,0.0314190573841195,0.7981867790222168,0.05710985124007418,0
sdxmix_0110__telephone8k,0.7067656378990926,0.847160279750824,0.7286902273417691,0
sdxmix_0111__telephone8k,0.0101951305468576,0.6470848917961121,0.019802276005737945,0
sdxmix_0112__telephone8k,0.0289961290098694,0.6764489412307739,0.049320308674796094,0
sdxmix_0113__telephone8k,0.0537199819664703,0.8581488728523254,0.09433513668024114,0
sdxmix_0114__telephone8k,0.8735293411444628,0.7455466389656067,0.8606923493058587,0
sdxmix_0115__telephone8k,0.007703583073023,0.8438951373100281,0.017856364617830058,0
sdxmix_0116__telephone8k,0.1566393027922418,0.8503692746162415,0.22465789040738884,0
sdxmix_0117__telephone8k,0.097050977045073,0.8099984526634216,0.14779841175452504,0
sdxmix_0118__telephone8k,0.0037365743935065,0.807096004486084,0.009252000319863939,0
sdxmix_0119__telephone8k,0.5453554364848501,0.7273561358451843,0.5709760360110778,0
sdxmix_0120__telephone8k,0.2841235983557879,0.7431679368019104,0.3394288549793327,0
sdxmix_0121__telephone8k,0.0599459967534119,0.6750794649124146,0.09115554474774734,0
sdxmix_0122__telephone8k,0.190646310277597,0.6926419734954834,0.24008108840854137,0
sdxmix_0123__telephone8k,0.2395048872053294,0.6598217487335205,0.2851475475257101,0
sdxmix_0124__telephone8k,0.1580418389206412,0.6449410319328308,0.20136198237150996,0
sdxmix_0125__telephone8k,0.9999203109492244,0.8276053667068481,0.9997783938830119,1
sdxmix_0126__telephone8k,0.997607102491014,0.7248703241348267,0.9953882293865771,1
sdxmix_0127__telephone8k,0.999752736807714,0.7443591356277466,0.9993668198208427,1
sdxmix_0128__telephone8k,0.917189656183236,0.7122321724891663,0.9011399018365562,1
sdxmix_0129__telephone8k,0.9995419060408408,0.5736784338951111,0.9988034727867201,1
sdxmix_0130__telephone8k,0.0942342340090248,0.6435085535049438,0.13101360385069474,1
sdxmix_0131__telephone8k,0.9992626026203868,0.6076632142066956,0.9982229234697082,1
sdxmix_0132__telephone8k,0.9997450965207488,0.8641270995140076,0.9994125914904627,1
sdxmix_0133__telephone8k,0.9998524337633604,0.6832504272460938,0.999579767531066,1
sdxmix_0134__telephone8k,0.9998494366137708,0.8258146047592163,0.9996139515173296,1
sdxmix_0135__telephone8k,0.999233174951278,0.8175744414329529,0.9983982599932396,1
sdxmix_0136__telephone8k,0.9992543328587166,0.7044855356216431,0.9983032792776806,1
sdxmix_0137__telephone8k,0.9735984229170545,0.7298280000686646,0.963306708743584,1
sdxmix_0138__telephone8k,0.9998276048891676,0.8641270995140076,0.9995819652013334,1
sdxmix_0139__telephone8k,0.875757283387298,0.8979819416999817,0.8788655878990914,1
sdxmix_0140__telephone8k,0.999543288773955,0.672331690788269,0.9988702286697702,1
sdxmix_0141__telephone8k,0.2300627697618401,0.7160597443580627,0.2827883078517698,1
sdxmix_0142__telephone8k,0.998657864065733,0.8884494304656982,0.9975818233988321,1
sdxmix_0143__telephone8k,0.9999214187128356,0.8455348014831543,0.9997847789461217,1
sdxmix_0144__telephone8k,0.999711105706225,0.6757646203041077,0.9992428854760119,1
sdxmix_0145__telephone8k,0.999777225084797,0.9002495408058167,0.9995007676232949,1
sdxmix_0146__telephone8k,0.4861598732377011,0.7868850231170654,0.5303717109041804,1
sdxmix_0147__telephone8k,0.9999009329377098,0.7236220836639404,0.9997102463253335,1
sdxmix_0148__telephone8k,0.8624083187297709,0.5919119119644165,0.8382378859882936,1
sdxmix_0149__telephone8k,0.9988321400221928,0.6695720553398132,0.9974409133042603,1
sdxmix_0150__telephone8k,0.1157998294994047,0.7941296100616455,0.16895468989917864,0
sdxmix_0151__telephone8k,0.0249756292712753,0.8276053667068481,0.04814335276393865,0
sdxmix_0152__telephone8k,0.0458952967230945,0.7537567615509033,0.0762446590524322,0
sdxmix_0153__telephone8k,0.8451804827261195,0.8302640914916992,0.8433036779034777,0
sdxmix_0154__telephone8k,0.209004312634939,0.8641270995140076,0.28548474731363294,0
sdxmix_0155__telephone8k,0.9349282382813214,0.7762160301208496,0.922743430528281,0
sdxmix_0156__telephone8k,0.0538682199340448,0.9158691167831421,0.10129599561125897,0
sdxmix_0157__telephone8k,0.1275222381314472,0.7083739638328552,0.1739804672433171,0
sdxmix_0158__telephone8k,0.2051933457021112,0.8909031748771667,0.28800209840700014,0
sdxmix_0159__telephone8k,0.0451584231186299,0.7248703241348267,0.07386689792738808,0
sdxmix_0160__telephone8k,0.0287534711236378,0.7772998809814453,0.05216617107036873,0
sdxmix_0161__telephone8k,0.005443404985161,0.7707409858703613,0.012453261837269447,0
sdxmix_0162__telephone8k,0.0704152002829112,0.8276053667068481,0.11497017473709344,0
sdxmix_0163__telephone8k,0.017673459987958,0.8221890926361084,0.03569229940288039,0
sdxmix_0164__telephone8k,0.9916710730267596,0.8909031748771667,0.9882409274267802,0
sdxmix_0165__telephone8k,0.0527966069976943,0.851952850818634,0.09243595006013916,0
sdxmix_0166__telephone8k,0.3011366060474935,0.5430571436882019,0.3295988147637764,0
sdxmix_0167__telephone8k,0.0225394811574046,0.7005671858787537,0.04034409450744555,0
sdxmix_0168__telephone8k,0.3036575313953007,0.7640476226806641,0.361398659189859,0
sdxmix_0169__telephone8k,0.2173357831608287,0.685949444770813,0.266366990559598,0
sdxmix_0170__telephone8k,0.0532722704738886,0.685949444770813,0.0830244489902325,0
sdxmix_0171__telephone8k,0.1696591541584803,0.855078399181366,0.24033405014288348,0
sdxmix_0172__telephone8k,0.5833528934599957,0.7298280000686646,0.603958952027251,0
sdxmix_0173__telephone8k,0.0066538888624934,0.8284952640533447,0.015514202918155485,0
sdxmix_0174__telephone8k,0.1731567789578582,0.8212735652923584,0.23831797050129,0
sdxmix_0175__telephone8k,0.9999157215496668,0.7762160301208496,0.9997572943731996,1
sdxmix_0176__telephone8k,0.9199508329902408,0.8438951373100281,0.9124270464197146,1
sdxmix_0177__telephone8k,0.9814730909353504,0.7783799171447754,0.9738412598956074,1
sdxmix_0178__telephone8k,0.6582751814302723,0.7005671858787537,0.6639366481773973,1
sdxmix_0179__telephone8k,0.9995666342639438,0.9370266199111938,0.9991654980757259,1
sdxmix_0180__telephone8k,0.9985698076578852,0.7185943722724915,0.9970384694550447,1
sdxmix_0181__telephone8k,0.9974690852004908,0.8175744414329529,0.9954798381229527,1
sdxmix_0182__telephone8k,0.8143470917158582,0.7431679368019104,0.8060314555787416,1
sdxmix_0183__telephone8k,0.9999024378010604,0.8641270995140076,0.9997452270256261,1
sdxmix_0184__telephone8k,0.999884457035902,0.8581488728523254,0.9997029178299258,1
sdxmix_0185__telephone8k,0.9998477523510868,0.7371581792831421,0.9995826766753154,1
sdxmix_0186__telephone8k,0.99511579509498,0.7662936449050903,0.9916742104254831,1
sdxmix_0187__telephone8k,0.9993118961750694,0.7147873044013977,0.998427955877078,1
sdxmix_0188__telephone8k,0.9998388303614116,0.8157027363777161,0.9995867278882236,1
sdxmix_0189__telephone8k,0.9713043510813834,0.7537567615509033,0.961189679938345,1
sdxmix_0190__telephone8k,0.9995669284456744,0.8371944427490234,0.9990425763720489,1
sdxmix_0191__telephone8k,0.9924893541254376,0.6195173263549805,0.9867753970669755,1
sdxmix_0192__telephone8k,0.9998804201200736,0.8684702515602112,0.9996973704946758,1
sdxmix_0193__telephone8k,0.993291364798166,0.6290456652641296,0.988068770800974,1
sdxmix_0194__telephone8k,0.5737281282248334,0.8001928329467773,0.6079809519508864,1
sdxmix_0195__telephone8k,0.9998139530508052,0.7674110531806946,0.9995135552238205,1
sdxmix_0196__telephone8k,0.9980029158364336,0.7606506943702698,0.9961527871261563,1
sdxmix_0197__telephone8k,0.9999071026396044,0.8979819416999817,0.9997659548697971,1
sdxmix_0198__telephone8k,0.9994321021852582,0.906785249710083,0.9988844157664802,1
sdxmix_0199__telephone8k,0.9651878536770516,0.859663724899292,0.9579555921549306,1
efp_extra_real_000690,0.0168663031357743,0.8455348014831543,0.03502899999653471,0
efp_extra_real_006609,0.0221079151195869,0.05033063143491745,0.024633443159338023,0
efp_extra_real_010527,0.6541417448256671,0.08509904146194458,0.561117024870831,0
efp_extra_real_014358,0.0545851378667243,0.6668006181716919,0.08386674912241299,0
efp_extra_real_014663,0.0106240512349862,0.7431679368019104,0.021744394169800077,0
efp_extra_real_016743,0.0136643591865186,0.027251949533820152,0.014954743664546421,0
efp_extra_real_016878,0.0191564991972711,0.12455334514379501,0.024659590008975517,0
efp_extra_real_025033,0.0124004200037651,0.16451646387577057,0.017641263488924006,0
efp_extra_real_026301,0.5136183686646427,0.1020180732011795,0.44143348704787844,0
efp_extra_real_026674,0.0077992199598836,0.8487717509269714,0.01813367387868601,0
efp_extra_real_028480,0.0182841542766743,0.06297335773706436,0.02153211597014106,0
efp_extra_real_030522,0.7057806947898609,0.18149520456790924,0.6377055420206049,0
efp_extra_real_035198,0.0038883218237333,0.08413086086511612,0.005850897657574888,0
efp_extra_real_036959,0.1199547988995942,0.5767326951026917,0.1553071959265799,0
efp_extra_real_046058,0.063966404086752,0.6268554329872131,0.09389077479099056,0
efp_extra_real_052034,0.5900399285847562,0.13441191613674164,0.5186584511320538,0
efp_extra_real_054150,0.0807152852353654,0.6695720553398132,0.11664329544645312,0
efp_extra_real_056648,0.0021514075434979,0.10087862610816956,0.003591018441746626,0
efp_extra_real_060144,0.020447697347317,0.9002495408058167,0.043930321617970856,0
efp_extra_real_064093,0.0500121810823796,0.13441191613674164,0.057131896321373755,0
efp_extra_real_069201,0.031033000285543,0.9002495408058167,0.06251313646442802,0
efp_extra_real_072562,0.0029795329414375,0.47443637251853943,0.006239359676112107,0
efp_extra_real_073760,0.0526973682962689,0.10909681022167206,0.05805936632709468,0
efp_extra_real_073763,0.0548209173626421,0.49587416648864746,0.07732221796407684,0
efp_extra_real_076363,0.035499867282114,0.9558496475219727,0.07776844940813622,0
efp_extra_real_086116,0.0109350968275162,0.17781086266040802,0.016012819737893626,0
efp_extra_real_091179,0.0291892406194148,0.4133824110031128,0.04334430155517722,0
efp_extra_real_092551,0.9047733952099308,0.927573561668396,0.9080654858642742,0
efp_extra_real_096697,0.0221971496367623,0.8821032643318176,0.046017461969614,0
efp_extra_real_097393,0.0452623825471525,0.2994328439235687,0.05935131506928207,0
efp_extra_real_105917,0.004632786396622,0.8872045874595642,0.012083774307821996,0
efp_extra_real_107805,0.4461504329451053,0.7490872144699097,0.48851736410578583,0
efp_extra_real_107955,0.0089729044601054,0.11660297214984894,0.012664673369697472,0
efp_extra_real_113788,0.3900110839393252,0.1020180732011795,0.3380779990759569,0
efp_extra_real_114049,0.0564201399483453,0.3387767970561981,0.07326387713774983,0
efp_extra_real_115289,0.0068178069516502,0.906785249710083,0.017326370668320417,0
efp_extra_real_116870,0.0291061222368211,0.6377530097961426,0.0484392781190736,0
efp_extra_real_120771,0.0402704361656191,0.8979819416999817,0.0775543478285326,0
efp_extra_real_121346,0.0699215555092212,0.1741853952407837,0.07916248255642518,0
efp_extra_real_121653,0.009360935360624,0.1373472362756729,0.013457824707846894,0
efp_extra_real_126510,0.5898881494727661,0.8422412872314453,0.6304150042078462,0
efp_extra_real_126899,0.0062368827347886,0.7794561982154846,0.014096096700683798,0
efp_extra_real_131791,0.0135259197484146,0.6584175229072571,0.02541733523210508,0
efp_extra_real_132778,0.0219105123777991,0.04973650723695755,0.024403747039378105,0
efp_extra_real_136994,0.0039936192361381,0.20792150497436523,0.006858029288701949,0
efp_extra_real_138041,0.0233289538933262,0.07943854480981827,0.027452129530369542,0
efp_extra_real_139775,0.0376275463673518,0.8872045874595642,0.07228394394397715,0
efp_extra_real_144465,0.010460943324714,0.9459611773490906,0.026961362333539286,0
efp_extra_real_145607,0.1349740854931166,0.8979819416999817,0.20859278641057613,0
efp_extra_real_145761,0.0493790860491114,0.14647749066352844,0.05720395602239522,0
efp_fake_075787_acestep_00,0.9845215741928964,0.9355352520942688,0.981304621089382,1
efp_fake_075787_audioldm_01,0.9896870514506486,0.9232608675956726,0.9865342023661638,1
efp_fake_075787_audioldm_02,0.7461921398716334,0.853522539138794,0.7626634959843219,1
efp_fake_075787_diffrhythm_03,0.9980376362793688,0.8979819416999817,0.9966793809640964,1
efp_fake_075787_diffrhythm_04,0.9991617209346232,0.9370266199111938,0.9985189015923785,1
efp_fake_075787_musicgen_05,0.9987857922476364,0.9139226078987122,0.9978645818579704,1
efp_fake_075787_musicgen_06,0.9993876466665992,0.9362850189208984,0.9988709816393726,1
efp_fake_112315_acestep_00,0.9996577338769772,0.4806737005710602,0.9990250798775141,1
efp_fake_112315_audioldm_01,0.9814194416861988,0.9149009585380554,0.9772447049310278,1
efp_fake_112315_audioldm_02,0.999832162152397,0.6209893822669983,0.9995128869452358,1
efp_fake_112315_brev_03,0.8742277274332614,0.956892728805542,0.8899093120180557,1
efp_fake_112315_brev_04,0.8789692584055764,0.9520061612129211,0.8921919053268533,1
efp_fake_112315_diffrhythm_05,0.9997664557210962,0.9433475732803345,0.999519634403736,1
efp_fake_112315_diffrhythm_06,0.9961596897999804,0.793105959892273,0.993376302917315,1
efp_fake_112315_elevenlabs_07,0.7922549394883398,0.9241418242454529,0.8160118132847911,1
efp_fake_112315_elevenlabs_08,0.0362946349120078,0.859663724899292,0.06803926825326774,1
efp_fake_112315_mubert_09,0.0274390081012205,0.793105959892273,0.050717091542443735,1
efp_fake_112315_musicgen_10,0.998525462640455,0.1020180732011795,0.9954490311351654,1
efp_fake_112315_musicgen_11,0.998329319449561,0.9589086771011353,0.9974555199169022,1
efp_fake_112315_producer_12,0.8547487896401594,0.9669140577316284,0.8787545327544741,1
efp_fake_112315_producer_13,0.9729395221834132,0.9536908864974976,0.970965483029774,1
efp_fake_112315_stableaudio_14,0.9511757659610472,0.6195173263549805,0.9338144572156263,1
efp_fake_112315_suno_15,0.9149481786264148,0.3060290515422821,0.8765697777220943,1
efp_fake_112315_suno_16,0.988105812521048,0.8354835510253906,0.9829837492607728,1
efp_fake_112315_udio_17,0.5773385659985625,0.9459611773490906,0.6555308390399925,1
efp_fake_112315_udio_18,0.6822515694150224,0.8337581753730774,0.7056657116286721,1
efp_fake_113019_acestep_00,0.9929684414996188,0.12870024144649506,0.9830122273888411,1
efp_fake_113019_audioldm_01,0.9842771734573216,0.6798592805862427,0.9758002835305356,1
efp_fake_113019_audioldm_02,0.9945231324980136,0.9284088015556335,0.9922986626745613,1
efp_fake_113019_diffrhythm_03,0.9921200165986632,0.9525741338729858,0.9900176173106849,1
efp_fake_113019_diffrhythm_04,0.9970494483558076,0.9465966820716858,0.9956775159506212,1
efp_fake_113019_musicgen_05,0.9331031626360806,0.7109494805335999,0.9175690399682119,1
efp_fake_113019_musicgen_06,0.9927724171632086,0.9149009585380554,0.9899631978611063,1
efp_fake_113019_stableaudio_07,0.4690923591929042,0.9459611773490906,0.5657247102500513,1
efp_fake_118921_acestep_00,0.9996504835512136,0.9644288420677185,0.9993597370435688,1
efp_fake_118921_audioldm_01,0.9997924939897967,0.8921122550964355,0.9995252983588296,1
efp_fake_118921_audioldm_02,0.9638845451849924,0.9426758289337158,0.9616279413474893,1
efp_fake_118921_diffrhythm_03,0.9993425903540202,0.9677045941352844,0.9989052073642826,1
efp_fake_118921_musicgen_04,0.9993577058727812,0.6061721444129944,0.9984226136963146,1
efp_fake_118921_musicgen_05,0.9916850684606072,0.9547826051712036,0.9896080459242591,1
efp_fake_127303_acestep_00,0.9998232800497888,0.9324532747268677,0.999613780226102,1
efp_fake_127303_audioldm_01,0.9988818894651912,0.9520061612129211,0.9981671006441032,1
efp_fake_127303_audioldm_02,0.9969228864973572,0.9109264612197876,0.9951861989045373,1
efp_fake_127303_diffrhythm_03,0.92317989135011,0.960834264755249,0.9295063586411163,1
efp_fake_127303_diffrhythm_04,0.996031232488046,0.949669361114502,0.994452836789822,1
efp_fake_127303_musicgen_05,0.9990112465015468,0.9205614328384399,0.9982339218971906,1
efp_fake_127303_musicgen_06,0.970079651573555,0.9603611826896667,0.9689605625214259,1
efp_fake_127303_songgen_07,0.9995867597137889,0.9292351603507996,0.99918619781708,1
efp_fake_140925_acestep_00,0.982566918152549,0.9413098692893982,0.9795360663564205,1
efp_fake_140925_audioldm_01,0.98879959310433,0.27017199993133545,0.9774427599404856,1
efp_fake_140925_audioldm_02,0.999853843786162,0.9308615922927856,0.9996715176516358,1
efp_fake_140925_diffrhythm_03,0.999915129521556,0.8302640914916992,0.9997664814429857,1
efp_fake_140925_diffrhythm_04,0.9966033451916414,0.9453186988830566,0.9950992722304298,1
efp_fake_140925_musicgen_05,0.9945165811879756,0.9284088015556335,0.9922906666474852,1
efp_fake_140925_musicgen_06,0.9975860157012162,0.9413098692893982,0.9963219293528746,1
efp_real_075787,0.0043054046057209,0.08128608018159866,0.006361208163495818,0
efp_real_112315,0.2237450366832004,0.949669361114502,0.3317274793327679,0
efp_real_113019,0.0216384201321001,0.06598900258541107,0.025076551868866336,0
efp_real_118921,0.105771055919731,0.9589086771011353,0.19035948480621265,0
efp_real_127303,0.1753923427559627,0.7419732809066772,0.22981695298680813,0
efp_real_140925,0.0319442865616054,0.2216200977563858,0.04184086870267059,0
pmv3_0000__clean,0.0071018820228229,0.053403329104185104,0.009268854802717006,0
pmv3_0000__g711_ulaw,0.0114644116628791,0.05869017168879509,0.01422650213770117,0
pmv3_0000__g722_wb,0.011462915947006,0.03823568671941757,0.013427461526293566,0
pmv3_0000__opus_nb_8k,0.032335625630902,0.06913840770721436,0.03574716041792053,0
pmv3_0000__transcode_g711_opus,0.0501967394621692,0.10669060051441193,0.05549777237054891,0
pmv3_0001__clean,0.0227466618832278,0.061514172703027725,0.025938781270944178,0
pmv3_0001__g711_ulaw,0.0226744030016111,0.1055050864815712,0.0278631276866087,0
pmv3_0001__g722_wb,0.0384413635970042,0.05665242671966553,0.04044519076558349,0
pmv3_0001__opus_nb_8k,0.0214479032727435,0.060796502977609634,0.024610492843993206,0
pmv3_0001__transcode_g711_opus,0.0296587545286044,0.14647749066352844,0.03684161843023787,0
pmv3_0002__clean,0.0245334469000223,0.13010847568511963,0.030735943858886013,0
pmv3_0002__g711_ulaw,0.0324136005889342,0.13441191613674164,0.03928473084768067,0
pmv3_0002__g722_wb,0.090143939600257,0.12592275440692902,0.09421611741877864,0
pmv3_0002__opus_nb_8k,0.1890648745686573,0.529847264289856,0.22248105181480307,0
pmv3_0002__transcode_g711_opus,0.3867295734675294,0.10087862610816956,0.33503155372191296,0
pmv3_0003__clean,0.0266951188922097,0.7941296100616455,0.04958508824554825,0
pmv3_0003__g711_ulaw,0.0460562956548679,0.7879312038421631,0.07826776284075866,0
pmv3_0003__g722_wb,0.0347516339853372,0.7310585379600525,0.05941148358480577,0
pmv3_0003__opus_nb_8k,0.0213498008511561,0.21733753383159637,0.029471210056232953,0
pmv3_0003__transcode_g711_opus,0.0098966714450742,0.13587288558483124,0.014099981928994903,0
pmv3_0004__clean,0.2170319104864578,0.9258759021759033,0.3125979629608466,0
pmv3_0004__g711_ulaw,0.090906804802226,0.9308615922927856,0.15905541914559246,0
pmv3_0004__g722_wb,0.1777155282993041,0.9362850189208984,0.27222163978572744,0
pmv3_0004__opus_nb_8k,0.0223177084767527,0.1662418097257614,0.02936763001840889,0
pmv3_0004__transcode_g711_opus,0.0191357000426042,0.12319674342870712,0.02459740806782193,0
pmv3_0005__clean,0.0913749055351979,0.09009299427270889,0.09120733398287845,0
pmv3_0005__g711_ulaw,0.0050713759118207,0.1055050864815712,0.007609975901977832,0
pmv3_0005__g722_wb,0.1018431682283781,0.05938456207513809,0.09508779855961043,0
pmv3_0005__opus_nb_8k,0.038693470855797,0.12455334514379501,0.0452830746075054,0
pmv3_0005__transcode_g711_opus,0.0488912330857028,0.1561049073934555,0.057239860346489764,0
pmv3_0006__clean,0.0342539897598619,0.24393050372600555,0.04512786237289855,0
pmv3_0006__g711_ulaw,0.0800629606750778,0.5225433111190796,0.10790056643402138,0
pmv3_0006__g722_wb,0.038683073172289,0.2120688259601593,0.048992731993491315,0
pmv3_0006__opus_nb_8k,0.0206483087770956,0.1418510526418686,0.026816534933797636,0
pmv3_0006__transcode_g711_opus,0.0391371086285269,0.14647749066352844,0.04680690461413194,0
pmv3_0007__clean,0.3615847785493532,0.48950350284576416,0.37752954606065176,0
pmv3_0007__g711_ulaw,0.2095325679491244,0.569086492061615,0.24620013618071365,0
pmv3_0007__g722_wb,0.2920558923610853,0.4887714385986328,0.3151491214794986,0
pmv3_0007__opus_nb_8k,0.1352361045863518,0.6253923773765564,0.17543275895239555,0
pmv3_0007__transcode_g711_opus,0.1448568042235818,0.6485108733177185,0.18769154859561407,0
pmv3_0008__clean,0.0056052082721919,0.16110895574092865,0.008838668005781342,0
pmv3_0008__g711_ulaw,0.0059649618693054,0.23147521913051605,0.009884960105028989,0
pmv3_0008__g722_wb,0.0272715045084785,0.4818439483642578,0.042328111009839374,0
pmv3_0008__opus_nb_8k,0.0551723017030206,0.2544533610343933,0.06843247712908154,0
pmv3_0008__transcode_g711_opus,0.0259922535695372,0.22054381668567657,0.035003547132162534,0
pmv3_0009__clean,0.0248806987935045,0.09752782434225082,0.029863009425229355,0
pmv3_0009__g711_ulaw,0.0076170255418667,0.03823568671941757,0.009415768115410339,0
pmv3_0009__g722_wb,0.0419250024534714,0.1020180732011795,0.04719969046545139,0
pmv3_0009__opus_nb_8k,0.0657528501309511,0.054681308567523956,0.064203573937814,0
pmv3_0009__transcode_g711_opus,0.2421481594803596,0.17328819632530212,0.2322337016886406,0
pmv3_0010__clean,0.9995686056858608,0.8061210513114929,0.9990191004914554,1
pmv3_0010__g711_ulaw,0.5818134365230125,0.8684702515602112,0.630105243740638,1
pmv3_0010__g722_wb,0.999521961052,0.8581488728523254,0.9989784844695646,1
pmv3_0010__opus_nb_8k,0.0469163698238148,0.13010847568511963,0.0538161991668325,1
pmv3_0010__transcode_g711_opus,0.0601057468573003,0.09534945338964462,0.06388188177702754,1
pmv3_0011__clean,0.952056956507634,0.8337581753730774,0.9431986425825687,1
pmv3_0011__g711_ulaw,0.3483903430579316,0.853522539138794,0.42174813224329266,1
pmv3_0011__g722_wb,0.8744273297745502,0.9223705530166626,0.8818581913668005,1
pmv3_0011__opus_nb_8k,0.2404487800261781,0.6477982401847839,0.2846578115597062,1
pmv3_0011__transcode_g711_opus,0.1706887384769242,0.3673156797885895,0.190626668513155,1
pmv3_0012__clean,0.9990788758742606,0.6016871333122253,0.9978369053499,1
pmv3_0012__g711_ulaw,0.7535930899512646,0.44205835461616516,0.719559932196669,1
pmv3_0012__g722_wb,0.9965990211875756,0.22815649211406708,0.9917020206015308,1
pmv3_0012__opus_nb_8k,0.1233221476432778,0.29551446437835693,0.13951753630815777,1
pmv3_0012__transcode_g711_opus,0.2275992718110814,0.28648853302001953,0.23474796616029456,1
pmv3_0013__clean,0.7235472688594234,0.9370266199111938,0.7663920533473186,1
pmv3_0013__g711_ulaw,0.768455767655835,0.9362850189208984,0.8010767262253269,1
pmv3_0013__g722_wb,0.9254552188811336,0.9308615922927856,0.9261794319597556,1
pmv3_0013__opus_nb_8k,0.149721838705421,0.8276053667068481,0.21297840956615502,1
pmv3_0013__transcode_g711_opus,0.1165899307174461,0.7383673787117004,0.16424379050368668,1
pmv3_0014__clean,0.9996802367827566,0.9531356692314148,0.9993848602337461,1
pmv3_0014__g711_ulaw,0.8876221625408387,0.949669361114502,0.8984286764914156,1
pmv3_0014__g722_wb,0.9993075949553404,0.9531356692314148,0.9987955989615818,1
pmv3_0014__opus_nb_8k,0.1248158535342662,0.903566837310791,0.19725615248146552,1
pmv3_0014__transcode_g711_opus,0.163954158802008,0.8354835510253906,0.23039822016462852,1
pmv3_0015__clean,0.999718855682656,0.944011926651001,0.9994364463472396,1
pmv3_0015__g711_ulaw,0.9696029211465124,0.9531356692314148,0.9678303998236413,1
pmv3_0015__g722_wb,0.9997357055094476,0.9465966820716858,0.9994693985229717,1
pmv3_0015__opus_nb_8k,0.5150864250272181,0.7729422450065613,0.5527447075732634,1
pmv3_0015__transcode_g711_opus,0.3961421166787924,0.7018765211105347,0.4364825692588438,1
pmv3_0016__clean,0.999910241600624,0.859663724899292,0.9997618913322719,1
pmv3_0016__g711_ulaw,0.997216382224887,0.9057232737541199,0.9955517358337784,1
pmv3_0016__g722_wb,0.999635608404062,0.949068546295166,0.9993029581578933,1
pmv3_0016__opus_nb_8k,0.12267801046289,0.0741240605711937,0.11508602578399962,1
pmv3_0016__transcode_g711_opus,0.0720973858072682,0.11789672821760178,0.07695935525046423,1
pmv3_0017__clean,0.9947989669713936,0.9514318108558655,0.9930182848485797,1
pmv3_0017__g711_ulaw,0.8077747890573581,0.947225034236908,0.835395628047791,1
pmv3_0017__g722_wb,0.991838781375466,0.9340110421180725,0.9892351456666395,1
pmv3_0017__opus_nb_8k,0.6258168623546589,0.672331690788269,0.632019268585646,1
pmv3_0017__transcode_g711_opus,0.5231152154225067,0.6798592805862427,0.5444832287877973,1
pmv3_0018__clean,0.9969472122274268,0.8956687450408936,0.9951097959077976,1
pmv3_0018__g711_ulaw,0.987891762007323,0.9355352520942688,0.9848906640878076,1
pmv3_0018__g722_wb,0.9976487014619172,0.9316617846488953,0.9963285932264201,1
pmv3_0018__opus_nb_8k,0.6937091250412347,0.314050555229187,0.6478672891191454,1
pmv3_0018__transcode_g711_opus,0.4580092039216903,0.3086901903152466,0.43750712808971715,1
pmv3_0019__clean,0.9539838362707308,0.6449410319328308,0.937913708732716,1
pmv3_0019__g711_ulaw,0.6995850621986134,0.7236220836639404,0.7027767637135985,1
pmv3_0019__g722_wb,0.9232455569425456,0.7490872144699097,0.9093830031028943,1
pmv3_0019__opus_nb_8k,0.0493955903385026,0.14492163062095642,0.057132854140639386,1
pmv3_0019__transcode_g711_opus,0.027475634465619,0.14033624529838562,0.03427168242830517,1
pmv3_0020__clean,0.0620018251224257,0.43206343054771423,0.08325088434565903,0
pmv3_0020__g711_ulaw,0.2800736699605508,0.7160597443580627,0.33156534451472053,0
pmv3_0020__g722_wb,0.1322131337879751,0.6805390119552612,0.17673606923666763,0
pmv3_0020__opus_nb_8k,0.0469985147229042,0.26771435141563416,0.06013874710818849,0
pmv3_0020__transcode_g711_opus,0.1270313391041217,0.21416498720645905,0.1363555564435173,0
pmv3_0021__clean,0.0744187331203109,0.03643886372447014,0.06794005286041103,0
pmv3_0021__g711_ulaw,0.0162907698297062,0.04630914703011513,0.018690242567980735,0
pmv3_0021__g722_wb,0.0790171493432892,0.053403329104185104,0.0751409570831274,0
pmv3_0021__opus_nb_8k,0.0085633734120527,0.0468643493950367,0.010712540118465154,0
pmv3_0021__transcode_g711_opus,0.0060959076522318,0.04158664122223854,0.007847552498944001,0
pmv3_0022__clean,0.0881092999697838,0.947225034236908,0.16006229918193768,0
pmv3_0022__g711_ulaw,0.0943882456498696,0.9459611773490906,0.16866560119328525,0
pmv3_0022__g722_wb,0.0910820296823026,0.8921122550964355,0.15099671524679123,0
pmv3_0022__opus_nb_8k,0.0514985620759974,0.11789672821760178,0.05752869507938693,0
pmv3_0022__transcode_g711_opus,0.0444169775362516,0.10669060051441193,0.049925007906994535,0
pmv3_0023__clean,0.5717900637474381,0.9520061612129211,0.6547404833968158,0
pmv3_0023__g711_ulaw,0.1644286568653985,0.8956687450408936,0.24327527348831335,0
pmv3_0023__g722_wb,0.916616431748857,0.9308615922927856,0.9186090801452923,0
pmv3_0023__opus_nb_8k,0.0219845798266691,0.08128608018159866,0.026158860910726417,0
pmv3_0023__transcode_g711_opus,0.0290899684152499,0.1127954050898552,0.03489322129756508,0
pmv3_0024__clean,0.0156102886872096,0.10433121025562286,0.020136883654890702,0
pmv3_0024__g711_ulaw,0.0049015877261656,0.09009299427270889,0.007223394029323567,0
pmv3_0024__g722_wb,0.0194406594970189,0.06833826750516891,0.022962039901758238,0
pmv3_0024__opus_nb_8k,0.017470842897052,0.18242552876472473,0.02410939068628271,0
pmv3_0024__transcode_g711_opus,0.0147089649160616,0.11155053228139877,0.01930973084960052,0
pmv3_0025__clean,0.0632937318545215,0.14647749066352844,0.07086926453676039,0
pmv3_0025__g711_ulaw,0.0309928071700874,0.1273050308227539,0.03749831935266442,0
pmv3_0025__g722_wb,0.1087855505513527,0.21733753383159637,0.11958644981791393,0
pmv3_0025__opus_nb_8k,0.0076472790936062,0.15283973515033722,0.01147765701093582,0
pmv3_0025__transcode_g711_opus,0.0096937893099578,0.18242552876472473,0.014484581283887639,0
pmv3_0026__clean,0.053524527629226,0.8099984526634216,0.09024342066254604,0
pmv3_0026__g711_ulaw,0.1422992462380865,0.9232608675956726,0.22453590493728057,0
pmv3_0026__g722_wb,0.0966855557316398,0.8276053667068481,0.14929130473881858,0
pmv3_0026__opus_nb_8k,0.0101418210218771,0.14337949454784393,0.014517838575716162,0
pmv3_0026__transcode_g711_opus,0.0134109539439713,0.2628418207168579,0.020362639511179313,0
pmv3_0027__clean,0.0136041123336341,0.08607732504606247,0.01739658768121628,0
pmv3_0027__g711_ulaw,0.0051065219970347,0.08413086086511612,0.007412724399245573,0
pmv3_0027__g722_wb,0.0537775502298995,0.11155053228139877,0.05926844435447438,0
pmv3_0027__opus_nb_8k,0.00815342179543,0.07242649048566818,0.010895137800363849,0
pmv3_0027__transcode_g711_opus,0.0070879119704345,0.15446524322032928,0.010763648746961956,0
pmv3_0028__clean,0.0084790385718775,0.6477982401847839,0.016899776645134416,0
pmv3_0028__g711_ulaw,0.0203344253609158,0.3812195360660553,0.031245729695781245,0
pmv3_0028__g722_wb,0.0103788873036316,0.6527729034423828,0.020173519989650397,0
pmv3_0028__opus_nb_8k,0.0167795537039261,0.3338940143585205,0.025799396763305303,0
pmv3_0028__transcode_g711_opus,0.0254155099326725,0.3975641429424286,0.038176231486003104,0
pmv3_0029__clean,0.9891546760459528,0.4039429724216461,0.9796842402151459,0
pmv3_0029__g711_ulaw,0.5169689753886957,0.48418495059013367,0.5127092997286723,0
pmv3_0029__g722_wb,0.9894610956102609,0.2628418207168579,0.9784912718694632,0
pmv3_0029__opus_nb_8k,0.0313050360130396,0.13010847568511963,0.03794300302044639,0
pmv3_0029__transcode_g711_opus,0.0421007235524222,0.12455334514379501,0.04870837778594035,0
pmv3_0030__clean,0.9964823128121396,0.8487717509269714,0.9941569494284663,1
pmv3_0030__g711_ulaw,0.7371459734361101,0.8099984526634216,0.7475584548059399,1
pmv3_0030__g722_wb,0.9832389728402332,0.7662936449050903,0.9757984023807446,1
pmv3_0030__opus_nb_8k,0.0529324636367851,0.6556006669998169,0.08123381180714793,1
pmv3_0030__transcode_g711_opus,0.0384203002340677,0.6750794649124146,0.06260086194345817,1
pmv3_0031__clean,0.996883022004766,0.3856522738933563,0.9930181028103809,1
pmv3_0031__g711_ulaw,0.8729090678887662,0.35291510820388794,0.83168483379498,1
pmv3_0031__g722_wb,0.9959304019157784,0.3345894515514374,0.9909485785458455,1
pmv3_0031__opus_nb_8k,0.0510919690655011,0.14033624529838562,0.05855273296824816,1
pmv3_0031__transcode_g711_opus,0.1124145575926438,0.1315297782421112,0.11475491355681675,1
pmv3_0032__clean,0.9922107115261596,0.8194314241409302,0.9880343428244633,1
pmv3_0032__g711_ulaw,0.7154046402468767,0.290336549282074,0.6650232844003943,1
pmv3_0032__g722_wb,0.9825317305398282,0.7837237119674683,0.9752351787501294,1
pmv3_0032__opus_nb_8k,0.0237818682232734,0.0468643493950367,0.025996107978753562,1
pmv3_0032__transcode_g711_opus,0.0272719118981202,0.1833595335483551,0.03544165018643116,1
pmv3_0033__clean,0.9139109148505824,0.9308615922927856,0.9163107431702285,1
pmv3_0033__g711_ulaw,0.9432239511336412,0.9453186988830566,0.9435004744821454,1
pmv3_0033__g722_wb,0.976463034815205,0.9258759021759033,0.9725969981381958,1
pmv3_0033__opus_nb_8k,0.6881707097179456,0.7606506943702698,0.6982520416290374,1
pmv3_0033__transcode_g711_opus,0.8656167664478767,0.9002495408058167,0.8706355212372999,1
pmv3_0034__clean,0.9573762855739096,0.894494891166687,0.9518977450895836,1
pmv3_0034__g711_ulaw,0.9789094681636912,0.8655880689620972,0.9729027003771252,1
pmv3_0034__g722_wb,0.9888313024135316,0.7783799171447754,0.9831079879690157,1
pmv3_0034__opus_nb_8k,0.8461694381649141,0.09427667409181595,0.7665818575442652,1
pmv3_0034__transcode_g711_opus,0.8054917338314374,0.09427667409181595,0.7195289180030496,1
pmv3_0035__clean,0.999153588280396,0.9453186988830566,0.9985352171213124,1
pmv3_0035__g711_ulaw,0.9787958244551164,0.9589086771011353,0.9768750934264074,1
pmv3_0035__g722_wb,0.9978652307193164,0.9413098692893982,0.9966945311193998,1
pmv3_0035__opus_nb_8k,0.18061346039903,0.3834335207939148,0.20143314111494393,1
pmv3_0035__transcode_g711_opus,0.3117256530049975,0.3543437123298645,0.31710769930900917,1
pmv3_0036__clean,0.5167977308864972,0.9057232737541199,0.5872486670598446,1
pmv3_0036__g711_ulaw,0.1222440691654314,0.8921122550964355,0.19147590457233415,1
pmv3_0036__g722_wb,0.5766853670790943,0.8712997436523438,0.6265893337456588,1
pmv3_0036__opus_nb_8k,0.0176722361884556,0.5587123036384583,0.030326797733631,1
pmv3_0036__transcode_g711_opus,0.0198723162373926,0.4627644121646881,0.031954456739252284,1
pmv3_0037__clean,0.9994449417407302,0.6939709186553955,0.9986787502160797,1
pmv3_0037__g711_ulaw,0.8583745674510954,0.740774929523468,0.8460712427718802,1
pmv3_0037__g722_wb,0.9977991110687534,0.5513805150985718,0.9952664420741177,1
pmv3_0037__opus_nb_8k,0.1317254278787207,0.3615253269672394,0.15257147390511908,1
pmv3_0037__transcode_g711_opus,0.1988945691937821,0.12185285985469818,0.18711756682873265,1
pmv3_0038__clean,0.9950548895856436,0.944011926651001,0.9931869349730551,1
pmv3_0038__g711_ulaw,0.7579309358444641,0.9459611773490906,0.7965899306335604,1
pmv3_0038__g722_wb,0.9925338278179298,0.9459611773490906,0.9903041990970428,1
pmv3_0038__opus_nb_8k,0.894739336779966,0.9324532747268677,0.9005302820287608,1
pmv3_0038__transcode_g711_opus,0.2603530203953219,0.9426758289337158,0.3671653138731904,1
pmv3_0039__clean,0.996465368737751,0.9531356692314148,0.9950323173526208,1
pmv3_0039__g711_ulaw,0.9514580948815444,0.7211151719093323,0.9377452991085212,1
pmv3_0039__g722_wb,0.995177109827292,0.9129343032836914,0.9929117712235148,1
pmv3_0039__opus_nb_8k,0.4652177114122535,0.12592275440692902,0.40778897836540623,1
pmv3_0039__transcode_g711_opus,0.4291009540881643,0.1418510526418686,0.3816849548660469,1
pmv3_0040__clean,0.005378773547738,0.1577586680650711,0.008500744791411753,0
pmv3_0040__g711_ulaw,0.0079365347620771,0.1315297782421112,0.011589426588311835,0
pmv3_0040__g722_wb,0.0067804359519419,0.13883498311042786,0.010192462738844409,0
pmv3_0040__opus_nb_8k,0.0128219707265596,0.1315297782421112,0.017560520625645292,0
pmv3_0040__transcode_g711_opus,0.0129713051900979,0.15283973515033722,0.01813821068139033,0
pmv3_0041__clean,0.0539339472956341,0.6570104360580444,0.08259040664239084,0
pmv3_0041__g711_ulaw,0.0169630131544901,0.7044855356216431,0.031709234381757066,0
pmv3_0041__g722_wb,0.0807467607403275,0.8166404366493225,0.12765378077072495,0
pmv3_0041__opus_nb_8k,0.0998026356169782,0.7783799171447754,0.14802419431285904,0
pmv3_0041__transcode_g711_opus,0.3305675394398371,0.8726950287818909,0.4100790254227253,0
pmv3_0042__clean,0.0065594873121971,0.12870024144649506,0.009792936438615667,0
pmv3_0042__g711_ulaw,0.5835828848766189,0.14647749066352844,0.5161192010517256,0
pmv3_0042__g722_wb,0.0117023421940254,0.09643316268920898,0.015514187367892927,0
pmv3_0042__opus_nb_8k,0.7199935176144311,0.19980716705322266,0.655042438293662,0
pmv3_0042__transcode_g711_opus,0.7809592188977686,0.1273050308227539,0.7017720575601756,0
pmv3_0043__clean,0.0108152603386532,0.09009299427270889,0.014351038069487702,0
pmv3_0043__g711_ulaw,0.0321230973952917,0.07585817575454712,0.035991727470462045,0
pmv3_0043__g722_wb,0.0577838202237958,0.16885694861412048,0.06686869146444467,0
pmv3_0043__opus_nb_8k,0.0126757534857034,0.08907352387905121,0.016441515405781218,0
pmv3_0043__transcode_g711_opus,0.0422004054346938,0.04158664122223854,0.04212012905610196,0
pmv3_0044__clean,0.0991132208490026,0.9158691167831421,0.16661407748865453,0
pmv3_0044__g711_ulaw,0.0578669191238997,0.938485860824585,0.11174389754519373,0
pmv3_0044__g722_wb,0.1601209978472478,0.9284088015556335,0.2481039224140086,0
pmv3_0044__opus_nb_8k,0.0762677402027241,0.10669060051441193,0.07971836054617423,0
pmv3_0044__transcode_g711_opus,0.2091851380951695,0.11660297214984894,0.19462796723063047,0
pmv3_0045__clean,0.0450944568083168,0.8933094143867493,0.08473133308550944,0
pmv3_0045__g711_ulaw,0.0565348930214889,0.8991213440895081,0.10299183702548,0
pmv3_0045__g722_wb,0.1254579571931647,0.9088770747184753,0.19935910865911174,0
pmv3_0045__opus_nb_8k,0.0218991092817548,0.19980716705322266,0.029723296222822406,0
pmv3_0045__transcode_g711_opus,0.0327785447376282,0.19290398061275482,0.04185808696904423,0
pmv3_0046__clean,0.8658605489539236,0.8933094143867493,0.8697402680254261,0
pmv3_0046__g711_ulaw,0.209538532224725,0.9308615922927856,0.30637810104595803,0
pmv3_0046__g722_wb,0.9591700960376368,0.8405733108520508,0.9508469257115524,0
pmv3_0046__opus_nb_8k,0.2729669008355103,0.7794561982154846,0.33444571010330226,0
pmv3_0046__transcode_g711_opus,0.1895097012768925,0.8080672025680542,0.2539967901008964,0
pmv3_0047__clean,0.0127178254491419,0.894494891166687,0.029076351395470837,0
pmv3_0047__g711_ulaw,0.0097296109684833,0.9168273210525513,0.023896431714027444,0
pmv3_0047__g722_wb,0.0235285915684538,0.8991213440895081,0.049406271963389474,0
pmv3_0047__opus_nb_8k,0.1167089217097972,0.7868850231170654,0.1692372146106294,0
pmv3_0047__transcode_g711_opus,0.0623999550491306,0.7490872144699097,0.09838468899685537,0
pmv3_0048__clean,0.0060932205944397,0.8641270995140076,0.014895537990940205,0
pmv3_0048__g711_ulaw,0.0094657674923516,0.8405733108520508,0.021251142380517687,0
pmv3_0048__g722_wb,0.0146163559439654,0.8956687450408936,0.03280008071019379,0
pmv3_0048__opus_nb_8k,0.0206193644918065,0.2110263556241989,0.0284640182957506,0
pmv3_0048__transcode_g711_opus,0.0216687841591908,0.19781611859798431,0.029406878456204405,0
pmv3_0049__clean,0.0275558531834954,0.22815649211406708,0.03701311506788173,0
pmv3_0049__g711_ulaw,0.0052163279673353,0.37387579679489136,0.009611207167038942,0
pmv3_0049__g722_wb,0.0367273876277675,0.4259394705295563,0.053104612659568035,0
pmv3_0049__opus_nb_8k,0.0127510062257855,0.37314456701278687,0.020809043027175723,0
pmv3_0049__transcode_g711_opus,0.0181149533382864,0.3073579967021942,0.027138040186885592,0
pmv3_0050__clean,0.9931978375147736,0.44128772616386414,0.9866807715537486,1
pmv3_0050__g711_ulaw,0.2208801801838437,0.6442251205444336,0.2651274995278699,1
pmv3_0050__g722_wb,0.9867951052238568,0.6253923773765564,0.9785363290841762,1
pmv3_0050__opus_nb_8k,0.0130115235245136,0.05598807334899902,0.015776585598653158,1
pmv3_0050__transcode_g711_opus,0.0144255918000728,0.05732417479157448,0.017308932646129555,1
pmv3_0051__clean,0.9997935536856984,0.9187139272689819,0.9995462133084584,1
pmv3_0051__g711_ulaw,0.998284842283826,0.807096004486084,0.9967470888748635,1
pmv3_0051__g722_wb,0.999503081601358,0.9232608675956726,0.9990337355745943,1
pmv3_0051__opus_nb_8k,0.8768111516722773,0.5436387062072754,0.8494365440638261,1
pmv3_0051__transcode_g711_opus,0.9779654590705436,0.23147521913051605,0.958663367153295,1
pmv3_0052__clean,0.990534741776942,0.650644838809967,0.9841230163424143,1
pmv3_0052__g711_ulaw,0.8024137047565909,0.6031841039657593,0.7813751336744257,1
pmv3_0052__g722_wb,0.9604943630356296,0.27637791633605957,0.9340756228037935,1
pmv3_0052__opus_nb_8k,0.0848858214605037,0.5637142658233643,0.11554385038002157,1
pmv3_0052__transcode_g711_opus,0.1461461934425786,0.6832504272460938,0.19220509073139916,1
pmv3_0053__clean,0.935638489225704,0.9324532747268677,0.9352324600329176,1
pmv3_0053__g711_ulaw,0.5630169042473563,0.9046505093574524,0.6255027189423561,1
pmv3_0053__g722_wb,0.926093788994973,0.885947585105896,0.9217247640018521,1
pmv3_0053__opus_nb_8k,0.0906558431005858,0.23821333050727844,0.1036748841887474,1
pmv3_0053__transcode_g711_opus,0.0419713093155905,0.36441555619239807,0.05767219263785982,1
pmv3_0054__clean,0.9719649111522252,0.7751285433769226,0.9625210189505582,1
pmv3_0054__g711_ulaw,0.7143455005417441,0.6326842904090881,0.7043533795803043,1
pmv3_0054__g722_wb,0.9428831678374872,0.7455466389656067,0.929503917613645,1
pmv3_0054__opus_nb_8k,0.6938280865134925,0.23934932053089142,0.6367798514808303,1
pmv3_0054__transcode_g711_opus,0.6052883577381593,0.4305304288864136,0.5831234311984107,1
pmv3_0055__clean,0.636179428652107,0.8712997436523438,0.675857330800177,1
pmv3_0055__g711_ulaw,0.1439393530980681,0.8754466772079468,0.21455813178428895,1
pmv3_0055__g722_wb,0.6735070552002479,0.8884494304656982,0.7108895700643827,1
pmv3_0055__opus_nb_8k,0.0254441454238125,0.11789672821760178,0.031273638140019606,1
pmv3_0055__transcode_g711_opus,0.0183426934994318,0.08035746961832047,0.022324686805967938,1
pmv3_0056__clean,0.9979599357235748,0.7261149883270264,0.9959879254553625,1
pmv3_0056__g711_ulaw,0.3687611187528771,0.2427796572446823,0.3507986008872424,1
pmv3_0056__g722_wb,0.9841586418465832,0.6180430054664612,0.9747888443342059,1
pmv3_0056__opus_nb_8k,0.0461416554631139,0.04011743515729904,0.04531232576256068,1
pmv3_0056__transcode_g711_opus,0.0539721301264705,0.0741240605711937,0.056265692941941066,1
pmv3_0057__clean,0.9867331693526552,0.22925899922847748,0.9731773699921915,1
pmv3_0057__g711_ulaw,0.4512628943938847,0.18149520456790924,0.40951810362572544,1
pmv3_0057__g722_wb,0.971895990813444,0.7044855356216431,0.9606698840275929,1
pmv3_0057__opus_nb_8k,0.0301258188293589,0.15283973515033722,0.03757645798639919,1
pmv3_0057__transcode_g711_opus,0.0191808879512802,0.20792150497436523,0.026678223734720896,1
pmv3_0058__clean,0.5312486109672742,0.32218465209007263,0.503049855367585,1
pmv3_0058__g711_ulaw,0.0247285252055811,0.8698915839195251,0.04973463233141843,1
pmv3_0058__g722_wb,0.8672100033118975,0.8302640914916992,0.8628233747510976,1
pmv3_0058__opus_nb_8k,0.0081578908296175,0.4255574941635132,0.0145500617337147,1
pmv3_0058__transcode_g711_opus,0.0154800008693272,0.13010847568511963,0.020638014227414625,1
pmv3_0059__clean,0.994283374586355,0.894494891166687,0.9915566329209216,1
pmv3_0059__g711_ulaw,0.8726319365242365,0.8726950287818909,0.8726401400276219,1
pmv3_0059__g722_wb,0.99439750229655,0.8405733108520508,0.9911792572362417,1
pmv3_0059__opus_nb_8k,0.33009814286148,0.24740508198738098,0.31856814047053694,1
pmv3_0059__transcode_g711_opus,0.4274467709418411,0.16885694861412048,0.3866377331261861,1
pmv3_0060__clean,0.077808787765958,0.1055050864815712,0.08099170163683833,0
pmv3_0060__g711_ulaw,0.0122087438257247,0.3060290515422821,0.01929122855294384,0
pmv3_0060__g722_wb,0.0899801207129895,0.09643316268920898,0.09079646951683001,0
pmv3_0060__opus_nb_8k,0.0109842739425909,0.11920291930437088,0.015139188199460182,0
pmv3_0060__transcode_g711_opus,0.015834020083061,0.1373472362756729,0.021213902731273798,0
pmv3_0061__clean,0.0441679304001975,0.19980716705322266,0.05440993138428562,0
pmv3_0061__g711_ulaw,0.0241948980312466,0.1418510526418686,0.03075409005308028,0
pmv3_0061__g722_wb,0.0296390502867904,0.18808525800704956,0.038228868704014284,0
pmv3_0061__opus_nb_8k,0.018085955068437,0.06371499598026276,0.021363524562351473,0
pmv3_0061__transcode_g711_opus,0.043725535207198,0.08128608018159866,0.04745759479406401,0
pmv3_0062__clean,0.1825384707687944,0.12870024144649506,0.17465825114507075,0
pmv3_0062__g711_ulaw,0.0285593542416869,0.24393050372600555,0.03859122727154089,0
pmv3_0062__g722_wb,0.2134293705679005,0.290336549282074,0.2225279267855403,0
pmv3_0062__opus_nb_8k,0.0475642996570883,0.6091521978378296,0.07244997396784807,0
pmv3_0062__transcode_g711_opus,0.0274342098007429,0.4889666438102722,0.04269557625533718,0
pmv3_0063__clean,0.0185402806543098,0.10433121025562286,0.02337095437789727,0
pmv3_0063__g711_ulaw,0.0093751832830996,0.12052158266305923,0.01321878132666793,0
pmv3_0063__g722_wb,0.0199094015941519,0.08317269384860992,0.024081995762437785,0
pmv3_0063__opus_nb_8k,0.0053692978667895,0.13587288558483124,0.008298423204202793,0
pmv3_0063__transcode_g711_opus,0.0059523587419744,0.2427796572446823,0.009946552855568938,0
pmv3_0064__clean,0.0035366924193411,0.8794784545898438,0.00947749397647472,0
pmv3_0064__g711_ulaw,0.0043362324533671,0.9232608675956726,0.012053228734580037,0
pmv3_0064__g722_wb,0.0066659150537147,0.9316617846488953,0.0177422152554328,0
pmv3_0064__opus_nb_8k,0.0083518415010845,0.7941296100616455,0.018335849606780908,0
pmv3_0064__transcode_g711_opus,0.0050946252484569,0.6570104360580444,0.010940515727227058,0
pmv3_0065__clean,0.1448423703991226,0.2556408941745758,0.1566003273305295,0
pmv3_0065__g711_ulaw,0.2360608334981893,0.539759635925293,0.26874327395155256,0
pmv3_0065__g722_wb,0.1448148291971911,0.6061721444129944,0.18408125022808666,0
pmv3_0065__opus_nb_8k,0.1734329895047448,0.16110895574092865,0.17178970359221996,0
pmv3_0065__transcode_g711_opus,0.2729279194760279,0.28648853302001953,0.2746679641980517,0
pmv3_0066__clean,0.0132148856864973,0.851952850818634,0.028611875121771563,0
pmv3_0066__g711_ulaw,0.0142310970226592,0.8909031748771667,0.03185913530163014,0
pmv3_0066__g722_wb,0.0212200355160114,0.7455466389656067,0.039409772366612916,0
pmv3_0066__opus_nb_8k,0.0062609432902594,0.24508501589298248,0.010408544828969364,0
pmv3_0066__transcode_g711_opus,0.0059995821432017,0.23821333050727844,0.009982722163210058,0
pmv3_0067__clean,0.1715122810930567,0.938485860824585,0.26581627763720345,0
pmv3_0067__g711_ulaw,0.1394386571479696,0.7837237119674683,0.19529094263222702,0
pmv3_0067__g722_wb,0.2179086259715117,0.7083739638328552,0.2696509311075222,0
pmv3_0067__opus_nb_8k,0.041842291358789,0.8422412872314453,0.07541692374684686,0
pmv3_0067__transcode_g711_opus,0.0194764909928837,0.10909681022167206,0.024544319429546463,0
pmv3_0068__clean,0.0096557513255283,0.7298280000686646,0.019853017892608002,0
pmv3_0068__g711_ulaw,0.0132322447883158,0.7718434929847717,0.02678378970676098,0
pmv3_0068__g722_wb,0.0234246102279493,0.7762160301208496,0.043787035172772625,0
pmv3_0068__opus_nb_8k,0.0073743354306911,0.12185285985469818,0.010752645353160794,0
pmv3_0068__transcode_g711_opus,0.0048441726415255,0.12592275440692902,0.007504408601980827,0
pmv3_0069__clean,0.0098728042177297,0.7135114669799805,0.02002828755985111,0
pmv3_0069__g711_ulaw,0.0174329524602592,0.4524874985218048,0.02840282178691835,0
pmv3_0069__g722_wb,0.0177778721457982,0.824913740158081,0.03595670093269963,0
pmv3_0069__opus_nb_8k,0.0900486870104729,0.11155053228139877,0.0926167130366663,0
pmv3_0069__transcode_g711_opus,0.1774112374234652,0.07673913985490799,0.16003834536879152,0
pmv3_0070__clean,0.9774579430796804,0.14647749066352844,0.9547999245982427,1
pmv3_0070__g711_ulaw,0.4543809217159527,0.07585817575454712,0.3812615261831172,1
pmv3_0070__g722_wb,0.8726709480042805,0.13883498311042786,0.8080380468525148,1
pmv3_0070__opus_nb_8k,0.034215808823465,0.08317269384860992,0.038493209256375664,1
pmv3_0070__transcode_g711_opus,0.1226448449445297,0.077629454433918,0.11572221139449018,1
pmv3_0071__clean,0.9990464223361716,0.8212735652923584,0.998070421031183,1
pmv3_0071__g711_ulaw,0.3205538398347591,0.6449410319328308,0.3598594118191962,1
pmv3_0071__g722_wb,0.9838997570405176,0.393827885389328,0.9713066685137933,1
pmv3_0071__opus_nb_8k,0.0364230182702193,0.09643316268920898,0.041466535702089136,1
pmv3_0071__transcode_g711_opus,0.0489572787346874,0.08706576377153397,0.05282739092629509,1
pmv3_0072__clean,0.994491846893982,0.6527729034423828,0.9900736326354908,1
pmv3_0072__g711_ulaw,0.826251284159695,0.6598217487335205,0.8088733872966121,1
pmv3_0072__g722_wb,0.9735582986330064,0.8794784545898438,0.967567005365366,1
pmv3_0072__opus_nb_8k,0.1868099613279693,0.5179610252380371,0.21920320732211748,1
pmv3_0072__transcode_g711_opus,0.283323876701495,0.2751297354698181,0.28225032707272846,1
pmv3_0073__clean,0.200640807475303,0.902472198009491,0.2863156654413605,1
pmv3_0073__g711_ulaw,0.064528504760869,0.9426758289337158,0.12321500845604316,1
pmv3_0073__g722_wb,0.3950701135979548,0.9139226078987122,0.4841208375795863,1
pmv3_0073__opus_nb_8k,0.026793395456634,0.8021839261054993,0.050048251583935326,1
pmv3_0073__transcode_g711_opus,0.0142590846331854,0.8031737804412842,0.029240984987976216,1
pmv3_0074__clean,0.9999070446707904,0.9547826051712036,0.9997910005626368,1
pmv3_0074__g711_ulaw,0.9243265208219744,0.960834264755249,0.9304287888329281,1
pmv3_0074__g722_wb,0.9998468542727356,0.9553191661834717,0.9996778518442029,1
pmv3_0074__opus_nb_8k,0.0870511057858337,0.5590974688529968,0.11776310916313984,1
pmv3_0074__transcode_g711_opus,0.0280420355745886,0.38269495964050293,0.04121616400098039,1
pmv3_0075__clean,0.9959431334834012,0.7920784950256348,0.9930478504831616,1
pmv3_0075__g711_ulaw,0.9207070875604572,0.8090347051620483,0.910594997960328,1
pmv3_0075__g722_wb,0.9928338427345824,0.47706684470176697,0.9863221454852888,1
pmv3_0075__opus_nb_8k,0.0416044039332723,0.4639299511909485,0.06019819874328501,1
pmv3_0075__transcode_g711_opus,0.0938250685590961,0.5169856548309326,0.12301858985335332,1
pmv3_0076__clean,0.9985337893217228,0.9129343032836914,0.997480162745793,1
pmv3_0076__g711_ulaw,0.9761180379953046,0.9099069833755493,0.9714941308974178,1
pmv3_0076__g722_wb,0.9953407406992744,0.6695720553398132,0.9914961110434453,1
pmv3_0076__opus_nb_8k,0.3107960345664989,0.08035746961832047,0.267030081470634,1
pmv3_0076__transcode_g711_opus,0.4542528138019833,0.1055050864815712,0.3923316584487508,1
pmv3_0077__clean,0.9991212598513652,0.9129343032836914,0.9983852254293434,1
pmv3_0077__g711_ulaw,0.4966763970514119,0.8979819416999817,0.5673834801568859,1
pmv3_0077__g722_wb,0.9988468606666444,0.8740772008895874,0.9978425178897832,1
pmv3_0077__opus_nb_8k,0.4268377711746317,0.501782238483429,0.43646565426819395,1
pmv3_0077__transcode_g711_opus,0.0441810582341732,0.26405462622642517,0.05690053912952578,1
pmv3_0078__clean,0.9834626701831658,0.9520061612129211,0.9809737214588096,1
pmv3_0078__g711_ulaw,0.9883749116244236,0.9536908864974976,0.9860547109822587,1
pmv3_0078__g722_wb,0.9953568975955858,0.9547826051712036,0.9937345233086313,1
pmv3_0078__opus_nb_8k,0.2076760238130313,0.5420876741409302,0.24177278080845518,1
pmv3_0078__transcode_g711_opus,0.1975330478735488,0.3401782214641571,0.21321100923294037,1
pmv3_0079__clean,0.9886609476314614,0.8157027363777161,0.9833837922420134,1
pmv3_0079__g711_ulaw,0.4473763925994358,0.6456562876701355,0.4735719350843319,1
pmv3_0079__g722_wb,0.9945279863401384,0.903566837310791,0.9919751553398094,1
pmv3_0079__opus_nb_8k,0.0234903551381849,0.0347234271466732,0.024720688794571094,1
pmv3_0079__transcode_g711_opus,0.0937539251437238,0.06913840770721436,0.0901574059118216,1
pmv3_0080__clean,0.004108776653188,0.7248703241348267,0.009463461564776995,0
pmv3_0080__g711_ulaw,0.0021436558837001,0.6791787147521973,0.005235758575596752,0
pmv3_0080__g722_wb,0.005240012028857,0.855078399181366,0.012952561121801178,0
pmv3_0080__opus_nb_8k,0.0018059680487563,0.7455466389656067,0.004706138651082346,0
pmv3_0080__transcode_g711_opus,0.0021561902147656,0.6757646203041077,0.0052516779924883855,0
pmv3_0081__clean,0.0118463130940664,0.6209893822669983,0.022214669678479092,0
pmv3_0081__g711_ulaw,0.0070938208955225,0.6173049807548523,0.014246820025012109,0
pmv3_0081__g722_wb,0.021607789607509,0.6180430054664612,0.03716112608502276,0
pmv3_0081__opus_nb_8k,0.0213097314564821,0.7606506943702698,0.03995516006750473,0
pmv3_0081__transcode_g711_opus,0.0232105379525536,0.7662936449050903,0.0431430188112203,0
pmv3_0082__clean,0.0045712129064714,0.8185047507286072,0.011120951287801112,0
pmv3_0082__g711_ulaw,0.0066476784723206,0.29812341928482056,0.011348639157022044,0
pmv3_0082__g722_wb,0.0067909153117938,0.7920784950256348,0.015316580225565543,0
pmv3_0082__opus_nb_8k,0.01187572644206,0.4956544041633606,0.02086081745898323,0
pmv3_0082__transcode_g711_opus,0.0314457838832198,0.16110895574092865,0.03929917953864279,0
pmv3_0083__clean,0.0938640116853757,0.16280551254749298,0.1010635469301424,0
pmv3_0083__g711_ulaw,0.0348228166839486,0.4065791964530945,0.050243231793805854,0
pmv3_0083__g722_wb,0.0444809453939413,0.6640176773071289,0.07044353552290947,0
pmv3_0083__opus_nb_8k,0.0038065490780787,0.12052158266305923,0.006048638503560175,0
pmv3_0083__transcode_g711_opus,0.0035988398057382,0.11660297214984894,0.0057332188756960166,0
pmv3_0084__clean,0.0923988917871787,0.581303060054779,0.12509694855097636,0
pmv3_0084__g711_ulaw,0.071047470606949,0.5971851348876953,0.10107564860273932,0
pmv3_0084__g722_wb,0.1312347320117043,0.3775406777858734,0.15324488997074404,0
pmv3_0084__opus_nb_8k,0.0454023429204854,0.3901040256023407,0.06251023274640737,0
pmv3_0084__transcode_g711_opus,0.0560682444429375,0.707081139087677,0.087714253748501,0
pmv3_0085__clean,0.0036668661872396,0.6470848917961121,0.008184337279785368,0
pmv3_0085__g711_ulaw,0.0061633516409127,0.7173287868499756,0.013372319683927438,0
pmv3_0085__g722_wb,0.0071667438064921,0.43436530232429504,0.01306851157583969,0
pmv3_0085__opus_nb_8k,0.0108976734584886,0.07498650997877121,0.014080259385028696,0
pmv3_0085__transcode_g711_opus,0.0097870572121477,0.06913840770721436,0.012683765440350232,0
pmv3_0086__clean,0.0228186427846869,0.07673913985490799,0.026803667566642046,0
pmv3_0086__g711_ulaw,0.0061380553591946,0.052153561264276505,0.008140187262352251,0
pmv3_0086__g722_wb,0.017973464033222,0.09534945338964462,0.022463847131230442,0
pmv3_0086__opus_nb_8k,0.0222595709387721,0.05732417479157448,0.025215666142734343,0
pmv3_0086__transcode_g711_opus,0.029622327211817,0.04856814816594124,0.03160524916005681,0
pmv3_0087__clean,0.0061040443240223,0.4625701606273651,0.011542241333275149,0
pmv3_0087__g711_ulaw,0.0093952800205593,0.48672184348106384,0.01696553323258301,0
pmv3_0087__g722_wb,0.0060111575892098,0.41945767402648926,0.011136761800552716,0
pmv3_0087__opus_nb_8k,0.0025538707536093,0.4774567186832428,0.005467061163977804,0
pmv3_0087__transcode_g711_opus,0.0027030971892888,0.6647144556045532,0.006347686100143422,0
pmv3_0088__clean,0.6540614867516854,0.8080672025680542,0.6772173452437701,0
pmv3_0088__g711_ulaw,0.0138208969223613,0.6312306523323059,0.025506464420491436,0
pmv3_0088__g722_wb,0.8507938207679407,0.6899744868278503,0.8345924961804887,0
pmv3_0088__opus_nb_8k,0.028185911417253,0.6784973740577698,0.04819962734383102,0
pmv3_0088__transcode_g711_opus,0.0281213347397813,0.6913098692893982,0.04846020366260902,0
pmv3_0089__clean,0.7538683274461744,0.8670357465744019,0.7716383489420358,0
pmv3_0089__g711_ulaw,0.5947404590235449,0.8655880689620972,0.6401130233778168,0
pmv3_0089__g722_wb,0.8119792580586591,0.7173287868499756,0.8011990054306595,0
pmv3_0089__opus_nb_8k,0.2567984949112615,0.7479106783866882,0.3136408102942088,0
pmv3_0089__transcode_g711_opus,0.1601304863016603,0.8157027363777161,0.2229704650137262,0
pmv3_0090__clean,0.9996737930103832,0.804159939289093,0.9992294863523455,1
pmv3_0090__g711_ulaw,0.6261647981906537,0.6805390119552612,0.6334525740453846,1
pmv3_0090__g722_wb,0.999333848590666,0.7981867790222168,0.9985595304926134,1
pmv3_0090__opus_nb_8k,0.1172994160572872,0.48038116097450256,0.1460292501999633,1
pmv3_0090__transcode_g711_opus,0.2051025354201762,0.6016871333122253,0.2450911694883748,1
pmv3_0091__clean,0.996204901867479,0.9088770747184753,0.9942059404892699,1
pmv3_0091__g711_ulaw,0.3629887327503646,0.8284952640533447,0.42933827110924305,1
pmv3_0091__g722_wb,0.9930290415389884,0.9258759021759033,0.9904591513536903,1
pmv3_0091__opus_nb_8k,0.6670590650768081,0.1373472362756729,0.5904194779170533,1
pmv3_0091__transcode_g711_opus,0.6433978483034716,0.15446524322032928,0.5725894596278391,1
pmv3_0092__clean,0.998809139705928,0.8231010437011719,0.9976631628959615,1
pmv3_0092__g711_ulaw,0.9169820358884264,0.6136071085929871,0.8956586718541323,1
pmv3_0092__g722_wb,0.9976004824505904,0.8503692746162415,0.9958149764522269,1
pmv3_0092__opus_nb_8k,0.6832042933736311,0.7549149990081787,0.6931477973519504,1
pmv3_0092__transcode_g711_opus,0.6922989590210813,0.7549149990081787,0.7009285878915468,1
pmv3_0093__clean,0.6020373479043176,0.38048267364501953,0.5736530563759346,1
pmv3_0093__g711_ulaw,0.2710306787573504,0.9129343032836914,0.3646408455674059,1
pmv3_0093__g722_wb,0.8529311521814535,0.9109264612197876,0.8619423269781583,1
pmv3_0093__opus_nb_8k,0.0765735094174498,0.29681727290153503,0.09293735775685212,1
pmv3_0093__transcode_g711_opus,0.1029469827796186,0.1741853952407837,0.11048700139728017,1
pmv3_0094__clean,0.9995011163002764,0.9392035007476807,0.9990613891397907,1
pmv3_0094__g711_ulaw,0.9631729410353,0.8956687450408936,0.9576770066146264,1
pmv3_0094__g722_wb,0.9991453056905116,0.8684702515602112,0.9983261909186131,1
pmv3_0094__opus_nb_8k,0.9432567017846522,0.6136071085929871,0.9245280136745694,1
pmv3_0094__transcode_g711_opus,0.8683039410469688,0.8337581753730774,0.8641839496705908,1
pmv3_0095__clean,0.9997489311844752,0.7502601146697998,0.9993609529256359,1
pmv3_0095__g711_ulaw,0.9987816734719646,0.9232608675956726,0.9978927361893577,1
pmv3_0095__g722_wb,0.9998423301258332,0.8405733108520508,0.9996036609086826,1
pmv3_0095__opus_nb_8k,0.9127345021985188,0.7707409858703613,0.9002442286789001,1
pmv3_0095__transcode_g711_opus,0.940704741585418,0.8455348014831543,0.9325016045239048,1
pmv3_0096__clean,0.999773421409746,0.9316617846488953,0.9995198022345008,1
pmv3_0096__g711_ulaw,0.294549718045078,0.903566837310791,0.3848593514179133,1
pmv3_0096__g722_wb,0.999153654277526,0.9232608675956726,0.9984647494532505,1
pmv3_0096__opus_nb_8k,0.0117801900846741,0.042594581842422485,0.013949310754470947,1
pmv3_0096__transcode_g711_opus,0.0094457640860178,0.04630914703011513,0.011645777806660873,1
pmv3_0097__clean,0.9649855135270908,0.8455348014831543,0.9571488166815598,1
pmv3_0097__g711_ulaw,0.756083127957818,0.885947585105896,0.7774299578288579,1
pmv3_0097__g722_wb,0.9546188247237524,0.9046505093574524,0.9499176568945111,1
pmv3_0097__opus_nb_8k,0.0397789667330752,0.1273050308227539,0.04652258101531357,1
pmv3_0097__transcode_g711_opus,0.0612948362250617,0.08706576377153397,0.06419023639025255,1
pmv3_0098__clean,0.9752511417575784,0.8320183753967285,0.9678388569662281,1
pmv3_0098__g711_ulaw,0.5697224099388952,0.8438951373100281,0.6138679164367807,1
pmv3_0098__g722_wb,0.9967489367162936,0.7490872144699097,0.9940794461433599,1
pmv3_0098__opus_nb_8k,0.0045723518951221,0.637030839920044,0.009851698145675072,1
pmv3_0098__transcode_g711_opus,0.0035787293579583,0.8001928329467773,0.008862747382073712,1
pmv3_0099__clean,0.6432559823605271,0.7751285433769226,0.6623448207122179,1
pmv3_0099__g711_ulaw,0.1399801909885396,0.7261149883270264,0.18958708591095957,1
pmv3_0099__g722_wb,0.8231365634264238,0.7525948882102966,0.8149442350708004,1
pmv3_0099__opus_nb_8k,0.0226836970242215,0.6541880965232849,0.039502873239873115,1
pmv3_0099__transcode_g711_opus,0.0154175896813276,0.6647144556045532,0.028543487785260932,1
pmv3_0100__clean,0.0075435552555768,0.15283973515033722,0.011342615864952995,0
pmv3_0100__g711_ulaw,0.0122498361939721,0.1662418097257614,0.01748361281278893,0
pmv3_0100__g722_wb,0.0091403519571093,0.09009299427270889,0.01240301171700877,0
pmv3_0100__opus_nb_8k,0.007408907752025,0.12319674342870712,0.010813707725948196,0
pmv3_0100__transcode_g711_opus,0.0067011570559523,0.0741240605711937,0.009219577794680378,0
pmv3_0101__clean,0.261998267674359,0.5236152410507202,0.29138021151226823,0
pmv3_0101__g711_ulaw,0.0315797468399111,0.6268554329872131,0.051626998460232734,0
pmv3_0101__g722_wb,0.1339769542025428,0.6427913308143616,0.1754827912073166,0
pmv3_0101__opus_nb_8k,0.0057962224476511,0.19781611859798431,0.009397030046386947,0
pmv3_0101__transcode_g711_opus,0.0105712519271378,0.17239464819431305,0.01547614388916719,0
pmv3_0102__clean,0.3295005554397812,0.8175744414329529,0.3957782859153897,0
pmv3_0102__g711_ulaw,0.0776706170873958,0.7837237119674683,0.12074701433046388,0
pmv3_0102__g722_wb,0.5370916667885182,0.7718434929847717,0.5714462016400522,0
pmv3_0102__opus_nb_8k,0.1936516359960506,0.7236220836639404,0.24677428453501063,0
pmv3_0102__transcode_g711_opus,0.3296614179115992,0.709663450717926,0.377243173452944,0
pmv3_0103__clean,0.0053226968791872,0.24508501589298248,0.009042541929182083,0
pmv3_0103__g711_ulaw,0.0059643457292996,0.45539236068725586,0.01127135980413311,0
pmv3_0103__g722_wb,0.0044947311882743,0.3359823524951935,0.008269623648748354,0
pmv3_0103__opus_nb_8k,0.0116139784527129,0.5220560431480408,0.02074097411610996,0
pmv3_0103__transcode_g711_opus,0.0115256150286881,0.5179610252380371,0.020561879229184468,0
pmv3_0104__clean,0.0220774427222741,0.6591199636459351,0.03870391470705541,0
pmv3_0104__g711_ulaw,0.0052847110765448,0.662621796131134,0.01132900220388769,0
pmv3_0104__g722_wb,0.0345335657800487,0.6427913308143616,0.05618309833980776,0
pmv3_0104__opus_nb_8k,0.0061538460023854,0.7419732809066772,0.013570320023873381,0
pmv3_0104__transcode_g711_opus,0.0184345707600594,0.5767326951026917,0.03173878526556819,0
pmv3_0105__clean,0.2639733247132401,0.10433121025562286,0.23656338013589995,0
pmv3_0105__g711_ulaw,0.1722462478279753,0.19980716705322266,0.1756513047205782,0
pmv3_0105__g722_wb,0.2398111552404384,0.2929188013076782,0.24632774271835284,0
pmv3_0105__opus_nb_8k,0.0586556737363624,0.07498650997877121,0.06057313563099225,0
pmv3_0105__transcode_g711_opus,0.0379115699013296,0.1020180732011795,0.04326429350413946,0
pmv3_0106__clean,0.069029750250909,0.7044855356216431,0.10428146622306393,0
pmv3_0106__g711_ulaw,0.0397382434409054,0.8388910293579102,0.07200064556600913,0
pmv3_0106__g722_wb,0.0893230455224191,0.855078399181366,0.14315513953282644,0
pmv3_0106__opus_nb_8k,0.0170590635629574,0.10433121025562286,0.0217454655372394,0
pmv3_0106__transcode_g711_opus,0.0374298548380723,0.05403875932097435,0.03927366802639679,0
pmv3_0107__clean,0.0014494794465898,0.13883498311042786,0.0026705752409007526,0
pmv3_0107__g711_ulaw,0.0030526179578829,0.12319674342870712,0.005010020647990548,0
pmv3_0107__g722_wb,0.0026285887055338,0.11155053228139877,0.00433625616399676,0
pmv3_0107__opus_nb_8k,0.0055819619429365,0.1679816097021103,0.008863793719923914,0
pmv3_0107__transcode_g711_opus,0.0065756045064483,0.1958400309085846,0.010465986036000048,0
pmv3_0108__clean,0.023972429768765,0.6764489412307739,0.04193257505149676,0
pmv3_0108__g711_ulaw,0.0188882601418802,0.6939709186553955,0.03454991396950978,0
pmv3_0108__g722_wb,0.022960149831207,0.6485108733177185,0.03978976302182598,0
pmv3_0108__opus_nb_8k,0.0115630305779956,0.6913098692893982,0.022638185396491838,0
pmv3_0108__transcode_g711_opus,0.017425225269653,0.6520642042160034,0.031480270983847154,0
pmv3_0109__clean,0.0091652184071172,0.15283973515033722,0.01342726226247468,0
pmv3_0109__g711_ulaw,0.013580049205568,0.16110895574092865,0.019023602213710643,0
pmv3_0109__g722_wb,0.0082360300093324,0.6764489412307739,0.01675327967222484,0
pmv3_0109__opus_nb_8k,0.0082229864315054,0.5994382500648499,0.016030130665314737,0
pmv3_0109__transcode_g711_opus,0.0142358180760729,0.6499342322349548,0.026433778189126976,0
pmv3_0110__clean,0.9976965600473472,0.7198565006256104,0.9955238113843075,1
pmv3_0110__g711_ulaw,0.886551206409819,0.662621796131134,0.8672038627076467,1
pmv3_0110__g722_wb,0.998850320612482,0.7109494805335999,0.9975381958803743,1
pmv3_0110__opus_nb_8k,0.0241247470743355,0.6966191530227661,0.042654909114952004,1
pmv3_0110__transcode_g711_opus,0.0295657571928357,0.7502601146697998,0.052437032947082025,1
pmv3_0111__clean,0.9844796965183664,0.6297746300697327,0.9753863233508091,1
pmv3_0111__g711_ulaw,0.6621146371440818,0.3147241473197937,0.6187204279952838,1
pmv3_0111__g722_wb,0.7611927779773522,0.3572086691856384,0.7175123073643255,1
pmv3_0111__opus_nb_8k,0.1676484022024275,0.05938456207513809,0.14764393398941936,1
pmv3_0111__transcode_g711_opus,0.0631404880696613,0.060796502977609634,0.06283106956587846,1
pmv3_0112__clean,0.9997565681448304,0.8566204905509949,0.999431050140864,1
pmv3_0112__g711_ulaw,0.6846620205149221,0.8884494304656982,0.7199560924190977,1
pmv3_0112__g722_wb,0.9991489710841418,0.9088770747184753,0.9984193629324774,1
pmv3_0112__opus_nb_8k,0.0609637941224502,0.10909681022167206,0.0658609687560544,1
pmv3_0112__transcode_g711_opus,0.2947765499239828,0.20282189548015594,0.28153990766771136,1
pmv3_0113__clean,0.9725529837930442,0.5046385526657104,0.9571511489374585,1
pmv3_0113__g711_ulaw,0.5360947917603889,0.5869964361190796,0.5427781340535069,1
pmv3_0113__g722_wb,0.9935260380970676,0.5399537086486816,0.987870857587028,1
pmv3_0113__opus_nb_8k,0.0833967048349969,0.7018765211105347,0.12194544790049164,1
pmv3_0113__transcode_g711_opus,0.0176455661134011,0.5698526501655579,0.030460975838788703,1
pmv3_0114__clean,0.9100611767497084,0.9652765989303589,0.9202510223317172,1
pmv3_0114__g711_ulaw,0.9366965614772562,0.960834264755249,0.940483758131357,1
pmv3_0114__g722_wb,0.9513809733729808,0.9644288420677185,0.9533047774582963,1
pmv3_0114__opus_nb_8k,0.784025188133978,0.8641270995140076,0.7961126463428646,1
pmv3_0114__transcode_g711_opus,0.688814324786523,0.7751285433769226,0.701020332704844,1
pmv3_0115__clean,0.192080083411753,0.8001928329467773,0.25551264233087956,1
pmv3_0115__g711_ulaw,0.5522077684802209,0.7794561982154846,0.5857619530977518,1
pmv3_0115__g722_wb,0.1665986925589446,0.7525948882102966,0.2216611943354406,1
pmv3_0115__opus_nb_8k,0.0348448903795068,0.6716428995132446,0.057509734824436026,1
pmv3_0115__transcode_g711_opus,0.1456572171836802,0.5617918968200684,0.1814135707568359,1
pmv3_0116__clean,0.9991961371523068,0.11405239254236221,0.997355147481608,1
pmv3_0116__g711_ulaw,0.6446612825580891,0.1273050308227539,0.5665941302118237,1
pmv3_0116__g722_wb,0.9940058214330448,0.7173287868499756,0.9897237730898304,1
pmv3_0116__opus_nb_8k,0.1166757189180498,0.042087726294994354,0.102717732827454,1
pmv3_0116__transcode_g711_opus,0.1131258095213094,0.0347234271466732,0.09763736182725771,1
pmv3_0117__clean,0.9916238040340524,0.9324532747268677,0.9889540756652895,1
pmv3_0117__g711_ulaw,0.3600333456707691,0.9250134825706482,0.4566550989453412,1
pmv3_0117__g722_wb,0.8753403596665466,0.8933094143867493,0.8778152948016975,1
pmv3_0117__opus_nb_8k,0.040178591240208,0.12870024144649506,0.04699879227506656,1
pmv3_0117__transcode_g711_opus,0.0345275145277451,0.19682618975639343,0.04391202859412731,1
pmv3_0118__clean,0.997937310188498,0.960834264755249,0.9969636591724612,1
pmv3_0118__g711_ulaw,0.994948905900843,0.960834264755249,0.9933883289275128,1
pmv3_0118__g722_wb,0.998717122938853,0.9525741338729858,0.9979377817704704,1
pmv3_0118__opus_nb_8k,0.6951985725889273,0.27888479828834534,0.6442473812790064,1
pmv3_0118__transcode_g711_opus,0.5675011389385933,0.7236220836639404,0.5893966868846764,1
pmv3_0119__clean,0.9424881216359952,0.9547826051712036,0.9442483870209938,1
pmv3_0119__g711_ulaw,0.444498706941246,0.9547826051712036,0.5504667020743741,1
pmv3_0119__g722_wb,0.8355141452314884,0.950263500213623,0.8578374834212973,1
pmv3_0119__opus_nb_8k,0.045129295527909,0.3834335207939148,0.06197598606513885,1
pmv3_0119__transcode_g711_opus,0.0476334279795966,0.4971313774585724,0.06865710134812023,1
