DATASET,ID,FILE_FAKE_PROB,VOICE_FAKE_PROB,MUSIC_FAKE_PROB,VOICE_PRESENT_PROB,MUSIC_PRESENT_PROB,VOICE_LOGIT_RESIDUAL,MUSIC_LOGIT_RESIDUAL,DIRECT_FILE_LOGIT_RESIDUAL
mixfake_music_dev_v1,FS-FM_LA_D_1023711_XzwhTltRQcM,0.9965587607384793,0.9997224014523827,0.9214861841419514,0.6721919,0.85661185,-0.727047675,0.675989925,0.7488722625
mixfake_music_dev_v1,FS-FM_LA_D_1023711_cf-IIqhveKw,0.9980701930115604,0.9999194798720759,0.6872932759969212,0.73658377,0.7627031,0.64933785,0.1529627025,0.7496742750000001
mixfake_music_dev_v1,FS-FM_LA_D_1023711_fake_15050_udio_0,0.9992641120163687,0.9996213586723649,0.7347769819698737,0.8485916,0.82016176,-0.191579595,0.3309879,0.685305
mixfake_music_dev_v1,FS-FM_LA_D_1053530_kOREaTKeyZw,0.9999703602990977,0.9999684538667417,0.6761668388370347,0.68660647,0.7379359,0.7339638749999999,0.375515925,0.749918055
mixfake_music_dev_v1,FS-FM_LA_D_1062960_k4kbpRRRgcQ,0.9437949964520872,0.9077165463677919,0.5844573098193766,0.8098734,0.80754364,0.749999595,0.6992571000000001,0.7499977200000001
mixfake_music_dev_v1,FS-FM_LA_D_1084765_fake_19732_udio_1,0.9824877417706781,0.9974287811860086,0.9461663599442056,0.41668597,0.90143013,-0.7498531049999999,0.62208255,-0.179320815
mixfake_music_dev_v1,FS-FM_LA_D_1097191_fake_53079_suno_0,0.9807302940975646,0.9996709822844109,0.7905945356821065,0.6496308,0.81728077,0.7389883275,0.74926092,0.74999865
mixfake_music_dev_v1,FS-FM_LA_D_1132441_fake_21612_udio_1,0.9999503252758082,0.9998682675121385,0.5268419019200778,0.8542566,0.8925738,-0.720737595,0.7208353125,0.6470833500000001
mixfake_music_dev_v1,FS-FM_LA_D_1143649_oh0EWEvJI90,0.9999944785727289,0.999991108233378,0.918195488587604,0.8541,0.880175,0.654045405,0.749977275,0.7499882250000001
mixfake_music_dev_v1,FS-FM_LA_D_1143649_xVab_CbwecE,0.9999632792977061,0.9999265549981243,0.9059275272279539,0.725485,0.9568793,0.7499976,0.75,0.74999985
mixfake_music_dev_v1,FS-FM_LA_D_1154251_YDBxdZchOuM,0.999943033515401,0.9999436705152954,0.5615268603563098,0.7966798,0.91827327,0.74999955,0.7499059875,0.749999925
mixfake_music_dev_v1,FS-FM_LA_D_1154251_xiN6XwZNEJo,0.9998256281999233,0.9997898148170938,0.677205988821131,0.5103696,0.6025685,0.749999925,0.7208716125000001,0.749999925
mixfake_music_dev_v1,FS-FM_LA_D_1227503_6TSluKI0X54,0.9999585898603284,0.9998870674690953,0.7773936995700258,0.797085,0.8451019,-0.270811935,0.7292957250000001,0.74471415
mixfake_music_dev_v1,FS-FM_LA_D_1234846_fake_22728_suno_1,0.9910327038690739,0.9760652707932185,0.8676983740438873,0.8127321,0.85413253,0.749999955,0.7499982000000001,0.75
mixfake_music_dev_v1,FS-FM_LA_D_1234846_fake_45879_udio_1,0.9101597354925786,0.12893684230141356,0.8704967412754167,0.8312275,0.9629908,0.75,0.74980983,0.749999925
mixfake_music_dev_v1,FS-FM_LA_D_1252794_fake_23468_suno_1,0.9748608901955207,0.9951345560192935,0.8794425294967364,0.6899861,0.9293708,0.74848728,0.7499990625,0.749999955
mixfake_music_dev_v1,FS-FM_LA_D_1325941_L1fxVVl_1bM,0.9815705008133766,0.9958954996630335,0.9012786970407797,0.68063504,0.9298248,-0.74922882,0.7469209125,0.568370175
mixfake_music_dev_v1,FS-FM_LA_D_1350597_rFE_bKOr1W0,0.9999552552753219,0.9999384934388238,0.7681136947812376,0.67395735,0.8251017,0.741369975,0.7467148725,0.7476034500000001
mixfake_music_dev_v1,FS-FM_LA_D_1352656_ECP7EJka6N8,0.9998044954940862,0.9996903620666143,0.8441631618536926,0.7338541,0.8752317,0.74953695,0.747449925,0.7499967375000001
mixfake_music_dev_v1,FS-FM_LA_D_1354501_4ufDENm_ECk,0.9999801779101242,0.9999633791887347,0.7057078903961145,0.6960513,0.59640706,0.13152795,0.5017451475,0.74665335
mixfake_music_dev_v1,FS-FM_LA_D_1367292_hlHb9HwNxk8,0.9999771204959271,0.9999763623625074,0.511859599825393,0.81178534,0.89232,0.6082184775,0.711288975,0.74763945
mixfake_music_dev_v1,FS-FM_LA_D_1367292_k4ttuqKjiw0,0.9999461461693259,0.9998614748976604,0.5121234017873143,0.8208497,0.9132543,-0.7448882025,0.7498632,0.57049218
mixfake_music_dev_v1,FS-FM_LA_D_1367292_ohikUtjUN7c,0.9999697071694749,0.9999305472442572,0.7020994987296337,0.6361585,0.6456027,-0.30169572,0.7412262000000001,0.738534945
mixfake_music_dev_v1,FS-FM_LA_D_1579120_2CzfBZ1mYBs,0.9353910908960819,0.9270542065013725,0.811308327319926,0.47170195,0.9640044,0.749999955,0.749997225,0.749999955
mixfake_music_dev_v1,FS-FM_LA_D_1630961_-oP-XX28B0s,0.9436969067172835,0.9245364621372298,0.867955393685389,0.59514654,0.87231904,0.7498991475,0.7499992875,0.74999985
mixfake_music_dev_v1,FS-FM_LA_D_1630961_ad6gQQ_0evk,0.9887420485637818,0.9999098109922884,0.8235423515628034,0.6404662,0.92828256,0.734691,0.7498317375,0.74994837
mixfake_music_dev_v1,FS-FM_LA_D_1681095_fake_18248_udio_1,0.9998123254899063,0.999760545322577,0.6068893054403306,0.8186485,0.9404501,0.7499576625,0.7499832375000001,0.749999955
mixfake_music_dev_v1,FS-FM_LA_D_1681095_oXBGZoBYaLY,0.9510916473999791,0.9895969375700936,0.7011498493141087,0.22579074,0.9714219,0.749999955,0.7407497775,0.74999985
mixfake_music_dev_v1,FS-FM_LA_D_1685935_NwUJe24OxC8,0.9999797832460492,0.9999776452188522,0.715640838986199,0.79115945,0.86688817,0.61028205,0.6165828,0.7494790275
mixfake_music_dev_v1,FS-FM_LA_D_1685935_OkcBJawiIHA,0.9999811015900465,0.9999799372297713,0.6765372368849392,0.79999727,0.9042966,0.72799485,0.35096205,0.749436675
mixfake_music_dev_v1,FS-FM_LA_D_1685935_fake_09441_udio_0,0.8316383580438774,0.8713738775998522,0.7271384698403834,0.4631585,0.9693952,0.7495506,0.75,0.75
mixfake_music_dev_v1,FS-FM_LA_D_1695224_u0lm58cet1g,0.9950208280121846,0.9905063829379066,0.5253361249608732,0.84010625,0.8105873,-0.45954582,0.7242804,0.736765755
mixfake_music_dev_v1,FS-FM_LA_D_1714107_GFJNgqcX7u0,0.9999710708312386,0.9999556599371571,0.3975364082376768,0.6712751,0.7014714,-0.12652425750000001,0.5620399125,0.700335825
mixfake_music_dev_v1,FS-FM_LA_D_1714907_fake_20874_udio_0,0.7285983057131156,0.10688702390119291,0.8888500644528032,0.7697804,0.7136916,0.7483450500000001,0.6477519,0.74995035
mixfake_music_dev_v1,FS-FM_LA_D_1714907_yOVaak2hemM,0.9393742386409825,0.04291235435668957,0.9090112700507924,0.86242676,0.7185189,0.74964738,0.6707755950000001,0.74953683
mixfake_music_dev_v1,FS-FM_LA_D_1734325_fake_35833_udio_0,0.8317293880692314,0.0043521540056457066,0.713998985906606,0.8688759,0.94928074,0.1703786475,0.6704376750000001,0.749377995
mixfake_music_dev_v1,FS-FM_LA_D_1764899_KfLxBjl-aBU,0.9879559329459164,0.9619556024219524,0.8418523510357752,0.7128488,0.43339115,-0.729054825,0.48323962500000006,-0.05771511
mixfake_music_dev_v1,FS-FM_LA_D_1828116_YuiQRYaF9SA,0.9993231491919311,0.9976890352433789,0.5202878713765129,0.75074834,0.88280296,-0.7353316275,0.745263,0.344502075
mixfake_music_dev_v1,FS-FM_LA_D_1845654_XzTBNfQ7_GA,0.9945528733367267,0.9998042505708948,0.8454123381225019,0.6807801,0.8660258,0.7497325499999999,0.5190654,0.74999835
mixfake_music_dev_v1,FS-FM_LA_D_1848103_xgXd06kKFIQ,0.999951779111026,0.9999190338556199,0.8839407608535396,0.69349587,0.7720181,0.74988705,0.47519673749999997,0.7496829
mixfake_music_dev_v1,FS-FM_LA_D_1862965_Y1ItBiA8nKU,0.9979594723681818,0.9970770626501847,0.7562689797088039,0.7134207,0.6925838,0.7472538,0.72958548,0.749998575
mixfake_music_dev_v1,FS-FM_LA_D_1862965_ZwLfj7tvpdc,0.8162784138776046,0.43143544549357665,0.7481558681286927,0.11361379,0.84030724,0.12357867750000001,0.7491734999999999,0.7378006875
mixfake_music_dev_v1,FS-FM_LA_D_1869677_fake_10214_suno_1,0.9998293073620373,0.9997614428789138,0.7532787520989022,0.74075675,0.6465634,0.749972175,0.743125725,0.749999595
mixfake_music_dev_v1,FS-FM_LA_D_1869677_fake_23757_suno_1,0.9999253301883158,0.9998931323543414,0.5063586446084143,0.7655218,0.6312891,0.231256305,0.33368388,0.74971275
mixfake_music_dev_v1,FS-FM_LA_D_1949097_hRQJgZVxRX0,0.9999614946495302,0.9997757068100603,0.9646935026707858,0.68040055,0.82377535,-0.603298545,0.749912175,0.747030075
mixfake_music_dev_v1,FS-FM_LA_D_1951579_WJORWlj6BW8,0.9905608717126265,0.9998569369881455,0.8631100794380898,0.6683286,0.87755466,-0.371137575,0.7081836,0.6114910875
mixfake_music_dev_v1,FS-FM_LA_D_1985217__AVegKwklcg,0.9999014226684314,0.9998930931808456,0.6827271806471963,0.8620168,0.91245466,0.71279505,0.726225975,0.749864475
mixfake_music_dev_v1,FS-FM_LA_D_1992558_Uu8m1oOWkiE,0.9924654357866545,0.987908849763915,0.5857824791630998,0.61012924,0.5240118,0.75,0.7185941475,0.74999985
mixfake_music_dev_v1,FS-FM_LA_D_2054506_gigxzYegRqM,0.9452377399841961,0.9957092788224736,0.845783306329914,0.38535628,0.9295286,-0.7097207999999999,0.717975225,0.0869836725
mixfake_music_dev_v1,FS-FM_LA_D_2077190_wQN7fRaPl2A,0.9975077110450336,0.9977017663061017,0.8746890425710347,0.8826004,0.92963976,-0.736845,0.7492300275,0.7446481875
mixfake_music_dev_v1,FS-FM_LA_D_2077274_ESbtW0CUmp4,0.9949933412173534,0.9794531421678373,0.962102323885783,0.6686681,0.4087257,0.7499940975,0.7498038375,0.749999925
mixfake_music_dev_v1,FS-FM_LA_D_2077274_bsz_enSJSVk,0.9805503337188924,0.9553185640860494,0.7059611636232649,0.78795576,0.59710956,0.7499996250000001,0.675432,0.749997975
mixfake_music_dev_v1,FS-FM_LA_D_2080989_9ZeoYezrI7Q,0.9999534193172198,0.9999172420298933,0.47745072217148726,0.76549214,0.8547569,-0.158929035,0.7028704125,0.7431941625
mixfake_music_dev_v1,FS-FM_LA_D_2080989_fake_21500_udio_0,0.999960962992147,0.9999575337313518,0.3717201163973779,0.78654563,0.83190125,0.49559283,0.722575305,0.7494959250000001
mixfake_music_dev_v1,FS-FM_LA_D_2080989_hSSzn4bIwZg,0.9999503175446416,0.9999209645622245,0.552468008257027,0.7467768,0.8509608,0.1388915775,0.357006825,0.6508874625
mixfake_music_dev_v1,FS-FM_LA_D_2083927_E_kgtQ93Q1s,0.9298865746263109,0.7806101247385885,0.8099301473076613,0.75232196,0.8485272,0.7498902000000001,0.7498568625,0.749976225
mixfake_music_dev_v1,FS-FM_LA_D_2083927_fake_40088_suno_1,0.9659273450454243,0.9257703137802579,0.6290945699734352,0.7662905,0.77829105,0.75,0.74997255,0.749999955
mixfake_music_dev_v1,FS-FM_LA_D_2083927_zwfo7wnXdjs,0.990413303326688,0.9719911489062647,0.8071975708701408,0.7369114,0.83130085,0.749986425,0.744439125,0.749998575
mixfake_music_dev_v1,FS-FM_LA_D_2111647_4gEmWJCPZGo,0.9761735520289381,0.9970584234436757,0.8814794731384394,0.46861365,0.86420953,0.7499917724999999,0.7493367,0.74999955
mixfake_music_dev_v1,FS-FM_LA_D_2155597_UxrAsZ7Z09Y,0.7625467335882131,0.020053859219973685,0.9315989013952665,0.86790276,0.8206592,0.74999982,0.7499362949999999,0.749998875
mixfake_music_dev_v1,FS-FM_LA_D_2165495_GQz_u0Vc8Os,0.9999254162959001,0.9998838050971488,0.8338823203349,0.8593179,0.96302044,0.749834475,0.749939625,0.7499997
mixfake_music_dev_v1,FS-FM_LA_D_2223464_vsXs3GUrw64,0.9995502810535043,0.9990428087356981,0.899427019312499,0.78291786,0.50740623,-0.7497705375,0.5078374725,-0.40560359999999995
mixfake_music_dev_v1,FS-FM_LA_D_2284177_fake_24761_udio_0,0.8154789367777545,0.9567374772680027,0.42053065780197485,0.57931113,0.85989064,-0.730608375,0.04219056975,-0.0635940675
mixfake_music_dev_v1,FS-FM_LA_D_2284177_fake_43689_suno_1,0.9953313527566736,0.9878920639127509,0.7725021698160025,0.68358284,0.71664447,0.170539275,0.7499758125,0.7499966025
mixfake_music_dev_v1,FS-FM_LA_D_2287702_fake_22455_suno_1,0.9999659815494628,0.9998102902743041,0.9277768168611,0.8011621,0.90456235,-0.7490268,0.749735805,0.7489464
mixfake_music_dev_v1,FS-FM_LA_D_2287702_v582kPp43Mg,0.9999313630549691,0.9998132333650225,0.7469968567667077,0.8439515,0.9062927,-0.599896725,0.703016475,0.6306467474999999
mixfake_music_dev_v1,FS-FM_LA_D_2289504_fake_36846_udio_0,0.9999042993214317,0.9997695037374538,0.17634067893630082,0.77093893,0.85805684,-0.747528,0.664158,0.738419025
mixfake_music_dev_v1,FS-FM_LA_D_2289504_ywuR9AfpA_E,0.9993487859514752,0.9976854629963192,0.8366245773833891,0.7887829,0.6882057,-0.7486807125,0.7469559,0.38740177500000006
mixfake_music_dev_v1,FS-FM_LA_D_2347486_9gSOOPDuD4Y,0.9997467298305633,0.9996506111590713,0.6988110052637742,0.8015684,0.86551005,0.73487925,-0.040993377,0.748380975
mixfake_music_dev_v1,FS-FM_LA_D_2368822_3PuzzYmTDA4,0.9986366261573182,0.9943980177982406,0.7115432672240395,0.8500305,0.940032,-0.47461398,0.3142353,0.7017382050000001
mixfake_music_dev_v1,FS-FM_LA_D_2368822_iS8YQGp2_ng,0.9992497241429542,0.997877024924129,0.9071540890835333,0.7839594,0.86388,0.33388035,0.25375092,0.69883977
mixfake_music_dev_v1,FS-FM_LA_D_2406653_fake_15651_udio_1,0.9943204039048364,0.9998590564146131,0.9141339265919048,0.43162927,0.9598267,-0.07186166999999999,0.749981175,0.7499967375000001
mixfake_music_dev_v1,FS-FM_LA_D_2410631_C6ws4MxOH2Y,0.9999279764607664,0.999894536799342,0.8129232187134722,0.7735605,0.74703,0.7498809,0.706404375,0.7499871
mixfake_music_dev_v1,FS-FM_LA_D_2410631_Wil8e6kBxe8,0.999924817248268,0.9999152188212924,0.5934130931604732,0.77896625,0.8604901,0.7494950775,0.745452405,0.7499923125
mixfake_music_dev_v1,FS-FM_LA_D_2410631_fake_45535_udio_0,0.9999700355893465,0.9999722689514712,0.4329206434287636,0.7868786,0.4209683,0.7495964625,0.650514525,0.7499637
mixfake_music_dev_v1,FS-FM_LA_D_2468032_O6xMQnKJROc,0.9999067548823106,0.9995817032629476,0.8836187224880839,0.83242005,0.905798,-0.7416614625,0.747908055,0.6552467625
mixfake_music_dev_v1,FS-FM_LA_D_2468278_RS43EP1EXz4,0.9776279550393747,0.9995463094656917,0.720847659394091,0.5647632,0.7900013,0.71596815,0.24190398,0.747098925
mixfake_music_dev_v1,FS-FM_LA_D_2473428_RXGDlFry3Vo,0.9027138616187482,0.12317137076826494,0.8569762956026774,0.44951707,0.92966795,0.75,0.748811625,0.75
mixfake_music_dev_v1,FS-FM_LA_D_2473428_WRZGYDh7qRo,0.9996928969395498,0.9990498850712657,0.9596246602348185,0.7365776,0.51185596,0.740303625,0.7498287375,0.749991675
mixfake_music_dev_v1,FS-FM_LA_D_2479276_QUtyeIooCy4,0.9968503645753405,0.9995309538102296,0.6639538948703382,0.7476735,0.7320145,-0.746723145,0.7477755975,0.6719226
mixfake_music_dev_v1,FS-FM_LA_D_2479276_fake_47838_udio_0,0.9921453769121261,0.9994634586313376,0.9237203782205349,0.39257652,0.96418124,0.25372977750000003,0.75,0.7499868000000001
mixfake_music_dev_v1,FS-FM_LA_D_2496514_JPVRBbdykSw,0.9999891655035924,0.9999786352202088,0.9411238076768833,0.7479285,0.799047,0.7390191225,0.57859005,0.748504575
mixfake_music_dev_v1,FS-FM_LA_D_2496514_K6DSH7MSeOA,0.9999886329736509,0.999989358530983,0.4374088253822291,0.7587334,0.6916533,0.731092875,0.6651628875,0.749681025
mixfake_music_dev_v1,FS-FM_LA_D_2533846_VSAbMy1Rlio,0.9994660072902715,0.9991723601122037,0.7698047674185075,0.8769533,0.9545959,0.72535065,0.74998923,0.7495319549999999
mixfake_music_dev_v1,FS-FM_LA_D_2650745_fake_50405_udio_0,0.9997892436318662,0.9993854347011744,0.6181041738215773,0.77087927,0.76999635,-0.710624775,0.5608841474999999,0.7488925125
mixfake_music_dev_v1,FS-FM_LA_D_2650745_fcpVyvn5vKk,0.9843350926558789,0.9998316593546256,0.5859733559086301,0.63968194,0.80651605,-0.659904555,0.18929831249999998,0.610091025
mixfake_music_dev_v1,FS-FM_LA_D_2657639_fake_34855_udio_0,0.9980482892670375,0.9967968919960819,0.5086603104300278,0.89330214,0.41112152,0.5809704,0.09716394750000001,0.6966195225
mixfake_music_dev_v1,FS-FM_LA_D_2667973_NhVkzcCL0SA,0.9994807727402718,0.9985812797620809,0.8686119140931728,0.7890534,0.87141585,0.7496665499999999,0.7497321,0.7499171625000001
mixfake_music_dev_v1,FS-FM_LA_D_2742354_qpt3umHYfmY,0.9968557844812446,0.9998919309550203,0.9609572981301914,0.60495037,0.76509863,0.279083985,0.7386301125,0.7076604
mixfake_music_dev_v1,FS-FM_LA_D_2764046_C7OIuhWSbjU,0.9999515239631944,0.9998815160003293,0.9275936976210748,0.7218029,0.8867758,0.5269347,0.749991195,0.748796175
mixfake_music_dev_v1,FS-FM_LA_D_2769521_wLQiZ-0VW4c,0.980203868070304,0.99996788220646,0.615271520434921,0.6295012,0.93877846,0.748026525,0.715075425,0.74998785
mixfake_music_dev_v1,FS-FM_LA_D_2878681_fake_38483_udio_0,0.8306677130165736,0.26150256406751154,0.6470603473490188,0.50553614,0.89198816,0.75,0.749995305,0.75
mixfake_music_dev_v1,FS-FM_LA_D_2878681_wMN-Xp9IMUw,0.9953576130080422,0.9895507984319808,0.8707762802255493,0.77809685,0.92258763,0.749999775,0.7499948625,0.749999925
mixfake_music_dev_v1,FS-FM_LA_D_2921930_RxmGtt0YzYY,0.9999249064636851,0.9998084908705509,0.9296760198558415,0.512875,0.46695492,0.3534189,0.7482353775,0.749171625
mixfake_music_dev_v1,FS-FM_LA_D_2937244_D8zK7PHIkgA,0.999304153852821,0.9986325414786402,0.8527099336618972,0.7889858,0.84178007,0.75,0.7493046375,0.75
mixfake_music_dev_v1,FS-FM_LA_D_3027433_fake_16694_udio_0,0.5786317878753766,0.007775104742898281,0.6832102036269083,0.77924025,0.82146853,0.75,0.749726595,0.75
mixfake_music_dev_v1,FS-FM_LA_D_3035824_fake_15940_suno_0,0.9999827197967402,0.9999736534799312,0.7196644392198137,0.8917329,0.9285653,0.61545105,0.74999727,0.7499967750000001
mixfake_music_dev_v1,FS-FM_LA_D_3042444_fake_38399_udio_1,0.9194030797499325,0.7688106756305986,0.710249080624724,0.79790956,0.8219519,0.75,0.7494743775,0.749999955
mixfake_music_dev_v1,FS-FM_LA_D_3042444_ue1sgGEvkwE,0.9650194180449083,0.9246192117019467,0.7802586610807052,0.79104185,0.82098615,0.75,0.749536695,0.75
mixfake_music_dev_v1,FS-FM_LA_D_3065329_0ewWspUqB6Y,0.9999125621221193,0.9999096108806386,0.5847104392288603,0.7127035,0.8283826,0.686598375,0.7487436000000001,0.7499772
mixfake_music_dev_v1,FS-FM_LA_D_3088084_jFek2xLbEww,0.8968142860094009,0.5058882280628846,0.8492345058996884,0.71558523,0.95041186,0.7499988,0.7499723699999999,0.749999955
mixfake_music_dev_v1,FS-FM_LA_D_3088084_wZopmfXTtxw,0.9849221614723801,0.9994226259916026,0.8840581188434364,0.31210455,0.9423984,0.7063827,0.749835375,0.7497988800000001
mixfake_music_dev_v1,FS-FM_LA_D_3122333_2T1P9ovsl4A,0.9951845301001861,0.9989368426845833,0.19941336564855894,0.7147849,0.84652513,-0.7493199,0.5661756,0.09001537500000001
mixfake_music_dev_v1,FS-FM_LA_D_3134629_fake_09771_suno_1,0.9784669487832705,0.9986856686669611,0.7619502062544773,0.7288128,0.8698092,0.74999985,0.74989575,0.75
mixfake_music_dev_v1,FS-FM_LA_D_3193424_pSzTPGlNa5U,0.979062033971014,0.999685232556932,0.5123176292878172,0.6238626,0.7656607,0.5494819875,0.74885865,0.749991225
mixfake_music_dev_v1,FS-FM_LA_D_3257829_NPXZIqxKvXA,0.9995220414344594,0.9995443453167246,0.5018999975612445,0.7946476,0.905932,0.749999955,0.35575843500000004,0.7499992875
mixfake_music_dev_v1,FS-FM_LA_D_3257829_t5fW1-6iXZY,0.9754454259552285,0.9992715552751208,0.8076350646978294,0.27363074,0.96027356,-0.423369795,0.749999955,0.73795965
mixfake_music_dev_v1,FS-FM_LA_D_3260017_fake_39829_suno_0,0.9865228704422259,0.9986723972424811,0.8806768578242501,0.34253836,0.9540214,0.7444062975,0.7484796,0.75
mixfake_music_dev_v1,FS-FM_LA_D_3334894_VjbRot21Hq0,0.9950997573972267,0.993641018253836,0.8725611623768271,0.8207439,0.94779503,-0.56311155,0.7286496,0.70682658
mixfake_music_dev_v1,FS-FM_LA_D_3384993_07-vpXo91XM,0.5906803927837283,0.023497843805311808,0.634056307364944,0.76658714,0.7738968,0.74999955,0.749596425,0.74999955
mixfake_music_dev_v1,FS-FM_LA_D_3457413_fake_43665_suno_1,0.9924034507682266,0.9999713671153446,0.7106915254607934,0.61254245,0.8781865,0.749926575,0.5680486875,0.7499811000000001
mixfake_music_dev_v1,FS-FM_LA_D_3491832_PFa1XVCgPgM,0.9997915062138141,0.9997404543723218,0.7119579045150893,0.8020581,0.9400943,0.72923055,0.7480770750000001,0.7499734875
mixfake_music_dev_v1,FS-FM_LA_D_3499981_fake_50619_suno_0,0.9873607084520712,0.999963521117336,0.7642184929537896,0.612529,0.9102887,0.1821482325,0.74999982,0.749999925
mixfake_music_dev_v1,FS-FM_LA_D_3562536_5JRvGMTjEzQ,0.7450480095945043,0.13068278845830605,0.5613851324321681,0.7850289,0.76461416,0.749999955,0.744870675,0.749995875
mixfake_music_dev_v1,FS-FM_LA_D_3607908_KB4e9v_5uTE,0.9995273646630894,0.999406345785848,0.6244014957653395,0.8391154,0.5589429,0.749994075,0.642665775,0.749997375
mixfake_music_dev_v1,FS-FM_LA_D_3617952_3KQy3Cajo4E,0.9999462596042026,0.9998564259694771,0.6731732389769833,0.8491379,0.85824627,-0.5744622,0.7175424,0.6857586375
mixfake_music_dev_v1,FS-FM_LA_D_3617952_fake_15149_suno_0,0.9999673851819089,0.9999335962604207,0.898762083991436,0.68338865,0.8365049,0.554404875,0.74812995,0.7497904725
mixfake_music_dev_v1,FS-FM_LA_D_3680733_fake_50911_suno_1,0.9999790049888848,0.9999488539916106,0.9354923400911664,0.7632085,0.9324691,0.733700625,0.75,0.749999955
mixfake_music_dev_v1,FS-FM_LA_D_3693157_NxdQtpceXaI,0.8917309115768175,0.9399441091900119,0.5950236792546526,0.48145124,0.8332633,0.738813225,0.7497502875,0.74995815
mixfake_music_dev_v1,FS-FM_LA_D_3703829_Wp5AiCmbQjA,0.9999761075174256,0.9999722653681409,0.7940746608667594,0.7592839,0.4752299,0.7499840999999999,0.41391487499999996,0.749480025
mixfake_music_dev_v1,FS-FM_LA_D_3727131_fake_13278_suno_1,0.9869561387846107,0.9666497884405156,0.8488953687829303,0.7406008,0.83349043,0.75,0.740141895,0.749999955
mixfake_music_dev_v1,FS-FM_LA_D_3740762_fake_33417_udio_1,0.8856383119848141,0.7569561707539251,0.6052794442430466,0.67349535,0.7811385,0.7494963,0.677184555,0.749586075
mixfake_music_dev_v1,FS-FM_LA_D_3749655_N6YT8_jlt0E,0.9993485620313104,0.9993207248430638,0.6901439777160578,0.5933089,0.8404897,0.7499973,0.6940739775,0.7499973
mixfake_music_dev_v1,FS-FM_LA_D_3782088_vWiq7n4yTAw,0.9429876093192502,0.9411773767700932,0.30109821908050394,0.68243676,0.43260923,0.7499346,0.7496703975,0.749985
mixfake_music_dev_v1,FS-FM_LA_D_3812741_xrqDoBor2dk,0.9999678248730947,0.9999749042228605,0.17020910249037324,0.80815846,0.9128592,0.74918955,0.359326065,0.7499415
mixfake_music_dev_v1,FS-FM_LA_D_3820104_fake_53398_suno_0,0.9931975705422138,0.9999242679268416,0.8872448168349232,0.66154265,0.8946485,0.69362265,0.7496418,0.749995875
mixfake_music_dev_v1,FS-FM_LA_D_3858656_fake_25815_suno_1,0.9276416369136555,0.9853088769175705,0.7939693770202563,0.5100224,0.94782513,0.7499895000000001,0.749972475,0.75
mixfake_music_dev_v1,FS-FM_LA_D_3859116_fake_39543_udio_0,0.8214977948903243,0.27672430762092637,0.70844150535344,0.7429643,0.9230323,0.75,0.7499408999999999,0.749999955
mixfake_music_dev_v1,FS-FM_LA_D_4001682_MmqRlHntd0Q,0.8722529071754057,0.04217361661010352,0.8542481900530597,0.84254336,0.94996136,0.749999505,0.74584935,0.7499977200000001
mixfake_music_dev_v1,FS-FM_LA_D_4058547_L_nC2BvhRdQ,0.9592015454987864,0.9800953664878956,0.8637852620718639,0.66399896,0.93086976,0.7499997,0.749946525,0.75
mixfake_music_dev_v1,FS-FM_LA_D_4058547_fake_20511_suno_0,0.9086496254622124,0.6796959399003015,0.8143332400845674,0.75277764,0.7261331,0.75,0.748952325,0.749999955
mixfake_music_dev_v1,FS-FM_LA_D_4075904_fake_25647_udio_0,0.9996879075940239,0.99978634845514,0.6065928891596483,0.79850894,0.8492096,0.749997375,0.7239454275,0.74999982
mixfake_music_dev_v1,FS-FM_LA_D_4110914_fake_25802_suno_0,0.9691579197602576,0.9603343797163569,0.912419454108768,0.713923,0.9102098,0.74999985,0.729789075,0.75
mixfake_music_dev_v1,FS-FM_LA_D_4169547_fake_52610_suno_0,0.9463342877645325,0.8919452317768646,0.9146211749750628,0.4260209,0.95310175,0.74999955,0.749999955,0.75
mixfake_music_dev_v1,FS-FM_LA_D_4284566_giPa2vVEyVc,0.9861422166002072,0.999626923004785,0.8518998683797594,0.4786933,0.83305377,0.743878395,0.7459065,0.7499982000000001
mixfake_music_dev_v1,FS-FM_LA_D_4293805_TbYahEEj_B4,0.9965897230963321,0.9997294776325775,0.9571799497200538,0.4990235,0.94747335,0.7499378999999999,0.749131125,0.74999973
mixfake_music_dev_v1,FS-FM_LA_D_4293805_fake_25354_udio_0,0.9999006031536829,0.9999008225516738,0.4939493278995906,0.8004525,0.8849546,0.732230625,0.739230225,0.7499830125
mixfake_music_dev_v1,FS-FM_LA_D_4339387_fake_53745_suno_0,0.907205203445356,0.7062536664756285,0.8563673943882133,0.7469491,0.9253103,0.7499691975,0.74999985,0.75
mixfake_music_dev_v1,FS-FM_LA_D_4339387_leiPemYDg-8,0.998663664238382,0.9993406981005685,0.8496279246810104,0.7671358,0.88737464,0.44956907999999995,0.7147959,0.7491412500000001
mixfake_music_dev_v1,FS-FM_LA_D_4340347_IOzWDVGWRng,0.9817205507929943,0.9986184527925255,0.8675701523601559,0.35624197,0.583243,-0.6718011,0.73809435,0.708118275
mixfake_music_dev_v1,FS-FM_LA_D_4340347_fake_41652_suno_1,0.9999449322505403,0.9997675752829827,0.8503677774159211,0.8394174,0.87890685,-0.7079795999999999,0.749986425,0.749995275
mixfake_music_dev_v1,FS-FM_LA_D_4344989_oZF73R89bk0,0.9998012687991745,0.9994903563008674,0.9106587319738734,0.6966809,0.81788546,-0.74999655,0.2336250525,-0.31382592
mixfake_music_dev_v1,FS-FM_LA_D_4403705_fake_50675_suno_1,0.999935648146612,0.9999006572930242,0.8500428352632281,0.8535761,0.9384972,0.749995275,0.7499923125,0.75
mixfake_music_dev_v1,FS-FM_LA_D_4418265_RJViDdqUYyo,0.9985835688355487,0.9999753376738176,0.9581585859598564,0.49190375,0.8948593,0.43409069999999994,0.7499940975,0.7499492249999999
mixfake_music_dev_v1,FS-FM_LA_D_4530557_F5xnAYHuGlo,0.9996389077123972,0.9991005916410344,0.9279151940533203,0.7132641,0.90171444,0.749997075,0.74999505,0.749999955
mixfake_music_dev_v1,FS-FM_LA_D_4564558_SUclDZHax0w,0.9999454216859656,0.9999260216237135,0.7089103112597399,0.7634865,0.81683606,0.6660653625,0.6873913875,0.749134725
mixfake_music_dev_v1,FS-FM_LA_D_4564558_colnyHv9CAA,0.9999255617087192,0.9997669155661107,0.8248995326432594,0.8008154,0.8191438,-0.24365285250000002,0.7182821625,0.7482039
mixfake_music_dev_v1,FS-FM_LA_D_4564558_fake_26201_udio_0,0.9194067561669885,0.7683703715494767,0.8455663486573054,0.55242676,0.96576446,0.7499991525,0.59978205,0.7499994
mixfake_music_dev_v1,FS-FM_LA_D_4614043_4AfykLGm0j8,0.9855164473216315,0.9995061138620533,0.8689355820315233,0.7221116,0.9514219,0.749851275,0.7263867749999999,0.74981415
mixfake_music_dev_v1,FS-FM_LA_D_4631507_fake_10003_suno_0,0.8682510335717604,0.3269833427274015,0.8523269635238634,0.26870874,0.95556086,0.75,0.749999595,0.75
mixfake_music_dev_v1,FS-FM_LA_D_4665317_YbLR6dgY-K4,0.9999562926319053,0.9999382132631288,0.7806776968582051,0.73188984,0.78560275,0.63803418,0.5320309125,0.74958585
mixfake_music_dev_v1,FS-FM_LA_D_4669726_682ODyTqKyw,0.9996773875034806,0.9996033993546337,0.5537709751836327,0.72209114,0.7345419,0.749999925,0.7499980500000001,0.75
mixfake_music_dev_v1,FS-FM_LA_D_4698413_EieK70X8lnw,0.9731311454615896,0.9337335417458915,0.7437728782628519,0.75828075,0.86141914,-0.6972521700000001,0.50828478,-0.11730495
mixfake_music_dev_v1,FS-FM_LA_D_4777058_mQM3Fd3eN9E,0.7929689397492394,0.06521714988302726,0.6695839553798333,0.7762048,0.87204254,0.749999775,0.7473191775,0.749999955
mixfake_music_dev_v1,FS-FM_LA_D_4846136_fake_12222_suno_0,0.9972564147491172,0.9956394230706798,0.6344551414006651,0.7968779,0.8924137,0.749999595,0.74999955,0.75
mixfake_music_dev_v1,FS-FM_LA_D_4859889_HdRPdh-cSTw,0.803429520019324,0.7047559940012568,0.32336963859157214,0.6645642,0.7662276,0.72820725,0.7493183625000001,0.7499874
mixfake_music_dev_v1,FS-FM_LA_D_4893034_I_kUf7vgVNM,0.9916246536810424,0.9998942523931815,0.8974680241470235,0.5571128,0.9477671,0.7484793,0.6473798024999999,0.749998875
mixfake_music_dev_v1,FS-FM_LA_D_4893596_CGYflJRiLt0,0.9999186650909773,0.9998285213535979,0.9280485802451808,0.847775,0.9119106,0.7399692975,0.573983625,0.7499313000000001
mixfake_music_dev_v1,FS-FM_LA_D_4936226_zPhuyMYy9EI,0.6297797331265548,0.13563072500675066,0.714550984304258,0.76272833,0.8464961,0.75,0.7498306499999999,0.74999982
mixfake_music_dev_v1,FS-FM_LA_D_4961527_4S4NDnNTptY,0.9988403562009028,0.9969612228826458,0.7892563020691162,0.7827831,0.94746125,0.7499921775,0.6946275749999999,0.7499252249999999
mixfake_music_dev_v1,FS-FM_LA_D_5097555_YMq4wE6KxmQ,0.9948865918347055,0.9914261613706765,0.580035721225377,0.7840571,0.8662323,0.75,0.7494172875,0.75
mixfake_music_dev_v1,FS-FM_LA_D_5107370_fake_03447_suno_1,0.9999700439207541,0.9999457271730252,0.8966021843807863,0.87275124,0.91129684,0.747745695,0.749999925,0.75
mixfake_music_dev_v1,FS-FM_LA_D_5134762_DQ_gcdLhAsY,0.9998589165278392,0.9998109993699529,0.7320380195107975,0.7097845,0.83983725,0.74999985,0.74963853,0.75
mixfake_music_dev_v1,FS-FM_LA_D_5134762_fake_28559_suno_0,0.9349510643561858,0.8328982949902018,0.8878203423468557,0.37021095,0.94112444,0.75,0.749886825,0.75
mixfake_music_dev_v1,FS-FM_LA_D_5163761_MmqRlHntd0Q,0.9205168618467017,0.8852558837706799,0.8071763664896238,0.73565835,0.91370106,0.7499070750000001,0.4300596,0.7499877525
mixfake_music_dev_v1,FS-FM_LA_D_5163761_fake_15459_suno_1,0.9533024070696238,0.6793915617993235,0.938340850656906,0.80894214,0.9192707,0.75,0.7499997,0.75
mixfake_music_dev_v1,FS-FM_LA_D_5174186_IFumVgqOVaM,0.9997283518848904,0.9996585544162079,0.8428708500529378,0.84931934,0.6322578,-0.432690825,0.388788255,-0.6264476250000001
mixfake_music_dev_v1,FS-FM_LA_D_5210678_CfRzy-RtqnQ,0.8501127314845033,0.614272525041465,0.7484530468094881,0.7241094,0.61074907,0.7499961975,0.74191707,0.7499993775
mixfake_music_dev_v1,FS-FM_LA_D_5256388_LwmwCpAVPWU,0.9999739486897935,0.9999583980430594,0.9001332885438869,0.797047,0.36718696,0.7499939624999999,0.74973513,0.7499997
mixfake_music_dev_v1,FS-FM_LA_D_5256388_fake_28100_udio_0,0.999956643802487,0.9999481259735881,0.6887692473665418,0.82910335,0.92349565,0.7499997,0.523202955,0.7499992875
mixfake_music_dev_v1,FS-FM_LA_D_5296528_fake_41591_suno_1,0.9336279366848351,0.906368455926633,0.8840870291720337,0.5515879,0.8931805,0.75,0.7481736375,0.75
mixfake_music_dev_v1,FS-FM_LA_D_5300406_3TQmts_MxyQ,0.9983265272173563,0.9906871849778561,0.800366535207648,0.74914175,0.82151604,-0.7445484,0.7499976,0.74447742
mixfake_music_dev_v1,FS-FM_LA_D_5350117_6o6DsSnbpxE,0.8517669570937257,0.7287694996438323,0.7233614197839618,0.28682092,0.9257381,0.749926275,0.7499848499999999,0.749999025
mixfake_music_dev_v1,FS-FM_LA_D_5354332_zRpPf62Zvto,0.9987324622231011,0.9972250327506053,0.7711451380524242,0.8028787,0.84594023,0.743159175,0.54396765,0.739484805
mixfake_music_dev_v1,FS-FM_LA_D_5371276_fake_44902_suno_0,0.9638388564643063,0.9764525462030702,0.9098070316125476,0.33123723,0.95947987,0.7499994,0.75,0.75
mixfake_music_dev_v1,FS-FM_LA_D_5371276_fake_50840_suno_1,0.9833378489652367,0.9980154378268439,0.9158173126171169,0.71806425,0.9242546,0.7499948625,0.749999925,0.75
mixfake_music_dev_v1,FS-FM_LA_D_5383636_bkzGHRpx5MM,0.9999458917267046,0.9998637058967411,0.630805120848082,0.7619144,0.81492734,-0.48976135500000006,0.349416105,0.7197650999999999
mixfake_music_dev_v1,FS-FM_LA_D_5383636_fake_39047_udio_1,0.9899535320138073,0.997142945916501,0.9449863882495687,0.5332534,0.9095117,0.74977455,0.749909025,0.74999985
mixfake_music_dev_v1,FS-FM_LA_D_5421212_-EVRXQpt1-8,0.8777232689607082,0.40763355731543854,0.8074468278575926,0.5020096,0.9682841,0.7497632249999999,0.674271405,0.7496100525
mixfake_music_dev_v1,FS-FM_LA_D_5421212_P996TZp25PM,0.9988459438519137,0.998479637439708,0.848088028037704,0.79705346,0.8896306,-0.74999763,0.45804300000000003,0.685284675
mixfake_music_dev_v1,FS-FM_LA_D_5421212_ar4YQ_DOcyk,0.9854172997185721,0.9997167057016682,0.8318878024923861,0.7059574,0.883469,-0.743988855,0.6739686,0.6078725625
mixfake_music_dev_v1,FS-FM_LA_D_5432278_fake_19339_suno_0,0.9380104499202131,0.8021242148879523,0.8718993978812735,0.50274515,0.94250816,0.707140275,0.75,0.75
mixfake_music_dev_v1,FS-FM_LA_D_5477639_WhNun_U3cRU,0.9999100893743592,0.9997866662257051,0.8809314937963071,0.7703903,0.44651473,-0.7261385775,0.7039042275,0.042383817000000004
mixfake_music_dev_v1,FS-FM_LA_D_5477639_fake_42982_udio_0,0.9938103917159069,0.9999207604027212,0.9046784453649885,0.6120338,0.8728956,0.466448925,0.74529183,0.7487429250000001
mixfake_music_dev_v1,FS-FM_LA_D_5480150_Nms2A0wi0vU,0.9813186903326965,0.9996708513091206,0.6420826850616169,0.5355838,0.90604436,0.7499990999999999,0.7461227775,0.749998425
mixfake_music_dev_v1,FS-FM_LA_D_5554788_CVgLrsBPt4o,0.9968191170938687,0.9952419977428052,0.647042802624595,0.7989034,0.1647758,0.749999955,0.749978475,0.75
mixfake_music_dev_v1,FS-FM_LA_D_5554788_fake_40866_suno_0,0.9978119785343562,0.9955337611935432,0.7676545128177109,0.7473693,0.8680196,0.75,0.74999343,0.75
mixfake_music_dev_v1,FS-FM_LA_D_5599455_C3s-DmHtDUg,0.9253245901799025,0.998790129919679,0.6032760939690485,0.4343865,0.6657504,0.75,0.749999955,0.75
mixfake_music_dev_v1,FS-FM_LA_D_5599455_EremEyLrdUY,0.9414751168328318,0.9875540375743833,0.781412879337144,0.49752626,0.8701817,-0.688275375,0.7499949,0.7328631
mixfake_music_dev_v1,FS-FM_LA_D_5637855_c4ftOyl3j_Y,0.9999305513369542,0.9998157123439594,0.4060949022680421,0.76918554,0.76053023,-0.74977617,0.7450995,0.70985922
mixfake_music_dev_v1,FS-FM_LA_D_5711940_fake_03730_udio_1,0.9997648635537841,0.9993957361431138,0.9352851333735198,0.8207047,0.9444728,0.7372989375,0.610130355,0.7498131
mixfake_music_dev_v1,FS-FM_LA_D_5746299_ZKkfCOqLrT0,0.9999542856974963,0.9999386739260742,0.23521104911126925,0.8393482,0.88509095,-0.375389475,-0.18083745750000002,0.634726275
mixfake_music_dev_v1,FS-FM_LA_D_5751999_GcOOmVSM8Uw,0.9911605018477481,0.9974704838628926,0.9390745248677078,0.61866754,0.87737536,0.7448682,0.5268875475,0.7480256249999999
mixfake_music_dev_v1,FS-FM_LA_D_5751999_b9yT3nGcD_I,0.9969569879665757,0.9934962921988767,0.8396663482694253,0.8264995,0.7812017,-0.737971095,0.699981375,0.7356655125
mixfake_music_dev_v1,FS-FM_LA_D_5754462_fake_19929_suno_0,0.9851714652517961,0.9993124316290194,0.8813642288720981,0.5999901,0.89280593,0.2316838725,0.7499992875,0.7499996250000001
mixfake_music_dev_v1,FS-FM_LA_D_5754462_fake_40888_udio_0,0.9860233520925556,0.972219215066349,0.7262550901703717,0.904668,0.85723275,0.5582948775000001,0.75,0.7499994750000001
mixfake_music_dev_v1,FS-FM_LA_D_5754462_fake_48819_suno_0,0.9999892976945105,0.9999854910131283,0.8323712735704205,0.7912596,0.7013191,0.749906175,0.678041295,0.749826105
mixfake_music_dev_v1,FS-FM_LA_D_5762860_6xxu6f0f0e4,0.9500809698716418,0.9212775583543477,0.840765503001602,0.42641118,0.8493353,-0.710898375,0.749999925,0.74993865
mixfake_music_dev_v1,FS-FM_LA_D_5774345_O66lIRbF4Gw,0.9995061298562141,0.9998981860199313,0.7614572592696803,0.80016613,0.869366,-0.74016165,0.7484599200000001,0.7484224500000001
mixfake_music_dev_v1,FS-FM_LA_D_5774345_R7gHB-YuUZM,0.9976433305054893,0.9967515631175261,0.7784307445694973,0.8530598,0.85268825,-0.74993445,0.4486431,-0.2893437
mixfake_music_dev_v1,FS-FM_LA_D_5791089_0_XItMAYkwc,0.999516617743575,0.9995368299124683,0.8484475844545313,0.8603882,0.93965435,0.7274919750000001,0.7499694,0.7499721
mixfake_music_dev_v1,FS-FM_LA_D_5886832_Du3Q6NdsSso,0.9743218636574568,0.9989886704091786,0.8840997291165089,0.67064244,0.90677655,-0.75,0.7499997,-0.23181995249999998
mixfake_music_dev_v1,FS-FM_LA_D_5902944_ZoAfkpmztww,0.9992566025739494,0.9990024626575534,0.6219908396826713,0.8174171,0.282107,0.7498235249999999,0.7343121,0.749993655
mixfake_music_dev_v1,FS-FM_LA_D_5942690_q9Gh-zh-5Ig,0.9986663700064046,0.9995183456242838,0.6588919486217031,0.86773026,0.9282765,0.7336672275,0.749999925,0.7499997
mixfake_music_dev_v1,FS-FM_LA_D_6048851_fake_14948_udio_1,0.9999577920216735,0.9999411019068339,0.6713350092413631,0.75868976,0.87282443,0.4734367125,0.7499946749999999,0.7499983875
mixfake_music_dev_v1,FS-FM_LA_D_6048851_fake_27248_suno_0,0.9999256817294604,0.9998824139568147,0.7411781412543367,0.7080332,0.9176611,0.507129195,0.749999955,0.749999505
mixfake_music_dev_v1,FS-FM_LA_D_6048851_fake_27807_suno_0,0.9945552975393905,0.9999351800656301,0.919438878422868,0.47652614,0.9624728,0.704148075,0.749999955,0.75
mixfake_music_dev_v1,FS-FM_LA_D_6065963_LNFAeJ06KVs,0.9975161971465503,0.9972583611961693,0.3761127816383945,0.8404965,0.4457155,0.7499804625,0.23760540000000002,0.749980275
mixfake_music_dev_v1,FS-FM_LA_D_6106693_weJKl-6TiDQ,0.9841186446646523,0.9931444951130638,0.945880597448526,0.31656086,0.92271525,0.30565487999999996,0.7436673525,0.7455003225000001
mixfake_music_dev_v1,FS-FM_LA_D_6151774_tr2iVjsu4xs,0.9972809509014484,0.9967481081038103,0.7816758845825204,0.80485046,0.91091824,0.7499988,0.716443425,0.74998995
mixfake_music_dev_v1,FS-FM_LA_D_6205878_Ss1bubMNPQE,0.9992400917314331,0.9993728956088769,0.7867219117885116,0.7719752,0.8598535,-0.7495726500000001,0.2741660625,-0.567034455
mixfake_music_dev_v1,FS-FM_LA_D_6205878_WqC-fx3uNVE,0.9999595961459088,0.9998092364999526,0.9297258047284609,0.8456438,0.83670646,-0.72623775,0.7499989275000001,0.749482695
mixfake_music_dev_v1,FS-FM_LA_D_6205878_YbLR6dgY-K4,0.9990694444212087,0.9982621048005059,0.8887225147959321,0.830902,0.8626105,-0.7499990999999999,0.593462475,-0.7349941124999999
mixfake_music_dev_v1,FS-FM_LA_D_6215452_GxeDIuOzxmU,0.9999853552094934,0.9999823695980248,0.3505828012269963,0.73318875,0.8453038,0.20790150000000002,0.6108494550000001,0.7385985975
mixfake_music_dev_v1,FS-FM_LA_D_6215452_fake_44985_udio_1,0.9999935612847168,0.9999936224117424,0.5233943187984121,0.8026098,0.73386884,0.730060425,0.47905845,0.745993125
mixfake_music_dev_v1,FS-FM_LA_D_6226652_fake_22105_udio_0,0.8711076580671663,0.663521747975199,0.8711170048867521,0.25399604,0.9426963,0.749993655,0.75,0.75
mixfake_music_dev_v1,FS-FM_LA_D_6226652_fake_32193_udio_1,0.9999071683979275,0.9998666219842673,0.8262690279710849,0.7341952,0.8259223,0.7479202125,0.717926325,0.7499986125
mixfake_music_dev_v1,FS-FM_LA_D_6273111_fake_34324_suno_1,0.983935774845273,0.9524107435098456,0.8948890701903371,0.736419,0.9326259,0.74771235,0.7499598975,0.749996025
mixfake_music_dev_v1,FS-FM_LA_D_6312072_AlVr7-ntuqw,0.999968930287736,0.9999638808423252,0.6498869785148687,0.7392273,0.86105406,0.749984325,0.7490429999999999,0.7499990999999999
mixfake_music_dev_v1,FS-FM_LA_D_6312072_fake_12289_udio_1,0.9996771065801153,0.9996086633128184,0.5696475924371198,0.80510974,0.90766525,0.749997075,0.7386961875,0.74999982
mixfake_music_dev_v1,FS-FM_LA_D_6332547_5ieMy-PAKA0,0.9999383847436387,0.9998209064536653,0.7749291244459604,0.77378476,0.8719123,-0.49478817,0.717665655,0.65777922
mixfake_music_dev_v1,FS-FM_LA_D_6332547_BfMKdrK9D8M,0.9999603580834848,0.99996033117361,0.5569819830062559,0.8070516,0.9062691,0.749454705,0.7421987250000001,0.7497969
mixfake_music_dev_v1,FS-FM_LA_D_6356896_03frQGyrgQ4,0.9993711152812069,0.9990543205387792,0.7110851951223152,0.79433596,0.8654326,0.75,0.7491774,0.75
mixfake_music_dev_v1,FS-FM_LA_D_6365603_BZyf8LPltYs,0.999909324343101,0.9998758472221505,0.8046407156031703,0.7628152,0.932237,0.74978082,0.748794255,0.74998923
mixfake_music_dev_v1,FS-FM_LA_D_6370946_UiiYMspxfhU,0.99998082769514,0.9999718622612728,0.5737553882539242,0.8597808,0.8488121,0.1686060375,0.7405873275,0.7481779725
mixfake_music_dev_v1,FS-FM_LA_D_6370946_w0QJT6ywza0,0.9999655688191219,0.9999576568487158,0.6643623878201146,0.85566956,0.8652997,0.7352246475,0.7488699750000001,0.7499826975
mixfake_music_dev_v1,FS-FM_LA_D_6388120_Ca3b8qNUbsk,0.9876201123434899,0.9998322946589815,0.7406481937397775,0.66687334,0.8331623,-0.738444075,0.515177325,0.43515344999999994
mixfake_music_dev_v1,FS-FM_LA_D_6458836_PcdpjUIa8l0,0.9999727345823239,0.9999451684987651,0.9458874904453584,0.8534262,0.821613,0.736214925,0.749398425,0.7499853
mixfake_music_dev_v1,FS-FM_LA_D_6458836_fake_32528_udio_0,0.9999890373925098,0.9999871954948145,0.6896445437380503,0.8430613,0.8924043,0.623981025,0.74106525,0.7498222125
mixfake_music_dev_v1,FS-FM_LA_D_6469647_fake_45036_suno_0,0.9452120489781252,0.024488620156633067,0.9527959720863727,0.7783319,0.929969,0.75,0.75,0.75
mixfake_music_dev_v1,FS-FM_LA_D_6469647_fake_45871_udio_0,0.8781717981076623,0.7370446657338294,0.6805582585682088,0.8051128,0.9326042,0.7499993775,0.7273954499999999,0.7499948249999999
mixfake_music_dev_v1,FS-FM_LA_D_6517704_ZMd8mAKe-k8,0.9996527824974395,0.9992027394821045,0.5007311429547974,0.7864493,0.80281466,-0.749498175,0.67254645,0.45605957249999995
mixfake_music_dev_v1,FS-FM_LA_D_6555487_fake_15530_suno_1,0.9990985946661498,0.996530776793789,0.7591704550209313,0.7257481,0.57739305,-0.579676425,0.42373578,0.7202280000000001
mixfake_music_dev_v1,FS-FM_LA_D_6590996_qLWWDHLJBBQ,0.9832115783160446,0.9998913960296684,0.7214169964624264,0.61456287,0.88303924,-0.44815432499999996,0.749999925,0.74994045
mixfake_music_dev_v1,FS-FM_LA_D_6601716_7zP5kNyDn88,0.9843684513900917,0.9997193294743805,0.6323279523095433,0.6115036,0.8074735,0.749999955,0.7463187,0.749999955
mixfake_music_dev_v1,FS-FM_LA_D_6601716_Hob0LAu8afQ,0.9999508516240453,0.9999277490481381,0.7995762424675013,0.7494747,0.47874182,0.74999985,0.74934447,0.749999955
mixfake_music_dev_v1,FS-FM_LA_D_6601716_fake_54187_suno_0,0.9143118608213545,0.5391915534927961,0.8630854935141483,0.6889134,0.92553043,0.75,0.734167425,0.749999955
mixfake_music_dev_v1,FS-FM_LA_D_6628655_WCifI6rwOoM,0.9994741111956787,0.9983300053239088,0.6729763122364912,0.75141335,0.8483093,-0.63272535,0.618678555,0.7470117525
mixfake_music_dev_v1,FS-FM_LA_D_6642731_IyJ3a5uuCOs,0.9671562605164511,0.9908734503498337,0.8734727823182663,0.5762197,0.86400986,-0.749292675,0.74946135,0.500260455
mixfake_music_dev_v1,FS-FM_LA_D_6658901_-U16iKiXGuY,0.9975601762523327,0.9929186395907738,0.5506144213246597,0.79606724,0.6865319,-0.49563405000000005,0.7484368050000001,0.739527405
mixfake_music_dev_v1,FS-FM_LA_D_6685036_fake_34556_suno_1,0.9253751910978392,0.032021625867194405,0.9267144124149462,0.42793396,0.9390744,0.749999505,0.7499996250000001,0.75
mixfake_music_dev_v1,FS-FM_LA_D_6685036_z_aUtjxgCNk,0.987125761881477,0.9856742898855206,0.05080578814418527,0.76013386,0.8989172,0.7369730025000001,0.40545809999999993,0.7499578874999999
mixfake_music_dev_v1,FS-FM_LA_D_6699236_pS1X6Au1EAU,0.9998429825083365,0.9991584385567037,0.9091940842926344,0.65562,0.7438124,-0.271656525,0.543964425,0.7494718725
mixfake_music_dev_v1,FS-FM_LA_D_6756915_fake_33690_udio_1,0.9530918656560081,0.998713556650587,0.6571330863481423,0.6524369,0.83221257,-0.749685825,0.7322018025,0.5970189
mixfake_music_dev_v1,FS-FM_LA_D_6756915_uqAY4lCUcRY,0.9996600451245232,0.9989347255243071,0.86879180628153,0.70786273,0.81071687,0.1996088775,0.726494505,0.74938068
mixfake_music_dev_v1,FS-FM_LA_D_6770921_fake_37499_udio_0,0.9999324549627142,0.999863788140003,0.8902568436602845,0.77137744,0.8943162,0.68246703,0.7497042,0.749997075
mixfake_music_dev_v1,FS-FM_LA_D_6829505_7dmT4SgS_EM,0.9999757286211362,0.9999770160647657,0.570413536661925,0.7742208,0.6581797,0.7499996250000001,0.7237300875,0.7499996250000001
mixfake_music_dev_v1,FS-FM_LA_D_6843509_COe_UKKVpVo,0.9900515786578371,0.9997982010793374,0.9407373246778918,0.73278284,0.89120436,-0.7499989275000001,0.614046525,-0.1195828575
mixfake_music_dev_v1,FS-FM_LA_D_6843509_ggBivmG6yHQ,0.9955032953331723,0.9998274049974745,0.9515710738633487,0.7030508,0.9054154,-0.7458604125,0.74383725,0.7333206750000001
mixfake_music_dev_v1,FS-FM_LA_D_6887531_fake_19543_suno_0,0.8752575305387503,0.2998518785765422,0.8012949967305891,0.7817972,0.9413193,0.75,0.74999955,0.75
mixfake_music_dev_v1,FS-FM_LA_D_6914760_fake_49591_suno_0,0.9886304052839124,0.9995896627352513,0.903321365190767,0.3658723,0.9675761,0.749999925,0.75,0.75
mixfake_music_dev_v1,FS-FM_LA_D_6940254_7yK4-hsVX1o,0.9999164092353681,0.9995835259065322,0.8895570644191851,0.8163608,0.94069225,-0.749999595,0.749998275,0.72111015
mixfake_music_dev_v1,FS-FM_LA_D_6940254_fake_50753_suno_1,0.9648067902262941,0.9982450906757071,0.8152537823016245,0.6927257,0.9257357,-0.7266462,0.749999955,0.749998425
mixfake_music_dev_v1,FS-FM_LA_D_6968726_1yWGmdevTuM,0.9985962123322789,0.998156968211617,0.5909192408654983,0.8069903,0.84098405,0.75,0.747419805,0.7499996250000001
mixfake_music_dev_v1,FS-FM_LA_D_7029319_fake_37373_suno_1,0.8691413686802508,0.017881936672769067,0.8194150266225293,0.83161527,0.8881899,0.75,0.749996475,0.75
mixfake_music_dev_v1,FS-FM_LA_D_7030861_fake_33371_udio_0,0.9976053205797707,0.9964172054332208,0.6457383131261777,0.770461,0.7379395,0.7487035125,0.4622454,0.7481792700000001
mixfake_music_dev_v1,FS-FM_LA_D_7030861_mBRr_TqLDf4,0.9573231506471108,0.9151921228023083,0.6719703976536013,0.864229,0.8995127,0.74999955,0.7499628525,0.7499994
mixfake_music_dev_v1,FS-FM_LA_D_7031168_fake_48410_udio_0,0.9988442048653504,0.9984828182668906,0.3911919261924097,0.74676657,0.72078496,-0.738151275,0.49102245,0.62370915
mixfake_music_dev_v1,FS-FM_LA_D_7090148_0x6chChxzV0,0.9925812969489235,0.9719060357190193,0.9393751204551157,0.7732606,0.9396196,0.7498020750000001,0.7049425125000001,0.7499727300000001
mixfake_music_dev_v1,FS-FM_LA_D_7090148_fake_47617_udio_1,0.995384389249165,0.9916726334471003,0.6429387304341051,0.82055944,0.86166894,0.745628805,0.69390723,0.7496916375
mixfake_music_dev_v1,FS-FM_LA_D_7101123_OR_YbeqV5tA,0.8340241199670871,0.01617951631991209,0.7758637347149738,0.83670026,0.9044447,0.75,0.74994735,0.75
mixfake_music_dev_v1,FS-FM_LA_D_7101123_fake_09089_udio_1,0.8767800079621704,0.16834365135012833,0.8664196772958862,0.8664553,0.8786806,0.75,0.74998215,0.75
mixfake_music_dev_v1,FS-FM_LA_D_7109829_fake_39536_suno_0,0.987399459017348,0.9999617276808679,0.7301923332532052,0.65037245,0.8829837,0.34630105499999997,0.7497202875,0.749903175
mixfake_music_dev_v1,FS-FM_LA_D_7119255_dMAp3dvs3kE,0.8728430562240483,0.8411101441380402,0.6899469882533477,0.24759957,0.95856416,0.749999925,0.7492686525,0.749999025
mixfake_music_dev_v1,FS-FM_LA_D_7126534_fake_35507_udio_1,0.974109997344328,0.551808835405874,0.9670861007960739,0.87918866,0.95301145,0.75,0.7497631124999999,0.749999955
mixfake_music_dev_v1,FS-FM_LA_D_7130454_fake_37964_udio_1,0.9999619210898781,0.9999532903543955,0.6317961697901832,0.80583036,0.762867,0.7031843999999999,0.6762741,0.7499439
mixfake_music_dev_v1,FS-FM_LA_D_7169217_BquHBzP5Ep0,0.998706143821697,0.9980335490320582,0.5289088961654432,0.8186254,0.92724156,0.75,0.74263275,0.749999955
mixfake_music_dev_v1,FS-FM_LA_D_7193344_fake_39543_udio_1,0.9999339452325006,0.9998574778323384,0.9463998203656505,0.84231347,0.8392085,0.7499966250000001,0.7497278025,0.749999955
mixfake_music_dev_v1,FS-FM_LA_D_7211735_fake_53934_suno_1,0.9961460426127912,0.991826893349349,0.3553721546169926,0.8861907,0.92795146,0.4711048875,0.635216025,0.7499899875
mixfake_music_dev_v1,FS-FM_LA_D_7253817_eZC1AP_JjXM,0.8966993402580815,0.9563448601281664,0.5596151632631212,0.3826036,0.6812462,-0.1418101125,0.45360378749999997,0.7301506275
mixfake_music_dev_v1,FS-FM_LA_D_7256380_7_q36NyJtQY,0.9998457405172886,0.9997445372586033,0.33650890559742547,0.7131513,0.7872439,-0.7463668125,0.6275743275,0.03159544125
mixfake_music_dev_v1,FS-FM_LA_D_7302504_fake_18756_suno_0,0.987279792669862,0.999278942160747,0.8776707263925244,0.37624708,0.93036735,0.749999955,0.7494087,0.749999955
mixfake_music_dev_v1,FS-FM_LA_D_7331566_HkXSX7Kdhms,0.9999505920387602,0.999794929456496,0.8399461408333061,0.69612014,0.87153506,-0.7499948249999999,0.75,0.732288075
mixfake_music_dev_v1,FS-FM_LA_D_7365945_2ZYzviKuq9w,0.9868117397701385,0.9998277595786974,0.8362910478407906,0.4010515,0.8945024,0.72430113,0.7455640725,0.74997063
mixfake_music_dev_v1,FS-FM_LA_D_7379319_4ueN2gGsH5Y,0.9997978674759136,0.9997117441536771,0.6988093083888682,0.8174114,0.80141777,0.7010582249999999,0.7014222,0.748405275
mixfake_music_dev_v1,FS-FM_LA_D_7379319_fake_21388_suno_0,0.9794931146118832,0.9964185339598873,0.9097071081073532,0.57143384,0.87414825,0.75,0.7498551,0.75
mixfake_music_dev_v1,FS-FM_LA_D_7379319_nBiHncFD0dM,0.9990559890610584,0.9983631231852238,0.7317655430106749,0.61666524,0.7710919,0.7492055775,0.7201317,0.74957385
mixfake_music_dev_v1,FS-FM_LA_D_7445001_0-7PyzhzuYQ,0.8076660649030821,0.05238297466366027,0.6633980686820802,0.82257867,0.8309641,0.749998125,0.74705445,0.749998305
mixfake_music_dev_v1,FS-FM_LA_D_7456275_BGD7J6MP2C8,0.9984344231942963,0.9895439565039246,0.9134391381631513,0.69833475,0.45042956,-0.4707590625,0.47631314999999996,0.63526455
mixfake_music_dev_v1,FS-FM_LA_D_7456275_fake_14876_suno_0,0.9999728462262492,0.9999560993942636,0.8659396269181411,0.7995466,0.79027176,0.749136525,0.749570445,0.7499964225
mixfake_music_dev_v1,FS-FM_LA_D_7456275_jIoDR_eskaU,0.9933480922888155,0.9932569099703434,0.9673281736939594,0.43856534,0.8924321,0.74986725,0.6842003999999999,0.7499975249999999
mixfake_music_dev_v1,FS-FM_LA_D_7501132_D7pjR9cQChM,0.9944980701234681,0.9781990140505027,0.8571620420738283,0.7976227,0.93795437,0.749999775,0.7285881525,0.749983275
mixfake_music_dev_v1,FS-FM_LA_D_7501132_fake_42183_udio_0,0.9714928245173466,0.992138253997014,0.8164202202627314,0.61845255,0.77898705,0.75,0.7479254025,0.75
mixfake_music_dev_v1,FS-FM_LA_D_7504069_fake_17614_udio_0,0.979543938981843,0.9999699474874902,0.507139809454687,0.70936877,0.9414304,0.7378572,0.7498857,0.74997693
mixfake_music_dev_v1,FS-FM_LA_D_7526656_KabP9iNokps,0.994612084445354,0.9987349771055819,0.7006338119115316,0.678351,0.7826195,-0.7269868275,0.34842816,0.64216395
mixfake_music_dev_v1,FS-FM_LA_D_7540473_AkbCw7oVkw0,0.9994141234308234,0.9987157358345325,0.746748427867035,0.8781033,0.9176245,-0.74891235,0.2608876275,-0.18075955500000002
mixfake_music_dev_v1,FS-FM_LA_D_7551227_COe_UKKVpVo,0.9775028151986105,0.9950138607945466,0.8469921004351818,0.66904706,0.8104988,0.7278906375,0.749074575,0.749999175
mixfake_music_dev_v1,FS-FM_LA_D_7579323_fvTh5m9RHZw,0.9998907435759895,0.9997620820852419,0.5071202517099533,0.7461999,0.8445781,-0.749292525,0.557430525,0.5524437
mixfake_music_dev_v1,FS-FM_LA_D_7607538_rez5KDmIZoc,0.9999644841922901,0.9999126284232444,0.6888557709090642,0.76481116,0.74485433,-0.675411345,0.393160725,0.48592525499999994
mixfake_music_dev_v1,FS-FM_LA_D_7609585_fake_24734_udio_1,0.9967937833572507,0.9994277218091332,0.6209115541941607,0.7832577,0.87648404,-0.7375095375,0.6306273,-0.11447512500000001
mixfake_music_dev_v1,FS-FM_LA_D_7619301_I4Rhe1XViYg,0.9991598753579088,0.9986044385058064,0.761874403059487,0.8474021,0.9364942,0.75,0.7080976800000001,0.749996475
mixfake_music_dev_v1,FS-FM_LA_D_7619301_fake_51250_udio_0,0.9036640902068963,0.1641208190352746,0.8452043666129494,0.892988,0.8956818,0.75,0.74996145,0.75
mixfake_music_dev_v1,FS-FM_LA_D_7647228_VpIhbDN58mA,0.9976827054605885,0.9947306610166876,0.8170168780133452,0.6813635,0.4103259,0.23402409750000003,0.7293567375000001,0.74982225
mixfake_music_dev_v1,FS-FM_LA_D_7668402_fake_19049_suno_0,0.9296977452773592,0.5847825777030086,0.8894216109035336,0.60372406,0.9331322,0.75,0.749999925,0.75
mixfake_music_dev_v1,FS-FM_LA_D_7672778_fake_38499_udio_1,0.9999637186750211,0.9999363489493284,0.9259147521535773,0.8553083,0.8526131,0.74831715,0.74972445,0.7499987475000001
mixfake_music_dev_v1,FS-FM_LA_D_7702883_fake_32872_udio_0,0.9999213873668802,0.9999047260457149,0.7984630423831011,0.7799485,0.64648914,0.747211125,0.7499472524999999,0.74999817
mixfake_music_dev_v1,FS-FM_LA_D_7702883_sRxUm-ziCBo,0.9998519950872028,0.9997855788604756,0.2594414524297353,0.72969085,0.82455516,-0.62644248,0.7164906,0.74735175
mixfake_music_dev_v1,FS-FM_LA_D_7712887_MyH8zQw9csc,0.9974926040633918,0.9962884925141567,0.5929806820674264,0.8473646,0.90139526,0.749999955,0.746293125,0.749999505
mixfake_music_dev_v1,FS-FM_LA_D_7773434_7ZW8xO37bA4,0.999980837654994,0.9999782961884842,0.7213345857769987,0.75761163,0.89914364,0.70298625,0.576924,0.7402608975
mixfake_music_dev_v1,FS-FM_LA_D_7784595_zCrpaLEq1VQ,0.9913110120829737,0.9994522015036482,0.9125354922372263,0.48765737,0.899672,0.74913915,0.74996475,0.7499447025
mixfake_music_dev_v1,FS-FM_LA_D_7796964_fake_14121_udio_0,0.9983340458820332,0.9965048287674635,0.702713537024273,0.86046755,0.9038851,0.035436795,0.7485823199999999,0.7499744775
mixfake_music_dev_v1,FS-FM_LA_D_7858202_7LlKoQAvXUc,0.9996731035176476,0.9995060904702634,0.8152005924157631,0.7967668,0.92944145,0.74999343,0.744794595,0.749999505
mixfake_music_dev_v1,FS-FM_LA_D_7940727_J9PJI1UwIQ4,0.9911151126329326,0.9972415593281919,0.9515114188823264,0.32554775,0.9345435,-0.694536,0.749997375,0.74998002
mixfake_music_dev_v1,FS-FM_LA_D_7940727_lZavPVn7O4Q,0.9850595551647209,0.9995497932596183,0.8556213120698847,0.5405645,0.92806995,0.745350255,0.748330545,0.7499991525
mixfake_music_dev_v1,FS-FM_LA_D_7971494_fake_05072_suno_1,0.9992087442471579,0.9981207247452275,0.7522382846611334,0.7967312,0.9566879,0.1583424975,0.75,0.74999973
mixfake_music_dev_v1,FS-FM_LA_D_7974697_7IllUjk5fk0,0.9971126982165152,0.9945830836424076,0.8463452155057969,0.7156989,0.6494659,0.749999775,0.749537625,0.749999955
mixfake_music_dev_v1,FS-FM_LA_D_7974697_fake_23145_suno_1,0.9775355955402858,0.9959779820591296,0.9084425809451416,0.6771625,0.9546989,0.749999955,0.75,0.75
mixfake_music_dev_v1,FS-FM_LA_D_7975085_fake_47421_suno_0,0.9907296842866333,0.9999787240229038,0.41055093022409134,0.5983048,0.81361324,0.7499684249999999,0.4307187,0.74997855
mixfake_music_dev_v1,FS-FM_LA_D_7990767_VuWr1HXHoZg,0.9999579207903371,0.9999583979967791,0.7170456202904061,0.8156904,0.88435596,0.7499973,0.74960607,0.7499987475000001
mixfake_music_dev_v1,FS-FM_LA_D_7990767_fake_15431_udio_1,0.8711479216726534,0.04518531758450607,0.8452693538585935,0.60018766,0.9630599,0.75,0.749995395,0.75
mixfake_music_dev_v1,FS-FM_LA_D_8029129_fake_52665_udio_1,0.9989723602721007,0.9982536297424386,0.8132190722224591,0.8308327,0.5537734,-0.166956,0.7020696,0.7456039050000001
mixfake_music_dev_v1,FS-FM_LA_D_8045695_fake_42179_udio_0,0.9997687339581112,0.9996313794873316,0.4626758055878487,0.7431078,0.798836,-0.74994573,0.21804551249999998,0.6474870450000001
mixfake_music_dev_v1,FS-FM_LA_D_8217946_fake_50822_suno_1,0.9561567492653928,0.961548571328906,0.9051925089089891,0.57982326,0.9529187,0.7499990999999999,0.75,0.75
mixfake_music_dev_v1,FS-FM_LA_D_8217946_wxKtBDKasgM,0.9991397991115423,0.9923299123383373,0.960728923123923,0.63709044,0.7250347,0.16270197,0.69173895,0.7440558
mixfake_music_dev_v1,FS-FM_LA_D_8221856_s72505MIhz8,0.9999665500759009,0.9999467251937604,0.7975258417857043,0.8237755,0.7569976,0.40160902499999995,0.423804525,0.7443966750000001
mixfake_music_dev_v1,FS-FM_LA_D_8240682_xl4FJzeU0YA,0.986155488616077,0.9997998434857193,0.7570242964722773,0.6773507,0.86986506,0.3570760725,0.7469851949999999,0.7498364775
mixfake_music_dev_v1,FS-FM_LA_D_8326614_ATDi-irUEWc,0.9999112676269494,0.9999089673531055,0.4699587581771187,0.7642193,0.7832307,0.7499037,0.624468975,0.74997855
mixfake_music_dev_v1,FS-FM_LA_D_8326614_fake_22440_udio_1,0.9998334589930895,0.9998380408394971,0.38497095252956737,0.82775104,0.67074573,0.7475852249999999,0.6431357249999999,0.74989392
mixfake_music_dev_v1,FS-FM_LA_D_8328324_ZgooDijn2as,0.9998322529243324,0.9992956814278801,0.955456144321647,0.84895134,0.8129469,0.018893174999999998,0.266067975,0.70705425
mixfake_music_dev_v1,FS-FM_LA_D_8336903_E3F9bzeCgTQ,0.9994663690886975,0.9988779412051234,0.8925700297596331,0.8605946,0.94732434,0.7499217225,0.74663415,0.7499717475000001
mixfake_music_dev_v1,FS-FM_LA_D_8387799_PduP4CpaDtY,0.9653501246323475,0.984619289940514,0.882899775771174,0.6466918,0.7884168,0.7476694500000001,0.74999325,0.7499463000000001
mixfake_music_dev_v1,FS-FM_LA_D_8416303_E2v025Ilsqo,0.8632555363808221,0.09532309974863339,0.8341911560501266,0.6308719,0.93760717,0.75,0.731016525,0.749999925
mixfake_music_dev_v1,FS-FM_LA_D_8419000_3rvqiSZB4pA,0.9719136836932286,0.995344114412011,0.8199194639501326,0.48794183,0.9377696,0.7414229999999999,0.7342424700000001,0.7496779499999999
mixfake_music_dev_v1,FS-FM_LA_D_8468186_fake_20495_suno_0,0.9976578967419171,0.9926470679652458,0.9455730210890838,0.8839946,0.9610083,0.7499990999999999,0.74039295,0.749999775
mixfake_music_dev_v1,FS-FM_LA_D_8468186_kR2yBlL6nFU,0.9998394343154643,0.9996898794780781,0.6809966923392581,0.8406477,0.80013114,-0.505782075,0.27176499,0.5359546275
mixfake_music_dev_v1,FS-FM_LA_D_8559738_fake_20660_udio_0,0.9999242379665056,0.9999256047916368,0.43695332440371093,0.79314137,0.8745113,0.75,0.7393620000000001,0.749999955
mixfake_music_dev_v1,FS-FM_LA_D_8599073_Ade0UZnb6dw,0.9987894195935837,0.999724212825904,0.9871970058628976,0.40086493,0.87337494,-0.71719095,0.75,0.7495371749999999
mixfake_music_dev_v1,FS-FM_LA_D_8599385_4i11P4OCRfk,0.8584761139386109,0.6866787345214346,0.7104546958054252,0.8534794,0.89647096,0.64555845,0.5106853124999999,0.7039276050000001
mixfake_music_dev_v1,FS-FM_LA_D_8599385_HWZdPxRzCWs,0.682002390916518,0.32418895090102207,0.5829210911819989,0.75822,0.7508627,0.74994837,0.651824625,0.74793735
mixfake_music_dev_v1,FS-FM_LA_D_8599385_fxznho_kNPY,0.8599861874973471,0.08748257220309982,0.7438962511698098,0.8326377,0.9386166,0.74930505,0.3303447975,0.728575725
mixfake_music_dev_v1,FS-FM_LA_D_8652934_-qcTD2o6I9s,0.9808189623523232,0.9985090664462795,0.861081709361059,0.2931018,0.94288975,0.744118575,0.7497879,0.749989275
mixfake_music_dev_v1,FS-FM_LA_D_8652934_0ZNFJz-eZTU,0.9999098915345882,0.9999024396203317,0.6149087011551757,0.78906083,0.8528749,0.48602088,0.749949795,0.7499157375000001
mixfake_music_dev_v1,FS-FM_LA_D_8668147_BjqhHeJD28U,0.882660158357061,0.3218457891785805,0.8720764047450893,0.4532355,0.89263046,0.749999955,0.74999985,0.75
mixfake_music_dev_v1,FS-FM_LA_D_8680505_ozjs2d_xlSI,0.9446172863954412,0.8902723924561596,0.6525112875339832,0.8235552,0.88315725,0.75,0.74931282,0.749999955
mixfake_music_dev_v1,FS-FM_LA_D_8682135_JPZlyvPNZj4,0.9999439849967395,0.9999689287001414,0.6750169400934657,0.81563663,0.9470302,0.45487609500000004,0.49635333000000004,0.728625075
mixfake_music_dev_v1,FS-FM_LA_D_8693204_SLdVSirZMSI,0.9999083637478738,0.9998303866542166,0.9000393045276399,0.62539035,0.7566746,0.7499991525,0.6132946499999999,0.74999982
mixfake_music_dev_v1,FS-FM_LA_D_8693204_fake_01485_udio_0,0.9246119613821224,0.7303825742313339,0.8978403459459464,0.4493035,0.9467114,0.7499993775,0.75,0.75
mixfake_music_dev_v1,FS-FM_LA_D_8710691_JU4CZ-GApu4,0.9999596519809051,0.9998945836745868,0.47410941214768537,0.8092739,0.8369098,-0.5208332999999999,0.74731845,0.7386921750000001
mixfake_music_dev_v1,FS-FM_LA_D_8710691_fake_45722_suno_0,0.9697872876597483,0.9984769309365827,0.8288923553956203,0.3628677,0.94970214,0.716588625,0.75,0.75
mixfake_music_dev_v1,FS-FM_LA_D_8711337_dztizAgcQ08,0.9602276203407197,0.9978009577595676,0.5749134306002933,0.6738753,0.87901473,0.7499987475000001,0.741816675,0.7499919749999999
mixfake_music_dev_v1,FS-FM_LA_D_8711337_fake_18692_udio_0,0.9756316578136632,0.8956347493540401,0.9334328629198746,0.7963266,0.93339527,0.748284225,0.7497115725,0.749993625
mixfake_music_dev_v1,FS-FM_LA_D_8711337_id5ibIqjRto,0.9049868043646917,0.7271573138572678,0.7526933271791686,0.81746614,0.88113743,0.7499608875,0.7498065224999999,0.74999955
mixfake_music_dev_v1,FS-FM_LA_D_8712202_fake_32290_udio_0,0.9999395901452581,0.9999327073106854,0.6220318028156802,0.84430903,0.9447037,0.6937642500000001,0.749966775,0.7499697
mixfake_music_dev_v1,FS-FM_LA_D_8736662_NXuB3ZEpM5U,0.999566179446567,0.999656414084271,0.35509351726109306,0.84261245,0.899442,-0.75,-0.7108445250000001,-0.749829825
mixfake_music_dev_v1,FS-FM_LA_D_8749920_fake_28781_suno_0,0.9886187265426654,0.9995726784137753,0.9093618245583313,0.5876224,0.88401353,0.7499986125,0.749984025,0.75
mixfake_music_dev_v1,FS-FM_LA_D_8753292_Kojo5khAAS0,0.9999380160979818,0.9998290379373351,0.8133396012917503,0.74912167,0.8956138,-0.500571195,0.749991825,0.7497641024999999
mixfake_music_dev_v1,FS-FM_LA_D_8753292_fake_22348_suno_1,0.9823279967539635,0.9990020117006713,0.8853429985523972,0.31436637,0.9059776,-0.696418125,0.744109125,0.740262
mixfake_music_dev_v1,FS-FM_LA_D_8759658_xKc_9B3RiOc,0.9999287733471548,0.9997542794613773,0.8603603325865776,0.87859064,0.9224132,-0.439731525,0.726315975,0.749002425
mixfake_music_dev_v1,FS-FM_LA_D_8850397_8akqVDDGsNQ,0.999977454345745,0.9999661661880523,0.8553681840303782,0.72841585,0.85393673,0.749999595,0.7497659775,0.749999925
mixfake_music_dev_v1,FS-FM_LA_D_8878321_fake_13991_suno_1,0.9999701801733389,0.9999670908980817,0.6645808181711061,0.75045675,0.8476786,0.7499790375,0.749987925,0.749999955
mixfake_music_dev_v1,FS-FM_LA_D_8905956_pWZqzEpygE0,0.8234776634531368,0.6199757001737642,0.5785187262204899,0.8295752,0.7200425,0.75,0.7499948625,0.75
mixfake_music_dev_v1,FS-FM_LA_D_8923139_iFWtsT5zRKo,0.9917798732320088,0.9999245325288871,0.8688380250684954,0.72285116,0.93399405,0.7197863025,0.745360875,0.74995665
mixfake_music_dev_v1,FS-FM_LA_D_8947789_fake_12498_udio_0,0.9995632212306342,0.9992911004239013,0.714656159400187,0.8526369,0.93711257,0.6621895725,0.749998875,0.74999835
mixfake_music_dev_v1,FS-FM_LA_D_8991757_cMhajmOBr0c,0.9999882261233145,0.9999865842599122,0.7249086176213902,0.8386799,0.8965138,0.41052457499999995,0.171029925,0.5134446
mixfake_music_dev_v1,FS-FM_LA_D_9021893_fake_24049_suno_0,0.6958392218434929,0.2563656176827571,0.6549533427250114,0.66474295,0.81639546,0.7499975249999999,0.71469825,0.749999775
mixfake_music_dev_v1,FS-FM_LA_D_9022440_vvfs2TUj-D4,0.9741505438080474,0.9943028799987408,0.7855303457667325,0.6593411,0.92260635,-0.7327254975,0.7499236874999999,0.71038365
mixfake_music_dev_v1,FS-FM_LA_D_9075341_ZEuY5HnECuo,0.9882322843625516,0.9659331448630879,0.9014220716357493,0.79996,0.85185015,0.749986125,0.749985,0.74999955
mixfake_music_dev_v1,FS-FM_LA_D_9125336_HAEoz3VbaP8,0.8212725940766556,0.2856365043437699,0.7717509896985449,0.6799312,0.86186516,0.75,0.74583495,0.749999925
mixfake_music_dev_v1,FS-FM_LA_D_9125336_fake_41056_udio_1,0.9999592545506042,0.9999528315307507,0.727612350319946,0.8089509,0.8300652,0.7414552875,0.74184495,0.74980935
mixfake_music_dev_v1,FS-FM_LA_D_9156289_AT_076RUWPs,0.9997563916525286,0.9995530801550832,0.8733736544090467,0.7693859,0.91367877,0.749964975,0.748546245,0.7499979
mixfake_music_dev_v1,FS-FM_LA_D_9166719_ctJI7pCbxAo,0.9999854484605476,0.9999745244536968,0.8965461405826514,0.8335191,0.80181193,0.7410146025,0.74668077,0.7499834625
mixfake_music_dev_v1,FS-FM_LA_D_9167498_fake_10569_udio_1,0.9728511267959757,0.9428694324752783,0.6537846103233066,0.7979507,0.9497746,0.75,0.7464174,0.749999955
mixfake_music_dev_v1,FS-FM_LA_D_9190511_ZahBai58_Ec,0.9998846707275124,0.9998449707645501,0.6842746577596905,0.796199,0.89230865,0.581871855,0.156936585,0.6869299125
mixfake_music_dev_v1,FS-FM_LA_D_9216213_T5YZwhC7Br8,0.9994855435838033,0.997808683120615,0.9009874837715942,0.76170725,0.66103137,-0.746299755,0.746655,0.5455426274999999
mixfake_music_dev_v1,FS-FM_LA_D_9218810_Qt8Ze-k2h2o,0.9993939184492199,0.9964840462037787,0.8674242523755886,0.7857118,0.7736953,-0.74915115,0.6883062,0.7177101
mixfake_music_dev_v1,FS-FM_LA_D_9218810_xVab_CbwecE,0.989904284995176,0.9788333910536426,0.18228653017542962,0.805043,0.7842208,-0.7499946,0.1639442025,0.6354359700000001
mixfake_music_dev_v1,FS-FM_LA_D_9269691_kVuG_F3qCuY,0.9993905541774515,0.9988874919466452,0.8435715490276214,0.78374743,0.82878834,0.7242483375,0.73108332,0.749993625
mixfake_music_dev_v1,FS-FM_LA_D_9301839_-r2-9oyIzkQ,0.9967176540804243,0.9957181631162886,0.7889617522077154,0.78744936,0.93688554,0.7499994,0.7499985225,0.75
mixfake_music_dev_v1,FS-FM_LA_D_9301839_kUQ1xfK82Q0,0.8626632571511742,0.21317749861941138,0.8313897475613836,0.77325106,0.8222097,0.74998245,0.727551255,0.7498364775
mixfake_music_dev_v1,FS-FM_LA_D_9328186_DOb8htND5_o,0.98561734754286,0.9056137818923632,0.9751112858921495,0.52967834,0.96410954,0.7499697,0.74999265,0.7499996250000001
mixfake_music_dev_v1,FS-FM_LA_D_9328186_fake_25085_udio_0,0.9390540615154142,0.7904834304466302,0.8956085428411799,0.8194305,0.8150562,0.7499988,0.75,0.75
mixfake_music_dev_v1,FS-FM_LA_D_9339036_fake_10991_suno_0,0.897044879393015,0.3917391882350884,0.8879524057129046,0.8370344,0.94044685,0.75,0.74998212,0.75
mixfake_music_dev_v1,FS-FM_LA_D_9417739_GHyUAl9Yaos,0.9996369695353793,0.999759497105745,0.11962034788068227,0.7549324,0.83194005,-0.661328325,-0.49063867499999997,-0.5712298725
mixfake_music_dev_v1,FS-FM_LA_D_9417739_fake_22882_udio_1,0.9912264997264829,0.9822292231229536,0.5587948317744746,0.8523863,0.76220745,0.0640718775,0.27930618,0.7375935
mixfake_music_dev_v1,FS-FM_LA_D_9417739_jhQpTVVUQ9E,0.9998228676306823,0.9996462862783901,0.6670898860834346,0.7766,0.7080964,-0.749789925,0.407971875,0.2671609125
mixfake_music_dev_v1,FS-FM_LA_D_9455279_joLyjgORwDo,0.7875942788909205,0.040350678207869785,0.6098645339935016,0.51877457,0.8977812,0.75,0.749891055,0.75
mixfake_music_dev_v1,FS-FM_LA_D_9477430_fake_35199_suno_0,0.9999589601011332,0.9999518712425994,0.580223850515326,0.84898406,0.83629227,0.677496405,0.7473158249999999,0.749993625
mixfake_music_dev_v1,FS-FM_LA_D_9497637_atWaDoSyGgY,0.9722140547118217,0.997683563939896,0.8168099702207624,0.33384758,0.89232355,-0.72621162,0.7498171499999999,0.7481442225
mixfake_music_dev_v1,FS-FM_LA_D_9573599_BjqhHeJD28U,0.9999722869604157,0.9999758961158599,0.2815584374111707,0.76040703,0.8487291,0.73918797,0.25018117500000003,0.748039275
mixfake_music_dev_v1,FS-FM_LA_D_9573599_eyY6f4iQDH4,0.9999145890140098,0.9998915432299003,0.37114261962333095,0.8495852,0.91957545,-0.44746117499999993,-0.344886075,0.0658308195
mixfake_music_dev_v1,FS-FM_LA_D_9630382__MjbdUaJcik,0.9782978658808363,0.9999709361029129,0.31677511975493394,0.57400775,0.819655,0.7150980225,0.5072903474999999,0.7483004249999999
mixfake_music_dev_v1,FS-FM_LA_D_9630382_fake_34969_suno_0,0.9998873485282015,0.9998034093586072,0.8709634904599993,0.86736584,0.9456699,0.7326408,0.7499994,0.7499960625000001
mixfake_music_dev_v1,FS-FM_LA_D_9661221_dSs4xfvATjc,0.9999723217795063,0.9998955185458879,0.9402583697733289,0.8300289,0.8553789,-0.24496833750000002,0.7484515125,0.7465343249999999
mixfake_music_dev_v1,FS-FM_LA_D_9674319_fake_43143_suno_1,0.9879912663396218,0.9996774374845752,0.8971223821628906,0.62217486,0.967974,0.7499983875,0.75,0.75
mixfake_music_dev_v1,FS-FM_LA_D_9674319_fake_53987_udio_0,0.9999661147379757,0.99996342082767,0.598668603844348,0.8731541,0.83641154,0.62501655,0.7455668025,0.7499559225
mixfake_music_dev_v1,FS-FM_LA_D_9700502_TEWYFkjH2jc,0.9998880823693469,0.9995059948624493,0.8543292371411693,0.83958715,0.9525551,-0.7376866950000001,0.7499227049999999,0.7391307524999999
mixfake_music_dev_v1,FS-FM_LA_D_9714255_xyXQ7Z1vX7E,0.9999574748532624,0.999916258391656,0.7769973187835643,0.7613596,0.43571022,-0.041217855,0.732376905,0.6849434249999999
mixfake_music_dev_v1,FS-FM_LA_D_9733347_fake_46124_udio_1,0.9996944030587201,0.999480330574313,0.3629256914459583,0.76124096,0.91429466,0.0684647925,0.44114247,0.74659485
mixfake_music_dev_v1,FS-FM_LA_D_9798493_VrqBeY3kfKI,0.9994799194982696,0.9994074147303309,0.9232717341241231,0.7422434,0.9254425,-0.746341425,0.74999985,0.7493774625
mixfake_music_dev_v1,FS-FM_LA_D_9798493_kX5bTiq5eBo,0.9999787110473459,0.9999662501706019,0.8851577030728259,0.83814496,0.70948195,0.7425434625,0.5896250024999999,0.74993535
mixfake_music_dev_v1,FS-FM_LA_D_9840993_fake_47101_udio_0,0.9972823510204232,0.9999488871118659,0.8675629542714585,0.69137853,0.93871063,0.3555908625,0.48420917999999996,0.7479765
mixfake_music_dev_v1,FS-FM_LA_D_9840993_w9CxACZ5Oi0,0.9878238089221428,0.9989790382917922,0.8907800423519933,0.43790993,0.8739235,-0.7015680224999999,0.74997495,0.6365110875
mixfake_music_dev_v1,FS-FM_LA_D_9863362_DkZ1Or_D-g8,0.9603434015007108,0.9282309533808489,0.5978342674559392,0.7240424,0.6868556,0.7497705,0.6442864500000001,0.7499425125
mixfake_music_dev_v1,FS-FM_LA_D_9863362_ROM--1yVra8,0.8898894906796025,0.37367715242248084,0.8570306152527291,0.5697045,0.9395942,0.7339084875,0.74238975,0.74996925
mixfake_music_dev_v1,FS-FM_LA_D_9863362_SxYnb9_qDtk,0.8954742404210952,0.5033774160520765,0.7979210974884787,0.60053945,0.8674399,0.7498156500000001,0.749999505,0.74999982
mixfake_music_dev_v1,FS-FM_LA_D_9916763_99ZgIQwLC60,0.9997620230445368,0.999768631037123,0.4547971672115815,0.7894843,0.84521204,0.7499925375,0.587898075,0.749988975
mixfake_music_dev_v1,FS-FM_LA_D_9916763_sJzb2AhqkSg,0.9992937269755172,0.9988490851393083,0.7408989844049036,0.8099192,0.8637421,0.73164153,0.7497972225,0.7499962875
mixfake_music_dev_v1,FS-FM_LA_D_9924204_HLXGkzzQHUU,0.9963451988826791,0.9959998657914625,0.9668416758266104,0.81033695,0.79799855,-0.634400055,0.6947230275,0.74243295
mixfake_music_dev_v1,FS-FM_LA_D_9934410_I3qbB4Kq3Y0,0.8395094920934855,0.9184961553881775,0.6377988178906235,0.6750412,0.87186915,0.74738055,0.501811875,0.22234495499999998
mixfake_music_dev_v1,FS-FM_LA_D_9964852_ntfyeC178Tg,0.9999791012242463,0.9999828601380748,0.24236070541664692,0.73628163,0.626447,0.7496827875,0.19561614,0.74938545
mixfake_music_dev_v1,FS-RM_LA_D_1036594_013776,0.9910368992840048,0.9962893663990793,0.06305004838701142,0.7225117,0.8862676,-0.15321081749999999,0.7498835475,0.749964
mixfake_music_dev_v1,FS-RM_LA_D_1036594_045057,0.9944212659831126,0.9924926644606948,0.02783762465757046,0.75854766,0.9484333,-0.7284794775,0.34939174500000003,0.1003336125
mixfake_music_dev_v1,FS-RM_LA_D_1079849_123380,0.6869004371203848,0.3904770815277244,0.44848167948362255,0.78507024,0.81475294,0.75,0.33758620500000003,0.74999973
mixfake_music_dev_v1,FS-RM_LA_D_1083852_073559,0.9998734692220697,0.9999074928748235,0.13023874781930758,0.8112522,0.84556633,0.747756105,0.7494466125,0.7499943
mixfake_music_dev_v1,FS-RM_LA_D_1085765_129742,0.9886779095889033,0.9954523655352814,0.13959651388587319,0.7472182,0.8893075,-0.7499763525,0.7499346,0.74787927
mixfake_music_dev_v1,FS-RM_LA_D_1089317_052000,0.9999697599738442,0.9999748979141514,0.22403696227305797,0.8634929,0.72639936,0.74994363,0.5363085750000001,0.749992125
mixfake_music_dev_v1,FS-RM_LA_D_1089317_057543,0.9998229190760457,0.9997207170347856,0.14481847648372714,0.68462294,0.8730397,-0.7490124,0.67355175,0.495493275
mixfake_music_dev_v1,FS-RM_LA_D_1110507_087185,0.7785917770248396,0.9900451068052852,0.07118789397812202,0.63485146,0.95191777,0.749995425,0.35664777,0.749723625
mixfake_music_dev_v1,FS-RM_LA_D_1154657_094337,0.9996418292954399,0.9997033591058634,0.21854212556458344,0.82540214,0.88928515,0.7492120124999999,0.7495128,0.7499666475
mixfake_music_dev_v1,FS-RM_LA_D_1154657_117236,0.9986931627188126,0.9987308754229103,0.2331670714339983,0.78530973,0.90973735,0.749917275,0.74985075,0.7499992875
mixfake_music_dev_v1,FS-RM_LA_D_1154657_127547,0.7950077671549933,0.9858623524987765,0.08051370261564449,0.4137003,0.95888346,0.749986575,0.747699825,0.7499787
mixfake_music_dev_v1,FS-RM_LA_D_1161040_079975,0.9998561074641621,0.9997044690256074,0.3015141579799662,0.89614576,0.40929127,-0.735908475,0.738002475,0.6798151725
mixfake_music_dev_v1,FS-RM_LA_D_1161040_140951,0.9597068067783503,0.9996300795934154,0.3758323813670909,0.7248318,0.9068146,-0.7370973225,0.57489543,0.17648979
mixfake_music_dev_v1,FS-RM_LA_D_1179946_148301,0.9997318987545932,0.9996211354811397,0.17636129410528475,0.79411435,0.7323462,-0.605137155,0.29045829,0.7213216875
mixfake_music_dev_v1,FS-RM_LA_D_1190139_068430,0.9999539014281051,0.9999531729973963,0.1342770974209663,0.92562467,0.97035104,-0.7486893,0.548155545,0.1529459625
mixfake_music_dev_v1,FS-RM_LA_D_1207441_048559,0.9867864065303366,0.9999393949211305,0.24010336838876103,0.6293664,0.6773647,0.7499946375000001,0.741776625,0.7499994
mixfake_music_dev_v1,FS-RM_LA_D_1207441_117278,0.9999317938771827,0.9999153843193915,0.717636093691446,0.62910676,0.7799315,0.7499996250000001,0.709601175,0.749999505
mixfake_music_dev_v1,FS-RM_LA_D_1207924_071507,0.7589263552180004,0.09841562908052226,0.2359833013113424,0.70170915,0.928922,0.75,0.7290459,0.749999955
mixfake_music_dev_v1,FS-RM_LA_D_1210991_098922,0.9360520847491877,0.9909194351609562,0.26683572339303135,0.19085708,0.94311225,0.7499336624999999,0.45821504999999996,0.74895948
mixfake_music_dev_v1,FS-RM_LA_D_1210991_151533,0.890567857464527,0.9787071136738308,0.26754008409178287,0.42763662,0.9577564,0.7499983875,0.7499393249999999,0.74999865
mixfake_music_dev_v1,FS-RM_LA_D_1236459_126992,0.9996777824912844,0.999627116673716,0.0021973360965195053,0.83924264,0.95824754,-0.7484889,0.74999505,0.7494818249999999
mixfake_music_dev_v1,FS-RM_LA_D_1240372_031456,0.9993634409676256,0.9998657092435645,0.037830621199317925,0.84830856,0.9462855,-0.44132940000000004,0.37514152500000003,0.365439915
mixfake_music_dev_v1,FS-RM_LA_D_1246000_013327,0.9823352305840344,0.9978229682672183,0.1322514340969474,0.76970595,0.93687224,-0.74802147,0.7109481974999999,0.69112368
mixfake_music_dev_v1,FS-RM_LA_D_1251280_007393,0.8027752513485148,0.8864789524694328,0.048880734684455404,0.919474,0.9599685,-0.749794725,-0.04722636375,-0.5684169
mixfake_music_dev_v1,FS-RM_LA_D_1263173_070445,0.999722760028209,0.9993234376413442,0.5246534976537133,0.61552197,0.54303074,-0.74980515,0.7499654025,0.7288830000000001
mixfake_music_dev_v1,FS-RM_LA_D_1263173_098236,0.9995033271249516,0.9994166582284422,0.3229357634864021,0.8639721,0.41628796,-0.74959275,0.72512247,0.18800427749999998
mixfake_music_dev_v1,FS-RM_LA_D_1264447_130170,0.688285170719021,0.4319462500908869,0.3453662163775179,0.8021484,0.7671524,0.7499428275,0.742564275,0.74999985
mixfake_music_dev_v1,FS-RM_LA_D_1285621_069647,0.9999397574720218,0.999883447659832,0.5555816840070891,0.79555243,0.8516213,-0.502452495,0.540007425,0.48433578
mixfake_music_dev_v1,FS-RM_LA_D_1317526_129499,0.6159943057294005,0.45262524500149065,0.01034439081044457,0.73597807,0.95457774,0.002080873275,0.737284275,0.744154125
mixfake_music_dev_v1,FS-RM_LA_D_1345967_147951,0.9997236122991481,0.9997421827804434,0.30299522788891964,0.8447863,0.91072786,0.749995575,0.7499804625,0.749999925
mixfake_music_dev_v1,FS-RM_LA_D_1408615_022095,0.9873570520212854,0.9762395960519483,0.6383691009871417,0.7515293,0.47900382,0.749998575,0.749998875,0.749999955
mixfake_music_dev_v1,FS-RM_LA_D_1434551_092875,0.9973682896314215,0.9976611902134388,0.1263628873006482,0.7656967,0.93164814,0.7465547025,0.575035575,0.7499425125
mixfake_music_dev_v1,FS-RM_LA_D_1496491_016402,0.6846301241476905,0.35024263236949904,0.34794847608090484,0.45998842,0.83535945,0.75,0.749991375,0.75
mixfake_music_dev_v1,FS-RM_LA_D_1522497_012609,0.9940269551728254,0.9823106660291434,0.4015995839521628,0.85293996,0.74629426,-0.6719778,0.5702753700000001,0.7016370749999999
mixfake_music_dev_v1,FS-RM_LA_D_1557737_071218,0.9386416795724228,0.9356291671912926,0.14125239361239425,0.7788746,0.8399746,0.7499990625,0.733473,0.749999955
mixfake_music_dev_v1,FS-RM_LA_D_1557737_073179,0.9444491899924242,0.9317960830346255,0.23997918480064884,0.8514876,0.95790994,0.6909097725,0.70085025,0.74999982
mixfake_music_dev_v1,FS-RM_LA_D_1563527_125705,0.9997053065043423,0.9997928097495385,0.3220717288400701,0.7631916,0.9555046,0.7447485,0.6493319550000001,0.747876675
mixfake_music_dev_v1,FS-RM_LA_D_1572003_126894,0.9998440231330811,0.9998291005082341,0.0068072019011649314,0.749045,0.94077885,-0.5634187875,0.6367125,0.67513548
mixfake_music_dev_v1,FS-RM_LA_D_1675550_143079,0.5813649171017987,0.017399111549056403,0.1995771644753212,0.8667622,0.9235541,0.749999955,0.7477192500000001,0.7499990999999999
mixfake_music_dev_v1,FS-RM_LA_D_1699200_036997,0.9996600623501505,0.9997422904243526,0.158382982200692,0.80976146,0.83336884,-0.7492614,0.45743595,-0.426265875
mixfake_music_dev_v1,FS-RM_LA_D_1700029_067793,0.7608868239788996,0.8134387804687201,0.01771100877454139,0.648865,0.698908,-0.7499910750000001,-0.3346489125,-0.31632783750000004
mixfake_music_dev_v1,FS-RM_LA_D_1700029_104355,0.9752059528540611,0.9968390252716697,0.030154152542127142,0.5080357,0.55752164,-0.73474038,-0.5732138250000001,-0.726023025
mixfake_music_dev_v1,FS-RM_LA_D_1703470_040778,0.959655577327186,0.9999187555202661,0.09228223764383658,0.6160794,0.9637481,-0.7494946275000001,0.7494444,0.734454945
mixfake_music_dev_v1,FS-RM_LA_D_1703470_120332,0.9599147804552075,0.9999543450831702,0.03686730772114169,0.5056769,0.92317027,0.39296472000000005,0.74771838,0.7495173374999999
mixfake_music_dev_v1,FS-RM_LA_D_1751782_122260,0.9997224405293363,0.9997280422196683,0.24001240857874562,0.8679643,0.6841919,0.7473615975,0.749870325,0.7499973
mixfake_music_dev_v1,FS-RM_LA_D_1757134_091796,0.6497793146481522,0.03461603545459777,0.3985398579114789,0.45600984,0.5736922,0.75,0.7199437049999999,0.749999955
mixfake_music_dev_v1,FS-RM_LA_D_1757134_145183,0.37054571979554723,0.053090966070494995,0.4841082800666993,0.29834244,0.46552864,0.75,0.7499696025,0.749999955
mixfake_music_dev_v1,FS-RM_LA_D_1764443_092498,0.9950009174108548,0.9995931814370292,0.14725154364588966,0.6232872,0.86210436,0.74999175,0.7499782500000001,0.749972475
mixfake_music_dev_v1,FS-RM_LA_D_1781206_090623,0.9999085479552368,0.9999213870963405,0.1568712617757089,0.8565198,0.86812866,0.6547409024999999,0.6524432775,0.738188175
mixfake_music_dev_v1,FS-RM_LA_D_1793186_095908,0.9999331749276189,0.9999059209448543,0.3240604972279514,0.8556036,0.66789097,-0.208516785,0.6770438249999999,0.724805025
mixfake_music_dev_v1,FS-RM_LA_D_1793186_126031,0.9225172672560497,0.9997292841236517,0.008783291816591465,0.36118406,0.92574644,-0.7328613,0.7445611950000001,0.5120559
mixfake_music_dev_v1,FS-RM_LA_D_1807177_021231,0.9690985680104868,0.9238604596119996,0.08055351811085541,0.8079537,0.86709756,-0.742066575,-0.52520835,0.6295640775
mixfake_music_dev_v1,FS-RM_LA_D_1847073_003459,0.8487030290158435,0.9572275546128739,0.14917504994726674,0.6536286,0.92331207,0.74994825,0.1642674075,0.749060325
mixfake_music_dev_v1,FS-RM_LA_D_1876813_071133,0.781845081989807,0.16387035094133878,0.4885015976564372,0.8866642,0.90889585,0.749999955,0.74984832,0.74999973
mixfake_music_dev_v1,FS-RM_LA_D_1876813_141970,0.7204457621555957,0.09330892903335167,0.4530625629565556,0.9070449,0.9375158,0.749916495,0.7499385,0.75
mixfake_music_dev_v1,FS-RM_LA_D_1884725_013474,0.8793771112145836,0.6364912843635225,0.36150353240769195,0.6604865,0.93702525,0.749999775,0.71102643,0.7499988
mixfake_music_dev_v1,FS-RM_LA_D_1948580_001734,0.9832232930688005,0.9994762004727168,0.3473203807906247,0.6245299,0.4518096,-0.74994705,0.7492829249999999,-0.565539345
mixfake_music_dev_v1,FS-RM_LA_D_1966690_011917,0.9692332418796006,0.9996859277366912,0.13577899056576812,0.75006485,0.92878544,0.746526975,0.678738225,0.7499740275
mixfake_music_dev_v1,FS-RM_LA_D_1966794_064365,0.9502159195801358,0.9982611358091614,0.04340397666126165,0.67718035,0.9681425,0.74999973,0.1018974675,0.74999973
mixfake_music_dev_v1,FS-RM_LA_D_1986382_073169,0.9998802435011424,0.9999028020276538,0.44865311784189826,0.5227319,0.5217719,0.74997957,0.4271837625,0.749992275
mixfake_music_dev_v1,FS-RM_LA_D_2075139_048008,0.838601174130104,0.9308916506829548,0.002069303509208677,0.7490996,0.9461398,-0.738709125,0.14116913250000002,-0.4780588725
mixfake_music_dev_v1,FS-RM_LA_D_2075139_124231,0.8960493483012762,0.9979093801695713,0.15351817940279489,0.66809714,0.9159047,-0.6176744700000001,-0.65503143,-0.6173908275
mixfake_music_dev_v1,FS-RM_LA_D_2078823_015965,0.9865433602251602,0.9999225773967241,0.33880923198479956,0.5138877,0.8886966,0.74989137,0.749999955,0.749999955
mixfake_music_dev_v1,FS-RM_LA_D_2134521_031247,0.9618248155154069,0.9999661911539867,0.0027395125895634934,0.62698776,0.87485105,0.7352870250000001,0.47603670000000003,0.7497227475
mixfake_music_dev_v1,FS-RM_LA_D_2145419_008259,0.9998850623519363,0.9999047090108323,0.20656027978847377,0.82702434,0.8894851,0.747747525,0.7130160449999999,0.7499505
mixfake_music_dev_v1,FS-RM_LA_D_2145419_026015,0.9999481765707728,0.9999610358236474,0.13168129580191076,0.74292904,0.8040782,0.744625875,0.749967525,0.7499930699999999
mixfake_music_dev_v1,FS-RM_LA_D_2146476_068588,0.0471594421626084,0.004030055490415632,0.010952084981565358,0.51521224,0.93034166,-0.74992515,-0.6570854625,-0.7365565875
mixfake_music_dev_v1,FS-RM_LA_D_2146476_078998,0.9746583025529071,0.98426856164099,0.008075269480855369,0.8606968,0.91388667,-0.7498365,0.72065283,0.675041025
mixfake_music_dev_v1,FS-RM_LA_D_2165611_060277,0.9591729217215166,0.9982943564121642,0.410330123823597,0.7447332,0.4706758,0.70739265,0.748953675,0.7499948625
mixfake_music_dev_v1,FS-RM_LA_D_2237572_122705,0.658744885335731,0.41404225558010194,0.28384629295550456,0.7692489,0.43674043,0.75,0.75,0.75
mixfake_music_dev_v1,FS-RM_LA_D_2237572_154965,0.9915093685745773,0.9905966047968087,0.3671351243580437,0.78567284,0.91196847,0.7499983875,0.7499937,0.75
mixfake_music_dev_v1,FS-RM_LA_D_2273204_032811,0.9994378732398612,0.9998803340822711,0.034050349092227906,0.8199979,0.8680038,-0.37948653,0.749998125,0.7499568
mixfake_music_dev_v1,FS-RM_LA_D_2273204_057406,0.9985914955338163,0.9997565964076466,0.4433139772210503,0.7549065,0.6759947,-0.7263346875,0.5524110525,0.35843215500000003
mixfake_music_dev_v1,FS-RM_LA_D_2325585_024429,0.6567771459342592,0.03828778634307659,0.23966301389157613,0.70144993,0.9045779,0.7499997,0.75,0.75
mixfake_music_dev_v1,FS-RM_LA_D_2325585_036403,0.9838485941340602,0.9938430206702333,0.1835605754905801,0.7924051,0.9044568,0.74999982,0.7499988375,0.75
mixfake_music_dev_v1,FS-RM_LA_D_2346599_133021,0.8514204225672268,0.8484955678912516,0.3435274650706989,0.57769275,0.9364492,0.75,0.748774275,0.75
mixfake_music_dev_v1,FS-RM_LA_D_2361529_017644,0.9999038614344933,0.9998526549778921,0.15768241475086803,0.7902995,0.44242463,-0.211384725,0.63168015,0.736188675
mixfake_music_dev_v1,FS-RM_LA_D_2370652_005533,0.9999768310093786,0.999982446551206,0.06016182472011221,0.8860702,0.9422478,0.59407617,0.7131145725,0.7499602125
mixfake_music_dev_v1,FS-RM_LA_D_2370652_134448,0.9999614192221837,0.9999722733685594,0.2004637897111099,0.8787542,0.9396221,0.6067157999999999,0.6651295500000001,0.749973225
mixfake_music_dev_v1,FS-RM_LA_D_2412410_021276,0.9803694300648478,0.9998026354943274,0.22126496742655458,0.65414613,0.78388065,-0.7439922,0.7499946,0.7236065700000001
mixfake_music_dev_v1,FS-RM_LA_D_2455516_044794,0.9704472743024963,0.999780888715935,0.11222555318314499,0.23936725,0.7712664,-0.739025745,0.2819118375,0.474752175
mixfake_music_dev_v1,FS-RM_LA_D_2455516_109492,0.9999044025973495,0.9997905975371594,0.413870682758879,0.81402355,0.9444109,-0.7488603,0.749990475,0.71195145
mixfake_music_dev_v1,FS-RM_LA_D_2501091_099649,0.9962574632509587,0.9963072215647842,0.22153576399901914,0.8412351,0.95337856,0.72625038,0.74866185,0.74973267
mixfake_music_dev_v1,FS-RM_LA_D_2549498_059173,0.9998641990457794,0.9998634740350388,0.3727666341821151,0.75878793,0.9460092,0.74999265,0.71844975,0.7499989499999999
mixfake_music_dev_v1,FS-RM_LA_D_2577860_025140,0.9999324668613375,0.9999354146282975,0.35405345050036063,0.84104675,0.8682358,0.74999145,0.7336107749999999,0.7499977200000001
mixfake_music_dev_v1,FS-RM_LA_D_2577860_077571,0.9997351152485636,0.9997824971519202,0.1464444609933026,0.88793993,0.8776807,0.749991825,0.74957745,0.749999925
mixfake_music_dev_v1,FS-RM_LA_D_2597834_028571,0.9998875764417761,0.9998680777463068,0.07950498068766508,0.7857445,0.9433927,-0.545020725,0.37416876,0.07845508875
mixfake_music_dev_v1,FS-RM_LA_D_2597834_037919,0.9431438679479324,0.9994921667723053,0.2685258187033442,0.41978496,0.9463288,0.6412568249999999,0.74998155,0.7499508225
mixfake_music_dev_v1,FS-RM_LA_D_2598079_066863,0.9995727034447442,0.9988688800609685,0.3017108677341339,0.76427114,0.7491606,-0.73786995,0.621942975,0.7427418975
mixfake_music_dev_v1,FS-RM_LA_D_2637205_024926,0.9998995687290577,0.9998644580938009,0.3003213150283095,0.87243336,0.4098153,-0.7408041000000001,0.6049867275,0.5267402999999999
mixfake_music_dev_v1,FS-RM_LA_D_2637205_140369,0.9998275209820956,0.9998019509858848,0.10134754234240144,0.8611289,0.84964114,-0.74189772,0.69130995,0.636098025
mixfake_music_dev_v1,FS-RM_LA_D_2691876_067016,0.9999053801570931,0.9999054874941044,0.01804844268986946,0.7428923,0.75876725,-0.720353025,0.6367400249999999,-0.23977842000000002
mixfake_music_dev_v1,FS-RM_LA_D_2705731_085867,0.8129700459609394,0.6910741079842015,0.05247562272497128,0.81325555,0.93351656,-0.1718008875,0.604612695,0.73312068
mixfake_music_dev_v1,FS-RM_LA_D_2844231_036380,0.9999573221737694,0.999970147139064,0.12204501356820269,0.88319254,0.83045644,0.7499464499999999,0.749939295,0.74999973
mixfake_music_dev_v1,FS-RM_LA_D_2881179_042532,0.9999717045079319,0.999976762179383,0.4060469710254178,0.7938414,0.8785539,0.74962305,0.73758075,0.7499985
mixfake_music_dev_v1,FS-RM_LA_D_2966463_152568,0.8944684553911487,0.9996684512998504,0.03540173930065914,0.73082125,0.9506538,-0.24039686999999998,0.748697175,0.7498296375
mixfake_music_dev_v1,FS-RM_LA_D_2998314_097540,0.9999342761029998,0.9999496667930059,0.16772017621198773,0.8335822,0.75782543,0.749998275,0.6887979375000001,0.7499993775
mixfake_music_dev_v1,FS-RM_LA_D_3028894_043156,0.9969992121903616,0.9993835365166215,0.05891795171261533,0.79928875,0.80269575,-0.7499385,0.7402659,0.6513004499999999
mixfake_music_dev_v1,FS-RM_LA_D_3051998_068541,0.5144557426822515,0.2795645975347218,0.2374500835378598,0.91874194,0.4039954,0.749999775,0.726895005,0.74998905
mixfake_music_dev_v1,FS-RM_LA_D_3051998_110265,0.9750536670726325,0.9997685023587419,0.1596674975240747,0.725878,0.9085163,0.7499962875,0.731785125,0.7499997
mixfake_music_dev_v1,FS-RM_LA_D_3114677_015989,0.992408503049086,0.9994975035147214,0.09464667237136704,0.82010645,0.8982667,-0.4029952875,0.731509575,0.749703375
mixfake_music_dev_v1,FS-RM_LA_D_3143433_047469,0.9995309463403155,0.999182045236469,0.41563282825757886,0.8113012,0.8954203,-0.70031055,0.7498914000000001,0.696984075
mixfake_music_dev_v1,FS-RM_LA_D_3143433_098577,0.7931869431017708,0.9342558828108343,0.05301810982051817,0.5437837,0.8750141,-0.6354088800000001,0.5028308625,0.7496889975000001
mixfake_music_dev_v1,FS-RM_LA_D_3165119_044971,0.9989801048199276,0.9992694796381133,0.1191703654066909,0.8505267,0.9255353,0.5185089975,0.7488510749999999,0.7425759000000001
mixfake_music_dev_v1,FS-RM_LA_D_3173350_029184,0.9956115364668334,0.9994044975410896,0.231189728315069,0.74482423,0.7587522,0.749992755,0.548537025,0.74950938
mixfake_music_dev_v1,FS-RM_LA_D_3217409_155108,0.9999387891091455,0.9999367924920688,0.5118003573497911,0.86580515,0.84696937,0.749801625,0.7388648250000001,0.7499960999999999
mixfake_music_dev_v1,FS-RM_LA_D_3355151_107621,0.9997960192068286,0.9998219897925334,0.3028412627123728,0.88054055,0.86633056,0.749998875,0.74711535,0.74999985
mixfake_music_dev_v1,FS-RM_LA_D_3360722_050851,0.9998619511433076,0.9997758937829436,0.15407816031011468,0.82278293,0.8754676,-0.7385085,0.702706845,0.3864284025
mixfake_music_dev_v1,FS-RM_LA_D_3401079_106953,0.9997892120821844,0.9995289458913001,0.5139255048649534,0.69633496,0.74915075,-0.7339019625000001,0.73334385,0.689981145
mixfake_music_dev_v1,FS-RM_LA_D_3431149_029659,0.991914269334294,0.9996425555970132,0.041186977830510375,0.7175468,0.79172844,0.749999925,0.243075975,0.749998875
mixfake_music_dev_v1,FS-RM_LA_D_3431149_116318,0.9825540568543089,0.9769805238728354,0.025618203843030245,0.8264041,0.90654755,-0.6384939749999999,0.6741887475,0.63304362
mixfake_music_dev_v1,FS-RM_LA_D_3512887_101131,0.9297258111556772,0.9947323600229916,0.14106984801755576,0.3227318,0.95546174,0.749991105,0.56978157,0.7499967750000001
mixfake_music_dev_v1,FS-RM_LA_D_3512887_148518,0.9987424766666293,0.9980624407248434,0.184953626166944,0.89666444,0.9640796,-0.012448181249999999,0.74997537,0.74996895
mixfake_music_dev_v1,FS-RM_LA_D_3523121_124918,0.320259564773558,0.8397998313598903,0.0127125734929881,0.26394776,0.95235896,-0.7495266375,-0.022609669500000002,-0.2669493
mixfake_music_dev_v1,FS-RM_LA_D_3591007_004159,0.8700785634214232,0.6547808888022392,0.13766650802936847,0.82344264,0.8526502,-0.598179825,0.743465175,0.745496325
mixfake_music_dev_v1,FS-RM_LA_D_3591007_137731,0.6976298998852887,0.5374032945010476,0.10704697615929046,0.38306314,0.95770115,0.749999505,0.7438909125,0.749999775
mixfake_music_dev_v1,FS-RM_LA_D_3598081_019489,0.9998436751226578,0.9998344910429393,0.5037177926481727,0.60616726,0.56331193,0.5967102375,0.7096008,0.747880875
mixfake_music_dev_v1,FS-RM_LA_D_3613058_059455,0.9047285815889891,0.9989360265749283,0.009050620329636754,0.70368356,0.83959275,-0.691551,0.740080275,0.734914725
mixfake_music_dev_v1,FS-RM_LA_D_3687000_041375,0.9944945736160258,0.9956579040504024,0.007240989818658258,0.8184723,0.8858175,-0.749970675,-0.654651,-0.39588495
mixfake_music_dev_v1,FS-RM_LA_D_3691736_143078,0.9158109956242939,0.9159475575585737,0.1619018082203473,0.86789036,0.8559778,0.7373468249999999,0.7429539,0.7499789025
mixfake_music_dev_v1,FS-RM_LA_D_3702939_061595,0.9998263171779994,0.9996949881170988,0.1840021162149192,0.814265,0.8319413,-0.70825755,0.5636202225,0.740570475
mixfake_music_dev_v1,FS-RM_LA_D_3736267_138204,0.9998493501648984,0.9997628331500924,0.08097614567068466,0.86291224,0.9198788,-0.64971735,0.749761725,0.7400376
mixfake_music_dev_v1,FS-RM_LA_D_3836323_131912,0.9953350490006888,0.9999266833377458,0.6988152985617253,0.5279734,0.8951222,0.75,0.7341303975,0.749999955
mixfake_music_dev_v1,FS-RM_LA_D_3836323_142558,0.9880496297845828,0.9857999645206093,0.10398370827084828,0.8025009,0.94970745,0.749902905,0.7431022949999999,0.749991375
mixfake_music_dev_v1,FS-RM_LA_D_3848373_091748,0.9999615233333894,0.9999324850513612,0.04945034180452233,0.8059219,0.9027827,-0.749333775,0.743484375,0.6605679975000001
mixfake_music_dev_v1,FS-RM_LA_D_3852849_095733,0.7144350370847494,0.9891452629772302,0.04194532495336811,0.51644695,0.91258675,-0.5768072625,0.10973879249999999,0.1602269775
mixfake_music_dev_v1,FS-RM_LA_D_3862793_068599,0.8170160843551992,0.21155732187875453,0.31865097767957673,0.8269459,0.916756,0.7499990999999999,0.74947053,0.749999775
mixfake_music_dev_v1,FS-RM_LA_D_3894116_004764,0.9984801147849344,0.9966004072606367,0.38979212420295695,0.7805369,0.8770012,-0.578688825,0.7372263375,0.7437478125
mixfake_music_dev_v1,FS-RM_LA_D_3921229_059275,0.9992446040212369,0.9996282970989382,0.031108925269386925,0.7426026,0.9188173,-0.7498390500000001,0.51820752,-0.6894207450000001
mixfake_music_dev_v1,FS-RM_LA_D_3941210_153953,0.843663501877639,0.9996182879119581,0.035166014788414905,0.40313193,0.97402036,-0.749970045,0.7499702699999999,-0.425510475
mixfake_music_dev_v1,FS-RM_LA_D_3951121_106873,0.9545660475473554,0.9268462795555201,0.4977438023702768,0.8736295,0.91120696,0.749562075,0.68847093,0.7497967799999999
mixfake_music_dev_v1,FS-RM_LA_D_4008967_049098,0.999826032392711,0.9998691630861813,0.11268078133751835,0.73615545,0.7972557,0.749965845,0.4264911,0.7499993775
mixfake_music_dev_v1,FS-RM_LA_D_4095002_108942,0.9936331914357226,0.9996698996144481,0.1706536512822864,0.77800107,0.8104981,0.1548421575,0.74874105,0.749790225
mixfake_music_dev_v1,FS-RM_LA_D_4099596_075973,0.9996128503079934,0.9994067506044632,0.7825879825841517,0.79322535,0.4147662,0.5256919499999999,0.7471717874999999,0.749753055
mixfake_music_dev_v1,FS-RM_LA_D_4130527_150590,0.980954869846814,0.9950451830608941,0.24580570813780958,0.75676525,0.84257054,0.7345638,0.70906578,0.748711425
mixfake_music_dev_v1,FS-RM_LA_D_4141520_027175,0.9992926509305542,0.9989757082745767,0.6646166729451736,0.8069747,0.72507924,0.749999925,0.749966025,0.75
mixfake_music_dev_v1,FS-RM_LA_D_4163700_037510,0.996483776973049,0.9974441660184364,0.24012459353137566,0.87608933,0.86703545,-0.7495638,0.14250651,-0.67505115
mixfake_music_dev_v1,FS-RM_LA_D_4163700_046731,0.9969644403085826,0.997801461153004,0.11120385452837458,0.8579895,0.91924983,-0.749980725,0.623466225,-0.724866225
mixfake_music_dev_v1,FS-RM_LA_D_4174255_003517,0.9993707117389922,0.9994599938848101,0.31594307122017434,0.82341063,0.90559864,0.74983893,0.749949675,0.7499990625
mixfake_music_dev_v1,FS-RM_LA_D_4180941_024520,0.999633752241713,0.9995927859651198,0.5744190654063296,0.77893656,0.4203148,0.64647015,0.39242160000000004,0.74999835
mixfake_music_dev_v1,FS-RM_LA_D_4209152_129855,0.6203902121649257,0.9232620345799022,0.012719048779724608,0.34394878,0.9473651,-0.639126375,0.24756419999999998,0.19721163000000003
mixfake_music_dev_v1,FS-RM_LA_D_4209152_144933,0.9998988339135652,0.9998222777531934,0.0044971585804158614,0.8503165,0.92444134,-0.6917308875,0.7440173999999999,0.701904075
mixfake_music_dev_v1,FS-RM_LA_D_4216210_091866,0.9978291940321923,0.9981183759400931,0.21901908729609737,0.85903084,0.88921255,0.7318574475,0.7497005775000001,0.74993853
mixfake_music_dev_v1,FS-RM_LA_D_4228094_073316,0.9211890541614909,0.9962479677427084,0.08369064979983995,0.6972883,0.9319489,0.1190342925,0.7366407,0.7488410624999999
mixfake_music_dev_v1,FS-RM_LA_D_4262940_036333,0.9998810601313564,0.9998206751715443,0.02042468762944214,0.7904137,0.9514242,-0.46666522499999996,0.7201727625000001,0.6543444
mixfake_music_dev_v1,FS-RM_LA_D_4309087_121205,0.8890924343736196,0.9808647028344475,0.1582537076863486,0.6573153,0.87642,0.7452195749999999,0.191560215,0.7495716525
mixfake_music_dev_v1,FS-RM_LA_D_4344547_080402,0.9986253280161588,0.9965641836551702,0.55449668599475,0.65355426,0.77421415,-0.7385508000000001,0.74982405,0.73863105
mixfake_music_dev_v1,FS-RM_LA_D_4355155_087221,0.9991398061132426,0.999404009459444,0.08713733583296988,0.8287543,0.8603353,0.7269366,0.392840775,0.700674075
mixfake_music_dev_v1,FS-RM_LA_D_4525286_077567,0.5954165768814919,0.21296493969266805,0.34468657513880757,0.8314702,0.8423741,0.749986995,0.749999505,0.75
mixfake_music_dev_v1,FS-RM_LA_D_4532309_046005,0.9998570326996041,0.9997307318436823,0.4463201413905355,0.76219535,0.48276824,-0.741561825,0.74221212,0.68374335
mixfake_music_dev_v1,FS-RM_LA_D_4544332_062329,0.6714254554207251,0.24595333917946904,0.5259693133710047,0.5702801,0.9127799,0.75,0.749999775,0.75
mixfake_music_dev_v1,FS-RM_LA_D_4574130_000209,0.9642160439149542,0.9990268541877687,0.1736983024245799,0.60658336,0.7731815,0.749999595,0.749500755,0.74999925
mixfake_music_dev_v1,FS-RM_LA_D_4628640_012046,0.995102327909213,0.9933458454673003,0.4112334909268145,0.8545514,0.8195114,0.74999985,0.7497349950000001,0.749999955
mixfake_music_dev_v1,FS-RM_LA_D_4636504_009663,0.536954299117647,0.1373358308656974,0.3984570812480023,0.84541035,0.9584438,0.75,0.7499298,0.749999955
mixfake_music_dev_v1,FS-RM_LA_D_4638423_044798,0.9400904845079162,0.9349286835651227,0.1505257502754644,0.7150581,0.73388857,0.749992875,0.746106975,0.7499921775
mixfake_music_dev_v1,FS-RM_LA_D_4710815_062436,0.9500116467972376,0.9470883393172765,0.21056329300161497,0.82712096,0.9543055,0.749999955,0.7404569249999999,0.749996025
mixfake_music_dev_v1,FS-RM_LA_D_4756307_105102,0.46188411699422965,0.03930912373624848,0.0754566628791556,0.33549908,0.94990563,0.7493702999999999,0.7432239,0.746820195
mixfake_music_dev_v1,FS-RM_LA_D_4770781_040648,0.999719389582166,0.999783735343457,0.40044415755226354,0.7984153,0.8746251,0.74991345,0.7302358725,0.7499990999999999
mixfake_music_dev_v1,FS-RM_LA_D_4778221_039948,0.9998684512039477,0.9998321338597567,0.08416431960402453,0.8353538,0.88971704,-0.7495250250000001,0.626516925,0.37354839
mixfake_music_dev_v1,FS-RM_LA_D_4787055_066635,0.9963066687377367,0.9989292481472904,0.0878588805991902,0.8739663,0.9473214,0.749999775,0.7447692450000001,0.749999925
mixfake_music_dev_v1,FS-RM_LA_D_4864229_036308,0.999418638947242,0.9995375281224194,0.33126935500935417,0.74718297,0.5513779,0.7338,0.7366753500000001,0.749903325
mixfake_music_dev_v1,FS-RM_LA_D_4873396_034983,0.9956995526388723,0.9970922188988145,0.1137104487783467,0.7671446,0.94811726,0.74998635,0.749963775,0.7499833275
mixfake_music_dev_v1,FS-RM_LA_D_4876159_151262,0.9706878286035479,0.9996909828870544,0.13460913791366771,0.48814842,0.89689225,0.74924232,0.65813835,0.749982255
mixfake_music_dev_v1,FS-RM_LA_D_4952807_134034,0.9998507307434116,0.9997858846685829,0.13785087963713336,0.7820944,0.90014076,-0.5318908125,0.7498820700000001,0.74962905
mixfake_music_dev_v1,FS-RM_LA_D_4952807_145808,0.8386933235276612,0.995215710899818,0.07870080885469316,0.44078475,0.9111764,0.47923091250000005,0.7495824225000001,0.7497689249999999
mixfake_music_dev_v1,FS-RM_LA_D_4954705_029261,0.9999389701483609,0.9999548879638478,0.14812043060546265,0.8007301,0.85122365,0.69698547,0.74581812,0.7499919
mixfake_music_dev_v1,FS-RM_LA_D_4990524_060726,0.9999850634501757,0.9999894795298878,0.0793978631419845,0.8782575,0.9349486,0.74757318,0.7316028,0.7499965125
mixfake_music_dev_v1,FS-RM_LA_D_5024706_067565,0.9999366271522535,0.9999512076160357,0.06260399999676322,0.81730103,0.8489212,0.7499966025,0.7377910799999999,0.7499994750000001
mixfake_music_dev_v1,FS-RM_LA_D_5055459_031574,0.9699194214176389,0.9995428827377755,0.22745847180462944,0.41555506,0.82131463,0.7456982249999999,0.6893062125,0.749231505
mixfake_music_dev_v1,FS-RM_LA_D_5055459_120147,0.9999020491189425,0.999912302779742,0.349935189471891,0.6884304,0.7724282,0.749999505,0.74936685,0.7499993775
mixfake_music_dev_v1,FS-RM_LA_D_5100382_018876,0.9976907597362257,0.9974436039419464,0.42364021065205915,0.85472876,0.883156,0.74999955,0.742000875,0.749997495
mixfake_music_dev_v1,FS-RM_LA_D_5137247_076385,0.9987915849272654,0.9991689672362958,0.3243713224571104,0.78712595,0.8359412,0.27312852,0.19865546250000002,0.7492367775
mixfake_music_dev_v1,FS-RM_LA_D_5159656_084054,0.9998371598995445,0.9998198795283598,0.08573379624991541,0.7493516,0.8090707,-0.744578925,0.19541282999999998,-0.06744786
mixfake_music_dev_v1,FS-RM_LA_D_5178398_028114,0.9829703335249141,0.997908110534094,0.033534767100472415,0.69848466,0.83908045,-0.74995038,-0.341999265,-0.602246175
mixfake_music_dev_v1,FS-RM_LA_D_5205569_027950,0.9999558792471315,0.9999579761842091,0.13291090029518246,0.73287505,0.8846158,0.3281304975,0.45104696999999994,0.7468147875
mixfake_music_dev_v1,FS-RM_LA_D_5205569_044097,0.9466349856926344,0.9997391289680765,0.05869312717775069,0.52784574,0.8598936,-0.030089529,0.21705751499999998,0.71058375
mixfake_music_dev_v1,FS-RM_LA_D_5205569_148488,0.999744717520649,0.9998336714017894,0.06156692857606273,0.8973293,0.9251038,-0.749999175,0.74597472,-0.5110775999999999
mixfake_music_dev_v1,FS-RM_LA_D_5220940_138582,0.98898295681711,0.9994188754454566,0.15388435412817936,0.75339156,0.92959636,0.7495918500000001,0.7490621625,0.7499993775
mixfake_music_dev_v1,FS-RM_LA_D_5233422_017854,0.9997601158961165,0.9997733822395481,0.21810110251600656,0.7797963,0.85973924,0.749981925,0.74884182,0.7499993775
mixfake_music_dev_v1,FS-RM_LA_D_5241214_062043,0.9979133403752084,0.9961461436272212,0.21844689541953158,0.8415509,0.9267471,-0.7499762624999999,0.6754575,0.653330025
mixfake_music_dev_v1,FS-RM_LA_D_5261718_146458,0.962610396356886,0.9997585963586606,0.26079198340722703,0.37728122,0.9179932,0.071239665,0.729464475,0.7475906250000001
mixfake_music_dev_v1,FS-RM_LA_D_5267454_068898,0.9992589909335623,0.9992217577988612,0.2621786939432657,0.8345919,0.94278145,0.749999955,0.7499248949999999,0.749999955
mixfake_music_dev_v1,FS-RM_LA_D_5267454_112509,0.9999213692707576,0.9999329756996984,0.22753949206178828,0.7917641,0.8230746,0.7499627249999999,0.74956383,0.74999955
mixfake_music_dev_v1,FS-RM_LA_D_5285039_130454,0.9999322028145482,0.9999330121318882,0.11854677119073109,0.8394989,0.87214625,0.05824167749999999,0.639995925,0.7471761
mixfake_music_dev_v1,FS-RM_LA_D_5291856_083906,0.999927526781613,0.9998725612776705,0.1428050689286749,0.8540782,0.90939856,-0.48105476999999996,0.6231636975,0.6973479
mixfake_music_dev_v1,FS-RM_LA_D_5302589_049364,0.9908411481843135,0.9994652917884964,0.3111828472064048,0.6466754,0.82412064,0.7484181750000001,0.7499736,0.74999727
mixfake_music_dev_v1,FS-RM_LA_D_5302589_114373,0.907303734532299,0.9996762538415878,0.0473424153438931,0.64260525,0.78405344,-0.7495662000000001,0.08799290625,-0.21175572750000002
mixfake_music_dev_v1,FS-RM_LA_D_5320629_117251,0.999952073077257,0.9999536601781265,0.4535495784547106,0.76546705,0.8666526,0.74915715,0.748168425,0.7499919975
mixfake_music_dev_v1,FS-RM_LA_D_5331450_020432,0.6060927053155425,0.0958517409961323,0.21091977881523807,0.72110176,0.9771717,0.75,0.7499267775,0.749999955
mixfake_music_dev_v1,FS-RM_LA_D_5331450_071691,0.49652735164843054,0.4366987497282314,0.07237999072970533,0.32321262,0.9290753,0.75,0.748506,0.749999925
mixfake_music_dev_v1,FS-RM_LA_D_5331450_131968,0.9706958732661711,0.9995882522897046,0.16156403796897828,0.7667323,0.9775752,0.7499873475000001,0.7499311125,0.74999982
mixfake_music_dev_v1,FS-RM_LA_D_5350529_061806,0.6040223608336831,0.04812162190783305,0.5110794006894511,0.8343111,0.32367042,0.75,0.749995725,0.75
mixfake_music_dev_v1,FS-RM_LA_D_5400787_083957,0.9998794312840533,0.9998383097335748,0.4524356746226992,0.7111766,0.48516014,-0.7499294999999999,0.75,0.7235668725
mixfake_music_dev_v1,FS-RM_LA_D_5403183_094410,0.9879329414088881,0.998527479587628,0.2932766331130193,0.68290836,0.81777626,0.74966937,0.7299462375,0.7499985225
mixfake_music_dev_v1,FS-RM_LA_D_5422570_004186,0.9989809986796703,0.9993777096538615,0.18618046829851975,0.77441585,0.86805075,0.74942373,0.749862405,0.749998875
mixfake_music_dev_v1,FS-RM_LA_D_5422570_105413,0.8929556414473725,0.9952285400883287,0.09668811865040526,0.7406342,0.93141186,-0.61157595,0.718738875,0.6859341
mixfake_music_dev_v1,FS-RM_LA_D_5445662_015880,0.9987583675548108,0.9987937259135922,0.035210067080958404,0.5651486,0.6503309,0.269362605,0.33711069,0.716087805
mixfake_music_dev_v1,FS-RM_LA_D_5456485_146967,0.9995634530363254,0.9996901061810717,0.037101599464805235,0.89125425,0.95044506,0.27306546,0.749999775,0.74999955
mixfake_music_dev_v1,FS-RM_LA_D_5462650_009968,0.7495238618576001,0.9935981669975177,0.17430613444952794,0.46284494,0.9413888,0.28610529,0.7499985,0.749954775
mixfake_music_dev_v1,FS-RM_LA_D_5462650_009989,0.9999081841833609,0.9998546092583366,0.12246592165332532,0.73419744,0.89952284,-0.743278605,0.7499925000000001,0.67789455
mixfake_music_dev_v1,FS-RM_LA_D_5462650_097543,0.9997855443494603,0.9998178935640847,0.2764774635722731,0.6673699,0.8326679,-0.7364016449999999,0.1314516,-0.51488082
mixfake_music_dev_v1,FS-RM_LA_D_5476584_080644,0.9999438165745875,0.9998810991153797,0.26883744550610594,0.83047366,0.848059,-0.741406875,0.740888925,0.627483675
mixfake_music_dev_v1,FS-RM_LA_D_5495669_139875,0.9943940251188682,0.9926117827375595,0.3658234794047887,0.6191964,0.41210708,-0.44579625,0.741698655,0.45695415000000006
mixfake_music_dev_v1,FS-RM_LA_D_5504869_120924,0.9998793379013133,0.9999123702395755,0.03382911450316501,0.8951309,0.90684015,-0.633752775,-0.159237165,-0.6168023250000001
mixfake_music_dev_v1,FS-RM_LA_D_5513753_050275,0.9782416172124412,0.9991397416586453,0.01656302998063335,0.85561144,0.8543278,-0.749772225,-0.6044439375,-0.743875575
mixfake_music_dev_v1,FS-RM_LA_D_5591138_043904,0.9999364542414843,0.9999142861156295,0.09124532775504463,0.7608548,0.80526644,-0.17427006,0.6335031,0.7450461375
mixfake_music_dev_v1,FS-RM_LA_D_5591138_079985,0.8536639297459838,0.9839488776051946,0.12062571698339994,0.2323865,0.8864642,0.7499923125,0.618537825,0.74997045
mixfake_music_dev_v1,FS-RM_LA_D_5632411_127297,0.9657070885068796,0.9546788894471989,0.2512632955201528,0.8664513,0.8772137,0.7493843025,0.749672475,0.749995275
mixfake_music_dev_v1,FS-RM_LA_D_5634358_041388,0.998145255359045,0.9984988335380062,0.3174279010827055,0.8160452,0.8855395,0.7493784450000001,0.746080275,0.74996817
mixfake_music_dev_v1,FS-RM_LA_D_5768016_073505,0.9992400106898772,0.9992994315746725,0.06663195150988326,0.75911903,0.95609015,0.7499328974999999,0.657271425,0.749910105
mixfake_music_dev_v1,FS-RM_LA_D_5817478_069840,0.9996326144624161,0.9995679426735431,0.16466721708900342,0.7688259,0.9477972,-0.74618523,0.7494552,0.5262003225
mixfake_music_dev_v1,FS-RM_LA_D_5817478_127554,0.9976928461843791,0.9994641915234512,0.06762307629190785,0.779232,0.9421367,-0.7497948,0.7492152,-0.235207275
mixfake_music_dev_v1,FS-RM_LA_D_5828342_090148,0.8774711593084253,0.8693080628340943,0.010783920444701214,0.7423112,0.80794084,-0.749999925,0.1430387775,-0.7324074375
mixfake_music_dev_v1,FS-RM_LA_D_5828342_142080,0.8106500536914196,0.9970451963053606,0.07394460234997076,0.5951244,0.85555637,-0.749998725,-0.1145935725,-0.7490458950000001
mixfake_music_dev_v1,FS-RM_LA_D_5861276_056150,0.9214035301633995,0.999847399253078,0.0031302628946262524,0.515077,0.9620006,0.749989725,0.745646625,0.74999955
mixfake_music_dev_v1,FS-RM_LA_D_5874425_051600,0.9991382074674817,0.9987164982188661,0.05498720516930172,0.85766256,0.92339134,-0.7429724249999999,0.7499718,0.6460809000000001
mixfake_music_dev_v1,FS-RM_LA_D_5905737_024898,0.9945112950891589,0.9938608307384322,0.31218401130325296,0.89895993,0.41552094,0.577539075,0.749999955,0.7499964
mixfake_music_dev_v1,FS-RM_LA_D_6016576_017839,0.7453636644759586,0.113638914277817,0.3123597841805612,0.87745166,0.95468324,0.75,0.749744655,0.749999955
mixfake_music_dev_v1,FS-RM_LA_D_6026070_107073,0.9999468022129171,0.9999150289114359,0.24028912844375605,0.90458107,0.94481456,-0.7499338799999999,0.7498191750000001,0.425766075
mixfake_music_dev_v1,FS-RM_LA_D_6035078_029881,0.9262143718565056,0.8966144422835925,0.45627401853681865,0.87620866,0.77595156,0.7499698275,0.746336505,0.7488641775
mixfake_music_dev_v1,FS-RM_LA_D_6035078_040811,0.9130753092499913,0.8609359849246413,0.6938798989016607,0.841796,0.5686987,0.7474164,0.7499990999999999,0.749931645
mixfake_music_dev_v1,FS-RM_LA_D_6036698_011040,0.9998922886446097,0.9998327612826812,0.1767361640018793,0.90275925,0.95755357,-0.40646951249999996,0.7329120450000001,0.68728602
mixfake_music_dev_v1,FS-RM_LA_D_6048625_022477,0.987350716778964,0.9996710053121384,0.4690178085613243,0.3125211,0.90617394,0.7499996250000001,0.7499313000000001,0.749999955
mixfake_music_dev_v1,FS-RM_LA_D_6048625_073123,0.9545962246875798,0.9962886131876926,0.30123951136215676,0.6866245,0.9111633,0.74990205,0.7449965249999999,0.7499939624999999
mixfake_music_dev_v1,FS-RM_LA_D_6054337_018010,0.9591465927005326,0.9980964707599022,0.5690644799301285,0.56124914,0.8170625,0.745535475,0.7390433550000001,0.7499598975
mixfake_music_dev_v1,FS-RM_LA_D_6075514_014808,0.9865396212443907,0.9999516733538047,0.3651763523492392,0.68587583,0.83864945,0.747389175,0.7317076499999999,0.749983275
mixfake_music_dev_v1,FS-RM_LA_D_6075514_143129,0.9999589189153086,0.9999256412595912,0.1829068807746443,0.801254,0.852954,-0.731829075,0.74041365,0.583565925
mixfake_music_dev_v1,FS-RM_LA_D_6088722_133978,0.9975292413922466,0.9999280226560372,0.2633504643581538,0.8675289,0.88423747,0.7263787275,0.737428125,0.7499684249999999
mixfake_music_dev_v1,FS-RM_LA_D_6120066_137198,0.9592098776505628,0.9995737394753131,0.13931942104009726,0.4384052,0.9487053,0.7491263625,0.749777175,0.7499933999999999
mixfake_music_dev_v1,FS-RM_LA_D_6168767_029719,0.9951570417251391,0.9970759347013934,0.15002405855160267,0.6811927,0.71634126,0.749984475,0.17895399,0.7499951699999999
mixfake_music_dev_v1,FS-RM_LA_D_6175279_128886,0.9999366580834633,0.9999401563731637,0.29257949726182425,0.80508953,0.854853,0.7267161449999999,0.391323525,0.7462566749999999
mixfake_music_dev_v1,FS-RM_LA_D_6175279_137567,0.9999657580960641,0.9999716986240005,0.3978175355034459,0.92214596,0.9328448,0.748812225,0.71458665,0.7499943225000001
mixfake_music_dev_v1,FS-RM_LA_D_6216205_128264,0.456389373181912,0.1401110615414531,0.14083564039928687,0.65756446,0.91787255,0.7499997,0.7165142250000001,0.749997075
mixfake_music_dev_v1,FS-RM_LA_D_6223774_096661,0.6432423159221642,0.9693971523766496,0.06475583783950921,0.21672836,0.9377324,0.6698235450000001,0.7098945,0.749957625
mixfake_music_dev_v1,FS-RM_LA_D_6223827_000762,0.999862212697943,0.9998280202595866,0.11289169724747351,0.86068875,0.9010197,-0.6810576,0.516525525,0.1117180425
mixfake_music_dev_v1,FS-RM_LA_D_6223827_026532,0.8150748227684876,0.9998258753585201,0.00038191074109624005,0.5608716,0.8785586,-0.7450378275,-0.7184289,-0.745485675
mixfake_music_dev_v1,FS-RM_LA_D_6223827_113336,0.9999668361549675,0.9999546147297236,0.22562633700136972,0.777864,0.75230753,-0.1404199125,0.7130719274999999,0.7407324000000001
mixfake_music_dev_v1,FS-RM_LA_D_6252325_011721,0.9998677461714099,0.9997940222811672,0.3881534965597319,0.70715123,0.7903382,-0.67223955,0.5493032625000001,0.0825077625
mixfake_music_dev_v1,FS-RM_LA_D_6333211_001203,0.9920803655843098,0.9996090613720923,0.09721373984358217,0.861948,0.97439855,-0.6986163750000001,0.7487955749999999,0.7461956025
mixfake_music_dev_v1,FS-RM_LA_D_6333211_112455,0.9706669919924068,0.9958634925369456,0.04540429498240722,0.8539091,0.858519,-0.748323675,0.3112312875,-0.5767643025
mixfake_music_dev_v1,FS-RM_LA_D_6378055_014656,0.8295553022373118,0.9974258931827622,0.08728091582710774,0.41109422,0.95242447,-0.7496775,0.7487988,0.6988196550000001
mixfake_music_dev_v1,FS-RM_LA_D_6417123_042776,0.9987912401771976,0.9989543137198115,0.46304560686488194,0.8578599,0.836553,0.7414229625,0.7487804250000001,0.7499612250000001
mixfake_music_dev_v1,FS-RM_LA_D_6430063_012985,0.8486865838373898,0.9817711957511654,0.1992929881519412,0.3714659,0.9360302,0.7441239,0.61493853,0.7413603375
mixfake_music_dev_v1,FS-RM_LA_D_6445749_070458,0.9899454275128053,0.9898797525869917,0.1300526972716695,0.7560783,0.8553064,0.75,0.380049255,0.74999985
mixfake_music_dev_v1,FS-RM_LA_D_6528717_061588,0.6197149117222354,0.005861157839728711,0.3263695332428476,0.8895581,0.8965872,0.75,0.7499787,0.75
mixfake_music_dev_v1,FS-RM_LA_D_6590381_092366,0.9995956923954028,0.9995002914716463,0.5822558706306756,0.44468024,0.6791814,0.3419523225,0.32718609,0.7432051125
mixfake_music_dev_v1,FS-RM_LA_D_6593636_051291,0.9966707852206553,0.9982563125118235,0.034920248571999025,0.74272925,0.8934751,-0.67293432,0.682631925,-0.05266446450000001
mixfake_music_dev_v1,FS-RM_LA_D_6661034_114006,0.9856199975502057,0.9996907808924155,0.11006635718844478,0.8133986,0.888698,-0.74916588,0.0092143005,-0.7421590124999999
mixfake_music_dev_v1,FS-RM_LA_D_6661034_133808,0.9939051290487164,0.9989559912268474,0.07776239285267567,0.80849266,0.95303375,-0.7470925725,0.748772475,0.7446395625
mixfake_music_dev_v1,FS-RM_LA_D_6668678_097570,0.9998162796993836,0.9998341102649103,0.2715038814589464,0.79768807,0.6235499,0.749995275,0.746570325,0.74999955
mixfake_music_dev_v1,FS-RM_LA_D_6677490_043534,0.9976180792528465,0.9978291652759654,0.24393340233756644,0.89352,0.9189653,0.75,0.735112725,0.749999505
mixfake_music_dev_v1,FS-RM_LA_D_6677490_125532,0.9974974335254161,0.9993519367111328,0.17989527355547164,0.873804,0.96306676,0.674168625,0.52252875,0.74697693
mixfake_music_dev_v1,FS-RM_LA_D_6710307_067788,0.9999109988162518,0.9998377618393011,0.1613703580534186,0.8381576,0.913578,-0.49441968,0.2879824125,0.6108037199999999
mixfake_music_dev_v1,FS-RM_LA_D_6717975_026697,0.9996922337700695,0.9996861474828669,0.6023536125639657,0.33007368,0.43226764,0.24611071499999998,0.069440775,0.50917782
mixfake_music_dev_v1,FS-RM_LA_D_6717975_054079,0.9400333730930889,0.9429122391946222,0.13936937464439644,0.56461996,0.4188915,0.74537802,0.41058603000000005,0.7496415000000001
mixfake_music_dev_v1,FS-RM_LA_D_6722285_126032,0.9982732790653099,0.9997054899175521,0.1945293103985672,0.86498594,0.9525056,0.1366476225,0.7497481500000001,0.749898255
mixfake_music_dev_v1,FS-RM_LA_D_6748796_042479,0.9887304034903766,0.9955963021205966,0.31027956605190143,0.8676467,0.8158619,0.745397505,0.60752085,0.74999655
mixfake_music_dev_v1,FS-RM_LA_D_6835200_064079,0.9991222144959853,0.9985856959200621,0.19948986282546285,0.8883096,0.83200556,-0.030004695,0.7489562999999999,0.74900982
mixfake_music_dev_v1,FS-RM_LA_D_6910245_087314,0.7752329012351036,0.9781037763447614,0.11677673377726284,0.43732578,0.91769314,-0.749748495,0.742824825,0.47913507
mixfake_music_dev_v1,FS-RM_LA_D_6980433_091571,0.9999650094523934,0.9999731763749816,0.02776572886768604,0.8517315,0.6990144,0.554102625,0.04580591625,0.6113518499999999
mixfake_music_dev_v1,FS-RM_LA_D_6982355_033501,0.9547249082216731,0.9990431187110632,0.09010374251232324,0.72595024,0.9591269,0.742910025,0.7469817750000001,0.749812725
mixfake_music_dev_v1,FS-RM_LA_D_6982355_106949,0.9998458176767507,0.9998798097100526,0.08968173880818271,0.8108125,0.9472538,0.6093328874999999,0.744780105,0.749077275
mixfake_music_dev_v1,FS-RM_LA_D_7130895_145454,0.992861889744603,0.9790213742992381,0.5969830787988992,0.8168181,0.8763385,-0.4428510375,0.7284415200000001,0.7460469750000001
mixfake_music_dev_v1,FS-RM_LA_D_7139945_109874,0.6246749770624397,0.9892928541014862,0.002710237879977572,0.32484406,0.89381313,0.747297525,0.022942986000000002,0.749513355
mixfake_music_dev_v1,FS-RM_LA_D_7155130_060482,0.9999164919893506,0.9999246931794042,0.26049797791756124,0.90905434,0.87602,0.7499993775,0.7497699,0.74999985
mixfake_music_dev_v1,FS-RM_LA_D_7173210_056177,0.9479587201782015,0.9985729996494227,0.42717796433262584,0.65210587,0.88891554,0.74999973,0.656630475,0.7499976749999999
mixfake_music_dev_v1,FS-RM_LA_D_7176078_130887,0.9667108119210511,0.9999461311915935,0.25500560513636855,0.23052864,0.9587942,0.7495402275,0.749999955,0.749984355
mixfake_music_dev_v1,FS-RM_LA_D_7206772_022438,0.9903690351998399,0.9993940473775277,0.10358513463386328,0.83854055,0.9730968,0.549411525,0.7498848,0.749968305
mixfake_music_dev_v1,FS-RM_LA_D_7206772_065064,0.9971161452585622,0.9994061714265617,0.12472160514444611,0.8823491,0.8978383,0.3606501,0.747354075,0.74976522
mixfake_music_dev_v1,FS-RM_LA_D_7247122_085291,0.9999116430381089,0.9999540531587445,0.3009027572171545,0.810858,0.7293698,0.69054687,0.46980057750000004,0.749916405
mixfake_music_dev_v1,FS-RM_LA_D_7247122_139172,0.9998682479269794,0.9999769277493965,0.26356077337401523,0.9009976,0.92999214,0.68538285,0.7389078,0.749985
mixfake_music_dev_v1,FS-RM_LA_D_7276589_025372,0.9999773870235439,0.9999799849067573,0.1363314466655469,0.7866395,0.7573069,0.42005718000000003,0.7456749,0.749256975
mixfake_music_dev_v1,FS-RM_LA_D_7292718_017992,0.9999314513688915,0.9999050853038297,0.5545609336092727,0.7343556,0.7774635,0.29347944,0.6285030375,0.748347405
mixfake_music_dev_v1,FS-RM_LA_D_7292718_054873,0.9995120205386778,0.9996953320736959,0.19188144075569002,0.74485654,0.7827126,0.74989392,0.748140825,0.74999685
mixfake_music_dev_v1,FS-RM_LA_D_7295722_016186,0.9577148758351902,0.9992098858374306,0.10214962077289072,0.6265155,0.9117898,-0.32827640999999996,0.74392167,0.738869625
mixfake_music_dev_v1,FS-RM_LA_D_7315219_020341,0.12395388594151675,0.10282978970862582,0.009847536117706005,0.61997217,0.9557698,0.71851668,0.7467083475,0.74973723
mixfake_music_dev_v1,FS-RM_LA_D_7315219_122646,0.9054748295008187,0.9987893024729411,0.1868251817567083,0.75969315,0.92429894,-0.66391665,0.01867780275,0.631671825
mixfake_music_dev_v1,FS-RM_LA_D_7315219_148651,0.9999578084865354,0.9999642861558086,0.4154861491007977,0.80477536,0.7531171,0.687469725,0.285235605,0.7323069
mixfake_music_dev_v1,FS-RM_LA_D_7320803_044340,0.9998926423777367,0.9998961315836209,0.02930230543297279,0.8749721,0.84332883,-0.562822275,-0.01413045525,-0.045900198749999996
mixfake_music_dev_v1,FS-RM_LA_D_7357609_038907,0.999966687447942,0.9998833814542389,0.9843371371352978,0.7055138,0.44643617,-0.24403162499999997,0.7348174875,0.742363875
mixfake_music_dev_v1,FS-RM_LA_D_7357609_080078,0.8705250012935162,0.9993216117015076,0.11690839112696863,0.6451748,0.90370536,-0.749999955,0.75,0.7110858375
mixfake_music_dev_v1,FS-RM_LA_D_7374412_054749,0.9996065712739285,0.9997795340273876,0.17272693624387292,0.8143546,0.8161153,0.7424508,0.291291825,0.7499946749999999
mixfake_music_dev_v1,FS-RM_LA_D_7388723_055579,0.5065653178529811,0.4520122258508481,0.10500626686548174,0.6511964,0.8935286,0.74999985,0.72290205,0.749999955
mixfake_music_dev_v1,FS-RM_LA_D_7388723_155297,0.9955399628553266,0.9995134637757511,0.28777952883354746,0.8631579,0.86677927,0.7244151225,0.5270862749999999,0.74384055
mixfake_music_dev_v1,FS-RM_LA_D_7417496_076119,0.9999544449085749,0.9999464115576157,0.00601045529315644,0.8862187,0.9441789,-0.3073842375,0.742755525,0.7191828
mixfake_music_dev_v1,FS-RM_LA_D_7417496_094791,0.999968829597664,0.9999558071309594,0.028220145138416593,0.684573,0.6906052,-0.749785605,0.749927475,0.6248313750000001
mixfake_music_dev_v1,FS-RM_LA_D_7461756_057050,0.9996387295081145,0.9994266563721045,0.0060691506454146355,0.79339176,0.95574856,-0.622065525,0.7499848499999999,0.7470933375000001
mixfake_music_dev_v1,FS-RM_LA_D_7461756_147769,0.999867085252046,0.9997421407019287,0.42554652623566613,0.82883936,0.8345551,-0.666604875,0.550491705,0.527900775
mixfake_music_dev_v1,FS-RM_LA_D_7463026_087571,0.998175942485746,0.9988122908063641,0.2273057870400501,0.85788,0.8688504,0.4737078,0.65346315,0.7497921000000001
mixfake_music_dev_v1,FS-RM_LA_D_7463026_113698,0.9050035008432811,0.9964737397475408,0.08979905818665203,0.6558606,0.86103475,0.749997825,0.5539321724999999,0.749981025
mixfake_music_dev_v1,FS-RM_LA_D_7521512_011458,0.999944070866364,0.9999620627218604,0.39674047125644246,0.44729337,0.74570423,0.7343862375,0.72548475,0.749833125
mixfake_music_dev_v1,FS-RM_LA_D_7542044_022479,0.9827319408709982,0.9987249638305379,0.011141476330566297,0.8212936,0.9263011,-0.1525516125,-0.455529225,-0.40091510249999995
mixfake_music_dev_v1,FS-RM_LA_D_7542044_126590,0.9880851367648911,0.9979418733803048,0.06533025678711575,0.8393063,0.8303813,-0.7499966025,0.55916235,0.28923252
mixfake_music_dev_v1,FS-RM_LA_D_7562913_111455,0.999973347503799,0.9999785569908967,0.27273709431096893,0.71390903,0.8945175,0.7499840999999999,0.26972189999999996,0.74999835
mixfake_music_dev_v1,FS-RM_LA_D_7562913_139772,0.9998838068957961,0.9998972253620382,0.412951846211519,0.90768766,0.93998224,-0.749968275,0.51543237,-0.464861325
mixfake_music_dev_v1,FS-RM_LA_D_7577850_087371,0.9997848265925722,0.9996693912120314,0.08785253767892105,0.75485486,0.86480826,-0.7203681,0.747919455,0.4931086125
mixfake_music_dev_v1,FS-RM_LA_D_7599767_042779,0.9925080964186925,0.9968557483422116,0.16446284137673228,0.8148022,0.86850667,-0.61250925,0.5002528125,0.24395085
mixfake_music_dev_v1,FS-RM_LA_D_7599767_116518,0.9992161507033585,0.9994716634137488,0.27331001918232645,0.77747035,0.8471068,0.5707743000000001,0.7454915249999999,0.74798727
mixfake_music_dev_v1,FS-RM_LA_D_7619376_003490,0.9614449395567493,0.9998315007419312,0.09954801160653572,0.7064216,0.9158765,0.7495940999999999,0.748991175,0.7499939250000001
mixfake_music_dev_v1,FS-RM_LA_D_7682859_109901,0.999308045011065,0.9992095638491272,0.2656866465078857,0.8584206,0.74865824,0.74999973,0.7446364725,0.7499997
mixfake_music_dev_v1,FS-RM_LA_D_7695039_116721,0.9999526830626779,0.9999524126979218,0.14901511796452488,0.83656716,0.9496132,0.16372066500000002,0.7444855499999999,0.7496469299999999
mixfake_music_dev_v1,FS-RM_LA_D_7765425_001278,0.9996615928381408,0.9994464410515402,0.09075368770261226,0.8718564,0.541251,-0.7391151525,0.637677,0.385561875
mixfake_music_dev_v1,FS-RM_LA_D_7765425_027798,0.9997716296179953,0.9996295690943298,0.28677536495424194,0.83155507,0.8514272,-0.18550348500000002,0.747591225,0.7444645875
mixfake_music_dev_v1,FS-RM_LA_D_7771073_091448,0.9866875809194158,0.9876667120543426,0.23165794994564207,0.77738374,0.958541,0.75,0.5399428875000001,0.74999982
mixfake_music_dev_v1,FS-RM_LA_D_7776880_143126,0.9315967263293845,0.9997376528813536,0.014053628223645021,0.4686443,0.9520172,-0.7366483500000001,0.7499041125,0.7484154
mixfake_music_dev_v1,FS-RM_LA_D_7805571_019269,0.9486406211797513,0.9982107950674179,0.1484881328149184,0.74555135,0.9329747,0.704773875,0.749732625,0.749966295
mixfake_music_dev_v1,FS-RM_LA_D_7877117_085484,0.999685205111188,0.9997649714226206,0.12268303627315016,0.785893,0.9179586,0.7499992875,0.7241029125,0.7499850225
mixfake_music_dev_v1,FS-RM_LA_D_7919147_002125,0.8521320842715548,0.9741888081576823,0.11635385090501166,0.7015629,0.94681484,0.7499946749999999,0.682702395,0.74971698
mixfake_music_dev_v1,FS-RM_LA_D_7919147_044804,0.9973634933829597,0.9977255703367329,0.10652286188699758,0.8323739,0.9610412,0.69408495,0.7499989275000001,0.749990175
mixfake_music_dev_v1,FS-RM_LA_D_7979047_096756,0.9346196800733119,0.904768181270744,0.26970948066213385,0.81640166,0.8957101,0.749999955,0.7488565725,0.7499994750000001
mixfake_music_dev_v1,FS-RM_LA_D_8016454_142934,0.9984439338090282,0.9983980623002114,0.10490950177864247,0.8739195,0.946714,0.7168078874999999,0.74963025,0.749506875
mixfake_music_dev_v1,FS-RM_LA_D_8045100_000834,0.9996297805847298,0.9996217578463147,0.3218020029671826,0.8284181,0.88126713,0.749999325,0.735530955,0.7499994750000001
mixfake_music_dev_v1,FS-RM_LA_D_8045100_022370,0.978806169679214,0.9671586832028357,0.307605274517043,0.85603476,0.86275566,0.64656105,0.7491045,0.74720655
mixfake_music_dev_v1,FS-RM_LA_D_8060326_041950,0.9999063610937502,0.9999435358842045,0.11712203765937385,0.7958261,0.9015584,0.7414737,0.34504917749999997,0.7488250125
mixfake_music_dev_v1,FS-RM_LA_D_8060326_059578,0.9868559347667649,0.9999609827369363,0.2174241638271884,0.6865107,0.8693811,0.7487106,0.44092579499999995,0.7499151
mixfake_music_dev_v1,FS-RM_LA_D_8060326_134645,0.999942761991357,0.9999213317376276,0.30583764130291086,0.8560087,0.93656284,-0.343130085,0.74353515,0.6869043374999999
mixfake_music_dev_v1,FS-RM_LA_D_8060326_138413,0.9994675007415718,0.9991442340257769,0.10473073288905109,0.7555576,0.9360522,-0.66006885,0.70858005,0.6516088875
mixfake_music_dev_v1,FS-RM_LA_D_8137767_026022,0.9786267014107665,0.9998307372790892,0.3330203050960747,0.47521374,0.9069129,0.749473725,0.689332095,0.749995395
mixfake_music_dev_v1,FS-RM_LA_D_8137767_065890,0.6251884538864225,0.866474872144161,0.049480728455042984,0.33306867,0.9376919,0.7325023875,0.610671225,0.74875455
mixfake_music_dev_v1,FS-RM_LA_D_8157473_141392,0.9722947958395814,0.963470858241662,0.47199562701320036,0.8669986,0.84231657,0.7044764775000001,0.4841664,0.74997117
mixfake_music_dev_v1,FS-RM_LA_D_8229496_061750,0.9998893797170859,0.9999065646811102,0.17530802719919675,0.7810122,0.84227604,0.7470742875,0.513526845,0.7499986125
mixfake_music_dev_v1,FS-RM_LA_D_8229496_131795,0.9815675315669197,0.9998985219061733,0.261026426290148,0.67545515,0.93697876,0.7497340125,0.538618575,0.74997585
mixfake_music_dev_v1,FS-RM_LA_D_8318612_136401,0.9820239615545698,0.9999331144452249,0.1505761840925136,0.44938707,0.9142874,0.6952859775,0.74999955,0.7499996250000001
mixfake_music_dev_v1,FS-RM_LA_D_8348408_042649,0.9335091198274056,0.9997438518058916,0.16238232527324545,0.58378863,0.7389118,0.749995755,0.6561039,0.74993955
mixfake_music_dev_v1,FS-RM_LA_D_8348408_068838,0.9776740517655423,0.9998186561683177,0.1762526076834835,0.58402985,0.7590484,0.744404955,0.3188411625,0.7472965125
mixfake_music_dev_v1,FS-RM_LA_D_8365140_147405,0.9947953108881481,0.9958652978873341,0.043720549344142705,0.85422087,0.97605103,0.33504496500000003,0.749999955,0.74995038
mixfake_music_dev_v1,FS-RM_LA_D_8391113_051299,0.9997744638915294,0.9998360359627508,0.3512074637113075,0.68134445,0.8602879,0.749998875,0.738240825,0.7499988
mixfake_music_dev_v1,FS-RM_LA_D_8395121_051766,0.6369943875383856,0.998556952741597,0.0241224775975477,0.32547078,0.9158187,-0.7499996250000001,0.6091864499999999,-0.64039155
mixfake_music_dev_v1,FS-RM_LA_D_8467719_004754,0.8673841789201856,0.9993963596397644,0.0010350134445319087,0.5468868,0.8853332,-0.15075669,-0.44082097500000006,0.21368298749999998
mixfake_music_dev_v1,FS-RM_LA_D_8467719_064669,0.9999577414484255,0.999966624445619,0.15790143626161923,0.80560416,0.9188712,0.749203695,0.46040748,0.7499519025
mixfake_music_dev_v1,FS-RM_LA_D_8467719_136637,0.9726755815377166,0.9533963133644713,0.12151004485388661,0.76241595,0.70449746,-0.06823014,0.74964912,0.7497210750000001
mixfake_music_dev_v1,FS-RM_LA_D_8507748_019684,0.99733270501539,0.9964252815240865,0.30763392525906,0.8195481,0.8693526,0.594692775,0.63058323,0.74825178
mixfake_music_dev_v1,FS-RM_LA_D_8507748_122713,0.722403825823908,0.4477312069045009,0.20737047104322934,0.7849919,0.880159,0.75,0.33521649,0.749999325
mixfake_music_dev_v1,FS-RM_LA_D_8555704_090592,0.9355021535599081,0.9951622032884575,0.5464038292702571,0.6725501,0.9153212,-0.7499853,0.74996715,0.32110155
mixfake_music_dev_v1,FS-RM_LA_D_8668814_085953,0.3572100367471729,0.3017578355324823,0.0007498635279009956,0.4363613,0.9610952,0.7499576625,0.743733525,0.749996175
mixfake_music_dev_v1,FS-RM_LA_D_8703309_064905,0.8470603615129396,0.7904125676506185,0.3663163537091204,0.7274171,0.9262243,0.749995275,0.749999925,0.74999973
mixfake_music_dev_v1,FS-RM_LA_D_8751784_123627,0.7272292093899976,0.0556702650724362,0.312884352710975,0.24159335,0.9668059,0.749999955,0.7427211,0.74999973
mixfake_music_dev_v1,FS-RM_LA_D_8752359_010028,0.4801200422846233,0.24206145976832552,0.11554407482082651,0.83652425,0.9424449,0.7499584499999999,0.567200625,0.748641105
mixfake_music_dev_v1,FS-RM_LA_D_8809090_123431,0.8175492113622679,0.6348305376632555,0.2068560434190219,0.8094413,0.9087593,0.7499992875,0.7494889499999999,0.74999817
mixfake_music_dev_v1,FS-RM_LA_D_8842776_059676,0.40293840354637556,0.28596957914982823,0.3265107396511424,0.7314228,0.5254444,0.749989875,0.7174065975,0.7499606249999999
mixfake_music_dev_v1,FS-RM_LA_D_8868121_116912,0.9998819876951707,0.9998323991603816,0.734166071209385,0.75694746,0.89721256,0.743857695,0.7488423,0.7498004025
mixfake_music_dev_v1,FS-RM_LA_D_8917253_028108,0.9893068458302223,0.999945098593558,0.5157737610353709,0.69622886,0.85987055,0.7400374275,0.47186172,0.7498956750000001
mixfake_music_dev_v1,FS-RM_LA_D_8917253_052036,0.9997001811495356,0.9997249145328898,0.3616651587849814,0.82280356,0.84692323,0.74789733,0.7148619,0.7499742525
mixfake_music_dev_v1,FS-RM_LA_D_8937760_084152,0.9507526023404398,0.9456633771529305,0.3792621484146585,0.82728976,0.9191339,-0.712947225,0.749911755,0.74908335
mixfake_music_dev_v1,FS-RM_LA_D_8938260_016822,0.7379038652981902,0.9988044918906097,0.008290417963903843,0.3151689,0.9134327,-0.749604975,0.749082975,-0.19663142249999999
mixfake_music_dev_v1,FS-RM_LA_D_8939040_000546,0.8385228932678851,0.8109267882817036,0.18693340137904366,0.7981177,0.8785796,0.75,0.3684637725,0.74999985
mixfake_music_dev_v1,FS-RM_LA_D_8939040_091074,0.9996266158209145,0.9997731298791076,0.1915641945360859,0.81169355,0.889246,0.7499235,0.2908209,0.74998755
mixfake_music_dev_v1,FS-RM_LA_D_8939040_104725,0.9997278932490897,0.9997059398571437,0.20381809246721258,0.7254916,0.830204,-0.036916785,0.5748794700000001,0.74915955
mixfake_music_dev_v1,FS-RM_LA_D_8942534_091470,0.914264551681369,0.9795473879249481,0.2178157921889394,0.4407348,0.9217122,0.75,0.74483415,0.749999955
mixfake_music_dev_v1,FS-RM_LA_D_8966356_061674,0.9820809055799368,0.9778625840033325,0.14887320643265298,0.867634,0.9453185,0.049068784500000004,0.75,0.749994975
mixfake_music_dev_v1,FS-RM_LA_D_8966356_147839,0.43462594226841467,0.9972722489770833,0.009368837648578555,0.3256056,0.96676284,-0.71058735,0.74975592,0.6092391749999999
mixfake_music_dev_v1,FS-RM_LA_D_8978674_006627,0.81716405999572,0.9925105484280021,0.035150751536321766,0.6192279,0.9445634,0.74503005,0.195081,0.7489432125
mixfake_music_dev_v1,FS-RM_LA_D_8978674_123274,0.9983739459772616,0.9987115938150042,0.20636502771925833,0.84980786,0.9226786,0.7499933999999999,0.7499232,0.7499992875
mixfake_music_dev_v1,FS-RM_LA_D_8986725_004066,0.7496840594270825,0.010946907539772342,0.42545459957869747,0.86525035,0.91486156,0.7499996250000001,0.7474228875,0.7499949
mixfake_music_dev_v1,FS-RM_LA_D_8986725_044192,0.7175329228529127,0.033089337059286426,0.38397762061508345,0.83475935,0.9192732,0.749999955,0.7489477499999999,0.749993025
mixfake_music_dev_v1,FS-RM_LA_D_9006149_087108,0.9996317000555698,0.9998736318192335,0.20972351899341554,0.8671577,0.9153976,-0.48220095,0.5473410750000001,0.711146475
mixfake_music_dev_v1,FS-RM_LA_D_9051356_036378,0.9987202098949679,0.9988162659939535,0.18531719564228258,0.7912609,0.5908751,0.7494608775,0.7198041375,0.749988675
mixfake_music_dev_v1,FS-RM_LA_D_9078375_040279,0.9998686608634175,0.9998934670106377,0.24389525466267833,0.77094275,0.9462175,0.749997495,0.7484448975,0.7499992875
mixfake_music_dev_v1,FS-RM_LA_D_9102400_102211,0.7671131894814636,0.6296215832168532,0.3853750857144175,0.38520116,0.92282385,0.665277075,0.63095355,0.749267925
mixfake_music_dev_v1,FS-RM_LA_D_9109666_072004,0.9835496734044563,0.9999268669180965,0.10184405599717868,0.6581951,0.9347576,0.7477370625,0.747972,0.749995275
mixfake_music_dev_v1,FS-RM_LA_D_9109666_105405,0.9998894917048899,0.9999125688187503,0.13992568594083368,0.8610033,0.9047548,0.74088405,0.6913568250000001,0.749946225
mixfake_music_dev_v1,FS-RM_LA_D_9121380_014869,0.9803460354837272,0.9998778926764449,0.31567430243210626,0.6168162,0.8982484,0.7499952000000001,0.749971875,0.749999925
mixfake_music_dev_v1,FS-RM_LA_D_9163648_058541,0.3507366364148556,0.9887453250341314,0.020478536174013975,0.30218196,0.9175232,-0.742078575,0.740230875,-0.677436375
mixfake_music_dev_v1,FS-RM_LA_D_9163648_099652,0.999726750043173,0.9996706910977868,0.3135599712871592,0.8853328,0.88351285,-0.7499896724999999,0.735494745,0.33472149
mixfake_music_dev_v1,FS-RM_LA_D_9205865_046048,0.9344667027550392,0.9038042204443648,0.24815460392498775,0.868694,0.7658215,0.75,0.7499989275000001,0.75
mixfake_music_dev_v1,FS-RM_LA_D_9205865_100526,0.8843174464391242,0.8073218005181699,0.35849448833204456,0.8646348,0.7876318,0.7499967,0.749904,0.74999982
mixfake_music_dev_v1,FS-RM_LA_D_9233697_001046,0.968110105134897,0.9962990269635655,0.043792114800599864,0.7260804,0.81368184,-0.7499978549999999,-0.29669022749999996,-0.748327875
mixfake_music_dev_v1,FS-RM_LA_D_9233697_011509,0.6699007135008064,0.9848847134505074,0.002380576396859578,0.641672,0.92487603,-0.44240274749999997,-0.39777535499999994,-0.32820325499999997
mixfake_music_dev_v1,FS-RM_LA_D_9273749_097977,0.9686683012271577,0.9979339959373015,0.6028724439828164,0.57543904,0.8764898,-0.74994783,0.7472398725,0.7478283525
mixfake_music_dev_v1,FS-RM_LA_D_9295689_071347,0.9710768479999119,0.9605751691457388,0.41458317894840785,0.8321503,0.7300196,0.7386763875,0.641391525,0.746315805
mixfake_music_dev_v1,FS-RM_LA_D_9303843_093867,0.9662531615144875,0.9988126819209718,0.3628622589996108,0.67977476,0.8636852,0.7499583375,0.7498794,0.749999505
mixfake_music_dev_v1,FS-RM_LA_D_9331853_016564,0.986742669477847,0.9949453920187209,0.49782423559482986,0.73364353,0.7840011,0.749999175,0.745806225,0.749999595
mixfake_music_dev_v1,FS-RM_LA_D_9331853_138929,0.9992420811883097,0.9993839334320312,0.3548998385614665,0.82357794,0.6903423,0.6513028875,0.739842675,0.74956758
mixfake_music_dev_v1,FS-RM_LA_D_9334159_020205,0.6190270205375901,0.37991306510224293,0.6241523237755564,0.8754955,0.41246665,0.749992125,0.749435475,0.74999142
mixfake_music_dev_v1,FS-RM_LA_D_9334159_033302,0.9998447074682443,0.9998403591125893,0.5058128049023606,0.76684564,0.80149585,0.6093501,0.3766744125,0.7490662800000001
mixfake_music_dev_v1,FS-RM_LA_D_9334159_070467,0.9991254665819687,0.9988193688703433,0.2958968540869447,0.740122,0.95626944,-0.22507890000000003,0.62280315,0.7258806
mixfake_music_dev_v1,FS-RM_LA_D_9363937_070434,0.949656285924077,0.9998508549466794,0.03839061546458038,0.6115422,0.9442629,-0.68028555,0.7273025625,0.7083906
mixfake_music_dev_v1,FS-RM_LA_D_9389017_073371,0.999947442678201,0.9999056566566833,0.06443065966806766,0.8409357,0.85706276,-0.7376894625,0.747731025,0.69059775
mixfake_music_dev_v1,FS-RM_LA_D_9395386_100519,0.41564412259769046,0.9889995911081395,0.0296192505635093,0.5937955,0.8808183,-0.7497708,0.66308295,-0.144412935
mixfake_music_dev_v1,FS-RM_LA_D_9395386_127194,0.213049531083854,0.3374776957007123,0.04094757725676502,0.23216076,0.938206,-0.241331775,0.749948925,0.749935275
mixfake_music_dev_v1,FS-RM_LA_D_9422357_151243,0.9973884858836476,0.9975704177001882,0.10476265400586343,0.86485827,0.95539445,-0.7053691125,0.6972612,0.69055152
mixfake_music_dev_v1,FS-RM_LA_D_9444024_040141,0.9114055464083143,0.9512426108626615,0.039802070165196886,0.8163923,0.9517664,-0.7498662,0.6067905,-0.11677055249999999
mixfake_music_dev_v1,FS-RM_LA_D_9444024_122841,0.9815733294685343,0.9983963266564099,0.1588044918929987,0.7597759,0.8052726,-0.7454397749999999,0.7383956025,0.026879299500000002
mixfake_music_dev_v1,FS-RM_LA_D_9526501_087600,0.9999090820411276,0.9998653479899419,0.35950613553203875,0.7531478,0.82933277,-0.1940851125,0.749146425,0.749098575
mixfake_music_dev_v1,FS-RM_LA_D_9526501_139484,0.9999356211383198,0.9999534636306414,0.1936029387277262,0.86256856,0.8925729,0.72058752,0.651087,0.74997165
mixfake_music_dev_v1,FS-RM_LA_D_9553311_015628,0.9230073514844115,0.9961369238341943,0.3139530236773387,0.6620618,0.86822206,0.7481815949999999,0.4058176875,0.749750625
mixfake_music_dev_v1,FS-RM_LA_D_9636836_040799,0.9621496473481324,0.9579408522239046,0.19333510194667225,0.82683444,0.9579352,0.75,0.748943775,0.749999955
mixfake_music_dev_v1,FS-RM_LA_D_9636836_086999,0.9998399958945783,0.9998350087598091,0.40125458004440556,0.7877357,0.76561517,0.749999925,0.7295881200000001,0.749999775
mixfake_music_dev_v1,FS-RM_LA_D_9688627_111968,0.5300976970491932,0.6155615238410462,0.10450334740370071,0.355708,0.95660174,0.75,0.744480675,0.749999955
mixfake_music_dev_v1,FS-RM_LA_D_9688627_143318,0.9596413221588227,0.9993624260194778,0.27810830781234197,0.7115107,0.96587354,-0.72068448,0.749999595,0.648760425
mixfake_music_dev_v1,FS-RM_LA_D_9748213_055759,0.9998456653807178,0.9998542728951904,0.10155549675329167,0.6971836,0.9247087,0.1547850375,0.387824775,0.7277652
mixfake_music_dev_v1,FS-RM_LA_D_9804171_063970,0.9989229226872067,0.9992677475883598,0.1807455880643961,0.8225173,0.8667022,-0.740801475,0.74983485,0.7449265125
mixfake_music_dev_v1,FS-RM_LA_D_9813329_054489,0.9870910847923475,0.9999028946836716,0.32606433533829493,0.61581004,0.94743806,0.653475225,0.74995215,0.74996553
mixfake_music_dev_v1,FS-RM_LA_D_9878596_042428,0.9756121132155534,0.9998044140427248,0.06177108616203756,0.630305,0.9796112,0.7495881,0.75,0.749999775
mixfake_music_dev_v1,FS-RM_LA_D_9891401_087125,0.9996801630465102,0.9995859970053658,0.11853123235542452,0.85101026,0.9140523,0.116803875,0.73963398,0.7461333
mixfake_music_dev_v1,FS-RM_LA_D_9928428_010447,0.9981504590674056,0.9980616247799469,0.2025118920847189,0.86796856,0.8075013,0.74999142,0.6683855624999999,0.749998575
mixfake_music_dev_v1,FS-RM_LA_D_9969564_118668,0.996206160147953,0.9963132337026057,0.100460416206277,0.75962687,0.9002455,0.749999925,0.7496048625,0.749999955
mixfake_music_dev_v1,FS-RM_LA_D_9970541_032221,0.9988049753943037,0.9988701951064244,0.017361560718707758,0.7829498,0.8754493,-0.7450803375,0.48157743750000004,0.18976128000000003
mixfake_music_dev_v1,FS-RM_LA_D_9989022_050541,0.8167228002264207,0.7723805257978869,0.6315514425579587,0.78171974,0.8842259,0.74999727,0.7499409450000001,0.7499979
mixfake_music_dev_v1,FS-RM_LA_D_9996165_019129,0.3225553326229521,0.9739292940501869,0.04528733894544857,0.56705815,0.9287848,-0.74997255,0.7261461,-0.71340105
mixfake_music_dev_v1,RS-FM_LA_D_1056044_c-85TtcfVSI,0.7911806082585247,0.014944676410946794,0.7931002638880726,0.76992154,0.88164485,0.51206175,0.746870775,0.74789415
mixfake_music_dev_v1,RS-FM_LA_D_1084356_fake_06975_udio_0,0.9139944616735233,0.0008371414251081659,0.9306528157292687,0.7381285,0.89619267,0.749994,0.75,0.75
mixfake_music_dev_v1,RS-FM_LA_D_1086391_fake_19823_udio_0,0.9435093040737499,0.0022436080227127885,0.9477400827575253,0.8010904,0.6526067,0.7499894475,0.5786999625,0.7498347750000001
mixfake_music_dev_v1,RS-FM_LA_D_1105131_yPzhMx3NPW4,0.6568520039299356,0.0031067029845413627,0.606540108207806,0.7949872,0.78977716,0.7495829625,0.7188720225,0.7464056625000001
mixfake_music_dev_v1,RS-FM_LA_D_1118839_fake_31297_suno_1,0.8631460590403418,0.0009053566285226996,0.8760874526739484,0.79237294,0.8966332,0.7308315000000001,0.749995395,0.749995845
mixfake_music_dev_v1,RS-FM_LA_D_1129909_zx_vcwOsDO4,0.7797260206804932,0.0012100171844967175,0.7315602469730974,0.87012625,0.87991464,0.749998575,0.720291675,0.7499082225
mixfake_music_dev_v1,RS-FM_LA_D_1246607_fake_22255_suno_1,0.776851495496105,0.0016372357753953119,0.8081702278177412,0.7198491,0.9274065,0.749969925,0.75,0.749999955
mixfake_music_dev_v1,RS-FM_LA_D_1275044_xtGmrLOsjHk,0.7497641107875638,0.41804525493525635,0.667638875910783,0.30201954,0.9493786,-0.64866972,0.6906343500000001,0.593929905
mixfake_music_dev_v1,RS-FM_LA_D_1281950_TqIptTnXb20,0.8326153504960554,0.0049624426620363295,0.8108123178400596,0.6884741,0.8366326,0.745311075,0.74971332,0.7434930750000001
mixfake_music_dev_v1,RS-FM_LA_D_1335445_QMoRiBjRLKc,0.7126183962321755,0.029140217793759155,0.7531802833292862,0.82014436,0.91797197,0.749999325,0.74641572,0.7499423775
mixfake_music_dev_v1,RS-FM_LA_D_1335445_fake_19781_suno_1,0.7514634756195504,0.006120211912813956,0.88285824086374,0.61973774,0.7466114,0.74999925,0.75,0.75
mixfake_music_dev_v1,RS-FM_LA_D_1335445_jfxTOlXF3Kk,0.4627029791398304,0.0005906522177715631,0.7126715547533177,0.6194042,0.55308574,0.7498950375,0.691724625,0.749450175
mixfake_music_dev_v1,RS-FM_LA_D_1336215_S7TYAcOEPt4,0.617651765033089,0.0005788959458669866,0.6374858437077328,0.82889587,0.8069125,0.749999955,0.747723675,0.7499993775
mixfake_music_dev_v1,RS-FM_LA_D_1336221_-4SYC2YgzL8,0.5169035448267723,0.011148149588389014,0.5828253423484796,0.7360137,0.6150123,0.74988405,0.74949465,0.749989875
mixfake_music_dev_v1,RS-FM_LA_D_1336221_He63KV_9Pwg,0.9059880486333525,0.007672705917280231,0.9207144831186524,0.74947226,0.7191056,0.7408326000000001,0.749968275,0.7499738250000001
mixfake_music_dev_v1,RS-FM_LA_D_1336221_QZNrK337wow,0.6663467528503293,0.017278862181712616,0.6850896613576398,0.7020096,0.89236474,0.7481309025,0.734069925,0.7495584000000001
mixfake_music_dev_v1,RS-FM_LA_D_1336221_tGv_L09pf6E,0.990718358120907,0.9977997822238348,0.9443820429220442,0.5444268,0.7738918,0.7499398500000001,0.74999565,0.749999925
mixfake_music_dev_v1,RS-FM_LA_D_1361417_EC4GbkL3XvI,0.8273905559119815,0.00043405186208915096,0.8336957218367537,0.7330705,0.79057217,0.7445055375,0.74775825,0.7368635699999999
mixfake_music_dev_v1,RS-FM_LA_D_1374363_fake_29064_udio_0,0.8238348492179671,0.0056277966807957895,0.7245422574997326,0.6367715,0.92032343,0.74999982,0.21648423749999998,0.74999685
mixfake_music_dev_v1,RS-FM_LA_D_1377420_eOmQbJljnqE,0.6332566901363679,0.005295240181147318,0.5875437750750717,0.74369174,0.9031769,0.64262835,0.73416885,0.7478450999999999
mixfake_music_dev_v1,RS-FM_LA_D_1400319_qpwjSTEaswI,0.44034767523468366,0.0018349061996757686,0.9236147846928049,0.7674028,0.62172955,0.74952333,0.722357175,0.7497321
mixfake_music_dev_v1,RS-FM_LA_D_1427710_liuCTk2nPG8,0.7381050351380171,0.016199966961318143,0.7653631013587695,0.8363167,0.9087717,0.749999955,0.749973675,0.75
mixfake_music_dev_v1,RS-FM_LA_D_1513725_OkcBJawiIHA,0.6896438034676877,0.0006366638500095876,0.612399532025165,0.76355445,0.8889725,0.74995935,0.68969442,0.74877315
mixfake_music_dev_v1,RS-FM_LA_D_1592094_EPvnkbo5wrI,0.8681597796667505,0.03613072870757178,0.8846260059750941,0.8556596,0.92233324,0.73422345,0.749999505,0.74965875
mixfake_music_dev_v1,RS-FM_LA_D_1659462_fake_42835_udio_0,0.8164810957818279,0.001300948777077782,0.820780696500033,0.72970396,0.9490099,0.6870431025,0.7411428,0.7499242275
mixfake_music_dev_v1,RS-FM_LA_D_1680201_Rf7vygfb7w4,0.4670915928247154,0.003129454439808381,0.8183143006609459,0.7988597,0.39976683,0.7491166125,0.749351175,0.749005425
mixfake_music_dev_v1,RS-FM_LA_D_1680201_fake_00242_suno_1,0.8893035657760975,0.0017405450742361303,0.9074251041364745,0.70843506,0.9306546,0.7499804625,0.75,0.75
mixfake_music_dev_v1,RS-FM_LA_D_1686743_V0zQHNmz0gU,0.7555107617881666,0.00937832482580429,0.7662889320557856,0.78083384,0.7115104,0.749995305,0.7496898750000001,0.74999865
mixfake_music_dev_v1,RS-FM_LA_D_1703452_W58kioYp1Ms,0.8445897214285933,0.0003252916267606167,0.8475107437444651,0.8316987,0.9191868,0.75,0.7498928250000001,0.74999985
mixfake_music_dev_v1,RS-FM_LA_D_1703452_WKYUiLace9Y,0.5127546910296794,0.0008214328345179766,0.5137869998821266,0.8094559,0.94087285,0.749999955,0.747986925,0.74999955
mixfake_music_dev_v1,RS-FM_LA_D_1703452_fake_35704_suno_0,0.8699397677440489,0.018366311922217143,0.8826881758683565,0.56555533,0.91804576,0.75,0.73661205,0.749999955
mixfake_music_dev_v1,RS-FM_LA_D_1703452_sRxUm-ziCBo,0.5339114149511268,0.002570598775942171,0.7374668069797616,0.58379436,0.83842283,0.7499986125,0.71803215,0.74971242
mixfake_music_dev_v1,RS-FM_LA_D_1714000_fake_46655_suno_1,0.937643026589421,0.0077456135979607765,0.9451123671124844,0.84387416,0.96174484,0.75,0.75,0.75
mixfake_music_dev_v1,RS-FM_LA_D_1722779_c2akbbdS7I4,0.505103271109374,0.001191412542256905,0.4916700231788922,0.7815908,0.8462899,0.7350315,0.6683675474999999,0.749828475
mixfake_music_dev_v1,RS-FM_LA_D_1775211_vYP60jdTupc,0.8889495183939162,0.9631258901415912,0.7380210198133851,0.62711895,0.88085264,-0.45165262500000003,0.21088334999999997,0.31351876500000003
mixfake_music_dev_v1,RS-FM_LA_D_1838177_fake_36199_udio_1,0.8248676512751276,0.31790974837102143,0.6489566342964972,0.8007042,0.9056875,0.3688996725,0.25705281,0.7350174
mixfake_music_dev_v1,RS-FM_LA_D_1838177_fake_50596_udio_0,0.9987323273387316,0.9896264811373648,0.8592797834367152,0.7576299,0.85941947,0.31883439,0.70292655,0.665535675
mixfake_music_dev_v1,RS-FM_LA_D_1838177_fake_50857_udio_1,0.9950101675372514,0.9579301687433827,0.9163150253154981,0.8075081,0.9288488,0.74733465,0.691169925,0.7334223
mixfake_music_dev_v1,RS-FM_LA_D_1930986_fake_31035_suno_1,0.4852160722363604,0.007393223333409456,0.3334259942411998,0.40764847,0.93503535,0.749244825,0.2562201375,0.7498852500000001
mixfake_music_dev_v1,RS-FM_LA_D_1954410_HEclHruM37s,0.8147269379379918,0.010613545594197275,0.7738540194755515,0.7963229,0.8614501,0.749850975,0.7494245775,0.7499966250000001
mixfake_music_dev_v1,RS-FM_LA_D_1961293_8Bu8CkR1xZY,0.7838233961426446,0.0016067781717783816,0.6737273175850013,0.82511157,0.9602836,0.7494245775,0.140774385,0.6489493875
mixfake_music_dev_v1,RS-FM_LA_D_1961293_DP72GDe6AAs,0.7270695835416827,0.006654932302960574,0.8880783254759754,0.77207017,0.7807447,0.75,0.7499964225,0.75
mixfake_music_dev_v1,RS-FM_LA_D_1961293_T0uoYE12cnI,0.8096687515022011,0.005780805230390332,0.805396746519268,0.7667743,0.7818835,0.7499873475000001,0.7499872125,0.7499997
mixfake_music_dev_v1,RS-FM_LA_D_2009007_rLtXML8Y5wo,0.4613935392713259,0.0005109053096688151,0.5952040124507298,0.48050234,0.5227629,0.7491954749999999,-0.02341769325,0.734291925
mixfake_music_dev_v1,RS-FM_LA_D_2096892_SKQbQXPjmvE,0.8862982052541523,0.057684382287673946,0.8910960099911116,0.75489944,0.7917968,0.7484631749999999,0.71686755,0.74988855
mixfake_music_dev_v1,RS-FM_LA_D_2143384_aeDZVfGk7bk,0.7181192250634117,0.0010630906584217718,0.6471716822394413,0.76341397,0.8229666,0.7479595125,-0.092571525,0.5133864
mixfake_music_dev_v1,RS-FM_LA_D_2178723_Or4CALipjig,0.7784678878049887,0.01118381038562876,0.6466264552034242,0.78693813,0.8402538,0.749963655,0.37523850000000003,0.749926575
mixfake_music_dev_v1,RS-FM_LA_D_2230192_QXe9BpTENCc,0.805252426143649,0.000963395702477643,0.7765379782651455,0.6625276,0.7723018,0.7499748,0.2998043625,0.7451958750000001
mixfake_music_dev_v1,RS-FM_LA_D_2242311_0EOQco76eXQ,0.8799827855001829,0.2823600999523325,0.8753418328249642,0.7081983,0.83076036,0.7497717,0.74996352,0.749982075
mixfake_music_dev_v1,RS-FM_LA_D_2242311_Jq2w30NYstQ,0.6256521925416648,0.0017179455012789808,0.681034424687756,0.7361129,0.8538889,0.41953335,0.7499259300000001,0.7468397775
mixfake_music_dev_v1,RS-FM_LA_D_2250508_aiJj3Z6pu9s,0.573743714079669,0.007449913528575725,0.8223716058036674,0.7208152,0.40037265,0.75,0.727882425,0.7499986125
mixfake_music_dev_v1,RS-FM_LA_D_2250508_rez5KDmIZoc,0.9342598877315675,0.9070352684093452,0.8756401630920464,0.6449311,0.8557742,0.749999955,0.7483029,0.749999595
mixfake_music_dev_v1,RS-FM_LA_D_2252677_fake_43560_udio_0,0.5530682594315911,0.12786261821817915,0.5217304337966682,0.5134356,0.6083921,0.749935275,0.7337658375,0.74999955
mixfake_music_dev_v1,RS-FM_LA_D_2264682_X7qFgrAl3OU,0.6444247110953046,0.0002164704385363414,0.9253335958723506,0.6767764,0.71366,-0.5522301000000001,0.20270787750000002,-0.21954763500000002
mixfake_music_dev_v1,RS-FM_LA_D_2264682_hTlIqICkbW8,0.7970963283661511,0.1957369671235957,0.7116807480541595,0.6975734,0.8621725,0.71411205,0.376923525,0.7095048
mixfake_music_dev_v1,RS-FM_LA_D_2285682_FxpV97ILuSo,0.8471716290983067,0.009117839946235263,0.8544225452019429,0.7666694,0.75827754,0.749286225,0.749999925,0.7499989499999999
mixfake_music_dev_v1,RS-FM_LA_D_2303609_fake_36225_udio_0,0.8122651125741117,0.001243360458962582,0.8411646529610918,0.65550756,0.88142055,0.7499993775,0.749999925,0.75
mixfake_music_dev_v1,RS-FM_LA_D_2309894_fake_47101_udio_1,0.6656335468870209,0.28415119796624827,0.5907649178204736,0.41198128,0.5749686,0.73535025,0.749969325,0.74999505
mixfake_music_dev_v1,RS-FM_LA_D_2407623_pDgWT99uaJ0,0.883303123114731,0.0017570091436417087,0.8865121681002095,0.62304795,0.81582135,0.7489881375,0.74857365,0.7490886
mixfake_music_dev_v1,RS-FM_LA_D_2411901_EayN_Jj0740,0.763694418427737,0.0018122480746260647,0.7806628200526123,0.7498293,0.87094563,-0.02335879275,0.5669995875,0.37076763
mixfake_music_dev_v1,RS-FM_LA_D_2485218_4HfU5OQUqq0,0.6344791679341649,0.005184859283553903,0.8919427154034096,0.706292,0.44944033,0.7483742999999999,0.74517075,0.7491597
mixfake_music_dev_v1,RS-FM_LA_D_2496910_fake_45709_udio_1,0.30733818465632906,0.0021418510814467176,0.5203687094803017,0.79350996,0.7967311,0.7499976,0.49156702500000005,0.7474843125
mixfake_music_dev_v1,RS-FM_LA_D_2531373_hnlVKC7rxdg,0.8427772583055164,0.0004419848185702194,0.8091726566472133,0.80413216,0.79784393,0.24481342499999997,-0.150863715,0.41968935
mixfake_music_dev_v1,RS-FM_LA_D_2589925_fake_13022_udio_0,0.9159804955822904,0.0018581913844241962,0.927646712135589,0.68515116,0.8443024,0.749997375,0.749999955,0.75
mixfake_music_dev_v1,RS-FM_LA_D_2644387_0MzrXd8CUCg,0.8145967582337258,0.0007959493752577077,0.7988124538083173,0.78921354,0.8779763,0.74994318,0.6540485775,0.744292575
mixfake_music_dev_v1,RS-FM_LA_D_2644387_ZgooDijn2as,0.8789035748849685,0.005051788188697486,0.8972722874553984,0.79710716,0.93356824,0.7497121125,0.7496031750000001,0.74988645
mixfake_music_dev_v1,RS-FM_LA_D_2644387_fake_44796_suno_0,0.85998454123919,0.00041551270572523096,0.875030576018341,0.70498526,0.787752,0.7499520749999999,0.7499738475,0.74999982
mixfake_music_dev_v1,RS-FM_LA_D_2652046_QmIhKF1BqCg,0.9702746525842884,0.2419500050319188,0.9626220864870174,0.668751,0.86891294,-0.6874821,0.738526005,0.7063881
mixfake_music_dev_v1,RS-FM_LA_D_2652046_fake_52298_udio_1,0.9965818261312598,0.9970782757885442,0.8471373346011103,0.4639413,0.6379189,0.74993745,0.748044825,0.7499982000000001
mixfake_music_dev_v1,RS-FM_LA_D_2671129_3ZyuBJEbmJM,0.8535927344795411,0.004242652343164067,0.8127712080258835,0.6707222,0.8294246,0.747661425,0.6722133,0.745504275
mixfake_music_dev_v1,RS-FM_LA_D_2671129_EkMgPJfSL04,0.8205262324568158,0.1743615243435538,0.81415269925243,0.735552,0.8163297,0.749997975,0.74979843,0.749997825
mixfake_music_dev_v1,RS-FM_LA_D_2718909_fake_28639_suno_1,0.6901388055442009,0.0023525974021923976,0.869664525668865,0.775222,0.8078922,0.749961105,0.7499985,0.7499993775
mixfake_music_dev_v1,RS-FM_LA_D_2766423_KRKX_UtYV9c,0.2894582416819493,0.010654229664179435,0.36201589276077684,0.6439381,0.7786161,0.75,0.6169297499999999,0.74999985
mixfake_music_dev_v1,RS-FM_LA_D_2766423_fake_51763_suno_1,0.8573288644039019,0.0030958357952706704,0.8946403745486611,0.8215363,0.9056918,0.75,0.75,0.75
mixfake_music_dev_v1,RS-FM_LA_D_2800113_YDBxdZchOuM,0.5542636512721747,0.002176813211335387,0.5262626637030631,0.8445994,0.9503381,0.471065925,0.734324175,0.5659620750000001
mixfake_music_dev_v1,RS-FM_LA_D_2800113_fake_19593_suno_0,0.9327320060453501,0.004537544315919916,0.9312232853549637,0.6988555,0.9445269,-0.747781125,0.7387860749999999,0.74739495
mixfake_music_dev_v1,RS-FM_LA_D_2800113_fake_22406_udio_1,0.8460189910988539,0.0012488265646132333,0.8246972456737107,0.76026464,0.9596296,-0.729539325,0.547393875,0.65570925
mixfake_music_dev_v1,RS-FM_LA_D_2896345_fake_17527_udio_1,0.7110624399247765,0.017492698012760172,0.7177969813305762,0.6755688,0.9030274,0.7483366725,0.7349293800000001,0.74984877
mixfake_music_dev_v1,RS-FM_LA_D_2923426_eQTK2fo3RoE,0.711964262230565,0.01394296710648357,0.7463393632990081,0.80301446,0.8917531,0.749382,0.7352381475,0.74953392
mixfake_music_dev_v1,RS-FM_LA_D_2954423_av-1Ih0S82s,0.804273074251039,0.09399548374641963,0.7980122396309356,0.60623664,0.8922492,0.74991618,0.74185695,0.7499151
mixfake_music_dev_v1,RS-FM_LA_D_2954917_fake_46545_suno_1,0.8847268300946676,0.04635288945441788,0.8946654860057544,0.41145322,0.9642139,0.74999982,0.749999955,0.75
mixfake_music_dev_v1,RS-FM_LA_D_2976553_kT0KMsfD4d8,0.783670658648784,0.005541001910913463,0.6990260264103467,0.7364032,0.94859266,0.7497198,0.693012375,0.7484679750000001
mixfake_music_dev_v1,RS-FM_LA_D_3005942_fake_41367_udio_0,0.7210727569843517,0.04100052454806147,0.7262916880097159,0.7262461,0.82009953,0.7499925000000001,0.7488978000000001,0.749986125
mixfake_music_dev_v1,RS-FM_LA_D_3006726_MwK9HYjeeN0,0.4200927820125665,0.008314332034189234,0.4346157596951791,0.75123966,0.7337366,0.665958825,0.7415878499999999,0.7487005125
mixfake_music_dev_v1,RS-FM_LA_D_3100616_a4BjqKd8FsI,0.6360537360741577,0.0006577645088098621,0.5947779279545007,0.81207937,0.8768124,0.728295,-0.066023385,0.42697155
mixfake_music_dev_v1,RS-FM_LA_D_3150235_fake_20951_udio_0,0.5147184233017225,0.015534740381754893,0.1918986877704493,0.58213973,0.90336823,0.74988645,0.74977143,0.7499988375
mixfake_music_dev_v1,RS-FM_LA_D_3150235_fake_37307_udio_0,0.5521097535202967,0.0011969678522721788,0.28367526690313916,0.71218646,0.8388151,0.749775075,0.748927605,0.749980425
mixfake_music_dev_v1,RS-FM_LA_D_3194286_fake_22715_suno_1,0.8937907941193745,0.010925953990494335,0.9055396182148766,0.3414598,0.9513387,0.749999955,0.74999775,0.75
mixfake_music_dev_v1,RS-FM_LA_D_3194286_sOSU7p9pLjs,0.8735636974765074,0.010067682565033218,0.8807076854002476,0.74911153,0.9232636,0.74973975,0.749504325,0.749905125
mixfake_music_dev_v1,RS-FM_LA_D_3258694_Guu30szkA-0,0.7204800931821094,0.0060326207438347,0.7830831454892123,0.7804538,0.8612665,0.7499991525,0.74999718,0.7499994
mixfake_music_dev_v1,RS-FM_LA_D_3258694_usrzF-0GbLY,0.7892863538531645,0.017390821762518636,0.7898180716310169,0.74126446,0.7854148,0.694169925,0.7499451749999999,0.7496799224999999
mixfake_music_dev_v1,RS-FM_LA_D_3262859_hZfCziBaGTI,0.9200381996039494,0.0011798237274720188,0.9224942477108751,0.7255011,0.91387,0.7499990625,0.699697725,0.7499952000000001
mixfake_music_dev_v1,RS-FM_LA_D_3262859_stobfk1Mfjk,0.6593977810465457,0.00029267184146440016,0.836344559101712,0.6942027,0.7895919,0.74718252,0.74940435,0.748916025
mixfake_music_dev_v1,RS-FM_LA_D_3280853_XjrVSk0_4vc,0.9167073830719773,0.0008536964216416954,0.9184557584780317,0.85327065,0.88892263,0.684188325,0.74106795,0.732638955
mixfake_music_dev_v1,RS-FM_LA_D_3316221_m9MQdg0k1t0,0.8099105003315608,0.009944183394163579,0.793534175719895,0.78377795,0.9254968,0.74994363,0.7490243249999999,0.749864595
mixfake_music_dev_v1,RS-FM_LA_D_3343965_mjZylz3nCwQ,0.9126268888893065,0.00024108865995862955,0.9134349277907856,0.7561657,0.8571012,0.733296825,0.504157725,0.3956598525
mixfake_music_dev_v1,RS-FM_LA_D_3387539_fake_51976_udio_0,0.7131975595970648,0.039044568111559944,0.9281363970178611,0.82553893,0.41984883,0.74831955,0.6048061275,0.7495281
mixfake_music_dev_v1,RS-FM_LA_D_3494648_wEHRmd84Dwc,0.5566128715778288,0.0027085850505276458,0.4245261829535378,0.7754217,0.77474594,0.74717358,0.71742735,0.74928705
mixfake_music_dev_v1,RS-FM_LA_D_3494648_yHd5DzIbWL8,0.8840505772877159,0.20658144067847636,0.8733820671490794,0.257402,0.92899364,0.75,0.595897275,0.749995305
mixfake_music_dev_v1,RS-FM_LA_D_3500984_E3F9bzeCgTQ,0.8582103207401072,0.35183656805079966,0.8299530141025182,0.5250902,0.97365946,0.7468707975,0.749992875,0.73471467
mixfake_music_dev_v1,RS-FM_LA_D_3500984_fake_29830_suno_0,0.8840335174425421,0.00845128393529206,0.905834542367289,0.27134573,0.94993854,0.74999982,0.74999865,0.75
mixfake_music_dev_v1,RS-FM_LA_D_3514242_fake_35706_suno_0,0.7206875186006658,0.06013991034539146,0.7452020776100349,0.39902782,0.9665917,0.74999142,0.749999955,0.75
mixfake_music_dev_v1,RS-FM_LA_D_3519840_XWhmLbnrtd0,0.8967678594822583,0.5790828447751157,0.7085068799713568,0.77595633,0.8254566,0.749026575,0.735002775,0.748135875
mixfake_music_dev_v1,RS-FM_LA_D_3526885_dAAwzwexvUQ,0.9220295921959267,0.018653094008883243,0.9240697641506317,0.43443257,0.90633243,0.7499943225000001,0.75,0.75
mixfake_music_dev_v1,RS-FM_LA_D_3536394_4Lk8pUeLCwQ,0.8596878306677946,0.002200075149049249,0.8413539267416772,0.68509436,0.90407246,0.749993325,0.74987175,0.74997912
mixfake_music_dev_v1,RS-FM_LA_D_3536394_FaRrq7cYu84,0.7053243765304209,0.0009697893934101087,0.8464557324946073,0.68284595,0.8707889,0.749999925,0.7471092525,0.7499994
mixfake_music_dev_v1,RS-FM_LA_D_3554499_We9P_UcHNk8,0.8433461740336455,0.04072290710017512,0.8521308705249325,0.70355505,0.8580441,0.7492464299999999,0.7422502049999999,0.747363525
mixfake_music_dev_v1,RS-FM_LA_D_3554499_fake_36444_suno_0,0.9279178990818198,0.011658659002549306,0.9407934549229535,0.83817124,0.9196465,0.7499993775,0.7499997,0.75
mixfake_music_dev_v1,RS-FM_LA_D_3559270_BxbB2_N5Xtk,0.9965563263658623,0.9873653942607135,0.7654629830739368,0.65884155,0.7868303,0.749959455,0.7498796249999999,0.749996925
mixfake_music_dev_v1,RS-FM_LA_D_3559270_fake_49588_suno_1,0.7664264004887561,0.008273332810719791,0.8992592728350087,0.7634622,0.92307526,0.749999595,0.749992725,0.75
mixfake_music_dev_v1,RS-FM_LA_D_3596872_8rCYRgePG-4,0.8457060149514213,0.007244064094916473,0.8510504416365189,0.7740663,0.8097337,0.7498797,0.749997945,0.74999973
mixfake_music_dev_v1,RS-FM_LA_D_3608903_fake_38986_udio_0,0.8175240219872117,0.01485395838676899,0.772325402468776,0.61159575,0.9124722,0.749906025,0.7499420250000001,0.74999982
mixfake_music_dev_v1,RS-FM_LA_D_3686487_AFwmMFq_xlc,0.3643464951754927,0.0003928195658104666,0.19083296838450498,0.7902366,0.8753166,-0.7498857375,0.7167595499999999,0.41725972499999997
mixfake_music_dev_v1,RS-FM_LA_D_3694891_clefr8E-iZQ,0.7408677251168191,0.0006286308147167858,0.7171224077185655,0.81444305,0.8279011,0.74995755,0.58416555,0.7482963
mixfake_music_dev_v1,RS-FM_LA_D_3698358_4T2KBwRxi_g,0.6286565790030373,0.004932852014211048,0.7798871223821257,0.55252415,0.7574655,0.7499987475000001,0.749938875,0.749998275
mixfake_music_dev_v1,RS-FM_LA_D_3703286_AzGtPHlrlzU,0.623917501203488,0.0018637899410484328,0.924348424123158,0.7668892,0.37146348,0.7499994,0.621052755,0.749990655
mixfake_music_dev_v1,RS-FM_LA_D_3703286_cY3g6N5Sokk,0.5126070080712537,0.0038445757131622357,0.4496359980705451,0.7604608,0.73333377,0.7499783999999999,0.653219025,0.749737125
mixfake_music_dev_v1,RS-FM_LA_D_3714679_Q7oWXOByo28,0.6971534718448171,0.02661081869718347,0.717017733858727,0.69669,0.8303487,0.6373995,0.749856075,0.749803875
mixfake_music_dev_v1,RS-FM_LA_D_3714679_a-11dtG7aK4,0.9027724602895468,0.14554895125918602,0.9064352351446796,0.800408,0.8732488,0.748462245,0.75,0.7499989275000001
mixfake_music_dev_v1,RS-FM_LA_D_3717777_4ueN2gGsH5Y,0.8923901509423293,0.160844887286617,0.9036669209559327,0.8018291,0.95215875,0.7499854275,0.7498924499999999,0.7499992875
mixfake_music_dev_v1,RS-FM_LA_D_3733779_eVjcfdxSFKQ,0.7125448877572917,0.021742623302791284,0.9265681582988391,0.7649625,0.8772428,0.749991195,0.749875875,0.74999865
mixfake_music_dev_v1,RS-FM_LA_D_3773719_hgJK2ZDgWtU,0.7801872866243108,0.00025568530519532297,0.9407050447754369,0.8046108,0.76957184,0.746350425,0.72283455,0.7499650875
mixfake_music_dev_v1,RS-FM_LA_D_3787070_Ae8o_FMI0Xs,0.770375254095259,0.009970831383618902,0.7776375660490964,0.7876371,0.83279735,0.7486762499999999,0.7499996250000001,0.7499962499999999
mixfake_music_dev_v1,RS-FM_LA_D_3787070_fake_24864_udio_0,0.6267461048380238,0.001735817280185206,0.5772283032611075,0.7858878,0.83059,0.749887305,0.7388224725,0.7499512500000001
mixfake_music_dev_v1,RS-FM_LA_D_3787464_HyyHwIK9SSI,0.783453751991268,0.00020033108914077163,0.7658472827725952,0.8379752,0.9033551,0.7499221275,0.74898975,0.7497610125
mixfake_music_dev_v1,RS-FM_LA_D_3787464_fake_50880_suno_1,0.8469466756754018,0.033092185756200036,0.8511418583116833,0.54353076,0.9699962,0.749999955,0.75,0.75
mixfake_music_dev_v1,RS-FM_LA_D_3792397_fake_11199_suno_0,0.8965270378985043,0.00301290678074108,0.9005804108750901,0.44390368,0.9357276,0.749994975,0.7499907,0.749999775
mixfake_music_dev_v1,RS-FM_LA_D_3805241_IL1n6jzABVw,0.8286824227498997,0.007297194173930436,0.7728071176197905,0.48076373,0.85360926,0.749999595,0.7496706224999999,0.749999925
mixfake_music_dev_v1,RS-FM_LA_D_3806476_fake_09767_udio_0,0.566500742087643,0.016634425201708512,0.7413574242304924,0.6296192,0.7003286,0.7492485,0.749998305,0.749997495
mixfake_music_dev_v1,RS-FM_LA_D_3836344_fake_24468_udio_0,0.8779752901169643,0.006345946267333328,0.8912504326011915,0.701956,0.8534237,0.743017005,0.74959545,0.7499804625
mixfake_music_dev_v1,RS-FM_LA_D_3836344_qRLRLp-KTFs,0.9349643679412646,0.01939488490759764,0.9255831653963057,0.7898255,0.7647603,0.74999973,0.74999808,0.749999925
mixfake_music_dev_v1,RS-FM_LA_D_3857058_nXfqAzdu8IY,0.8486302817934537,0.004945903146626265,0.8666093548304367,0.7499254,0.82807595,0.5942493,0.7371767625000001,0.7492972200000001
mixfake_music_dev_v1,RS-FM_LA_D_3887452_fake_27175_suno_1,0.7914832789075563,0.0015698860642130719,0.9573845263086769,0.6956538,0.8440221,0.75,0.749999775,0.75
mixfake_music_dev_v1,RS-FM_LA_D_3892057_uCCdUB7D10U,0.6250945256202554,0.0003505600909555514,0.5384360410991328,0.8186255,0.8642173,0.251469165,0.749999925,0.749984355
mixfake_music_dev_v1,RS-FM_LA_D_3909550_WtN6uiDikRM,0.8271394239761042,0.003476277361851939,0.7988548338180526,0.73856395,0.8646244,0.749999955,0.64465338,0.74999982
mixfake_music_dev_v1,RS-FM_LA_D_3956242_fake_22220_suno_1,0.7930470323492143,0.012708011856258248,0.8289840533900819,0.57184774,0.9257357,0.75,0.7499997,0.75
mixfake_music_dev_v1,RS-FM_LA_D_4004968_TnCXmm-v3Ys,0.5354243265983725,0.00081963471096458,0.7097656614199848,0.5451704,0.61022216,0.7497814875,0.742274325,0.749981805
mixfake_music_dev_v1,RS-FM_LA_D_4013164_4Mm5mBgktG0,0.6693755803361142,0.008934880574760447,0.6850217626712714,0.831212,0.8726972,0.74999973,0.7499924025,0.749999955
mixfake_music_dev_v1,RS-FM_LA_D_4041525_d-KxsdWX9xE,0.4407229461138525,0.015992020286743434,0.6112508730381699,0.7493798,0.55016106,0.74999982,0.726626775,0.74991663
mixfake_music_dev_v1,RS-FM_LA_D_4146741_4i1aizhCnfg,0.9950817458034632,0.9785187528265124,0.6488461839268304,0.7893466,0.8316879,0.72923535,0.749941875,0.749939205
mixfake_music_dev_v1,RS-FM_LA_D_4159059_fake_34765_udio_1,0.703865387864046,0.007708271394494703,0.6972060579116209,0.69367725,0.7619045,0.5034126,0.633743625,0.7345987125
mixfake_music_dev_v1,RS-FM_LA_D_4198004_rQeikHMQGOM,0.7824342838080874,0.001404517471649393,0.9379473995734485,0.6762866,0.9039627,0.7492410225,0.703873245,0.7377197775
mixfake_music_dev_v1,RS-FM_LA_D_4221800_fake_12545_udio_0,0.510087932617945,0.0033006439300295592,0.7794119204961142,0.8205126,0.4590304,0.74999763,0.743504805,0.74997945
mixfake_music_dev_v1,RS-FM_LA_D_4226294_fake_39922_udio_1,0.6468832181056264,0.0020262528449414923,0.7201832996892796,0.7161872,0.86484444,0.7499987475000001,0.7499823449999999,0.75
mixfake_music_dev_v1,RS-FM_LA_D_4226294_vo7BYs1OqbM,0.5632237268125422,0.08079486322762536,0.20434077239769974,0.46896508,0.9523399,0.743096025,0.7499943225000001,0.7499960999999999
mixfake_music_dev_v1,RS-FM_LA_D_4296014_T78nMdsJMmk,0.7391962257548738,0.0008542491097943062,0.7683402988917899,0.8168712,0.85292745,0.75,0.749936205,0.75
mixfake_music_dev_v1,RS-FM_LA_D_4334876_fake_43789_suno_1,0.940553296920272,0.0014743100688992322,0.9511878350223388,0.6690857,0.93358856,0.7499955,0.7499827875,0.75
mixfake_music_dev_v1,RS-FM_LA_D_4349047_dwAo0dKCyBI,0.43572721208934667,0.01803605041199034,0.4556793276152729,0.5190798,0.90240425,0.6325125375,0.749999955,0.749998125
mixfake_music_dev_v1,RS-FM_LA_D_4350271_fake_14867_udio_1,0.7657599948139734,0.004142653717442254,0.9018123899629858,0.557683,0.75167495,0.74999985,0.7437164249999999,0.74999175
mixfake_music_dev_v1,RS-FM_LA_D_4350271_fake_31356_suno_0,0.8681951054117572,0.0018452437783791473,0.8803180442651153,0.4083164,0.91339386,0.75,0.75,0.75
mixfake_music_dev_v1,RS-FM_LA_D_4367012_MEew7OQ17HY,0.10785130346700753,0.0016116696987287427,0.7530975581118937,0.76198727,0.88261825,0.75,0.7090011,0.749999925
mixfake_music_dev_v1,RS-FM_LA_D_4367012_iQAXwX28LLw,0.06902451860432231,0.0022206211380142536,0.46338522778169344,0.7592816,0.75290304,0.749999955,0.749987475,0.749999955
mixfake_music_dev_v1,RS-FM_LA_D_4401633_3uz_ZrGsIaA,0.9478559691357688,0.6617513205873133,0.9243145380602832,0.4474943,0.9333564,0.6769926749999999,0.58053312,0.7297248749999999
mixfake_music_dev_v1,RS-FM_LA_D_4402714_fake_15954_suno_0,0.46853744413794923,0.0007248583110247518,0.9441868293514284,0.7981325,0.76126975,0.7493574000000001,0.74999925,0.749997075
mixfake_music_dev_v1,RS-FM_LA_D_4462839_tk4s-nlhmEQ,0.6659409039200728,0.0007089654251550511,0.6586708806002698,0.8257354,0.7662643,0.74999982,0.67860237,0.7499848875
mixfake_music_dev_v1,RS-FM_LA_D_4494387_fake_53664_udio_0,0.4609668476473415,0.025545258268000873,0.4772440493853172,0.68335783,0.91073954,0.74997675,0.5934730500000001,0.7499741249999999
mixfake_music_dev_v1,RS-FM_LA_D_4511951_ow12iGt8z5Q,0.8925757131114328,0.589856635004445,0.8895979486851263,0.40687755,0.960485,-0.749260425,0.7496811750000001,0.7394789024999999
mixfake_music_dev_v1,RS-FM_LA_D_4511951_z31iCbkqYyw,0.9138073809618353,0.006000904836779128,0.9305950258957048,0.78986275,0.82019705,0.26987889,0.7499977200000001,0.7481152125
mixfake_music_dev_v1,RS-FM_LA_D_4571818_tz2TlSMmTp4,0.9430174174810037,0.19494904211702102,0.9741582871839676,0.74017423,0.5524771,-0.74852148,0.515368125,0.582316125
mixfake_music_dev_v1,RS-FM_LA_D_4606004_2o1p83UjJFA,0.8475315114348662,0.006754354914403056,0.8578989837902244,0.78467244,0.96356565,0.613917525,0.727796625,0.749824725
mixfake_music_dev_v1,RS-FM_LA_D_4645660_fake_45118_suno_0,0.7939838535482475,0.0028388245866197933,0.7563947325874936,0.8413924,0.9229418,0.7499990625,0.75,0.75
mixfake_music_dev_v1,RS-FM_LA_D_4655594_LEG7xkYOsWA,0.9689163027022215,0.832338851806356,0.9543216399261238,0.55423844,0.8747694,0.7499437499999999,0.74997015,0.7499989275000001
mixfake_music_dev_v1,RS-FM_LA_D_4667621_fake_20244_udio_0,0.6715994660598612,0.7581154386757392,0.4939459420054029,0.5866969,0.93513596,0.7363443375000001,0.7499979,0.749990475
mixfake_music_dev_v1,RS-FM_LA_D_4723086_0s0Uy0-zBa0,0.8796573066254737,0.4426110049256101,0.8865231262922849,0.7714583,0.44951028,0.7498880625,0.749999505,0.7499976
mixfake_music_dev_v1,RS-FM_LA_D_4723086_p1-07VdP__Q,0.4780983380291826,0.01230556991325163,0.6171336319317883,0.6866721,0.8262587,0.749877645,0.354715485,0.7495585499999999
mixfake_music_dev_v1,RS-FM_LA_D_4723558_fake_53195_suno_0,0.8539113330960744,0.008488652693493593,0.8484000220146598,0.70860463,0.90240645,0.749969025,0.7499866500000001,0.749999955
mixfake_music_dev_v1,RS-FM_LA_D_4739519_fake_44857_udio_0,0.9145398721177654,0.29890464946694173,0.9107280805401491,0.7503658,0.90278363,0.7499313000000001,0.75,0.749999925
mixfake_music_dev_v1,RS-FM_LA_D_4767028_WI2d5vDJeLo,0.9495194949539447,0.1727717058912508,0.9378842514640874,0.48948556,0.9292683,0.3906891,0.749359125,0.749841345
mixfake_music_dev_v1,RS-FM_LA_D_4771783_4QJktFv916o,0.6837936238356468,0.0032389405908212015,0.9239709261878121,0.5870975,0.63104457,0.14776762499999999,0.6355726275,0.5525237025
mixfake_music_dev_v1,RS-FM_LA_D_4771783_fake_51427_suno_1,0.9324357254638431,0.0038014444012278367,0.9430915088357468,0.73774815,0.94451785,0.749187645,0.75,0.75
mixfake_music_dev_v1,RS-FM_LA_D_4777626_fake_34425_udio_1,0.8924888857467622,0.05933148189372316,0.8266065772750157,0.5705241,0.90723157,0.749999775,0.7499705999999999,0.74999985
mixfake_music_dev_v1,RS-FM_LA_D_4777881_MpWGx5odhh8,0.815288993012993,0.004119407606189518,0.8393920355836556,0.68509203,0.8254705,0.7499931,0.74995257,0.7499937
mixfake_music_dev_v1,RS-FM_LA_D_4784827_TPYNIc_M1ng,0.9167914448350513,0.7971361941185999,0.856515702633781,0.68356615,0.88457084,0.7499997,0.5138104875,0.7499930699999999
mixfake_music_dev_v1,RS-FM_LA_D_4796882_fake_23934_udio_0,0.7203525117053345,0.0011353427331038959,0.7364773892072543,0.75833255,0.8591058,0.7264214625000001,0.708240195,0.7467741
mixfake_music_dev_v1,RS-FM_LA_D_4816127_fake_22632_udio_0,0.8252221927937976,0.003994663660002046,0.8234070089726635,0.75936586,0.7073113,0.7499562750000001,0.6440218125,0.749602725
mixfake_music_dev_v1,RS-FM_LA_D_4833247_InfQUMh935c,0.7670581448390182,0.01891971607109255,0.7682986069568483,0.7561747,0.94698167,-0.59260878,0.74862015,0.7389676275
mixfake_music_dev_v1,RS-FM_LA_D_4838520_fake_39777_suno_0,0.8675347509570953,0.00119711085050946,0.8882933246355219,0.69493645,0.95479625,0.75,0.74951265,0.75
mixfake_music_dev_v1,RS-FM_LA_D_4876121_fake_03475_suno_1,0.9339822408809252,0.02272250113024426,0.9357314637451666,0.35864195,0.9375715,0.73094322,0.75,0.75
mixfake_music_dev_v1,RS-FM_LA_D_4876121_fake_43520_suno_0,0.7982184356038843,0.004848780293343985,0.9435450384805905,0.7746677,0.7270422,0.7449295499999999,0.7499862,0.7499960999999999
mixfake_music_dev_v1,RS-FM_LA_D_4890059_AAWe4zRLVVU,0.7764064236593737,0.014368460811257065,0.7409953187174617,0.8013969,0.8905053,0.749973975,0.7493373,0.74999115
mixfake_music_dev_v1,RS-FM_LA_D_4941205_fake_33871_udio_1,0.48924960308316956,0.32315354830939685,0.17328265624818012,0.3575344,0.94213057,0.7499904,0.74953602,0.749998575
mixfake_music_dev_v1,RS-FM_LA_D_4969859_fake_02021_suno_0,0.8845755329231082,0.01673713585015675,0.8929571832384963,0.56325555,0.91647005,0.67055538,0.75,0.75
mixfake_music_dev_v1,RS-FM_LA_D_4981154_uqUNGNZoxrg,0.7213948609313635,0.007913838773637718,0.6800841660744128,0.76569945,0.71169066,0.733963275,0.56482923,0.7495753199999999
mixfake_music_dev_v1,RS-FM_LA_D_5018258_GcOOmVSM8Uw,0.6727819524147168,0.0060684980829199256,0.8861670602879388,0.70808977,0.6138106,0.747646005,0.698925105,0.7380198
mixfake_music_dev_v1,RS-FM_LA_D_5018258_OzaVvthCvtk,0.656004487484647,0.0014308803452762347,0.6076473652268515,0.71282035,0.7811293,0.739081305,0.6679875000000001,0.742853655
mixfake_music_dev_v1,RS-FM_LA_D_5066833_bYwoYjbPm-I,0.20418473854766023,0.007912705138562983,0.18971887435140675,0.8573198,0.9589087,0.62187222,0.74999835,0.7498366125
mixfake_music_dev_v1,RS-FM_LA_D_5175785_fake_26077_udio_0,0.6805779759669114,0.0028764042002025997,0.6990303242497937,0.84926206,0.8362105,0.7499852475,0.5959323,0.74998833
mixfake_music_dev_v1,RS-FM_LA_D_5178609_Bgsy5UpXx8I,0.7289744260848976,0.00048024175326956436,0.6820333231284712,0.70379406,0.8215604,0.7499892,0.1304630925,0.749920125
mixfake_music_dev_v1,RS-FM_LA_D_5178609_fake_53547_suno_0,0.8729493090174324,0.024049624245335136,0.8835352167073295,0.37786585,0.9536393,0.749999955,0.7497187274999999,0.749999955
mixfake_music_dev_v1,RS-FM_LA_D_5260084_MS8VU468rKk,0.502913067069513,0.0007385208228736301,0.2605736408590003,0.80077726,0.77034676,0.74811855,0.6057022950000001,0.7211515875
mixfake_music_dev_v1,RS-FM_LA_D_5278285_fake_25837_udio_0,0.9773891922319908,0.9801033039346917,0.9387131490970168,0.74821705,0.93172944,0.7489158524999999,0.75,0.7499917724999999
mixfake_music_dev_v1,RS-FM_LA_D_5324608_fake_03140_udio_1,0.7559858237564744,0.41692994434365027,0.6050292340814246,0.48221642,0.96133345,0.74996817,0.46529688,0.749998725
mixfake_music_dev_v1,RS-FM_LA_D_5324608_fake_35430_suno_1,0.7205817534760359,0.004370965130411569,0.7598542383073791,0.7731112,0.83649486,0.749915325,0.7499993775,0.749999505
mixfake_music_dev_v1,RS-FM_LA_D_5348059_fake_47034_udio_1,0.7812085522655033,0.011131431965307245,0.7268887293270349,0.77201664,0.86694664,0.5687321249999999,0.748963725,0.747003675
mixfake_music_dev_v1,RS-FM_LA_D_5411434_fake_12720_suno_1,0.26221042985797155,0.0018191809663780781,0.938216748507069,0.68020207,0.72862524,0.74956812,0.7499121,0.749997825
mixfake_music_dev_v1,RS-FM_LA_D_5415483_nBSMh7pgn2o,0.6786067472109356,0.028638114014568325,0.8440483791031271,0.72190124,0.71896833,0.74994705,0.48742559999999996,0.749862375
mixfake_music_dev_v1,RS-FM_LA_D_5445492_fake_52568_suno_0,0.7943390545798584,0.0032389662806219083,0.819977439746386,0.76837987,0.87335116,0.749943045,0.75,0.75
mixfake_music_dev_v1,RS-FM_LA_D_5445492_fake_53703_udio_0,0.7280282944093635,0.9111403702369452,0.20706609092766978,0.32169735,0.94775856,0.39629722500000003,0.749997075,0.74990232
mixfake_music_dev_v1,RS-FM_LA_D_5463411_R77XPtKgvy4,0.9398035671764221,0.8089797810346583,0.6025205787986359,0.80345285,0.85824126,0.74999298,0.7499452799999999,0.74999817
mixfake_music_dev_v1,RS-FM_LA_D_5467345_T7bG4kIEw-M,0.848421860824465,0.22088910253860294,0.6102174595973299,0.8356128,0.79397285,-0.229184175,0.327227535,0.6872355525
mixfake_music_dev_v1,RS-FM_LA_D_5521568_kQw2NQ_eqyg,0.7219145537769265,0.010474565725642745,0.7396578878285245,0.7852606,0.91992366,0.7347549525,0.7496003474999999,0.747985425
mixfake_music_dev_v1,RS-FM_LA_D_5540152_-5FoeegAgvU,0.9273608439499477,0.36200334790568944,0.9386036203979987,0.6981882,0.9390058,0.7230043275,0.74906118,0.41886225
mixfake_music_dev_v1,RS-FM_LA_D_5545304_0jFQ21A6GRA,0.7172807260595635,0.003265615708829024,0.6949007219531862,0.7959763,0.83682865,0.7499874375,0.73111515,0.749867325
mixfake_music_dev_v1,RS-FM_LA_D_5545304_XzlDa1dzUh4,0.825495978013892,0.002886194949255124,0.8382091755366186,0.62116784,0.7964167,0.75,0.74921265,0.749999775
mixfake_music_dev_v1,RS-FM_LA_D_5604212_wxKtBDKasgM,0.5827139268417073,0.010658525799124609,0.31192425054763656,0.7281263,0.94214547,0.748460175,0.730766145,0.7476308475
mixfake_music_dev_v1,RS-FM_LA_D_5607743_7S3fU4RHabw,0.27167905513573054,0.02839428373152619,0.15057210886899547,0.60681146,0.7835241,0.7498988249999999,0.22331933999999998,0.7280340525
mixfake_music_dev_v1,RS-FM_LA_D_5607743_Vfcfj4OIJXE,0.8966173452026525,0.39693599967109156,0.7242313382261197,0.87296313,0.8689807,-0.21841927499999997,0.5976025199999999,0.733075275
mixfake_music_dev_v1,RS-FM_LA_D_5607743_caFMauLQvd4,0.698825869277877,0.04232058180508571,0.8109352238775293,0.604925,0.8017163,0.7498235249999999,0.7448854725,0.7499868000000001
mixfake_music_dev_v1,RS-FM_LA_D_5611098_KeSbjmMeyrY,0.8502779677475992,0.6568570266335285,0.49477022677488275,0.7723738,0.85644054,0.455936475,0.616396305,0.740804775
mixfake_music_dev_v1,RS-FM_LA_D_5636069_Gw0KmZ3kbjs,0.4397671424062229,0.003799515547525749,0.7010486479205984,0.7827194,0.78350586,0.414159525,0.713177295,0.645464325
mixfake_music_dev_v1,RS-FM_LA_D_5636069_j5R0hwX27Gk,0.9119708474627667,0.012159684918592905,0.8679512932094967,0.6117323,0.8902268,0.74651067,0.018790197,0.577299675
mixfake_music_dev_v1,RS-FM_LA_D_5684697_fake_30345_udio_1,0.9707637232520097,0.010923075464220394,0.9766807680501337,0.7921867,0.9002897,0.749970855,0.75,0.75
mixfake_music_dev_v1,RS-FM_LA_D_5684697_fake_48009_udio_1,0.8941981179976128,0.006138471075511059,0.8959211424091139,0.69482803,0.88003767,0.749999325,0.74976225,0.749999955
mixfake_music_dev_v1,RS-FM_LA_D_5700038_fake_50216_suno_1,0.8941315259091226,0.0018379171675139301,0.9115263244192038,0.8872657,0.93551254,0.49883499749999993,0.7499992875,0.7499838000000001
mixfake_music_dev_v1,RS-FM_LA_D_5738969_fake_52064_suno_1,0.685955164379408,0.003865274308583827,0.7032870834031023,0.7901174,0.8682243,0.74996853,0.749999955,0.749999955
mixfake_music_dev_v1,RS-FM_LA_D_5907410_fake_24056_suno_1,0.8653375568589562,0.0065098327578022785,0.882771740063927,0.76818764,0.89463735,0.749976,0.75,0.75
mixfake_music_dev_v1,RS-FM_LA_D_5925557_Ail32Z1T4QM,0.7421108031827527,0.0008744996756628096,0.7583120474891211,0.8105848,0.80976653,0.738055455,0.6419421,0.74255775
mixfake_music_dev_v1,RS-FM_LA_D_5934426_IO5QJRyoqO8,0.7684072769636305,0.015248389306616525,0.8865585600579545,0.63116753,0.79683185,0.749999775,0.749999325,0.74999985
mixfake_music_dev_v1,RS-FM_LA_D_5934426_OBJM1TqPvu4,0.8276944228763273,0.002183981600320254,0.8493398398933052,0.8052956,0.85105145,0.749997375,0.749654775,0.7499808
mixfake_music_dev_v1,RS-FM_LA_D_5947257__b5n-mny1lM,0.8331133154491513,0.0010457486973912925,0.8761528889518453,0.77275217,0.9170714,-0.0062062395,0.697331295,0.698350575
mixfake_music_dev_v1,RS-FM_LA_D_5965283_tIRHm8VhK_4,0.8655325440343704,0.0007476744055773662,0.889017914421209,0.8804244,0.92141527,0.749951625,0.7475691,0.7497233775000001
mixfake_music_dev_v1,RS-FM_LA_D_6067380_CwmUMySSNQc,0.9490941885664036,0.14267860773086907,0.9367078760574894,0.8950197,0.9661596,-0.731367075,0.75,0.7498792125
mixfake_music_dev_v1,RS-FM_LA_D_6067380_fake_51082_suno_0,0.9052248277364738,0.11565775944419422,0.9171337942513353,0.84447765,0.89978004,0.11606465249999999,0.75,0.75
mixfake_music_dev_v1,RS-FM_LA_D_6068075_VsMy72BoIbU,0.9502813233562613,0.9968378636310153,0.7056582535443758,0.53664505,0.95367527,0.7499976,0.7499955,0.7499947275
mixfake_music_dev_v1,RS-FM_LA_D_6068075_a-P0p_UtagM,0.6537312081646598,0.0029276922902466713,0.6571231592808208,0.69212824,0.6702517,0.7367230499999999,0.749981445,0.74970138
mixfake_music_dev_v1,RS-FM_LA_D_6073354_fake_21719_suno_1,0.931649381859273,0.04483060464450518,0.9400109098419979,0.69188493,0.9350604,0.74997282,0.7499996250000001,0.75
mixfake_music_dev_v1,RS-FM_LA_D_6212089_xmSMAmnoRug,0.9291836584128724,0.9628699675175371,0.9284613490346232,0.5814541,0.8901669,-0.5601736724999999,0.6110035500000001,-0.660382725
mixfake_music_dev_v1,RS-FM_LA_D_6265671_zRixZ7mWwho,0.8309412075614481,0.0005347244941684486,0.7830956406176972,0.7980539,0.836317,0.060035475000000005,0.540190905,0.7376864999999999
mixfake_music_dev_v1,RS-FM_LA_D_6266231_fake_20460_suno_0,0.8356637161151983,0.1047188084001677,0.8414093684376408,0.27228233,0.9535373,0.75,0.749999775,0.75
mixfake_music_dev_v1,RS-FM_LA_D_6283341_aCUZuMblJPg,0.6836856275775337,0.015167002612967018,0.664418841316171,0.8042713,0.9415167,0.7499556974999999,0.7482327,0.749524425
mixfake_music_dev_v1,RS-FM_LA_D_6287239_4kyWH8eWP8M,0.9994042301028742,0.9972480044995059,0.919822726555575,0.36591095,0.43319866,0.7418264625,0.74997675,0.749998125
mixfake_music_dev_v1,RS-FM_LA_D_6287239_fake_31117_suno_1,0.9267737979765773,0.00522006843685651,0.9391282041550546,0.5194579,0.9398745,0.74999295,0.75,0.75
mixfake_music_dev_v1,RS-FM_LA_D_6288557_fake_20577_udio_0,0.8675329629568401,0.0028722554117532766,0.8818974834619467,0.7154853,0.9323684,0.74999925,0.749999925,0.75
mixfake_music_dev_v1,RS-FM_LA_D_6311046_P0vjXnnIiR4,0.8816503449390488,0.290461285338483,0.891670533478112,0.7867744,0.90522534,0.714523425,0.70649055,0.7268216999999999
mixfake_music_dev_v1,RS-FM_LA_D_6311046_fake_14806_udio_0,0.6683507101445647,0.0020710250074928976,0.6353339848327387,0.86290085,0.8046538,0.7459800375,0.30560589,0.714946125
mixfake_music_dev_v1,RS-FM_LA_D_6401877_FYFapDVOFHg,0.6967806865124108,0.0034338784743818654,0.6901895704757629,0.80561996,0.92814046,0.749838,0.749005275,0.7499583
mixfake_music_dev_v1,RS-FM_LA_D_6401877_idVCpQaByc4,0.9172975935305201,0.05876409494634427,0.9151194991806252,0.7054178,0.9308813,0.61324965,0.7499811000000001,0.745017795
mixfake_music_dev_v1,RS-FM_LA_D_6402048_LEG7xkYOsWA,0.37681644930101743,0.003914666199862193,0.39042705985580045,0.7799919,0.74755025,0.749970825,0.7431812025,0.74998368
mixfake_music_dev_v1,RS-FM_LA_D_6402048_aUXKK9AmrPU,0.9324913277096317,0.44854062143354484,0.9275861618363432,0.5531791,0.8395479,-0.45327930000000005,0.749869125,0.5855783250000001
mixfake_music_dev_v1,RS-FM_LA_D_6421519_cYRsnYEPIiM,0.8479162157869098,0.637258985855803,0.7905993660574734,0.43660223,0.9535868,0.7470471975,0.7224002475,0.70753635
mixfake_music_dev_v1,RS-FM_LA_D_6421519_fake_47529_suno_0,0.8235529045438739,0.007170470180179533,0.8330772338169506,0.836436,0.8633568,0.75,0.749880675,0.75
mixfake_music_dev_v1,RS-FM_LA_D_6452789_fake_29189_suno_0,0.8422372049212411,0.004225920801684356,0.8891999189931115,0.6929265,0.9102079,0.7499874,0.7499973,0.749999955
mixfake_music_dev_v1,RS-FM_LA_D_6452789_xUMzNtC2ITA,0.8113973209492822,0.9080316653289809,0.6716688343229535,0.6113115,0.9642371,0.7473342000000001,0.7499983875,0.7499405025
mixfake_music_dev_v1,RS-FM_LA_D_6458272_fake_51591_suno_0,0.9337582141995453,0.8492427919802824,0.9043056375115802,0.61367613,0.9537126,0.7465521975,0.7499960625000001,0.749552925
mixfake_music_dev_v1,RS-FM_LA_D_6458272_tuoBmxts5Xo,0.7282855084628787,0.001765786787269807,0.7204770267501237,0.754715,0.8034546,0.576369255,0.7388307,0.7499848499999999
mixfake_music_dev_v1,RS-FM_LA_D_6495848_AUPmWhim37Y,0.7775408473060738,0.001000627867371637,0.765306897156039,0.8094718,0.8375042,0.74999985,0.7499967375000001,0.749999775
mixfake_music_dev_v1,RS-FM_LA_D_6549373_fake_37371_udio_1,0.8773658941260589,0.000950747197914412,0.8663015790563305,0.777355,0.8927671,0.75,0.74999982,0.75
mixfake_music_dev_v1,RS-FM_LA_D_6568071_fake_50523_suno_0,0.7181795526212544,0.0009368717658728377,0.7264081122320107,0.8127774,0.870299,0.7293837000000001,0.749391405,0.7496751375
mixfake_music_dev_v1,RS-FM_LA_D_6593270_-CUp_Tmg2Y0,0.9993637301602059,0.9920816650029491,0.9394451766671583,0.6478045,0.60076666,-0.4084542975,0.7361752275,0.7458369
mixfake_music_dev_v1,RS-FM_LA_D_6593270_fake_47653_udio_1,0.35547316043271254,0.07234642410788367,0.19174777525506523,0.70291483,0.8586091,0.749835,0.5187174,0.747090075
mixfake_music_dev_v1,RS-FM_LA_D_6598628_fake_45135_udio_1,0.6543010466595583,0.01187520328178122,0.9063241869340287,0.8591488,0.85121137,0.74999115,0.640357125,0.7499988375
mixfake_music_dev_v1,RS-FM_LA_D_6598628_fake_51390_suno_0,0.8743169581399224,0.12783457706142068,0.8761881194546927,0.37569958,0.9219743,0.75,0.7362915,0.75
mixfake_music_dev_v1,RS-FM_LA_D_6622348_4Ua6i_VDYU4,0.7313430118287467,0.0066985192722583955,0.6514635415293137,0.84539956,0.94240016,0.749769075,0.19474192499999998,0.7493090625000001
mixfake_music_dev_v1,RS-FM_LA_D_6622348_iX_a2Ct0ya8,0.8419805511912407,0.00040857281912393345,0.9973088352563222,0.65595037,0.6944671,0.73668405,0.7498274025,0.7466785725
mixfake_music_dev_v1,RS-FM_LA_D_6704472_SkIDF7iNJQE,0.8289246883984335,0.009205688600067388,0.7819668153906101,0.7965891,0.8974697,0.74992875,0.40369668750000004,0.7498999500000001
mixfake_music_dev_v1,RS-FM_LA_D_6724166_f8fUFmjqXZo,0.9242151202349339,0.023285044447243015,0.8979202115610067,0.82767415,0.86944836,0.5876865225000001,0.0353974725,0.27491956500000003
mixfake_music_dev_v1,RS-FM_LA_D_6733447_9IdAIIywBfY,0.6888847479054382,0.02614075543340813,0.673168109161373,0.75742036,0.90795255,0.74819415,0.74972418,0.746932875
mixfake_music_dev_v1,RS-FM_LA_D_6733447_fxznho_kNPY,0.5444109384528785,0.007331701333526922,0.39688778119815693,0.5138101,0.8718687,0.7347881625,0.433896675,0.5302866
mixfake_music_dev_v1,RS-FM_LA_D_6752758_0TV9zvfwFhs,0.9013769369157957,0.008596349417936435,0.9052561669223362,0.39439023,0.93532175,0.6699112949999999,0.7333160249999999,0.743543775
mixfake_music_dev_v1,RS-FM_LA_D_6752758_tcOHcop3sCQ,0.8169264946498552,0.0014455058177922657,0.8066060311248773,0.7942763,0.8737558,0.7478597250000001,0.65267265,0.718541445
mixfake_music_dev_v1,RS-FM_LA_D_6780824_fake_23000_suno_1,0.948884723820091,0.014494264127251816,0.9546693040953336,0.40062812,0.89739656,0.749999505,0.75,0.75
mixfake_music_dev_v1,RS-FM_LA_D_6806996_18mS4cLPOb8,0.6019578013836965,0.003053001964582777,0.39054275331310706,0.7794308,0.8581644,0.75,0.500172375,0.7499997
mixfake_music_dev_v1,RS-FM_LA_D_6806996_LHTA8VZGoMs,0.6094345113391287,0.007408110411342834,0.8431800221419983,0.7262006,0.58966917,0.7161741225,0.7499977200000001,0.7497567
mixfake_music_dev_v1,RS-FM_LA_D_6838449_fake_31736_udio_1,0.4168589595678577,0.06997195066555942,0.5628568016309147,0.82757,0.4811503,0.75,0.74225145,0.7499990999999999
mixfake_music_dev_v1,RS-FM_LA_D_6843468_zayC5mUo7sY,0.8679101150620719,0.0035953129908204893,0.8725067280049674,0.6612521,0.90048134,0.7499721524999999,0.7341849,0.749997975
mixfake_music_dev_v1,RS-FM_LA_D_6853055_n_boIyhZqWc,0.7704290095096122,0.001164279982309425,0.7368727728218555,0.7786017,0.94998854,0.7499986125,0.7435470525,0.74993862
mixfake_music_dev_v1,RS-FM_LA_D_6853824_X_nfMNpw9SA,0.9751635681343885,0.9971333076785496,0.8826380621464684,0.51116335,0.8650759,-0.726922275,0.7496341049999999,0.7385200125
mixfake_music_dev_v1,RS-FM_LA_D_6903853_zjsWFvUkh7M,0.7496706846718071,0.00367874527309096,0.9393182941728352,0.8410048,0.5526304,0.739399275,0.749916825,0.749845575
mixfake_music_dev_v1,RS-FM_LA_D_6972066_YtYjdkTK5oY,0.6890135704099547,0.007246097106950641,0.6668898641822318,0.8217218,0.8773195,0.744236625,0.6124969124999999,0.74856495
mixfake_music_dev_v1,RS-FM_LA_D_6986371_CrkxrgTiVyk,0.7641034401053587,0.01319164764180458,0.9068098909127034,0.8194572,0.65035665,0.5685201,0.749997825,0.7499980500000001
mixfake_music_dev_v1,RS-FM_LA_D_6986371_iQ7qeIrssds,0.9465435911726104,0.9595547193640368,0.8814879673558716,0.6386715,0.8230367,0.743150325,0.712942245,0.7497863625
mixfake_music_dev_v1,RS-FM_LA_D_6989506_fake_25220_udio_1,0.72889501065354,0.009274877585974318,0.7377563740192756,0.74166715,0.9178894,0.74999115,0.7499976,0.749999955
mixfake_music_dev_v1,RS-FM_LA_D_6989506_rVdI-aD9pq8,0.6784649957035925,0.01436835034114622,0.7292938576264097,0.5564484,0.7925202,0.74406915,0.749757075,0.7499125124999999
mixfake_music_dev_v1,RS-FM_LA_D_7066960_0nk7utNkHOY,0.8001479366490276,0.0014309112054573356,0.7657651253233142,0.5600756,0.74645716,0.045964242,0.7499508225,0.7484412
mixfake_music_dev_v1,RS-FM_LA_D_7066960_fake_09073_udio_1,0.9139527115333139,0.006775046464886527,0.9156022011093209,0.7369332,0.8979413,0.7203856875,0.7499997,0.7499835525
mixfake_music_dev_v1,RS-FM_LA_D_7081771_NLQts9t7d8k,0.7535750489976683,0.0233728360833614,0.9237077095588092,0.72947973,0.7534067,0.6066036525,0.6364384875,0.74914305
mixfake_music_dev_v1,RS-FM_LA_D_7110669_7ZXz3Xa7APs,0.8075825940545096,0.013286744539042356,0.8080080105637972,0.75824696,0.86538583,0.7499990625,0.7454190975,0.749999025
mixfake_music_dev_v1,RS-FM_LA_D_7130070_2G5bSYHcJSM,0.8849896532951761,0.37685779319047635,0.8447090711692053,0.5868792,0.88469136,0.6929097,0.532592475,0.7480552199999999
mixfake_music_dev_v1,RS-FM_LA_D_7130070_yBYd03Hr2kQ,0.8412263630831472,0.01172170176870781,0.7397754102709856,0.7618954,0.9259217,-0.7498679024999999,0.25744877250000003,0.6165038625
mixfake_music_dev_v1,RS-FM_LA_D_7179593_O0y-m0pCi5E,0.8074326681257981,0.08523432030468789,0.8936737944572518,0.65901446,0.7235247,0.7494623475,0.72888285,0.7499445
mixfake_music_dev_v1,RS-FM_LA_D_7234581_4i11P4OCRfk,0.8069707284756965,0.004178585550184764,0.7883653786103872,0.6906749,0.86959285,0.749859855,0.641182275,0.7440803625000001
mixfake_music_dev_v1,RS-FM_LA_D_7253146_FNnKFUkFJ5M,0.7065910637419931,0.00048349746074816623,0.6954882231581647,0.73415667,0.808018,0.6347312625,0.721436775,0.749847
mixfake_music_dev_v1,RS-FM_LA_D_7267402_01hjVJN9xCg,0.7336320923010108,0.0008283009116623991,0.7237875655790511,0.8375246,0.8642081,0.7337894025,0.69023715,0.730827795
mixfake_music_dev_v1,RS-FM_LA_D_7277373_3JYQgXudiH8,0.7673455361862156,0.011630387072149655,0.763596330236964,0.80283904,0.85153764,0.74999343,0.75,0.75
mixfake_music_dev_v1,RS-FM_LA_D_7344200_chw8sAKOM5k,0.8910748216257409,0.0005506410163842023,0.8831141348272041,0.7187577,0.8521185,0.75,0.7474999125,0.7499994
mixfake_music_dev_v1,RS-FM_LA_D_7366267_5AdeNHlPnvs,0.25000701729352165,0.0019750270040720503,0.7117409514759346,0.83000004,0.8521357,0.749903775,0.724079445,0.7497996
mixfake_music_dev_v1,RS-FM_LA_D_7366267_fake_05370_udio_0,0.8107710842372733,0.014230006759525904,0.8496126464680078,0.3976496,0.952001,0.7111779,0.7499948625,0.749997405
mixfake_music_dev_v1,RS-FM_LA_D_7433591_BjIksWR4oKw,0.8607876270660129,0.14758211146924358,0.8364259780265058,0.53522944,0.9152344,-0.1400211675,0.749390475,0.749504505
mixfake_music_dev_v1,RS-FM_LA_D_7433591_Rhn6K9HCbC8,0.9104334585495677,0.9052181160596833,0.8182348318215429,0.5892022,0.962371,0.74999973,0.749993025,0.7499997
mixfake_music_dev_v1,RS-FM_LA_D_7460902_Q7oWXOByo28,0.938418882582046,0.002456995483046182,0.9506319122737671,0.6298514,0.9599371,0.74966895,0.749999925,0.749999955
mixfake_music_dev_v1,RS-FM_LA_D_7512294_fake_40140_suno_0,0.8869606566550368,0.0062870262640060265,0.9010315919427424,0.79797155,0.8704913,0.7499955,0.6830925,0.749995755
mixfake_music_dev_v1,RS-FM_LA_D_7518137_BiPwCMlghhQ,0.5315501856548535,0.01765375928589628,0.5282498156755892,0.8394296,0.6989466,0.7462287224999999,0.6496387124999999,0.74477655
mixfake_music_dev_v1,RS-FM_LA_D_7562190_HLXGkzzQHUU,0.8586251317390613,0.0019891254604404297,0.8659570394491659,0.7291004,0.9222653,0.75,0.7495753199999999,0.749999955
mixfake_music_dev_v1,RS-FM_LA_D_7596579_24cmo2fEQo8,0.7288032604568517,0.03061153946933529,0.7378512001810766,0.4895,0.93734604,0.749999505,0.748747005,0.7499994
mixfake_music_dev_v1,RS-FM_LA_D_7596579_dbenNuhAW_I,0.7322500551413984,0.028026636386111522,0.5961296877811886,0.44187728,0.89448667,0.75,0.749995575,0.749999955
mixfake_music_dev_v1,RS-FM_LA_D_7596579_fWu8vVSSkNQ,0.33336740103758006,0.0009093881379271882,0.5488555586176945,0.75818837,0.7111251,0.7499975249999999,0.749392725,0.749932425
mixfake_music_dev_v1,RS-FM_LA_D_7596619_fake_13215_suno_0,0.9366445228232251,0.03333295788960495,0.9399224108795,0.7147735,0.8812939,0.7499987475000001,0.7496563199999999,0.74999982
mixfake_music_dev_v1,RS-FM_LA_D_7605047_yIFP8fkq8GU,0.9792951688384087,0.002382884045235794,0.9762303736454336,0.7681472,0.9157337,0.7499946,0.736583925,0.749995725
mixfake_music_dev_v1,RS-FM_LA_D_7611990_fake_40957_suno_0,0.8100353639432073,0.001196539411064686,0.840213044069189,0.8163744,0.8375725,-0.749149245,0.7488657000000001,0.7427161950000001
mixfake_music_dev_v1,RS-FM_LA_D_7629182_yfaxqwNHe7w,0.8286340178275647,0.005178747651912901,0.8418338635096096,0.61280507,0.9243081,0.7495116749999999,0.73807245,0.74992905
mixfake_music_dev_v1,RS-FM_LA_D_7640990_fake_48246_suno_1,0.9248063992261516,0.005871838754529814,0.932882539657471,0.2912772,0.87758124,0.707189325,0.75,0.75
mixfake_music_dev_v1,RS-FM_LA_D_7640990_fake_48460_udio_1,0.5521213365459462,0.0005201837472296185,0.572127511453618,0.746167,0.861636,-0.7473982499999999,0.7095444,0.23598434999999998
mixfake_music_dev_v1,RS-FM_LA_D_7727446_DA8lw6Mq0DY,0.6048941444138457,0.008336908661355029,0.5202750294964421,0.83539087,0.8097967,0.62268345,0.74999565,0.7498881000000001
mixfake_music_dev_v1,RS-FM_LA_D_7727446_fake_06121_suno_0,0.9479192372401811,0.0044936013167071985,0.9558321956456972,0.5530902,0.9152967,0.749997075,0.75,0.75
mixfake_music_dev_v1,RS-FM_LA_D_7757579_Ee6MP1bIRUA,0.9399398706349418,0.25462103012359877,0.9369954499109377,0.7245357,0.8713658,0.7180866,0.749974425,0.749990625
mixfake_music_dev_v1,RS-FM_LA_D_7783250_fake_35123_suno_0,0.7173461143312806,0.002772868829690702,0.7776991847904519,0.7157046,0.8400666,0.7498743375,0.75,0.749999955
mixfake_music_dev_v1,RS-FM_LA_D_7783288_fake_17155_udio_1,0.7584299096494751,0.0014173988279983173,0.748476144607428,0.5741914,0.9213552,0.7468637250000001,0.75,0.74999982
mixfake_music_dev_v1,RS-FM_LA_D_7783288_fake_26329_udio_1,0.8164023829153109,0.00018371816626523078,0.7993809864484713,0.87343436,0.899312,0.74999445,0.749972505,0.74999925
mixfake_music_dev_v1,RS-FM_LA_D_7783288_mWL9_WIbykw,0.5011945860862661,0.0009298580735389066,0.5183466638496811,0.79926986,0.8330962,0.7497107249999999,0.748518225,0.749951175
mixfake_music_dev_v1,RS-FM_LA_D_7787517_R4jlQEweREY,0.59794441616325,0.008784677903540794,0.8531790578211278,0.8089636,0.58114916,0.74949705,0.749914725,0.74967525
mixfake_music_dev_v1,RS-FM_LA_D_7866849_HEk4fx_XNNE,0.8610751197498039,0.008088674534751443,0.8567636105642469,0.76931906,0.9434349,0.7478928,0.74957232,0.7486196025
mixfake_music_dev_v1,RS-FM_LA_D_7866849_fake_23581_udio_0,0.7295984335613512,0.015574726030853962,0.6984337600030351,0.81939495,0.9142608,0.7405728375,0.7442241,0.74733648
mixfake_music_dev_v1,RS-FM_LA_D_7878191_X1KJfb5xhr4,0.7659775626542029,0.0007777678691147371,0.7971933223014129,0.8180243,0.86267096,0.74999775,0.74994363,0.7499980500000001
mixfake_music_dev_v1,RS-FM_LA_D_7878191_fake_22964_suno_0,0.8993929848179633,0.019619092767570987,0.9065852552994672,0.41338998,0.94010884,0.75,0.74985507,0.75
mixfake_music_dev_v1,RS-FM_LA_D_7879955_nSinUcyFFqg,0.8808941581581857,0.002822405517094848,0.8925480106707576,0.5645036,0.86172754,0.7499989275000001,0.749999955,0.749999955
mixfake_music_dev_v1,RS-FM_LA_D_7879955_tFVvupXoRoM,0.9801951184902765,0.7855968602628985,0.9415345796665893,0.675664,0.8223593,0.74999985,0.7499853375000001,0.74999982
mixfake_music_dev_v1,RS-FM_LA_D_7879955_zOvFaef41iw,0.9172004889061556,0.008918056556365385,0.9305201626531515,0.7923039,0.8286681,0.74986857,0.749934,0.74997795
mixfake_music_dev_v1,RS-FM_LA_D_7885719_fake_47288_udio_0,0.47119733897095156,0.004525690573364341,0.39838055035982883,0.78335035,0.8484458,0.6047736225,0.5592727500000001,0.685034175
mixfake_music_dev_v1,RS-FM_LA_D_7916368_TworrkXAPuI,0.8768448749137498,0.012679736547641304,0.8723853369532207,0.67558324,0.9204173,0.7499979,0.75,0.75
mixfake_music_dev_v1,RS-FM_LA_D_7957211_OBJM1TqPvu4,0.7126358256522032,0.0022170408538678375,0.7222910558321046,0.7924509,0.810628,0.7495845225,0.534612525,0.7268110050000001
mixfake_music_dev_v1,RS-FM_LA_D_7957211_bHiRX6QYwEk,0.6429608084310542,0.0011498808297694528,0.5361280245788783,0.6385919,0.9579216,-0.7067509875,0.75,0.749999955
mixfake_music_dev_v1,RS-FM_LA_D_8017606_NIcsJ8sEd0M,0.846880967089198,0.005152175406691857,0.844204486107202,0.69180274,0.8589966,0.75,0.7235919,0.749999775
mixfake_music_dev_v1,RS-FM_LA_D_8017606_uNUx8rqcy0M,0.6800049564987027,0.021055338953808542,0.62624958608493,0.8016755,0.9039229,0.5643640875,0.41207975250000006,0.6517355775
mixfake_music_dev_v1,RS-FM_LA_D_8059879_DhnNZn8JjEQ,0.8362684181944682,0.00559593551811361,0.8301683308269951,0.8203469,0.8513457,0.7499992875,0.7496301224999999,0.74999508
mixfake_music_dev_v1,RS-FM_LA_D_8076652_fake_46365_suno_1,0.6263972598500593,0.009010468612262224,0.7379654452753807,0.8899278,0.90801966,0.749999955,0.7499960625000001,0.75
mixfake_music_dev_v1,RS-FM_LA_D_8094862_R7gHB-YuUZM,0.8812963202858621,0.08855338923037728,0.9093337058112402,0.4406761,0.9256106,0.67548975,0.7495463475,0.7499740275
mixfake_music_dev_v1,RS-FM_LA_D_8179191_KHjEIheD-Cg,0.7018698234909401,0.00012359514506242084,0.6697898324032262,0.7046051,0.89679414,-0.7485244275,0.39091377,0.740319375
mixfake_music_dev_v1,RS-FM_LA_D_8179191_jfxTOlXF3Kk,0.6854189357523292,0.0016564395459549796,0.6494099302414877,0.8427017,0.8723319,0.7497362475,0.6662373,0.7484443199999999
mixfake_music_dev_v1,RS-FM_LA_D_8179191_vOAXAoHtl7o,0.7340506128834232,0.002899524103414818,0.6576306730789563,0.7967051,0.92484593,0.7499988,0.46147065,0.7495542749999999
mixfake_music_dev_v1,RS-FM_LA_D_8232673_AJj6GGLaIfI,0.8052013020922879,0.0001625944433058798,0.8175080641716328,0.81726474,0.81666553,-0.7499991525,0.6352357875,0.5995324125
mixfake_music_dev_v1,RS-FM_LA_D_8277825_fake_09403_udio_0,0.9400910562322252,0.5538674644055693,0.8289171097379273,0.80131763,0.9451203,0.4351872525,0.7499986125,0.7497890025
mixfake_music_dev_v1,RS-FM_LA_D_8277825_fake_53090_suno_0,0.8101956935351633,0.016376250828964923,0.8402930582038983,0.61904305,0.82869214,0.7495828274999999,0.7499993775,0.749999925
mixfake_music_dev_v1,RS-FM_LA_D_8302640_d6w3d9S1LVM,0.5600370294134239,0.003898115075617283,0.9536215080040085,0.7601951,0.7413005,0.588764175,0.74985015,0.7499851125
mixfake_music_dev_v1,RS-FM_LA_D_8316995_7vC1iriZlX8,0.9072252163923514,0.001211807228407698,0.8857440862987768,0.600631,0.8584307,0.7499986125,0.579681075,0.749996475
mixfake_music_dev_v1,RS-FM_LA_D_8316995_fake_30522_udio_0,0.49904325760226215,0.004753986371490605,0.5106157448817226,0.68326354,0.7333521,0.721148925,0.5159834775000001,0.7390993499999999
mixfake_music_dev_v1,RS-FM_LA_D_8340433_2f7NnTVQzR0,0.7450921183395213,0.00350077958476591,0.9127017389919687,0.7243712,0.86318696,-0.49166876249999997,0.74868315,0.583341795
mixfake_music_dev_v1,RS-FM_LA_D_8342132_ZLxhZcS3Ppw,0.838827333344982,0.003749283541627419,0.8213870527731174,0.69620264,0.84751034,0.74999985,0.7418529225,0.74999955
mixfake_music_dev_v1,RS-FM_LA_D_8428131_9L6ePkWtZI4,0.9422136526829322,0.9737624462283478,0.8530590110194861,0.7227407,0.9122381,-0.74996445,0.749796195,0.5719079250000001
mixfake_music_dev_v1,RS-FM_LA_D_8450008_fxznho_kNPY,0.7182054816298885,0.0018964572586682433,0.7124976775818294,0.7834388,0.86665154,0.74999817,0.687122925,0.74988795
mixfake_music_dev_v1,RS-FM_LA_D_8492975_BgTB_xt11bA,0.9228905750456599,0.0026754093292678696,0.9273165985540275,0.63002163,0.8720429,0.7499748,0.746999325,0.74999925
mixfake_music_dev_v1,RS-FM_LA_D_8492975_C-7ubPOCeJk,0.8707550112224398,0.021777545251861204,0.8696622503270965,0.7906241,0.8854352,0.749999925,0.73407228,0.749998725
mixfake_music_dev_v1,RS-FM_LA_D_8568451_SUclDZHax0w,0.7338029744973644,0.0012602798748501771,0.7048654934174777,0.79331994,0.8465203,0.57949743,0.7444389,0.738631455
mixfake_music_dev_v1,RS-FM_LA_D_8591429_1i1sbQOILb0,0.8026595245689652,0.004361651504929274,0.7890088615995315,0.4275198,0.8828878,0.75,0.68986845,0.749999955
mixfake_music_dev_v1,RS-FM_LA_D_8635476_fake_46070_suno_1,0.886257393107882,0.0011904394046319173,0.9059486291274276,0.8127196,0.91525143,0.75,0.75,0.75
mixfake_music_dev_v1,RS-FM_LA_D_8635731__gWEpDgPAho,0.7190549926440246,0.02854598931349801,0.7195013946324151,0.604351,0.70806974,0.734170005,0.7490910749999999,0.7499874
mixfake_music_dev_v1,RS-FM_LA_D_8635731_u6tgeRXOxnU,0.8874559212565226,0.028310400366983,0.8861283823784858,0.49683207,0.9259252,0.7499871225,0.7482811500000001,0.74999973
mixfake_music_dev_v1,RS-FM_LA_D_8637288_Y02VBGoTi9w,0.43230836730998207,0.00202875437446083,0.574334765272697,0.78058815,0.6677545,0.749999175,0.45078434999999994,0.74999715
mixfake_music_dev_v1,RS-FM_LA_D_8637288_xrqDoBor2dk,0.1107580999311122,0.0016099701291412366,0.32932764279554144,0.80042565,0.7760044,0.749793975,0.742537875,0.749997495
mixfake_music_dev_v1,RS-FM_LA_D_8672684_fake_15084_udio_1,0.46793457955270185,0.002207195578612883,0.8234996244353329,0.8345706,0.4010777,0.749999955,0.74293875,0.74999982
mixfake_music_dev_v1,RS-FM_LA_D_8672684_ymuRKv9iJm4,0.15439924931951785,0.001446556212257859,0.6945348603976665,0.7067825,0.7115085,-0.5616369750000001,0.7492906500000001,0.7499471624999999
mixfake_music_dev_v1,RS-FM_LA_D_8696046_wQN7fRaPl2A,0.6102427587050503,0.0016811466061492115,0.5267069388521148,0.7927857,0.91893446,0.7489098,0.43006755,0.7471497
mixfake_music_dev_v1,RS-FM_LA_D_8736165_fake_38362_udio_1,0.3584249845332755,0.03467477768367559,0.2859575653111305,0.82304484,0.8200374,0.749663025,0.7396965,0.7499331
mixfake_music_dev_v1,RS-FM_LA_D_8792865_fake_31421_udio_1,0.6366040518910882,0.0024896331127663876,0.5873870071925351,0.739779,0.8684846,0.7499709750000001,0.7496832,0.7499920874999999
mixfake_music_dev_v1,RS-FM_LA_D_8826808_D6xrH93lnoc,0.6583892977605532,0.0003152521072744935,0.8107667152012561,0.8595922,0.82617027,0.74998905,0.74951715,0.749989725
mixfake_music_dev_v1,RS-FM_LA_D_8826808_fake_23607_udio_1,0.7497145975900014,0.0009462093297315585,0.7717428492699289,0.78598845,0.8728427,0.75,0.6987447,0.74999985
mixfake_music_dev_v1,RS-FM_LA_D_8826808_xyAbP5XfGz8,0.8426770874042652,0.025487840175835677,0.839203027416159,0.8345539,0.9246544,0.75,0.740092545,0.7499989499999999
mixfake_music_dev_v1,RS-FM_LA_D_8925545_NcsYdCbKgcc,0.8304064965232625,0.0017399846378787435,0.9703866970087088,0.67303365,0.7097707,0.74999985,0.6889101750000001,0.7499646375
mixfake_music_dev_v1,RS-FM_LA_D_8925545_fake_28613_suno_0,0.8798935734558997,0.0032520150026964815,0.9115913063610817,0.7044544,0.9578009,0.75,0.74999985,0.75
mixfake_music_dev_v1,RS-FM_LA_D_8942125_-o0ZtQIkM60,0.9498106129257098,0.9944495906959924,0.7417032473497692,0.7297904,0.94256794,-0.7497031275,0.7350639750000001,0.7102407000000001
mixfake_music_dev_v1,RS-FM_LA_D_8942125_fake_16677_udio_0,0.802895890260614,0.011855530333382656,0.8215017060800038,0.7308653,0.8954118,0.748438725,0.71060532,0.7499921775
mixfake_music_dev_v1,RS-FM_LA_D_8942125_fake_53255_suno_0,0.4541666723687067,0.0007052574607910202,0.4936281692480722,0.8553553,0.854886,0.74355528,0.7469856,0.749921625
mixfake_music_dev_v1,RS-FM_LA_D_8982290_KxUcwQ5BEBk,0.931180627628086,0.345349223563164,0.9155981352183827,0.44741228,0.93488324,-0.7445548049999999,0.74998185,0.7387797375
mixfake_music_dev_v1,RS-FM_LA_D_8995264_-RYtUAsNhF0,0.8368586140146113,0.0034599703802711958,0.8001506530156484,0.86996466,0.9451433,0.7497754125,0.446981175,0.7497799275
mixfake_music_dev_v1,RS-FM_LA_D_8995264_AAoqx07aTRI,0.7402164256629178,0.0014690034163090755,0.631821927813377,0.7890671,0.63334525,0.7490991,0.48194145,0.7466880975
mixfake_music_dev_v1,RS-FM_LA_D_9006057_31iD2VPLMxQ,0.8182987021884464,0.00034225593736572835,0.7744160623500757,0.5908548,0.8302734,0.749999955,0.48566834999999997,0.7499991525
mixfake_music_dev_v1,RS-FM_LA_D_9006057_N-dzfI3L5ic,0.5703765190638669,0.0007246980283380813,0.5041115069498567,0.812118,0.81540525,0.74995677,0.393594075,0.74704665
mixfake_music_dev_v1,RS-FM_LA_D_9060455_bTlp5Qr99RY,0.5434943277931489,0.0022371643672263563,0.6685197913063659,0.7062985,0.78792465,0.75,0.7176013725,0.74999985
mixfake_music_dev_v1,RS-FM_LA_D_9064936_4ezo771lGts,0.5091842249939064,0.014594675305863378,0.8247859645468528,0.79034513,0.6204987,0.738620925,0.74555808,0.74760063
mixfake_music_dev_v1,RS-FM_LA_D_9065762_dNQh2iLVAoY,0.479420597334452,0.0059313787293319336,0.42263339286058643,0.76308155,0.84912854,0.749989875,0.74976195,0.7499865
mixfake_music_dev_v1,RS-FM_LA_D_9113203_axqtExFY5-s,0.9965720843236975,0.9512373393156875,0.8370254374265695,0.70352864,0.8378286,-0.727265955,0.7390940475,0.738912225
mixfake_music_dev_v1,RS-FM_LA_D_9125966_A4vwbziwPm8,0.9347450265918028,0.00015901045329968046,0.9242251914700396,0.83847094,0.86007774,-0.506842125,0.7494516225,0.747393
mixfake_music_dev_v1,RS-FM_LA_D_9126745_H6Y_7Ax34-g,0.8411202587456492,0.0019170125620497317,0.8499011169230772,0.7858648,0.9303254,0.74999175,0.7499945025,0.7499960999999999
mixfake_music_dev_v1,RS-FM_LA_D_9132872_HfBh3lZZi8Q,0.8881277515662869,0.08375070377443242,0.8851792716014264,0.545943,0.96070534,0.75,0.741279555,0.75
mixfake_music_dev_v1,RS-FM_LA_D_9132872_Z31gI08SMzI,0.6804232706666872,0.0018058144327443087,0.6662971669676961,0.81475836,0.7741907,0.7496865375,0.7425651,0.748231125
mixfake_music_dev_v1,RS-FM_LA_D_9132872_fake_16177_udio_1,0.9260462908234952,0.005223239657922187,0.9364540464106887,0.8233277,0.8652152,0.75,0.7494273,0.749999955
mixfake_music_dev_v1,RS-FM_LA_D_9146484_aXDgw2fLHAA,0.9490662214929723,0.9026400520399318,0.8715079959074901,0.56611866,0.77096087,0.745537125,0.647248575,0.74997105
mixfake_music_dev_v1,RS-FM_LA_D_9148460_fake_29612_suno_0,0.9039483324778843,0.001154448772828846,0.9180518175054622,0.80455655,0.80927867,0.749884275,0.7499895000000001,0.75
mixfake_music_dev_v1,RS-FM_LA_D_9241229_mlpTCec4igo,0.7544094489012393,0.006330963434358416,0.7321769716542389,0.8056221,0.9198469,0.741369945,0.744635445,0.74967675
mixfake_music_dev_v1,RS-FM_LA_D_9300277_fake_30852_udio_0,0.9998304991900819,0.9990267343404654,0.9234834105992002,0.7587827,0.9500922,0.74799402,0.74958855,0.7499930699999999
mixfake_music_dev_v1,RS-FM_LA_D_9300277_fake_38761_udio_1,0.885110967197535,0.0016460701054516163,0.8693064349005407,0.72866786,0.8952733,0.7491486749999999,0.6664296000000001,0.7498266
mixfake_music_dev_v1,RS-FM_LA_D_9304099_o6ZQNr0Tpz4,0.7400153278735282,0.000796963561537856,0.675645258060498,0.8225362,0.9144691,0.749934,0.35105532,0.74307045
mixfake_music_dev_v1,RS-FM_LA_D_9348889_fake_27892_suno_1,0.8350236154848413,0.0013883362765644172,0.8579468497493007,0.808265,0.86646694,0.75,0.74999985,0.75
mixfake_music_dev_v1,RS-FM_LA_D_9354139_fake_53215_udio_1,0.8437169736090353,0.07263475293032749,0.8339074552044934,0.6588634,0.6892003,0.7498383,0.7495208999999999,0.7499508
mixfake_music_dev_v1,RS-FM_LA_D_9374684_Ieef9l-gWN8,0.9344251125550785,0.028791707777373443,0.9390665878917209,0.6383726,0.7835953,0.7499990999999999,0.5468298,0.749995425
mixfake_music_dev_v1,RS-FM_LA_D_9471952_bt7rDryN7G4,0.8458903571852271,0.0007874470023951848,0.8534740790536248,0.6328704,0.77888536,0.31851129,0.74403405,0.7498078499999999
mixfake_music_dev_v1,RS-FM_LA_D_9471952_fake_44668_udio_1,0.8226507847572545,0.006355836024931386,0.7820294075423203,0.7679011,0.8723632,0.749892675,0.748653225,0.749999955
mixfake_music_dev_v1,RS-FM_LA_D_9496441_-mA_bqD1tgU,0.9405287485922783,0.003007107312903721,0.9486910507997511,0.78351915,0.82702094,0.749990475,0.746874675,0.7499992875
mixfake_music_dev_v1,RS-FM_LA_D_9496441_fake_20634_suno_1,0.8827294406866649,0.012415669389563193,0.8951744838662037,0.78446037,0.80768424,0.7497005999999999,0.75,0.749999955
mixfake_music_dev_v1,RS-FM_LA_D_9496441_fake_45215_udio_0,0.9118390904644076,0.0006136881486096409,0.9139449052786364,0.8377229,0.9168633,-0.707071275,0.74940165,0.74359323
mixfake_music_dev_v1,RS-FM_LA_D_9508570_KFB1raoIhoU,0.9722736811337689,0.9951823400692591,0.8750090590259145,0.34635347,0.8572644,-0.59864775,0.749999955,0.7499532
mixfake_music_dev_v1,RS-FM_LA_D_9508570_fake_35288_suno_1,0.9247981138019331,0.4029378617489572,0.8966745335692449,0.79393035,0.92367566,0.749352,0.74999265,0.749999925
mixfake_music_dev_v1,RS-FM_LA_D_9515167_4Udqs0trpMw,0.806579924322594,0.0984926772316309,0.7678635371311697,0.67236775,0.908423,0.74999865,0.207955665,0.747323625
mixfake_music_dev_v1,RS-FM_LA_D_9543794_NmMJgUo19Gk,0.2805358297820832,0.0029496685689361386,0.3527561551267553,0.7620984,0.93750215,-0.5551766775,0.611805705,0.04847382
mixfake_music_dev_v1,RS-FM_LA_D_9595794_fake_28154_udio_0,0.8107108575491994,0.003472638434760619,0.8272135819586748,0.804631,0.9098459,0.75,0.749985075,0.75
mixfake_music_dev_v1,RS-FM_LA_D_9676445_JCfZpSEH77Y,0.746523097302321,0.001060627707575104,0.7125925801977023,0.80412364,0.9360155,0.75,0.7479646050000001,0.74999973
mixfake_music_dev_v1,RS-FM_LA_D_9697774_3zPvfVmL0nE,0.475137830636809,0.0012379921367839245,0.8190292651872426,0.76441985,0.66445506,0.747555705,0.74988585,0.749883
mixfake_music_dev_v1,RS-FM_LA_D_9697774_J_Raltj-6dk,0.6980886764797548,0.004474255361130619,0.7130163924551255,0.6291289,0.9079942,0.7499986125,0.7499043,0.749999955
mixfake_music_dev_v1,RS-FM_LA_D_9829008_fake_52731_suno_0,0.8790386568154044,0.003082750216841103,0.890088421254614,0.8157973,0.8469702,0.743093175,0.75,0.749999955
mixfake_music_dev_v1,RS-FM_LA_D_9937608_fake_48025_suno_0,0.8185399224810868,0.0035399156642520416,0.8681817055306522,0.82645833,0.87127185,0.74999982,0.75,0.75
mixfake_music_dev_v1,RS-FM_LA_D_9997701_uy3nQ9VYE-Q,0.8776922927811961,0.11684986552796889,0.865453249621718,0.385929,0.94040674,0.749999925,0.749992275,0.75
mixfake_music_dev_v1,RS-RM_LA_D_1056044_083066,0.07928127266145665,0.0018440904578919852,0.03430194397402934,0.6887047,0.9037109,0.7499324549999999,0.5309486250000001,0.749987175
mixfake_music_dev_v1,RS-RM_LA_D_1056044_118052,0.31295622481384344,0.6268058235899528,0.09513505846221443,0.71032864,0.9508845,0.22094002499999998,0.75,0.749826525
mixfake_music_dev_v1,RS-RM_LA_D_1084356_130870,0.15804960143693045,0.024410584551158205,0.11360905837553614,0.56175244,0.8323414,0.74999865,0.74944188,0.749999955
mixfake_music_dev_v1,RS-RM_LA_D_1096053_051299,0.2894261803232191,0.02922783275744037,0.635559920810126,0.64185554,0.867264,0.74999985,0.74325228,0.7499976
mixfake_music_dev_v1,RS-RM_LA_D_1096053_094791,0.19245403536077707,0.01876678553735887,0.09088166826649836,0.65458643,0.7704351,0.7497020249999999,0.743652105,0.7499978549999999
mixfake_music_dev_v1,RS-RM_LA_D_1105131_013744,0.04728248701656393,0.002079274171585646,0.022430067392948696,0.7239406,0.9614091,0.74860923,0.7496027624999999,0.74999598
mixfake_music_dev_v1,RS-RM_LA_D_1118839_074135,0.17496727268013737,0.00374389886876761,0.11857195204148313,0.78452456,0.8619918,0.72750015,0.74952918,0.749379225
mixfake_music_dev_v1,RS-RM_LA_D_1129909_120191,0.4595218342958473,0.2014064822842782,0.2978018221698869,0.3673753,0.9175972,0.7499983875,0.748664475,0.7499919
mixfake_music_dev_v1,RS-RM_LA_D_1129909_123340,0.32284614016831475,0.0017550695433154802,0.678080498921448,0.5053214,0.45552155,0.75,0.7495488525,0.749999775
mixfake_music_dev_v1,RS-RM_LA_D_1129909_126510,0.26031419086244795,0.002072251618642425,0.38172002573287056,0.7925927,0.88656837,0.7499964,0.7499994750000001,0.7499996250000001
mixfake_music_dev_v1,RS-RM_LA_D_1240976_076385,0.2681358337992908,0.06514942272501281,0.23940363668239178,0.55743074,0.9164649,-0.743301675,0.6447248624999999,-0.3396048525
mixfake_music_dev_v1,RS-RM_LA_D_1246607_000894,0.04721568738696374,0.03153634051107392,0.008409902341964837,0.80421996,0.95249045,-0.70759785,-0.022435695000000002,-0.53552595
mixfake_music_dev_v1,RS-RM_LA_D_1275044_044971,0.32542468820983245,0.9355062868424768,0.05704200439853046,0.3464796,0.9478603,-0.412694775,0.70046025,-0.1679733075
mixfake_music_dev_v1,RS-RM_LA_D_1313431_123978,0.2249879338577739,0.014502396456613113,0.14057035090598707,0.5480155,0.94663364,0.7496868750000001,0.7487586,0.7498364775
mixfake_music_dev_v1,RS-RM_LA_D_1377420_066124,0.03445195938363538,0.0018935957946875498,0.00886598024357784,0.51312006,0.9509876,0.160320525,0.7499035725000001,0.25110888000000003
mixfake_music_dev_v1,RS-RM_LA_D_1377420_113808,0.03555147393504602,0.0047448596966010404,0.021814440814762966,0.83816487,0.96147084,0.74371572,0.733936725,0.749945475
mixfake_music_dev_v1,RS-RM_LA_D_1377420_139535,0.574985903656014,0.8160271928418483,0.21246565440246473,0.588257,0.74833316,0.74999508,0.20826845249999998,0.7497121499999999
mixfake_music_dev_v1,RS-RM_LA_D_1400319_129001,0.8704294717825585,0.9993563662861809,0.08970961399349943,0.49149105,0.9488831,0.744818595,0.7408696275,0.7499913
mixfake_music_dev_v1,RS-RM_LA_D_1427710_021363,0.600984257626309,0.6315929147458095,0.14237210752534343,0.8221505,0.9414808,0.74999982,0.590651475,0.749999955
mixfake_music_dev_v1,RS-RM_LA_D_1473255_116723,0.13356259500617232,0.00014059326076887335,0.09682598535659656,0.82981974,0.94079185,-0.63127125,0.749927895,0.74104902
mixfake_music_dev_v1,RS-RM_LA_D_1487726_013768,0.1677783773989735,0.002922141168063474,0.1181650249786423,0.7704867,0.7881801,-0.72403545,0.6708123375,0.7488677475
mixfake_music_dev_v1,RS-RM_LA_D_1487726_132272,0.38960904079971265,0.0017535193470125125,0.25454381289538075,0.76501983,0.92524624,0.70825545,0.7069025250000001,0.748350525
mixfake_music_dev_v1,RS-RM_LA_D_1519237_003857,0.15711958925007177,0.009186066559611912,0.06472180019182472,0.76331323,0.8442124,0.7481269275,0.7487134799999999,0.7499446125
mixfake_music_dev_v1,RS-RM_LA_D_1562732_012833,0.1265985647269082,0.0026799729060243732,0.35155534656089915,0.75632256,0.68360746,0.749992575,0.7498446000000001,0.749988195
mixfake_music_dev_v1,RS-RM_LA_D_1562732_100519,0.18143302815141565,0.0025846730094000107,0.08438952487534387,0.8622548,0.85623264,0.7488068250000001,0.7495252050000001,0.7499695500000001
mixfake_music_dev_v1,RS-RM_LA_D_1592094_098805,0.06128775109627796,0.0012366998942852593,0.026565284009071825,0.8522626,0.9278181,0.50407665,0.7498959749999999,0.7493922
mixfake_music_dev_v1,RS-RM_LA_D_1592094_106873,0.06702373057235303,0.00024751423111906627,0.035520060567238124,0.85346824,0.95645416,-0.7431734249999999,0.749903925,0.7227969
mixfake_music_dev_v1,RS-RM_LA_D_1659462_071393,0.09749045567141203,0.00015895743684198898,0.10875031724711128,0.7709613,0.89056146,-0.699553125,0.74230905,-0.24475209
mixfake_music_dev_v1,RS-RM_LA_D_1659462_104086,0.08918840347470361,0.0003907867856010685,0.0833838857648771,0.79916924,0.94045055,-0.6885899775,0.72655968,-0.048714157499999994
mixfake_music_dev_v1,RS-RM_LA_D_1686743_059455,0.20601515911071344,0.0031417244816548512,0.26411101593027303,0.79475206,0.58607733,0.747392445,0.722236905,0.74756898
mixfake_music_dev_v1,RS-RM_LA_D_1703452_058341,0.1976365827981552,0.0020056984264136767,0.13263213224459466,0.8488612,0.8894906,0.7496991,0.748886025,0.749005125
mixfake_music_dev_v1,RS-RM_LA_D_1714000_045057,0.09819208452852798,0.000994541941038661,0.0334239105238449,0.87906307,0.9383638,0.749526075,0.6492167249999999,0.74339535
mixfake_music_dev_v1,RS-RM_LA_D_1722779_014969,0.04368281761393427,0.003219310966273554,0.027205159075792292,0.8449797,0.8417101,0.7386115200000001,0.7499802375,0.7498655999999999
mixfake_music_dev_v1,RS-RM_LA_D_1722779_028571,0.06901039867607887,0.0031579125682070267,0.03933587229913298,0.7785909,0.95352983,0.74999973,0.495478875,0.7499195249999999
mixfake_music_dev_v1,RS-RM_LA_D_1736286_043156,0.17896737865872692,0.011015918979688797,0.17684755032014451,0.823597,0.86456966,0.7471388999999999,0.7031648775,0.74997957
mixfake_music_dev_v1,RS-RM_LA_D_1775211_145432,0.2854384547651298,0.026044114821431687,0.1391314281273796,0.8354046,0.9227693,0.711238125,0.22682945249999997,0.744343125
mixfake_music_dev_v1,RS-RM_LA_D_1820875_024923,0.15322423782875733,0.03774397389468916,0.0800033443474679,0.8931027,0.95914924,-0.74454,0.7492730774999999,0.704362425
mixfake_music_dev_v1,RS-RM_LA_D_1820875_032744,0.2932101232811919,0.9706478640230731,0.0579169984336495,0.63524604,0.89356524,-0.749934675,0.7126674000000001,-0.07833253500000001
mixfake_music_dev_v1,RS-RM_LA_D_1823771_096944,0.4116067363738925,0.009457985751888495,0.3644562163954773,0.8026671,0.88756925,0.7499982000000001,0.69716685,0.7499882250000001
mixfake_music_dev_v1,RS-RM_LA_D_1823771_115008,0.6315102147961307,0.34323080336749656,0.604404388598935,0.56549054,0.7815148,0.7493004375,0.73989735,0.7491620999999999
mixfake_music_dev_v1,RS-RM_LA_D_1838177_099001,0.23560487409416653,0.001162532248007667,0.11952767171858746,0.7094152,0.92378,0.749999925,0.705676275,0.749999775
mixfake_music_dev_v1,RS-RM_LA_D_1842990_124740,0.12536796469569975,0.006711256868875872,0.03338637039045418,0.657979,0.8709673,0.3971667,0.50981337,0.7476353625000001
mixfake_music_dev_v1,RS-RM_LA_D_1859048_137892,0.3463359463942667,0.004315569153631578,0.22648465856288794,0.66726816,0.86247927,0.5010762525,0.7489994025,0.7494951750000001
mixfake_music_dev_v1,RS-RM_LA_D_1896334_098999,0.29264818061623443,0.40913707036293756,0.09483330925970665,0.58556384,0.9597907,0.74544495,0.749964975,0.74999727
mixfake_music_dev_v1,RS-RM_LA_D_1954410_060337,0.9912352828874124,0.9790782396811442,0.6358111382529824,0.6405156,0.41061202,0.75,0.749999955,0.75
mixfake_music_dev_v1,RS-RM_LA_D_1961293_011319,0.35375198993859425,0.010283733466304157,0.5839977960247811,0.7507638,0.5341472,0.75,0.7495966875,0.74999985
mixfake_music_dev_v1,RS-RM_LA_D_1961293_147769,0.38456288915911635,0.009062468558042389,0.3594059071963704,0.85379076,0.96659666,0.75,0.7494345,0.749999955
mixfake_music_dev_v1,RS-RM_LA_D_1983415_014318,0.13773804286449048,0.002158112331477411,0.12948603409234707,0.6770826,0.57659113,0.7498333875,-0.024513507000000004,0.7460916
mixfake_music_dev_v1,RS-RM_LA_D_2053527_084054,0.47796530485864935,0.0017284953697593525,0.4564296589036799,0.7492863,0.7948372,0.657177645,0.7401546,0.7285245
mixfake_music_dev_v1,RS-RM_LA_D_2053527_117881,0.15065343987862226,0.0016964636981487695,0.06393958978421983,0.6552608,0.9006818,-0.6246226875,0.74885148,0.662809725
mixfake_music_dev_v1,RS-RM_LA_D_2143384_059173,0.27997164544184705,0.0013637573158362492,0.21973981857931116,0.83842885,0.90203696,0.749097225,0.4517154,0.74047047
mixfake_music_dev_v1,RS-RM_LA_D_2178723_005022,0.38958834118580143,0.27214898127812237,0.15057926359927878,0.34306127,0.8699399,0.75,0.27822931500000003,0.749999595
mixfake_music_dev_v1,RS-RM_LA_D_2212414_095248,0.2005302339774534,0.003861795995108076,0.10067510950237127,0.80746585,0.95684767,0.7160631,0.662815725,0.7377872775000001
mixfake_music_dev_v1,RS-RM_LA_D_2212414_112455,0.10093101223842114,0.0030651783849987837,0.05652937240657604,0.71955144,0.8865664,0.7405410975,0.07721211374999999,0.2771972025
mixfake_music_dev_v1,RS-RM_LA_D_2230192_034429,0.21588249730656503,0.054408618590610726,0.12478072200498168,0.6527197,0.9423751,0.749917275,0.75,0.749997
mixfake_music_dev_v1,RS-RM_LA_D_2242311_085259,0.2477251855092133,0.2633675949771996,0.04659555930269743,0.7338361,0.7180356,-0.37421751,0.2444759775,0.06471517125000001
mixfake_music_dev_v1,RS-RM_LA_D_2250508_051937,0.17649352644610686,0.002313875307683934,0.03251116694798696,0.5947943,0.8528342,0.75,-0.5298077625,0.749953275
mixfake_music_dev_v1,RS-RM_LA_D_2250508_108310,0.19350445810986283,0.000892230652746069,0.08837683539318521,0.76775134,0.92825544,0.643630575,0.2510464275,0.716059725
mixfake_music_dev_v1,RS-RM_LA_D_2252677_100796,0.022569546856073278,0.0005067544782620657,0.009476662884006242,0.7952277,0.92304325,0.284624475,0.744442425,0.698489775
mixfake_music_dev_v1,RS-RM_LA_D_2294476_086152,0.28439517727818225,0.003984606649484108,0.1882369063347666,0.8428597,0.83393824,0.42784710000000004,0.749997075,0.7499415
mixfake_music_dev_v1,RS-RM_LA_D_2303609_091709,0.4033296150204405,0.022295820731462284,0.21834898701403566,0.3844619,0.9545472,0.7499958,0.735478725,0.7499994
mixfake_music_dev_v1,RS-RM_LA_D_2338525_041388,0.2713195295253538,0.005075769034823651,0.18912198282193335,0.8546984,0.9318934,0.7498020750000001,0.7490221125000001,0.749868075
mixfake_music_dev_v1,RS-RM_LA_D_2338525_094337,0.18925602347282242,0.008964387260330931,0.0685155266289653,0.7055695,0.96028006,0.6441383475,0.7499709750000001,0.749784675
mixfake_music_dev_v1,RS-RM_LA_D_2407623_107846,0.21781733424198396,0.0036123147657410983,0.1502536031028602,0.8217904,0.86221987,0.75,0.749640375,0.749999775
mixfake_music_dev_v1,RS-RM_LA_D_2411901_150161,0.2728428776000255,0.005358488821516882,0.18546287780008533,0.8477832,0.9401481,0.7497092999999999,0.749999775,0.749999955
mixfake_music_dev_v1,RS-RM_LA_D_2417193_137419,0.280933285082265,0.0721765765672181,0.07743182332109684,0.23876257,0.9343093,-0.744450645,0.14829963,0.6533772
mixfake_music_dev_v1,RS-RM_LA_D_2462911_126602,0.18049504909372305,0.016589545210682597,0.0696317227113895,0.7164288,0.86233264,0.70983405,0.7486402125,0.749649825
mixfake_music_dev_v1,RS-RM_LA_D_2552799_063117,0.3781561380443355,0.004093572551750732,0.20323441467283423,0.8365135,0.7926758,0.749896275,0.7499263725,0.74996595
mixfake_music_dev_v1,RS-RM_LA_D_2578749_043518,0.7127991006963769,0.9451880822403133,0.1355496647223648,0.12436913,0.87155473,0.701745405,0.7499808,0.749882295
mixfake_music_dev_v1,RS-RM_LA_D_2578749_087371,0.4609576574747065,0.2820363949815063,0.32561308347088447,0.5580035,0.9088739,0.75,0.7499198025,0.749999025
mixfake_music_dev_v1,RS-RM_LA_D_2578749_100476,0.19588633900187818,0.0023555530648417247,0.1295552044795607,0.79601467,0.8192235,0.7499947275,0.749958825,0.74999763
mixfake_music_dev_v1,RS-RM_LA_D_2578749_131966,0.37627785741790026,0.0027310473560414744,0.2149175843969458,0.5032737,0.9530325,0.75,0.749999955,0.75
mixfake_music_dev_v1,RS-RM_LA_D_2589925_016747,0.20561663021932905,0.9057791721083609,0.009578941038406598,0.3000623,0.93286526,0.5458541625,-0.4122021525,-0.2021985975
mixfake_music_dev_v1,RS-RM_LA_D_2589925_022479,0.07601966486551273,0.0007152570505978543,0.029684325917474656,0.69816375,0.9215944,0.748667775,0.2734665,0.700390425
mixfake_music_dev_v1,RS-RM_LA_D_2644387_118276,0.4878440316245999,0.0025049031542661417,0.4213472558129737,0.68325007,0.945029,0.7499802,0.723316125,0.749966175
mixfake_music_dev_v1,RS-RM_LA_D_2671129_137567,0.1696967089530719,0.00014635644412844593,0.13332635676780993,0.89524215,0.9236215,-0.42767384999999997,0.23778345,0.23964470999999998
mixfake_music_dev_v1,RS-RM_LA_D_2718909_033542,0.15600401795823185,0.003997619326715516,0.08606514374180829,0.7768684,0.941595,0.748127505,0.7430941200000001,0.7499168549999999
mixfake_music_dev_v1,RS-RM_LA_D_2789932_076140,0.38202785175545345,0.3998054372045651,0.17945400799679162,0.7871852,0.89729863,0.74929665,0.7472084999999999,0.7477374225
mixfake_music_dev_v1,RS-RM_LA_D_2800113_016434,0.28808843085238883,0.0008197204945860233,0.13347483388005546,0.7998289,0.90534145,0.0123734085,0.6372963524999999,0.59855085
mixfake_music_dev_v1,RS-RM_LA_D_2884522_068430,0.36797968457761104,0.31693380858199294,0.18302507691219397,0.5163161,0.9381247,0.7499988375,0.7485673500000001,0.749999925
mixfake_music_dev_v1,RS-RM_LA_D_2923426_097570,0.15647945835755517,0.03511526615962195,0.06865787672993943,0.6721505,0.9347478,0.7499989275000001,0.7489592549999999,0.74999982
mixfake_music_dev_v1,RS-RM_LA_D_2954423_050618,0.33918564360339654,0.003465245372396387,0.17292456514976728,0.7731236,0.85005796,0.74997885,0.4821303,0.749348355
mixfake_music_dev_v1,RS-RM_LA_D_2954917_116527,0.35665526909177064,0.001163336429335159,0.31002673869362735,0.7910891,0.8254109,0.7496381249999999,0.69118032,0.7432648875000001
mixfake_music_dev_v1,RS-RM_LA_D_2976553_060828,0.3412216577228877,0.006347528994768231,0.23196122947178258,0.8442573,0.8954519,0.75,0.73519245,0.74999982
mixfake_music_dev_v1,RS-RM_LA_D_3039424_068748,0.1832792270326856,0.0010767147264426331,0.1952547899730953,0.8066148,0.8639007,0.745640925,0.666993975,0.6143200125
mixfake_music_dev_v1,RS-RM_LA_D_3100616_143126,0.07638590175897987,0.0013210566751281738,0.049098524399768605,0.86419606,0.9505741,-0.4016584725,0.6213381,0.708482925
mixfake_music_dev_v1,RS-RM_LA_D_3150235_108014,0.048859323048809085,0.0015117685393585874,0.008884045142341345,0.79941136,0.9158898,0.74315415,0.507194175,0.71740128
mixfake_music_dev_v1,RS-RM_LA_D_3151376_054633,0.16270835918679122,0.008963713259380128,0.055624623949528114,0.41112718,0.94894207,0.7495071,0.737813475,0.7495649025
mixfake_music_dev_v1,RS-RM_LA_D_3262859_045388,0.3355125956516123,0.003785250669016241,0.2475982859111942,0.72014,0.8876846,0.749999955,0.6402508499999999,0.749999325
mixfake_music_dev_v1,RS-RM_LA_D_3262859_137209,0.2080937883798337,0.0002765625383384042,0.14677041572714034,0.7251593,0.9128574,0.7487122275,0.744183525,0.749006925
mixfake_music_dev_v1,RS-RM_LA_D_3268836_049106,0.6399980058407791,0.9902676632292086,0.057867456364573744,0.5492833,0.95497495,0.686865225,0.6562311375,0.41692514999999997
mixfake_music_dev_v1,RS-RM_LA_D_3316221_009550,0.19102633198146707,0.0008397715546609395,0.10962951290482943,0.76581556,0.9067756,0.74999835,0.7483544625,0.749983275
mixfake_music_dev_v1,RS-RM_LA_D_3316221_029262,0.4576152017525246,0.0009487117168219629,0.18983671912257247,0.5666104,0.9508343,0.75,0.742147875,0.7499991525
mixfake_music_dev_v1,RS-RM_LA_D_3316993_046854,0.48193643544173587,0.050509515627822764,0.40508829311577643,0.72554374,0.8279295,0.588060525,0.731060295,0.746714655
mixfake_music_dev_v1,RS-RM_LA_D_3383198_004161,0.38928724932827,0.002394900562580603,0.2963182422632428,0.8326016,0.9198843,0.74999982,0.7311816,0.7499917724999999
mixfake_music_dev_v1,RS-RM_LA_D_3383198_044798,0.30369741564424435,0.019182900565196736,0.1954750468618863,0.8410363,0.9217011,0.75,0.71166363,0.749999955
mixfake_music_dev_v1,RS-RM_LA_D_3404272_066670,0.7909290312119385,0.8687487695489997,0.005810334573898604,0.7804854,0.9644048,0.743758575,0.740769375,0.72936648
mixfake_music_dev_v1,RS-RM_LA_D_3416462_131952,0.1324226432521762,0.0017916791131471859,0.30342363645040377,0.5982348,0.6154623,0.75,0.7442860875,0.749999955
mixfake_music_dev_v1,RS-RM_LA_D_3459809_094775,0.3461847505286177,0.0016015633083809099,0.6638743900418698,0.83681136,0.81825906,0.74068755,0.7383702974999999,0.740703525
mixfake_music_dev_v1,RS-RM_LA_D_3459809_122079,0.2876006968547171,0.011858306182241055,0.3042143002215117,0.81230074,0.90470123,-0.49703469749999996,0.7167832125,0.227594535
mixfake_music_dev_v1,RS-RM_LA_D_3475865_136715,0.08404584827134397,0.8722099212590738,0.0027386739332358485,0.3126611,0.94100964,-0.47852955,0.7410000750000001,0.705491325
mixfake_music_dev_v1,RS-RM_LA_D_3500984_004837,0.009786728539529707,0.0011450521333037816,0.051744844668092725,0.8616328,0.8802394,0.74772645,0.428833545,0.738372825
mixfake_music_dev_v1,RS-RM_LA_D_3514242_130887,0.6021020708794242,0.42970933948079465,0.11367762915376863,0.80618423,0.95169747,0.7008255449999999,0.74999925,0.7482036
mixfake_music_dev_v1,RS-RM_LA_D_3514242_152628,0.013630070283820087,0.0003878835058134935,0.00687715223021958,0.85651344,0.9442439,0.7493700000000001,0.7494369,0.74978805
mixfake_music_dev_v1,RS-RM_LA_D_3526885_026626,0.06289918397609387,0.003354068490194192,0.059833649083622924,0.7644439,0.84874415,-0.12168645,0.740633325,0.749967975
mixfake_music_dev_v1,RS-RM_LA_D_3526885_116861,0.053774975801574254,0.002018064727961922,0.03643594489632636,0.7459769,0.7781238,0.597178725,0.748682775,0.748301025
mixfake_music_dev_v1,RS-RM_LA_D_3536394_126413,0.5315256338624024,0.0019384834467890094,0.6779408243486953,0.7247507,0.6842996,0.749993175,0.7487305125,0.749939205
mixfake_music_dev_v1,RS-RM_LA_D_3564164_074380,0.15367437674346596,0.0006793073123727647,0.11308738865654376,0.8218677,0.89514375,0.7499826975,0.7160196,0.7499015625
mixfake_music_dev_v1,RS-RM_LA_D_3596872_128264,0.85595505865097,0.9780476745845368,0.2827369776063782,0.5296981,0.9727606,0.745534875,0.7403105624999999,0.7488648
mixfake_music_dev_v1,RS-RM_LA_D_3604610_147182,0.37197415419156066,0.0005526160903021104,0.23691240270270214,0.33211857,0.93631846,-0.5610735975000001,0.73388175,0.74573235
mixfake_music_dev_v1,RS-RM_LA_D_3694891_116318,0.31277631518120397,0.07536446799945572,0.07274602143955207,0.4503067,0.9632678,0.7499987475000001,0.7289787225,0.7499967750000001
mixfake_music_dev_v1,RS-RM_LA_D_3717777_144179,0.17797035991301827,0.0008743573004677621,0.11037326597305974,0.68543744,0.94552284,0.74999985,0.749638725,0.75
mixfake_music_dev_v1,RS-RM_LA_D_3733779_098464,0.3509938631706075,0.07533760610604548,0.24993286889907546,0.80790395,0.94464964,0.7499996250000001,0.65310435,0.749997
mixfake_music_dev_v1,RS-RM_LA_D_3773719_048933,0.07076012081378538,0.02436611997469826,0.1554525249029049,0.86175525,0.40588045,0.7483305,0.26061765000000003,-0.010464380249999999
mixfake_music_dev_v1,RS-RM_LA_D_3787070_019269,0.10261131887383661,0.0023904275557360944,0.04887421923114637,0.8426385,0.81416726,0.68128545,0.729141975,0.73540905
mixfake_music_dev_v1,RS-RM_LA_D_3787464_022438,0.9076980870860117,0.987029439089343,0.10606791048683052,0.7741244,0.98332155,0.749954625,0.56655315,0.749968275
mixfake_music_dev_v1,RS-RM_LA_D_3805241_001149,0.12524846998818606,0.0008932313537264681,0.0705833784623226,0.7892965,0.9392174,0.7499990625,0.7459617975,0.749997
mixfake_music_dev_v1,RS-RM_LA_D_3810542_054234,0.07431729602178057,0.0022216503276255104,0.054056088517640044,0.7950289,0.85389376,-0.243980325,0.7443360225,0.7444201500000001
mixfake_music_dev_v1,RS-RM_LA_D_3810542_086562,0.16631100930608936,0.004627822061797227,0.11766175995057433,0.7484375,0.8487288,-0.74982825,0.7441371375,0.7373034525000001
mixfake_music_dev_v1,RS-RM_LA_D_3836344_019481,0.28911639546851675,0.0016861365253533496,0.39825975425985866,0.47062704,0.42791545,0.75,0.7490662499999999,0.7499994750000001
mixfake_music_dev_v1,RS-RM_LA_D_3857058_036277,0.6018996716675457,0.9638094698657428,0.06541133774106306,0.6629115,0.8956336,0.7499701799999999,0.69710805,0.749959425
mixfake_music_dev_v1,RS-RM_LA_D_3878203_111411,0.21081188545168836,0.015915493222835538,0.09122897693828633,0.8373274,0.79460233,0.75,0.71364225,0.74999955
mixfake_music_dev_v1,RS-RM_LA_D_3892057_131178,0.12118691804243056,0.0069302883260074655,0.0608776383918393,0.8213735,0.9277585,0.7499993775,0.7407978749999999,0.7499666475
mixfake_music_dev_v1,RS-RM_LA_D_3907778_132150,0.22277024826984998,0.0034455368627077164,0.1401717232323376,0.7978042,0.7805745,0.74979555,0.65860845,0.7494278249999999
mixfake_music_dev_v1,RS-RM_LA_D_3909550_056469,0.183769208958503,0.004595689245949905,0.11528752903902709,0.7147448,0.81642926,0.7499996250000001,0.40554765000000004,0.749983125
mixfake_music_dev_v1,RS-RM_LA_D_3912641_090632,0.13934446669623937,0.0027031675735921636,0.055179106457966864,0.6976297,0.87917143,0.5392689374999999,0.40173282,0.7247857125
mixfake_music_dev_v1,RS-RM_LA_D_3912641_104814,0.2092789463214666,0.009651780500257567,0.17390080100145738,0.8571132,0.843135,0.745953075,0.72209355,0.7499663249999999
mixfake_music_dev_v1,RS-RM_LA_D_3912641_125820,0.5499198872590634,0.768657801552199,0.36498804560791664,0.49939564,0.8036926,0.74999985,0.749923605,0.74999973
mixfake_music_dev_v1,RS-RM_LA_D_3912641_142089,0.2451766778421746,0.002276101370830161,0.15546281262168193,0.64793724,0.8529879,0.74999982,0.74035395,0.7499997
mixfake_music_dev_v1,RS-RM_LA_D_3956242_056650,0.07874080353766034,0.2604302003299527,0.007505751229454677,0.5540079,0.96742904,0.7499449275,0.47092500000000004,0.7499850225
mixfake_music_dev_v1,RS-RM_LA_D_3996355_140621,0.25988347837532233,0.003914867473676185,0.1312234579107299,0.56526095,0.948592,0.74050905,0.7374454724999999,0.749986905
mixfake_music_dev_v1,RS-RM_LA_D_4004968_040080,0.23429872449041275,0.001709890855796385,0.19119602614306913,0.7843472,0.93137884,0.749744655,0.74996505,0.7499856525
mixfake_music_dev_v1,RS-RM_LA_D_4013164_072459,0.12377914061082597,0.0005206273917949268,0.07375538048962028,0.81345457,0.9234314,0.7441894874999999,0.7499994,0.749987625
mixfake_music_dev_v1,RS-RM_LA_D_4013164_120332,0.7271625776528718,0.9942745246754464,0.06926657097500259,0.5452455,0.7992975,0.7490545500000001,0.749816925,0.749965845
mixfake_music_dev_v1,RS-RM_LA_D_4016591_064571,0.18499282524819405,0.0005982584220548998,0.12024155073238564,0.7538727,0.87343913,0.7499012475,0.7499862749999999,0.74997747
mixfake_music_dev_v1,RS-RM_LA_D_4016743_063925,0.2182943366966742,0.015043868125024229,0.062166250458064606,0.50107926,0.92937165,-0.0177589005,0.686051925,0.608913675
mixfake_music_dev_v1,RS-RM_LA_D_4016743_126979,0.45696084548622395,0.020288925279258307,0.46485328310572316,0.81247044,0.8088878,0.731629725,0.741772455,0.7239450000000001
mixfake_music_dev_v1,RS-RM_LA_D_4041525_120914,0.31890806634942176,0.22304200962150691,0.14499850209498802,0.80095756,0.9387851,0.74999982,0.70222977,0.7499994
mixfake_music_dev_v1,RS-RM_LA_D_4124707_142377,0.345906252194704,0.32725742707885536,0.022727086415930672,0.76244134,0.9070467,-0.749159325,-0.22062363,-0.747438075
mixfake_music_dev_v1,RS-RM_LA_D_4159059_009847,0.9889657393591732,0.9811459277581911,0.79582466259262,0.481993,0.7589431,-0.749507475,0.562028625,-0.5815968375
mixfake_music_dev_v1,RS-RM_LA_D_4159059_126032,0.003914326327343553,0.0006892185427142089,0.0016887535152853763,0.7590194,0.9544114,-0.7339464,0.74125245,0.746983275
mixfake_music_dev_v1,RS-RM_LA_D_4198004_115389,0.09411944041232778,0.00498698392450832,0.0784008843187005,0.6459765,0.5899874,0.7499325,0.68891145,0.7493631975
mixfake_music_dev_v1,RS-RM_LA_D_4198004_122647,0.5176124775216717,0.004509739374678546,0.4139603189500646,0.7259498,0.86686623,0.7499125124999999,0.74948715,0.7499816699999999
mixfake_music_dev_v1,RS-RM_LA_D_4221800_087571,0.32184050997191865,0.0003751973892436383,0.3126991860186133,0.8778344,0.9617312,0.749989095,0.70056975,0.7499484000000001
mixfake_music_dev_v1,RS-RM_LA_D_4226294_143079,0.018985989961632557,0.00033886443150083634,0.023197742779750577,0.7273854,0.80257374,-0.7477399499999999,0.15315654750000002,0.511074075
mixfake_music_dev_v1,RS-RM_LA_D_4296014_061750,0.30712858880817384,0.0005986585806016643,0.31893781624312384,0.8579597,0.84732866,0.749999955,0.75,0.75
mixfake_music_dev_v1,RS-RM_LA_D_4334876_001967,0.018376833771785724,0.002668264420359826,0.013671294628355327,0.7284137,0.80956674,0.74907765,0.743489775,0.748480395
mixfake_music_dev_v1,RS-RM_LA_D_4334876_051151,0.7887465281710505,0.0036444045015149797,0.9440236333860069,0.454881,0.71095014,0.7499910750000001,0.7499920874999999,0.749593245
mixfake_music_dev_v1,RS-RM_LA_D_4349047_010033,0.2185692780809046,0.050206574416594554,0.12809722590019565,0.8540723,0.8782265,0.749993475,0.7499876999999999,0.7499996250000001
mixfake_music_dev_v1,RS-RM_LA_D_4350271_119020,0.18329804298942887,0.0031528192232581106,0.5758582188840018,0.79992396,0.42725715,0.7478598750000001,0.736932225,0.7499880750000001
mixfake_music_dev_v1,RS-RM_LA_D_4401633_049098,0.21512889821933331,0.0022664239212102444,0.1378368169037345,0.8417851,0.8481901,0.75,0.7471623000000001,0.74999985
mixfake_music_dev_v1,RS-RM_LA_D_4402714_075911,0.024252004955411556,0.00041440955928593286,0.014349453926735036,0.8360256,0.95643574,0.7170908625,0.75,0.7499825625
mixfake_music_dev_v1,RS-RM_LA_D_4433602_074139,0.13519666757625248,0.04663994185382226,0.006628669053334278,0.768834,0.9645188,-0.21833203499999998,0.749950425,0.70995708
mixfake_music_dev_v1,RS-RM_LA_D_4433602_089846,0.03998531370978231,0.0024026582309777714,0.008982362231546775,0.47064504,0.94179463,-0.74977335,-0.53828385,-0.735192525
mixfake_music_dev_v1,RS-RM_LA_D_4433602_146967,0.22167684540748084,0.0007374526942392181,0.09587527366903129,0.7431106,0.90630424,0.5688804375,0.667075305,0.749160645
mixfake_music_dev_v1,RS-RM_LA_D_4457621_099649,0.021003596299935645,0.0011554833229171862,0.002732896377568866,0.88765174,0.9416689,0.31605639750000003,0.57000558,0.7497381
mixfake_music_dev_v1,RS-RM_LA_D_4494387_098946,0.10996140292905762,0.009633287645525339,0.04089376807892807,0.46483833,0.9359829,-0.7413722699999999,0.7499291025,0.74248275
mixfake_music_dev_v1,RS-RM_LA_D_4511951_070434,0.15281093076521104,0.026529763802391863,0.07095323112506512,0.7740519,0.92403215,0.6404424,0.6948552,0.7397907525
mixfake_music_dev_v1,RS-RM_LA_D_4571818_057542,0.3503057711265172,0.26436906857461173,0.02473967774587209,0.7472124,0.86744297,-0.6914014500000001,-0.1136724225,0.101838885
mixfake_music_dev_v1,RS-RM_LA_D_4606004_109874,0.02891488683050405,0.0013770803044812487,0.0029912016769821142,0.82433885,0.8727109,0.749999505,0.7490914875,0.7499964225
mixfake_music_dev_v1,RS-RM_LA_D_4620892_079975,0.037614825414142655,0.011187999479176005,0.31009861953687284,0.758289,0.4066487,0.740859705,0.4549472625,0.655315725
mixfake_music_dev_v1,RS-RM_LA_D_4667621_024363,0.023592332612473434,0.002397385273895469,0.009019356124516743,0.7324703,0.85880834,0.7165203975,0.51189798,0.73300038
mixfake_music_dev_v1,RS-RM_LA_D_4723086_051169,0.3879400655045975,0.005470027100149498,0.7542254151090999,0.78753626,0.66242886,0.7366173,0.749993475,0.7499781375
mixfake_music_dev_v1,RS-RM_LA_D_4723558_097912,0.3250523811524196,0.006928195280472521,0.23486488109198778,0.84241885,0.92762095,0.745277025,0.749564025,0.7499839500000001
mixfake_music_dev_v1,RS-RM_LA_D_4723558_129353,0.2093067806794422,0.01396475035472899,0.07725285023368647,0.8115677,0.86695606,-0.7479960299999999,0.6118302,0.68563503
mixfake_music_dev_v1,RS-RM_LA_D_4767028_038907,0.70039388204823,0.08554781245719247,0.8957102867439226,0.72188675,0.41654623,-0.20321083500000003,0.7472961975,0.7446827025
mixfake_music_dev_v1,RS-RM_LA_D_4767028_060478,0.542973432860578,0.9624380414833382,0.08177364245382433,0.6345198,0.9449602,0.30937893,0.518903025,0.443894595
mixfake_music_dev_v1,RS-RM_LA_D_4796882_109471,0.2705524959207261,0.0009890163364870352,0.18886166976073704,0.794759,0.9411706,0.749999325,0.6374223,0.749989425
mixfake_music_dev_v1,RS-RM_LA_D_4816127_137117,0.1730025479308323,0.0034801306964696594,0.08007576056673699,0.81947047,0.8262032,0.7495101,-0.012394777499999999,0.7494294525
mixfake_music_dev_v1,RS-RM_LA_D_4833247_142558,0.06865881524262421,0.02268101222330612,0.0016143564183361454,0.7271553,0.9267739,0.714852555,0.17232936,0.6107783999999999
mixfake_music_dev_v1,RS-RM_LA_D_4876121_085486,0.1408646697720438,0.003457514346250892,0.10425106551673839,0.7673557,0.876517,0.22862352,0.7399116299999999,0.748704
mixfake_music_dev_v1,RS-RM_LA_D_4890059_030500,0.6148956785271248,0.8740434253081844,0.07613842448045041,0.4670012,0.94643784,0.74698332,0.5515424624999999,0.741545625
mixfake_music_dev_v1,RS-RM_LA_D_4941205_118891,0.13095658965775214,0.2772261058759892,0.004334554092940758,0.5954525,0.94068456,0.692120655,0.63479565,0.72980967
mixfake_music_dev_v1,RS-RM_LA_D_4966083_000585,0.1417983643610687,0.0038522548376061067,0.17639872823973715,0.7841269,0.7980341,0.75,0.5800350750000001,0.74999985
mixfake_music_dev_v1,RS-RM_LA_D_4966083_135040,0.4966149525735901,0.0010303119189966346,0.45358114434641567,0.7572306,0.8729663,0.7499994,0.702776625,0.74996325
mixfake_music_dev_v1,RS-RM_LA_D_4966585_011785,0.2661768363690676,0.0029895698045044323,0.26557204370342347,0.7888764,0.7728397,0.75,0.74997855,0.749999925
mixfake_music_dev_v1,RS-RM_LA_D_4969859_034983,0.22675710216211556,0.013572083955158324,0.1890939519093467,0.73018605,0.7339281,0.696803745,0.7499939624999999,0.749633205
mixfake_music_dev_v1,RS-RM_LA_D_4971078_099437,0.31872182251442194,0.0010591700863157633,0.16897070179317455,0.8668167,0.9616787,0.749954475,0.735250395,0.7499616
mixfake_music_dev_v1,RS-RM_LA_D_4981154_029750,0.10531064444443754,0.0015734012596679966,0.043296388743769794,0.85134786,0.9336081,0.74371305,0.18132312,0.727017405
mixfake_music_dev_v1,RS-RM_LA_D_5018258_077387,0.29979498430655804,0.005427513008204122,0.1292007744943659,0.78983414,0.9319287,0.7499967375000001,0.469251675,0.7499805
mixfake_music_dev_v1,RS-RM_LA_D_5018258_114392,0.3149529140723653,0.0037932483395916794,0.19515879617598358,0.6243481,0.9265342,0.74993115,0.7454310375000001,0.749980725
mixfake_music_dev_v1,RS-RM_LA_D_5066833_006602,0.00293475428979801,0.0010200317398908235,0.0009428509899538688,0.7853626,0.9001699,-0.71492082,-0.666105525,-0.7428205725
mixfake_music_dev_v1,RS-RM_LA_D_5105872_004158,0.05793677226562094,0.4745059758911169,0.0037557567505467227,0.65661514,0.9644934,-0.741718545,0.7489965375,0.609258
mixfake_music_dev_v1,RS-RM_LA_D_5162129_050851,0.6720719951581751,0.9722921337838292,0.14141635757262372,0.48133045,0.89276356,0.7499830125,0.7354882500000001,0.749939775
mixfake_music_dev_v1,RS-RM_LA_D_5255870_079909,0.7439853062701605,0.003092391817043515,0.6653860518867253,0.73131835,0.8487836,0.74984367,0.22501454999999998,0.7402210499999999
mixfake_music_dev_v1,RS-RM_LA_D_5260084_082705,0.10488554949520036,0.0017465071732465105,0.07351754480599743,0.89552295,0.8169367,0.7499676375,0.749343795,0.7499919975
mixfake_music_dev_v1,RS-RM_LA_D_5278285_149611,0.17316861679134274,0.0032614095386441946,0.08817306790395765,0.67378354,0.9351123,0.74962905,0.749999775,0.7499993775
mixfake_music_dev_v1,RS-RM_LA_D_5348059_148647,0.17858637303676764,0.012544137284153031,0.2547637070466623,0.78215206,0.72848535,0.7479640274999999,0.04268469375,0.74002725
mixfake_music_dev_v1,RS-RM_LA_D_5374875_073169,0.6837124217179453,0.009689804417796924,0.6405502857918691,0.5556899,0.58281434,0.75,0.687192225,0.74999817
mixfake_music_dev_v1,RS-RM_LA_D_5386683_075612,0.7448609345745233,0.9651213941495631,0.23075158293852377,0.583872,0.9000493,-0.74686185,0.7102060800000001,0.671492145
mixfake_music_dev_v1,RS-RM_LA_D_5411748_148076,0.06381394253569443,0.0001808478361529534,0.05864733269333956,0.7900556,0.9602915,0.430400475,0.7499917724999999,0.749966775
mixfake_music_dev_v1,RS-RM_LA_D_5415483_145985,0.21883705827612412,0.01542869503212964,0.17377728427391423,0.8532325,0.95182115,0.7499625375000001,0.749999955,0.74999973
mixfake_music_dev_v1,RS-RM_LA_D_5475950_040136,0.08856928961508717,6.887012926503856e-05,0.04534054902097787,0.8541532,0.94771487,-0.6152239125,0.7492243949999999,0.733656375
mixfake_music_dev_v1,RS-RM_LA_D_5545304_071372,0.5881945069050947,0.9109803145738493,0.08265666192224616,0.3629105,0.97371554,0.684648525,0.749980725,0.7499900775
mixfake_music_dev_v1,RS-RM_LA_D_5561293_060726,0.2940959992768279,0.007857812013110935,0.18926774193205267,0.82206255,0.9141287,0.674748795,0.75,0.7499966250000001
mixfake_music_dev_v1,RS-RM_LA_D_5604212_063352,0.03434923429052807,0.0006426805992662848,0.012354942326462287,0.7710108,0.8109988,0.5279718375,0.597225825,0.648554655
mixfake_music_dev_v1,RS-RM_LA_D_5611098_028279,0.15554287458913635,0.001381216550583991,0.05906350370064366,0.70613974,0.8985846,0.24767770499999997,0.13098768,0.7312792124999999
mixfake_music_dev_v1,RS-RM_LA_D_5617526_054137,0.22181769437918109,0.016163297598294418,0.11175470658863015,0.75252384,0.88644975,0.6368370750000001,0.74899167,0.749970225
mixfake_music_dev_v1,RS-RM_LA_D_5626364_082885,0.3229276624972748,0.001640232810908483,0.2389530501187427,0.82769644,0.82093793,-0.5537151375,0.552763125,0.7172453249999999
mixfake_music_dev_v1,RS-RM_LA_D_5660085_127297,0.09325397428291574,0.0034378857046986856,0.031669582603954874,0.78755045,0.92726994,0.74700105,0.5124826499999999,0.74832018
mixfake_music_dev_v1,RS-RM_LA_D_5684697_048157,0.7403249697290647,0.9707848985354648,0.14371080441991174,0.7415497,0.9688335,0.7329105300000001,0.33424043999999997,0.74961555
mixfake_music_dev_v1,RS-RM_LA_D_5684697_051592,0.19435474615155823,0.006078118180699489,0.06496436962224424,0.7631888,0.85627174,0.75,0.748726875,0.75
mixfake_music_dev_v1,RS-RM_LA_D_5700038_066482,0.19857504411535593,0.03964149113129085,0.22625959381143626,0.7170435,0.42134517,-0.65502843,0.75,0.7499584275
mixfake_music_dev_v1,RS-RM_LA_D_5763453_061166,0.10597468752095894,0.0016141297050358005,0.04069029241610933,0.6538371,0.94892937,0.7499802375,0.7499267775,0.74999982
mixfake_music_dev_v1,RS-RM_LA_D_5770185_036534,0.44844739889625623,0.026886191949698178,0.09432369424183777,0.4018922,0.8768247,0.75,-0.307037775,0.7499992875
mixfake_music_dev_v1,RS-RM_LA_D_5770185_117251,0.3755559996482914,0.0038858379758389583,0.2797825886169872,0.7602687,0.83065575,0.7499961975,0.713040825,0.749896575
mixfake_music_dev_v1,RS-RM_LA_D_5774989_133775,0.34626813118799277,0.006236319510368062,0.2195608552377291,0.8330539,0.92639,-0.25835175,0.747262725,0.6380178
mixfake_music_dev_v1,RS-RM_LA_D_5796246_031249,0.12450431650947051,0.0019555103545108167,0.10959664321374017,0.70142746,0.8812948,0.749578275,0.66351642,0.688837455
mixfake_music_dev_v1,RS-RM_LA_D_5796246_043843,0.008422687054085333,0.0007000488575306725,0.005366321805699767,0.76786375,0.81123155,-0.37069078499999997,-0.0816740175,-0.056394416999999995
mixfake_music_dev_v1,RS-RM_LA_D_5826428_016997,0.2528164241972124,0.0257041534162105,0.24756962823069353,0.7406521,0.8229863,0.749992725,0.747296475,0.749998305
mixfake_music_dev_v1,RS-RM_LA_D_5826428_086792,0.24091861854865917,0.0015738302821526437,0.16043038444792626,0.7493531,0.9368954,0.7265319,0.7499292375,0.749814075
mixfake_music_dev_v1,RS-RM_LA_D_5826428_148882,0.18037176962034984,0.012328913245880325,0.1374918316770851,0.8078903,0.92179537,0.7497233249999999,0.74999355,0.7499996250000001
mixfake_music_dev_v1,RS-RM_LA_D_5835377_001783,0.603067274438458,0.6566039029887333,0.07886724403439625,0.7982362,0.9382838,0.7496963775,0.5955180375,0.7494918
mixfake_music_dev_v1,RS-RM_LA_D_5855069_132778,0.4317351662133222,0.8170625722925351,0.06146405857421661,0.45398718,0.76603955,0.629378775,0.5396244225,0.7166783999999999
mixfake_music_dev_v1,RS-RM_LA_D_5855069_134801,0.5796123443224988,0.9523889948507628,0.21746162683663192,0.5315838,0.84966505,-0.3172646025,0.739023105,0.7478946449999999
mixfake_music_dev_v1,RS-RM_LA_D_5881435_063400,0.17456592820630465,0.0023062021788330476,0.06042697351786147,0.86035097,0.95364743,0.726013095,0.749999925,0.749988645
mixfake_music_dev_v1,RS-RM_LA_D_5898234_109536,0.8014275875788266,0.9863715544037993,0.2514333801062171,0.44067642,0.77405196,0.7474567725,0.7453988475,0.749285505
mixfake_music_dev_v1,RS-RM_LA_D_5925557_024655,0.007863746464542043,0.0010951019790233676,0.22087330370936062,0.73525566,0.6789806,0.71564913,0.348697185,0.633037725
mixfake_music_dev_v1,RS-RM_LA_D_5934426_140000,0.17874466406597703,0.009604174030064317,0.0660374881607373,0.84618974,0.89298993,0.74898615,0.4686022125,0.749990325
mixfake_music_dev_v1,RS-RM_LA_D_5947257_066779,0.26394391204006373,0.0046505388273044386,0.0506388518734573,0.6417828,0.9339059,0.74999985,0.07383971624999999,0.749656275
mixfake_music_dev_v1,RS-RM_LA_D_5947257_098235,0.14470024710374854,0.0007840082134894649,0.3106647312532242,0.7699211,0.4061875,0.749761125,0.317187,0.7484297025
mixfake_music_dev_v1,RS-RM_LA_D_5952548_001822,0.281957943891318,0.0014164802808412137,0.17785226700723328,0.889938,0.83566105,0.749999925,0.7411523775,0.74999745
mixfake_music_dev_v1,RS-RM_LA_D_5952548_052255,0.2014978716310395,0.024285395810697743,0.06631694162028672,0.7379788,0.93993336,0.749999955,0.7498001774999999,0.749999955
mixfake_music_dev_v1,RS-RM_LA_D_5965283_039278,0.2930317507389307,0.0030636223681597833,0.12535467244573448,0.85194373,0.92714167,0.7475568,0.5041648125,0.742401225
mixfake_music_dev_v1,RS-RM_LA_D_5972086_142096,0.76136765687173,0.005266420051846146,0.7660745348644841,0.77675647,0.77618444,0.74991675,0.7433121,0.7472176500000001
mixfake_music_dev_v1,RS-RM_LA_D_6027798_130133,0.2129254091092169,0.006044159459955256,0.06946354171695852,0.6251492,0.9446572,0.744426075,0.7498674975,0.7499598000000001
mixfake_music_dev_v1,RS-RM_LA_D_6067380_132554,0.03770334815183111,0.004072887430522398,0.1032338410790357,0.5052679,0.57489574,-0.74400045,-0.64072755,-0.7185287475000001
mixfake_music_dev_v1,RS-RM_LA_D_6068075_146940,0.5523825778180268,0.9663207946597758,0.11549609549764972,0.59437054,0.84944266,0.55796895,0.74969595,0.7496577525
mixfake_music_dev_v1,RS-RM_LA_D_6077981_124508,0.05768190270914034,0.009410816964068392,0.003607872971960188,0.69473815,0.96608204,-0.3718261875,0.746327325,0.407892825
mixfake_music_dev_v1,RS-RM_LA_D_6113999_129350,0.13872914675093997,0.0013985548055424188,0.07226899635218437,0.8954876,0.90029407,-0.74999982,0.7498923,0.7495387499999999
mixfake_music_dev_v1,RS-RM_LA_D_6212089_025928,0.01982750246920275,0.003589067046583739,0.0032396105545635426,0.8270549,0.8095417,0.75,-0.165224175,0.7499848875
mixfake_music_dev_v1,RS-RM_LA_D_6265671_069202,0.5794154794683856,0.0006939691841394745,0.5862203179378768,0.8938043,0.89901334,0.724966875,0.7495698000000001,0.749775825
mixfake_music_dev_v1,RS-RM_LA_D_6266231_051111,0.27048626247023055,0.05391760318615898,0.6172987952754575,0.7885613,0.75740355,0.749998875,0.7471183275000001,0.74999508
mixfake_music_dev_v1,RS-RM_LA_D_6287239_109235,0.1364509182747879,0.050012423979240044,0.08436040452951918,0.5757118,0.94834334,-0.5057820975,0.734880375,0.411486975
mixfake_music_dev_v1,RS-RM_LA_D_6288557_144164,0.7763750724615495,0.9811036222180542,0.20480828677252227,0.6046433,0.82363015,0.74973525,0.7001364375,0.7490735625
mixfake_music_dev_v1,RS-RM_LA_D_6311046_121205,0.0136531512625796,0.004804152631665081,0.10493013792734633,0.7227393,0.79660386,0.738623175,0.726137145,0.749830125
mixfake_music_dev_v1,RS-RM_LA_D_6325680_152361,0.46055911178330383,0.0027341910221272167,0.4277274649876525,0.77306986,0.88279986,0.749862525,0.6919464,0.749636325
mixfake_music_dev_v1,RS-RM_LA_D_6369583_087971,0.16338466242468438,0.0030961808416152805,0.05216282219640262,0.740378,0.963277,0.7495648125000001,0.354396375,0.7398495375
mixfake_music_dev_v1,RS-RM_LA_D_6421519_116451,0.5446841639220571,0.6299821693750598,0.09534205797549776,0.5133019,0.88859296,0.57628335,0.433283505,0.442549275
mixfake_music_dev_v1,RS-RM_LA_D_6453794_113594,0.7178901345911203,0.0010567846544725444,0.6497252089902048,0.7473901,0.8135192,0.7498492125,0.433655925,0.7263918
mixfake_music_dev_v1,RS-RM_LA_D_6453794_121213,0.3635326569131894,0.0010105899273498684,0.2798701401313173,0.7613432,0.9173384,0.713884575,0.6974871,0.7442204625
mixfake_music_dev_v1,RS-RM_LA_D_6458272_003475,0.3191865738613094,0.1570237777006958,0.059797401561135596,0.3402144,0.91283673,0.749997975,0.73906845,0.749992575
mixfake_music_dev_v1,RS-RM_LA_D_6458272_060990,0.1435076486934267,0.004566715314344228,0.15963148036393324,0.69310987,0.69315606,0.7427769,0.4119172125,0.746787825
mixfake_music_dev_v1,RS-RM_LA_D_6478834_003517,0.36899609651439524,0.3233508607922368,0.1099303606944733,0.84217197,0.95423335,0.75,0.5641720875,0.7499996250000001
mixfake_music_dev_v1,RS-RM_LA_D_6478834_090148,0.2639263278207395,0.01924453003055712,0.16374572434058535,0.82904136,0.9306582,0.74996607,0.7485149475,0.7499241
mixfake_music_dev_v1,RS-RM_LA_D_6549373_033271,0.22046991742125152,0.0016702881867199171,0.23894628681157967,0.90228647,0.8854156,0.749998575,0.741764025,0.7499676
mixfake_music_dev_v1,RS-RM_LA_D_6622348_090693,0.4229349733760947,0.000878017594933348,0.4638881539352646,0.7879285,0.7998548,0.7499975249999999,0.6200675250000001,0.749082975
mixfake_music_dev_v1,RS-RM_LA_D_6704472_063477,0.31537828857314637,0.29388102681371797,0.08357479608615775,0.18312892,0.9409383,0.732682125,0.74230617,0.719547495
mixfake_music_dev_v1,RS-RM_LA_D_6710190_046065,0.6709225155128633,0.8661789967683216,0.3274316060270874,0.54595715,0.8515849,0.749935275,0.70321815,0.749906775
mixfake_music_dev_v1,RS-RM_LA_D_6710190_147218,0.28192263137200335,0.47860468452296306,0.07805240451433695,0.7195724,0.9202446,0.56365485,0.6731821125,0.7255308
mixfake_music_dev_v1,RS-RM_LA_D_6749101_105920,0.25307102464663633,0.004720893028383744,0.1595121360898659,0.7217458,0.8202989,0.749918925,0.709391175,0.7492542
mixfake_music_dev_v1,RS-RM_LA_D_6780824_026932,0.182656446785023,0.004021893841736517,0.1205257939357157,0.81005186,0.88334084,0.74999973,0.7476352725,0.74999985
mixfake_music_dev_v1,RS-RM_LA_D_6787225_078999,0.14011053800123466,0.0025055206362742184,0.10348020230233464,0.80753833,0.94457096,0.749999925,0.671663325,0.7499988
mixfake_music_dev_v1,RS-RM_LA_D_6806996_016427,0.05093324481966074,0.0019575285896755116,0.029184379999198498,0.773702,0.86519533,0.74927565,0.63854205,0.7368287025
mixfake_music_dev_v1,RS-RM_LA_D_6836003_110632,0.30880395185994647,0.0003317358435929102,0.14811355436526133,0.6453954,0.9606324,0.5820719025000001,0.74998335,0.7382006475
mixfake_music_dev_v1,RS-RM_LA_D_6838449_129398,0.22477925140734553,0.11254996273462692,0.06649462082579319,0.18413119,0.94584453,0.7496722499999999,0.7392096525,0.749991525
mixfake_music_dev_v1,RS-RM_LA_D_6853055_122713,0.15374329100738549,0.0016675084930477004,0.17444681002092674,0.7596647,0.7011295,0.75,0.6041370749999999,0.7499989499999999
mixfake_music_dev_v1,RS-RM_LA_D_6864236_125589,0.4200798062991374,0.0019357194976850518,0.8074664450713861,0.5066458,0.42618233,0.7499962875,0.7411878,0.7499763525
mixfake_music_dev_v1,RS-RM_LA_D_6903853_014779,0.15739787519268247,0.012736364816323292,0.3292838200559806,0.83774084,0.40140572,0.749999955,0.7476495375,0.74999973
mixfake_music_dev_v1,RS-RM_LA_D_6916843_032791,0.2908154413081641,0.002069370996999378,0.24686706554494192,0.853493,0.892,0.74999973,0.4578512025,0.749986905
mixfake_music_dev_v1,RS-RM_LA_D_6936162_026697,0.3971629194182465,0.0034017684856754377,0.8139776816370671,0.45067662,0.4752788,0.75,0.7479631725,0.749999595
mixfake_music_dev_v1,RS-RM_LA_D_6936162_134956,0.1372394554548701,0.029456762199509913,0.04717991816694356,0.64945334,0.8326733,0.7499534625,0.39396105000000003,0.72975567
mixfake_music_dev_v1,RS-RM_LA_D_6972066_061806,0.1737241435097425,0.00041202342266165494,0.32448927135089545,0.87108654,0.4086646,0.137660865,0.3480953625,0.69173817
mixfake_music_dev_v1,RS-RM_LA_D_6986371_011733,0.8030713283608117,0.9971232000621484,0.055985754738406064,0.53764975,0.83390605,-0.199956735,-0.1715443875,0.381146925
mixfake_music_dev_v1,RS-RM_LA_D_6989506_144933,0.04667248743404707,0.0069031089493430935,0.0045007908407110045,0.5644534,0.91896254,0.7134062625,0.44969147249999997,0.746813325
mixfake_music_dev_v1,RS-RM_LA_D_7050071_040522,0.1924647313125604,0.0019489862984792632,0.15958431239576545,0.8807661,0.90358543,0.627316725,0.7499695125,0.7489906500000001
mixfake_music_dev_v1,RS-RM_LA_D_7179593_107585,0.2656981886619166,0.002747336455808683,0.12420625609647268,0.73995286,0.78652835,0.749982225,0.515088375,0.749247675
mixfake_music_dev_v1,RS-RM_LA_D_7203605_020341,0.3732081057604851,0.9992553113843391,0.008114787048256349,0.25577712,0.9589834,0.014097486749999999,0.7499991525,0.7291252500000001
mixfake_music_dev_v1,RS-RM_LA_D_7252855_138204,0.1854174471022471,0.0019340343637860367,0.11375634538315609,0.86885685,0.89256597,0.749910225,0.7497750525,0.7499962875
mixfake_music_dev_v1,RS-RM_LA_D_7253146_046023,0.15257526101904345,0.001857362135583603,0.08329556738008678,0.6836954,0.96055573,0.7389737550000001,0.7499997,0.7499794799999999
mixfake_music_dev_v1,RS-RM_LA_D_7267402_049364,0.22292486662666294,0.002522209938717056,0.26764678302194256,0.72015715,0.5333792,0.75,0.739352625,0.75
mixfake_music_dev_v1,RS-RM_LA_D_7277373_064806,0.27655360970611287,0.0011437792249689707,0.21956344750154386,0.79021186,0.75884855,0.747691125,0.561890325,0.74087025
mixfake_music_dev_v1,RS-RM_LA_D_7304634_047474,0.24430062691042495,0.0049845577922951485,0.07482792633206921,0.5400758,0.9504755,0.7499988,0.635933745,0.7499742525
mixfake_music_dev_v1,RS-RM_LA_D_7339633_085951,0.22250016087256994,0.006688365877917964,0.16739180072702015,0.61646616,0.9439366,0.57984225,0.7499919,0.74737425
mixfake_music_dev_v1,RS-RM_LA_D_7366267_030902,0.2599760926067806,0.004095370842435161,0.19749268059791808,0.8186708,0.76875967,0.748367025,0.6041439749999999,0.74925285
mixfake_music_dev_v1,RS-RM_LA_D_7366267_153333,0.08708940397722331,0.010709506243454632,0.08759479974106725,0.8585671,0.5362907,0.74140605,-0.041762433,0.74674275
mixfake_music_dev_v1,RS-RM_LA_D_7423342_053988,0.16163642107535708,0.0053965671195503025,0.09483843752405503,0.83523935,0.761774,0.7499833275,0.24115323,0.749811675
mixfake_music_dev_v1,RS-RM_LA_D_7455119_108532,0.5102172538689786,0.06296099579343144,0.43224993659099176,0.6970351,0.85807586,0.749999955,0.69945675,0.7499872125
mixfake_music_dev_v1,RS-RM_LA_D_7455119_109477,0.4073248008239464,0.19615098291879793,0.23538290518317984,0.45337704,0.92727435,0.75,0.7466210249999999,0.75
mixfake_music_dev_v1,RS-RM_LA_D_7460902_016165,0.15358310391696378,0.007649607994594053,0.17336980371295727,0.78485715,0.7989383,0.7498845000000001,0.749532675,0.749989275
mixfake_music_dev_v1,RS-RM_LA_D_7512294_056163,0.2315499873958465,0.0056499190022698395,0.09650750096743482,0.60056174,0.90952057,0.7499794799999999,0.7446251625,0.749979975
mixfake_music_dev_v1,RS-RM_LA_D_7518137_022332,0.2949495093138746,0.0010652875773825947,0.23449779179408742,0.83162564,0.8961,0.74156517,0.749998725,0.7499794799999999
mixfake_music_dev_v1,RS-RM_LA_D_7518137_042847,0.3062726333263203,0.002375604349898449,0.17014145352743848,0.7955742,0.9212525,0.7497225000000001,0.656085045,0.7499768250000001
mixfake_music_dev_v1,RS-RM_LA_D_7518137_082780,0.24042878606729481,0.06224898761195219,0.08666116131130713,0.49228263,0.88220364,0.7476700125,0.741648525,0.749899275
mixfake_music_dev_v1,RS-RM_LA_D_7600381_027182,0.03704647680700971,0.0019408332860706278,0.10698241448468972,0.60129005,0.67829573,0.749997975,0.7342796625,0.7499969625
mixfake_music_dev_v1,RS-RM_LA_D_7600381_143528,0.2309598371241239,0.029899652694343512,0.20853529773865107,0.89009273,0.88273585,0.74999973,0.7486482975,0.749991
mixfake_music_dev_v1,RS-RM_LA_D_7640990_011917,0.06729951379913189,0.00571756371770809,0.0966189696143735,0.75671625,0.8231069,0.5524087275,0.305888025,0.706331025
mixfake_music_dev_v1,RS-RM_LA_D_7647812_045617,0.9920945931056783,0.9977554742854144,0.23683825755592416,0.6771351,0.94997424,0.738691575,0.7061959950000001,0.749576325
mixfake_music_dev_v1,RS-RM_LA_D_7712846_073340,0.3819528015731964,0.0051139951205345984,0.3817252397585661,0.7420372,0.93036807,0.749989095,0.747627075,0.7499990999999999
mixfake_music_dev_v1,RS-RM_LA_D_7727446_054749,0.03050048955363452,0.00836148054409563,0.011951784425152767,0.88297194,0.9722645,0.7498617000000001,0.7443256500000001,0.7499866500000001
mixfake_music_dev_v1,RS-RM_LA_D_7727446_068445,0.5972155076918042,0.565145370539754,0.29208678995631354,0.7756055,0.9291403,0.749817075,0.74956365,0.7499759475
mixfake_music_dev_v1,RS-RM_LA_D_7757579_011321,0.3230527572772322,0.0013828182898949265,0.523385250495389,0.6340531,0.7905066,0.749909175,0.7300560300000001,0.7498910249999999
mixfake_music_dev_v1,RS-RM_LA_D_7757579_018763,0.1021683017796634,0.004727469985239352,0.03356407655307295,0.5586334,0.7661715,0.749938275,0.749244555,0.7499196
mixfake_music_dev_v1,RS-RM_LA_D_7758267_066975,0.18067349958446527,0.0004970407371082149,0.07194487079778027,0.66902155,0.858791,0.7480830749999999,0.721232595,0.7498755749999999
mixfake_music_dev_v1,RS-RM_LA_D_7758918_017131,0.13448318780387822,0.0035059610098324323,0.07055573926902615,0.67169005,0.9523295,0.749950245,0.616419075,0.7499918624999999
mixfake_music_dev_v1,RS-RM_LA_D_7783288_054025,0.15328641725591885,0.0003837149721088963,0.1151738312001939,0.77105945,0.8773576,0.74966985,0.74793165,0.748297725
mixfake_music_dev_v1,RS-RM_LA_D_7783288_074968,0.09125623407091892,0.005615629891769821,0.08000211143596545,0.63318413,0.9199071,-0.593136975,0.08547096750000001,-0.5968174500000001
mixfake_music_dev_v1,RS-RM_LA_D_7783712_004066,0.42558963397119876,0.2021627310038557,0.35275192971012886,0.692126,0.8800518,0.749863725,0.6517395,0.747242325
mixfake_music_dev_v1,RS-RM_LA_D_7783712_029659,0.2664880346690661,0.00728119835992949,0.17857420977126676,0.5826509,0.76438534,0.75,0.53264775,0.74999817
mixfake_music_dev_v1,RS-RM_LA_D_7786543_114429,0.05031617495858545,0.0022009968615553763,0.2121611955962189,0.762516,0.82673126,0.685937175,0.74998185,0.7496514
mixfake_music_dev_v1,RS-RM_LA_D_7787517_014198,0.48992044450310984,0.5567038899999182,0.1412778702434695,0.71345717,0.96414196,0.7382961,0.75,0.749904825
mixfake_music_dev_v1,RS-RM_LA_D_7869886_098339,0.026964767317881434,0.0017719044506775065,0.018408208985082195,0.79827803,0.89862126,0.748654425,0.7495353,0.7465121025
mixfake_music_dev_v1,RS-RM_LA_D_7870292_056274,0.18256478201236392,0.002297435334020515,0.08367536598863504,0.5521147,0.95007735,0.74999982,0.7498725525000001,0.74999973
mixfake_music_dev_v1,RS-RM_LA_D_7870292_071087,0.38741383680023694,0.0021463885208354012,0.23782232416706706,0.77391565,0.93470687,0.7499741249999999,0.7490604750000001,0.7499829
mixfake_music_dev_v1,RS-RM_LA_D_7879955_022560,0.1862286944121717,0.004971447042403503,0.09587499554418866,0.6718467,0.800188,0.7499689724999999,0.6741098999999999,0.749839605
mixfake_music_dev_v1,RS-RM_LA_D_7885719_037731,0.6035400196135341,0.0006397286195230899,0.6130385884194823,0.83187103,0.8369499,-0.561238125,0.6955348875,0.6492335250000001
mixfake_music_dev_v1,RS-RM_LA_D_7916368_069299,0.22568073134339622,0.0009339479786269505,0.22339209448718567,0.787553,0.9661292,-0.7280770125,0.749754825,0.38691660000000005
mixfake_music_dev_v1,RS-RM_LA_D_7933208_004836,0.7021522023335377,0.9906355511380429,0.07142826341736318,0.4662579,0.950958,0.58686435,0.7488272475,0.7496888625
mixfake_music_dev_v1,RS-RM_LA_D_7933208_086576,0.2177480150893075,0.00035813515302776124,0.14029008928582576,0.70187,0.8838057,0.7499976,0.7499966250000001,0.749999925
mixfake_music_dev_v1,RS-RM_LA_D_7933208_096769,0.24443521374487534,0.00139900656409094,0.18452949593213733,0.78076285,0.8909056,0.74963397,0.7496136,0.749989005
mixfake_music_dev_v1,RS-RM_LA_D_7933208_125827,0.28871549557523407,0.0018332995280437897,0.4832704265338292,0.69001037,0.8190307,0.614785575,0.6495272249999999,0.6633802950000001
mixfake_music_dev_v1,RS-RM_LA_D_8017606_138300,0.6632681475853065,0.7136348456185707,0.13145792031042006,0.79339147,0.9435603,0.749526945,0.7455441,0.749970675
mixfake_music_dev_v1,RS-RM_LA_D_8023275_097774,0.08420599593178843,0.00203431800364841,0.10311884963367143,0.6448047,0.80171204,0.7499992875,0.7431892875,0.749997
mixfake_music_dev_v1,RS-RM_LA_D_8023275_107852,0.21301301784514942,0.0010638334005743913,0.15927919864467496,0.7706534,0.7802815,0.749781525,0.69378747,0.7488236699999999
mixfake_music_dev_v1,RS-RM_LA_D_8059879_080295,0.21157048120064698,0.011604032369138486,0.09386314142705461,0.71647984,0.9535749,0.749999955,0.7489726274999999,0.749999955
mixfake_music_dev_v1,RS-RM_LA_D_8076652_020093,0.13437177540561993,0.0024009914735332273,0.3379882216679781,0.7622085,0.442423,0.74443428,0.6843492225000001,0.74430735
mixfake_music_dev_v1,RS-RM_LA_D_8076652_119245,0.14067928788489745,0.0019217204769035779,0.12015747561397885,0.8075262,0.86518687,0.749998725,0.749992755,0.74999955
mixfake_music_dev_v1,RS-RM_LA_D_8089175_010460,0.166814392733433,0.012921391246504151,0.055848900817505376,0.65104914,0.9361971,0.70590618,0.6740264250000001,0.7484200875
mixfake_music_dev_v1,RS-RM_LA_D_8089175_067780,0.4416485850568557,0.7892016609126383,0.09271353827782902,0.5286578,0.95319587,0.734936355,0.749619225,0.74993685
mixfake_music_dev_v1,RS-RM_LA_D_8094862_139772,0.45325606576688326,0.0013300080271368162,0.42503222190457063,0.889707,0.88383186,0.740382045,0.6822617475,0.741738
mixfake_music_dev_v1,RS-RM_LA_D_8179191_147168,0.3713602439785097,0.0013121814309867566,0.3552744871282249,0.82586676,0.82895416,0.7452934800000001,0.745849275,0.749240025
mixfake_music_dev_v1,RS-RM_LA_D_8210164_012569,0.3438468947416101,0.21606974080653263,0.05463284992445001,0.36735517,0.94700265,0.749999505,0.2170262475,0.749994525
mixfake_music_dev_v1,RS-RM_LA_D_8210164_141394,0.17127095279352805,0.001847472935215269,0.06472554761572732,0.689564,0.9454376,0.748403025,0.34118603999999997,0.684620625
mixfake_music_dev_v1,RS-RM_LA_D_8232673_026022,0.27832747882497944,0.009365415986367826,0.14042490084944,0.7711432,0.8933363,-0.7289446125000001,0.7341195375,0.734911425
mixfake_music_dev_v1,RS-RM_LA_D_8232673_050861,0.05617065252419943,0.0025216778940677946,0.18201079772023548,0.6686556,0.45735022,-0.7499647725,0.74952927,0.68997375
mixfake_music_dev_v1,RS-RM_LA_D_8274833_029937,0.14475214722664176,0.0018749653487672214,0.06814794241765397,0.7483716,0.9735367,0.738891855,0.7494463499999999,0.749892
mixfake_music_dev_v1,RS-RM_LA_D_8274833_129918,0.17909675833975208,0.0016878197430379286,0.1070851168414278,0.677008,0.8890108,0.730024275,0.539136705,0.749296875
mixfake_music_dev_v1,RS-RM_LA_D_8277825_083911,0.19569513395088686,0.006520698554456858,0.19462865127661466,0.6360553,0.8680203,0.749936775,0.7417132275,0.7499346
mixfake_music_dev_v1,RS-RM_LA_D_8302640_001734,0.4386715897580008,0.29927578666885274,0.38494960354321023,0.47939286,0.47543633,0.6999015,0.7496836499999999,0.7466045025
mixfake_music_dev_v1,RS-RM_LA_D_8302640_047192,0.47894155401286204,0.5511814008595136,0.11380951863647609,0.64338744,0.91064495,0.7496268,0.7486317,0.749983575
mixfake_music_dev_v1,RS-RM_LA_D_8340433_013834,0.2977417050744255,0.07026994626618613,0.19602566129779475,0.84705865,0.8254757,0.7499930699999999,0.749999925,0.75
mixfake_music_dev_v1,RS-RM_LA_D_8340433_127914,0.30531190427679705,0.001212500548259053,0.2757561184379763,0.8237459,0.9171374,0.747254895,0.7495629749999999,0.7498517250000001
mixfake_music_dev_v1,RS-RM_LA_D_8393123_092514,0.4128652362878851,0.6104822793966928,0.08156444639053831,0.75052947,0.95365673,0.747383055,0.628640595,0.74946495
mixfake_music_dev_v1,RS-RM_LA_D_8394417_064478,0.1257763493158182,0.001704434495436289,0.06259226638636406,0.77877474,0.90182245,-0.389803275,0.58948767,0.6804332025
mixfake_music_dev_v1,RS-RM_LA_D_8394417_065002,0.051475066038928805,0.004812779569765941,0.003483082746520223,0.7823062,0.9294073,0.7498070625,0.6638208,0.74968335
mixfake_music_dev_v1,RS-RM_LA_D_8443765_090656,0.2886441233518687,0.0008138835901065507,0.14965749610862286,0.6746552,0.90530425,0.7499991525,0.726777225,0.7499563499999999
mixfake_music_dev_v1,RS-RM_LA_D_8450008_059676,0.2957329830539604,0.000800810569648368,0.6007123632512221,0.6884168,0.4572783,0.75,0.744898875,0.749999925
mixfake_music_dev_v1,RS-RM_LA_D_8544546_056472,0.19325468568920723,0.002814221879751635,0.08495874494331973,0.73403895,0.80134946,0.7499988375,0.3106034475,0.74908362
mixfake_music_dev_v1,RS-RM_LA_D_8568451_018876,0.176976174153651,0.0018793894600280634,0.3192249025633315,0.75955606,0.6280635,0.7296277725,0.366703995,0.618969
mixfake_music_dev_v1,RS-RM_LA_D_8568451_054129,0.23473139433986978,0.003711121978960275,0.1809904978979834,0.737288,0.9218146,0.74808225,0.75,0.749999925
mixfake_music_dev_v1,RS-RM_LA_D_8568451_082221,0.16097494326491182,0.0009184444543103245,0.11221292004452946,0.8107034,0.8970971,0.55092675,0.6154996500000001,0.745452
mixfake_music_dev_v1,RS-RM_LA_D_8591429_038894,0.288565325900495,0.016559227548932826,0.5354868028833897,0.8089435,0.41067883,0.749999325,0.7499726999999999,0.749999025
mixfake_music_dev_v1,RS-RM_LA_D_8596053_036654,0.16023897428419523,0.004289757496935019,0.20406595448980058,0.75575393,0.73753375,0.7499987475000001,0.74999955,0.75
mixfake_music_dev_v1,RS-RM_LA_D_8635476_000213,0.3183167870563466,0.0035425938548489843,0.2676293659236047,0.87770164,0.91185784,0.5148228,0.4171971375,0.7277057250000001
mixfake_music_dev_v1,RS-RM_LA_D_8635476_069222,0.269631277166345,0.0033758446670105304,0.27095273083983784,0.7914075,0.804566,0.747638925,0.7496394749999999,0.74941605
mixfake_music_dev_v1,RS-RM_LA_D_8635731_063260,0.2050339175848212,0.0027547103083351886,0.1977810365144385,0.8042877,0.910151,0.7457212950000001,0.5934497249999999,0.7491636749999999
mixfake_music_dev_v1,RS-RM_LA_D_8637288_085444,0.22224891685667397,0.0014803579824099876,0.09614140464273914,0.7698667,0.9624825,0.74999985,0.74907135,0.749999955
mixfake_music_dev_v1,RS-RM_LA_D_8637288_131341,0.1684158877376698,0.0233908987077694,0.05720416932539852,0.73521334,0.9095566,0.749598075,0.16225992,0.7495869000000001
mixfake_music_dev_v1,RS-RM_LA_D_8672684_000210,0.2581079722944292,0.0019023744391572898,0.18497591737654903,0.66122925,0.80760723,0.75,0.7447593,0.749999955
mixfake_music_dev_v1,RS-RM_LA_D_8688425_018579,0.10010413721218497,0.01051840313338787,0.02007551563117872,0.8658597,0.95797724,0.7495358025,0.6220152225,0.749099325
mixfake_music_dev_v1,RS-RM_LA_D_8688425_111455,0.19890113825661487,0.007330137400302482,0.19692706770715643,0.7639209,0.7956829,0.75,0.73471257,0.749999925
mixfake_music_dev_v1,RS-RM_LA_D_8736165_055807,0.10966618429353839,0.0011942796978537036,0.06619251691920788,0.77697396,0.8148262,0.7499808,0.74998845,0.749995575
mixfake_music_dev_v1,RS-RM_LA_D_8792865_066703,0.3496196144305284,0.0013031061020121245,0.2944789593690534,0.7308635,0.8816765,0.75,0.6889001699999999,0.7499783250000001
mixfake_music_dev_v1,RS-RM_LA_D_8826808_121651,0.5209387499933374,0.003911767818829996,0.5395445515476903,0.76973397,0.6943251,0.7490646225,0.7461817500000001,0.74996085
mixfake_music_dev_v1,RS-RM_LA_D_8870668_123611,0.10019475444989491,0.0015539265597234488,0.08836770937684402,0.78773564,0.8802249,-0.719598525,0.635942475,0.47584533749999997
mixfake_music_dev_v1,RS-RM_LA_D_8873219_046542,0.27482034853441845,0.0013668647065073,0.4807999092738127,0.8398523,0.36318317,0.749996025,0.682380795,0.7499741249999999
mixfake_music_dev_v1,RS-RM_LA_D_8988223_024430,0.12053512473495295,0.0025423942714291057,0.08877133270786843,0.8391155,0.6839682,0.7499107275,0.7392438,0.7498346250000001
mixfake_music_dev_v1,RS-RM_LA_D_8988223_117632,0.10703290046487497,0.0006259491338300664,0.10044043005547235,0.81973344,0.9118393,0.1477435725,0.558092595,-0.19726697249999997
mixfake_music_dev_v1,RS-RM_LA_D_8988223_119725,0.4114632197443714,0.009004441906077814,0.22283954948028895,0.7791064,0.9078889,0.749999955,0.67973958,0.7499966025
mixfake_music_dev_v1,RS-RM_LA_D_9042253_053899,0.44956214966832203,0.3355705135655168,0.1719553870466869,0.59108895,0.9383581,0.749997945,0.7498773750000001,0.7499992875
mixfake_music_dev_v1,RS-RM_LA_D_9042253_072133,0.20635617216185195,0.011084181977539027,0.09994192105833155,0.5367523,0.9581196,0.7499994,0.749999955,0.75
mixfake_music_dev_v1,RS-RM_LA_D_9042253_148604,0.19272763554402297,0.0005381235631497552,0.10660950432190172,0.79341084,0.9414516,0.74998005,0.7486670775,0.74999955
mixfake_music_dev_v1,RS-RM_LA_D_9060455_010279,0.48877728694742234,0.01813037360438014,0.2257362885487256,0.8411607,0.9274644,0.749999955,0.74298615,0.749996925
mixfake_music_dev_v1,RS-RM_LA_D_9060455_011839,0.1758022170437631,0.009548656139465766,0.08105003369617461,0.5830515,0.9631635,0.749999925,0.749975505,0.75
mixfake_music_dev_v1,RS-RM_LA_D_9125966_148305,0.13369057526542966,0.0002947477944510145,0.29601278667902314,0.52743626,0.6878843,0.39853062000000006,0.742960575,0.7410599999999999
mixfake_music_dev_v1,RS-RM_LA_D_9126745_127036,0.519967302436496,0.02142417677524155,0.5312707002439822,0.8620231,0.86378855,0.7484926875,0.6679305,0.7492849500000001
mixfake_music_dev_v1,RS-RM_LA_D_9132872_004197,0.3404468264627619,0.002005268548062205,0.26852737764478096,0.79289436,0.90399724,0.7469371874999999,0.741595875,0.7218235725
mixfake_music_dev_v1,RS-RM_LA_D_9148460_023883,0.1350886333674715,0.0039986299379806065,0.03499430859740114,0.29754224,0.71463233,0.719579505,0.15270699000000001,0.7001823
mixfake_music_dev_v1,RS-RM_LA_D_9184655_012175,0.04997716724201229,0.0011919490060133219,0.007795780531140906,0.8963587,0.96913046,0.6732033,0.749985675,0.749690475
mixfake_music_dev_v1,RS-RM_LA_D_9241229_015476,0.5626293556418688,0.7567848500774228,0.031954111481036294,0.6935197,0.51290846,0.738681705,0.1355037375,0.35293787249999997
mixfake_music_dev_v1,RS-RM_LA_D_9241229_105912,0.45639940355495995,0.9522503243160961,0.06444883613789598,0.69034296,0.9622837,0.737241075,0.744720975,0.749969475
mixfake_music_dev_v1,RS-RM_LA_D_9241229_127194,0.20078365447915172,0.001256315888648516,0.1736042527396521,0.7624321,0.89393926,0.62374158,0.74999955,0.74999718
mixfake_music_dev_v1,RS-RM_LA_D_9300277_094035,0.3625132585663221,0.00119334682636054,0.2962883306164931,0.81122875,0.82476014,0.7306572,0.749210925,0.7497564
mixfake_music_dev_v1,RS-RM_LA_D_9304099_006596,0.15258059450002429,0.01710401900771334,0.0686916268163097,0.63212985,0.93872887,0.749918175,0.7448042475,0.7499739375000001
mixfake_music_dev_v1,RS-RM_LA_D_9304099_081190,0.3346551636998777,0.002589807497422119,0.24654113081573462,0.8331915,0.92456216,0.74993895,0.52746465,0.748385175
mixfake_music_dev_v1,RS-RM_LA_D_9374684_074776,0.06577272412082241,0.0025006667922644315,0.04362788259345361,0.7605061,0.8466771,0.7484832975,-0.43882612500000007,-0.17255403
mixfake_music_dev_v1,RS-RM_LA_D_9382979_091555,0.18668494601123853,0.005762732050987924,0.09676756268590776,0.72925615,0.8841971,0.74999865,0.716684775,0.749980155
mixfake_music_dev_v1,RS-RM_LA_D_9385770_028105,0.22843527794239274,0.013972378141223636,0.21245039692741124,0.75610524,0.8252355,0.747345375,0.519374475,0.728619375
mixfake_music_dev_v1,RS-RM_LA_D_9441585_037510,0.017440175827266008,0.004884400460486182,0.14038487138270841,0.7988674,0.73127365,0.72608715,0.6197263125,0.732926355
mixfake_music_dev_v1,RS-RM_LA_D_9515167_011458,0.011832297318981392,0.0008195621916883684,0.4387087006475682,0.83072287,0.5851249,0.74803497,0.7483183874999999,0.748333875
mixfake_music_dev_v1,RS-RM_LA_D_9515167_042245,0.35106122951365737,0.0009489698377818222,0.2859051439672471,0.5891265,0.9104672,0.740095095,0.7498748775,0.749884425
mixfake_music_dev_v1,RS-RM_LA_D_9580426_074367,0.1873665889730171,0.001305571413361344,0.33173575008639655,0.75780714,0.90704715,0.749998425,0.7499783999999999,0.7499988
mixfake_music_dev_v1,RS-RM_LA_D_9595794_067788,0.37988890982743584,0.0014738994272923398,0.3037666317031661,0.7332607,0.8500261,0.75,0.7499056725,0.75
mixfake_music_dev_v1,RS-RM_LA_D_9613437_093398,0.011556895710029026,0.0015344302781686383,0.0011022261863928564,0.73039895,0.953799,-0.509278275,0.533294925,0.4919127525
mixfake_music_dev_v1,RS-RM_LA_D_9613437_129884,0.19479435461691694,0.008058142079190294,0.11089879886657086,0.7948873,0.8490519,0.7375983,0.7460753999999999,0.73027905
mixfake_music_dev_v1,RS-RM_LA_D_9676445_088938,0.16490865540565403,0.00826999449217065,0.0745589732573062,0.6326189,0.9359414,0.75,0.749973375,0.75
mixfake_music_dev_v1,RS-RM_LA_D_9685348_116567,0.13262788774242928,0.0020050320510642847,0.07621574724745561,0.8834827,0.9351029,-0.19902742499999998,0.725399475,0.736284975
mixfake_music_dev_v1,RS-RM_LA_D_9697774_096669,0.7183248830140364,0.9696720078036446,0.06829364741431831,0.5535669,0.9478333,0.7499943225000001,0.305417865,0.74999775
mixfake_music_dev_v1,RS-RM_LA_D_9697774_129685,0.16393455574634735,0.0022428072545220366,0.083750390175619,0.343679,0.9240509,0.75,0.6193122,0.7499988
mixfake_music_dev_v1,RS-RM_LA_D_9835881_000708,0.42990984497939494,0.859255348982331,0.06458309758529356,0.6512267,0.9659363,0.749997225,0.749974695,0.7499989275000001
mixfake_music_dev_v1,RS-RM_LA_D_9835881_046069,0.017009425966256292,0.0010739599171226376,0.4899121527644827,0.52852255,0.40587994,0.304159575,0.7491274800000001,0.7421462999999999
mixfake_music_dev_v1,RS-RM_LA_D_9835881_058063,0.2443111284072887,0.005597162417850358,0.17397895209465827,0.71626866,0.8309741,0.24593096250000002,0.3640335225,0.7133542724999999
mixfake_music_dev_v1,RS-RM_LA_D_9864113_057395,0.5083771143484248,0.012406047640892046,0.39815331951708394,0.6969254,0.8223425,0.749999955,0.6995087249999999,0.749992125
mixfake_music_dev_v1,RS-RM_LA_D_9924906_001640,0.5832472583366437,0.03024452088992324,0.4744835179119117,0.7667634,0.9262376,0.74979642,0.573223245,0.7496371875
mixfake_music_dev_v1,RS-RM_LA_D_9924906_142080,0.4796101137935671,0.0015945836879889023,0.3795363802250785,0.80881035,0.8411835,0.7499916375,0.721420575,0.7499903025
mixfake_music_dev_v1,RS-RM_LA_D_9937608_015544,0.0038320210743034416,0.0006191400553840343,0.001556564261195178,0.81991047,0.8694565,0.7489764,0.580751925,0.73258647
mixfake_music_dev_v1,RS-RM_LA_D_9960664_055286,0.5943428252133386,0.003343158450548535,0.600286408661797,0.72667146,0.9159121,0.74992083,0.6837415275,0.7497279
mixfake_music_dev_v1,RS-RM_LA_D_9996570_059449,0.07807588679522405,0.00035774826543641337,0.05113567038965018,0.8603663,0.8825343,0.73940688,0.743280795,0.7450735875
mixfake_music_dev_v1,RS-RM_LA_D_9997701_026327,0.620986085652334,0.5946936224933107,0.2969230232215175,0.77926064,0.8929665,0.571108725,0.748216425,0.74530725
mixfake_music_dev_v1,RS-RM_LA_D_9997701_080880,0.5962083692471255,0.6664448704658079,0.12234656262903014,0.7985332,0.92798096,0.738862755,0.74999982,0.7499834249999999
factorial_eval_1200_v2,factorial_0000,0.9869378851794094,0.9852420087387759,0.357945648407088,0.7921356,0.1909061,0.7490205750000001,0.158036415,0.6965596199999999
factorial_eval_1200_v2,factorial_0001,0.05204606664624797,0.00306807472078418,0.5443059259859783,0.87961024,0.07452027,0.7498867499999999,-0.421171905,0.5291925000000001
factorial_eval_1200_v2,factorial_0002,0.5379293318123132,0.6898901220318384,0.26791883173635067,0.76992834,0.11937873,0.734054325,-0.399010125,-0.61113195
factorial_eval_1200_v2,factorial_0003,0.6488849382470606,0.6598185474219697,0.22757028117319492,0.91441256,0.31768823,-0.7498136775,-0.39435732,-0.749378475
factorial_eval_1200_v2,factorial_0004,0.26897965890633735,0.008017232528677318,0.8712824672483945,0.91723746,0.21453539,-0.69821817,0.5091198375,-0.7489053
factorial_eval_1200_v2,factorial_0005,0.3470987228810364,0.00829262692683533,0.4723634754828042,0.87757796,0.24331108,0.7499565,-0.38533982999999994,0.745630545
factorial_eval_1200_v2,factorial_0006,0.027293843348191738,0.004048769104216892,0.2730073450890258,0.9085855,0.32734686,0.74695455,-0.57738903,-0.6736795725
factorial_eval_1200_v2,factorial_0007,0.1858878947053826,0.00015239376802467,0.6596319489454237,0.8331759,0.12498428,-0.3499018125,-0.749466555,-0.7499865
factorial_eval_1200_v2,factorial_0008,0.13529174629645746,0.0006475723161003954,0.6539427118080512,0.91753304,0.12916014,0.7498652625,0.53136045,0.69745092
factorial_eval_1200_v2,factorial_0009,0.32165547558152574,0.013596295074595578,0.4195697389546886,0.9228933,0.07201475,0.749812605,0.7404105000000001,0.74904567
factorial_eval_1200_v2,factorial_0010,0.28884231081599354,0.41024382970347356,0.2672966893877186,0.76340765,0.20985572,0.562526925,-0.540472575,-0.7368239625
factorial_eval_1200_v2,factorial_0011,0.436620673914186,0.10027422404727403,0.35213809216527464,0.80089647,0.2897307,0.75,0.292037175,0.7499889
factorial_eval_1200_v2,factorial_0012,0.497346441567997,0.3349252696155167,0.4567712932035049,0.8486304,0.08237499,-0.74999043,-0.729143625,-0.7499805749999999
factorial_eval_1200_v2,factorial_0013,0.008041437945377691,0.00010818899588094015,0.4932007005960044,0.8810301,0.06837709,-0.7376446725,-0.5138952,-0.749951325
factorial_eval_1200_v2,factorial_0014,0.10595157794033902,0.0009925993334564778,0.7489097922645445,0.81652164,0.044401612,0.4200286125,0.41234958,-0.738829875
factorial_eval_1200_v2,factorial_0015,0.2024464553027266,0.20802462287586024,0.1666229989686854,0.9253031,0.12967648,-0.7495790999999999,-0.705341325,-0.74999817
factorial_eval_1200_v2,factorial_0016,0.11409471806740326,0.0006965654589158455,0.5311278091648712,0.83414644,0.07197675,-0.7372797,-0.48553305,-0.7497988499999999
factorial_eval_1200_v2,factorial_0017,0.27644260536126203,0.0020667776581505507,0.27403062031920694,0.74338233,0.16522858,0.742393875,-0.21672104999999997,0.727061475
factorial_eval_1200_v2,factorial_0018,0.5434846058730327,0.4711091512540864,0.31781829763421243,0.7747202,0.16877732,-0.7498175250000001,-0.748944075,-0.749998125
factorial_eval_1200_v2,factorial_0019,0.30260534298784686,0.054256979852974466,0.7011509181370463,0.7475697,0.23450936,0.74871645,0.5940249,0.5783324999999999
factorial_eval_1200_v2,factorial_0020,0.023000146841494238,0.0030360321654966005,0.29924735150816784,0.8499186,0.109928526,0.748204575,-0.06624131250000001,0.38036088749999997
factorial_eval_1200_v2,factorial_0021,0.17241265035364417,0.011562875969883604,0.8024266797578405,0.9449957,0.063402504,-0.25808499,0.5027415,-0.740016375
factorial_eval_1200_v2,factorial_0022,0.4013971906781929,0.5734142476352673,0.19611611180266927,0.7764561,0.23160313,0.6412755375,-0.68177325,-0.739909275
factorial_eval_1200_v2,factorial_0023,0.3155259418933829,0.0023567032368694285,0.5926271189072656,0.8647016,0.2963122,0.74981325,0.024945354,0.35084650500000003
factorial_eval_1200_v2,factorial_0024,0.11631236901561402,0.0002832715088410837,0.27428305047853235,0.8250615,0.21009788,-0.66719037,-0.699249825,-0.74934195
factorial_eval_1200_v2,factorial_0025,0.8464305838221207,0.9232269416250909,0.324455873863894,0.022129258,0.9051529,0.7481538375,-0.7470195,0.749014275
factorial_eval_1200_v2,factorial_0026,0.5320601122554218,0.8075730605066745,0.28934869696974547,0.0252158,0.91570824,0.744425175,-0.5916914625,-0.7429195949999999
factorial_eval_1200_v2,factorial_0027,0.2456990875673697,0.8728779057053324,0.05901520263075577,0.022417847,0.93114924,0.545700075,0.67542075,-0.10686972
factorial_eval_1200_v2,factorial_0028,0.30326107046505574,0.8464573555398669,0.15517804409998012,0.063051574,0.96584475,0.09419734499999999,0.74408355,-0.54492237
factorial_eval_1200_v2,factorial_0029,0.17258694234340838,0.02465150850748134,0.1062981015804276,0.018747063,0.9246018,-0.749672325,0.22557371249999997,-0.7492541699999999
factorial_eval_1200_v2,factorial_0030,0.29696019930203565,0.6671800721059716,0.04396026068182641,0.018878238,0.89269817,-0.20625432,-0.674786925,-0.70404975
factorial_eval_1200_v2,factorial_0031,0.6136250835829397,0.7850779826639821,0.10499591398991832,0.053807616,0.9091856,0.5967273,0.09174787499999999,0.655665375
factorial_eval_1200_v2,factorial_0032,0.6509130661610639,0.9603790942628231,0.041024476238358545,0.12906145,0.9238154,0.5775871125,0.749999955,0.749913
factorial_eval_1200_v2,factorial_0033,0.09213692740940063,0.4951208300002118,0.012516904815085559,0.011342465,0.9206899,0.720723225,0.50177475,-0.7179388875
factorial_eval_1200_v2,factorial_0034,0.4066627406996649,0.9292404046405681,0.006995813706818448,0.1316849,0.89609855,0.490297875,-0.6684034050000001,0.6109712700000001
factorial_eval_1200_v2,factorial_0035,0.7923964208569628,0.8681932214122209,0.4164276156095269,0.030714396,0.90159076,0.39414337499999996,-0.0414232125,0.6965506499999999
factorial_eval_1200_v2,factorial_0036,0.6098217015371261,0.5153776459352908,0.21749942288941468,0.021037642,0.9413364,0.7353397125,0.19231373999999998,0.73871265
factorial_eval_1200_v2,factorial_0037,0.7989062771785964,0.5461698652012846,0.7268782610107695,0.028811006,0.9158693,-0.5517087,0.749943045,0.7494309225
factorial_eval_1200_v2,factorial_0038,0.4274508047946131,0.1099334459569502,0.3888200328758209,0.038914595,0.92563593,0.6693578625000001,0.75,0.749999925
factorial_eval_1200_v2,factorial_0039,0.1613287817768998,0.5404237216929518,0.008823528631675742,0.01517832,0.87206477,-0.7431815549999999,-0.6672049875,-0.74995605
factorial_eval_1200_v2,factorial_0040,0.7927275550682412,0.7060028299992482,0.7514792440950092,0.032212783,0.9420839,-0.6578704125,0.7374187875,-0.305692995
factorial_eval_1200_v2,factorial_0041,0.8606328934033999,0.6750947441516802,0.7631944065385937,0.038287833,0.9209628,0.08453802,0.6310727775,0.74966262
factorial_eval_1200_v2,factorial_0042,0.11537772021352347,0.973100748735884,0.004294342289133647,0.020550922,0.9328713,-0.702990675,-0.723376425,-0.74931483
factorial_eval_1200_v2,factorial_0043,0.45887539971869956,0.3484653526354834,0.4565664539541769,0.02205197,0.97313,-0.6230974499999999,0.7495237499999999,-0.33474912
factorial_eval_1200_v2,factorial_0044,0.2800299632978682,0.815435622780927,0.09661076383454835,0.021716904,0.949325,0.09443882249999999,0.748270275,-0.3828222
factorial_eval_1200_v2,factorial_0045,0.009381878919500519,0.04920579328759869,0.02335356954799188,0.009117104,0.95279706,0.4147509,-0.11454742500000001,0.10835885249999999
factorial_eval_1200_v2,factorial_0046,0.7729098868610065,0.6159570907378173,0.5342307533277616,0.08231489,0.82478404,0.371365725,0.5668129049999999,0.6656301
factorial_eval_1200_v2,factorial_0047,0.08053938621260458,0.5085916326362776,0.0026584471871721116,0.07170044,0.93709373,-0.7490498999999999,0.11105814,-0.7452222225
factorial_eval_1200_v2,factorial_0048,0.501272132479256,0.6817155658286984,0.15461642810960904,0.01820798,0.94670594,0.68703702,0.474299355,0.6864523875
factorial_eval_1200_v2,factorial_0049,0.5785473056200268,0.05085254709146144,0.5859543642745163,0.083499335,0.92967737,-0.29338965,0.749950275,0.749679525
factorial_eval_1200_v2,factorial_0050,0.961286137578999,0.9011480820145902,0.7108145247115194,0.77695197,0.1585979,0.72259122,0.3520963275,0.748065945
factorial_eval_1200_v2,factorial_0051,0.9856851808719335,0.9690448691332564,0.5922983883025495,0.89418244,0.19550425,0.7499671875,0.662269455,0.749975595
factorial_eval_1200_v2,factorial_0052,0.9988803634556848,0.9975266623994035,0.6537665215034165,0.83493775,0.37643296,0.72993525,-0.056273752499999996,0.7490319
factorial_eval_1200_v2,factorial_0053,0.921899816787223,0.793713932544582,0.7040599699213388,0.8019075,0.07800625,0.749990625,0.578379525,0.74978625
factorial_eval_1200_v2,factorial_0054,0.9995410760647243,0.9995745295546933,0.7215490780384143,0.814437,0.13051593,0.7112021625,-0.1065254175,-0.3144788625
factorial_eval_1200_v2,factorial_0055,0.7308195758088579,0.13741323269778255,0.948941965920376,0.8397205,0.29389653,-0.7263912,0.3572302725,-0.3185361
factorial_eval_1200_v2,factorial_0056,0.9695578906792434,0.9209164631299313,0.5132577674326008,0.836641,0.076926954,0.737023605,-0.730246725,0.749387175
factorial_eval_1200_v2,factorial_0057,0.9977871248273088,0.9987259888068686,0.5254618371182793,0.9070866,0.15000555,0.739973145,-0.68219532,0.57331467
factorial_eval_1200_v2,factorial_0058,0.9954398899692873,0.9938793031421891,0.22342402856835167,0.8085958,0.27475867,0.7499153775,-0.5403567975,0.749774775
factorial_eval_1200_v2,factorial_0059,0.9685397475337653,0.8818346244262226,0.7489320728121808,0.75407094,0.1074769,-0.7005172500000001,-0.30459282,-0.749666625
factorial_eval_1200_v2,factorial_0060,0.9834883981302943,0.9680817581418862,0.5561432975790688,0.84567183,0.40710068,-0.23426943,-0.17718702749999998,-0.2755945875
factorial_eval_1200_v2,factorial_0061,0.4345512612695509,0.03376886802287799,0.9214993816075925,0.7606542,0.07991832,0.1555412325,-0.45519027,-0.70037595
factorial_eval_1200_v2,factorial_0062,0.8715171950127508,0.6809410368388766,0.4325498402696761,0.8747336,0.06654134,-0.6120291375,-0.5992270500000001,-0.7281924750000001
factorial_eval_1200_v2,factorial_0063,0.9983340160545989,0.997118507327891,0.7151490965297183,0.95810324,0.365206,0.7258214249999999,0.525594075,0.611551425
factorial_eval_1200_v2,factorial_0064,0.35719593799056604,0.00999046407335766,0.41650904007044015,0.84563094,0.33682635,0.74959095,-0.29804319749999997,0.35153265
factorial_eval_1200_v2,factorial_0065,0.9971775251989728,0.9901349154498551,0.8470960436937613,0.82251745,0.30339074,0.74214837,0.6736512,0.74996817
factorial_eval_1200_v2,factorial_0066,0.9734000070788396,0.9529798880231282,0.5325272890660896,0.9194079,0.20442502,0.6688386374999999,-0.0074190765,0.5623179
factorial_eval_1200_v2,factorial_0067,0.9811759252298525,0.9088974642619946,0.952940212855481,0.8532425,0.34227806,0.681110625,0.43407123,0.742177275
factorial_eval_1200_v2,factorial_0068,0.8944356510311209,0.8583551253396039,0.3610378771403677,0.81229204,0.02049111,0.4324692,-0.7497037950000001,-0.18334749
factorial_eval_1200_v2,factorial_0069,0.9908493663087267,0.9826254775661569,0.6119418393527066,0.9129893,0.091280125,-0.640551675,-0.502767375,-0.748116
factorial_eval_1200_v2,factorial_0070,0.5104707403145408,0.0021755866853532136,0.5343459714237605,0.7629899,0.10803518,0.74999925,-0.43805542500000005,0.749517225
factorial_eval_1200_v2,factorial_0071,0.9998848145283294,0.999826412751631,0.650584378159242,0.767275,0.3051338,0.749890725,0.47638769999999997,0.74996715
factorial_eval_1200_v2,factorial_0072,0.9159015319375448,0.8126672135794168,0.6331967029023354,0.8559299,0.4034536,-0.558867825,-0.07648083,-0.7123526250000001
factorial_eval_1200_v2,factorial_0073,0.9811792639321031,0.908918655702654,0.9529295522953711,0.8532425,0.34227806,0.68111238,0.4340561625,0.742178175
factorial_eval_1200_v2,factorial_0074,0.9066937043179517,0.6304057957836396,0.3938807044001268,0.9022171,0.09245486,-0.701114775,-0.44307840000000004,0.74448255
factorial_eval_1200_v2,factorial_0075,0.7962711952567302,0.9812541500097434,0.3956588153126611,0.23698282,0.95611,-0.63077595,0.75,0.7495971
factorial_eval_1200_v2,factorial_0076,0.9790772169225831,0.9600739821126666,0.949941645904225,0.034049246,0.91143805,-0.6250333800000001,0.75,0.7499986125
factorial_eval_1200_v2,factorial_0077,0.9673157862575981,0.5112122030605094,0.9644625239409154,0.021076374,0.9168102,0.749995395,0.75,0.75
factorial_eval_1200_v2,factorial_0078,0.4204066217460068,0.7003521324364591,0.22647150837251656,0.015849274,0.84194756,0.1384271325,-0.20579366999999998,-0.736071225
factorial_eval_1200_v2,factorial_0079,0.9597974763874885,0.6649740372046071,0.9514072467446468,0.020890865,0.9504612,0.01974191325,0.74998515,0.7488302025
factorial_eval_1200_v2,factorial_0080,0.9677269241594698,0.7962381783280288,0.9265726384960842,0.044761997,0.5986481,-0.615705825,0.749999955,0.7499871
factorial_eval_1200_v2,factorial_0081,0.34326533363295564,0.5738734773053868,0.12598954213247623,0.0145564135,0.91098416,-0.7497299024999999,-0.67712997,-0.7499903025
factorial_eval_1200_v2,factorial_0082,0.9377753193384424,0.8019236520816531,0.8996213220820845,0.015358366,0.9653125,-0.7470321,0.74999925,0.722225145
factorial_eval_1200_v2,factorial_0083,0.9509258055451276,0.7709320216267024,0.9286048446330292,0.013111882,0.96479756,0.536475525,0.75,0.749998275
factorial_eval_1200_v2,factorial_0084,0.7569467517091517,0.6205706771475129,0.7017084053896633,0.015457688,0.9206858,-0.684875325,-0.23250254999999997,-0.630186075
factorial_eval_1200_v2,factorial_0085,0.9575932303795242,0.6756065907485572,0.9430582084918097,0.016325703,0.9239808,0.7495501499999999,0.75,0.75
factorial_eval_1200_v2,factorial_0086,0.8398534863955638,0.30445870503523015,0.8117392987161836,0.024487281,0.9422283,0.7495051500000001,0.75,0.74999985
factorial_eval_1200_v2,factorial_0087,0.6597979958353791,0.6290894281162712,0.5091779881637413,0.009320904,0.94486415,0.7281462974999999,0.749941395,0.74672475
factorial_eval_1200_v2,factorial_0088,0.9509710493824444,0.7748875258181029,0.9301256980544031,0.017662836,0.9164696,0.723012375,0.75,0.75
factorial_eval_1200_v2,factorial_0089,0.9684103222047559,0.9338712465327136,0.9282378326032671,0.10699335,0.94111997,0.749927775,0.75,0.749999925
factorial_eval_1200_v2,factorial_0090,0.9245667991096873,0.7403728625698502,0.911486000851244,0.048078597,0.9014005,-0.219909045,0.40502984999999997,0.09611600249999999
factorial_eval_1200_v2,factorial_0091,0.896004725226769,0.9456511670504133,0.6985636992456653,0.116435945,0.9200541,0.7159212375,0.749999955,0.7499690625
factorial_eval_1200_v2,factorial_0092,0.7244068287399251,0.4831549782483601,0.6727531431657628,0.025737803,0.92979217,-0.25785075,0.74999955,0.749792445
factorial_eval_1200_v2,factorial_0093,0.7095890455303693,0.4233171838938564,0.6572140432438067,0.008527502,0.9477127,0.7371826499999999,0.7498747875,0.747070575
factorial_eval_1200_v2,factorial_0094,0.9412871306016556,0.29472069227699615,0.8984395065730664,0.023075284,0.91549635,0.74963625,-0.1388810175,0.74876445
factorial_eval_1200_v2,factorial_0095,0.7031462881528133,0.20465951332324708,0.6691583127110108,0.02293925,0.9372626,-0.5477966249999999,-0.46662881999999994,-0.74795517
factorial_eval_1200_v2,factorial_0096,0.7756452486321247,0.8451447418896033,0.47927788448790803,0.1318467,0.9517356,-0.6153559500000001,0.749999925,0.7479708
factorial_eval_1200_v2,factorial_0097,0.9578027820900579,0.8460487514974451,0.9278917955775573,0.014753552,0.92826456,0.748732725,0.7499654025,0.74998833
factorial_eval_1200_v2,factorial_0098,0.8138211938051256,0.760427854798775,0.7484247979664541,0.01726341,0.8607288,0.74952825,0.75,0.75
factorial_eval_1200_v2,factorial_0099,0.6195412155273444,0.6521126655129766,0.4731953670654221,0.025133342,0.82746446,0.749987925,0.747919425,0.74999205
factorial_eval_1200_v2,factorial_0100,0.3035317036368663,0.6771481839365787,0.14933416521015064,0.65403557,0.9527254,-0.738601575,0.7499997,-0.4150698
factorial_eval_1200_v2,factorial_0101,0.3887569552180849,0.6923860617704947,0.0992976484295228,0.6423804,0.9448547,-0.7499916,-0.715932075,-0.74958855
factorial_eval_1200_v2,factorial_0102,0.20237755154687795,0.8433804486627741,0.03284848923610441,0.26761058,0.90722287,-0.7498518,0.5621779499999999,-0.7485419475
factorial_eval_1200_v2,factorial_0103,0.9975893057786981,0.994616088547548,0.5474662940551358,0.84148145,0.91637534,0.63716025,-0.4434726,0.742643505
factorial_eval_1200_v2,factorial_0104,0.12769528042236059,0.9716486307328854,0.011953927074321984,0.7438208,0.9670261,-0.749234775,0.748504575,-0.349611285
factorial_eval_1200_v2,factorial_0105,0.27437771859880666,0.8504825138075167,0.00109116987896984,0.72709,0.96568596,0.6231075524999999,0.5841561975,-0.2299154025
factorial_eval_1200_v2,factorial_0106,0.04975429044984226,0.8900277105330815,0.003197690632232164,0.42158216,0.86709696,0.6995260125,0.7483032000000001,0.7442141624999999
factorial_eval_1200_v2,factorial_0107,0.5085320550457662,0.992996862239595,0.02287684667377768,0.5037285,0.9085515,0.6553574474999999,0.743959125,0.72025287
factorial_eval_1200_v2,factorial_0108,0.19829479867778863,0.5391505589993774,0.06221425717312526,0.69390625,0.887588,-0.73970475,-0.5958167025,-0.6534462750000001
factorial_eval_1200_v2,factorial_0109,0.6169877302548396,0.678702265768673,0.144885371120338,0.81446695,0.9434266,0.517698975,-0.05854851750000001,-0.5231115000000001
factorial_eval_1200_v2,factorial_0110,0.01754006153590131,0.003876535324097718,0.005291011970317712,0.67945075,0.9329769,-0.7499967750000001,-0.70785855,-0.7469247
factorial_eval_1200_v2,factorial_0111,0.37257754265365167,0.5080021350598056,0.004952117452644323,0.8016057,0.9454402,0.7499688449999999,-0.68862405,0.7499398500000001
factorial_eval_1200_v2,factorial_0112,0.8365180823807803,0.8684355328716439,0.006526941792978963,0.80391955,0.91727424,0.7497168000000001,0.668114325,0.7497963750000001
factorial_eval_1200_v2,factorial_0113,0.23235490525677432,0.5803242452483977,0.024847303866024163,0.3119149,0.9422279,-0.6943025025,0.6345618375000001,-0.189364245
factorial_eval_1200_v2,factorial_0114,0.16172447907786658,0.7274084894165834,0.010113754255139655,0.67326397,0.953015,-0.749999775,-0.6017367,-0.74999265
factorial_eval_1200_v2,factorial_0115,0.667624840185479,0.8992741092601604,0.3234960091385252,0.32011354,0.95941406,-0.2663056725,0.7468987875,0.74305692
factorial_eval_1200_v2,factorial_0116,0.8022005152069387,0.7411170441606078,0.07842592824592617,0.78367954,0.9779394,-0.74999985,0.7480524749999999,-0.24797295
factorial_eval_1200_v2,factorial_0117,0.8776638148379592,0.7482776228430452,0.11910605074890758,0.9419907,0.9593852,-0.29058915,0.743582025,0.681541755
factorial_eval_1200_v2,factorial_0118,0.6223177524853485,0.13984446762590994,0.5203432238342035,0.7517978,0.8937701,0.7445133749999999,0.49627665,0.747923475
factorial_eval_1200_v2,factorial_0119,0.37554748965168533,0.2019506078837185,0.09496854820718614,0.45456558,0.94274783,0.74973945,0.012796506,0.7497253875000001
factorial_eval_1200_v2,factorial_0120,0.7981231334331262,0.5337649815031429,0.12141390921489914,0.76357365,0.9146789,-0.74972445,-0.1900996875,0.6518115225
factorial_eval_1200_v2,factorial_0121,0.9758821865456332,0.9964025031840276,0.8816775825166219,0.26187378,0.9695369,0.2752053,0.74999745,0.74973732
factorial_eval_1200_v2,factorial_0122,0.47082270520858316,0.6287915470514351,0.4074047017943183,0.5932151,0.90143734,-0.74732007,0.27036555,-0.17166832499999998
factorial_eval_1200_v2,factorial_0123,0.10764427587953558,0.0017455677900918938,0.014181249166037763,0.76955384,0.9501209,-0.318193605,0.72538242,0.711246105
factorial_eval_1200_v2,factorial_0124,0.3971860910216286,0.8745487208099705,0.023693018370201876,0.5147364,0.90061384,0.73351575,0.33664890000000003,0.26650234500000003
factorial_eval_1200_v2,factorial_0125,0.9369992298749129,0.95985807845568,0.8639461695711173,0.5381466,0.8171095,0.1683047625,0.6723908249999999,0.7114317
factorial_eval_1200_v2,factorial_0126,0.1931256672917335,0.04769522073862954,0.5379695350194338,0.78421307,0.552812,0.7498509,0.48685904999999996,0.7079564625
factorial_eval_1200_v2,factorial_0127,0.9814076795665508,0.776551944579217,0.9736072163306214,0.6941307,0.84477943,0.6949907550000001,0.727245795,0.7482590250000001
factorial_eval_1200_v2,factorial_0128,0.8274295756527834,0.9820394312841245,0.195216135850441,0.1408622,0.96549726,0.243864855,0.75,0.749999955
factorial_eval_1200_v2,factorial_0129,0.3840825466196993,0.008998714168220037,0.47076150724938237,0.9515898,0.9312723,0.7499989275000001,0.748665975,0.7499802375
factorial_eval_1200_v2,factorial_0130,0.9645690143780954,0.9508402719340235,0.6609790898677144,0.7818115,0.93959886,0.7291902,0.75,0.7499967
factorial_eval_1200_v2,factorial_0131,0.9619871000176405,0.9476957119956579,0.6987217298769396,0.90476817,0.9825989,-0.749966625,0.74999115,-0.462990495
factorial_eval_1200_v2,factorial_0132,0.6996578805537799,0.6848368791400314,0.22276662274292944,0.8794155,0.9638475,-0.6094508249999999,0.72692775,-0.29342361
factorial_eval_1200_v2,factorial_0133,0.8540475323805027,0.697261397025089,0.770162583630008,0.90371484,0.92375183,0.74699682,0.7494247125,0.7489636875000001
factorial_eval_1200_v2,factorial_0134,0.11130197002306541,0.021640532519647992,0.07421676046540877,0.69084823,0.82618296,0.7499863200000001,0.4732057725,0.749996475
factorial_eval_1200_v2,factorial_0135,0.4167045467346255,0.00582483188660704,0.2679564353503514,0.8915966,0.8071875,0.7499983875,0.7183661625,0.7499853750000001
factorial_eval_1200_v2,factorial_0136,0.8943635366288214,0.7445773669135924,0.7636968841954763,0.7492402,0.9595376,-0.742971945,0.749998275,0.7384783500000001
factorial_eval_1200_v2,factorial_0137,0.8985905066093051,0.6454765523215973,0.8636302126520826,0.6243138,0.94928926,-0.749883225,0.75,0.7380997125
factorial_eval_1200_v2,factorial_0138,0.8519460629350765,0.9266173030232784,0.7811727916606057,0.5509909,0.91476196,-0.7331013749999999,0.7496811750000001,0.6998826975
factorial_eval_1200_v2,factorial_0139,0.9417771393320747,0.8821730154783349,0.7938220976552918,0.33480337,0.9575758,-0.5332156875,0.749999955,0.749993475
factorial_eval_1200_v2,factorial_0140,0.9595867353005554,0.9971588501863544,0.8313900451237112,0.75000924,0.9730344,-0.749696775,0.7498758,0.006973423500000001
factorial_eval_1200_v2,factorial_0141,0.7333805929994349,0.4989976890240395,0.6703357414910176,0.96529627,0.41244766,0.7499946,0.7018775475,0.749776725
factorial_eval_1200_v2,factorial_0142,0.9659603748653448,0.9481328227871062,0.923114872952441,0.36552683,0.96290886,-0.1374486975,0.75,0.749997825
factorial_eval_1200_v2,factorial_0143,0.6349933911429074,0.7900789920373237,0.17888119879860864,0.7055857,0.8021949,0.749824095,-0.588896775,0.7080021000000001
factorial_eval_1200_v2,factorial_0144,0.5339097673410439,0.6192589745475087,0.27545619760771706,0.66756284,0.79209834,0.344586975,0.0361880775,0.279243075
factorial_eval_1200_v2,factorial_0145,0.9753647219515468,0.9919119010769071,0.8170576420575116,0.2643138,0.96282464,-0.7498356225,0.7499471624999999,0.701920155
factorial_eval_1200_v2,factorial_0146,0.22122303172013477,0.024856632355893946,0.20126060578023475,0.8730474,0.93006665,0.5887656,0.7437659249999999,0.74967693
factorial_eval_1200_v2,factorial_0147,0.6649217132799711,0.7937882604005875,0.38026732180634437,0.7862445,0.86021656,-0.219934035,0.7499955300000001,0.7217572800000001
factorial_eval_1200_v2,factorial_0148,0.9182245023151004,0.9398634758912726,0.866494766781247,0.6262192,0.88839614,0.6496934999999999,0.7433539499999999,0.7027902
factorial_eval_1200_v2,factorial_0149,0.9986421146076594,0.9973723238395924,0.7341633549133991,0.73339826,0.9603544,0.35733420000000005,0.7499015250000001,0.7337506500000001
factorial_eval_1200_v2,factorial_0150,0.501124443208258,0.14596373823976144,0.03206316753699707,0.777308,0.94150054,-0.597035325,0.736939725,0.73413015
factorial_eval_1200_v2,factorial_0151,0.9916796422420274,0.9987646555444625,0.30740918505763193,0.906511,0.97131807,0.7495326,-0.5655807375,0.7462363275
factorial_eval_1200_v2,factorial_0152,0.1437872037702919,0.14629929999152264,0.07769410862683056,0.43768552,0.9501701,0.27622095,0.75,0.74999973
factorial_eval_1200_v2,factorial_0153,0.35771099977479853,0.9596850268066159,0.0008453549682496909,0.67607576,0.83024704,0.7403535225,-0.0038212192499999997,-0.26409969
factorial_eval_1200_v2,factorial_0154,0.9348308539454475,0.9943590816319277,0.626791813604045,0.3898555,0.9668452,-0.36697671,0.74999955,0.749554125
factorial_eval_1200_v2,factorial_0155,0.8655189678514581,0.9735038595501677,0.5696411321255944,0.5574557,0.95220804,-0.006652621499999999,0.75,0.7499652
factorial_eval_1200_v2,factorial_0156,0.6676656462012068,0.675403474363173,0.3857377666071061,0.50667286,0.8209774,-0.3353448375,0.749907525,0.6683508
factorial_eval_1200_v2,factorial_0157,0.5512899011261283,0.9377820546505459,0.09044304522793335,0.37133217,0.89718604,-0.634319775,-0.7456428,-0.7184037000000001
factorial_eval_1200_v2,factorial_0158,0.9988100664935662,0.9997520997175914,0.09674752453383616,0.8526966,0.9790359,-0.7488886275,0.7499996250000001,0.458368155
factorial_eval_1200_v2,factorial_0159,0.9851473273092827,0.9763084962218264,0.21856157059535591,0.91943717,0.92186487,-0.3499441875,0.7499757,0.7167615
factorial_eval_1200_v2,factorial_0160,0.8540682936089035,0.6728798006711528,0.08156656475029332,0.79964674,0.8979861,-0.6763906500000001,0.164386995,0.67083225
factorial_eval_1200_v2,factorial_0161,0.9696585551637493,0.9996624136484131,0.4706187375205335,0.6128583,0.9358068,0.33131019,0.6013573875,0.7390377
factorial_eval_1200_v2,factorial_0162,0.30965345398688326,0.9760718512980339,0.010330919259023031,0.43749723,0.95593685,-0.7368607500000001,0.5228194875,0.256087035
factorial_eval_1200_v2,factorial_0163,0.9095878409807749,0.8841772539125022,0.7441112808773669,0.6185788,0.9340229,0.7042641374999999,0.1510802475,0.609316725
factorial_eval_1200_v2,factorial_0164,0.7036571913299857,0.9157291613299043,0.13925650029327702,0.6686945,0.9134671,0.7497607049999999,0.0898993125,0.7497949875000001
factorial_eval_1200_v2,factorial_0165,0.8607170580680483,0.927572768659925,0.19055698311708283,0.8602535,0.8756035,0.749604525,-0.32277105,0.7445628
factorial_eval_1200_v2,factorial_0166,0.2336100869931079,0.8284956232343914,0.011791001060418275,0.4198605,0.93770534,-0.371414085,-0.6703558275,-0.658996125
factorial_eval_1200_v2,factorial_0167,0.8242193936967555,0.9988515267387563,0.21751779472137048,0.5232715,0.9600567,0.747849945,0.74999985,0.7499988
factorial_eval_1200_v2,factorial_0168,0.8779120212913439,0.7665187424750786,0.6969092845062456,0.5072528,0.93649256,-0.7495150125000001,0.7498181025,0.74255895
factorial_eval_1200_v2,factorial_0169,0.8898326244829722,0.007263922878424188,0.8517191776817961,0.6955201,0.8525369,0.72071877,0.3962175,0.744381975
factorial_eval_1200_v2,factorial_0170,0.6956230489355898,0.6882582567285627,0.04499680327181177,0.78827757,0.9049007,-0.52938813,-0.7364298,-0.74313618
factorial_eval_1200_v2,factorial_0171,0.5665643280605168,0.9277132698004197,0.0009127237020690691,0.24011011,0.903713,0.7499980500000001,0.159435195,0.7499817
factorial_eval_1200_v2,factorial_0172,0.9733035760546624,0.9053939236715209,0.8171990865406328,0.8542061,0.8723872,0.7495544249999999,0.059110237499999996,0.7499586
factorial_eval_1200_v2,factorial_0173,0.6524273034215595,0.9996440945470721,0.0015591767549608957,0.3190738,0.9515881,-0.6522291,0.74599953,-0.31842744749999996
factorial_eval_1200_v2,factorial_0174,0.0972720661466265,0.9361463218345656,0.0007974594109581133,0.6087408,0.9089391,0.70225605,-0.7093602450000001,0.38205232499999997
factorial_eval_1200_v2,factorial_0175,0.9657163145781567,0.619463720971488,0.9554319749461019,0.9021514,0.9506079,-0.31382842499999997,0.749961105,0.7284614625
factorial_eval_1200_v2,factorial_0176,0.9872657400923603,0.9707358381944369,0.6214866207079002,0.79530966,0.90076333,0.7498185,0.749414475,0.7499992875
factorial_eval_1200_v2,factorial_0177,0.6955364510634833,0.225511409742232,0.33425796134919605,0.8888094,0.75334907,0.74999835,-0.7219008,0.74943615
factorial_eval_1200_v2,factorial_0178,0.9807106301593537,0.9986622303501272,0.8751035819036581,0.044885874,0.95766485,0.28433109749999996,0.75,0.749995275
factorial_eval_1200_v2,factorial_0179,0.9998858362160746,0.999324113072972,0.943352753694283,0.89562964,0.973251,-0.745881225,0.7499953500000001,0.501294675
factorial_eval_1200_v2,factorial_0180,0.9824992575288378,0.9256682771589978,0.8010394198910477,0.7983422,0.88955104,0.1557646725,-0.249448185,0.622305375
factorial_eval_1200_v2,factorial_0181,0.5021437061123216,0.011049928318329827,0.8360853461292715,0.827536,0.48792747,0.7499790375,-0.16362163500000002,0.7491323475
factorial_eval_1200_v2,factorial_0182,0.8231351112366854,0.9776398937889046,0.6987948888473646,0.62200034,0.9072785,-0.74999385,0.7369720200000001,-0.716973075
factorial_eval_1200_v2,factorial_0183,0.7626416624937656,0.9003512287622816,0.530121864261502,0.7980389,0.97036517,0.740648175,0.74999982,0.7498294125
factorial_eval_1200_v2,factorial_0184,0.8450401096723078,0.9933436380944809,0.6857604446562624,0.683142,0.88081914,-0.74012013,0.56372577,-0.562230075
factorial_eval_1200_v2,factorial_0185,0.7238505664735492,0.035377068032941224,0.9512583505900586,0.8352359,0.44952503,0.7473345975000001,0.727929975,0.74569125
factorial_eval_1200_v2,factorial_0186,0.927490451918002,0.7348396831419981,0.8693458456984142,0.43505856,0.93710774,-0.020550200999999997,0.74999727,0.74991375
factorial_eval_1200_v2,factorial_0187,0.9971675187792569,0.9813509584079051,0.9776524809108176,0.78935945,0.43488634,0.748319955,0.6965412525000001,0.749940075
factorial_eval_1200_v2,factorial_0188,0.9919646723607976,0.9332628449299403,0.8297948075319336,0.80100435,0.9313321,-0.522853575,0.749997825,0.7499996250000001
factorial_eval_1200_v2,factorial_0189,0.6245329923024778,0.23503735336693687,0.20193935363474502,0.5494158,0.96087086,-0.010296983625,0.75,0.749998875
factorial_eval_1200_v2,factorial_0190,0.9025935059267727,0.8100666477070599,0.39136472360967817,0.804608,0.8793022,0.7405398525,-0.20144142750000002,0.721063275
factorial_eval_1200_v2,factorial_0191,0.8917073800293689,0.7798816983442122,0.6952031037013011,0.93299705,0.97047573,0.6100089750000001,0.75,0.74990778
factorial_eval_1200_v2,factorial_0192,0.6730110631269557,0.6077478916437379,0.6409554089445242,0.5153053,0.94194746,-0.749385225,-0.135247905,-0.740786025
factorial_eval_1200_v2,factorial_0193,0.8546250927517335,0.013076046712741995,0.9752983150106038,0.82070243,0.9053527,0.74999685,0.3095112525,0.7499834625
factorial_eval_1200_v2,factorial_0194,0.7347996835403647,0.7365990566720078,0.4908712985288679,0.67877805,0.9395781,-0.7488858975,0.74999865,0.7434044475
factorial_eval_1200_v2,factorial_0195,0.9268849528873996,0.9982880380522886,0.5710402892481817,0.7026653,0.96532893,0.733026375,0.74940495,0.749786775
factorial_eval_1200_v2,factorial_0196,0.9931162163272019,0.9961519687505883,0.7112848547523523,0.7277502,0.4644887,0.594754995,0.490805325,0.747566925
factorial_eval_1200_v2,factorial_0197,0.9395010094158824,0.9211254651427038,0.33573977026349033,0.90513057,0.91165876,0.74996445,0.7497929999999999,0.749996025
factorial_eval_1200_v2,factorial_0198,0.7088331895363258,0.5299086661877518,0.4193615716641295,0.8196104,0.86038834,0.749944725,0.7471046025,0.749982075
factorial_eval_1200_v2,factorial_0199,0.9998028550631979,0.9985610397698531,0.9330417535400308,0.87953234,0.91607094,-0.70348017,0.7494197475000001,0.7438163999999999
factorial_eval_1200_v2,factorial_0200,0.7574159683677417,0.48265125225319844,0.22402629251542455,0.72370446,0.9271482,-0.6957313125,-0.39014024999999997,0.2686621275
factorial_eval_1200_v2,factorial_0201,0.3178984579531954,0.2361663552672633,0.05789367823495746,0.941934,0.9054568,-0.749981625,-0.747852075,-0.7499264625000001
factorial_eval_1200_v2,factorial_0202,0.7490635671266084,0.6526963004779947,0.1317021092808686,0.745898,0.9087404,0.287078685,-0.32205867,0.5368244625
factorial_eval_1200_v2,factorial_0203,0.42910125845357583,0.03817906017697156,0.2573258194716326,0.83744353,0.90336007,-0.7467132750000001,-0.7471203375,-0.748291725
factorial_eval_1200_v2,factorial_0204,0.46536688444146856,0.4281205974850618,0.1536341927636185,0.9081799,0.89145076,-0.69941355,-0.518881725,-0.5827251525
factorial_eval_1200_v2,factorial_0205,0.4529872051446325,0.39372419312620255,0.18847813341815545,0.82081544,0.9075609,-0.73240185,0.36865251,-0.3630016275
factorial_eval_1200_v2,factorial_0206,0.4875033707192339,0.337512298200901,0.22437191418267735,0.8504469,0.93431425,-0.7411840275,-0.4999338975,-0.492333975
factorial_eval_1200_v2,factorial_0207,0.23979840347929088,0.03352590635087973,0.17355706882833657,0.9494733,0.9407028,-0.7462077,-0.6982370250000001,-0.73295787
factorial_eval_1200_v2,factorial_0208,0.8568984948303353,0.5194122209985633,0.6443711023418557,0.79096395,0.97199047,-0.7440588,0.745862775,0.5713122749999999
factorial_eval_1200_v2,factorial_0209,0.844950663109251,0.8277390080206568,0.0446595163078427,0.80686885,0.95438075,0.572999925,-0.1552245525,0.6807790499999999
factorial_eval_1200_v2,factorial_0210,0.8310219751785669,0.905817416794069,0.14347824440299178,0.85519737,0.90670425,-0.0864530025,-0.727224975,-0.3264167025
factorial_eval_1200_v2,factorial_0211,0.7726269577492113,0.6471202803107018,0.4071938749324773,0.75312996,0.94839096,-0.744941025,0.485175,-0.40217759999999997
factorial_eval_1200_v2,factorial_0212,0.7134872232952226,0.36743089751354574,0.40484955730370487,0.7361566,0.83450425,0.5547561750000001,-0.4477475025,0.4308557475
factorial_eval_1200_v2,factorial_0213,0.6226474713509653,0.5680492634579131,0.09755526843011182,0.8825256,0.92498434,-0.5593486725,-0.74013993,-0.57079983
factorial_eval_1200_v2,factorial_0214,0.7749572385964679,0.7478108304542784,0.16171392859690698,0.8164245,0.9183575,0.665253195,-0.4510347,0.712281525
factorial_eval_1200_v2,factorial_0215,0.8188846889723557,0.6914590342893414,0.6783327464084499,0.842498,0.9488122,0.6512058749999999,0.6519707625,0.74949
factorial_eval_1200_v2,factorial_0216,0.7480423878230251,0.9240266950648566,0.03884146857270465,0.6721058,0.92802906,0.559247625,-0.7477428,-0.7069408875000001
factorial_eval_1200_v2,factorial_0217,0.765725072480595,0.41540578497392716,0.4759066768408679,0.7690024,0.9048626,-0.73300875,-0.39878167500000006,-0.08587440299999999
factorial_eval_1200_v2,factorial_0218,0.6603088914552864,0.7530368467118191,0.06768482361004605,0.8413752,0.8691155,0.10714059000000001,-0.650292825,-0.35678951999999997
factorial_eval_1200_v2,factorial_0219,0.9083792278647775,0.9069759211151309,0.06863940726167708,0.9319116,0.959276,0.749556825,0.4289995725,0.748639875
factorial_eval_1200_v2,factorial_0220,0.8205353285613141,0.8511192593628525,0.19068994777354611,0.78752893,0.9067262,0.742692225,-0.61910865,0.0204998925
factorial_eval_1200_v2,factorial_0221,0.7414880775844096,0.5700929476415476,0.059192073357589116,0.7693025,0.9110362,-0.24733592249999997,0.5622789450000001,0.620285475
factorial_eval_1200_v2,factorial_0222,0.10277536665666157,0.11973447505879818,0.0062557037605111485,0.7789669,0.90815395,-0.7425898200000001,-0.745463025,-0.7466409
factorial_eval_1200_v2,factorial_0223,0.838807955733804,0.18318607959501712,0.7864947367074301,0.8281633,0.79162055,-0.732094275,0.6199281525,0.70703385
factorial_eval_1200_v2,factorial_0224,0.6192377092817893,0.6271407550359613,0.09108151364450305,0.7908642,0.9481911,-0.7496767049999999,-0.6524958750000001,-0.7445530499999999
factorial_eval_1200_v2,factorial_0225,0.3853286968434458,0.6219648145540939,0.22763708674012345,0.6132302,0.73815143,-0.7084147199999999,-0.6669496500000001,-0.733168695
factorial_eval_1200_v2,factorial_0226,0.6677162917485304,0.0275741217499419,0.6853482615116654,0.85397303,0.8689691,-0.748954125,0.4263745875,-0.3110211
factorial_eval_1200_v2,factorial_0227,0.9739346032371012,0.5730581722605949,0.9685894004219641,0.73069525,0.9546543,0.64508385,0.7495573875,0.749499
factorial_eval_1200_v2,factorial_0228,0.8878663556621476,0.6407439819854365,0.4916437663461252,0.7084106,0.78002495,0.45667057499999997,-0.6847748025,0.7371558375
factorial_eval_1200_v2,factorial_0229,0.9518715741395474,0.8659590664817182,0.7245314328496122,0.8061526,0.93578607,0.2530877925,0.70617255,0.7498456499999999
factorial_eval_1200_v2,factorial_0230,0.9759225982331295,0.6328538445390233,0.8935682631963687,0.8293027,0.9149383,-0.7494951750000001,0.74999985,0.74999385
factorial_eval_1200_v2,factorial_0231,0.8090259505184437,0.6156238189687416,0.4108038713223655,0.9029109,0.9269087,0.631764825,0.338939445,0.722698155
factorial_eval_1200_v2,factorial_0232,0.9182644616757059,0.853221152401638,0.5946053572756721,0.75988024,0.91188073,0.3819345375,0.73478973,0.7472503500000001
factorial_eval_1200_v2,factorial_0233,0.9646113445674303,0.7570553850216272,0.9467472523914694,0.7910769,0.5035315,0.6078204,0.7288551750000001,0.74994735
factorial_eval_1200_v2,factorial_0234,0.9053432480974667,0.5002399664234147,0.8898494509023375,0.45520687,0.89653134,-0.36118957500000004,0.10079208749999999,0.08116305
factorial_eval_1200_v2,factorial_0235,0.7175150334135124,0.3688944502972955,0.6238743261796972,0.65446275,0.793446,-0.733502175,-0.0015011676,-0.44563347
factorial_eval_1200_v2,factorial_0236,0.6338564850771112,0.26979317650213985,0.7006608308424942,0.84546936,0.85692304,0.7234429125,0.34855489500000003,0.74198085
factorial_eval_1200_v2,factorial_0237,0.7642403814438392,0.3577084910400292,0.5035114514112539,0.8841452,0.9710075,-0.74996178,0.7468988249999999,0.45118323000000005
factorial_eval_1200_v2,factorial_0238,0.8870204852103569,0.8359314401765006,0.5282748747066354,0.8087563,0.92207056,0.6773372625,0.522307725,0.736148025
factorial_eval_1200_v2,factorial_0239,0.606671452247534,0.2682228683968619,0.39462014288088965,0.76027113,0.7545896,0.5805924,-0.6910192049999999,0.1739345475
factorial_eval_1200_v2,factorial_0240,0.848782415599974,0.5660217159477048,0.8075105903827209,0.8472971,0.9583674,-0.74999565,0.748977405,-0.28712980499999996
factorial_eval_1200_v2,factorial_0241,0.9861629724129071,0.31819967779502134,0.9833991571046155,0.808937,0.90792745,0.052381424999999995,0.75,0.7499949
factorial_eval_1200_v2,factorial_0242,0.8916488598860907,0.9382367512978265,0.6870426203559239,0.64057374,0.9638661,-0.0158201115,0.7499996250000001,0.7486234875
factorial_eval_1200_v2,factorial_0243,0.9584696240742454,0.8229533187940807,0.8515085508248054,0.9603849,0.8564929,0.74898195,0.2392284375,0.7489977449999999
factorial_eval_1200_v2,factorial_0244,0.9548177802858211,0.7826226137449949,0.5908829164370334,0.8094341,0.950056,-0.7469347275,0.749999925,0.72581205
factorial_eval_1200_v2,factorial_0245,0.7995588589258711,0.45109865914051206,0.6352806418673821,0.9103458,0.9182255,-0.714953175,-0.46687317,-0.3674094
factorial_eval_1200_v2,factorial_0246,0.8362696054605708,0.46307395452872097,0.38755329496415836,0.75495076,0.83936745,-0.749437125,-0.32650917,-0.6264390750000001
factorial_eval_1200_v2,factorial_0247,0.9808799307220406,0.7020255375978284,0.9298705472014746,0.79643995,0.8395323,-0.7211126999999999,0.0064194885,0.55268562
factorial_eval_1200_v2,factorial_0248,0.9681128806633673,0.522279472578374,0.9238214825137885,0.7593505,0.95966935,-0.7424312550000001,0.749989725,0.716262075
factorial_eval_1200_v2,factorial_0249,0.9490212238251701,0.9246267420603639,0.39546876040971785,0.9050403,0.86351234,0.24163395,-0.5507650500000001,0.049760677499999996
factorial_eval_1200_v2,factorial_0250,0.8495087078426834,0.5270526376439583,0.5615151581787665,0.7982653,0.9017883,-0.7394494500000001,0.531138825,0.37971795
factorial_eval_1200_v2,factorial_0251,0.9891202644168019,0.9285597272236003,0.9567204702526096,0.75306386,0.92069805,0.73838085,0.3515482875,0.74978793
factorial_eval_1200_v2,factorial_0252,0.9246039412018949,0.9131539358519732,0.13635224914559732,0.86357415,0.9527456,-0.1536093825,-0.49172250000000006,0.361669935
factorial_eval_1200_v2,factorial_0253,0.9812836317705561,0.9747773541922234,0.4376777610712653,0.80046386,0.9477324,0.740830125,-0.738279525,0.741022275
factorial_eval_1200_v2,factorial_0254,0.8904942923170498,0.7474588516301024,0.18380682742005117,0.8432924,0.9431738,-0.43989850499999994,-0.711212025,0.04686760125
factorial_eval_1200_v2,factorial_0255,0.6013015243484962,0.8913995843706891,0.007513792284452824,0.7960099,0.89225715,0.749978025,-0.6887299499999999,0.7499468475000001
factorial_eval_1200_v2,factorial_0256,0.25926975780618,0.7811428473526933,0.016818754938983112,0.6641764,0.9429215,0.46293727500000004,0.3217187025,0.5846352
factorial_eval_1200_v2,factorial_0257,0.925958422601943,0.9323892489912438,0.0028955680461428364,0.8566105,0.9367604,-0.047244795000000006,-0.7498688250000001,0.7419600749999999
factorial_eval_1200_v2,factorial_0258,0.9125428868342808,0.9111042417766975,0.5064834839706392,0.80827886,0.9545605,0.6676464375,-0.42829154999999997,0.71876067
factorial_eval_1200_v2,factorial_0259,0.9778027904185664,0.8572706701330721,0.5776944463382682,0.7438895,0.9527395,-0.705225825,-0.503530725,0.68744955
factorial_eval_1200_v2,factorial_0260,0.874221764344258,0.9209640469695427,0.1807651823026911,0.8437816,0.95707756,0.718389375,-0.7498803300000001,0.0961359225
factorial_eval_1200_v2,factorial_0261,0.9367897286097503,0.9218791810090489,0.04898592299652382,0.9527286,0.90662,0.7492052625000001,-0.74751495,0.6329646
factorial_eval_1200_v2,factorial_0262,0.9330534808321482,0.9122437725067869,0.08394652552525364,0.8674664,0.93339473,0.7495424625,-0.262911645,0.7499270250000001
factorial_eval_1200_v2,factorial_0263,0.4916760568053651,0.6359341885409382,0.04867724866814335,0.5969761,0.8657201,-0.714006225,-0.7257679875,-0.720006825
factorial_eval_1200_v2,factorial_0264,0.49495275236711395,0.5479168612928662,0.008646150323973985,0.66781914,0.9309807,0.14454118500000002,-0.686732025,0.130037505
factorial_eval_1200_v2,factorial_0265,0.979240019183955,0.9457490666433286,0.7442237107148542,0.80407566,0.93413293,0.45595522499999996,-0.7499789025,0.46385055
factorial_eval_1200_v2,factorial_0266,0.1714327709314848,0.10512822963086736,0.04116605087707579,0.81953424,0.9297471,0.203098965,-0.6909971699999999,-0.70856202
factorial_eval_1200_v2,factorial_0267,0.9462482449605196,0.9093079428200378,0.22670529815426468,0.93193966,0.9105692,-0.331883325,-0.7430063625,0.046005092250000004
factorial_eval_1200_v2,factorial_0268,0.8620403206081335,0.35525316712784366,0.5640171484904694,0.7765204,0.9426097,-0.711488625,0.749998575,0.7456375199999999
factorial_eval_1200_v2,factorial_0269,0.9239955971453342,0.8938199497254061,0.022067592011265406,0.8478976,0.8506029,0.7419209625,-0.74945445,0.741781845
factorial_eval_1200_v2,factorial_0270,0.6491765885001487,0.22208338101235234,0.6313842442231562,0.8392964,0.83693165,0.7497228375,0.5808522975,0.7497928875
factorial_eval_1200_v2,factorial_0271,0.9124676010516287,0.7201411901708223,0.6754783563991011,0.72622,0.97186524,-0.684940125,0.73947483,0.49184715
factorial_eval_1200_v2,factorial_0272,0.9787012107358605,0.931326955422158,0.8259790677127274,0.8196856,0.91612375,0.71900745,0.7438378050000001,0.74997615
factorial_eval_1200_v2,factorial_0273,0.6452430865457902,0.4274242268373855,0.14578112167454668,0.9251207,0.97259414,0.6782574,-0.46425164999999996,0.525800025
factorial_eval_1200_v2,factorial_0274,0.9609427856863729,0.9118350475105718,0.27840970288542166,0.73880035,0.9235734,0.7284084749999999,-0.7283439375,0.7452478499999999
factorial_eval_1200_v2,factorial_0275,0.9884957144430644,0.8515759874168994,0.9768736695672848,0.7759101,0.9162126,0.7421608875,0.74100285,0.7499505750000001
factorial_eval_1200_v2,factorial_0276,0.8021787951963496,0.8004842054535711,0.6472009740599869,0.58207464,0.86946625,0.20824107749999998,0.602750925,0.74452305
factorial_eval_1200_v2,factorial_0277,0.9604432120337378,0.6701401123882124,0.9234519077983393,0.79255587,0.8796285,0.1354416975,0.7424004525,0.673716855
factorial_eval_1200_v2,factorial_0278,0.9745993647694595,0.9017567618683072,0.6516199062321355,0.809088,0.9315804,0.745226625,-0.7372941749999999,0.731644725
factorial_eval_1200_v2,factorial_0279,0.8204259296023246,0.8541810032184199,0.5915822606905031,0.76978946,0.9319141,0.74987685,0.7261403625,0.7499170500000001
factorial_eval_1200_v2,factorial_0280,0.9859574282863477,0.8918341779362869,0.9635511129596281,0.81596214,0.50830156,0.7497438525,0.43426998000000006,0.7499835
factorial_eval_1200_v2,factorial_0281,0.9786768434173612,0.9276326974890856,0.9594585453283414,0.6500546,0.940403,0.39543315,0.743162325,0.7464638625
factorial_eval_1200_v2,factorial_0282,0.8443478666958438,0.532652837279826,0.517260111147764,0.7544008,0.8019599,0.74993535,0.5179104,0.7498764
factorial_eval_1200_v2,factorial_0283,0.9799048981399457,0.8494102737578322,0.925424269898453,0.7844247,0.920615,0.6868551,0.7092664125,0.749072805
factorial_eval_1200_v2,factorial_0284,0.935244262555632,0.7320123364403506,0.5511063895016457,0.8740165,0.8884361,0.0166073985,-0.5530805249999999,0.612587625
factorial_eval_1200_v2,factorial_0285,0.8343311136401839,0.43032514201618516,0.6566822894818574,0.91329646,0.45036247,-0.5008276125,0.34498302000000003,0.60312105
factorial_eval_1200_v2,factorial_0286,0.9602574966584095,0.6088576144788116,0.9232639431309652,0.8092472,0.5425857,-0.20013110250000002,0.71546205,0.7459944
factorial_eval_1200_v2,factorial_0287,0.8847510817389497,0.935955769345105,0.6876498672009602,0.7380552,0.8936485,0.7376408999999999,0.6491754,0.7081141799999999
factorial_eval_1200_v2,factorial_0288,0.8866557865875212,0.42287170735024276,0.8839031084554981,0.6960279,0.59043515,0.37206642,0.740948925,0.7492475475
factorial_eval_1200_v2,factorial_0289,0.9773175234856737,0.8758344393760119,0.9133273516908244,0.78705245,0.93946385,0.42693195000000006,0.74871945,0.7481083275
factorial_eval_1200_v2,factorial_0290,0.9786018051795904,0.8339932340552564,0.9257032706071373,0.76659167,0.8620876,0.6742299,0.6883122,0.749133225
factorial_eval_1200_v2,factorial_0291,0.9536999241778105,0.5544933965954133,0.9035561559310521,0.9354173,0.90336484,-0.72658815,0.7461432,0.747322425
factorial_eval_1200_v2,factorial_0292,0.9423920523343907,0.7545052668251373,0.9182161547601031,0.60322154,0.888544,0.749750325,0.74999985,0.749998575
factorial_eval_1200_v2,factorial_0293,0.9895322050550034,0.8875971473823427,0.9785891753858414,0.5267365,0.79654115,0.7496422500000001,0.439828995,0.749909625
factorial_eval_1200_v2,factorial_0294,0.9495888447242238,0.9270087029737353,0.10724865291399609,0.83339614,0.92647994,0.44795115,-0.288559065,0.748292145
factorial_eval_1200_v2,factorial_0295,0.987109378047419,0.893526152735567,0.9346800587601531,0.8668431,0.9281486,0.722285925,-0.5933791125,0.7488339
factorial_eval_1200_v2,factorial_0296,0.9981467162322541,0.9946397943222719,0.6997931778453338,0.88866484,0.9205585,0.74840592,0.749823075,0.749979345
factorial_eval_1200_v2,factorial_0297,0.9862541099345703,0.9473424972669213,0.8811546674351057,0.95268935,0.9492096,0.7327346625,0.3663495375,0.7475383124999999
factorial_eval_1200_v2,factorial_0298,0.9851231709968046,0.9207526013891271,0.8178072052678669,0.7801947,0.9086842,0.591663375,0.7438515,0.7314660000000001
factorial_eval_1200_v2,factorial_0299,0.9402507150359367,0.836760920642371,0.5701795319484156,0.79717934,0.8098895,0.7489381500000001,-0.1403640075,0.7499449499999999
factorial_eval_1200_v2,factorial_0300,0.7580907032248808,0.754466078776467,0.22606692173230178,0.7643936,0.9625137,0.6284257050000001,-0.73109145,-0.1345045875
factorial_eval_1200_v2,factorial_0301,0.27932908934367606,0.29346723138687136,0.12963827018145566,0.7562672,0.95830786,-0.7499052,-0.738536925,-0.7491375375
factorial_eval_1200_v2,factorial_0302,0.5259970373885094,0.230464098578064,0.3069664681328878,0.8446786,0.92399246,-0.52677807,-0.6161934450000001,-0.29412246
factorial_eval_1200_v2,factorial_0303,0.8703956399521305,0.8546094537090029,0.1360254792317446,0.96164,0.8697957,0.7413640499999999,-0.38331189750000005,0.49806395249999996
factorial_eval_1200_v2,factorial_0304,0.04831659274215555,0.48465792921107625,0.015076543810493405,0.75165004,0.95415616,-0.7490715,-0.7306526025,-0.748940775
factorial_eval_1200_v2,factorial_0305,0.22498845200050296,0.005802132586997941,0.20369727563388124,0.58417714,0.90067184,-0.7438300275,-0.74998842,-0.747863445
factorial_eval_1200_v2,factorial_0306,0.5738334138439367,0.3747035132303072,0.3474173755448196,0.9050049,0.9046862,-0.74072358,-0.6526521750000001,-0.6441579749999999
factorial_eval_1200_v2,factorial_0307,0.8751859208193895,0.8058812757403157,0.21380346683514162,0.7707115,0.88766795,0.7424564250000001,-0.724441005,0.689073075
factorial_eval_1200_v2,factorial_0308,0.2723308962313734,0.32944760479836444,0.07633366360898962,0.89371,0.94101197,0.09985928999999999,-0.741060555,-0.58978173
factorial_eval_1200_v2,factorial_0309,0.36296921075901145,0.09098737266495995,0.20682669365117753,0.95113754,0.920372,-0.732164775,-0.640460175,-0.53522037
factorial_eval_1200_v2,factorial_0310,0.9186897672260924,0.8257103988945778,0.45629055465673113,0.9026326,0.91112536,0.718894125,-0.45168517500000005,0.7358253299999999
factorial_eval_1200_v2,factorial_0311,0.6775114309994845,0.42784730875581783,0.38062905602178776,0.81262857,0.92349494,-0.305272125,-0.37874220000000003,0.46979065499999995
factorial_eval_1200_v2,factorial_0312,0.45668458780359317,0.5221908802402849,0.09360520165427673,0.7883337,0.9243805,-0.72293625,-0.7487387249999999,-0.68924025
factorial_eval_1200_v2,factorial_0313,0.8173764611413202,0.2198035196734297,0.8449467011088134,0.8585126,0.9451427,-0.738973275,0.4230811875,0.134341035
factorial_eval_1200_v2,factorial_0314,0.3893505782254459,0.25231928623683747,0.2826127724169503,0.8124729,0.94193906,-0.7499919,-0.7135302,-0.74493
factorial_eval_1200_v2,factorial_0315,0.38946181570224464,0.09695432320397554,0.3213887221661992,0.8474295,0.9000114,-0.645983775,-0.7279313625,0.0924459
factorial_eval_1200_v2,factorial_0316,0.1684444469017696,0.01382081893054231,0.07475713671433562,0.90733784,0.9351132,-0.74911185,-0.748556655,-0.727799925
factorial_eval_1200_v2,factorial_0317,0.8150034491495588,0.47225325058818035,0.4242106137777256,0.90760803,0.9468101,0.7479912525000001,-0.7143738,0.74751165
factorial_eval_1200_v2,factorial_0318,0.7318744644603649,0.6513532289195059,0.4389914663589108,0.73222035,0.95762354,0.249718575,-0.21526017,0.33737799749999997
factorial_eval_1200_v2,factorial_0319,0.2645361229171765,0.1671739671355324,0.08260994056048028,0.7412207,0.8871102,-0.74314602,-0.74640222,-0.74236317
factorial_eval_1200_v2,factorial_0320,0.17623397052161843,0.013742416090463746,0.1722598307981624,0.81549335,0.94817364,-0.7499541000000001,-0.7495082625,-0.7497186
factorial_eval_1200_v2,factorial_0321,0.8578659954748931,0.7539098610008036,0.3861164770184428,0.9096797,0.92623913,0.7170832125,-0.7122148275,0.7308232800000001
factorial_eval_1200_v2,factorial_0322,0.7901532188569709,0.6290753537517743,0.4735466696759215,0.713283,0.9457779,-0.749802975,0.39102105,-0.7236686625000001
factorial_eval_1200_v2,factorial_0323,0.611570642175682,0.05457934564916773,0.6933357746178728,0.6693055,0.81515896,-0.7499014725,0.338060865,-0.23759913000000002
factorial_eval_1200_v2,factorial_0324,0.5965041147630855,0.3984015369982063,0.31053639049993187,0.8502702,0.9427572,-0.749981775,-0.7450617374999999,-0.74717385
factorial_eval_1200_v2,factorial_0325,0.9515041341989772,0.34478417441387793,0.9337737198512106,0.8358387,0.9467783,-0.11466627,0.29264226,0.677353275
factorial_eval_1200_v2,factorial_0326,0.7775514356744131,0.5728063602175091,0.5702798634024996,0.734616,0.8005407,0.656075775,-0.18172729499999998,0.43489212
factorial_eval_1200_v2,factorial_0327,0.8982130399867277,0.7596854128265333,0.39488490049800723,0.932273,0.81122166,0.74999925,-0.718186425,0.74995365
factorial_eval_1200_v2,factorial_0328,0.9645511770532575,0.05606021900441498,0.9519709664545758,0.86083657,0.91511804,-0.5492768025,-0.027669519749999996,0.492421425
factorial_eval_1200_v2,factorial_0329,0.9748343247936223,0.14581231924515983,0.9770608312361757,0.79164267,0.83852357,-0.610015125,0.6913186725,0.671127945
factorial_eval_1200_v2,factorial_0330,0.6493482289456317,0.18939767068989347,0.5822192012078455,0.82506216,0.805143,-0.7352443200000001,-0.7007178,-0.465575925
factorial_eval_1200_v2,factorial_0331,0.9733948613453942,0.405200999186538,0.9907115203419983,0.83139414,0.57669216,-0.743281245,0.7474449750000001,0.69309063
factorial_eval_1200_v2,factorial_0332,0.8985186716581827,0.5271258187683324,0.804532534105819,0.74850833,0.84709865,0.44873133000000004,0.56177535,0.6753297
factorial_eval_1200_v2,factorial_0333,0.9281076656132096,0.36639231835007746,0.9570788087943998,0.94069624,0.9528164,-0.749981925,0.74675037,0.07798042499999999
factorial_eval_1200_v2,factorial_0334,0.9759972389032258,0.4146311925121052,0.9720882096374327,0.9255808,0.7821196,-0.7499113049999999,0.749911395,0.746929725
factorial_eval_1200_v2,factorial_0335,0.9793694836024415,0.6500263466024728,0.9611417343227168,0.77899504,0.56790143,-0.535904925,0.724014825,0.732711195
factorial_eval_1200_v2,factorial_0336,0.8672680047046937,0.8299314066106263,0.5409880566166013,0.75026554,0.83348626,-0.041743815000000004,-0.749472075,-0.703946475
factorial_eval_1200_v2,factorial_0337,0.96870951644109,0.507544550253078,0.9381621847951191,0.8474871,0.94305146,-0.653970825,0.3707874375,0.496557975
factorial_eval_1200_v2,factorial_0338,0.9571416829578991,0.4965319454541149,0.9084051876172513,0.7642906,0.95710105,-0.7497730874999999,0.7498923975,0.7374183375000001
factorial_eval_1200_v2,factorial_0339,0.7631538337877386,0.36620498959288655,0.7189715490277584,0.9306599,0.9022528,-0.7497366,-0.742600275,-0.7478931225
factorial_eval_1200_v2,factorial_0340,0.8545596181249501,0.7050779233910169,0.4267793477990466,0.794079,0.934987,0.7425247500000001,-0.720639825,0.7062861
factorial_eval_1200_v2,factorial_0341,0.8276898512462381,0.19724055760550802,0.55076369019835,0.79831606,0.7640139,0.748752375,-0.66501045,0.749804025
factorial_eval_1200_v2,factorial_0342,0.6033206672778391,0.07205786394606734,0.6515199079500098,0.8610942,0.90750384,-0.7447610625,-0.2679801525,-0.48976377000000004
factorial_eval_1200_v2,factorial_0343,0.9907493997636901,0.7655136098614965,0.9752552644980355,0.90922934,0.9016073,0.7488254625,-0.2751430125,0.74757045
factorial_eval_1200_v2,factorial_0344,0.9309701512833455,0.3471386911621903,0.9460129066534617,0.86646676,0.92519665,-0.22110546749999999,0.650424555,0.23544577499999997
factorial_eval_1200_v2,factorial_0345,0.705270440280678,0.307154305212569,0.6946770956990793,0.94796705,0.9751174,-0.749958,0.19912413750000002,-0.7428125250000001
factorial_eval_1200_v2,factorial_0346,0.9662157184402783,0.4140962245037742,0.9657617988559166,0.76709425,0.8274529,-0.749928975,-0.48611610000000005,-0.6346139625
factorial_eval_1200_v2,factorial_0347,0.9189372720540642,0.35916684989729286,0.8795337586823251,0.75040996,0.8010976,-0.331557525,0.589266375,0.694010175
factorial_eval_1200_v2,factorial_0348,0.8676627660026467,0.5291465292912866,0.7838211620076847,0.9090715,0.8588933,-0.738228375,-0.595862475,-0.6990289125
factorial_eval_1200_v2,factorial_0349,0.906109626016372,0.49497168630109134,0.9310591919820889,0.8745473,0.9207929,-0.74999175,0.416098725,-0.644386125
factorial_eval_1200_v2,factorial_0350,0.10116644831144365,0.09987786072816927,0.01477646972065943,0.83949065,0.9426564,-0.40304607,-0.738854775,-0.677100675
factorial_eval_1200_v2,factorial_0351,0.9722200228672343,0.9472573318749937,0.29741852893485654,0.9216656,0.9397794,0.74887857,-0.734149725,0.7475750999999999
factorial_eval_1200_v2,factorial_0352,0.9716063559235456,0.9384804808052905,0.38386624421658416,0.8721688,0.9191183,0.734316,-0.257966415,0.7489210500000001
factorial_eval_1200_v2,factorial_0353,0.9825931012603184,0.9607847256162633,0.6959065687452947,0.8266924,0.94583184,0.749848095,0.685397655,0.749997375
factorial_eval_1200_v2,factorial_0354,0.8797627035776816,0.8814550551890006,0.1490814818442208,0.7167766,0.9538126,0.74657343,-0.748365105,0.69940065
factorial_eval_1200_v2,factorial_0355,0.9832763082379007,0.9343237648210629,0.7750065431715912,0.8494946,0.95813656,0.295456965,-0.736957125,0.730878
factorial_eval_1200_v2,factorial_0356,0.7613330474953548,0.6678021000484455,0.17806113460835912,0.77226543,0.8629151,-0.612595305,-0.698896425,-0.648259425
factorial_eval_1200_v2,factorial_0357,0.8762245023981596,0.8753100643866518,0.3501101193513295,0.941372,0.8966477,0.04556979525,-0.749122875,-0.41995214999999997
factorial_eval_1200_v2,factorial_0358,0.9444413913832282,0.9533402359162186,0.0025010872617019053,0.8043632,0.8905903,0.7497309,-0.73880595,0.74960643
factorial_eval_1200_v2,factorial_0359,0.6812708519193639,0.6596419599958412,0.25634621233287946,0.8207557,0.93459606,-0.590039925,-0.7488547875,-0.728589525
factorial_eval_1200_v2,factorial_0360,0.8886745866708662,0.5889381516295034,0.3390784498876785,0.7098361,0.9529685,0.7042397250000001,-0.39007392750000003,0.706940925
factorial_eval_1200_v2,factorial_0361,0.9875235313516578,0.8323919199874982,0.9116859793378745,0.8182011,0.95696294,0.7454513775,-0.6100211249999999,0.7489267500000001
factorial_eval_1200_v2,factorial_0362,0.95316773920893,0.9267338828966621,0.19272046660815204,0.75331414,0.8710786,0.7494897,-0.6598177875,0.7484205374999999
factorial_eval_1200_v2,factorial_0363,0.9310099331305972,0.8836524516350424,0.1551159473985437,0.935949,0.9498849,0.749930325,-0.7229315249999999,0.749387175
factorial_eval_1200_v2,factorial_0364,0.9899964818747435,0.9882012916377219,0.05318821255110546,0.74363,0.9170283,0.7483071225,-0.725382105,0.749610825
factorial_eval_1200_v2,factorial_0365,0.3739625485592405,0.3159966153368139,0.018472652217618096,0.77777326,0.9065815,-0.6642615,-0.73931085,-0.6653952000000001
factorial_eval_1200_v2,factorial_0366,0.8977200353059727,0.9433299811175795,0.22869758705345145,0.8628393,0.90937805,0.5495564625,-0.747085725,-0.71157435
factorial_eval_1200_v2,factorial_0367,0.9894085910055875,0.5687026080307165,0.9634415089027855,0.75981665,0.8443585,0.6673678875,0.31015616999999995,0.7490579625
factorial_eval_1200_v2,factorial_0368,0.9149457851519854,0.8610889083776481,0.3013243073308295,0.8366324,0.88011163,0.716007375,-0.7480939799999999,0.7475275875
factorial_eval_1200_v2,factorial_0369,0.6436325067487556,0.44504953766389077,0.15198119132651522,0.8859794,0.87648535,0.563005725,-0.749298225,0.7464699
factorial_eval_1200_v2,factorial_0370,0.9083874710607538,0.8472835849940247,0.22237698550646845,0.8323996,0.82268506,0.74996295,-0.7492597125,0.749518725
factorial_eval_1200_v2,factorial_0371,0.9718974528108524,0.9179224577795068,0.6693019041794276,0.6738957,0.9401889,0.735963975,-0.5929300200000001,0.678012525
factorial_eval_1200_v2,factorial_0372,0.6571699912810794,0.776920668459793,0.08526835681120366,0.77006555,0.8187561,0.126242415,-0.7419896699999999,-0.645084975
factorial_eval_1200_v2,factorial_0373,0.96769447140189,0.815268025179469,0.6764561770985275,0.8214005,0.90620637,0.7472874375,-0.7431358275,0.69916905
factorial_eval_1200_v2,factorial_0374,0.9858273739236527,0.9716905114058052,0.28791669739507314,0.82598954,0.90777344,0.7461972,-0.740379675,0.749718
factorial_eval_1200_v2,factorial_0375,0.968895866393933,0.8710433359861026,0.8623319212869303,0.9107102,0.975176,0.74990715,0.593278125,0.7498923
factorial_eval_1200_v2,factorial_0376,0.9917050552756442,0.9310341991805068,0.9523922471068362,0.7774353,0.8542893,0.74860047,0.211037025,0.749972775
factorial_eval_1200_v2,factorial_0377,0.9807964777707959,0.9206792723086437,0.5774668308653539,0.8396458,0.9417999,0.62896425,-0.5312949,0.72071325
factorial_eval_1200_v2,factorial_0378,0.990261516922731,0.986343099369791,0.2964102395479338,0.7743692,0.9429991,0.74883555,-0.28217060250000003,0.74966235
factorial_eval_1200_v2,factorial_0379,0.9451148945159341,0.6354512101979282,0.8185694764405351,0.8279233,0.8760406,-0.0866665725,-0.487618875,-0.1547647875
factorial_eval_1200_v2,factorial_0380,0.9556000068449821,0.46175336241275894,0.9208326262876927,0.7584058,0.95621854,-0.665261955,0.675091755,0.701478525
factorial_eval_1200_v2,factorial_0381,0.9696943967452211,0.7517067164304393,0.8737223046462297,0.9367994,0.529882,-0.371863875,0.17729203500000001,0.6464256749999999
factorial_eval_1200_v2,factorial_0382,0.9911066098705787,0.9410343466675327,0.9025342721450211,0.77455914,0.9282241,0.3360144975,0.372054915,0.7413919874999999
factorial_eval_1200_v2,factorial_0383,0.9851844355667353,0.9294478062493157,0.7009001563431365,0.7737378,0.8110383,0.7478541750000001,-0.5915854275,0.74978835
factorial_eval_1200_v2,factorial_0384,0.9882484353594936,0.9306934874815395,0.8057430471767697,0.7353588,0.9102234,0.37852563000000006,-0.36266202,0.73233435
factorial_eval_1200_v2,factorial_0385,0.9793785215958432,0.6178650387528934,0.9665665068287445,0.8476907,0.9453867,-0.7480284749999999,0.1546068,-0.185765595
factorial_eval_1200_v2,factorial_0386,0.9774737391933582,0.877294417767736,0.7518237371029887,0.8230325,0.92744386,-0.36674166,0.0443726475,0.0292073475
factorial_eval_1200_v2,factorial_0387,0.9757655363219764,0.8735397195011065,0.924413625482443,0.91350085,0.9502115,0.7482208499999999,0.7499997,0.749999595
factorial_eval_1200_v2,factorial_0388,0.990331470945672,0.9391423012054491,0.886406436425411,0.761423,0.87247217,0.7370517225,0.499060575,0.7497073274999999
factorial_eval_1200_v2,factorial_0389,0.989935537860461,0.9234770691990001,0.9500974938260741,0.7788783,0.9066795,0.7499926275,0.74999973,0.75
factorial_eval_1200_v2,factorial_0390,0.9350532966633238,0.797334535395306,0.5471531185113117,0.8593938,0.7594365,0.74310462,-0.676154475,0.7498092000000001
factorial_eval_1200_v2,factorial_0391,0.9927779499405756,0.9288504433572397,0.9754888877880276,0.874248,0.7380993,0.7479232499999999,0.74995005,0.7499976749999999
factorial_eval_1200_v2,factorial_0392,0.9881280165829144,0.8262778075560174,0.8704369839424736,0.83274597,0.94129425,-0.595409325,0.32028333750000004,0.66872352
factorial_eval_1200_v2,factorial_0393,0.9660146303176705,0.9891766074793124,0.6372663270479504,0.83985215,0.8025734,0.7367533725,-0.6161835,0.74161872
factorial_eval_1200_v2,factorial_0394,0.9888696851370714,0.9019417113885045,0.952535472689254,0.8658016,0.9222809,0.719779575,0.74006085,0.74997615
factorial_eval_1200_v2,factorial_0395,0.9770484583584894,0.84758495588778,0.7997444472904189,0.84611243,0.928289,0.50383425,-0.73895835,0.61899525
factorial_eval_1200_v2,factorial_0396,0.931598085637763,0.8715156570571935,0.7578842368981706,0.7404577,0.952589,0.74626515,-0.457342275,0.7490576250000001
factorial_eval_1200_v2,factorial_0397,0.9775063839667805,0.8206277480251668,0.8832433134818459,0.77625364,0.7374182,0.7495473300000001,-0.536778675,0.74984622
factorial_eval_1200_v2,factorial_0398,0.8719341659425285,0.5007536277784747,0.8794460878156769,0.7195734,0.9400395,-0.749734905,-0.29340939,-0.70941348
factorial_eval_1200_v2,factorial_0399,0.9031098255513826,0.48533033308417495,0.8812029589092758,0.941259,0.51204044,-0.74999043,0.1871349375,0.03307899
external_mixed_v1,mixed_0000,0.6763649854714728,0.2819993395945193,0.29242328061721656,0.086431965,0.9018202,0.749995755,0.7499616450000001,0.749999925
external_mixed_v1,mixed_0001,0.24304528542145173,0.5757555209407955,0.0524208205142286,0.56614655,0.91617566,-0.55644225,0.73590678,0.7499662500000001
external_mixed_v1,mixed_0002,0.25985924870632077,0.0017116865439025192,0.13668042834152608,0.838217,0.9310759,-0.0414026955,0.37348010249999997,0.7471791
external_mixed_v1,mixed_0003,0.5558258127177094,0.10285665173826246,0.3814132062859791,0.48730382,0.93821555,0.749999325,0.7497423,0.749999955
external_mixed_v1,mixed_0004,0.9318344445597945,0.8859831478490531,0.8551398797948068,0.5663754,0.91345,0.73988085,0.7499487,0.74963535
external_mixed_v1,mixed_0005,0.04176993033699121,0.029071342860060106,0.013521713305595767,0.60198027,0.90417075,0.7291117500000001,0.172057695,0.7160768475
external_mixed_v1,mixed_0006,0.3087375594234302,0.9112412705993913,0.014426435737024434,0.27960333,0.9650844,0.74999133,0.15715273500000002,0.7498750125
external_mixed_v1,mixed_0007,0.3119941408530458,0.0020802417306384916,0.09611071977158807,0.79862595,0.964988,0.75,0.7340716125,0.7499965125
external_mixed_v1,mixed_0008,0.12025165269450831,0.06084783151016118,0.05555774025076301,0.802539,0.9192003,-0.74999598,0.614168475,0.48566482499999997
external_mixed_v1,mixed_0009,0.6107379044243739,0.023481221386880063,0.49750772277640104,0.50036764,0.8023737,0.749424525,0.29805195,0.74998878
external_mixed_v1,mixed_0010,0.48055345039231584,0.26343375218824894,0.5891164902409809,0.8861659,0.9324339,0.7499985,0.74999985,0.749999925
external_mixed_v1,mixed_0011,0.09945909472862598,0.03072543168109146,0.04019232161806746,0.7414654,0.90254784,0.74077875,0.6484281,0.7274641275
external_mixed_v1,mixed_0012,0.5995907210709741,0.9442857914976923,0.005173766716561827,0.5426819,0.92142385,0.7499986125,-0.1801138125,0.749980125
external_mixed_v1,mixed_0013,0.1525321697719024,0.0037706431242604016,0.05535223015934252,0.42192772,0.9045054,0.74997195,0.71625615,0.7499992875
external_mixed_v1,mixed_0014,0.08828783944764747,0.0012092815533511915,0.03360019128563343,0.644942,0.9258164,0.749999775,0.596036505,0.749999175
external_mixed_v1,mixed_0015,0.14505589244921574,0.8052008114343094,0.0022154349421140244,0.7690165,0.9546046,0.7460115975,-0.052823819999999994,0.6399368249999999
external_mixed_v1,mixed_0016,0.3223935145052291,0.0035439908082697744,0.3683220015047908,0.8752722,0.39659905,0.74989635,0.7358992275,0.7499835525
external_mixed_v1,mixed_0017,0.025826033511258843,0.022535446097144626,0.001230569098384013,0.8418551,0.925834,0.7498772025,-0.534347175,0.45470655000000004
external_mixed_v1,mixed_0018,0.30055373093535903,0.8470874480492341,0.009990924706874436,0.3696861,0.97735083,-0.69875085,0.74983992,0.7495715625
external_mixed_v1,mixed_0019,0.04553702674664158,0.7709521964231978,0.001495334754404106,0.45740953,0.8605336,0.39406335000000003,0.74043015,0.743816175
external_mixed_v1,mixed_0020,0.14114655879307442,0.0034498885200969745,0.04214818199757061,0.70780766,0.9091695,0.7493750025,0.75,0.749999925
external_mixed_v1,mixed_0021,0.20237930910635388,0.37526649785006155,0.016741969446794503,0.4331217,0.966229,0.749995395,0.12625290749999998,0.7499925000000001
external_mixed_v1,mixed_0022,0.2406143983912839,0.031314330856834376,0.07964898245788499,0.8107451,0.9698155,0.74999865,0.55018428,0.7499538
external_mixed_v1,mixed_0023,0.08590119555811487,0.04229539956367381,0.0012687803444116597,0.5661976,0.9364007,0.748876605,0.03155352375,0.700682775
external_mixed_v1,mixed_0024,0.1696596997649649,0.17508392682926988,0.010220961840784524,0.46941492,0.97844005,0.5708490749999999,0.7499916375,0.7499996250000001
external_mixed_v1,mixed_0025,0.7886438614773473,0.14744565762933926,0.703835545244375,0.51794666,0.89313054,0.7498780949999999,0.66735525,0.74999925
external_mixed_v1,mixed_0026,0.4474631065736251,0.23944037358429465,0.45025416535072027,0.6412595,0.79297715,0.749998725,0.7455850500000001,0.749998875
external_mixed_v1,mixed_0027,0.7385137196208846,0.8377200461270232,0.043614386875318094,0.62205505,0.8863822,0.748567875,0.605897775,0.7494740625
external_mixed_v1,mixed_0028,0.25019098283537644,0.1407037361646435,0.08512802421862027,0.8083656,0.97456205,0.74926755,0.749788275,0.749992875
external_mixed_v1,mixed_0029,0.42086205950909944,0.5767439129115002,0.05805370504824804,0.4591683,0.90161735,0.74992758,0.603345075,0.7497735299999999
external_mixed_v1,mixed_0030,0.33469718039659685,0.5443688449367248,0.041688397501146945,0.25899622,0.9406843,-0.598270125,0.74669685,0.749845275
external_mixed_v1,mixed_0031,0.014601686161329652,0.0013397429435287314,0.02206990012528674,0.80682534,0.9277798,0.24657561,0.6895780499999999,-0.40911948750000005
external_mixed_v1,mixed_0032,0.2530365091876749,0.07882530105958525,0.09225047989621049,0.77133775,0.9307996,0.7306484249999999,0.5266318050000001,0.749962005
external_mixed_v1,mixed_0033,0.10310170850788251,0.0013806981187690517,0.31663850748396805,0.74147505,0.5632315,0.7499992875,0.7498320525,0.749999925
external_mixed_v1,mixed_0034,0.25341126314804047,0.5716620919224406,0.0601311539860426,0.67921555,0.9423396,-0.7499059875,0.251442255,-0.018369018
external_mixed_v1,mixed_0035,0.10742761123096167,0.48482005085042684,0.002076023991521848,0.6107481,0.8114406,0.74999973,0.5869180275,0.7499152499999999
external_mixed_v1,mixed_0036,0.025667840874251672,0.047988472614854685,0.006767658457358245,0.15609923,0.9844806,-0.744699225,0.4053406125,0.07917420750000001
external_mixed_v1,mixed_0037,0.06336317076867336,0.020575160715429603,0.05697961516540616,0.5531837,0.97111356,0.749908275,0.5348676,0.74982375
external_mixed_v1,mixed_0038,0.20326244198362162,0.0004053800266455271,0.19508326090246958,0.8411087,0.73367697,0.7499923125,0.3939414,0.7499135025
external_mixed_v1,mixed_0039,0.11133212743717785,0.0020797178127469644,0.06794018622834935,0.20090824,0.9339007,-0.711431355,0.68520075,0.6098846250000001
external_mixed_v1,mixed_0040,0.07933695335668488,0.17846813858571,0.0025984618410175063,0.3912213,0.80667603,0.748819275,-0.569761545,0.38334239999999997
external_mixed_v1,mixed_0041,0.3418850236576551,0.0022402533534598627,0.44388194392958047,0.8258834,0.8672412,-0.51353145,0.689560725,0.3874632
external_mixed_v1,mixed_0042,0.4409200062442829,0.29872112059898714,0.4211810716366036,0.8079416,0.94443506,0.3355497,0.6872654250000001,0.742839
external_mixed_v1,mixed_0043,0.4059013621058276,0.1499679178508348,0.13035650858728864,0.6552921,0.947202,0.7489048125,0.7488567,0.749999505
external_mixed_v1,mixed_0044,0.4446898859671712,0.0009965018553888157,0.415948048646696,0.74514264,0.85954505,0.7499899875,0.70441065,0.74999475
external_mixed_v1,mixed_0045,0.29009099713941733,0.09380229680528265,0.08375765627314628,0.22432128,0.9861239,0.749827755,0.620954475,0.749303775
external_mixed_v1,mixed_0046,0.11909095108149732,0.0002735320369962308,0.12839922494622066,0.72741574,0.83322,0.59661153,0.7341956249999999,0.6796301025
external_mixed_v1,mixed_0047,0.034243615506909963,0.0025702140944140967,0.052977513581051704,0.63372946,0.967416,0.75,0.6952945125,0.749999175
external_mixed_v1,mixed_0048,0.05168333103407889,0.32384548111802625,0.0040976918761325585,0.45488456,0.9736843,-0.136591035,0.749962125,0.7499953500000001
external_mixed_v1,mixed_0049,0.42391730126564414,0.023365864027759187,0.13361315021652154,0.5791865,0.9375732,0.0463577805,0.34305705000000003,0.749410005
external_mixed_v1,mixed_0050,0.801583700454,0.0004876070424372764,0.7676789613045664,0.7937227,0.8990245,0.74999982,0.71273805,0.74999115
external_mixed_v1,mixed_0051,0.9343235341399856,0.11996967480669608,0.9352071576074379,0.8479905,0.8746355,0.749931675,0.7314636975000001,0.749978925
external_mixed_v1,mixed_0052,0.6041018556817611,0.01713508221693021,0.6545097176465957,0.6309042,0.8562178,0.73891995,0.748929975,0.74462055
external_mixed_v1,mixed_0053,0.6830238327477915,0.005355295943146462,0.8734665596425663,0.7476593,0.6865361,0.7499719275,0.7403137799999999,0.74991372
external_mixed_v1,mixed_0054,0.9740128994522387,0.6782966376385972,0.9451700130478369,0.6588671,0.0888205,-0.5420961225,0.749992425,0.58330563
external_mixed_v1,mixed_0055,0.5158870021881603,0.0026836037878913287,0.421654008645577,0.6992237,0.86473584,0.749943405,0.741189375,0.74997957
external_mixed_v1,mixed_0056,0.9703727933587533,0.8802590607924663,0.8468038627916273,0.84608614,0.91742885,0.743796,0.739114425,0.749126475
external_mixed_v1,mixed_0057,0.7573458634807735,0.0037649436553583927,0.7789397434174111,0.8193292,0.9028326,-0.7499671875,0.744811125,0.74058603
external_mixed_v1,mixed_0058,0.909811093791011,0.02764760567012171,0.9086478020893661,0.338781,0.88698983,0.749999955,0.74818485,0.749999955
external_mixed_v1,mixed_0059,0.5203013527159164,0.3612310869608032,0.22968800562754516,0.37757072,0.9564501,0.73969335,0.74380455,0.74978475
external_mixed_v1,mixed_0060,0.637445197593326,0.0031236233641138214,0.5377707412527353,0.62628853,0.8826072,0.75,0.743289525,0.749999955
external_mixed_v1,mixed_0061,0.8336233378499137,0.018746060421584016,0.9769740462072979,0.7025793,0.6913569,0.5586565725,0.74385255,0.7465796250000001
external_mixed_v1,mixed_0062,0.8279320774234616,0.0032436300940246617,0.8180843923925438,0.52239174,0.896003,0.75,0.74384178,0.75
external_mixed_v1,mixed_0063,0.28272422243694867,0.004151043496835948,0.2497243983368393,0.4465605,0.9224568,0.471381225,0.749826825,0.7498108125
external_mixed_v1,mixed_0064,0.9745589760623438,0.8495021448889782,0.7724758514412773,0.84577584,0.8045245,0.7450323000000001,0.7440212700000001,0.7498561874999999
external_mixed_v1,mixed_0065,0.9889093129493972,0.920994970827774,0.8709042604736622,0.7833476,0.8542797,0.744550275,0.749900445,0.749995845
external_mixed_v1,mixed_0066,0.6345502874665163,0.00011536235539079978,0.9523461026547256,0.6811517,0.5193565,0.7499829225000001,0.7490800049999999,0.749993475
external_mixed_v1,mixed_0067,0.951732072838911,0.5575610660889947,0.9467249925557247,0.7416177,0.90922886,0.6561125999999999,0.737663775,0.7498858275
external_mixed_v1,mixed_0068,0.8342379254849267,0.05745630509669766,0.7391586867673224,0.36812186,0.92718387,0.74999982,0.36324303,0.74999865
external_mixed_v1,mixed_0069,0.9356505951698285,0.11195368918185442,0.9826308913708716,0.620735,0.8533428,-0.7078971749999999,0.7499994,0.7498740225
external_mixed_v1,mixed_0070,0.8867360860703185,0.08247401297646334,0.8702617955199061,0.60476786,0.7935479,0.7499895000000001,0.7498886025,0.749999925
external_mixed_v1,mixed_0071,0.7491116708553333,0.009861050015578465,0.9012515816140308,0.63016284,0.40688708,-0.49136745,0.749973375,0.7498365
external_mixed_v1,mixed_0072,0.5214991845837736,0.01613601795188136,0.3996624991989059,0.66739374,0.95333487,0.74974095,0.7499809500000001,0.749997945
external_mixed_v1,mixed_0073,0.3626577555636052,0.0005817379614831756,0.6857603974772268,0.8301442,0.45244515,0.7088265,0.7497918,0.74368827
external_mixed_v1,mixed_0074,0.9137450948083786,0.08669272764166848,0.9518873006528509,0.4639089,0.7734269,-0.7258717875,0.7475042249999999,0.741429375
external_mixed_v1,mixed_0075,0.7419464268162899,0.0011235388711275205,0.866643802201656,0.62553006,0.5075061,0.7499997,0.7498983,0.74999985
external_mixed_v1,mixed_0076,0.9858172177365508,0.853113620213933,0.9375653476896472,0.83192366,0.90284264,0.3296554275,0.7498517625,0.747844305
external_mixed_v1,mixed_0077,0.9705368028832122,0.9012980635452665,0.951345341091199,0.39474362,0.6941994,-0.1689301725,0.745128225,0.7481837250000001
external_mixed_v1,mixed_0078,0.9384718528490922,0.5254112371773304,0.9299456375287822,0.5541465,0.7622688,0.53615595,0.74873565,0.73563105
external_mixed_v1,mixed_0079,0.9471797354127203,0.03555084566532282,0.9507457893758471,0.79180616,0.80480105,0.74998842,0.7495094999999999,0.749997945
external_mixed_v1,mixed_0080,0.928068853075574,0.20490978407741064,0.8711932647616942,0.43011692,0.8083283,0.74999982,0.698515275,0.7499955300000001
external_mixed_v1,mixed_0081,0.9548776587519333,0.742180754761854,0.8358325679418481,0.8133323,0.87138903,0.54230037,0.6672459374999999,0.730811925
external_mixed_v1,mixed_0082,0.5761732601647819,0.3260828002099,0.1499636710240374,0.6989214,0.84032196,0.749863425,0.49086387749999993,0.74999133
external_mixed_v1,mixed_0083,0.9452591368497081,0.2612104046840265,0.9418790650526866,0.5763749,0.9247911,0.7497066975,0.7499996250000001,0.7499960999999999
external_mixed_v1,mixed_0084,0.857890543860271,0.005450955688101119,0.8389852352517781,0.8354284,0.92557263,0.60783375,0.74333445,0.7451900250000001
external_mixed_v1,mixed_0085,0.9986301486937257,0.9924361242340091,0.9154330080394297,0.68502766,0.89373904,0.6590236275,0.74999175,0.74996853
external_mixed_v1,mixed_0086,0.9305984007878004,0.7435457131212384,0.9216219382766411,0.31583685,0.9400755,-0.749934195,0.749997075,0.7495767449999999
external_mixed_v1,mixed_0087,0.6376921607815096,0.0009873507819293192,0.8960834462274965,0.7019279,0.5386885,0.749999595,0.7481937000000001,0.74994072
external_mixed_v1,mixed_0088,0.9110955821317284,0.3139226043516915,0.9784564336094426,0.7438011,0.60362047,0.74999982,0.7499428275,0.749999955
external_mixed_v1,mixed_0089,0.8668673154620026,0.15726233205830564,0.8197790118264527,0.76660055,0.8321677,0.7499967375000001,0.336933225,0.749993205
external_mixed_v1,mixed_0090,0.08781288095402741,0.005720982450111403,0.16709852834466576,0.8519638,0.41212386,-0.7495112549999999,0.589719675,-0.749090925
external_mixed_v1,mixed_0091,0.5700828593792017,0.0030304688649962063,0.6177867308849962,0.680354,0.9083322,0.749994225,0.7401909,0.7499948249999999
external_mixed_v1,mixed_0092,0.4130779861858867,0.0016925463189834495,0.1866911972441271,0.100702435,0.9230408,0.2536932,0.749888955,0.7488111000000001
external_mixed_v1,mixed_0093,0.5049851994256,0.2497054207638605,0.34858920711558017,0.74472845,0.9578058,0.74986725,0.7499919975,0.749997405
external_mixed_v1,mixed_0094,0.4524773718320323,0.00024973649275226236,0.5064410535764242,0.7319993,0.76107323,0.749886375,0.7492861725,0.749957325
external_mixed_v1,mixed_0095,0.8327156381366633,0.6493724577176433,0.7902270499758123,0.11817057,0.9519183,0.403991925,0.7499481,0.7499159550000001
external_mixed_v1,mixed_0096,0.8607581395256229,0.6631130642282649,0.75028548308905,0.763393,0.92155933,0.7478845875,0.659677575,0.74998422
external_mixed_v1,mixed_0097,0.5065728382346203,0.0006946294634214787,0.4185795047997885,0.8015381,0.9488667,0.25408716,0.597680925,0.7439620499999999
external_mixed_v1,mixed_0098,0.8321739717031108,0.01684586988036382,0.9688138236105439,0.7823034,0.83778703,0.749999955,0.73749195,0.749998425
external_mixed_v1,mixed_0099,0.8475633578502222,0.00379930723557918,0.8717495155565984,0.8307016,0.8991898,0.394579425,0.7499980500000001,0.7499793
external_mixed_v1,mixed_0100,0.9209873500464786,0.8499275877081404,0.40508781571010877,0.7360963,0.9597455,0.749995755,0.5188259475,0.74999343
external_mixed_v1,mixed_0101,0.22903988110597406,0.003469328478893607,0.02542260245528823,0.5467139,0.96528226,0.75,0.733048275,0.749999775
external_mixed_v1,mixed_0102,0.8959616185523521,0.002931358152861555,0.6154111482921136,0.8455842,0.8292561,0.75,0.7491955125,0.749999925
external_mixed_v1,mixed_0103,0.9843141088273664,0.99541222659118,0.017096084535346237,0.87313527,0.9265964,0.7499925000000001,-0.5623271249999999,0.7162385250000001
external_mixed_v1,mixed_0104,0.878803533262978,0.8224100423507071,0.04911700119216772,0.7963637,0.9700219,0.75,0.7469667375,0.749999955
external_mixed_v1,mixed_0105,0.9980546528043935,0.9978331419688592,0.08035599237859474,0.81218493,0.90115494,0.749999955,0.7487339550000001,0.749999955
external_mixed_v1,mixed_0106,0.7368325606796431,0.7548114131699422,0.1085594938705723,0.3963925,0.8531366,0.75,0.74130705,0.75
external_mixed_v1,mixed_0107,0.7350775462048823,0.9874994019188224,0.35959057193930505,0.5593094,0.80236405,0.75,0.736454175,0.74999982
external_mixed_v1,mixed_0108,0.9987056976396327,0.9969536266337892,0.5790597243749879,0.827259,0.4824475,0.135388125,0.58199295,0.7495455449999999
external_mixed_v1,mixed_0109,0.30048602861212614,0.5036320763026634,0.014899451501964096,0.34877926,0.93586427,-0.7228146,-0.18507192,0.636471225
external_mixed_v1,mixed_0110,0.9995947717897468,0.9992745139061386,0.6917330678050531,0.7660106,0.95698655,0.7499990625,0.745371675,0.749999955
external_mixed_v1,mixed_0111,0.8327497714130877,0.9276963123276023,0.5288830024530004,0.63207954,0.8804477,0.74964993,0.74999685,0.749999955
external_mixed_v1,mixed_0112,0.23398334992834333,0.9898647482952707,0.005302074522372121,0.59882385,0.96508694,0.7499915475,0.0965703075,0.7484724
external_mixed_v1,mixed_0113,0.4280116514163786,0.3388071458386412,0.10473096759111086,0.45444405,0.8736642,0.563844225,0.70113078,0.744134775
external_mixed_v1,mixed_0114,0.9998721851673608,0.9998518286986569,0.5175383599567142,0.73290837,0.73789084,0.7499924025,0.7198679775,0.7499952000000001
external_mixed_v1,mixed_0115,0.5493972285416525,0.7281951632010736,0.0851616102193313,0.18667132,0.7945433,0.75,0.7497999,0.749999955
external_mixed_v1,mixed_0116,0.4501097861176964,0.43735014611030665,0.04533464151417728,0.83070445,0.5267049,0.7477929,0.36884853,0.74367678
external_mixed_v1,mixed_0117,0.8504955497133433,0.5664782441750696,0.40476416190433046,0.7597116,0.91340727,0.749986875,0.7499783999999999,0.749999925
external_mixed_v1,mixed_0118,0.9301418773677563,0.9927730973965283,0.19722305939087634,0.5626392,0.92472047,0.7488384225,0.686524095,0.749083575
external_mixed_v1,mixed_0119,0.993355308291215,0.9916162141257715,0.04691311287881278,0.8759121,0.4351024,0.75,0.742953525,0.749999925
external_mixed_v1,mixed_0120,0.7699568113821833,0.011290665518140154,0.3285485231059234,0.79766476,0.8958723,0.75,0.7495833749999999,0.749999955
external_mixed_v1,mixed_0121,0.5675507149881277,0.16781994601212175,0.10745360135731614,0.78268266,0.9202997,0.749999955,0.7347975,0.749998575
external_mixed_v1,mixed_0122,0.20699723275541643,0.1521003059558721,0.0768220741965908,0.7659758,0.9046555,0.749805375,0.749891145,0.749991195
external_mixed_v1,mixed_0123,0.13513868126502107,0.3557248087184752,0.010404833910617169,0.4955502,0.8705851,0.7364973,0.56829735,0.7242818625
external_mixed_v1,mixed_0124,0.40638373313581483,0.6710466042966795,0.004207734810190714,0.58346355,0.9161814,0.3997296975,0.7040104875,0.7497658875000001
external_mixed_v1,mixed_0125,0.9139685620181588,0.9965247644602744,0.042628925085482605,0.54014844,0.95066553,0.749998125,0.170173545,0.749999325
external_mixed_v1,mixed_0126,0.7494452057015693,0.0289700195949321,0.3472849074617355,0.42390522,0.9283303,0.75,0.729247125,0.749999955
external_mixed_v1,mixed_0127,0.7086588764493698,0.9896860976365324,0.0005109374659749986,0.19106986,0.86246306,0.4411703625,0.3793923375,0.718848195
external_mixed_v1,mixed_0128,0.698539945529747,0.9773220533756113,0.04103783340025962,0.59412694,0.90586245,0.749285325,0.652752675,0.74938605
external_mixed_v1,mixed_0129,0.9210089311175402,0.9996811074464146,0.19661758587400896,0.73608494,0.9446965,0.66743553,0.74699475,0.74996817
external_mixed_v1,mixed_0130,0.3155405199178638,0.16113959500814062,0.28584454829011513,0.71352977,0.7485964,0.749999955,0.4067136375,0.7499989275000001
external_mixed_v1,mixed_0131,0.9604667366794007,0.8652701969347403,0.8548025260327996,0.58884203,0.7409506,0.75,0.72971298,0.749999505
external_mixed_v1,mixed_0132,0.9519180397304536,0.995315854631083,0.45043938356020596,0.6792802,0.92633486,0.74999985,0.7393491750000001,0.749999955
external_mixed_v1,mixed_0133,0.6430809666741641,0.11317395919342894,0.1264113999557285,0.4196833,0.94791406,0.746016675,-0.24584712,0.7443054
external_mixed_v1,mixed_0134,0.597973919396239,0.6801821257600467,0.0038884762268576504,0.47125238,0.957453,0.749993295,0.6841824375,0.7499824725
external_mixed_v1,mixed_0135,0.32450923432546286,0.009021418208198207,0.08414876265646484,0.73434246,0.844006,0.75,0.749919,0.749999955
external_mixed_v1,mixed_0136,0.23560042064165734,0.8605234861868163,0.021039993858659244,0.48750138,0.95060986,-0.446782875,0.1212287175,0.6339779249999999
external_mixed_v1,mixed_0137,0.5782694904272633,0.32479460982918285,0.33711654213111425,0.44320592,0.86878335,0.7499994,0.7090691250000001,0.749925675
external_mixed_v1,mixed_0138,0.9893509721238246,0.9999282260278703,0.6590732382130707,0.55968815,0.8535345,0.7499202,0.7444862999999999,0.749999775
external_mixed_v1,mixed_0139,0.8514504988813961,0.6673388566036464,0.296452791778906,0.6935197,0.9472733,0.75,0.74320158,0.749999925
external_mixed_v1,mixed_0140,0.6004180213412793,0.6645097065146185,0.14221546378159358,0.7048065,0.9340186,0.75,0.4944048,0.749997075
external_mixed_v1,mixed_0141,0.36292427240461306,0.020333660444947103,0.04893490573832702,0.7023571,0.8208628,0.749997825,0.7405302375,0.749999955
external_mixed_v1,mixed_0142,0.924368273958295,0.9998938615108812,0.08932966984143471,0.20408055,0.7716279,0.74755758,0.749852325,0.7499986125
external_mixed_v1,mixed_0143,0.586450657037834,0.67591404532501,0.14427671694317148,0.39536032,0.9638072,0.7494831000000001,0.749988645,0.7499985
external_mixed_v1,mixed_0144,0.9999345008830042,0.9999386245033426,0.18174273755423576,0.8366036,0.88277406,0.749995845,0.702310125,0.7499988375
external_mixed_v1,mixed_0145,0.5020198174626261,0.14839176307353555,0.4875265923449926,0.41597772,0.5984994,0.75,0.5374222875,0.7499953500000001
external_mixed_v1,mixed_0146,0.292570677646769,0.007280374105451006,0.5421036643297914,0.83957905,0.4289072,0.75,0.749059755,0.74999985
external_mixed_v1,mixed_0147,0.44537856817539445,0.048303364576093966,0.03969835189627445,0.6309797,0.88071144,0.75,0.74073435,0.7499996250000001
external_mixed_v1,mixed_0148,0.9110981684294198,0.7617759722100231,0.6043032129151363,0.7496402,0.88730234,0.7410711525,0.256807005,0.749321925
external_mixed_v1,mixed_0149,0.5528034160423406,0.003699787801293376,0.29770611080428583,0.8032304,0.92199284,0.75,0.740004675,0.74999982
external_mixed_v1,mixed_0150,0.936788513373559,0.03439747630878398,0.9392851066404898,0.73928916,0.8932867,0.7478762999999999,0.749703525,0.7499110874999999
external_mixed_v1,mixed_0151,0.7376467171011251,0.0929213959409007,0.7280172886798865,0.60219324,0.9001185,0.74974275,0.7488810300000001,0.749999595
external_mixed_v1,mixed_0152,0.999616187027226,0.9993384971782187,0.6106240644103695,0.7742275,0.9501999,0.37587198750000006,0.749991525,0.7499889
external_mixed_v1,mixed_0153,0.8805660922798046,0.15516349670906635,0.8779543088533688,0.67367256,0.73652476,0.75,0.7494055799999999,0.74999982
external_mixed_v1,mixed_0154,0.8978011833331866,0.5939119680987117,0.849228374525825,0.74839723,0.7867845,0.75,0.749816925,0.749999955
external_mixed_v1,mixed_0155,0.9515954279342288,0.5980161889823488,0.9432672532505406,0.5724637,0.8231242,0.749999505,0.74937705,0.74999985
external_mixed_v1,mixed_0156,0.9932678335436147,0.9999230542224378,0.9092066610100881,0.6086889,0.7984763,0.7483209,0.74998455,0.749999955
external_mixed_v1,mixed_0157,0.9999432178096794,0.9999095427788465,0.7966393594819988,0.8055603,0.8706717,0.749981445,0.7494204,0.749999325
external_mixed_v1,mixed_0158,0.9661515702880719,0.9994702221413555,0.43856824402509953,0.6881805,0.92090154,0.749998305,0.75,0.75
external_mixed_v1,mixed_0159,0.9998153790970878,0.9997153880050297,0.8018633439497059,0.785763,0.8831644,0.75,0.74185632,0.75
external_mixed_v1,mixed_0160,0.8339357181013172,0.3135012707430544,0.7042213290485382,0.78233004,0.8282099,0.749999595,0.735694395,0.74999982
external_mixed_v1,mixed_0161,0.7877320350982668,0.22234183329983967,0.6299115160951594,0.6975234,0.79887396,0.75,0.7482918375000001,0.749999955
external_mixed_v1,mixed_0162,0.8900358566220317,0.8593003993588177,0.7747519511932642,0.053028446,0.9398927,0.749997945,0.7499985225,0.749999925
external_mixed_v1,mixed_0163,0.9999430424999152,0.9999257845548517,0.7587482340515902,0.70810646,0.8836107,0.749999775,0.74904075,0.749999955
external_mixed_v1,mixed_0164,0.8144449301611857,0.4530960895779735,0.5693038717103717,0.31183222,0.94880855,0.7007319,0.749999505,0.75
external_mixed_v1,mixed_0165,0.9069433218886094,0.7590867547385456,0.7498610271354588,0.7378107,0.69272804,0.749999595,0.7498152,0.7499989499999999
external_mixed_v1,mixed_0166,0.9448552406693312,0.014692335973523435,0.9095437449111601,0.83756214,0.9270502,0.75,0.67572345,0.74999982
external_mixed_v1,mixed_0167,0.9833819104963065,0.9265204355111157,0.6633226417177157,0.7807931,0.8921623,0.472560795,0.166339095,0.72201732
external_mixed_v1,mixed_0168,0.9555253429242881,0.9858796484139312,0.8547598013308232,0.5580835,0.9384024,0.749999025,0.749996925,0.75
external_mixed_v1,mixed_0169,0.9999397629864157,0.9993590492518062,0.9619784250760849,0.7453649,0.6847036,-0.35346642,0.74600382,0.7484202225
external_mixed_v1,mixed_0170,0.6996632711773516,0.7227527694192319,0.26615058719729356,0.67026263,0.89788073,0.7499739,0.52307865,0.74999655
external_mixed_v1,mixed_0171,0.9933926802479148,0.9999132015483725,0.8703639978192955,0.65232474,0.8260932,0.75,0.7493614125,0.749999925
external_mixed_v1,mixed_0172,0.8055651797084469,0.2840951820641973,0.5997703239134065,0.749274,0.68281204,0.7499875725,0.711822375,0.74997585
external_mixed_v1,mixed_0173,0.962594722374622,0.7877505370896423,0.9511970724710964,0.8071211,0.78640693,0.75,0.74998668,0.75
external_mixed_v1,mixed_0174,0.9771290418721388,0.994965556367689,0.907308877850042,0.64477074,0.91812754,0.74999985,0.7499992875,0.749999955
external_mixed_v1,mixed_0175,0.9540656212407265,0.9978613508241055,0.46088673210726444,0.705458,0.9631865,0.749999925,0.7499989275000001,0.749999925
external_mixed_v1,mixed_0176,0.7676165652588347,0.07200486849581544,0.8795092811660736,0.7589214,0.48475692,0.749999955,0.7499404125,0.7499997
external_mixed_v1,mixed_0177,0.9307145032258383,0.008647496928778675,0.8662725436543037,0.25282672,0.87663466,0.75,0.7499989499999999,0.75
external_mixed_v1,mixed_0178,0.9999719313591905,0.999956677398252,0.8418666242426447,0.5791007,0.6209402,0.749999955,0.7490760225,0.749999955
external_mixed_v1,mixed_0179,0.7324230908018479,0.8737888379713934,0.5906154468291921,0.7001684,0.86182314,-0.6022413,0.7497888,0.717422775
external_mixed_v1,mixed_0180,0.9891044392439896,0.976800125208283,0.9685339282456255,0.33945087,0.92238253,0.7499967375000001,0.6084861,0.74999817
external_mixed_v1,mixed_0181,0.974117811428443,0.9857420718432363,0.9103455338212261,0.5222119,0.8800457,-0.74999955,0.7490360625,0.7496686499999999
external_mixed_v1,mixed_0182,0.9682983130942406,0.9120860023625961,0.7573828032593637,0.79317266,0.8691775,0.3129039975,0.749397,0.74838945
external_mixed_v1,mixed_0183,0.8772127023796052,0.6218119653094797,0.8252034332598561,0.701623,0.8927797,0.749994375,0.7491958725,0.749999775
external_mixed_v1,mixed_0184,0.7704470870239514,0.020095917567489185,0.736520710052538,0.8537002,0.8146593,0.7499967750000001,0.74952465,0.7499990625
external_mixed_v1,mixed_0185,0.5188360055346588,0.053704516929915284,0.722655063603891,0.8108048,0.8842866,0.744703725,0.7028683125,0.615737625
external_mixed_v1,mixed_0186,0.8874561631302786,0.4332376920584563,0.8103837375169064,0.5763457,0.7730749,0.7498209,0.21330001499999998,0.749989275
external_mixed_v1,mixed_0187,0.7515362699663349,0.013352835324401372,0.8898596682084626,0.82701725,0.72192657,0.75,0.7499664,0.749999955
external_mixed_v1,mixed_0188,0.7833399477708922,0.40521790252734824,0.7375941084513079,0.7797697,0.6951217,0.75,0.73129395,0.749999925
external_mixed_v1,mixed_0189,0.5544338822144403,0.9121305371851705,0.0786282362470868,0.38372484,0.9073445,0.7203419624999999,0.74987895,0.74999352
external_mixed_v1,mixed_0190,0.9981664532508506,0.9965010910654734,0.6789212316080117,0.74849796,0.8365855,0.7499598975,0.73389678,0.7499920874999999
external_mixed_v1,mixed_0191,0.7147430300398765,0.012529335643157741,0.9347544602476082,0.75150114,0.82714796,0.7499789025,0.7444466625,0.749992725
external_mixed_v1,mixed_0192,0.8902620504392269,0.9794840982704743,0.6517716742965242,0.42823374,0.9462994,0.749999955,0.67344405,0.749999955
external_mixed_v1,mixed_0193,0.9503184624533932,0.9974739711193142,0.6437252938469719,0.47132125,0.92527795,0.746799525,0.7499315625,0.749997375
external_mixed_v1,mixed_0194,0.6505775643082049,0.09618786819278483,0.5956751839005816,0.5498861,0.86148345,0.75,0.7499992875,0.749999955
external_mixed_v1,mixed_0195,0.93911847829209,0.9948508928485577,0.7709889410186359,0.66985965,0.8559244,0.7499784975,0.7498805550000001,0.7499979
external_mixed_v1,mixed_0196,0.8961021099288043,0.19690388133179687,0.8761055902539192,0.79473215,0.841293,0.7499973,0.7347898500000001,0.7499857875
external_mixed_v1,mixed_0197,0.9968198235672667,0.9909753051042038,0.792528550129303,0.8180367,0.77242196,0.749999175,0.7493797875,0.74999982
external_mixed_v1,mixed_0198,0.7292731844888988,0.43146470863104774,0.5942462319586476,0.5635536,0.87971854,0.7498965,0.732547875,0.7499871
external_mixed_v1,mixed_0199,0.9999488087974996,0.9999116610264376,0.7331557695150446,0.77034056,0.91495204,0.7499915475,0.7496565749999999,0.749999955
external_mixed_v1,mixed_0200,0.2841743852009768,0.3953700790129012,0.006864677129937483,0.7844889,0.79528034,-0.7499616450000001,-0.719178,-0.748623045
external_mixed_v1,mixed_0201,0.5491987383633002,0.3881355748846867,0.31143300328323187,0.74382657,0.7371815,-0.6778808249999999,-0.73086375,-0.69714105
external_mixed_v1,mixed_0202,0.636107689021408,0.5250817682829765,0.11043417766092539,0.80297464,0.9444733,-0.7499966025,0.5813573249999999,0.546877275
external_mixed_v1,mixed_0203,0.599618226771709,0.1363539837478209,0.5375002938384872,0.7038149,0.96115214,-0.67590612,0.0639162675,-0.05025415875
external_mixed_v1,mixed_0204,0.5696531391111954,0.36551143598251534,0.2258003360559599,0.833532,0.8820751,-0.46732875,0.2779242,-0.026705625
external_mixed_v1,mixed_0205,0.5304777978590477,0.8071733848685779,0.07349103118334042,0.81104404,0.9338243,0.5463459749999999,-0.70135755,-0.45567852
external_mixed_v1,mixed_0206,0.01716573844103398,0.004003285653060503,0.06970919683067978,0.64272857,0.6477066,-0.7158285225000001,-0.72196077,-0.534053205
external_mixed_v1,mixed_0207,0.063193245289458,0.08669579491354927,0.036974885749796724,0.8353796,0.82233477,-0.749999955,-0.6367103775,-0.74992293
external_mixed_v1,mixed_0208,0.5850893313448056,0.630001102819983,0.10512603690234207,0.8120997,0.5127696,-0.749981895,-0.7382824125,-0.7487932724999999
external_mixed_v1,mixed_0209,0.29534643475965283,0.4280380883360699,0.09000443228943902,0.7867671,0.89160126,-0.749897475,-0.28756884,-0.74582322
external_mixed_v1,mixed_0210,0.8426995478627933,0.6147592235617084,0.6641544803617159,0.818169,0.92028856,-0.747758745,-0.3060693975,-0.569137755
external_mixed_v1,mixed_0211,0.3417170469169952,0.09351694799340496,0.13713582887719977,0.7377853,0.8457453,0.744663675,-0.1697195325,0.6046406775
external_mixed_v1,mixed_0212,0.7051862235039894,0.7035510282140618,0.08112963106184003,0.7643448,0.89772487,-0.51276585,-0.52649985,-0.5830266
external_mixed_v1,mixed_0213,0.15994502695192647,0.09851734388591128,0.0077421006815164735,0.79387844,0.84823346,-0.5042930999999999,-0.6870048375,-0.2316077625
external_mixed_v1,mixed_0214,0.170454210245852,0.010810468804254184,0.12487173360182262,0.8526008,0.9263447,-0.749951025,-0.6884838,-0.7368616875
external_mixed_v1,mixed_0215,0.14592329764508657,0.039784692813063655,0.4323178956566887,0.8699752,0.32895845,-0.3606054975,-0.4174215,-0.68087955
external_mixed_v1,mixed_0216,0.2156289002668634,0.1731625218229354,0.10355487881215411,0.8460459,0.4503408,-0.7205668275,-0.747856725,-0.724029195
external_mixed_v1,mixed_0217,0.4822682314307234,0.4987753892848793,0.13296633801173996,0.73728794,0.840707,-0.749943075,-0.7037932499999999,-0.46666592249999994
external_mixed_v1,mixed_0218,0.4197690515961194,0.4748836339195492,0.012129634926927913,0.84290963,0.9764549,-0.7436349375,-0.576895275,-0.5480394749999999
external_mixed_v1,mixed_0219,0.42339046267030755,0.07956093190033248,0.16010505277390258,0.8099137,0.9039406,-0.7496923950000001,-0.7485769950000001,-0.74887128
external_mixed_v1,mixed_0220,0.042077977886712796,0.022516528028968807,0.01738305688923331,0.712523,0.78535384,-0.3977380275,-0.44408182500000004,-0.616358775
external_mixed_v1,mixed_0221,0.032701079055042714,0.22353087079051848,0.008896060185295943,0.6884695,0.95631903,-0.74999775,-0.279607125,-0.74693055
external_mixed_v1,mixed_0222,0.6706492109610994,0.6904451523704941,0.21571661163136333,0.64872617,0.86191994,-0.7268778375,-0.12971592,-0.18805394999999997
external_mixed_v1,mixed_0223,0.7704121382245418,0.4446219507313914,0.5598395745714786,0.7828491,0.8674963,-0.74999715,0.350555475,-0.1733793675
external_mixed_v1,mixed_0224,0.4704579999536319,0.12473396726830521,0.26939313974173423,0.8145149,0.89463276,-0.1580179875,0.668807175,0.303689115
external_mixed_v1,mixed_0225,0.39843075662792715,0.5373808967978823,0.09888973296634519,0.81896037,0.9335355,-0.7486061024999999,-0.715658625,-0.6604893749999999
external_mixed_v1,mixed_0226,0.06410445165653826,0.006185605741811968,0.20909728997082166,0.6818191,0.6027878,-0.7494554250000001,-0.0989769225,0.20913749999999998
external_mixed_v1,mixed_0227,0.03422422164409785,0.006221553383824828,0.017886304294083062,0.869601,0.9302481,-0.7492613625,-0.7450079625,-0.74742852
external_mixed_v1,mixed_0228,0.1430851846203566,0.0008122607619979857,0.06772701548477424,0.78527665,0.8876509,-0.747583125,-0.7451387625,-0.7473196275
external_mixed_v1,mixed_0229,0.29130746024015636,0.26539445768887227,0.0962851130778999,0.7449178,0.91660666,-0.7455240000000001,-0.6866765775,-0.09654426
external_mixed_v1,mixed_0230,0.28893177762953526,0.4186011777981923,0.046694788696565945,0.6930428,0.8207778,-0.7499962875,-0.7488000225,-0.74999715
external_mixed_v1,mixed_0231,0.13334238209656107,0.0012210506937692237,0.07887608212636031,0.76494896,0.86766654,-0.748171005,-0.738589875,-0.742024455
external_mixed_v1,mixed_0232,0.8471916746938081,0.32839890655543513,0.8263848851188534,0.65553427,0.82068604,-0.749887305,0.295761,-0.5096224875
external_mixed_v1,mixed_0233,0.2235192020889117,0.028419288835669996,0.3221468224177975,0.84297097,0.40489188,0.7278145500000001,-0.2992501275,0.6412600725
external_mixed_v1,mixed_0234,0.2785085565186364,0.03634089938552021,0.4384614731052928,0.58513135,0.71856767,-0.6894217725,0.7496046000000001,0.599384325
external_mixed_v1,mixed_0235,0.1874117539017105,0.13951214626163716,0.07189606984939359,0.78298444,0.90852034,-0.7498469249999999,-0.727227195,-0.7462152
external_mixed_v1,mixed_0236,0.4361812538344269,0.6232380303556233,0.049641662764539594,0.7503096,0.77132064,-0.7499472524999999,-0.737596305,-0.749540475
external_mixed_v1,mixed_0237,0.6508605541138107,0.0017782801008640041,0.6931522503223515,0.8323313,0.7947742,-0.730787205,-0.703248675,-0.6063745949999999
external_mixed_v1,mixed_0238,0.3827295094837754,0.0012287573899519265,0.1411516009842401,0.79581136,0.87439317,-0.383743575,-0.550049625,-0.54413478
external_mixed_v1,mixed_0239,0.06185884915275236,0.09401529421473442,0.02687749961636721,0.5964183,0.8578399,-0.7499370000000001,-0.1716872175,-0.7163634
external_mixed_v1,mixed_0240,0.5291055480698627,0.0704531234739466,0.7147224154008605,0.7023175,0.67033935,-0.5682333975,-0.731390925,-0.7425442200000001
external_mixed_v1,mixed_0241,0.5945031283070346,0.48591090636805856,0.374228153878261,0.7745816,0.522368,-0.749992755,0.39230992500000006,-0.48211383750000003
external_mixed_v1,mixed_0242,0.7584379482699981,0.27860453990816597,0.7539203369262557,0.86499447,0.951604,-0.7499880750000001,-0.7441900499999999,-0.743335245
external_mixed_v1,mixed_0243,0.08343234435209428,0.07214843911702719,0.03797294847092872,0.8549608,0.8842525,-0.74990475,-0.688420995,-0.748389975
external_mixed_v1,mixed_0244,0.09743897819445853,0.008256877272104479,0.03546198469968881,0.8259668,0.82897013,-0.48294119999999996,-0.48197324999999996,-0.6322030125
external_mixed_v1,mixed_0245,0.5031280281511651,0.21562994779183958,0.45037266984163427,0.8383333,0.9755493,-0.7492077,-0.50425212,-0.709052145
external_mixed_v1,mixed_0246,0.5204389745138002,0.6214114250456321,0.3567656536896947,0.7032826,0.9384912,-0.734191425,0.3547607025,-0.2707234275
external_mixed_v1,mixed_0247,0.668070662459191,0.2776481464468784,0.5754149870157548,0.6831528,0.73402184,-0.748893,0.5410591499999999,0.4293249225
external_mixed_v1,mixed_0248,0.4660170594019028,0.36016676721865054,0.06824501487181962,0.844704,0.90251267,0.469177905,-0.657634875,0.6752382525
external_mixed_v1,mixed_0249,0.2757868357899027,0.09579116333604058,0.21691916552229618,0.77701145,0.72842556,-0.74999505,0.5111390250000001,0.11718587999999999
external_mixed_v1,mixed_0250,0.9693420862920896,0.09074828539895324,0.972453537546944,0.7364185,0.7813493,-0.7466839875,0.7393042875,0.7094318550000001
external_mixed_v1,mixed_0251,0.957748477246455,0.26669912204002894,0.9783302794622057,0.755524,0.8302639,-0.749973,0.6599244,0.6983677500000001
external_mixed_v1,mixed_0252,0.9804891287799463,0.8052078921560055,0.9062198450408161,0.52496314,0.84817845,-0.7414243500000001,0.035087172,0.36524487
external_mixed_v1,mixed_0253,0.7863607752748256,0.4317493503434697,0.6636634860423046,0.75564605,0.8701248,-0.7482242025,-0.635695695,-0.733767975
external_mixed_v1,mixed_0254,0.9358187765541731,0.019537818254195122,0.9504546104257634,0.7809683,0.78487206,-0.7489794,0.7495482,0.59979765
external_mixed_v1,mixed_0255,0.9663450729616309,0.34347946585991823,0.9686260487859176,0.7926814,0.7660637,-0.7499937,0.573171975,0.584632245
external_mixed_v1,mixed_0256,0.9762351003544139,0.5142701128034992,0.9183430276592396,0.81687796,0.606753,-0.7135849875,0.7499909250000001,0.720684525
external_mixed_v1,mixed_0257,0.9047915373796763,0.035986743044200915,0.920370930117867,0.75644356,0.7543015,-0.694841445,0.749999775,0.749582175
external_mixed_v1,mixed_0258,0.9813694974271752,0.3458744460902829,0.9856348520705505,0.8362962,0.8977203,-0.749999955,0.633520155,-0.07870515
external_mixed_v1,mixed_0259,0.9185108217788092,0.38679450113965347,0.9632571152757966,0.74165815,0.9127686,-0.7499910750000001,0.6257890875,-0.5719155
external_mixed_v1,mixed_0260,0.9755469800800755,0.42803919805995044,0.9913132199253739,0.7700735,0.7563787,-0.749981355,0.6672263625,0.14894298
external_mixed_v1,mixed_0261,0.8985037544622565,0.4281301041257552,0.8555375587946557,0.8031545,0.8368685,-0.7499989275000001,-0.00883417725,-0.66100632
external_mixed_v1,mixed_0262,0.9779050817050582,0.748457675561162,0.9474061685128179,0.71914583,0.89483637,0.0456314745,0.5331632475,0.7498182375
external_mixed_v1,mixed_0263,0.9678106429052491,0.2714500419133213,0.9788472967819938,0.66644865,0.7381823,-0.74028048,0.7492968,0.693011625
external_mixed_v1,mixed_0264,0.8788644921156789,0.4765095795360154,0.9130802116400368,0.7337519,0.19341187,-0.7499997,-0.6121414725,-0.744411525
external_mixed_v1,mixed_0265,0.977827123937191,0.6130061473675166,0.9289692158993336,0.7380642,0.8434639,-0.620114745,0.7499983875,0.7497684
external_mixed_v1,mixed_0266,0.8238575616521987,0.07390089242444127,0.7628308056238615,0.82785755,0.8670553,-0.7499709750000001,0.749849325,0.558027375
external_mixed_v1,mixed_0267,0.9062444759369233,0.1056884490388235,0.9725149717707746,0.7759212,0.7332944,-0.74900655,0.57638955,0.58673115
external_mixed_v1,mixed_0268,0.9601649732307723,0.25396658799279886,0.9647049506691163,0.8186456,0.91951805,-0.7497087,0.6095457,0.508074675
external_mixed_v1,mixed_0269,0.9918135359524611,0.5625648971748879,0.990301340689111,0.84319144,0.84644586,-0.741732405,0.7499851125,0.749877225
external_mixed_v1,mixed_0270,0.9925758958647843,0.8801862528656693,0.9917851081004385,0.7590318,0.4440783,0.045393369749999996,0.5441585624999999,0.749473875
external_mixed_v1,mixed_0271,0.9441591792426753,0.055810043527911246,0.9384009245463154,0.6905177,0.8703919,0.7037410125000001,0.0493230855,0.7423894125
external_mixed_v1,mixed_0272,0.9577736009665925,0.21210679014168188,0.932374163334321,0.7084792,0.8543089,-0.7440851475,-0.24779597250000002,0.2438337225
external_mixed_v1,mixed_0273,0.8441389515022202,0.015421121356993165,0.8514704734111866,0.8232615,0.8166789,-0.7499891249999999,-0.5889737625,-0.5122325249999999
external_mixed_v1,mixed_0274,0.9666398674421558,0.6220511701674398,0.9657181189521924,0.60333383,0.7365805,-0.74992875,0.7432681050000001,0.5875698
external_mixed_v1,mixed_0275,0.8965686851678641,0.026316650127507828,0.9379690443413266,0.9108798,0.8411983,-0.7498892699999999,0.605725005,0.007767549
external_mixed_v1,mixed_0276,0.973460082739413,0.21991571469293927,0.9763937589332791,0.852152,0.84151024,-0.749768475,0.7315089375,0.580414575
external_mixed_v1,mixed_0277,0.6604351698626304,0.04799811415254003,0.9129068595224237,0.7325163,0.7976302,-0.7499978549999999,0.73967985,-0.335715045
external_mixed_v1,mixed_0278,0.899721679888269,0.11174992166800811,0.9666123394378234,0.8236717,0.7201049,-0.749992425,0.744641925,0.14458119
external_mixed_v1,mixed_0279,0.9789252854925257,0.5998658138196236,0.9612728524025825,0.72874564,0.5253511,-0.74891655,0.33616479,0.5955160275
external_mixed_v1,mixed_0280,0.878399750244023,0.3892002157355231,0.8756169382260371,0.71818787,0.8726685,-0.7384131225,0.660993675,0.53582565
external_mixed_v1,mixed_0281,0.9656447380834884,0.3648864239969894,0.9701053549272345,0.7218107,0.86049324,-0.7499442974999999,0.7477533749999999,0.623885925
external_mixed_v1,mixed_0282,0.9906612972822785,0.7410321992177322,0.9860901419626003,0.74474883,0.85875356,0.730424625,0.57102093,0.7494566775
external_mixed_v1,mixed_0283,0.9743533738780872,0.6441549402598055,0.932045435551206,0.8570603,0.7366693,-0.7040154750000001,0.39448215,0.60425538
external_mixed_v1,mixed_0284,0.971344422815354,0.07203557911795008,0.9761263602658514,0.73857373,0.8763088,-0.70716387,0.718037775,0.67504005
external_mixed_v1,mixed_0285,0.9699484678884586,0.6967466544338562,0.9247758106176392,0.86570686,0.8237477,-0.749605725,0.740016225,0.5864236949999999
external_mixed_v1,mixed_0286,0.925587317825097,0.03331212593190179,0.9405143245646898,0.80040115,0.9248437,-0.695318925,0.7387279275,0.66823155
external_mixed_v1,mixed_0287,0.9849760030814668,0.750472550186902,0.9693333022573773,0.81249446,0.7900031,-0.6042345450000001,0.61408515,0.5695951125000001
external_mixed_v1,mixed_0288,0.9284836868666873,0.17828745478277144,0.9614261549498324,0.7018656,0.7463068,-0.749927625,0.714453375,0.5762300475000001
external_mixed_v1,mixed_0289,0.9533543972584039,0.4461615706663128,0.954744642917051,0.7584991,0.79361343,-0.7496425950000001,0.5763219749999999,0.5719108875000001
external_mixed_v1,mixed_0290,0.3698165144502223,0.3386575187498195,0.15506703107127492,0.79798687,0.8802364,-0.7499992875,-0.7488365025,-0.749645025
external_mixed_v1,mixed_0291,0.9726643699187437,0.5389683481910772,0.9651809738490684,0.8306621,0.7969422,-0.7458921525,0.24197124000000003,0.23379149999999999
external_mixed_v1,mixed_0292,0.9759915362299828,0.4704729824134581,0.9742352700048436,0.7478093,0.7626344,-0.7499882250000001,-0.16155075000000002,-0.1369037475
external_mixed_v1,mixed_0293,0.9556816179489505,0.5333316063846584,0.9127036443920252,0.76282674,0.7153922,-0.7498722375,0.22549626,0.3656818275
external_mixed_v1,mixed_0294,0.9085319840190725,0.6009048651964319,0.8760416636951235,0.8046449,0.8516591,-0.749999955,-0.745527105,-0.74988375
external_mixed_v1,mixed_0295,0.9656508405159453,0.4159418993900869,0.9886522853275453,0.7547927,0.9134344,-0.75,0.69714747,-0.744913275
external_mixed_v1,mixed_0296,0.9414125360566212,0.2477914268457132,0.9593485219643024,0.76761305,0.80173975,-0.74999115,-0.195549525,-0.614754075
external_mixed_v1,mixed_0297,0.8531121522774003,0.10843246181053456,0.93105779295546,0.7452126,0.731383,-0.749973225,0.7131202050000001,0.5896722
external_mixed_v1,mixed_0298,0.8809302811992479,0.01563064010973137,0.9832967385126015,0.74845475,0.76914644,-0.74988645,0.740714475,0.7019109450000001
external_mixed_v1,mixed_0299,0.7674656708010565,0.008147635082119136,0.840447592544237,0.6734859,0.8496545,-0.749964,0.43365899999999996,-0.6686808
external_mixed_v1,mixed_0300,0.9864647789606044,0.9824747404298182,0.14617954483551074,0.81441736,0.8074008,0.558098175,-0.71308467,0.7342761
external_mixed_v1,mixed_0301,0.8427395254478602,0.7869938155099753,0.7988524465377239,0.36904913,0.70899415,-0.7322105625,0.26459478000000003,-0.43548862499999996
external_mixed_v1,mixed_0302,0.9802730291788132,0.969627927468751,0.029673441620762388,0.82068735,0.9309871,0.7485783749999999,-0.07644036,0.7461510299999999
external_mixed_v1,mixed_0303,0.31702318013852415,0.4974031600983238,0.05116805622893393,0.7756874,0.74130565,-0.74983275,-0.657164055,-0.7224872999999999
external_mixed_v1,mixed_0304,0.643062871605878,0.32828172444256976,0.03863632281702123,0.7931019,0.8608213,0.749999925,-0.276576375,0.7499952000000001
external_mixed_v1,mixed_0305,0.9928072998294826,0.9896215572753615,0.02881133509204455,0.6807602,0.8625582,0.7499990999999999,-0.67401585,0.7499979
external_mixed_v1,mixed_0306,0.8530043957578791,0.6187813600746773,0.12649224174188634,0.8445227,0.83529925,0.7424021249999999,-0.640370775,0.7405413224999999
external_mixed_v1,mixed_0307,0.9980191455209034,0.997821807546585,0.06226876783645542,0.74643594,0.91243213,0.749992425,-0.0648898425,0.749999505
external_mixed_v1,mixed_0308,0.47924999395301143,0.1442654853972265,0.043072796754460095,0.8268059,0.90953684,-0.5788147125,-0.5178426525,-0.6600823874999999
external_mixed_v1,mixed_0309,0.10537206458745249,0.026149702573213363,0.07323757179780747,0.66591096,0.65297747,-0.749999955,0.301721445,-0.748891575
external_mixed_v1,mixed_0310,0.9783010331429011,0.9709333110676027,0.3071452609663285,0.74491936,0.88660717,0.731426475,-0.23557361250000003,0.682984875
external_mixed_v1,mixed_0311,0.4378947511637556,0.07037609182665072,0.029897716657256494,0.7423102,0.9192443,0.7499990999999999,0.7186871775,0.74997765
external_mixed_v1,mixed_0312,0.8543966493745488,0.6899196607786262,0.17767691992589915,0.7555719,0.96932393,-0.72840978,-0.31571180249999997,0.62851377
external_mixed_v1,mixed_0313,0.9463071410473279,0.9675658943794457,0.05938809179476989,0.6812027,0.9579179,0.749999955,-0.64299828,0.7499975249999999
external_mixed_v1,mixed_0314,0.9278389033140669,0.8883495352172981,0.12724313629013728,0.80729526,0.91278535,0.7319331299999999,-0.46267940249999995,0.6351146249999999
external_mixed_v1,mixed_0315,0.9926786217904999,0.9908724245076462,0.008149948081642447,0.7885063,0.96321183,0.7437894375,0.339131175,0.74989935
external_mixed_v1,mixed_0316,0.9824595072744694,0.9822725018465619,0.23099496437768555,0.52424663,0.8675384,0.7499782500000001,-0.5457417375,0.74999142
external_mixed_v1,mixed_0317,0.7386212885389623,0.8378893616881722,0.05094019200995843,0.97792965,0.7768441,0.44437158,-0.5965573049999999,0.255692325
external_mixed_v1,mixed_0318,0.8820839606104999,0.9705570973221926,0.027061786647976847,0.5431234,0.81774676,0.7499964,-0.0700177875,0.7499939250000001
external_mixed_v1,mixed_0319,0.85459772799109,0.6630630211772908,0.3133789901502948,0.850488,0.7780755,-0.747898575,-0.250106355,0.3002972625
external_mixed_v1,mixed_0320,0.9795177390235411,0.9654116810664027,0.17277591371402132,0.6835682,0.8173939,0.7499993775,-0.07333741125000001,0.749999595
external_mixed_v1,mixed_0321,0.9910453072202169,0.9226116312959252,0.8389889140730767,0.7179926,0.6932624,-0.192900405,0.5607179250000001,0.701853225
external_mixed_v1,mixed_0322,0.7026472088328468,0.5411577958391929,0.2678992898494963,0.73349166,0.6750744,-0.7043353050000001,-0.68968995,0.0530170275
external_mixed_v1,mixed_0323,0.9494867801283281,0.9600647481690626,0.05790275799395951,0.83389777,0.89910537,-0.7479378,-0.7186265625,0.54640362
external_mixed_v1,mixed_0324,0.9562935896838638,0.9580728314390862,0.1513854520428307,0.7738986,0.893983,0.353742465,-0.23706225,-0.09702290999999999
external_mixed_v1,mixed_0325,0.9823196891869403,0.9719025109651911,0.06755179616036319,0.6164598,0.6000471,0.74999985,-0.6486567,0.7499989275000001
external_mixed_v1,mixed_0326,0.7402859302378428,0.47844898474254954,0.06942208593967808,0.8811031,0.63784283,0.749999925,-0.602754075,0.7499796
external_mixed_v1,mixed_0327,0.8705228273828065,0.978482236720643,0.03580295070239722,0.5996262,0.7816329,0.74999925,0.74999718,0.749999775
external_mixed_v1,mixed_0328,0.6385050489853877,0.5751659430506207,0.028417417010815293,0.4316952,0.7678854,0.7499980500000001,0.3015851025,0.7499917724999999
external_mixed_v1,mixed_0329,0.9565258357515422,0.9661224235041124,0.5196158461885564,0.72666943,0.9266249,0.712736625,0.0054880106249999994,0.7363888199999999
external_mixed_v1,mixed_0330,0.9927174729339641,0.9895136849909599,0.048137843046420284,0.7236769,0.78548,0.7499769749999999,-0.65598303,0.749902545
external_mixed_v1,mixed_0331,0.9984597358824544,0.9963456710013915,0.8619944531083769,0.7589301,0.8990979,0.749996475,-0.37762834500000003,0.7499896724999999
external_mixed_v1,mixed_0332,0.9903269938527737,0.9663814150621374,0.9113679900677815,0.7151302,0.83403236,0.749993025,0.3769023,0.749990625
external_mixed_v1,mixed_0333,0.535724004053933,0.14658042106286912,0.03863635722933581,0.8453289,0.86394984,0.73347348,-0.710845125,-0.11695095
external_mixed_v1,mixed_0334,0.9166493094600037,0.819376454520647,0.45700220158011545,0.7728115,0.9348309,-0.48805413000000003,-0.6055249500000001,0.703334475
external_mixed_v1,mixed_0335,0.9765357709850269,0.9194945422835125,0.8437675091567631,0.8037976,0.8272321,0.0809006475,0.6852269775,0.743871105
external_mixed_v1,mixed_0336,0.4401561063410855,0.5873394922807366,0.058151704926123385,0.71928,0.85331404,-0.2177436525,-0.5262760049999999,-0.45802125
external_mixed_v1,mixed_0337,0.9834586303665529,0.9731027709211436,0.058487685749294006,0.74303484,0.82642525,0.744609255,-0.717775005,0.7449452249999999
external_mixed_v1,mixed_0338,0.8192235449508674,0.6338015494776807,0.08383957324136822,0.7067669,0.7470641,0.749852655,0.3664785975,0.74970375
external_mixed_v1,mixed_0339,0.9035070140657742,0.8989637080432438,0.2707007044068218,0.70740193,0.8454789,0.14255436,0.42134242499999996,0.7311055799999999
external_mixed_v1,mixed_0340,0.9171746591940512,0.7953134850384653,0.721013849149519,0.7483762,0.6933488,0.749998425,-0.7266186450000001,0.7499224875
external_mixed_v1,mixed_0341,0.9095281340033755,0.14247668380155235,0.6792667804227484,0.73511547,0.89474684,0.54658878,0.7379950125,0.715634475
external_mixed_v1,mixed_0342,0.9722519583073093,0.9527454131396008,0.13697361430881616,0.78348744,0.9687344,0.7499791499999999,-0.535482075,0.749891505
external_mixed_v1,mixed_0343,0.620790846972711,0.6491670870583137,0.07295797963383228,0.8287977,0.935195,-0.7427849025000001,-0.7338565875,-0.7130004000000001
external_mixed_v1,mixed_0344,0.993330060218824,0.9918971450072557,0.034036608433104375,0.6936318,0.6657598,0.749995575,0.44631232499999995,0.7497751500000001
external_mixed_v1,mixed_0345,0.9822347653836455,0.9711900165184192,0.056255099208370615,0.6417934,0.7642955,0.749997495,-0.2135247,0.7499938725
external_mixed_v1,mixed_0346,0.9801791103903311,0.9635925975713242,0.4692585068029761,0.8249946,0.7615717,0.665735025,0.2218430475,0.749425605
external_mixed_v1,mixed_0347,0.99894889224708,0.9990212999880237,0.1703956307785323,0.82960093,0.8826621,0.686012925,-0.596178375,0.5826205499999999
external_mixed_v1,mixed_0348,0.631204828799314,0.7778406051572191,0.026984823031078586,0.6695406,0.7321649,-0.7464729375,-0.7448106375,-0.7484293875
external_mixed_v1,mixed_0349,0.9799110706407183,0.9684912862312817,0.0703334481817074,0.7239161,0.9005175,0.749998875,-0.6211516875,0.749926875
external_mixed_v1,mixed_0350,0.9905371386219278,0.9672184933295446,0.8500344315944759,0.68470716,0.84669894,0.6907791525,0.2148423975,0.749987625
external_mixed_v1,mixed_0351,0.9670289337196317,0.8372184923462342,0.9460595020995719,0.7303839,0.9222509,-0.7277697750000001,-0.219860805,-0.7436430300000001
external_mixed_v1,mixed_0352,0.9900277849611312,0.9924975576379441,0.9277867773513981,0.7218578,0.84613585,0.74649105,0.40767667500000004,0.7499990625
external_mixed_v1,mixed_0353,0.7834005175345136,0.9545872457420842,0.012497177044439508,0.52336615,0.5790625,0.7254377999999999,0.1625320425,0.7466995875
external_mixed_v1,mixed_0354,0.950396872345024,0.7762581610151668,0.9576638032518018,0.7122957,0.7643439,0.749702775,0.74276823,0.7499786775
external_mixed_v1,mixed_0355,0.9680655559211081,0.8640094755473449,0.9120499296913901,0.8605424,0.9317485,0.74876028,0.6206882250000001,0.74994585
external_mixed_v1,mixed_0356,0.9836338729764182,0.9882498123088138,0.8884494075651811,0.58187324,0.8643611,0.7498885125,-0.12230617499999999,0.74998365
external_mixed_v1,mixed_0357,0.9870889935670311,0.9608118069948222,0.8823390394303787,0.72686994,0.7816112,0.749949375,0.7495795199999999,0.7499837699999999
external_mixed_v1,mixed_0358,0.8725386388028713,0.45026330443992146,0.9268972002312317,0.77568114,0.8213,-0.741241695,0.43626625500000005,-0.73382475
external_mixed_v1,mixed_0359,0.9582295129714059,0.861993222858988,0.8363370026634914,0.78441167,0.88798106,0.7283289749999999,-0.147524145,0.74986155
external_mixed_v1,mixed_0360,0.978896337043884,0.9609959135391875,0.8227617172999,0.7426808,0.8721633,0.6688431,-0.22679096250000003,-0.0084988845
external_mixed_v1,mixed_0361,0.9899079312969152,0.9684999591073504,0.8993387957074666,0.6654947,0.82727367,0.7499989275000001,0.1229633475,0.7499967
external_mixed_v1,mixed_0362,0.9888238323165525,0.9412523915653074,0.9719484939133716,0.779248,0.7524115,0.749999595,0.749865825,0.749999925
external_mixed_v1,mixed_0363,0.9942065501042643,0.9853716117959549,0.8212562398764612,0.760877,0.8066915,0.749995725,0.20199376500000002,0.7499987475000001
external_mixed_v1,mixed_0364,0.49266884957559237,0.05235415672032102,0.605730027447468,0.9000036,0.46361977,-0.221486295,0.069635685,-0.0057721578
external_mixed_v1,mixed_0365,0.9956891748139259,0.9883870539605226,0.8993590460842086,0.74448234,0.84448516,0.7459172775,0.15612621000000002,0.7499353125
external_mixed_v1,mixed_0366,0.9983882545988443,0.9804013157139856,0.9541225898382226,0.71066386,0.8846808,-0.74999982,0.7499933999999999,0.7428174
external_mixed_v1,mixed_0367,0.9954255355896923,0.9817616209823189,0.9354086099065504,0.6868615,0.72819144,0.749999925,0.607790625,0.7499994750000001
external_mixed_v1,mixed_0368,0.9896531071123568,0.9535780323542042,0.9474613780251903,0.7704824,0.8280581,0.29997153,0.5110661999999999,0.47539959750000005
external_mixed_v1,mixed_0369,0.9350242117019101,0.6848173599385466,0.8134862087280926,0.81307566,0.8740377,0.749975175,0.61283742,0.749919225
external_mixed_v1,mixed_0370,0.9968358712881998,0.9745510852532587,0.9839148795992617,0.78993654,0.649292,0.725353095,0.744575775,0.749537625
external_mixed_v1,mixed_0371,0.949426513921916,0.4793562638929919,0.9729787549012354,0.6708342,0.42613083,0.74735445,0.74999505,0.7499953500000001
external_mixed_v1,mixed_0372,0.9854386884048978,0.6417174972952959,0.9730176517149681,0.74722016,0.93528306,-0.7269121275,0.72859485,0.656840175
external_mixed_v1,mixed_0373,0.9914560376600637,0.9705606720584044,0.9339714345016554,0.76139456,0.7755731,0.749993655,0.27176703,0.749989005
external_mixed_v1,mixed_0374,0.9870760667012399,0.9325697501932863,0.9571414822199057,0.67345935,0.5694113,0.748984605,0.7431968999999999,0.7499623125
external_mixed_v1,mixed_0375,0.9925910645667282,0.8705280478746584,0.9411217974772916,0.7706484,0.8785246,-0.7482299625000001,-0.632146875,0.2450576775
external_mixed_v1,mixed_0376,0.8192680093725104,0.28755069957959256,0.7754764357139221,0.69803023,0.80952454,0.75,0.74999595,0.75
external_mixed_v1,mixed_0377,0.9838047037412986,0.9701385020269968,0.32473662112002005,0.63749343,0.8217312,0.741174105,0.09557862,0.746922525
external_mixed_v1,mixed_0378,0.9874365394714555,0.9556261058493497,0.820865593645194,0.7955232,0.8682495,0.74998158,-0.520325325,0.74998623
external_mixed_v1,mixed_0379,0.9955076150341885,0.9696028246016107,0.989359677718492,0.6681116,0.74983853,0.7499996250000001,0.7481945249999999,0.749999955
external_mixed_v1,mixed_0380,0.9960685433960546,0.9803447826771045,0.9689934834746411,0.646281,0.68887985,0.7499607524999999,0.7499069700000001,0.74999982
external_mixed_v1,mixed_0381,0.9802088135239481,0.944736908231285,0.7372345801937735,0.781275,0.6979752,0.5145745500000001,0.7499688449999999,0.749999955
external_mixed_v1,mixed_0382,0.734520055081979,0.01596830041899333,0.9288917899206198,0.78584427,0.8932145,-0.7493842500000001,0.36240202499999996,0.275726865
external_mixed_v1,mixed_0383,0.9998619129945884,0.9994974898467884,0.9794116176662999,0.73451525,0.85267913,0.74999085,0.28852536,0.7499990999999999
external_mixed_v1,mixed_0384,0.9898229534511966,0.9736529639095708,0.6814195819237827,0.7457512,0.8810448,0.749002425,-0.046362072000000004,0.74962923
external_mixed_v1,mixed_0385,0.9998296064746308,0.9997143225554479,0.7931596578674056,0.6345129,0.55655086,0.74999835,0.7079317875,0.74999982
external_mixed_v1,mixed_0386,0.9993644927061648,0.9967726839518081,0.9655585717957316,0.74626255,0.8647874,0.6015927525,0.7125607875,0.74996925
external_mixed_v1,mixed_0387,0.9193609700788654,0.08190482592328269,0.9659063417181041,0.79901034,0.78594655,-0.7499947275,0.5930016,-0.6942948975000001
external_mixed_v1,mixed_0388,0.9956427430021988,0.9964714863024811,0.9593158614239713,0.6801223,0.8888857,0.43661396249999995,0.147459255,0.66208398
external_mixed_v1,mixed_0389,0.9937950308701338,0.9703110070020472,0.9749335405222179,0.69059205,0.5026697,0.7499604,0.441477675,0.74999763
external_mixed_v1,mixed_0390,0.9912862307901484,0.9750812654844325,0.8886284632857758,0.61848813,0.75560385,0.749998875,0.7499253,0.7499997
external_mixed_v1,mixed_0391,0.9945498588349467,0.965715215649406,0.9831493418554735,0.7295632,0.7253291,0.749708805,0.11843594999999998,0.7499961975
external_mixed_v1,mixed_0392,0.9898145166941607,0.9839704630990554,0.8065215503028859,0.651588,0.90366066,0.7499994,0.073573065,0.7499993775
external_mixed_v1,mixed_0393,0.9748416623203487,0.6606173691767323,0.8117879847897296,0.8196436,0.8695392,-0.58482225,0.7441497450000001,0.7499943
external_mixed_v1,mixed_0394,0.9897913705536134,0.9371191295083405,0.9786441097730901,0.69555306,0.8644679,0.748432605,0.6650800125,0.749883375
external_mixed_v1,mixed_0395,0.9250556306007078,0.6862398388625208,0.8320828092928476,0.755616,0.8926225,0.618135495,0.45848010000000006,0.6266332275
external_mixed_v1,mixed_0396,0.947171071336334,0.9514843328062692,0.7323038231806948,0.35623384,0.88521427,0.7498083,-0.3338587125,0.7497771
external_mixed_v1,mixed_0397,0.9246175123640928,0.837467658536892,0.7638932510945313,0.8247495,0.8874906,-0.41335627499999994,-0.7448154,-0.5680119375
external_mixed_v1,mixed_0398,0.9983416110068605,0.992358901374609,0.982592547581195,0.6976819,0.7818301,0.7189057799999999,0.68929902,0.749987775
external_mixed_v1,mixed_0399,0.9842004789543015,0.9827248647852788,0.9008437271267212,0.552711,0.8306105,0.74957145,-0.30117584999999997,0.74999097
source_disjoint_mixed_v1,sdxmix_0000,0.9939442018715058,0.9961804054266553,0.5191492806157677,0.48541343,0.5227467,-0.7499743875,0.75,0.729798855
source_disjoint_mixed_v1,sdxmix_0001,0.09769837843811593,0.0016592875789812561,0.06768768134333515,0.80709404,0.92748874,0.7448157,0.744016275,0.748907475
source_disjoint_mixed_v1,sdxmix_0002,0.3022423615140972,0.000900982790528852,0.2902608532950486,0.8258647,0.9244987,0.7350450000000001,0.668817975,0.749532045
source_disjoint_mixed_v1,sdxmix_0003,0.8133358982702107,0.16136462626138975,0.9831917472416514,0.60740453,0.42201194,-0.16340019749999998,0.7499609775,0.7476013875
source_disjoint_mixed_v1,sdxmix_0004,0.7103318349914088,0.9209930229371375,0.14644906789930467,0.3466181,0.8860609,0.7429318875,0.494449005,0.7458849974999999
source_disjoint_mixed_v1,sdxmix_0005,0.002571999194015068,0.001029466169136932,0.0022663766205800683,0.63369316,0.91525793,0.5583668475000001,0.640295145,0.7484225475
source_disjoint_mixed_v1,sdxmix_0006,0.9985037134044119,0.9989415722473265,0.11909551929709021,0.7618803,0.95077014,0.74999052,0.74620635,0.7499992875
source_disjoint_mixed_v1,sdxmix_0007,0.08042433450097551,0.0022442245202213868,0.02134467063608827,0.7423216,0.92790407,0.7378465949999999,0.749998275,0.74993325
source_disjoint_mixed_v1,sdxmix_0008,0.4034178378183519,0.0025000181166717206,0.6174224275786941,0.7437177,0.5899999,-0.7204007475,0.69114813,0.6620502749999999
source_disjoint_mixed_v1,sdxmix_0009,0.03247422803827246,0.00211906777879344,0.0013636052104245317,0.7699934,0.9398813,-0.20429042999999997,-0.014619711,0.745336425
source_disjoint_mixed_v1,sdxmix_0010,0.7109113556881308,0.9163272825627022,0.4178852485919314,0.6128792,0.899482,0.74940987,0.40827112500000007,0.7497097875000001
source_disjoint_mixed_v1,sdxmix_0011,0.07060183682391363,0.007237421908586305,0.06318159347799507,0.7807673,0.9331654,0.75,0.50031987,0.749836275
source_disjoint_mixed_v1,sdxmix_0012,0.9487261728381641,0.9973031382005489,0.7212511758034069,0.3186292,0.893139,-0.39459026999999997,0.749934555,0.7446839249999999
source_disjoint_mixed_v1,sdxmix_0013,0.13785784909092944,0.04418384066851976,0.08435815018504167,0.62023264,0.40888935,0.749928825,0.749999925,0.7499931
source_disjoint_mixed_v1,sdxmix_0014,0.6200230218251793,0.0020315664967492752,0.9137554262019235,0.86886984,0.471485,0.74999955,0.7490439,0.7499897625
source_disjoint_mixed_v1,sdxmix_0015,0.015621693860405106,0.000995234703824369,0.5004625640105244,0.8904661,0.47495738,0.7458442725000001,0.435193875,0.74895108
source_disjoint_mixed_v1,sdxmix_0016,0.1835415229151382,0.0015734258738458917,0.13921911569584847,0.7604372,0.9000036,0.749999925,0.7499831025,0.749999955
source_disjoint_mixed_v1,sdxmix_0017,0.7264766089326995,0.01140270033903567,0.4448913224489122,0.85054827,0.90666974,0.7499748,0.627357975,0.74979765
source_disjoint_mixed_v1,sdxmix_0018,0.3267451428435674,0.9967835728696587,0.009833055855146832,0.36019936,0.88049287,0.730434525,0.24090222,0.74360043
source_disjoint_mixed_v1,sdxmix_0019,0.40803002741382555,0.8976382066671399,0.00339870792678004,0.53441113,0.8482151,0.7498517250000001,0.6561714974999999,0.749556375
source_disjoint_mixed_v1,sdxmix_0020,0.413446909460677,0.004441637941486527,0.23443003125983827,0.50685215,0.9006356,0.75,0.7438674000000001,0.749999925
source_disjoint_mixed_v1,sdxmix_0021,0.13481720865620928,0.0007406311121725791,0.07822978206035539,0.6083828,0.9206817,0.7499260125,0.667683825,0.74999352
source_disjoint_mixed_v1,sdxmix_0022,0.22486998687096083,0.03991986001413434,0.060311736253774714,0.34582272,0.9538052,0.749990025,0.51983133,0.749993205
source_disjoint_mixed_v1,sdxmix_0023,0.4627003840185741,0.0021529229989310466,0.3848870156465004,0.80712736,0.91611105,0.7498203375,0.7497319125,0.749999925
source_disjoint_mixed_v1,sdxmix_0024,0.09923525636128434,0.4826034782063644,0.006711233144305029,0.3490784,0.9551025,-0.749999955,0.670872975,0.45574870500000003
source_disjoint_mixed_v1,sdxmix_0025,0.7539938315156907,0.7373565936882432,0.714922827604781,0.45073465,0.9467489,0.7377078375,0.75,0.75
source_disjoint_mixed_v1,sdxmix_0026,0.9075779188605824,0.8027214353972734,0.8861026019319728,0.6169165,0.9303758,0.749784525,0.7499556,0.749999955
source_disjoint_mixed_v1,sdxmix_0027,0.9477167601460748,0.005427880855853114,0.9561011844576891,0.6202696,0.9292118,0.749987025,0.75,0.75
source_disjoint_mixed_v1,sdxmix_0028,0.9416509246208273,0.9913863984716701,0.8012079279271532,0.5157119,0.9510545,0.674587125,0.74808675,0.749999175
source_disjoint_mixed_v1,sdxmix_0029,0.9161533456757305,0.6223811408104721,0.8599651826588067,0.4438323,0.94797873,0.734357445,0.68148345,0.749262
source_disjoint_mixed_v1,sdxmix_0030,0.694991604219799,0.0240654458651616,0.701322978116565,0.3822447,0.947098,0.75,0.75,0.75
source_disjoint_mixed_v1,sdxmix_0031,0.9926265833034104,0.9470827997630105,0.9454629740405063,0.7625889,0.9237323,0.74999973,0.743729175,0.75
source_disjoint_mixed_v1,sdxmix_0032,0.7176815829609071,0.01730851808279621,0.7523713454110759,0.5492262,0.93826354,0.74999982,0.7476188699999999,0.749999955
source_disjoint_mixed_v1,sdxmix_0033,0.638141223544785,0.0015564155372565114,0.597707169646339,0.7228504,0.90163827,0.7499996250000001,0.749995845,0.75
source_disjoint_mixed_v1,sdxmix_0034,0.6980185500788585,0.7481674006257001,0.29189380589031294,0.37361276,0.97126657,0.7499988375,0.75,0.75
source_disjoint_mixed_v1,sdxmix_0035,0.8833216647956404,0.005025872632261312,0.8545501292003403,0.53169894,0.9626619,0.7499964225,0.7499424,0.749999955
source_disjoint_mixed_v1,sdxmix_0036,0.7576235974187152,0.00927136340401805,0.7839107238542818,0.8276811,0.8776515,0.75,0.749999505,0.75
source_disjoint_mixed_v1,sdxmix_0037,0.9396612927549031,0.3238216456965232,0.9419395775272533,0.8679728,0.9049249,0.74998575,0.749989875,0.74999982
source_disjoint_mixed_v1,sdxmix_0038,0.7755631653302508,0.0038099195327890036,0.8404415981066746,0.56835467,0.9444987,0.75,0.75,0.75
source_disjoint_mixed_v1,sdxmix_0039,0.8387604141138829,0.0010962324496305005,0.8668308064619273,0.7422405,0.91546386,0.75,0.75,0.75
source_disjoint_mixed_v1,sdxmix_0040,0.7696049959767117,0.08200176432827139,0.7792110295282616,0.77027875,0.93287116,0.7499993775,0.75,0.75
source_disjoint_mixed_v1,sdxmix_0041,0.69458568591702,0.0011641119869100257,0.728816951364259,0.42153573,0.90591997,0.749999955,0.749999925,0.75
source_disjoint_mixed_v1,sdxmix_0042,0.8041628733968967,0.0016864832151510787,0.7960083084298527,0.8843619,0.9335803,0.749999955,0.749960025,0.75
source_disjoint_mixed_v1,sdxmix_0043,0.9231432238656169,0.36651621819668934,0.8840842531247982,0.45594454,0.95595515,0.74999808,0.74999775,0.75
source_disjoint_mixed_v1,sdxmix_0044,0.9907279494548892,0.9990590566295917,0.20569731486020668,0.75756896,0.9346411,0.749999955,0.749997945,0.749999955
source_disjoint_mixed_v1,sdxmix_0045,0.660126557240611,0.0012993228120044764,0.7474070976934787,0.7510285,0.9436632,0.7492147499999999,0.75,0.75
source_disjoint_mixed_v1,sdxmix_0046,0.9350345012799106,0.0184477538916691,0.9105386772931295,0.4956101,0.922394,0.7499765775,0.7499994,0.75
source_disjoint_mixed_v1,sdxmix_0047,0.9257607643871522,0.0033827135442457998,0.9166967389481916,0.6558296,0.9385156,0.74673705,0.7247052525,0.749927775
source_disjoint_mixed_v1,sdxmix_0048,0.8217853516659739,0.00668297876834839,0.847598836696962,0.817387,0.9544427,0.749999175,0.75,0.75
source_disjoint_mixed_v1,sdxmix_0049,0.9048788544578679,0.8137473308531302,0.8382440158242349,0.35203505,0.93990535,0.713372475,0.749999925,0.749995425
source_disjoint_mixed_v1,sdxmix_0050,0.13778366595772132,0.8259414386692114,0.002455562964898448,0.3901956,0.95603025,0.749999955,0.216263925,0.7499996250000001
source_disjoint_mixed_v1,sdxmix_0051,0.6938031841504994,0.6651213845483624,0.13130564236335684,0.44033486,0.9317366,0.74998923,0.6958968525,0.749999595
source_disjoint_mixed_v1,sdxmix_0052,0.9999473986955838,0.9999533253738734,0.09452833679751745,0.775906,0.8624682,0.749225175,0.7401277275,0.749999025
source_disjoint_mixed_v1,sdxmix_0053,0.6727953307420403,0.8995297947556447,0.07188690333839623,0.3201561,0.65617853,0.74999343,0.746960175,0.74999973
source_disjoint_mixed_v1,sdxmix_0054,0.9863587824727722,0.9997064319898578,0.7318849100056847,0.43701115,0.907234,-0.73789395,0.74988615,0.6639393
source_disjoint_mixed_v1,sdxmix_0055,0.9964231753254803,0.9923584218470697,0.14655346905800531,0.8336446,0.8403752,-0.358850445,0.74738628,0.7497723000000001
source_disjoint_mixed_v1,sdxmix_0056,0.7443768424859466,0.9992406265451292,0.014299333091289416,0.5711212,0.74383146,-0.7480138275,0.56471112,-0.19169432999999997
source_disjoint_mixed_v1,sdxmix_0057,0.9997926638214014,0.9998758383242862,0.2226994756223514,0.86094075,0.8786722,0.749995845,0.7472014725,0.74998605
source_disjoint_mixed_v1,sdxmix_0058,0.9999691203380594,0.9999805997725988,0.18363791163877208,0.78997207,0.9541273,0.7438464,0.749673225,0.749998725
source_disjoint_mixed_v1,sdxmix_0059,0.44947486356944144,0.9921326989110197,0.033212884528081354,0.33054835,0.94231176,0.749823645,0.7499969625,0.74999982
source_disjoint_mixed_v1,sdxmix_0060,0.9793940989671387,0.999882390159474,0.43590498461616234,0.50602376,0.85518026,0.328866855,0.650306445,0.747315
source_disjoint_mixed_v1,sdxmix_0061,0.9998058041711388,0.9999702175344637,0.0028004280983231615,0.78180975,0.9115592,0.6853525500000001,0.2839845,0.7495622625
source_disjoint_mixed_v1,sdxmix_0062,0.7388823422259675,0.9460287699131718,0.0666877876553032,0.26922917,0.94073045,0.739785675,0.10999716,0.7499107275
source_disjoint_mixed_v1,sdxmix_0063,0.7673462082728937,0.6620472155737716,0.05236197466741395,0.7953657,0.9429531,0.749814075,0.749384775,0.7499985
source_disjoint_mixed_v1,sdxmix_0064,0.9999280210463869,0.9999399984782451,0.05708137229828223,0.8153803,0.8810512,0.74999052,0.723341325,0.749930445
source_disjoint_mixed_v1,sdxmix_0065,0.2828937558782502,0.095169223380036,0.1176447244890317,0.3581172,0.9175012,0.74999985,0.72001107,0.7499988375
source_disjoint_mixed_v1,sdxmix_0066,0.9686006549331347,0.9999490950421508,0.007818587526735117,0.45343867,0.909031,0.72777888,0.6258737625,0.74998458
source_disjoint_mixed_v1,sdxmix_0067,0.996986607006552,0.9916656989306706,0.8840613905527984,0.5621256,0.4201966,0.154409355,0.749676825,0.74872497
source_disjoint_mixed_v1,sdxmix_0068,0.8563075120738979,0.9273378192055037,0.20402016320250702,0.13557531,0.9563774,0.74282232,0.13942113750000001,0.7491850125
source_disjoint_mixed_v1,sdxmix_0069,0.6813728326895856,0.8976814300600748,0.016847601518919234,0.6248075,0.9292859,0.7496349525,0.004078002975,0.7493441999999999
source_disjoint_mixed_v1,sdxmix_0070,0.999982990893582,0.999985609815237,0.5010727863422944,0.8287326,0.8628225,0.7252401749999999,0.749941875,0.7499985
source_disjoint_mixed_v1,sdxmix_0071,0.584299857865296,0.4800309677834836,0.14423016552056564,0.41179448,0.9526222,0.749960175,0.74997327,0.75
source_disjoint_mixed_v1,sdxmix_0072,0.9998793846274633,0.999880076036523,0.4362949352693288,0.81431544,0.9168119,0.737157525,0.74551665,0.7499985225
source_disjoint_mixed_v1,sdxmix_0073,0.9997217426408976,0.9996645054384804,0.08326127065310335,0.76702005,0.8339561,-0.7209966,0.3375211125,-0.11630895000000001
source_disjoint_mixed_v1,sdxmix_0074,0.3859221793996332,0.8811016368518035,0.014898303807281032,0.36092818,0.9458798,-0.749947575,0.56819955,0.40963920000000004
source_disjoint_mixed_v1,sdxmix_0075,0.9910287477448326,0.9994951775967311,0.9209355219766326,0.36581573,0.92589605,0.749999925,0.75,0.75
source_disjoint_mixed_v1,sdxmix_0076,0.975244998725717,0.9995749763583398,0.6038231780246125,0.45234632,0.9455637,0.7499988,0.7499923500000001,0.75
source_disjoint_mixed_v1,sdxmix_0077,0.9708498367573434,0.9714105242073422,0.8965571529422123,0.6297473,0.93831116,0.749997075,0.75,0.75
source_disjoint_mixed_v1,sdxmix_0078,0.9926051375975463,0.9997441596003127,0.9289026277869645,0.41745958,0.95738256,0.7499997,0.75,0.75
source_disjoint_mixed_v1,sdxmix_0079,0.9931131479979481,0.999214749472075,0.9451497934410256,0.63923365,0.9680532,0.74999985,0.7499994,0.75
source_disjoint_mixed_v1,sdxmix_0080,0.9912735534814159,0.9991761141468325,0.9291133271472345,0.6499683,0.8670932,0.74999955,0.7499166749999999,0.75
source_disjoint_mixed_v1,sdxmix_0081,0.9788097621292079,0.8084180809461254,0.9596039851280771,0.46166012,0.9492421,0.749998575,0.749999955,0.75
source_disjoint_mixed_v1,sdxmix_0082,0.9831945876481715,0.999639166729682,0.8805217388497895,0.7437869,0.94954747,0.7499964225,0.74990925,0.74999985
source_disjoint_mixed_v1,sdxmix_0083,0.95162614615305,0.8690794654413037,0.7091997285533684,0.79198503,0.80547714,0.71437605,0.73953915,0.7499913
source_disjoint_mixed_v1,sdxmix_0084,0.9803017069915353,0.8637597008899898,0.967565438739275,0.3071045,0.96635246,0.749999595,0.749999955,0.75
source_disjoint_mixed_v1,sdxmix_0085,0.8010355213373572,0.8932597999699554,0.3078653946933573,0.39558643,0.9425395,0.7499988,0.74986665,0.749999925
source_disjoint_mixed_v1,sdxmix_0086,0.9757339577581876,0.9997724822521812,0.7318762927133954,0.7500131,0.9187117,0.7499986125,0.75,0.75
source_disjoint_mixed_v1,sdxmix_0087,0.9728340471361213,0.905242996509881,0.9521068486667835,0.2782711,0.97021717,0.71786895,0.75,0.75
source_disjoint_mixed_v1,sdxmix_0088,0.9458578166102285,0.9992609588187897,0.6263695195311799,0.44070852,0.97558904,0.749999775,0.75,0.75
source_disjoint_mixed_v1,sdxmix_0089,0.999911595904983,0.9996499298794835,0.9602262935021104,0.7893919,0.93317574,0.64388625,0.74998365,0.74999985
source_disjoint_mixed_v1,sdxmix_0090,0.9519032674125402,0.9206962272912573,0.9121623179862305,0.26668894,0.94473594,0.4384968,0.7498425975,0.74989785
source_disjoint_mixed_v1,sdxmix_0091,0.9535398882731998,0.46028127150524745,0.9498764735767219,0.43245825,0.95143735,0.75,0.75,0.75
source_disjoint_mixed_v1,sdxmix_0092,0.9999750539728611,0.9999487273417602,0.9382696466401234,0.8164794,0.8737174,0.7493719125,0.7499996250000001,0.75
source_disjoint_mixed_v1,sdxmix_0093,0.9636645699100651,0.9269319916037223,0.8892772362952884,0.14778233,0.9647695,0.728623425,0.75,0.7499997
source_disjoint_mixed_v1,sdxmix_0094,0.9997276131949276,0.9996887737673482,0.5952288104241126,0.8402972,0.9153101,0.749999025,0.745429725,0.749999955
source_disjoint_mixed_v1,sdxmix_0095,0.912187124011771,0.9969440875267822,0.4056278173742186,0.647579,0.96413714,0.7499455500000001,0.7488121799999999,0.74999985
source_disjoint_mixed_v1,sdxmix_0096,0.9852988977609376,0.9916864888212766,0.9442914914265015,0.09190197,0.9529999,0.7499987475000001,0.75,0.75
source_disjoint_mixed_v1,sdxmix_0097,0.9913757804713326,0.9992645559668918,0.9227762678126925,0.61505795,0.9518814,0.7497777375000001,0.749999505,0.75
source_disjoint_mixed_v1,sdxmix_0098,0.968927732506649,0.9999126356050105,0.4654735918818967,0.7560516,0.92494035,0.7228192125,0.7476980249999999,0.7499848499999999
source_disjoint_mixed_v1,sdxmix_0099,0.9911308932926185,0.9986383161053857,0.9471012632370244,0.43632764,0.9277383,0.75,0.7499733,0.75
source_disjoint_mixed_v1,sdxmix_0100,0.7259164742991973,0.5380066812026069,0.08937469146882861,0.7232538,0.9005938,0.749970405,-0.7468817249999999,0.74763015
source_disjoint_mixed_v1,sdxmix_0101,0.8244002169115455,0.029191457625283898,0.8546984736551339,0.77605355,0.79315436,-0.49172741249999996,0.720424755,0.123354045
source_disjoint_mixed_v1,sdxmix_0102,0.39170083257055494,0.02698398525933292,0.04356721920197254,0.7540304,0.8928849,-0.7493251125,-0.748226655,-0.7494043275
source_disjoint_mixed_v1,sdxmix_0103,0.651966894769259,0.5381599461452933,0.3266284430865522,0.70514727,0.8780579,0.5249613224999999,-0.744963975,-0.5984487
source_disjoint_mixed_v1,sdxmix_0104,0.9565225459279832,0.9602884380746854,0.0818861284121767,0.74633247,0.9099082,0.748776975,-0.740983755,0.7493829
source_disjoint_mixed_v1,sdxmix_0105,0.4473770550583771,0.26652011752793914,0.49726676270414627,0.7348686,0.89759934,-0.749838975,0.568950075,-0.5706060000000001
source_disjoint_mixed_v1,sdxmix_0106,0.20995832067055437,0.005748243200304462,0.1276630520698457,0.83643144,0.8799734,-0.7495212,-0.684427095,-0.6384766125
source_disjoint_mixed_v1,sdxmix_0107,0.9556065193628087,0.9391786955773769,0.24724032488449366,0.78939307,0.90965754,0.7491985125,-0.73995765,0.74892108
source_disjoint_mixed_v1,sdxmix_0108,0.9308445987648967,0.5500992684833902,0.8222298641769368,0.75160015,0.42549974,-0.749688375,0.49367542500000006,0.417066675
source_disjoint_mixed_v1,sdxmix_0109,0.4261109761596674,0.3771602720850883,0.09686881622224802,0.75215083,0.92294204,-0.7491532275,-0.7486579125,-0.743584605
source_disjoint_mixed_v1,sdxmix_0110,0.8751041878906921,0.7217212481085956,0.4921561632710774,0.6747749,0.870125,-0.210045675,-0.6181694249999999,-0.2738346525
source_disjoint_mixed_v1,sdxmix_0111,0.8535895613362235,0.8354207230663643,0.11002273562525532,0.82203,0.88423723,0.749977245,-0.7153506749999999,0.7489857
source_disjoint_mixed_v1,sdxmix_0112,0.9507125886933203,0.9090238832490198,0.5756126463596924,0.7631418,0.8822646,0.74780805,-0.000760371075,0.749244075
source_disjoint_mixed_v1,sdxmix_0113,0.18473720600317195,0.14607590430075332,0.12222363029543988,0.7287314,0.899606,-0.75,-0.6949108275,-0.7499785875
source_disjoint_mixed_v1,sdxmix_0114,0.26789126849300315,0.02656723646549724,0.09708483574728968,0.7528447,0.8598998,0.73928835,-0.7437108,0.1208386575
source_disjoint_mixed_v1,sdxmix_0115,0.8313444660713387,0.8386266561235455,0.12806658202719834,0.7363017,0.76585484,-0.0418400175,-0.7416217199999999,-0.625686525
source_disjoint_mixed_v1,sdxmix_0116,0.6056583705410207,0.6141775503738681,0.09750230653773,0.7910151,0.86749107,-0.736679775,-0.7297498125,-0.73880088
source_disjoint_mixed_v1,sdxmix_0117,0.598666019353164,0.12542056113204103,0.572302670339496,0.7471364,0.87565565,-0.0138741225,-0.39442518000000004,-0.37682985
source_disjoint_mixed_v1,sdxmix_0118,0.5485543758649553,0.6226757421087799,0.0890595235879933,0.8371719,0.8813057,-0.7499814,-0.60510855,-0.7492189874999999
source_disjoint_mixed_v1,sdxmix_0119,0.5229347096106781,0.13861619147544868,0.43877403009296273,0.6618746,0.4212934,0.73109715,0.6226727249999999,0.748670205
source_disjoint_mixed_v1,sdxmix_0120,0.7783226641116217,0.42015463778099404,0.5319485277464809,0.78488517,0.5828072,-0.7464782999999999,0.04948638749999999,-0.21633882
source_disjoint_mixed_v1,sdxmix_0121,0.9634144872075283,0.7771111924491494,0.46709955819652316,0.68530774,0.8751219,0.749690205,-0.7493506799999999,0.7461144749999999
source_disjoint_mixed_v1,sdxmix_0122,0.8960334545365152,0.09963760280908356,0.2226146615320482,0.6815567,0.7817026,0.7499506499999999,-0.7430943375000001,0.749335395
source_disjoint_mixed_v1,sdxmix_0123,0.8837771049084726,0.6981984127976663,0.0978719008933602,0.6140812,0.806848,0.749808,-0.513403425,0.7497507
source_disjoint_mixed_v1,sdxmix_0124,0.33125457000150504,0.3963096630511368,0.049275598933989584,0.7612492,0.9211095,-0.24445695,-0.7497239250000001,-0.639266655
source_disjoint_mixed_v1,sdxmix_0125,0.9843643078409229,0.5674345374497327,0.966440304974732,0.75384957,0.8006716,-0.7499721,0.7499751450000001,0.7387527375
source_disjoint_mixed_v1,sdxmix_0126,0.9881170348958098,0.8461742793647417,0.9641352039607636,0.76828843,0.8634064,-0.520062825,0.7499990625,0.749937075
source_disjoint_mixed_v1,sdxmix_0127,0.9877049200885248,0.8216869367762225,0.9543387340820065,0.7073595,0.7424815,-0.24837512250000002,0.6498465375,0.7499669999999999
source_disjoint_mixed_v1,sdxmix_0128,0.970616580436966,0.5173373075455616,0.9464169145527687,0.73354274,0.9048894,-0.749801925,0.7499966250000001,0.74193825
source_disjoint_mixed_v1,sdxmix_0129,0.9654800399751851,0.043521685164102486,0.960496719025149,0.78080195,0.83023006,0.732443325,0.748728855,0.749915175
source_disjoint_mixed_v1,sdxmix_0130,0.9571162554014253,0.9529829641027628,0.572436125559725,0.7149518,0.8590044,0.702624,0.27251415,0.746712195
source_disjoint_mixed_v1,sdxmix_0131,0.9297640866371919,0.017850341621686704,0.9232301274918309,0.8100684,0.88189906,-0.71153025,0.74997738,0.74985078
source_disjoint_mixed_v1,sdxmix_0132,0.974145855868189,0.267030691987597,0.9747019911390665,0.7969403,0.77192074,-0.696889725,0.74998155,0.7498440749999999
source_disjoint_mixed_v1,sdxmix_0133,0.9950882955165601,0.9365134774058431,0.9762573840102147,0.72301096,0.80490494,0.749999025,-0.2632912275,0.7499968275
source_disjoint_mixed_v1,sdxmix_0134,0.9553762161715285,0.6837769254117256,0.9377502206794188,0.7399682,0.80062926,0.741905175,0.6918813749999999,0.749676075
source_disjoint_mixed_v1,sdxmix_0135,0.9754360978807579,0.48945995780648205,0.96179781866998,0.8085988,0.79982543,-0.749997495,0.7337652,0.6162048450000001
source_disjoint_mixed_v1,sdxmix_0136,0.9845534404022876,0.8641741724287004,0.9764392920587363,0.71838236,0.7531102,0.7499863200000001,0.749987925,0.749999955
source_disjoint_mixed_v1,sdxmix_0137,0.9176942763315661,0.5298899051123576,0.7365940873450961,0.80641943,0.9128729,-0.74007663,0.592126725,0.66420132
source_disjoint_mixed_v1,sdxmix_0138,0.9809812479824224,0.7717269273004423,0.954694429556937,0.7320243,0.8453204,0.33464679,0.7499994750000001,0.749997495
source_disjoint_mixed_v1,sdxmix_0139,0.9271163781437498,0.8340342279886703,0.7218092307271716,0.7577283,0.8878805,0.7248942,0.12791822249999998,0.733545495
source_disjoint_mixed_v1,sdxmix_0140,0.9859492908536549,0.5479695475225937,0.9713205205769301,0.7491638,0.90582675,-0.741451275,0.75,0.749986125
source_disjoint_mixed_v1,sdxmix_0141,0.9698814200518862,0.8461858262827053,0.8837283589954124,0.7357113,0.8787328,0.41584875,0.7204484475,0.7390192124999999
source_disjoint_mixed_v1,sdxmix_0142,0.9706381962834236,0.7506963859753119,0.9262242828757141,0.7799935,0.7827316,0.38631329999999997,0.749873625,0.74991975
source_disjoint_mixed_v1,sdxmix_0143,0.975701581805357,0.584524602453089,0.9712422321969392,0.66047496,0.8506819,-0.44488155,0.748632255,0.74998815
source_disjoint_mixed_v1,sdxmix_0144,0.996639519452124,0.9491349785364263,0.9918454084705209,0.7227231,0.83904994,0.7479909375,0.69566805,0.749998575
source_disjoint_mixed_v1,sdxmix_0145,0.9761571582346481,0.694533428053897,0.9588544487074886,0.7535695,0.8466375,0.731678475,0.66281925,0.749853675
source_disjoint_mixed_v1,sdxmix_0146,0.9909787803358028,0.9699917405471356,0.9027285266678445,0.76760256,0.8433339,0.7439884125,0.073411485,0.74978547
source_disjoint_mixed_v1,sdxmix_0147,0.979145544013884,0.43386866212545044,0.9708052466613678,0.7363708,0.8297901,-0.749999955,0.749903775,0.71018235
source_disjoint_mixed_v1,sdxmix_0148,0.6450499637222008,0.35746904243486327,0.7510738146884738,0.7071483,0.85612684,-0.74982645,0.29629125,-0.440434275
source_disjoint_mixed_v1,sdxmix_0149,0.990411593942537,0.9679048527868304,0.9058574354533263,0.7643742,0.8418865,0.7447734,0.7499988375,0.74998635
source_disjoint_mixed_v1,sdxmix_0150,0.9022716361357938,0.9078635181746904,0.11675538962678483,0.7688214,0.8816101,-0.028136389499999997,-0.7383149250000001,-0.024748275
source_disjoint_mixed_v1,sdxmix_0151,0.7125391561601417,0.7913937747454682,0.1008369998404612,0.8254002,0.90550214,-0.746152905,-0.7228882725000001,-0.4551345
source_disjoint_mixed_v1,sdxmix_0152,0.9985298984248252,0.9973844505756493,0.5435435328624166,0.76730853,0.8591177,0.28269255000000004,-0.70566255,0.7495280249999999
source_disjoint_mixed_v1,sdxmix_0153,0.9996838332389667,0.9991367350159985,0.22383711733336395,0.7217355,0.9269228,-0.74950545,-0.60619488,0.7491509025
source_disjoint_mixed_v1,sdxmix_0154,0.9780461279725736,0.9683031641586943,0.11596827166264988,0.71038324,0.886473,0.74990355,-0.711935205,0.7499613300000001
source_disjoint_mixed_v1,sdxmix_0155,0.9590070521668469,0.9890511295048846,0.6115258528680954,0.5344058,0.88117945,0.74984085,-0.7498401,0.4054875
source_disjoint_mixed_v1,sdxmix_0156,0.9852595168976859,0.9859936539829965,0.3187559784536444,0.77473,0.8520039,0.35367342,-0.74925945,-0.04687069725
source_disjoint_mixed_v1,sdxmix_0157,0.8431835070903378,0.6664995796049851,0.3014908453145286,0.8200668,0.83532465,-0.7464058499999999,-0.48145784999999997,0.16044819
source_disjoint_mixed_v1,sdxmix_0158,0.9958348127472276,0.9876450688530423,0.6344923659564137,0.73968333,0.7884645,0.019219728749999998,-0.530408325,0.7490898375
source_disjoint_mixed_v1,sdxmix_0159,0.9797625264631719,0.9970206452092244,0.09328684041023456,0.51365936,0.908149,0.74994045,-0.6121667774999999,0.749995305
source_disjoint_mixed_v1,sdxmix_0160,0.9936856855384506,0.9966534891017588,0.05600032475848759,0.70611745,0.89307964,0.5188648499999999,-0.747719925,0.30428631
source_disjoint_mixed_v1,sdxmix_0161,0.8233191816914529,0.8678390160291162,0.029460376314337285,0.76203156,0.72488654,-0.222323565,-0.7301067299999999,-0.43932482249999993
source_disjoint_mixed_v1,sdxmix_0162,0.979410499450908,0.9716208567756347,0.372152862899814,0.76483786,0.8548977,0.7499955300000001,-0.7077172125,0.74999745
source_disjoint_mixed_v1,sdxmix_0163,0.9776818074332821,0.9713941929259798,0.06991137730680225,0.7044003,0.75906867,0.749500425,-0.7357322550000001,0.74983455
source_disjoint_mixed_v1,sdxmix_0164,0.9910954578275447,0.9781635040324962,0.8160051872987829,0.7490488,0.7565349,0.749998725,-0.041947935,0.7499978549999999
source_disjoint_mixed_v1,sdxmix_0165,0.9818914697679548,0.971690036494489,0.059336550457967215,0.67928445,0.80390364,0.749999775,-0.6894294000000001,0.74999655
source_disjoint_mixed_v1,sdxmix_0166,0.912577903695671,0.868499407065747,0.31449159124131837,0.7394893,0.92283714,-0.7090671749999999,-0.2174835,-0.22624271999999998
source_disjoint_mixed_v1,sdxmix_0167,0.9972243506914232,0.9972564864452915,0.09026195905154971,0.74352616,0.841597,0.74998305,-0.7487404799999999,0.74995977
source_disjoint_mixed_v1,sdxmix_0168,0.9134486440748736,0.8898523727737317,0.1250620527448684,0.6568505,0.84264225,-0.69579855,-0.7398407775,-0.6182340225
source_disjoint_mixed_v1,sdxmix_0169,0.9828911339721783,0.9715594283550663,0.4311649471616599,0.70118594,0.83782476,0.7498850699999999,-0.74820885,0.74968752
source_disjoint_mixed_v1,sdxmix_0170,0.9918202168640098,0.9912998423419801,0.1610942547522467,0.6724111,0.8780419,0.748867575,-0.71960775,0.7469781375
source_disjoint_mixed_v1,sdxmix_0171,0.9959394987541327,0.9952177613329979,0.04722555989010521,0.68972874,0.90891814,0.5446077,-0.7489035,0.685551795
source_disjoint_mixed_v1,sdxmix_0172,0.9607401152007499,0.6034861267273024,0.8068883269146107,0.72390807,0.78439206,-0.7178462624999999,-0.519556125,0.6930265725
source_disjoint_mixed_v1,sdxmix_0173,0.9494317760152036,0.9645072571301901,0.06180847533088883,0.638617,0.81507224,0.7486830375,-0.7432669875,0.749970045
source_disjoint_mixed_v1,sdxmix_0174,0.9967164901370231,0.9959370311572969,0.1338623811264275,0.62346303,0.5763911,0.749990175,-0.67200075,0.749967945
source_disjoint_mixed_v1,sdxmix_0175,0.9947625420814321,0.9716268373014081,0.9764993503005378,0.70317507,0.82379574,0.7493103,0.7476690749999999,0.749999925
source_disjoint_mixed_v1,sdxmix_0176,0.9996874735109624,0.9995379387598007,0.6376210141377341,0.6956004,0.6800544,0.749920275,-0.2977160775,0.74997315
source_disjoint_mixed_v1,sdxmix_0177,0.9702995841294904,0.9802297608096329,0.8444127228651636,0.71093565,0.833135,0.7485181275,0.38336370000000003,0.74999718
source_disjoint_mixed_v1,sdxmix_0178,0.9935928739551654,0.9966598440625069,0.9621860603733695,0.6573745,0.83966047,0.7499300250000001,0.749923125,0.749999955
source_disjoint_mixed_v1,sdxmix_0179,0.9977647071166261,0.9826356878844003,0.9935475696923911,0.71054375,0.813074,0.749996175,0.749988195,0.75
source_disjoint_mixed_v1,sdxmix_0180,0.9881623758179365,0.910608683908079,0.9367108593851123,0.81271106,0.8468626,0.0363354075,0.7028882249999999,0.7499169375
source_disjoint_mixed_v1,sdxmix_0181,0.9994063229820632,0.9984523013370873,0.8808584724846306,0.79645354,0.9129912,0.703189875,0.48409728750000003,0.7499041125
source_disjoint_mixed_v1,sdxmix_0182,0.9994120805688468,0.9990956974965619,0.7912587135888284,0.66419494,0.73799235,0.74494287,-0.48443519999999995,0.7487922
source_disjoint_mixed_v1,sdxmix_0183,0.9937442158846813,0.9692929299559604,0.970596558818174,0.76912254,0.8183608,0.6932282249999999,0.6422263500000001,0.74998677
source_disjoint_mixed_v1,sdxmix_0184,0.9940736193579384,0.9714502702427772,0.9724227674478384,0.7667676,0.78101623,0.745398075,0.74999808,0.75
source_disjoint_mixed_v1,sdxmix_0185,0.9974819306822797,0.9877432237624841,0.9754088933000634,0.68988997,0.83988696,0.749948475,0.727921395,0.75
source_disjoint_mixed_v1,sdxmix_0186,0.9999470858581301,0.9998151697811449,0.9587124864798958,0.772585,0.8911059,0.6871287525,0.744659175,0.74999763
source_disjoint_mixed_v1,sdxmix_0187,0.9873949678864176,0.9633288167078993,0.9637548205546991,0.70364296,0.89247984,0.42459918750000003,0.73419375,0.749996025
source_disjoint_mixed_v1,sdxmix_0188,0.9900444614525419,0.8475030174316148,0.968493340070644,0.760986,0.9100875,-0.737548695,0.7498704,0.749978175
source_disjoint_mixed_v1,sdxmix_0189,0.9841374318579167,0.9638782506195045,0.8562987141558474,0.7820605,0.8397592,0.6941205975,-0.12477464999999999,0.7494255750000001
source_disjoint_mixed_v1,sdxmix_0190,0.9928843374040668,0.9706520589791193,0.9447035602731422,0.7164351,0.7912339,0.7499994,-0.0941426625,0.7499997
source_disjoint_mixed_v1,sdxmix_0191,0.9998599009767727,0.9996711890301341,0.91106524646344,0.7214328,0.8465925,0.749963295,0.440171925,0.7499991525
source_disjoint_mixed_v1,sdxmix_0192,0.9986993769052689,0.9930072213715497,0.9636213823001066,0.7783356,0.8749346,0.7499327250000001,0.74999982,0.75
source_disjoint_mixed_v1,sdxmix_0193,0.9974210053012579,0.9886381061035866,0.84730321699338,0.6859355,0.87570137,-0.094855215,0.5634307275,0.72617205
source_disjoint_mixed_v1,sdxmix_0194,0.9999530094910145,0.9998621125233632,0.9515736023364653,0.69018555,0.8928561,0.749724825,0.3488597475,0.7499769749999999
source_disjoint_mixed_v1,sdxmix_0195,0.9984348558111836,0.9917799497465482,0.9679583866767787,0.7640458,0.86551005,0.733587075,0.749982825,0.749999775
source_disjoint_mixed_v1,sdxmix_0196,0.9947270954106462,0.9737235597159917,0.9717086650299884,0.78172344,0.79405874,0.7499333025,0.735072825,0.749999925
source_disjoint_mixed_v1,sdxmix_0197,0.9950730667157016,0.9733814720691929,0.9757449087374223,0.8131209,0.81273943,0.72854385,0.7499805,0.749999925
source_disjoint_mixed_v1,sdxmix_0198,0.9981727748365472,0.9872481203930641,0.9927599865417774,0.73294216,0.8121087,0.7499896500000001,0.695559,0.749999955
source_disjoint_mixed_v1,sdxmix_0199,0.9997684856258223,0.9996344559445438,0.6730236899752722,0.77295494,0.9300911,0.4835947725,0.6609642,0.749990325
source_disjoint_mixed_equal_v1,sdxeq_0000,0.43927657441176526,0.024918270649381777,0.10434260400517767,0.63070554,0.95635134,0.74488668,-0.667177125,0.637602
source_disjoint_mixed_equal_v1,sdxeq_0001,0.28135197951701285,0.0017927363781957049,0.23658884739921776,0.52306116,0.94010365,0.749955075,0.7497735750000001,0.74999982
source_disjoint_mixed_equal_v1,sdxeq_0002,0.4567773761918084,0.002276479157517579,0.4319464476930729,0.91953176,0.95614594,0.732531975,0.7499997,0.749934225
source_disjoint_mixed_equal_v1,sdxeq_0003,0.681686823004297,0.000810307218412323,0.6293610633686655,0.8090065,0.9520769,0.729221025,0.371134275,0.748953225
source_disjoint_mixed_equal_v1,sdxeq_0004,0.07717848542768375,0.0023269609303298937,0.006923869145412312,0.5084768,0.9324059,0.554911275,0.7499049,0.746954355
source_disjoint_mixed_equal_v1,sdxeq_0005,0.07806418478966892,0.00041271534925972403,0.018413887671167663,0.7805784,0.90396225,-0.7465345875,0.5879656950000001,0.026050575
source_disjoint_mixed_equal_v1,sdxeq_0006,0.33200286636918086,0.08267978079312334,0.14349895374867258,0.64477986,0.9063109,0.6964231875,0.7374660749999999,0.7384427250000001
source_disjoint_mixed_equal_v1,sdxeq_0007,0.6094552221367924,0.003300289085306292,0.48568099817850824,0.6859174,0.85968846,0.554163675,0.559998675,0.56320185
source_disjoint_mixed_equal_v1,sdxeq_0008,0.015201946409559701,0.01427504481757646,0.0012949342898636404,0.8958375,0.9606221,0.67049307,-0.273427095,0.32279328
source_disjoint_mixed_equal_v1,sdxeq_0009,0.7011327810396225,0.7040701656435201,0.1228474300561464,0.7576041,0.9136273,0.748207575,-0.704510025,0.16239582000000002
source_disjoint_mixed_equal_v1,sdxeq_0010,0.40067750075203473,0.005717846741905321,0.2523054972305688,0.74973285,0.89086175,0.720922305,-0.09432863250000001,0.44860500000000003
source_disjoint_mixed_equal_v1,sdxeq_0011,0.2909940026432465,0.00018618052328179342,0.31806728196156614,0.8611044,0.9353281,-0.43540245,0.6954820875,-0.1460477775
source_disjoint_mixed_equal_v1,sdxeq_0012,0.3419540393599685,0.10028275699429823,0.08954231477182331,0.4122076,0.9466931,0.700486155,0.7498764,0.74963175
source_disjoint_mixed_equal_v1,sdxeq_0013,0.5815902560057462,0.00040382189260736417,0.9447534344874733,0.7167053,0.4169514,-0.7499713875,0.7497561450000001,-0.10666743000000001
source_disjoint_mixed_equal_v1,sdxeq_0014,0.4995829918437938,0.0071291314468196545,0.43202105939979873,0.8273093,0.8876135,0.748324245,0.6931311,0.7492878749999999
source_disjoint_mixed_equal_v1,sdxeq_0015,0.6269666033569831,0.16784449030200854,0.5067604629424374,0.3773654,0.93907136,-0.30415816500000004,0.75,0.7499487
source_disjoint_mixed_equal_v1,sdxeq_0016,0.5642073397634679,0.012889785490316226,0.36379824614539213,0.8172462,0.87232286,0.749999955,0.6655147499999999,0.74999715
source_disjoint_mixed_equal_v1,sdxeq_0017,0.03272528636184679,0.043983018721186116,0.0026255609036754768,0.63116896,0.90282494,0.6984141,0.749999955,0.7499994750000001
source_disjoint_mixed_equal_v1,sdxeq_0018,0.034415580914959866,0.00960100985564714,0.002611511247526461,0.79895675,0.9109665,-0.6038902875000001,-0.2252388,-0.69289407
source_disjoint_mixed_equal_v1,sdxeq_0019,0.03432338219660176,0.00434635749067585,0.005818655120249358,0.87073666,0.90657157,0.26669085000000003,-0.5845231275,-0.4422199125
source_disjoint_mixed_equal_v1,sdxeq_0020,0.8294939371563679,0.8661296965289581,0.22019847351225436,0.80935305,0.4216154,0.47606332500000004,0.7497958874999999,0.680748375
source_disjoint_mixed_equal_v1,sdxeq_0021,0.4239386736804118,0.7383258058091886,0.021103183773250767,0.38772804,0.9452789,-0.486177225,0.745627275,0.7332640500000001
source_disjoint_mixed_equal_v1,sdxeq_0022,0.07066469376249362,0.015050475440550225,0.012024972003499114,0.65919256,0.9373784,0.7499997,0.15614883000000002,0.749998305
source_disjoint_mixed_equal_v1,sdxeq_0023,0.26837418381506023,0.0023578947734026055,0.1092331906290804,0.7152489,0.9158421,0.40141962749999993,0.6979047,0.69205005
source_disjoint_mixed_equal_v1,sdxeq_0024,0.3767079281909972,0.0017098849730963041,0.42229742915341656,0.615459,0.6247567,0.7499997,0.49333450500000003,0.749978925
source_disjoint_mixed_equal_v1,sdxeq_0025,0.9274479484634147,0.6486325969097085,0.8808076265348652,0.5524252,0.92724895,0.37851167999999996,0.749999955,0.74995545
source_disjoint_mixed_equal_v1,sdxeq_0026,0.9301132337434868,0.0023518168063573494,0.9246725995216645,0.7864357,0.91473466,-0.4058853,0.75,0.749999775
source_disjoint_mixed_equal_v1,sdxeq_0027,0.3962500878515571,0.008597685987899327,0.48181996627153734,0.82865,0.92129546,0.7499943225000001,0.75,0.75
source_disjoint_mixed_equal_v1,sdxeq_0028,0.9567725123237903,0.005376938672062526,0.9626140481110491,0.62567645,0.936566,0.14864526,0.75,0.749999955
source_disjoint_mixed_equal_v1,sdxeq_0029,0.9457956217920297,0.0055097684617370106,0.9558265298899794,0.7761712,0.92833513,0.74885955,0.75,0.75
source_disjoint_mixed_equal_v1,sdxeq_0030,0.9373927108227961,0.002389937498719928,0.9423809905443601,0.8480045,0.9105989,0.74999133,0.7498991475,0.749999955
source_disjoint_mixed_equal_v1,sdxeq_0031,0.8709556406823035,0.9597210058492873,0.7326785003105262,0.31659135,0.9484084,-0.085465455,0.75,0.75
source_disjoint_mixed_equal_v1,sdxeq_0032,0.9435577516122808,0.14648899908232033,0.9505733382949018,0.4612487,0.9338643,0.7167713625000001,0.75,0.75
source_disjoint_mixed_equal_v1,sdxeq_0033,0.927653414456667,0.003514822224606957,0.8940117978719279,0.8166931,0.9169122,0.7499384250000001,0.75,0.75
source_disjoint_mixed_equal_v1,sdxeq_0034,0.9539838636426337,0.04409946163591051,0.960759650426009,0.63853574,0.947856,-0.74545215,0.75,0.75
source_disjoint_mixed_equal_v1,sdxeq_0035,0.9234737094703602,0.009619541236141818,0.9264892942554629,0.4496761,0.885569,0.7427874,0.75,0.75
source_disjoint_mixed_equal_v1,sdxeq_0036,0.6571204179210037,0.013574790400450664,0.5779235990349916,0.7206473,0.9565019,0.7493110725000001,0.75,0.75
source_disjoint_mixed_equal_v1,sdxeq_0037,0.8847018292213218,0.1717854977621955,0.8815497616790908,0.5732198,0.8727747,0.74994735,0.75,0.75
source_disjoint_mixed_equal_v1,sdxeq_0038,0.9529249720289614,0.03382898877678878,0.9589768870443077,0.65818405,0.9270599,0.7492796475,0.75,0.75
source_disjoint_mixed_equal_v1,sdxeq_0039,0.8888077548836061,0.00796115287324036,0.8448426527586909,0.80918384,0.953734,0.74995977,0.438423,0.749962005
source_disjoint_mixed_equal_v1,sdxeq_0040,0.9324987462717572,0.01821700898705055,0.9444841207397419,0.35086042,0.91748154,0.7498749,0.75,0.75
source_disjoint_mixed_equal_v1,sdxeq_0041,0.5179546557981513,0.33753294942356216,0.09012746382235119,0.8222463,0.9021375,0.749997,0.74999985,0.75
source_disjoint_mixed_equal_v1,sdxeq_0042,0.8732792271791355,0.0014301955062730964,0.880795528544354,0.7010535,0.8097928,0.7484379225,0.749999925,0.749998725
source_disjoint_mixed_equal_v1,sdxeq_0043,0.9482653959205622,0.009958275263268828,0.9543298500952643,0.41270354,0.96330905,0.74738172,0.75,0.75
source_disjoint_mixed_equal_v1,sdxeq_0044,0.9060173992578213,0.009931924537178128,0.9164772608710998,0.68988085,0.9078303,0.75,0.75,0.75
source_disjoint_mixed_equal_v1,sdxeq_0045,0.5324916641616233,0.0015848068852550978,0.550850895543182,0.7958854,0.8975012,0.74981502,0.75,0.75
source_disjoint_mixed_equal_v1,sdxeq_0046,0.9770450043448478,0.8932610419636586,0.9623531530896936,0.37214854,0.9149961,0.749992845,0.75,0.75
source_disjoint_mixed_equal_v1,sdxeq_0047,0.928784405487552,0.01127519982570902,0.9464174091597322,0.63041216,0.93197507,0.7318047000000001,0.75,0.75
source_disjoint_mixed_equal_v1,sdxeq_0048,0.7736614426858618,0.008110884338084538,0.9465541157186993,0.76265234,0.8352315,0.749882205,0.7456254525,0.7499334375
source_disjoint_mixed_equal_v1,sdxeq_0049,0.946328650878688,0.22601741052146204,0.9525084846552867,0.31598115,0.93587375,0.702995325,0.75,0.75
source_disjoint_mixed_equal_v1,sdxeq_0050,0.5014368273246032,0.008341189676435944,0.25246250773521717,0.2589912,0.5397346,-0.235292475,0.7498684499999999,0.651347025
source_disjoint_mixed_equal_v1,sdxeq_0051,0.5781526704991344,0.98922922332489,0.013691423953771306,0.6947317,0.96290714,-0.689269605,-0.53091195,-0.2296616625
source_disjoint_mixed_equal_v1,sdxeq_0052,0.9987358035049777,0.9969151168154472,0.36183055753995996,0.878728,0.62269765,-0.74112015,0.39312730500000004,0.71250495
source_disjoint_mixed_equal_v1,sdxeq_0053,0.8663667406863779,0.9378399660262702,0.049501498086680994,0.432018,0.8135681,0.749999505,-0.5289231000000001,0.7498449
source_disjoint_mixed_equal_v1,sdxeq_0054,0.2276139850734897,0.25258633509870093,0.11167419239992951,0.91446424,0.44739315,0.7483771499999999,-0.6628881,0.1898142975
source_disjoint_mixed_equal_v1,sdxeq_0055,0.9186215065443635,0.999430684155101,0.03158449594237656,0.5701918,0.9547116,-0.6689937975,0.7303168800000001,0.745362675
source_disjoint_mixed_equal_v1,sdxeq_0056,0.022620918290127873,0.004311396025478939,0.12011464487630148,0.88677055,0.45979246,0.7441530525,-0.0373226625,0.725569125
source_disjoint_mixed_equal_v1,sdxeq_0057,0.7874995799045951,0.9996956909480723,0.0008859021633785976,0.6209878,0.8824686,-0.733464225,0.23972592,-0.40807556999999994
source_disjoint_mixed_equal_v1,sdxeq_0058,0.9989898736366298,0.9986643413663846,0.2516403007685363,0.7461577,0.9224489,-0.749878575,0.74996475,0.465957555
source_disjoint_mixed_equal_v1,sdxeq_0059,0.8177572449132213,0.9934512459786639,0.051653519143035856,0.422768,0.8981681,0.113047485,0.7075025025,0.735666825
source_disjoint_mixed_equal_v1,sdxeq_0060,0.9996553586377457,0.999414367708908,0.36674243100929677,0.83706045,0.90232986,0.74999985,-0.7499722875,0.7411570275
source_disjoint_mixed_equal_v1,sdxeq_0061,0.9994556909982435,0.9995233666863299,0.03081589496563894,0.83911,0.95853037,-0.7498702500000001,0.6685274999999999,-0.2608433775
source_disjoint_mixed_equal_v1,sdxeq_0062,0.6193599143737857,0.9993418385430052,0.0009888881474067119,0.18255284,0.83478844,-0.7142595,-0.6174438,-0.728754675
source_disjoint_mixed_equal_v1,sdxeq_0063,0.9987115450238203,0.9992756421060656,0.15775366934143542,0.73516214,0.42922443,0.749579205,0.7481723250000001,0.7498478775
source_disjoint_mixed_equal_v1,sdxeq_0064,0.998984328442587,0.999622830686263,0.030090144716172922,0.7683127,0.9061735,-0.74476965,-0.671202555,0.471380355
source_disjoint_mixed_equal_v1,sdxeq_0065,0.3087263914574489,0.999225994905569,0.002749922819950598,0.4091212,0.9193955,-0.749414295,0.417616125,-0.7208104125
source_disjoint_mixed_equal_v1,sdxeq_0066,0.8030051940362373,0.9987739356668498,0.0060500009159772826,0.7315259,0.9491097,-0.7471352250000001,0.7081980375,0.5266851300000001
source_disjoint_mixed_equal_v1,sdxeq_0067,0.9995569235370587,0.9996136164076507,0.10513059813547179,0.81929034,0.87376446,-0.7497463950000001,0.338010885,-0.7170236999999999
source_disjoint_mixed_equal_v1,sdxeq_0068,0.6526066945823173,0.9992487227653017,0.004707152132769652,0.35660762,0.92467,-0.5804316375,-0.6919812,-0.7450553475
source_disjoint_mixed_equal_v1,sdxeq_0069,0.9997199510239944,0.999625851058907,0.6007238827446121,0.75619036,0.86982507,0.3200646,0.5046013875,0.7495626750000001
source_disjoint_mixed_equal_v1,sdxeq_0070,0.9999678075872884,0.9999720193258214,0.021079511425414196,0.7959463,0.89771795,0.748830825,0.7467,0.74999085
source_disjoint_mixed_equal_v1,sdxeq_0071,0.8860177946524389,0.5878473885287535,0.9358950836004406,0.55423826,0.5185557,-0.635215125,0.5736525,-0.25573313999999997
source_disjoint_mixed_equal_v1,sdxeq_0072,0.9887427604119448,0.9887900076350095,0.12503307430895028,0.8289188,0.88349736,0.59334138,0.468064425,0.74990907
source_disjoint_mixed_equal_v1,sdxeq_0073,0.7828422279851587,0.7195475914843991,0.12578121836804287,0.9080495,0.44149527,-0.35428740000000003,-0.256290165,-0.23920648500000002
source_disjoint_mixed_equal_v1,sdxeq_0074,0.35600666307719353,0.9983347446744695,0.004066842220802575,0.42541224,0.8607622,-0.6956082,0.33170943750000004,-0.582934005
source_disjoint_mixed_equal_v1,sdxeq_0075,0.9810810145268358,0.8639911951677471,0.9711678843664093,0.37609118,0.9541538,-0.59965977,0.75,0.75
source_disjoint_mixed_equal_v1,sdxeq_0076,0.9515625794174741,0.9360751557576709,0.8534865906556192,0.61051124,0.95255697,0.5026957274999999,0.75,0.74999985
source_disjoint_mixed_equal_v1,sdxeq_0077,0.999632327650757,0.99938172656407,0.48401607697516175,0.78199536,0.8916087,0.034540957500000004,0.75,0.75
source_disjoint_mixed_equal_v1,sdxeq_0078,0.9048631737474437,0.9859538298138825,0.7981710771407783,0.6047718,0.8975471,0.749989575,0.75,0.75
source_disjoint_mixed_equal_v1,sdxeq_0079,0.965334021241445,0.9989345682664131,0.8069195883442193,0.6271355,0.9643582,0.7470518475,0.75,0.75
source_disjoint_mixed_equal_v1,sdxeq_0080,0.9855420789840629,0.9903084888507082,0.9529931837293865,0.53844464,0.92704993,0.13315576499999998,0.75,0.74999985
source_disjoint_mixed_equal_v1,sdxeq_0081,0.9849604086938515,0.9987606600608852,0.8904057658922151,0.49824688,0.9656556,0.7498867499999999,0.75,0.75
source_disjoint_mixed_equal_v1,sdxeq_0082,0.9701116549287365,0.992374488122824,0.741190766665731,0.50418395,0.9352121,0.719254575,0.74999508,0.749999925
source_disjoint_mixed_equal_v1,sdxeq_0083,0.9938584707702461,0.9902310666707702,0.42233003198004326,0.78859484,0.94723326,0.622793925,0.7499991525,0.7499993775
source_disjoint_mixed_equal_v1,sdxeq_0084,0.9868540834169095,0.9988629965461776,0.8921158784060157,0.5605765,0.93485844,0.7481765025,0.749998305,0.7499992875
source_disjoint_mixed_equal_v1,sdxeq_0085,0.9762408055578963,0.9995757565200916,0.8043002666384692,0.5461013,0.92900276,0.09518270999999999,0.75,0.75
source_disjoint_mixed_equal_v1,sdxeq_0086,0.9969805350953026,0.9355154617474055,0.9798604283574485,0.8305926,0.9432733,0.71396775,0.75,0.75
source_disjoint_mixed_equal_v1,sdxeq_0087,0.7300247069219493,0.07971250586023876,0.7564159616226924,0.7245416,0.96561426,-0.1349769975,0.75,0.7499990999999999
source_disjoint_mixed_equal_v1,sdxeq_0088,0.9741254349453147,0.994691379578358,0.8583425819928845,0.5370974,0.95143473,-0.65633235,0.749998425,0.749994075
source_disjoint_mixed_equal_v1,sdxeq_0089,0.9999001338016383,0.9994541586553956,0.8606613518744263,0.7710292,0.933163,-0.748862295,0.7326836250000001,0.749110755
source_disjoint_mixed_equal_v1,sdxeq_0090,0.9682288870364876,0.9657484478807984,0.8707302142252875,0.51621586,0.9304125,0.74987733,0.75,0.75
source_disjoint_mixed_equal_v1,sdxeq_0091,0.9480246797578867,0.998150175344874,0.7026939258657952,0.6055121,0.93157226,0.7498637025,0.75,0.75
source_disjoint_mixed_equal_v1,sdxeq_0092,0.9978605369341094,0.9964148012404808,0.7088761913657385,0.84957635,0.93635845,0.749926425,0.75,0.75
source_disjoint_mixed_equal_v1,sdxeq_0093,0.9895605665707711,0.9964993334523543,0.9510603444115173,0.50221354,0.9506801,0.6624561,0.75,0.75
source_disjoint_mixed_equal_v1,sdxeq_0094,0.9645124741704966,0.9967692467308192,0.8460230145694575,0.49463978,0.94020295,0.725437575,0.75,0.75
source_disjoint_mixed_equal_v1,sdxeq_0095,0.9729251806019991,0.8534443739147232,0.8716055587510141,0.7583162,0.89704216,0.7083007275,0.75,0.75
source_disjoint_mixed_equal_v1,sdxeq_0096,0.9826325858492573,0.9849208569396062,0.946158395676299,0.26666647,0.93402404,0.29504445,0.75,0.75
source_disjoint_mixed_equal_v1,sdxeq_0097,0.9931576429856918,0.9886271796219169,0.5409098049040373,0.7990264,0.9314647,0.74999973,0.74880315,0.74999982
source_disjoint_mixed_equal_v1,sdxeq_0098,0.9733396788538834,0.9307578248709621,0.16713569011092697,0.8824052,0.9097999,-0.48945577500000004,0.75,0.74999982
source_disjoint_mixed_equal_v1,sdxeq_0099,0.9802372279722168,0.9498413634198346,0.9604413759989083,0.3344298,0.9113789,0.7487715450000001,0.75,0.75
source_disjoint_mixed_equal_v1,sdxeq_0100,0.7718704021780447,0.2957609599881205,0.5583863848669787,0.6945662,0.90071845,-0.7499969625,0.500493375,0.1305394275
source_disjoint_mixed_equal_v1,sdxeq_0101,0.8400400336720416,0.9038568628645505,0.09298117439134855,0.72259325,0.77575684,0.47886652500000004,-0.73302495,-0.212886435
source_disjoint_mixed_equal_v1,sdxeq_0102,0.8309050307025949,0.14241100485323144,0.7299256398787676,0.6818407,0.78440094,0.6568568475000001,-0.510203895,0.422756475
source_disjoint_mixed_equal_v1,sdxeq_0103,0.7386173854922281,0.5832249741443483,0.12637999489937435,0.7246569,0.5299224,0.748911675,-0.6799632,0.7452867000000001
source_disjoint_mixed_equal_v1,sdxeq_0104,0.9890749477283436,0.955426382468785,0.7690854039719878,0.73052025,0.8499856,0.749964,-0.536747325,0.7498221225
source_disjoint_mixed_equal_v1,sdxeq_0105,0.6866834866475979,0.7066163978749829,0.08675669563063455,0.6948589,0.838033,-0.7498694625,-0.74052765,-0.7496941500000001
source_disjoint_mixed_equal_v1,sdxeq_0106,0.8380273208531875,0.12144363964723487,0.3001780596217758,0.7184334,0.83237195,0.7496265449999999,-0.724588875,0.74592318
source_disjoint_mixed_equal_v1,sdxeq_0107,0.5500480564692362,0.5594030223017253,0.049692353165335365,0.8087095,0.89969146,-0.7499850225,-0.7344479700000001,-0.748150875
source_disjoint_mixed_equal_v1,sdxeq_0108,0.4650335952848025,0.580255690320729,0.060956415088896376,0.77309513,0.7899827,-0.7499922,-0.7318554375,-0.749606655
source_disjoint_mixed_equal_v1,sdxeq_0109,0.1686097467745799,0.08346055915921752,0.08608856124305873,0.76395524,0.9487634,-0.7499893125,-0.33441903,-0.73713885
source_disjoint_mixed_equal_v1,sdxeq_0110,0.6457601422453433,0.051640215258298636,0.7436418769783639,0.68778723,0.4063367,-0.4816936275,0.64532985,0.7041759750000001
source_disjoint_mixed_equal_v1,sdxeq_0111,0.6747071411291555,0.05851378431075352,0.663434128138197,0.67499864,0.79129136,-0.71968185,0.47993597250000003,0.454058625
source_disjoint_mixed_equal_v1,sdxeq_0112,0.511259467967913,0.5052349240179002,0.19918063879307932,0.70413685,0.91647565,-0.74992755,-0.16227214499999998,-0.34722861
source_disjoint_mixed_equal_v1,sdxeq_0113,0.19906931844923278,0.0747021590760621,0.03412753785522262,0.7982181,0.9160055,0.7481242875,-0.7248626250000001,0.524336625
source_disjoint_mixed_equal_v1,sdxeq_0114,0.761556565551829,0.5798870678494704,0.31117794486151057,0.7278558,0.91272765,0.72110325,-0.5303841,0.32121815249999996
source_disjoint_mixed_equal_v1,sdxeq_0115,0.9778869066285224,0.9563155704784052,0.5992175307521093,0.6634261,0.87683934,0.74909793,-0.744557175,0.74524212
source_disjoint_mixed_equal_v1,sdxeq_0116,0.9246797309250656,0.9275371613747497,0.23487382560376394,0.7201567,0.8421352,0.7305411749999999,-0.712524525,0.710417325
source_disjoint_mixed_equal_v1,sdxeq_0117,0.9791165514045906,0.9448489499547087,0.70828359522276,0.75647575,0.8267702,0.7494255750000001,-0.264956025,0.7495394625
source_disjoint_mixed_equal_v1,sdxeq_0118,0.8776198259238526,0.7947849323128514,0.3196069283872215,0.70888215,0.78756815,0.238578075,-0.5767690799999999,-0.2579034
source_disjoint_mixed_equal_v1,sdxeq_0119,0.41564530031268637,0.06404990980467584,0.06970872826413196,0.7697823,0.81503236,-0.64687155,-0.7436757975,-0.541089045
source_disjoint_mixed_equal_v1,sdxeq_0120,0.4811750615693231,0.256798800043263,0.3722204740447008,0.72883475,0.83642465,0.029658213,-0.655169325,-0.30199047
source_disjoint_mixed_equal_v1,sdxeq_0121,0.3340380803137966,0.29243741078442076,0.127554988549328,0.7821442,0.8754873,-0.7498813125,-0.6741201,-0.731963775
source_disjoint_mixed_equal_v1,sdxeq_0122,0.775250643365106,0.580138231838709,0.22999354357095203,0.65702814,0.54435015,0.746988375,-0.6659757374999999,0.740915925
source_disjoint_mixed_equal_v1,sdxeq_0123,0.6225736547961127,0.4845493354655773,0.2074572996051382,0.66531205,0.74717176,-0.7386636,-0.7489582724999999,-0.7326119249999999
source_disjoint_mixed_equal_v1,sdxeq_0124,0.8886818546074163,0.5240180144627722,0.7002783840514988,0.75248945,0.86225843,-0.1036678575,-0.463186275,0.3907041975
source_disjoint_mixed_equal_v1,sdxeq_0125,0.9700685910871756,0.0018691823778679124,0.9744450678311979,0.7694621,0.88276094,-0.749742,0.7492724475,0.7364396249999999
source_disjoint_mixed_equal_v1,sdxeq_0126,0.9737978745935815,0.4333478941633936,0.9700540789803103,0.7200944,0.79061806,-0.749691375,0.7487730225,0.688436475
source_disjoint_mixed_equal_v1,sdxeq_0127,0.9691657613615419,0.02521537934858732,0.974220295771142,0.7749418,0.84769547,-0.7499945025,0.75,0.7481335874999999
source_disjoint_mixed_equal_v1,sdxeq_0128,0.969221269627158,0.037224586487220955,0.9705651741162874,0.6691147,0.7997563,0.0628135125,0.75,0.7499979
source_disjoint_mixed_equal_v1,sdxeq_0129,0.9721608543807634,0.1333554351959454,0.9745722445342044,0.76240575,0.8443361,-0.73625757,0.7454493,0.728412375
source_disjoint_mixed_equal_v1,sdxeq_0130,0.951159858842381,0.6301970955072546,0.8890393334470584,0.811934,0.86883634,-0.74999955,0.7348372950000001,0.689623725
source_disjoint_mixed_equal_v1,sdxeq_0131,0.976314739042734,0.6841762322948041,0.958213183841018,0.7483959,0.82544994,0.1865019525,0.7492275225,0.74992695
source_disjoint_mixed_equal_v1,sdxeq_0132,0.9885821037914441,0.9078903278974888,0.9582004831131605,0.7113409,0.85073215,0.729838575,0.749999595,0.7499997
source_disjoint_mixed_equal_v1,sdxeq_0133,0.9918697142305878,0.9622520625122898,0.9695802721425367,0.6783343,0.8327494,0.70732665,0.749999955,0.749999175
source_disjoint_mixed_equal_v1,sdxeq_0134,0.9692732921497507,0.7046327073051278,0.9377863420341278,0.8160685,0.8486256,-0.62709282,0.742035225,0.7492931475
source_disjoint_mixed_equal_v1,sdxeq_0135,0.9504112675973598,0.3142911044859133,0.9178663505697168,0.7068801,0.8627021,-0.749344725,0.02095103325,0.5716647525
source_disjoint_mixed_equal_v1,sdxeq_0136,0.9831857128980187,0.9415114111124395,0.9071684887065932,0.6991312,0.80274624,0.749723625,0.21791196000000002,0.7499808
source_disjoint_mixed_equal_v1,sdxeq_0137,0.967400897988308,0.6268230099759067,0.9349024214116888,0.7417261,0.89455307,-0.74653815,0.749999325,0.74674098
source_disjoint_mixed_equal_v1,sdxeq_0138,0.9734034014811371,0.6206594475428634,0.9330182312872088,0.70843744,0.80862963,-0.7490628374999999,0.28266558,0.4624779225
source_disjoint_mixed_equal_v1,sdxeq_0139,0.950555938595791,0.6014714375735515,0.8798437443395153,0.72789794,0.7685061,-0.749970405,0.749998275,0.7489743
source_disjoint_mixed_equal_v1,sdxeq_0140,0.9682447680689322,0.06202651453535261,0.9626987946246792,0.6954146,0.80053777,0.4930571625,0.749999505,0.7499994
source_disjoint_mixed_equal_v1,sdxeq_0141,0.9797114444125441,0.012262040953485239,0.9819957361917889,0.68310046,0.75675243,-0.7483602,0.75,0.74999835
source_disjoint_mixed_equal_v1,sdxeq_0142,0.9832322026272846,0.5856330145014185,0.9774039153897202,0.77836734,0.764666,-0.5804891249999999,0.74999973,0.7496708475
source_disjoint_mixed_equal_v1,sdxeq_0143,0.9834537218553926,0.14602850692292688,0.9843435881090449,0.6908364,0.7777317,-0.379454745,0.75,0.7499288775
source_disjoint_mixed_equal_v1,sdxeq_0144,0.9882858459868359,0.6250980299376052,0.9840294634170295,0.81971425,0.87144417,-0.7475556,0.7494307874999999,0.7486553625000001
source_disjoint_mixed_equal_v1,sdxeq_0145,0.9566569067721796,0.8752667634029758,0.8184879567156486,0.8244681,0.7755679,0.10323515250000001,0.047888782500000004,0.72360282
source_disjoint_mixed_equal_v1,sdxeq_0146,0.9750595856769083,0.43444181256572184,0.9649304873281819,0.80799866,0.8302144,-0.7498877475,0.6819203475,0.67720395
source_disjoint_mixed_equal_v1,sdxeq_0147,0.9877990035163496,0.8898651890468243,0.9555473879913917,0.7389859,0.8698538,0.634353675,0.7499663249999999,0.7499925375
source_disjoint_mixed_equal_v1,sdxeq_0148,0.9726286099801729,0.5339610695778071,0.9469127859321232,0.72466564,0.82052207,-0.746818455,0.749409075,0.7470345
source_disjoint_mixed_equal_v1,sdxeq_0149,0.9924994731200619,0.94936752061137,0.9746406334931251,0.7614181,0.82787275,0.7437243450000001,0.7472743875,0.749996475
source_disjoint_mixed_equal_v1,sdxeq_0150,0.9870735848833815,0.9524987852722693,0.8511313906072528,0.7801053,0.8979362,0.7304046,-0.6284560125,0.749390775
source_disjoint_mixed_equal_v1,sdxeq_0151,0.997807716928634,0.9968488121982663,0.2036052204377645,0.71215284,0.88402987,0.7460953499999999,-0.658910175,0.749906025
source_disjoint_mixed_equal_v1,sdxeq_0152,0.9721529941543873,0.9691450489700982,0.3858221573404582,0.7912717,0.8735142,-0.7499978549999999,-0.730849275,-0.62185782
source_disjoint_mixed_equal_v1,sdxeq_0153,0.9750329924196713,0.9870193070809502,0.21372902983113307,0.7522085,0.8923548,-0.7499973,-0.5225872125,-0.27326283
source_disjoint_mixed_equal_v1,sdxeq_0154,0.9598227547841263,0.8542262718042647,0.7848643924163595,0.8242195,0.8125553,0.599678025,0.145654125,0.749980275
source_disjoint_mixed_equal_v1,sdxeq_0155,0.9732012029434706,0.9584497746603652,0.20534163582750015,0.810829,0.83432925,0.7499760375,-0.747159075,0.7499847975
source_disjoint_mixed_equal_v1,sdxeq_0156,0.9734577286906458,0.9581859908765714,0.26405588971247584,0.679853,0.55289996,0.42519048,-0.7460311500000001,0.5192307375
source_disjoint_mixed_equal_v1,sdxeq_0157,0.9674656301646302,0.9722110198125178,0.21998417838842738,0.6100419,0.77812886,0.7498864949999999,-0.749821005,0.7499097
source_disjoint_mixed_equal_v1,sdxeq_0158,0.9770775304823534,0.9641778313338816,0.07653646982199383,0.69025326,0.83845615,0.7499298,-0.6864428250000001,0.74623785
source_disjoint_mixed_equal_v1,sdxeq_0159,0.9134668783656974,0.9323078819279366,0.07999831581579861,0.5987805,0.7388737,-0.05817354,-0.7496982,-0.5771268
source_disjoint_mixed_equal_v1,sdxeq_0160,0.9842498385443839,0.963332833549208,0.6054075181708052,0.6927625,0.86888456,0.74114205,-0.0353538645,0.7493829750000001
source_disjoint_mixed_equal_v1,sdxeq_0161,0.9879028984391647,0.9580901907150323,0.43358998219284406,0.81158286,0.8224608,-0.7467672750000001,-0.663832695,0.7166138774999999
source_disjoint_mixed_equal_v1,sdxeq_0162,0.9517540307689618,0.9811303367412049,0.05338407010661588,0.646125,0.85666555,0.7499391,-0.7362819300000001,0.749855175
source_disjoint_mixed_equal_v1,sdxeq_0163,0.9721668226865668,0.963370629498512,0.1508238433902944,0.77944076,0.931406,0.7439384250000001,-0.72107685,0.7496984775
source_disjoint_mixed_equal_v1,sdxeq_0164,0.9507390237166818,0.9332411402821282,0.05258053082630232,0.7913608,0.87355345,-0.14543772,-0.7485938249999999,-0.278945775
source_disjoint_mixed_equal_v1,sdxeq_0165,0.9163546786721503,0.9145782667679778,0.1628318966872147,0.71649176,0.7989172,-0.7499462699999999,-0.438196155,-0.4080744975
source_disjoint_mixed_equal_v1,sdxeq_0166,0.9842194648362982,0.9720215533546301,0.4248780179479547,0.6592938,0.77521676,0.7499997,-0.6625409999999999,0.749998275
source_disjoint_mixed_equal_v1,sdxeq_0167,0.983952948213121,0.9757158064559011,0.5314334376099147,0.7558561,0.87990874,0.74990175,-0.67900635,0.749871525
source_disjoint_mixed_equal_v1,sdxeq_0168,0.9990274923208625,0.9989504827229079,0.2333098479169514,0.6560547,0.8374537,0.748548525,-0.7495896,0.749764575
source_disjoint_mixed_equal_v1,sdxeq_0169,0.9910803128633661,0.9878986538590807,0.09045310767284051,0.72744596,0.92444915,-0.353695425,-0.746318775,0.237984765
source_disjoint_mixed_equal_v1,sdxeq_0170,0.979608654943232,0.9715842055805972,0.04023315473430247,0.71006507,0.83163375,0.7339382249999999,-0.74507835,0.736210005
source_disjoint_mixed_equal_v1,sdxeq_0171,0.9812276424004716,0.9711860720143427,0.8847923556881717,0.70498717,0.7778497,0.73098783,-0.168091575,0.74897265
source_disjoint_mixed_equal_v1,sdxeq_0172,0.7343634810141734,0.5312180600935289,0.40393189360122556,0.84933066,0.9105719,-0.742631025,0.013634582249999999,-0.33024041249999997
source_disjoint_mixed_equal_v1,sdxeq_0173,0.9867205058748167,0.9725507585803697,0.6682450849120309,0.6936245,0.79939437,0.749997495,-0.7309817550000001,0.74999508
source_disjoint_mixed_equal_v1,sdxeq_0174,0.9862633427933774,0.9775211908249655,0.43088982841000306,0.68614113,0.52472687,0.748455075,-0.186671625,0.74974908
source_disjoint_mixed_equal_v1,sdxeq_0175,0.9947812611534513,0.987525946535423,0.5361795901945221,0.6670274,0.7129148,-0.62998035,-0.684293175,0.49339747500000003
source_disjoint_mixed_equal_v1,sdxeq_0176,0.9945410402209968,0.9764486510035782,0.9570227867612102,0.6887116,0.8706085,0.7495627125,0.736313805,0.749999955
source_disjoint_mixed_equal_v1,sdxeq_0177,0.9925396072278623,0.9632278595223858,0.9579124782438604,0.8240275,0.8252094,0.721803675,0.71848455,0.7499393249999999
source_disjoint_mixed_equal_v1,sdxeq_0178,0.9976239171896809,0.9498946486110273,0.9717989095242364,0.75834334,0.8973904,-0.7499997,0.74999973,0.74986155
source_disjoint_mixed_equal_v1,sdxeq_0179,0.990554119829918,0.9717305024547299,0.9748269082952259,0.6067838,0.8617044,0.749992425,0.749999955,0.75
source_disjoint_mixed_equal_v1,sdxeq_0180,0.9948030623355557,0.9581281994591855,0.9776841968504865,0.8236352,0.7676509,0.7498065,0.749917875,0.75
source_disjoint_mixed_equal_v1,sdxeq_0181,0.9997545727709024,0.9996176335853996,0.8565081440199026,0.682791,0.7292017,0.749722425,-0.624847575,0.7499384250000001
source_disjoint_mixed_equal_v1,sdxeq_0182,0.9998268989805992,0.9990914592048544,0.9917153288947429,0.72153014,0.9165187,0.7487892,0.749810325,0.75
source_disjoint_mixed_equal_v1,sdxeq_0183,0.9996773416758309,0.9962169283530699,0.9540648717813234,0.73956406,0.8617179,-0.74032605,0.748910025,0.7497249
source_disjoint_mixed_equal_v1,sdxeq_0184,0.9983652852085904,0.9925006478179206,0.9712814551067034,0.6654017,0.78118294,0.740218275,0.4777842,0.7499811375
source_disjoint_mixed_equal_v1,sdxeq_0185,0.9957442240075831,0.9668472750314194,0.9780745183957811,0.81569374,0.8699041,0.7499064,-0.1531002675,0.749999775
source_disjoint_mixed_equal_v1,sdxeq_0186,0.9979538494611752,0.9869440820743139,0.9587609202676419,0.8210786,0.80344903,0.7483683225,0.747829125,0.749999955
source_disjoint_mixed_equal_v1,sdxeq_0187,0.9997459653230018,0.9996690711704893,0.578665021096519,0.7045428,0.88391566,0.6701174249999999,0.362708085,0.7499264999999999
source_disjoint_mixed_equal_v1,sdxeq_0188,0.9997831355194682,0.9995497414533157,0.857279538191223,0.71036744,0.8837326,0.45593306250000004,0.134299035,0.7486965750000001
source_disjoint_mixed_equal_v1,sdxeq_0189,0.9938594433598039,0.9784530748485051,0.9086363889254254,0.72442573,0.42586192,0.745519575,0.554429505,0.749937105
source_disjoint_mixed_equal_v1,sdxeq_0190,0.9996867078012216,0.9994475914742673,0.8538093878210251,0.6952864,0.8610345,0.7483875,0.6298181700000001,0.749990325
source_disjoint_mixed_equal_v1,sdxeq_0191,0.9941134024818672,0.9717295345929514,0.97081580879077,0.77706975,0.7996746,0.74999565,0.74999325,0.75
source_disjoint_mixed_equal_v1,sdxeq_0192,0.9895358939872062,0.76852923102765,0.9757078786761577,0.71823126,0.82345957,-0.7498121249999999,0.749628645,0.7499327250000001
source_disjoint_mixed_equal_v1,sdxeq_0193,0.9939187038184788,0.9721203304373797,0.967474049852428,0.7956926,0.82709944,0.749967825,0.617745105,0.749999925
source_disjoint_mixed_equal_v1,sdxeq_0194,0.9997231893261233,0.9985175937969478,0.972751350405721,0.7437264,0.888752,0.7496822249999999,0.74779737,0.749999925
source_disjoint_mixed_equal_v1,sdxeq_0195,0.9946756131135001,0.9635807811527684,0.9606983088535032,0.7320581,0.85399306,-0.1327848375,0.7493046750000001,0.74999715
source_disjoint_mixed_equal_v1,sdxeq_0196,0.9985143819177782,0.991155499684523,0.9756074526591618,0.810068,0.83812624,0.61566147,0.749796825,0.749994375
source_disjoint_mixed_equal_v1,sdxeq_0197,0.9902238589504053,0.985691296203119,0.9664933222856197,0.49483705,0.8514587,0.7497699,0.74999745,0.75
source_disjoint_mixed_equal_v1,sdxeq_0198,0.9927986887172702,0.9676494791069267,0.9705571387573907,0.7180513,0.8129388,0.60736635,0.74999205,0.75
source_disjoint_mixed_equal_v1,sdxeq_0199,0.9999484932684041,0.9996019281379718,0.966319478548103,0.772835,0.82725817,-0.6486043499999999,0.7492891275,0.7499717475000001
source_disjoint_music_v1,sdm_fake_0000,0.9866026399775766,0.9886049778034024,0.9520830921775173,0.3834623,0.93998474,0.49135359749999996,0.75,0.749999955
source_disjoint_music_v1,sdm_fake_0001,0.9812474090434665,0.9566196842730517,0.9493265400115232,0.055711117,0.92642635,0.204794415,0.75,0.75
source_disjoint_music_v1,sdm_fake_0002,0.9651868585496278,0.7605479426789007,0.9502219462429039,0.13251059,0.9527321,0.58798125,0.75,0.75
source_disjoint_music_v1,sdm_fake_0003,0.9597181550848395,0.999269552642555,0.5403417726696883,0.647164,0.96747947,0.27099207000000003,0.2898138225,0.7474899
source_disjoint_music_v1,sdm_fake_0004,0.9891516811068077,0.98730758468888,0.9664066776059518,0.034725122,0.9236485,0.745294245,0.75,0.75
source_disjoint_music_v1,sdm_fake_0005,0.9817882898106344,0.9186625798693612,0.9667405774900087,0.062143985,0.89817846,0.7466026275000001,0.75,0.75
source_disjoint_music_v1,sdm_fake_0006,0.9375373122839541,0.9024196259219435,0.8839707490495591,0.15542331,0.9134709,0.5237581725,0.75,0.75
source_disjoint_music_v1,sdm_fake_0007,0.9789039749688901,0.8928618333276948,0.9653284114758127,0.123733036,0.9521868,0.03329102775,0.75,0.75
source_disjoint_music_v1,sdm_fake_0008,0.967424435461779,0.9310440176158032,0.9114536826185382,0.13623326,0.91667664,0.747609075,0.75,0.75
source_disjoint_music_v1,sdm_fake_0009,0.9890621735803135,0.9822035534670797,0.9693428852553932,0.12712431,0.90547377,0.7443930750000001,0.75,0.75
source_disjoint_music_v1,sdm_fake_0010,0.9749808570866115,0.9146216272486346,0.9403916634794318,0.16180491,0.9191054,0.0681359175,0.75,0.75
source_disjoint_music_v1,sdm_fake_0011,0.9811215910641798,0.877173137864802,0.9701011150666471,0.20608117,0.906407,0.6030396,0.75,0.75
source_disjoint_music_v1,sdm_fake_0012,0.9766609879783673,0.9446436812073502,0.9461828915996817,0.19756587,0.9595731,-0.1628948475,0.75,0.74999982
source_disjoint_music_v1,sdm_fake_0013,0.9735519826685982,0.796316186897944,0.9611677134584639,0.052860186,0.8871419,0.15584949,0.75,0.75
source_disjoint_music_v1,sdm_fake_0014,0.9994994249955672,0.9952077737467698,0.9217593144828659,0.7254891,0.9668505,-0.7434221475,0.74834517,0.725980725
source_disjoint_music_v1,sdm_fake_0015,0.9752508476050602,0.7951467988822454,0.9665203166556602,0.09003373,0.86930984,0.4908498,0.75,0.75
source_disjoint_music_v1,sdm_fake_0016,0.9580731323452726,0.9058879865116062,0.8825653214639366,0.29336503,0.93214357,0.7499920874999999,0.75,0.75
source_disjoint_music_v1,sdm_fake_0017,0.9889764291753216,0.948458754360154,0.9747080610058354,0.08568117,0.9278909,0.7494490725,0.75,0.75
source_disjoint_music_v1,sdm_fake_0018,0.981315173823201,0.9362711865559424,0.9642579681957966,0.05367974,0.9188912,0.6986484749999999,0.75,0.75
source_disjoint_music_v1,sdm_fake_0019,0.8763581811634907,0.7744916678945761,0.8339177869178332,0.47019616,0.9556905,-0.486624225,0.7499964225,0.7498070625
source_disjoint_music_v1,sdm_fake_0020,0.9662330693983718,0.9494997353059159,0.8922539462123433,0.27805334,0.9623836,0.6094197450000001,0.75,0.749999925
source_disjoint_music_v1,sdm_fake_0021,0.9843196431085723,0.8244894602918525,0.9752920712038298,0.11893787,0.9348906,-0.015992886749999997,0.75,0.75
source_disjoint_music_v1,sdm_fake_0022,0.9863222468565506,0.972332254539765,0.9661061558025426,0.048776623,0.9537279,0.7327883550000001,0.75,0.75
source_disjoint_music_v1,sdm_fake_0023,0.9863923158306691,0.9519782084903314,0.9678892192499453,0.32839993,0.91954285,0.748887105,0.75,0.75
source_disjoint_music_v1,sdm_fake_0024,0.9453228554708827,0.7697293535388117,0.904882459341522,0.16666244,0.93211895,-0.53502075,0.75,0.75
source_disjoint_music_v1,sdm_fake_0025,0.9763539511811762,0.9274749078428628,0.94730654533334,0.13376668,0.9670725,0.74988045,0.75,0.75
source_disjoint_music_v1,sdm_fake_0026,0.9836303701071448,0.9251366900745386,0.9700021569330342,0.04830705,0.9280378,-0.0177102075,0.75,0.749999955
source_disjoint_music_v1,sdm_fake_0027,0.9509372218041207,0.9949749980422116,0.7395350258887075,0.2053956,0.96971446,0.44781392999999997,0.74999385,0.749882655
source_disjoint_music_v1,sdm_fake_0028,0.9812419974425327,0.892026163824596,0.9669463087456339,0.06921657,0.8648509,0.749856525,0.75,0.75
source_disjoint_music_v1,sdm_fake_0029,0.992828568741812,0.9981203625784137,0.9611069334036415,0.13265319,0.939276,0.6624789,0.75,0.75
source_disjoint_music_v1,sdm_fake_0030,0.9678500868359482,0.9961238996189891,0.8348418317891086,0.16963887,0.94879246,-0.0902837325,0.75,0.74999973
source_disjoint_music_v1,sdm_fake_0031,0.9817196692692495,0.9104701344220615,0.9682807173944099,0.06032736,0.9084579,0.749978025,0.75,0.75
source_disjoint_music_v1,sdm_fake_0032,0.8736147752035881,0.0643418554215919,0.8302376767460515,0.020293219,0.9089595,0.63037428,0.1622257125,0.42696164999999997
source_disjoint_music_v1,sdm_fake_0033,0.9801834888310904,0.9025454405098093,0.9664820357317614,0.068999276,0.90725493,0.7493774625,0.75,0.75
source_disjoint_music_v1,sdm_fake_0034,0.9716724810875845,0.6652847331686751,0.966800852516755,0.08937408,0.87971973,-0.14178567,0.75,0.749998305
source_disjoint_music_v1,sdm_fake_0035,0.9844842867422902,0.8876448317761447,0.9730440516448541,0.21553273,0.9633114,-0.1803685725,0.75,0.749998305
source_disjoint_music_v1,sdm_fake_0036,0.19506615607569242,0.8382297439811845,0.038200018692893925,0.12344463,0.9528865,0.7499960999999999,0.748842675,0.74999835
source_disjoint_music_v1,sdm_fake_0037,0.9813079632908621,0.8544957732878813,0.9700596813608938,0.077990495,0.91465986,0.681042225,0.75,0.75
source_disjoint_music_v1,sdm_fake_0038,0.9790394069912216,0.9309967317775126,0.9609029359901335,0.14053021,0.90791625,0.749754,0.75,0.75
source_disjoint_music_v1,sdm_fake_0039,0.9836451383037458,0.9013287084167654,0.972002185588323,0.048223708,0.9252342,0.74999955,0.75,0.75
source_disjoint_music_v1,sdm_fake_0040,0.997195150998773,0.9656390761511383,0.9533585062633652,0.6993476,0.95803005,-0.257464575,0.75,0.749999955
source_disjoint_music_v1,sdm_fake_0041,0.9813533919359526,0.890668762284957,0.9694242829236099,0.09553442,0.85681474,0.6195032025,0.75,0.75
source_disjoint_music_v1,sdm_fake_0042,0.9821062079106794,0.9122496897362539,0.9687333199090759,0.04068962,0.85108614,0.749880525,0.75,0.75
source_disjoint_music_v1,sdm_fake_0043,0.3168301336983339,0.3727938465222653,0.013540302338483476,0.020680191,0.9647213,0.7211572500000001,0.74935845,0.748640475
source_disjoint_music_v1,sdm_fake_0044,0.9904430383215961,0.9942260747724091,0.9442539536355121,0.25191212,0.9602443,0.5166595724999999,0.749928525,0.749826195
source_disjoint_music_v1,sdm_fake_0045,0.9774989735552638,0.33363117739572035,0.9775585628468995,0.074580505,0.89136106,0.7499015250000001,0.75,0.75
source_disjoint_music_v1,sdm_fake_0046,0.9732196384760368,0.41335291352216036,0.9730036844916443,0.10440204,0.8958052,-0.406342995,0.7499980500000001,0.74999355
source_disjoint_music_v1,sdm_fake_0047,0.9935369681315399,0.9584951378153211,0.7884167650502091,0.7974199,0.9660188,-0.569171925,0.75,0.7499916375
source_disjoint_music_v1,sdm_fake_0048,0.9825681962692845,0.9495450317785004,0.9642341456473598,0.043734204,0.92112875,0.7412949375,0.75,0.75
source_disjoint_music_v1,sdm_fake_0049,0.9812308918798761,0.9160570933925312,0.9667496110495574,0.09594609,0.9241861,0.74915202,0.75,0.75
source_disjoint_music_v1,sdm_fake_0050,0.9822799409591562,0.9885199153383559,0.9338880649087721,0.22228685,0.89946,0.7313140499999999,0.7473753750000001,0.7499715225
source_disjoint_music_v1,sdm_fake_0051,0.9776722069413051,0.8784428707589245,0.9643008241441927,0.12762365,0.93160135,0.00017108023499999998,0.75,0.75
source_disjoint_music_v1,sdm_fake_0052,0.9837903986139509,0.9478206557945585,0.9614535759858456,0.062590346,0.91634613,0.730434525,0.75,0.75
source_disjoint_music_v1,sdm_fake_0053,0.9109851548478031,0.867377571591473,0.8260333780002935,0.31028014,0.9309366,-0.47527230000000004,0.749999955,0.74611425
source_disjoint_music_v1,sdm_fake_0054,0.9900091817563897,0.9884962479441645,0.9681589708653942,0.53791434,0.92860985,-0.34178757,0.749980725,0.74999775
source_disjoint_music_v1,sdm_fake_0055,0.9753450597707282,0.6431733454918511,0.9695151589391818,0.17798853,0.9006535,-0.289941825,0.75,0.75
source_disjoint_music_v1,sdm_fake_0056,0.9845559289896021,0.9638043237489092,0.9646014833543134,0.051067494,0.89937776,0.747962025,0.75,0.75
source_disjoint_music_v1,sdm_fake_0057,0.9795901861413929,0.9877440385585791,0.9356941555215716,0.3203924,0.9550365,0.30392394,0.75,0.74999865
source_disjoint_music_v1,sdm_fake_0058,0.9742533233560271,0.8331350895994619,0.9619731038400584,0.059412945,0.88632536,0.28844596499999997,0.75,0.75
source_disjoint_music_v1,sdm_fake_0059,0.9453962302138783,0.9873123949013658,0.8134005224919229,0.15319435,0.91382664,0.72637032,0.75,0.75
source_disjoint_music_v1,sdm_fake_0060,0.9879303648897119,0.9850745546523321,0.9635255879450763,0.07888262,0.96017796,0.5909342775,0.75,0.75
source_disjoint_music_v1,sdm_fake_0061,0.9462778470599155,0.9442558381878914,0.8755865143557214,0.607175,0.9647961,0.300396345,0.75,0.7499996250000001
source_disjoint_music_v1,sdm_fake_0062,0.9807888723601503,0.9372947524281632,0.9562287082594971,0.07214987,0.8990413,0.749986005,0.75,0.75
source_disjoint_music_v1,sdm_fake_0063,0.9768510971590427,0.8951562804825389,0.9593846759149535,0.08555022,0.92118156,0.74428005,0.75,0.75
source_disjoint_music_v1,sdm_fake_0064,0.9890042833350968,0.9780679263132808,0.9710284417462177,0.074432984,0.91291404,0.748539375,0.75,0.75
source_disjoint_music_v1,sdm_fake_0065,0.9699207943676482,0.89422094501404,0.9244453128746317,0.1961197,0.87275964,-0.451160775,0.75,0.75
source_disjoint_music_v1,sdm_fake_0066,0.989254491440617,0.9978692722487841,0.9343179810792588,0.13817939,0.960334,0.7212765375,0.75,0.75
source_disjoint_music_v1,sdm_fake_0067,0.9858865444306474,0.9928201827567555,0.9261144998275067,0.67809504,0.9603686,-0.49915995,0.7499349,0.749903625
source_disjoint_music_v1,sdm_fake_0068,0.976539524972528,0.9913721691695291,0.9308879973070194,0.21767949,0.953481,0.71565378,0.749999955,0.7499993775
source_disjoint_music_v1,sdm_fake_0069,0.9889006935657355,0.9951567533872749,0.9451767740775829,0.089338504,0.9649316,-0.28502856,0.75,0.74999982
source_disjoint_music_v1,sdm_fake_0070,0.987287387161742,0.9835705949221838,0.9622015044502702,0.055772334,0.9653064,0.5631285,0.75,0.75
source_disjoint_music_v1,sdm_fake_0071,0.9367667179166251,0.8946849506526241,0.8793464349510604,0.069099106,0.89656776,0.3070209525,0.75,0.7499996250000001
source_disjoint_music_v1,sdm_fake_0072,0.9666645487260278,0.41735215805666703,0.9665817243663805,0.17227222,0.89164114,0.46188675,0.75,0.75
source_disjoint_music_v1,sdm_fake_0073,0.9675512966960728,0.8896792782193965,0.9325129028195901,0.17899258,0.93260795,0.7494191699999999,0.75,0.75
source_disjoint_music_v1,sdm_fake_0074,0.9905405901157037,0.9870746474226961,0.9697607477945275,0.08568931,0.9706972,-0.7459247999999999,0.75,0.749998875
source_disjoint_music_v1,sdm_fake_0075,0.9786119904911228,0.8182178005394377,0.9698667142654601,0.07968334,0.89126116,0.74232897,0.75,0.75
source_disjoint_music_v1,sdm_fake_0076,0.9790616068745507,0.8910959651650843,0.965755125769351,0.06585038,0.88719916,0.1439589225,0.75,0.75
source_disjoint_music_v1,sdm_fake_0077,0.9888290715756886,0.9940277737159567,0.9569714297351616,0.13896179,0.9322762,-0.49737607500000003,0.75,0.75
source_disjoint_music_v1,sdm_fake_0078,0.9723969113340926,0.6296581232773717,0.9684796512007491,0.08176709,0.91884303,0.7315455525,0.75,0.75
source_disjoint_music_v1,sdm_fake_0079,0.999052123513491,0.9950293964405353,0.9356089477813607,0.77798605,0.9714679,0.61223133,0.7499123999999999,0.749882205
source_disjoint_music_v1,sdm_fake_0080,0.9841303953328601,0.9976994559736029,0.8972926213823267,0.28369573,0.9583008,0.096881895,0.7487298,0.74912922
source_disjoint_music_v1,sdm_fake_0081,0.9800053225376345,0.9693089324506707,0.9365892759548402,0.14977662,0.9335625,0.62224605,0.75,0.75
source_disjoint_music_v1,sdm_fake_0082,0.9046622883195509,0.943557434138855,0.6340842708697706,0.28135222,0.92499226,-0.01042956225,0.7259210475,0.7204640474999999
source_disjoint_music_v1,sdm_fake_0083,0.9849382775462554,0.9891095957654754,0.9383233555974374,0.11825078,0.92683303,-0.51633918,0.75,0.75
source_disjoint_music_v1,sdm_fake_0084,0.9789486080238636,0.9929378650640476,0.8993785223779941,0.3653964,0.9165081,0.42041990249999994,0.7496793749999999,0.7499920874999999
source_disjoint_music_v1,sdm_fake_0085,0.9647121627760578,0.6513652109374194,0.9544628849622954,0.061176736,0.9271482,0.73402905,0.75,0.749999925
source_disjoint_music_v1,sdm_fake_0086,0.9975664012084506,0.9962399079013343,0.9838132403284546,0.16486709,0.94664836,-0.011437020749999999,0.75,0.7499997
source_disjoint_music_v1,sdm_fake_0087,0.9567310264388827,0.6553528342305074,0.9449414595804045,0.12076306,0.9424063,-0.7092735,0.75,0.75
source_disjoint_music_v1,sdm_fake_0088,0.9662177332407904,0.39270370274088606,0.9600160502569028,0.17120689,0.9175235,0.749999025,0.75,0.75
source_disjoint_music_v1,sdm_fake_0089,0.9815451348556536,0.9245927746330042,0.9648298484949981,0.09669384,0.92502046,0.749577645,0.75,0.75
source_disjoint_music_v1,sdm_fake_0090,0.9636054101153426,0.9805503597028623,0.7915753465091696,0.10938767,0.94433254,-0.29320443,0.6371846250000001,0.74518425
source_disjoint_music_v1,sdm_fake_0091,0.979090169653585,0.8653994528419872,0.9669797639997908,0.08826686,0.87957335,0.7499872125,0.75,0.75
source_disjoint_music_v1,sdm_fake_0092,0.9932410462993552,0.9825991785493462,0.9807342451542413,0.35179415,0.8720156,0.0234101835,0.75,0.75
source_disjoint_music_v1,sdm_fake_0093,0.9784580472394465,0.866529221545471,0.9651259260400654,0.053471554,0.8477195,0.6770775,0.75,0.749999955
source_disjoint_music_v1,sdm_fake_0094,0.9404943551259614,0.9332789578637475,0.8536467224966039,0.07779079,0.9160087,0.16352288250000002,0.75,0.75
source_disjoint_music_v1,sdm_fake_0095,0.9865354728256664,0.9863095618692147,0.9493158691230512,0.2838836,0.9427687,-0.74982195,0.75,0.7499336249999999
source_disjoint_music_v1,sdm_fake_0096,0.9815959542506931,0.8830414462806176,0.970361683441809,0.035077013,0.9091183,0.343127715,0.75,0.75
source_disjoint_music_v1,sdm_fake_0097,0.9802401023109114,0.7988374350238387,0.9729200212158455,0.056180313,0.92683077,-0.1551874425,0.75,0.75
source_disjoint_music_v1,sdm_fake_0098,0.9779202478469192,0.8277044689873877,0.968428535988119,0.085378155,0.9136935,-0.3735124275,0.75,0.75
source_disjoint_music_v1,sdm_fake_0099,0.9703188350960384,0.9547339396757388,0.9342359309292823,0.22494563,0.8897355,0.7441783125,0.75,0.749999925
source_disjoint_music_v1,sdm_fake_0100,0.982418303865593,0.989320545308483,0.9265715143698062,0.12861198,0.8605514,-0.2648616,0.655278,0.7400481
source_disjoint_music_v1,sdm_fake_0101,0.9856513564812867,0.9413281182375242,0.960941797278421,0.15020405,0.9315984,0.72325035,0.656931225,0.749938575
source_disjoint_music_v1,sdm_fake_0102,0.9219306464046726,0.9514992199931042,0.7844700743637123,0.15762949,0.96902966,-0.74418783,0.749795925,0.7499989499999999
source_disjoint_music_v1,sdm_fake_0103,0.9690477995191817,0.585281045441468,0.96086757748556,0.117526725,0.89114255,-0.2548033275,0.75,0.75
source_disjoint_music_v1,sdm_fake_0104,0.9919927501722301,0.9917265042173554,0.9612177421324677,0.18116711,0.97546005,0.737964375,0.75,0.75
source_disjoint_music_v1,sdm_fake_0105,0.9742951251424435,0.77372368974314,0.9660618234525998,0.05069505,0.8878963,0.41666685000000003,0.75,0.75
source_disjoint_music_v1,sdm_fake_0106,0.9364255652769833,0.9590693072161489,0.8636701405300345,0.10805089,0.93592495,-0.12394912500000001,0.75,0.749997825
source_disjoint_music_v1,sdm_fake_0107,0.982663540429352,0.9526111464965537,0.9619751617405445,0.1964764,0.8906205,0.7446439874999999,0.75,0.75
source_disjoint_music_v1,sdm_fake_0108,0.9714705498962806,0.8313186463381809,0.9551454846344651,0.15787728,0.8964572,0.024619496249999998,0.75,0.749999955
source_disjoint_music_v1,sdm_fake_0109,0.9778264212454681,0.9394178942804888,0.9401746950319017,0.29971638,0.9454158,0.177273285,0.749999955,0.7499991525
source_disjoint_music_v1,sdm_fake_0110,0.9927202418225844,0.9695883544505787,0.9817996531195433,0.11196727,0.90850675,0.53219415,0.75,0.75
source_disjoint_music_v1,sdm_fake_0111,0.9302283311846289,0.9686442823732835,0.7885202375417069,0.3197147,0.9536016,0.1690842975,0.75,0.7499994
source_disjoint_music_v1,sdm_fake_0112,0.976428159343167,0.9441813916914703,0.9395514359282342,0.21385081,0.90218496,0.7415821499999999,0.75,0.75
source_disjoint_music_v1,sdm_fake_0113,0.9704766572519506,0.9950434632144846,0.8187539727275881,0.1194645,0.9526329,0.246990375,0.75,0.7499990625
source_disjoint_music_v1,sdm_fake_0114,0.9804258521350232,0.9491566984923925,0.936665123489931,0.17899139,0.9612115,0.7499214750000001,0.74622327,0.749999505
source_disjoint_music_v1,sdm_fake_0115,0.9867572246202072,0.9929163498810175,0.9421352606213935,0.19946308,0.94281024,0.4885119,0.75,0.75
source_disjoint_music_v1,sdm_fake_0116,0.972011221558647,0.7304071404837295,0.9608026035868301,0.057514925,0.90952647,0.703008,0.75,0.75
source_disjoint_music_v1,sdm_fake_0117,0.9862982529769314,0.9987252513238052,0.8989792888577269,0.14287607,0.9555083,0.59588085,0.75,0.75
source_disjoint_music_v1,sdm_fake_0118,0.9649000257287003,0.3496158335552426,0.9606854587863827,0.121676706,0.9664198,0.159834945,0.749999775,0.7499989499999999
source_disjoint_music_v1,sdm_fake_0119,0.9997152350905637,0.9997310895846304,0.6511674929479376,0.68311524,0.9152587,0.745563375,0.02358805875,0.7499825250000001
source_disjoint_music_v1,sdm_fake_0120,0.9792168973546848,0.9235047492127371,0.9579943502555542,0.06520287,0.9349448,0.7275168,0.75,0.75
source_disjoint_music_v1,sdm_fake_0121,0.9604215316888054,0.9496394054988275,0.8674743163873637,0.14612061,0.94425815,0.7499529,0.749999955,0.75
source_disjoint_music_v1,sdm_fake_0122,0.9319313384884693,0.9905379233370551,0.7261121943785379,0.07697445,0.93714577,0.7415922,0.75,0.74999925
source_disjoint_music_v1,sdm_fake_0123,0.9788697118708263,0.7915896262801109,0.9713434676151353,0.43149143,0.9073097,-0.158376375,0.75,0.75
source_disjoint_music_v1,sdm_fake_0124,0.979918477679494,0.8567480520427561,0.969652100613294,0.10299524,0.93066907,0.37224975000000005,0.75,0.75
source_disjoint_music_v1,sdm_fake_0125,0.9789953445921464,0.8924406737799913,0.9609265464942451,0.21202008,0.9258524,-0.3745422,0.75,0.75
source_disjoint_music_v1,sdm_fake_0126,0.9756640077190017,0.8888065366139155,0.9576587389871526,0.09168315,0.9080436,0.3944061375,0.75,0.75
source_disjoint_music_v1,sdm_fake_0127,0.971627374445217,0.7124235043963987,0.9663805172771776,0.05938298,0.9229561,0.7499721,0.75,0.75
source_disjoint_music_v1,sdm_fake_0128,0.9630011417047047,0.4978877336389916,0.961996207984663,0.21559195,0.9227703,0.524576025,0.75,0.75
source_disjoint_music_v1,sdm_fake_0129,0.9757347282839585,0.927346413218748,0.9461584458212106,0.10780261,0.9495067,0.6859617225,0.75,0.75
source_disjoint_music_v1,sdm_fake_0130,0.969577619370133,0.8648403121573632,0.9448798157921359,0.28087005,0.9085285,-0.0657599325,0.75,0.75
source_disjoint_music_v1,sdm_fake_0131,0.9699911614527746,0.6190185548549044,0.9586501421026018,0.029161554,0.895356,0.70668375,0.75,0.74999925
source_disjoint_music_v1,sdm_fake_0132,0.9731514632178643,0.6688096301310958,0.9683160410382519,0.08494664,0.86315066,-0.6195548775,0.75,0.75
source_disjoint_music_v1,sdm_fake_0133,0.9991821121312671,0.9952956698393878,0.9026631463130864,0.8703418,0.93248373,-0.11625483,0.75,0.749999925
source_disjoint_music_v1,sdm_fake_0134,0.9907836272769369,0.9962682231591842,0.9515401555042562,0.14183825,0.93771636,0.730936245,0.75,0.75
source_disjoint_music_v1,sdm_fake_0135,0.9494634325411444,0.941275852071586,0.8816029723660731,0.103292696,0.9440286,0.496362075,0.75,0.749999325
source_disjoint_music_v1,sdm_fake_0136,0.9791976944029199,0.870621687718036,0.9682631823870054,0.21453986,0.90809005,-0.749905005,0.75,0.75
source_disjoint_music_v1,sdm_fake_0137,0.9840962128816504,0.9359784372347539,0.9643695015298471,0.12793222,0.81538653,0.749732625,0.75,0.75
source_disjoint_music_v1,sdm_fake_0138,0.9780763567918958,0.8910186197001201,0.9631500010195129,0.08902404,0.9198022,0.509430795,0.75,0.75
source_disjoint_music_v1,sdm_fake_0139,0.9795718206549123,0.9863866203801194,0.9211249760796419,0.42303875,0.9418016,0.028786557,0.75,0.749995845
source_disjoint_music_v1,sdm_fake_0140,0.96031170878557,0.9136688047325645,0.920140696813583,0.47546622,0.94896215,0.040711554750000004,0.749999925,0.74999973
source_disjoint_music_v1,sdm_fake_0141,0.9878878914519026,0.9835281105305158,0.9608804109682219,0.09267098,0.97509366,0.7359478500000001,0.75,0.749999955
source_disjoint_music_v1,sdm_fake_0142,0.9864132129117974,0.99378485801461,0.9430358006991958,0.15944591,0.9516509,-0.48426525,0.749999955,0.74996715
source_disjoint_music_v1,sdm_fake_0143,0.9829004622146532,0.9080964760499236,0.9678169403993168,0.15015312,0.94818383,0.5681368875,0.75,0.75
source_disjoint_music_v1,sdm_fake_0144,0.9583589532227491,0.8931581943267811,0.905937317273828,0.11912396,0.91784513,0.7478523975,0.74994747,0.74993943
source_disjoint_music_v1,sdm_fake_0145,0.9916616106593822,0.9997409118660591,0.891683743122732,0.48963976,0.96040636,0.034809855,0.744294375,0.74999475
source_disjoint_music_v1,sdm_fake_0146,0.9679154312117303,0.807481486407481,0.9494519958183252,0.33292323,0.94261575,-0.1556185275,0.75,0.75
source_disjoint_music_v1,sdm_fake_0147,0.9750701470765327,0.681467695861643,0.9703759653331309,0.07113043,0.8672271,0.74989005,0.75,0.75
source_disjoint_music_v1,sdm_fake_0148,0.9823779414743259,0.9251545735013663,0.967796371099357,0.40669972,0.94241875,0.749965125,0.75,0.75
source_disjoint_music_v1,sdm_fake_0149,0.9748045452989899,0.8946216877493923,0.9500859359095183,0.26820603,0.915259,0.746768475,0.75,0.75
source_disjoint_music_v1,sdm_fake_0150,0.971038137090017,0.8697079304477087,0.9454364256636476,0.15020756,0.94743454,0.6693060975,0.75,0.75
source_disjoint_music_v1,sdm_fake_0151,0.9758729215811283,0.9058939407093406,0.9471240192699384,0.28721866,0.89560425,0.74987787,0.75,0.75
source_disjoint_music_v1,sdm_fake_0152,0.9649531134247513,0.3501469535404229,0.9647491987895249,0.10859278,0.9387606,0.32761089,0.75,0.75
source_disjoint_music_v1,sdm_fake_0153,0.9899375588313655,0.9860056963831981,0.9692057977830674,0.36270759,0.9543431,0.0411039525,0.75,0.75
source_disjoint_music_v1,sdm_fake_0154,0.45875091140163266,0.2791237577067763,0.2617562839354292,0.025954744,0.8910099,-0.746049225,-0.705646005,-0.7472056499999999
source_disjoint_music_v1,sdm_fake_0155,0.909323061316413,0.7594640255853812,0.8878061934981067,0.18229842,0.9553993,0.74880645,0.748478475,0.74861025
source_disjoint_music_v1,sdm_fake_0156,0.9752718857924229,0.9461737051108511,0.9413322895453267,0.09711063,0.94942224,0.7496298975,0.749184075,0.749999595
source_disjoint_music_v1,sdm_fake_0157,0.974448013897664,0.7047748748417942,0.9680005408281399,0.050966773,0.8932321,-0.23642139,0.75,0.75
source_disjoint_music_v1,sdm_fake_0158,0.9607069979545455,0.5779481757159387,0.9460925814502225,0.26939696,0.9112907,0.0573325875,0.75,0.75
source_disjoint_music_v1,sdm_fake_0159,0.9723731770920481,0.5563812839046127,0.9698931939948175,0.079647735,0.9015207,0.740010525,0.75,0.75
source_disjoint_music_v1,sdm_fake_0160,0.986169478398487,0.9941929890793051,0.9311058438145917,0.2635165,0.937475,-0.0796902795,0.75,0.75
source_disjoint_music_v1,sdm_fake_0161,0.9771861533865104,0.8082530454443445,0.9239272691902904,0.5084149,0.81261474,0.7495307474999999,0.7008982725,0.74994225
source_disjoint_music_v1,sdm_fake_0162,0.9847658360774536,0.957296166154229,0.9670929385723338,0.06132791,0.9186394,0.7499990625,0.75,0.75
source_disjoint_music_v1,sdm_fake_0163,0.9751844329016017,0.6947224997015816,0.9699886629799829,0.05962547,0.89437646,0.6679787625,0.75,0.75
source_disjoint_music_v1,sdm_fake_0164,0.9415641552209457,0.9966036764438434,0.6830107346864727,0.6065433,0.9530715,-0.46964157,0.677003775,0.7423098
source_disjoint_music_v1,sdm_fake_0165,0.9889234363458126,0.9800174138766121,0.9621451518768739,0.4251249,0.96471137,-0.7496481374999999,0.74928573,0.7148142
source_disjoint_music_v1,sdm_fake_0166,0.9831548273423372,0.9662466652960239,0.9503210393140775,0.12384881,0.9479551,0.3700633725,0.75,0.75
source_disjoint_music_v1,sdm_fake_0167,0.9800847829135174,0.9318483897769833,0.960704382881601,0.115666494,0.928398,-0.005309834249999999,0.75,0.75
source_disjoint_music_v1,sdm_fake_0168,0.977367594739647,0.8471194955097233,0.9598601450420043,0.120694906,0.84382415,0.749854425,0.75,0.75
source_disjoint_music_v1,sdm_fake_0169,0.9449626455054279,0.4740769120642726,0.9324547417191563,0.279676,0.9118463,0.426929325,0.7499988,0.749994375
source_disjoint_music_v1,sdm_fake_0170,0.9840785974861411,0.940852548597179,0.9678779532164152,0.15851174,0.93771595,0.39034559999999996,0.75,0.75
source_disjoint_music_v1,sdm_fake_0171,0.9805921967917688,0.962561106401206,0.9404589353726746,0.10253437,0.94089544,0.475024125,0.75,0.74999955
source_disjoint_music_v1,sdm_fake_0172,0.9757980524851477,0.9153336228555244,0.9510587865062181,0.14173631,0.88930434,0.0528823125,0.75,0.75
source_disjoint_music_v1,sdm_fake_0173,0.9631578239707743,0.46567598870543814,0.9633221282688312,0.116846286,0.9081913,-0.7336333875000001,0.75,0.75
source_disjoint_music_v1,sdm_fake_0174,0.9907108761009363,0.9990526523403996,0.9341755798605158,0.54627055,0.9503812,-0.4400163,0.75,0.749997405
source_disjoint_music_v1,sdm_fake_0175,0.9811102517852731,0.9446170832013823,0.9585327414023541,0.08788259,0.91320294,0.28786578,0.75,0.75
source_disjoint_music_v1,sdm_fake_0176,0.9899427242879597,0.9896692463036105,0.9669144103086016,0.06375204,0.9391531,0.7462618050000001,0.75,0.75
source_disjoint_music_v1,sdm_fake_0177,0.9839225192429663,0.8949653602907649,0.9699994961471406,0.1033707,0.9169998,0.604897425,0.75,0.75
source_disjoint_music_v1,sdm_fake_0178,0.9734989145097646,0.810820050277425,0.9608712622144563,0.16012123,0.92672825,-0.721073775,0.75,0.74999025
source_disjoint_music_v1,sdm_fake_0179,0.9781769744839063,0.9486305053648975,0.9395903086897016,0.30706134,0.9106175,0.74993187,0.75,0.75
source_disjoint_music_v1,sdm_fake_0180,0.9743931081710973,0.9971535894238177,0.8449430615546037,0.1848379,0.9538505,0.031674495,0.75,0.75
source_disjoint_music_v1,sdm_fake_0181,0.9760321770828998,0.9813464326112507,0.9164830272985027,0.33971658,0.9565725,0.33179826,0.749999925,0.749995845
source_disjoint_music_v1,sdm_fake_0182,0.9767304845114134,0.9430249519394146,0.9465752139947627,0.070843205,0.98268694,-0.74052315,0.75,0.7499993775
source_disjoint_music_v1,sdm_fake_0183,0.9311597736176332,0.6810530524414451,0.8390992549815585,0.45068988,0.93118554,-0.749844975,0.749999925,0.74999475
source_disjoint_music_v1,sdm_fake_0184,0.9695044193238694,0.8505603107658847,0.9444873150842034,0.28136644,0.94487745,0.74561928,0.75,0.75
source_disjoint_music_v1,sdm_fake_0185,0.9759607646400319,0.9802492420136316,0.9098918895084626,0.13788672,0.950095,0.361444275,0.747455475,0.7497347249999999
source_disjoint_music_v1,sdm_fake_0186,0.9791867358552659,0.94679177834888,0.9576185552032008,0.08602681,0.9464372,0.74842695,0.75,0.75
source_disjoint_music_v1,sdm_fake_0187,0.9719372876582753,0.5774358155283613,0.9689466299565882,0.060093444,0.8735163,-0.47064274500000003,0.75,0.75
source_disjoint_music_v1,sdm_fake_0188,0.9716849396425067,0.642176090380808,0.9649620459184985,0.03713826,0.9072413,-0.5390971875,0.7499805749999999,0.74661165
source_disjoint_music_v1,sdm_fake_0189,0.991804632869045,0.9135937760496855,0.9811327622362381,0.20288219,0.95755196,-0.7499988375,0.75,0.75
source_disjoint_music_v1,sdm_fake_0190,0.8646098173576787,0.3317833436422042,0.875538038885761,0.031066723,0.91445524,-0.05112504375,0.6670956,0.5349971625
source_disjoint_music_v1,sdm_fake_0191,0.937061862689975,0.9166088460977032,0.8392405720405548,0.2608345,0.9071486,-0.7365899250000001,0.75,0.7499990625
source_disjoint_music_v1,sdm_fake_0192,0.9508830838044458,0.8550285049226327,0.9140624435247648,0.32799473,0.93416494,-0.42644055,0.75,0.749997495
source_disjoint_music_v1,sdm_fake_0193,0.9784317394214427,0.7502489143190877,0.9716797637012489,0.13070495,0.9323685,0.28739268,0.75,0.75
source_disjoint_music_v1,sdm_fake_0194,0.9816128953162722,0.9336636529808011,0.948026698614425,0.1399652,0.91141003,0.72174342,0.75,0.75
source_disjoint_music_v1,sdm_fake_0195,0.9345456814452846,0.8612427523122181,0.9142552572671394,0.13471685,0.93935055,0.009878748750000001,0.749126025,0.74996505
source_disjoint_music_v1,sdm_fake_0196,0.9552725206950616,0.7887028908444694,0.9101449328794564,0.15456772,0.9552962,-0.388106775,0.75,0.7498411275
source_disjoint_music_v1,sdm_fake_0197,0.966738959892598,0.6723544712217995,0.9595280627400437,0.13597277,0.9091977,-0.28124126250000003,0.75,0.75
source_disjoint_music_v1,sdm_fake_0198,0.988586948925737,0.9887303930234984,0.9607476125844644,0.10978083,0.93809724,0.27256353,0.75,0.75
source_disjoint_music_v1,sdm_fake_0199,0.9896487951110506,0.9944450236439992,0.9507089134991547,0.114737935,0.8987153,-0.712421625,0.75,0.75
source_disjoint_music_v1,sdm_real_0000,0.49867094622612235,0.5788349510580232,0.4363255808967339,0.025563587,0.9027996,-0.7492707525,-0.45490542,-0.67367535
source_disjoint_music_v1,sdm_real_0001,0.3246532172070492,0.6861119834277201,0.09812022130116263,0.027207611,0.939339,-0.749999025,-0.43674909749999996,-0.74677785
source_disjoint_music_v1,sdm_real_0002,0.23545897548101347,0.8481540436216303,0.010426595193535329,0.24353121,0.92499584,0.57857325,-0.620970825,-0.7338820275
source_disjoint_music_v1,sdm_real_0003,0.6988971781683422,0.4579528818672631,0.6146208830517573,0.03408823,0.93981457,-0.6819925875,0.7491981,0.7253636250000001
source_disjoint_music_v1,sdm_real_0004,0.4909051500505371,0.9697493331476138,0.05679923805526993,0.03049933,0.93618447,0.31259463,0.1839835575,0.7422988500000001
source_disjoint_music_v1,sdm_real_0005,0.19881081448926013,0.6662207953330525,0.06883685729324716,0.3790736,0.95635843,-0.7497289500000001,0.38588283749999996,-0.567934425
source_disjoint_music_v1,sdm_real_0006,0.616840643606201,0.8172592230834742,0.16278701198742698,0.2369038,0.9467663,0.7437161250000001,0.578940555,0.7488729
source_disjoint_music_v1,sdm_real_0007,0.19524927109117657,0.7592131390914011,0.005777856536018957,0.36634707,0.9421425,-0.60105345,-0.34562697,-0.73674615
source_disjoint_music_v1,sdm_real_0008,0.6043552539516183,0.880798787983293,0.2915481044324868,0.14272247,0.94680005,0.7080988875,0.7489874625,0.7498404
source_disjoint_music_v1,sdm_real_0009,0.04665702417063161,0.2826842213607256,0.022463930903172898,0.020835543,0.8568764,0.735929475,0.533662275,-0.5064954749999999
source_disjoint_music_v1,sdm_real_0010,0.45397415047527223,0.6883394895713846,0.1174385327315487,0.030380301,0.89824784,-0.7498769775,-0.154062105,-0.7454712
source_disjoint_music_v1,sdm_real_0011,0.3279865693223769,0.8166913056857087,0.04713200564753777,0.17124967,0.9347876,-0.748799775,-0.694370175,-0.749773275
source_disjoint_music_v1,sdm_real_0012,0.8560783410369822,0.8299486416672832,0.74959040408234,0.24706835,0.8665673,0.74997282,0.5098472549999999,0.7499901
source_disjoint_music_v1,sdm_real_0013,0.10207216203230085,0.8303052357258349,0.00829629062444581,0.31493822,0.95530415,0.552484545,0.729008175,0.74643015
source_disjoint_music_v1,sdm_real_0014,0.17259523812387634,0.7677398971761714,0.004933840042709653,0.24021903,0.97857934,0.54542055,-0.40963964999999997,-0.7211235
source_disjoint_music_v1,sdm_real_0015,0.06293396225435438,0.03603136554022296,0.006233913889590685,0.03525682,0.94009185,-0.7499852475,0.7193655,-0.741516375
source_disjoint_music_v1,sdm_real_0016,0.5646084755538063,0.6405293160116288,0.42877510072775377,0.02223543,0.87331724,-0.7216313249999999,0.737458275,0.64847685
source_disjoint_music_v1,sdm_real_0017,0.5299663703370349,0.940823946684884,0.0128018800109059,0.1332149,0.87665427,-0.035989916999999996,0.74959932,0.74961072
source_disjoint_music_v1,sdm_real_0018,0.8286932215814529,0.9293306422227615,0.14024112024459934,0.24231716,0.9502026,0.7497589125,-0.14892560999999999,0.7499326799999999
source_disjoint_music_v1,sdm_real_0019,0.05630099194308193,0.8737878054812531,0.009941917851072514,0.028112343,0.9400641,0.738417825,0.5749612500000001,0.732357525
source_disjoint_music_v1,sdm_real_0020,0.18777421186691837,0.5445781913607329,0.013600294881381295,0.01683132,0.9321802,-0.0876972,0.321076515,0.4833432
source_disjoint_music_v1,sdm_real_0021,0.17129059798553287,0.4634813698390253,0.0062231478835349215,0.02211613,0.9074445,-0.505991475,0.73044615,-0.7149828
source_disjoint_music_v1,sdm_real_0022,0.059848080518350555,0.9324744287457285,0.000531681596920277,0.14573811,0.9422534,0.747010545,-0.520964745,0.749258175
source_disjoint_music_v1,sdm_real_0023,0.9529822906545174,0.7486117217380899,0.8262067196137908,0.023732472,0.9528751,0.736319325,-0.7419231,0.7333767449999999
source_disjoint_music_v1,sdm_real_0024,0.07043283414676396,0.07181755459935045,0.028917729748576596,0.019950053,0.8615363,-0.32943353999999997,-0.00048791190000000003,-0.5758608749999999
source_disjoint_music_v1,sdm_real_0025,0.3977280408379031,0.7879501978314128,0.08359228678449869,0.4084021,0.9471593,0.1298821725,0.733002225,0.7243237499999999
source_disjoint_music_v1,sdm_real_0026,0.054031923613413954,0.6634799293663366,0.0030165124141502083,0.029779017,0.93765,0.41913945,0.383515425,0.1684294725
source_disjoint_music_v1,sdm_real_0027,0.7346551806233341,0.750541503208098,0.6407260344234438,0.286514,0.9323546,-0.665445975,0.595254525,-0.726453675
source_disjoint_music_v1,sdm_real_0028,0.6121485714105488,0.777030123312025,0.3003817208274213,0.02297082,0.8544755,0.592943625,-0.49885995000000005,-0.10917387749999999
source_disjoint_music_v1,sdm_real_0029,0.04038432360087872,0.41298350395277467,0.00019376119904399136,0.09985483,0.9028062,-0.23656095,-0.25808264999999997,-0.74612595
source_disjoint_music_v1,sdm_real_0030,0.7653595556865139,0.8922188321696415,0.3645174253893677,0.12514003,0.7690239,0.7482277725,0.723332925,0.7499624475
source_disjoint_music_v1,sdm_real_0031,0.3364995279573763,0.8163064347155953,0.051774957460296755,0.13800101,0.9636749,-0.020165508,0.747962775,0.30754305000000004
source_disjoint_music_v1,sdm_real_0032,0.08576489756687863,0.006505551025049254,0.028547584597482734,0.6050798,0.9570119,-0.7448971875,-0.7414563000000001,-0.749321895
source_disjoint_music_v1,sdm_real_0033,0.46476239042935874,0.4964541186101579,0.1932510227144478,0.1367536,0.9058081,0.7092254250000001,0.7181763,0.749136105
source_disjoint_music_v1,sdm_real_0034,0.6072564795676633,0.7344797926074855,0.3049707581507826,0.09913708,0.96961886,-0.27486877499999995,0.73705935,0.68490255
source_disjoint_music_v1,sdm_real_0035,0.2988471646036573,0.4971332927776307,0.07747306516663666,0.09604138,0.9231215,-0.7331533125,-0.331248165,-0.742904325
source_disjoint_music_v1,sdm_real_0036,0.26230467129760987,0.5995461754357609,0.051650232139043496,0.033770554,0.8864225,-0.15457557,0.732897345,-0.3153632025
source_disjoint_music_v1,sdm_real_0037,0.008871110052870376,0.047938668545976275,0.000729580247976647,0.018206468,0.9197733,0.6801021,0.435242595,-0.1841056425
source_disjoint_music_v1,sdm_real_0038,0.17703033596056691,0.5458078938684698,0.0010863311256969642,0.18854277,0.9540428,0.7385049,-0.7415524275,0.16784094
source_disjoint_music_v1,sdm_real_0039,0.4896683327755757,0.7943832730427401,0.22130138320134202,0.019854765,0.94423836,-0.35814392250000004,0.65478405,-0.13619883
source_disjoint_music_v1,sdm_real_0040,0.1214070561258145,0.6488431503057205,0.006521343750174105,0.02735495,0.93481165,-0.73294893,-0.74806152,-0.7481124
source_disjoint_music_v1,sdm_real_0041,0.3730534550971408,0.8059967425312479,0.07368440576460003,0.053382967,0.9421566,-0.7486919775,-0.7492209,-0.7499033475000001
source_disjoint_music_v1,sdm_real_0042,0.3313414460378009,0.5017784256902963,0.0918063873870929,0.023580447,0.92089707,-0.2514981,-0.701743725,-0.7479279000000001
source_disjoint_music_v1,sdm_real_0043,0.04529837789537948,0.6503494736009603,0.001697231593009393,0.025833834,0.92251116,0.1750932,-0.3272493,-0.6960163500000001
source_disjoint_music_v1,sdm_real_0044,0.8568978827023956,0.6253982355451412,0.6222115942920365,0.053638753,0.43245438,-0.6848016,0.749654775,0.3479427
source_disjoint_music_v1,sdm_real_0045,0.7070207138648065,0.9055261761116911,0.34585226611527464,0.02309439,0.96187454,-0.29903463,-0.04220549775,-0.39121202999999993
source_disjoint_music_v1,sdm_real_0046,0.07747372344466918,0.585760208367487,0.031080447806758782,0.018090755,0.9316309,-0.625505625,-0.43620648749999996,-0.7450848525
source_disjoint_music_v1,sdm_real_0047,0.6476332967567646,0.775212076698562,0.277481151428153,0.2291595,0.94401735,0.47626215000000005,0.739072425,0.7493005500000001
source_disjoint_music_v1,sdm_real_0048,0.6366559508896398,0.44667376378562795,0.48334031091647783,0.030643107,0.9205838,-0.7403943,0.73474002,-0.19187575499999998
source_disjoint_music_v1,sdm_real_0049,0.25740692000437754,0.31833091300454935,0.06053654219042794,0.02129148,0.9578987,-0.74459307,-0.512749425,-0.66941235
source_disjoint_music_v1,sdm_real_0050,0.45147333187728134,0.5993386795350498,0.12396694427250288,0.3321722,0.9550664,0.24142539000000002,0.745260225,0.7085117249999999
source_disjoint_music_v1,sdm_real_0051,0.5492012687181556,0.7302887506900525,0.2505658141083383,0.036922157,0.86028427,-0.19316347499999997,0.7325271525,0.34470533999999997
source_disjoint_music_v1,sdm_real_0052,0.13423403145508886,0.7168530690489557,0.012987413562507611,0.037442233,0.93537503,0.6766129725,0.742610775,0.677838375
source_disjoint_music_v1,sdm_real_0053,0.6828982730870549,0.8217223498553217,0.5435495107837661,0.028227082,0.90867543,-0.33272331,0.74993022,0.6534178125
source_disjoint_music_v1,sdm_real_0054,0.7961952764623227,0.9812307855728373,0.19751247764936658,0.43171617,0.9649001,-0.73748505,0.43362799499999993,0.4280478375
source_disjoint_music_v1,sdm_real_0055,0.1493182139244016,0.45340874937169817,0.0010090319398651205,0.10880702,0.91122067,0.515985225,-0.38278844999999995,-0.04550289
source_disjoint_music_v1,sdm_real_0056,0.07835216235714136,0.19251992663602643,0.0006037662828751355,0.024434086,0.9335116,-0.748677525,-0.599785875,-0.7465996725
source_disjoint_music_v1,sdm_real_0057,0.3374779204699665,0.0004981719821289721,0.6303836680154223,0.7648555,0.5325633,0.749997225,0.49675137,0.7499481
source_disjoint_music_v1,sdm_real_0058,0.6547133967454185,0.4327891504022504,0.5194568364415032,0.02250022,0.848754,0.5317376549999999,0.7499944125,0.74193855
source_disjoint_music_v1,sdm_real_0059,0.39658712699121745,0.7826240154745437,0.027368041769070324,0.15399052,0.9441932,0.7464093,-0.289732665,0.5836519499999999
source_disjoint_music_v1,sdm_real_0060,0.46648252447185357,0.6937171461472318,0.13936807467198797,0.09596611,0.91587687,0.1671194775,0.7484478525,0.716194275
source_disjoint_music_v1,sdm_real_0061,0.8400454471283506,0.9799715239528985,0.46336873166962717,0.059181906,0.94189286,0.13353233250000002,0.75,0.7499949
source_disjoint_music_v1,sdm_real_0062,0.440505301856928,0.3916365767221009,0.02289420157146987,0.4063568,0.8369761,0.748179045,-0.5637372,0.7233699975000001
source_disjoint_music_v1,sdm_real_0063,0.12120669801567888,0.22979490602170882,0.004378462836535469,0.014881443,0.861359,0.706418475,0.74939592,0.43525665
source_disjoint_music_v1,sdm_real_0064,0.23669340389460825,0.6010007565996429,0.09739912660673317,0.5961046,0.9605603,-0.7498139025,0.569694975,-0.7328485275000001
source_disjoint_music_v1,sdm_real_0065,0.13836228982455007,0.3863887627205218,0.04440596594179849,0.020047292,0.91873026,-0.667220505,-0.732455895,-0.749561625
source_disjoint_music_v1,sdm_real_0066,0.002638421792481768,0.0003694552071940811,0.08862727363806358,0.89214826,0.4345035,0.5886070125,-0.698774775,0.13722315
source_disjoint_music_v1,sdm_real_0067,0.026051889126209517,0.18815166317526974,0.003977417283929498,0.028755529,0.9242144,-0.7368747449999999,-0.7294746,-0.7499469375
source_disjoint_music_v1,sdm_real_0068,0.256223438409912,0.47842484169656163,0.04718316779066992,0.021326836,0.9516708,0.7487728875,-0.11655651,0.741559275
source_disjoint_music_v1,sdm_real_0069,0.4939604606678373,0.4123894643171876,0.43488667652069224,0.019621024,0.90735024,-0.6880215000000001,-0.093548775,-0.571947945
source_disjoint_music_v1,sdm_real_0070,0.23320234623054623,0.46132135831500926,0.0998901751345858,0.24427305,0.93805665,-0.74673915,0.435831525,-0.717775425
source_disjoint_music_v1,sdm_real_0071,0.1759953728536721,0.4719101957235106,0.04571608790841208,0.061666243,0.9139725,-0.65668653,-0.397413075,-0.7448231249999999
source_disjoint_music_v1,sdm_real_0072,0.4104327234363672,0.6331458942250728,0.27087301350402276,0.115564644,0.9421378,-0.74020305,0.7488324,-0.7292602499999999
source_disjoint_music_v1,sdm_real_0073,0.2212816804160654,0.327390222264436,0.010874047372586241,0.050988987,0.9564014,0.5059580475000001,0.43374529500000003,0.73725468
source_disjoint_music_v1,sdm_real_0074,0.19205016073296233,0.44317965106734053,0.004277918040603406,0.22401397,0.9359462,-0.550006125,0.7495734375,0.39334492499999996
source_disjoint_music_v1,sdm_real_0075,0.025354547019716164,0.02770695085399085,0.0028373334364121786,0.03000586,0.90705806,-0.6648356625,-0.59358318,-0.6806076
source_disjoint_music_v1,sdm_real_0076,0.88957002557201,0.4034723343050791,0.8017313400526801,0.021981686,0.88601536,0.703811475,0.568663575,0.7474476
source_disjoint_music_v1,sdm_real_0077,0.44569962578858624,0.7241035836980737,0.05593572871950212,0.21737123,0.9374196,0.139551315,0.41990666249999997,0.74481195
source_disjoint_music_v1,sdm_real_0078,0.6980429785620933,0.32619808306121617,0.5312272561903137,0.039781287,0.8956004,-0.49498454999999997,-0.20709633,-0.58411878
source_disjoint_music_v1,sdm_real_0079,0.9791308995040079,0.8036034929729159,0.8935821677146246,0.0370872,0.40468872,-0.7456300124999999,0.749999955,0.7353292499999999
source_disjoint_music_v1,sdm_real_0080,0.31752673673029685,0.811152046998205,0.05830530355581272,0.15247954,0.9385803,0.61546575,0.749999925,0.749499945
source_disjoint_music_v1,sdm_real_0081,0.431999806947601,0.25625587453260523,0.21544634051665124,0.07631409,0.6810809,-0.625745175,-0.741464475,-0.572804325
source_disjoint_music_v1,sdm_real_0082,0.5009222988901174,0.23668302398734412,0.3916899585356779,0.028047081,0.9331873,-0.6645011999999999,0.7373843625000001,0.47006025000000007
source_disjoint_music_v1,sdm_real_0083,0.9507726810121905,0.8152394634791658,0.9159930787537371,0.29632008,0.84362644,-0.7032718950000001,-0.5594735775,-0.708380625
source_disjoint_music_v1,sdm_real_0084,0.47284600309788066,0.853418490095692,0.008548410078936761,0.19735911,0.95141715,0.6769701975,0.3272011125,0.7418350874999999
source_disjoint_music_v1,sdm_real_0085,0.5954047938750181,0.3935766236980067,0.37173483241152966,0.020399848,0.4743312,-0.61987692,-0.1276004625,-0.4250982
source_disjoint_music_v1,sdm_real_0086,0.638853901575525,0.8798040585852145,0.23516806526892917,0.0790683,0.9578294,0.723022125,0.75,0.7499991525
source_disjoint_music_v1,sdm_real_0087,0.32448886914494657,0.8006407101433121,0.05602233565416909,0.03004256,0.9587205,0.5969380875,0.7499994750000001,0.747047325
source_disjoint_music_v1,sdm_real_0088,0.754686222686748,0.1646379053185857,0.6018980969576114,0.020591218,0.83787364,0.746139825,0.70212807,0.744624525
source_disjoint_music_v1,sdm_real_0089,0.5792194451878613,0.9380882155059987,0.04016079477621455,0.57253057,0.9409262,0.713475825,-0.5339230500000001,0.696823575
source_disjoint_music_v1,sdm_real_0090,0.09291646452751674,0.1095489662691643,0.007259470295140165,0.01063275,0.8552179,-0.3576607275,-0.7249599225,-0.7489229625
source_disjoint_music_v1,sdm_real_0091,0.2690482455098437,0.7232879147132649,0.06812904759786202,0.019832244,0.95838207,0.004858076025,0.74995422,0.6195211275
source_disjoint_music_v1,sdm_real_0092,0.7965402924977818,0.8812211216618615,0.5183572266857075,0.023355665,0.8935986,0.737256975,0.681417225,0.7493524275
source_disjoint_music_v1,sdm_real_0093,0.5092291322130782,0.7001191188720653,0.07472764480785422,0.2439628,0.9657459,-0.10731972,0.7129041,0.7391396025
source_disjoint_music_v1,sdm_real_0094,0.12040649328699729,0.5088943667604353,0.01083203278802078,0.22125441,0.9436205,0.7446502500000001,0.0263280555,0.749156475
source_disjoint_music_v1,sdm_real_0095,0.24870297013782397,0.10067877750453749,0.10178778695431454,0.020789823,0.90883404,-0.5964771,-0.7480959,-0.7498122
source_disjoint_music_v1,sdm_real_0096,0.7141279000522951,0.6896854369885598,0.2288000782482127,0.52396125,0.6575454,0.74999445,0.042996296999999996,0.749865
source_disjoint_music_v1,sdm_real_0097,0.9268748132269488,0.9437328657986745,0.45686825858905294,0.22422095,0.9240344,0.7499552549999999,0.39030082499999996,0.7499677275
source_disjoint_music_v1,sdm_real_0098,0.5128723786644548,0.8831553081710438,0.05248215760831061,0.16616352,0.948521,0.58797045,-0.695555805,-0.666814425
source_disjoint_music_v1,sdm_real_0099,0.4543883329013594,0.4208325408576647,0.23034335524944005,0.6908223,0.9477851,-0.643189725,-0.6562646624999999,-0.702384375
source_disjoint_music_v1,sdm_real_0100,0.7813679482950109,0.4523609742885515,0.7451638584537552,0.023739824,0.91368216,-0.008815022249999999,0.555604725,0.178653105
source_disjoint_music_v1,sdm_real_0101,0.5483883136315547,0.882318319754082,0.07820289713427406,0.039032463,0.95747596,-0.707778975,-0.7497257025,-0.74973987
source_disjoint_music_v1,sdm_real_0102,0.06690300905733343,0.11279128633996675,0.05213458760521896,0.05654914,0.94147193,-0.7497935625000001,0.6181253474999999,-0.688886895
source_disjoint_music_v1,sdm_real_0103,0.4068464804931954,0.8195290960357129,0.0919294933356881,0.06925971,0.844901,0.25003092,0.21070365000000002,0.37235997
source_disjoint_music_v1,sdm_real_0104,0.8929284510198892,0.4531851562022516,0.8508221893718233,0.03789786,0.7866275,-0.23112397499999998,0.749998575,0.7478650499999999
source_disjoint_music_v1,sdm_real_0105,0.7769205776623417,0.6170776607147453,0.6037079349039652,0.13414152,0.91793865,0.6970537725,0.749938395,0.749925
source_disjoint_music_v1,sdm_real_0106,0.6973521719872418,0.9727079589443474,0.17186488545705356,0.06466591,0.9174107,0.7386036525,0.7499703,0.7499788125
source_disjoint_music_v1,sdm_real_0107,0.0738284584826107,8.963545080465519e-06,0.0554817313029275,0.068929516,0.89192605,-0.74861685,-0.6639525,-0.7498176
source_disjoint_music_v1,sdm_real_0108,0.13564983866903893,0.7828057205294996,0.01233745135320511,0.37574345,0.9509179,-0.7388862,-0.1852348425,-0.2054037225
source_disjoint_music_v1,sdm_real_0109,0.21091182034376277,0.8202746268297822,0.00243783446185724,0.024273247,0.834711,0.70097025,-0.5967485025,0.32497262250000003
source_disjoint_music_v1,sdm_real_0110,0.215582507197671,0.9646544278203348,0.017423828007346653,0.029483344,0.92096865,0.3385598625,0.748011075,-0.6446781450000001
source_disjoint_music_v1,sdm_real_0111,0.5363177695686375,0.9042087634908224,0.06612513531590275,0.40922526,0.92223984,0.7467335625,-0.5263902225,0.749607525
source_disjoint_music_v1,sdm_real_0112,0.5257124026653176,0.9729449760493879,0.03489539892109498,0.46456796,0.78591496,-0.60342435,-0.7410004725,-0.7388096024999999
source_disjoint_music_v1,sdm_real_0113,0.25460026197605207,0.5778527123153255,0.06858263836281124,0.019749053,0.955059,-0.20121417749999998,-0.7481828475000001,-0.7496802
source_disjoint_music_v1,sdm_real_0114,0.5235171896206376,0.762579930049075,0.10599271690967621,0.049004614,0.8724466,0.16714875,0.749999955,0.7497752775
source_disjoint_music_v1,sdm_real_0115,0.2852594573348747,0.6320356642807484,0.014590466752477544,0.022017548,0.9565845,-0.5758059449999999,0.74994372,0.298620075
source_disjoint_music_v1,sdm_real_0116,0.23448471292175374,0.8219657712314089,0.013825785957117219,0.025291173,0.8657873,0.2912609625,0.6362266875,0.319822155
source_disjoint_music_v1,sdm_real_0117,0.6010676221147705,0.4100074576285732,0.26641862989832604,0.022252774,0.91393846,0.7408804499999999,-0.565045905,0.7434661499999999
source_disjoint_music_v1,sdm_real_0118,0.33595514675315485,0.42306575603311564,0.01003225535227872,0.111191586,0.90798163,0.734278725,-0.028599062249999998,0.7201797750000001
source_disjoint_music_v1,sdm_real_0119,0.10136266461535269,0.24549820295346586,0.020188105067295355,0.16003212,0.8826205,-0.7491571124999999,-0.74259,-0.7329441
source_disjoint_music_v1,sdm_real_0120,0.1590122140892993,0.7393951414736494,0.029148292127782693,0.015058088,0.9294362,-0.7421971875,-0.6597861375,-0.745766775
source_disjoint_music_v1,sdm_real_0121,0.6117116275236518,0.9147183299462591,0.25233332310872136,0.14133483,0.9589745,0.698932305,0.67817565,0.749467875
source_disjoint_music_v1,sdm_real_0122,0.2259222079173249,0.21356419078899339,0.09753974423722431,0.023207294,0.9482086,0.73939215,0.31996155,-0.629773605
source_disjoint_music_v1,sdm_real_0123,0.03344935143538421,0.013703759718996296,0.00024354854311754563,0.021657372,0.88949436,0.04976451750000001,-0.48233816250000006,-0.7459449
source_disjoint_music_v1,sdm_real_0124,0.6698004541298792,0.9482461366332717,0.06688047690149344,0.091365375,0.89968425,0.746876625,-0.28002501,0.748984695
source_disjoint_music_v1,sdm_real_0125,0.5342105478215606,0.8477759297161691,0.24898339964719024,0.10154002,0.91782576,-0.748897575,-0.2504091975,-0.5276757
source_disjoint_music_v1,sdm_real_0126,0.525122170928586,0.6403924709112064,0.18315005809129611,0.027545966,0.85209095,-0.728531025,0.74971005,0.4548006
source_disjoint_music_v1,sdm_real_0127,0.28396667459706754,0.5637884119813901,0.06226793789995785,0.08945008,0.90112936,-0.09241368450000001,-0.3067808775,-0.67453275
source_disjoint_music_v1,sdm_real_0128,0.9072496652562199,0.9098438244856581,0.8021699396288641,0.0431333,0.9142862,0.4377043275,0.75,0.74999925
source_disjoint_music_v1,sdm_real_0129,0.2554528757654215,0.8927418630568158,0.010868332951322028,0.01514898,0.90455747,0.492573645,0.11248749,-0.268904265
source_disjoint_music_v1,sdm_real_0130,0.887746083552793,0.875416148702339,0.34269249542647745,0.4779459,0.463087,0.74990655,0.09377558999999999,0.749688
source_disjoint_music_v1,sdm_real_0131,0.7497662308744155,0.46605379885509834,0.5958311006810801,0.13051267,0.70945215,-0.0832037025,0.7499582025,0.675023775
source_disjoint_music_v1,sdm_real_0132,0.7677256209724248,0.9340296885967421,0.2863607907583095,0.08499595,0.92003787,0.74961555,0.68345985,0.74997675
source_disjoint_music_v1,sdm_real_0133,0.5625936909012624,0.8950364145123018,0.06947644957406585,0.18693139,0.96161,0.2276051475,0.6846361725000001,0.7359813
source_disjoint_music_v1,sdm_real_0134,0.11088233484729783,0.007125342583173551,0.03278022880949485,0.19697988,0.9636263,0.7486416375,0.7496128200000001,0.7450579500000001
source_disjoint_music_v1,sdm_real_0135,0.36246972049415216,0.8185353726965006,0.08373269486333697,0.020958008,0.92935,0.7398984000000001,0.14817078,-0.367822545
source_disjoint_music_v1,sdm_real_0136,0.39581711620383003,0.0052624281010040285,0.2385726955916863,0.3035819,0.9641271,0.74844132,0.32677887,0.734766795
source_disjoint_music_v1,sdm_real_0137,0.16656240352928742,0.6340855185080667,0.012180439119445885,0.051798116,0.88144016,0.212768085,-0.445221825,-0.7209033524999999
source_disjoint_music_v1,sdm_real_0138,0.4168495732218604,0.9465173887428395,0.04916263639050214,0.013555006,0.91539294,0.245554875,-0.5188604625,-0.696329805
source_disjoint_music_v1,sdm_real_0139,0.7190151744664351,0.9988938876464302,0.03445501842824246,0.22786318,0.94626766,-0.7499358524999999,-0.7399772250000001,-0.748009725
source_disjoint_music_v1,sdm_real_0140,0.7567803130807178,0.9312157792922144,0.37480445896378245,0.018311625,0.91073656,0.522515055,0.74701185,0.7498627499999999
source_disjoint_music_v1,sdm_real_0141,0.6294895887944848,0.45351405978905757,0.1487212685006284,0.34053704,0.6946129,0.7458476700000001,0.1235594325,0.7496486250000001
source_disjoint_music_v1,sdm_real_0142,0.5556273117329599,0.9624168203597636,0.002068536117339865,0.13912946,0.9246793,0.6620511,0.705306075,0.741702225
source_disjoint_music_v1,sdm_real_0143,0.16966920895116916,0.39349702431618183,0.033354283244623625,0.55457824,0.89018714,-0.728629125,-0.7120811625,-0.6726554625000001
source_disjoint_music_v1,sdm_real_0144,0.6667109317409364,0.3921675670378483,0.35812591784417025,0.21344896,0.907726,0.738888225,0.580156725,0.7497871500000001
source_disjoint_music_v1,sdm_real_0145,0.08983360817673759,0.1651920728779115,0.013120501248800263,0.024467086,0.92083645,-0.7492433475,-0.3046907625,-0.7499564624999999
source_disjoint_music_v1,sdm_real_0146,0.009176722213935182,0.002008295508690952,0.09097076412667328,0.89766407,0.7211074,0.74960142,-0.441405225,0.74887182
source_disjoint_music_v1,sdm_real_0147,0.2960540849733566,0.5793579780774045,0.06939355690060219,0.26332754,0.8821465,-0.569110125,-0.6509942550000001,-0.747725475
source_disjoint_music_v1,sdm_real_0148,0.5113397970479046,0.6121370953086119,0.27399506567325504,0.14011893,0.47995234,0.24649534499999998,-0.026944818,-0.4062219
source_disjoint_music_v1,sdm_real_0149,0.271607111922353,0.0694417362748115,0.1865016959626027,0.04606962,0.8921086,-0.6777300225,-0.7246845000000001,-0.746806725
source_disjoint_music_v1,sdm_real_0150,0.5548981717126253,0.5937005803557897,0.38307484660546876,0.25732666,0.96174985,0.2585632725,-0.47442870000000004,-0.61841793
source_disjoint_music_v1,sdm_real_0151,0.43705786296224347,0.7412497565613781,0.02216205354933688,0.3878239,0.94193864,0.61931808,-0.6603844875,0.1273465875
source_disjoint_music_v1,sdm_real_0152,0.9706775699960012,0.8944109420531315,0.8862657372187663,0.030972138,0.7360447,0.156802365,0.54188295,0.730485825
source_disjoint_music_v1,sdm_real_0153,0.7835159348771908,0.9075773813064221,0.5529920038648733,0.26563308,0.9479793,0.7438183125,0.70001805,0.749833725
source_disjoint_music_v1,sdm_real_0154,0.4760737346670258,0.7029592905067512,0.28953112406580533,0.07336522,0.8982223,-0.744633,-0.18954263999999998,-0.7407405225
source_disjoint_music_v1,sdm_real_0155,0.06800037187904416,0.6019382231779962,0.0038669867116665154,0.024804233,0.92521673,-0.2117162775,-0.21693076500000003,-0.414443445
source_disjoint_music_v1,sdm_real_0156,0.24967699598176332,0.7378562491288737,0.03162559010923237,0.059375454,0.89271575,0.18898929750000001,0.655510605,-0.6116038275
source_disjoint_music_v1,sdm_real_0157,0.4343546399799391,0.5896897145349759,0.1460100791804302,0.2149728,0.9160128,-0.7491962775000001,0.7329052500000001,0.116606025
source_disjoint_music_v1,sdm_real_0158,0.8264717800935417,0.9344986676298518,0.5134453527925933,0.4875645,0.9582947,0.7385757,0.64226988,0.7498536
source_disjoint_music_v1,sdm_real_0159,0.6418318237971702,0.946367412849535,0.03303869874762164,0.48713347,0.9371176,0.7496130000000001,-0.62157645,0.749741475
source_disjoint_music_v1,sdm_real_0160,0.22445484754821768,0.062499267436015866,0.0627855601680012,0.021171927,0.9615215,-0.47784903749999996,-0.4131739125,-0.7311051375
source_disjoint_music_v1,sdm_real_0161,0.07308774721485703,0.24269213200976134,0.010855215879118885,0.023210991,0.9666129,0.108396615,-0.7136712000000001,-0.74693145
source_disjoint_music_v1,sdm_real_0162,0.746093212269445,0.4973569764418164,0.2984041965123597,0.20364437,0.41436437,-0.7499677275,0.7499679,0.1490585925
source_disjoint_music_v1,sdm_real_0163,0.06892264857719686,0.10377293373105616,0.0024263047603771105,0.020968035,0.873899,-0.278236605,-0.742981875,-0.7491315749999999
source_disjoint_music_v1,sdm_real_0164,0.1841630620545133,0.8418989665419978,0.019572045775643403,0.2193611,0.92687815,0.74173065,0.40649718,0.749914425
source_disjoint_music_v1,sdm_real_0165,0.256264191925662,0.7809761630937987,0.010714884663782778,0.09120135,0.91076815,-0.6947887875000001,0.010342602749999999,-0.7244215125
source_disjoint_music_v1,sdm_real_0166,0.5703135184825845,0.6608027886574221,0.11623578933330202,0.3989486,0.9422448,-0.329517825,-0.56952705,0.39309386999999996
source_disjoint_music_v1,sdm_real_0167,0.6438002104399071,0.9303136835015633,0.24700675800499503,0.11229877,0.96243155,-0.72165477,0.749999955,0.749932095
source_disjoint_music_v1,sdm_real_0168,0.467456935240874,0.9661036566958823,0.029411451732673767,0.20592669,0.94305784,0.748358025,0.739208805,0.7499307749999999
source_disjoint_music_v1,sdm_real_0169,0.5859880286252221,0.9526972644175765,0.007509565397651248,0.4077832,0.9278737,0.749890875,-0.31198639499999997,0.7498682249999999
source_disjoint_music_v1,sdm_real_0170,0.8121129292858685,0.970590902804965,0.14734311053806096,0.29001862,0.93821305,0.7390033874999999,0.5694281025,0.749866275
source_disjoint_music_v1,sdm_real_0171,0.12998023614012286,0.5871223398615124,0.008318171066779902,0.19542806,0.96866447,0.7499309249999999,0.14871692250000002,0.743125425
source_disjoint_music_v1,sdm_real_0172,0.5959179663049872,0.5697161134112471,0.562778228144804,0.026220474,0.93849176,-0.6958017,0.673896075,-0.1862007525
source_disjoint_music_v1,sdm_real_0173,0.2905935621831048,0.38616630258800905,0.11586004908102357,0.033040106,0.8529777,-0.41668582500000007,-0.5330127,-0.7473363
source_disjoint_music_v1,sdm_real_0174,0.8366122844531904,0.9274873237583652,0.4986623153184592,0.020302719,0.9294011,0.6022350000000001,0.0556072275,0.5757865875
source_disjoint_music_v1,sdm_real_0175,0.3620806575583908,0.6962030833652,0.03612705836862798,0.13033654,0.92871034,0.69125865,0.749999955,0.74999817
source_disjoint_music_v1,sdm_real_0176,0.33981668633310835,0.8950328149155354,0.0142372193317256,0.13535011,0.94734466,-0.27358731,0.70872027,0.74558985
source_disjoint_music_v1,sdm_real_0177,0.6183615961008952,0.5637939132214735,0.20963978063552188,0.5432528,0.61209196,0.747461625,0.4155957,0.7496170275
source_disjoint_music_v1,sdm_real_0178,0.5970577896132616,0.0470135089661186,0.3532560185675453,0.56207585,0.8617929,-0.52395558,-0.644390925,-0.54917775
source_disjoint_music_v1,sdm_real_0179,0.08317119459572114,0.03402259077643286,0.022952548007620872,0.022318225,0.87931204,-0.749704275,-0.49168512,-0.7492861500000001
source_disjoint_music_v1,sdm_real_0180,0.7071162692970209,0.8128384894137936,0.268024567380978,0.046790984,0.92720395,0.7499994,0.7499106,0.7499989499999999
source_disjoint_music_v1,sdm_real_0181,0.9175772873820243,0.8610082744230376,0.8425860692885196,0.018094378,0.9492135,0.17907144,0.436223745,0.7475825700000001
source_disjoint_music_v1,sdm_real_0182,0.08699664668579024,0.34975041421210423,0.0014945379509886411,0.13526008,0.9517842,-0.7079155500000001,-0.5611461,-0.74499045
source_disjoint_music_v1,sdm_real_0183,0.5963926210221279,0.9902158411715986,0.10852942478942015,0.13744822,0.939481,-0.343875225,-0.057438645,-0.468831825
source_disjoint_music_v1,sdm_real_0184,0.2175865555290605,0.04948798695334275,0.09127423393163248,0.02768974,0.89670366,-0.10216196999999999,-0.22374657000000003,-0.7261223250000001
source_disjoint_music_v1,sdm_real_0185,0.7047014833489861,0.3450416502104156,0.5561762111391172,0.02141413,0.91326874,-0.2485483725,0.19642647749999997,0.739127475
source_disjoint_music_v1,sdm_real_0186,0.7286916736798231,0.9217295950544612,0.25121314393079736,0.082490735,0.97934246,0.2210877375,0.736098675,0.7360932375
source_disjoint_music_v1,sdm_real_0187,0.1985682375286305,0.008988997917124186,0.13253506363091566,0.030176235,0.8889552,-0.44493851249999994,-0.1422242775,-0.7423100625
source_disjoint_music_v1,sdm_real_0188,0.3380409231078443,0.5582537802485036,0.01432594715031698,0.11020077,0.9636416,0.742947975,0.6421473,0.74994255
source_disjoint_music_v1,sdm_real_0189,0.3861192403775305,0.07093232617494377,0.33999796246725855,0.01273615,0.8684886,-0.7394859,0.150376755,-0.57941562
source_disjoint_music_v1,sdm_real_0190,0.5870833908379843,0.56351592540724,0.35921193302513504,0.043589566,0.89775074,-0.745137225,-0.7404332775,-0.736852305
source_disjoint_music_v1,sdm_real_0191,0.10245114259822874,0.2788400998273001,0.002761415385335851,0.025083654,0.9233855,0.30145716,0.74419125,0.19605292500000002
source_disjoint_music_v1,sdm_real_0192,0.4581373337519562,0.679319913611655,0.11799460632464523,0.24454989,0.93440795,0.73962795,0.49462950000000006,0.7477483725
source_disjoint_music_v1,sdm_real_0193,0.4951455069114187,0.8458979388820423,0.17324940099343608,0.017278116,0.93376595,-0.7497571275,-0.748150725,-0.749995755
source_disjoint_music_v1,sdm_real_0194,0.3930998922036238,0.26805489381589886,0.18117638401844124,0.040790193,0.64208716,0.7093475250000001,0.71629107,0.746273655
source_disjoint_music_v1,sdm_real_0195,0.33447086877832916,0.25039868314624575,0.18186994844614196,0.0254555,0.966972,-0.7485317625,-0.4100824875,-0.7390668
source_disjoint_music_v1,sdm_real_0196,0.22478915397453697,0.4563890999950795,0.023209130923793484,0.0941565,0.94808286,0.15329135249999998,0.5809329,-0.5368750499999999
source_disjoint_music_v1,sdm_real_0197,0.8286830788979173,0.4477835890945721,0.8105738873736332,0.03092429,0.8729402,0.169576275,0.7456139625,0.6792823050000001
source_disjoint_music_v1,sdm_real_0198,0.365200757914825,0.0872429605372093,0.17429582547661365,0.013376956,0.8376758,0.7396795725,0.7478921249999999,0.663374475
source_disjoint_music_v1,sdm_real_0199,0.2055494224787943,0.5532113686958537,0.05636313190737109,0.10313764,0.86347824,-0.1458226875,0.693504,-0.084426765
asvspoof_voice_wav_dev_v1,voice_0000__wav,0.11714244037467142,0.002330932272104274,0.4649842473716839,0.7631026,0.22055988,-0.417706125,0.55392663,-0.66834837
asvspoof_voice_wav_dev_v1,voice_0002__wav,0.5657006206456567,0.013297691782552527,0.7906237619974186,0.81479496,0.21406117,0.7499854275,0.6188014875,0.7496529749999999
asvspoof_voice_wav_dev_v1,voice_0004__wav,0.5577518977830982,0.005450551627371194,0.7797340400291017,0.8252981,0.08248071,0.75,0.7406614875,0.74999973
asvspoof_voice_wav_dev_v1,voice_0005__wav,0.19403040920684408,0.001626140944070373,0.5369873053909279,0.7870523,0.17085694,-0.7496522999999999,-0.485646825,-0.7474018499999999
asvspoof_voice_wav_dev_v1,voice_0006__wav,0.08640329328150932,0.001701614379411113,0.2360842930164341,0.78525877,0.15129927,-0.749538705,-0.7221843299999999,-0.74997912
asvspoof_voice_wav_dev_v1,voice_0007__wav,0.6260345072722461,0.023796743320973687,0.9179468565106849,0.81344485,0.24699552,0.69386895,0.7441920375,0.7003355250000001
asvspoof_voice_wav_dev_v1,voice_0008__wav,0.7877977395172913,0.030570304731529732,0.9676874705658579,0.7621104,0.043924756,0.749999925,-0.0500234475,0.749986875
asvspoof_voice_wav_dev_v1,voice_0009__wav,0.6609118436965296,0.007814329058504947,0.7122148443296136,0.6809067,0.033489775,0.749932425,0.5626586250000001,0.747901845
asvspoof_voice_wav_dev_v1,voice_0011__wav,0.3612980844076513,0.003434351030582874,0.5149209911810418,0.76514775,0.032792155,0.7493794275000001,0.1615264125,0.74290605
asvspoof_voice_wav_dev_v1,voice_0012__wav,0.5928340458239642,0.04060738057448323,0.936260665988507,0.87113345,0.2620823,-0.22910794499999998,0.37454440499999997,0.63535698
asvspoof_voice_wav_dev_v1,voice_0013__wav,0.34499593399873146,0.002473677524102677,0.7349047930939255,0.7890589,0.037967715,0.7379702475000001,0.57722865,0.06483412125
asvspoof_voice_wav_dev_v1,voice_0014__wav,0.07473689350684569,0.0011269565290787157,0.8535288710593997,0.7871569,0.023568692,0.75,0.734037075,0.7499886
asvspoof_voice_wav_dev_v1,voice_0015__wav,0.665601371911577,0.0138462527527538,0.8775892809279019,0.8224441,0.3076121,-0.744348,0.7378551,0.651594225
asvspoof_voice_wav_dev_v1,voice_0016__wav,0.5638284682354207,0.0047504230035391145,0.8907276349790181,0.7313793,0.28724357,-0.11201228999999999,0.7442000249999999,0.697622175
asvspoof_voice_wav_dev_v1,voice_0017__wav,0.30458239509253265,0.013295311056540138,0.6191064622818329,0.7988773,0.047756318,0.7476745275,0.743023305,0.674310675
asvspoof_voice_wav_dev_v1,voice_0018__wav,0.16835051732648912,0.006857185936863402,0.9414740851078514,0.75967646,0.03477602,0.75,0.7482460125,0.7499987475000001
asvspoof_voice_wav_dev_v1,voice_0019__wav,0.32979729323286483,0.0014239020277178034,0.37712771506686954,0.82202166,0.01577517,0.74999955,-0.458279595,0.74986335
asvspoof_voice_wav_dev_v1,voice_0020__wav,0.510922721560371,0.003559947844584377,0.9281248720379713,0.8230813,0.045902677,0.749656125,0.70356195,0.7447027275
asvspoof_voice_wav_dev_v1,voice_0021__wav,0.7092683337603839,0.03308824313800333,0.8328092641813631,0.7050186,0.05573017,0.74999985,0.6276834450000001,0.7499916375
asvspoof_voice_wav_dev_v1,voice_0022__wav,0.1450687165166932,0.0003474958297254489,0.5677131327556344,0.7651011,0.10758151,-0.6031250475000001,0.08206587,-0.747643725
asvspoof_voice_wav_dev_v1,voice_0023__wav,0.5970841753066991,0.016194118224155726,0.8191239382064434,0.69700915,0.15333728,0.75,0.6137907,0.749966775
asvspoof_voice_wav_dev_v1,voice_0024__wav,0.1450446216728154,0.0002080835873487098,0.37883919723288495,0.7470569,0.10868289,-0.672738375,0.740834925,-0.1015785
asvspoof_voice_wav_dev_v1,voice_0025__wav,0.5956408583172329,0.008084743814618309,0.6372504574875334,0.71034664,0.04000033,0.74999985,0.49606346999999995,0.749853195
asvspoof_voice_wav_dev_v1,voice_0026__wav,0.18829938319113354,0.004929189486641242,0.8969902453523644,0.8343668,0.056704726,0.74999475,0.0814576275,0.749844
asvspoof_voice_wav_dev_v1,voice_0027__wav,0.047711352163569316,0.0023453028619669866,0.629582038255411,0.7755369,0.06021595,0.054826770000000004,0.538236555,-0.03236967
asvspoof_voice_wav_dev_v1,voice_0028__wav,0.5100543460667395,0.00537176227255485,0.6231203127865634,0.74788046,0.028133634,0.749996175,-0.29684849999999996,0.749509695
asvspoof_voice_wav_dev_v1,voice_0029__wav,0.1267650653615717,0.0012036756676404399,0.33558112221028835,0.7557346,0.03851843,0.265046625,-0.2122891125,-0.2772402975
asvspoof_voice_wav_dev_v1,voice_0030__wav,0.09695841300458656,0.0034344464683521815,0.38717275068224355,0.7588914,0.18296851,0.74602425,-0.038527515,-0.009295665
asvspoof_voice_wav_dev_v1,voice_0031__wav,0.4984855692425089,0.001244181978916174,0.8425738515245593,0.8098378,0.043008853,0.7499451749999999,0.73117185,0.7494047699999999
asvspoof_voice_wav_dev_v1,voice_0032__wav,0.06705673007714846,0.002348687938170936,0.3184903932789643,0.79932165,0.04661306,0.74772093,-0.449084925,-0.44379285
asvspoof_voice_wav_dev_v1,voice_0033__wav,0.6974360005762387,0.005790180911377193,0.9727968856369458,0.77469665,0.04718956,0.703416525,0.680065155,0.6310501500000001
asvspoof_voice_wav_dev_v1,voice_0034__wav,0.5869980466562386,0.007963443837032378,0.8392056547232276,0.7926311,0.16616571,0.7499534250000001,0.700984425,0.749257275
asvspoof_voice_wav_dev_v1,voice_0035__wav,0.16258330747893698,0.0018310366636488603,0.6783689922012615,0.77282107,0.18870157,-0.74841885,0.502973475,-0.5890586250000001
asvspoof_voice_wav_dev_v1,voice_0036__wav,0.6008398954011007,0.012305647506192091,0.8264871329484518,0.78096944,0.12095222,0.75,0.49019392500000003,0.7499751450000001
asvspoof_voice_wav_dev_v1,voice_0037__wav,0.49612702014859755,0.010484582956936037,0.7548370468132918,0.76878005,0.17992273,0.7499988,0.529291575,0.747866625
asvspoof_voice_wav_dev_v1,voice_0040__wav,0.4975168185271709,0.06977774017369652,0.7139861890503331,0.70348036,0.25573385,0.695771775,0.5890753275,0.209287605
asvspoof_voice_wav_dev_v1,voice_0041__wav,0.26096309136894585,0.003270907660194139,0.45218878625718006,0.7795482,0.02597117,0.7499988,0.660700545,0.7490526750000001
asvspoof_voice_wav_dev_v1,voice_0042__wav,0.2958599027591539,0.0011145461654787456,0.5668157195246346,0.8309308,0.026968095,0.7499938725,0.45572392500000003,0.7488926475000001
asvspoof_voice_wav_dev_v1,voice_0043__wav,0.4599966705256207,0.0007885245989908232,0.7689757262728069,0.8287182,0.23770526,0.7456143749999999,0.67830777,0.705759075
asvspoof_voice_wav_dev_v1,voice_0045__wav,0.6006873635766887,0.016827640014704853,0.8332077382121278,0.81449556,0.21019179,0.7492459874999999,0.5256849,0.723903
asvspoof_voice_wav_dev_v1,voice_0046__wav,0.5438624163038251,0.030119268674279335,0.8439315866526592,0.7810259,0.06522131,0.7494585,0.693003,0.296483925
asvspoof_voice_wav_dev_v1,voice_0047__wav,0.5871944045422982,0.22202262634552436,0.4603746134596664,0.7503767,0.18649584,-0.746860275,0.45954870000000003,0.60372735
asvspoof_voice_wav_dev_v1,voice_0048__wav,0.6708129201587741,0.01517969296889152,0.839349110132918,0.71391183,0.08682682,0.75,0.44382975,0.7499930699999999
asvspoof_voice_wav_dev_v1,voice_0049__wav,0.5607949641597034,0.01005095082463375,0.8282216312123358,0.86446273,0.3692527,-0.49698719999999996,0.7499795250000001,0.7492033875
asvspoof_voice_wav_dev_v1,voice_0050__wav,0.7041579555589956,0.05140533590406597,0.8730139308803865,0.83459526,0.37021512,0.7495644975,0.7499977200000001,0.74999985
asvspoof_voice_wav_dev_v1,voice_0051__wav,0.7454353879414617,0.0038992301044292713,0.9576123424539141,0.8451228,0.14330637,-0.730133175,0.739678425,0.7493661525
asvspoof_voice_wav_dev_v1,voice_0052__wav,0.37495277684098705,0.002378648516137484,0.8229310803463736,0.7829404,0.024793336,-0.72978825,0.5648897625,-0.520038225
asvspoof_voice_wav_dev_v1,voice_0053__wav,0.5494366198431196,0.07495456933160999,0.6322257891604968,0.805921,0.12471031,0.749976,0.7303745024999999,0.7499627625
asvspoof_voice_wav_dev_v1,voice_0054__wav,0.6700531808166356,0.20526018299623014,0.7364813945801394,0.71029186,0.100486584,0.749988525,0.67029975,0.7389490725
asvspoof_voice_wav_dev_v1,voice_0055__wav,0.6498230468416603,0.0017658548967446912,0.9716024969354858,0.77562875,0.033424716,0.749950605,0.6898635,0.7401733275
asvspoof_voice_wav_dev_v1,voice_0056__wav,0.5702714747314644,0.0014478883581347083,0.49311462878762136,0.78123087,0.028511839,0.74998605,-0.11535214500000002,0.7495833000000001
asvspoof_voice_wav_dev_v1,voice_0058__wav,0.5458057544652938,0.00744901429408656,0.8335091991375634,0.81145585,0.10595303,0.7492331249999999,0.745604175,0.749434425
asvspoof_voice_wav_dev_v1,voice_0059__wav,0.46014780758640517,0.008081506103632402,0.7901725407350109,0.7792647,0.060953315,0.7499895375,0.612697095,0.749129325
asvspoof_voice_wav_dev_v1,voice_0060__wav,0.715381535499499,0.007109055591538261,0.9601118689943949,0.79214185,0.02476242,0.74999835,0.6814389,0.749415075
asvspoof_voice_wav_dev_v1,voice_0061__wav,0.40453929322264537,0.009591899731806774,0.5477077880555763,0.74065,0.030457692,0.7406933250000001,-0.182042325,-0.39726570000000005
asvspoof_voice_wav_dev_v1,voice_0062__wav,0.4405170742830848,0.0016569448154506834,0.6940911707007322,0.81718385,0.031844728,0.749989725,0.734573475,0.7483437749999999
asvspoof_voice_wav_dev_v1,voice_0063__wav,0.09738166190752481,0.0016928695430528562,0.7530856490740564,0.7694828,0.38688958,-0.14478440250000002,0.749311875,0.7486583250000001
asvspoof_voice_wav_dev_v1,voice_0064__wav,0.3794398992720941,0.0036648406178096333,0.701115313768467,0.7850987,0.13562515,0.740200575,0.555150375,0.29262108750000004
asvspoof_voice_wav_dev_v1,voice_0066__wav,0.08468542404448015,0.0035772995699806347,0.5556368847886791,0.7764663,0.033994686,0.749340525,0.5410810500000001,0.693652245
asvspoof_voice_wav_dev_v1,voice_0067__wav,0.186633163157233,0.0007562816064512548,0.619657978467918,0.81322706,0.22644143,-0.590874675,0.2713232775,-0.749526375
asvspoof_voice_wav_dev_v1,voice_0068__wav,0.0897553265669294,0.005808483549538845,0.42651828153105825,0.77544236,0.08112716,-0.62975322,-0.027814485,-0.708216525
asvspoof_voice_wav_dev_v1,voice_0069__wav,0.12837472499412855,0.006779371165436654,0.7749764449263368,0.78281945,0.13238625,0.7499994,0.649736325,0.7499176125
asvspoof_voice_wav_dev_v1,voice_0070__wav,0.2685996042043216,0.0009541094093427126,0.5230170029969617,0.8097889,0.11946291,0.46518909750000004,0.1610569875,0.21707439750000002
asvspoof_voice_wav_dev_v1,voice_0071__wav,0.49199589639732394,0.0006659750995073657,0.7046074760766666,0.74897766,0.06285909,0.747642675,0.603911655,0.12160656
asvspoof_voice_wav_dev_v1,voice_0073__wav,0.31009152978903964,0.0004494720601874713,0.6102095425870725,0.79115045,0.17335106,0.749610825,0.7302192,0.74538255
asvspoof_voice_wav_dev_v1,voice_0074__wav,0.23914668670738806,0.0050221293592711425,0.46570514286313863,0.86578107,0.08050102,0.7481631375,0.26949262500000004,0.686145225
asvspoof_voice_wav_dev_v1,voice_0075__wav,0.712424543878142,0.004519180219512931,0.8197725850958985,0.7478332,0.05688126,0.7499988375,0.50804937,0.749872575
asvspoof_voice_wav_dev_v1,voice_0076__wav,0.3840174386607636,0.007202947402740551,0.33115440943556684,0.8188547,0.08706369,0.749691,-0.38918895,0.573425925
asvspoof_voice_wav_dev_v1,voice_0077__wav,0.4342283107877841,0.010842283370153319,0.6832653893813503,0.76642996,0.27797553,0.7495383,0.5986619025000001,0.7407976949999999
asvspoof_voice_wav_dev_v1,voice_0078__wav,0.571692182126626,0.011755782130332867,0.876230482312453,0.7664651,0.12184841,0.749987775,0.48693135,0.74518695
asvspoof_voice_wav_dev_v1,voice_0079__wav,0.6576334793060298,0.0024245120999432258,0.8111424135534263,0.6955113,0.0703528,0.7499464499999999,0.660114675,0.745683345
asvspoof_voice_wav_dev_v1,voice_0080__wav,0.6862631949145054,0.015194059224895343,0.8474732983049718,0.7280809,0.027056206,0.7499992875,0.66586527,0.74972175
asvspoof_voice_wav_dev_v1,voice_0081__wav,0.45687532240038997,0.013645477152389413,0.7736614100250959,0.7553557,0.26473582,0.7419577125000001,0.7433498625,0.7470879225
asvspoof_voice_wav_dev_v1,voice_0082__wav,0.11337049121487675,0.0008535683777769833,0.3590926458042128,0.77377176,0.045640826,-0.5411621249999999,-0.3839318025,-0.73019265
asvspoof_voice_wav_dev_v1,voice_0083__wav,0.5656537013282468,0.08987162026089672,0.5725552079783675,0.8017524,0.14798056,0.7499835525,0.7045864875,0.7499349
asvspoof_voice_wav_dev_v1,voice_0084__wav,0.5004986692597416,0.005204855667431674,0.7762503001616484,0.7734654,0.11620695,0.7442863125,0.52448775,0.5899052025
asvspoof_voice_wav_dev_v1,voice_0085__wav,0.4220967889709935,0.0012464739265978847,0.7732129535717378,0.77738607,0.10641979,-0.670302675,0.27879862499999997,0.11473542750000001
asvspoof_voice_wav_dev_v1,voice_0086__wav,0.3466222723202528,0.006961467708473871,0.539885242332372,0.79503363,0.037147246,0.74558835,0.701804925,0.7484457
asvspoof_voice_wav_dev_v1,voice_0087__wav,0.34723409731199245,0.022307796413520715,0.5677129674933439,0.8054453,0.10407659,0.749628,0.1306747875,0.57011115
asvspoof_voice_wav_dev_v1,voice_0088__wav,0.5355344655109027,0.02778434545536222,0.8549504444006579,0.7965215,0.16790748,0.749901075,0.5109387375,0.4224018
asvspoof_voice_wav_dev_v1,voice_0090__wav,0.5915394431294332,0.06141797168427321,0.7909325643667039,0.7814621,0.03419274,0.7489490624999999,0.74967525,0.7391250300000001
asvspoof_voice_wav_dev_v1,voice_0091__wav,0.5141157024890012,0.005325337326650698,0.7777567608481255,0.83270013,0.034532577,0.7499992875,0.7107174749999999,0.749937675
asvspoof_voice_wav_dev_v1,voice_0092__wav,0.16594254948647,0.0031916066948681765,0.6192430474970413,0.78077507,0.11358519,0.431762325,0.64060593,-0.504465045
asvspoof_voice_wav_dev_v1,voice_0093__wav,0.47343358034483796,0.002903044415321345,0.5034923317973415,0.8095462,0.1631103,0.7499602125,-0.1309427175,0.6963075750000001
asvspoof_voice_wav_dev_v1,voice_0094__wav,0.44290953995099425,0.0014281044782382371,0.7441299049705717,0.764387,0.033126045,0.1798051575,0.55228338,0.672535125
asvspoof_voice_wav_dev_v1,voice_0095__wav,0.5715627538553212,0.0027867311072097985,0.8165946151663598,0.79574436,0.019574897,0.7499908799999999,0.4665962775,0.7427988525
asvspoof_voice_wav_dev_v1,voice_0096__wav,0.47367787068122735,0.006532380352475207,0.7423058799569338,0.78808624,0.041582327,0.749988825,0.57654333,0.7453687499999999
asvspoof_voice_wav_dev_v1,voice_0097__wav,0.2755226474509724,0.0005475577229919705,0.695643347405847,0.7952194,0.024168381,-0.5989401375,0.447142575,-0.22156602000000003
asvspoof_voice_wav_dev_v1,voice_0098__wav,0.3215429861689492,0.0022031247931697485,0.6841373954258433,0.77740353,0.062229484,0.7492104,0.332274465,-0.01981818
asvspoof_voice_wav_dev_v1,voice_0099__wav,0.22302784211565607,0.014925251952509827,0.8926466940805543,0.7888498,0.035977855,0.75,0.7489465200000001,0.7499994750000001
asvspoof_voice_wav_dev_v1,voice_0100__wav,0.9999607730438895,0.999955481670389,0.7309368357856871,0.8027338,0.18135689,0.7475134125,0.387573825,0.7485666
asvspoof_voice_wav_dev_v1,voice_0101__wav,0.9993047414892352,0.9992906499153384,0.5983415311652666,0.880187,0.10760958,-0.749999775,-0.7493013,-0.74999985
asvspoof_voice_wav_dev_v1,voice_0102__wav,0.9997514862323632,0.9997851906257021,0.6717240168803731,0.66542333,0.058892746,0.13878915,-0.2513187,-0.410398095
asvspoof_voice_wav_dev_v1,voice_0104__wav,0.9999861970024226,0.9999854905927305,0.8034449631037102,0.8298347,0.030223036,0.7499931,0.40653712499999994,0.74999415
asvspoof_voice_wav_dev_v1,voice_0105__wav,0.9999478228872514,0.9999128111536624,0.8508130355670241,0.68178725,0.14140661,0.7325566125,0.749436555,0.74998887
asvspoof_voice_wav_dev_v1,voice_0107__wav,0.9999841800392261,0.9999776960670831,0.7950027514189093,0.73338276,0.06994038,0.72770085,0.09584574750000001,0.69928245
asvspoof_voice_wav_dev_v1,voice_0109__wav,0.9993085899739332,0.9992403915934405,0.7140370831498606,0.83634925,0.084668905,-0.2740272,0.3585363,-0.014138669999999999
asvspoof_voice_wav_dev_v1,voice_0110__wav,0.9999618183739453,0.999954147552969,0.687521341704049,0.7520408,0.028154593,0.734103675,0.46107584999999995,0.71044515
asvspoof_voice_wav_dev_v1,voice_0111__wav,0.9999830162660162,0.9999702686976236,0.9040936012806134,0.6995615,0.08582251,0.5879538,0.5842896375,0.745103445
asvspoof_voice_wav_dev_v1,voice_0112__wav,0.9992952124545432,0.9993274497721525,0.6597432733389644,0.77504635,0.075163305,-0.43996587750000005,0.15676835249999999,-0.7216945124999999
asvspoof_voice_wav_dev_v1,voice_0113__wav,0.9961625000113504,0.996930163114997,0.4913282307795295,0.8043928,0.053978067,-0.74995815,-0.0643212525,-0.74722545
asvspoof_voice_wav_dev_v1,voice_0114__wav,0.9999788854926508,0.9999741270850849,0.7476888382736191,0.7982073,0.087749586,0.7499943,0.57199485,0.7499946
asvspoof_voice_wav_dev_v1,voice_0115__wav,0.9999925704249701,0.9999887008128469,0.9899675692995619,0.75744575,0.041494556,0.7499447025,0.3305370225,0.749874075
asvspoof_voice_wav_dev_v1,voice_0116__wav,0.9999913373233383,0.9999885211251641,0.8540185701494918,0.83425903,0.05296198,0.749925975,0.537875175,0.7499733
asvspoof_voice_wav_dev_v1,voice_0117__wav,0.9999585513758428,0.9999599092239082,0.6616683713292207,0.77096766,0.025854511,0.749327925,-0.457792125,0.7485990375
asvspoof_voice_wav_dev_v1,voice_0118__wav,0.9999824821300776,0.9999698259673964,0.901432329947159,0.753293,0.07437901,0.74996388,0.241049625,0.7495776000000001
asvspoof_voice_wav_dev_v1,voice_0119__wav,0.999943566330167,0.9999106885270853,0.7919048794929141,0.8209747,0.052471343,0.7421264624999999,0.5452512525000001,0.749389395
asvspoof_voice_wav_dev_v1,voice_0120__wav,0.9999348412519163,0.9999660820135576,0.6434160246852596,0.7946183,0.07258926,0.7178673,-0.5745001125,-0.5166598874999999
asvspoof_voice_wav_dev_v1,voice_0123__wav,0.9995130148960174,0.9986680843121061,0.759527786827708,0.80477333,0.025692793,0.7482716775,0.4748209125,0.749825745
asvspoof_voice_wav_dev_v1,voice_0124__wav,0.9999842120485084,0.9999620502005783,0.9186635175126638,0.7524155,0.019866379,0.7495515375,0.3555724275,0.7497521625
asvspoof_voice_wav_dev_v1,voice_0125__wav,0.9999097819573958,0.9999228196426764,0.8795472531175776,0.7630324,0.08310759,-0.0301550055,0.148751025,-0.723754725
asvspoof_voice_wav_dev_v1,voice_0126__wav,0.9999903409947524,0.9999807397061024,0.9538846172256858,0.69222224,0.10973183,0.749999175,0.7062400725,0.7499994
asvspoof_voice_wav_dev_v1,voice_0127__wav,0.9999794988914914,0.9999748976997841,0.821315093952184,0.7326748,0.120216355,0.74996925,0.5426070375000001,0.74998212
asvspoof_voice_wav_dev_v1,voice_0128__wav,0.9998090374266787,0.9998128157753586,0.7133442985812026,0.79165334,0.10473406,0.6465366450000001,0.3850959225,0.7216929000000001
asvspoof_voice_wav_dev_v1,voice_0129__wav,0.9998806272110865,0.9998971140230398,0.4345219790973558,0.80908555,0.093425035,-0.6364908375,-0.12076350749999999,-0.7237370625
asvspoof_voice_wav_dev_v1,voice_0130__wav,0.9999181101414204,0.9998976087097646,0.8757964344040594,0.7968021,0.08422274,0.6787742999999999,0.53023065,0.717873795
asvspoof_voice_wav_dev_v1,voice_0131__wav,0.999979807866758,0.9999759974028601,0.7995271659138113,0.8313728,0.07061656,0.7489314525,0.7427590199999999,0.749966625
asvspoof_voice_wav_dev_v1,voice_0132__wav,0.9999503139871126,0.9999188511558069,0.8610863309996888,0.70551807,0.05310341,0.7499960999999999,0.309964725,0.7499948249999999
asvspoof_voice_wav_dev_v1,voice_0133__wav,0.999901672846914,0.9998294881800565,0.8298519890683396,0.7684023,0.060064625,0.7499943,0.61624995,0.7499993775
asvspoof_voice_wav_dev_v1,voice_0134__wav,0.9996331769417751,0.9977253676892405,0.8906913018529171,0.79132056,0.25634232,-0.75,0.72733965,0.6111853125
asvspoof_voice_wav_dev_v1,voice_0135__wav,0.9999177801956792,0.9998924013289797,0.7246572670557813,0.8036244,0.05525426,0.74999727,0.619041375,0.7499930699999999
asvspoof_voice_wav_dev_v1,voice_0137__wav,0.999669860409423,0.9997148519051565,0.6146887729881311,0.7977367,0.03791831,-0.42507997500000005,-0.306384,-0.7468009725
asvspoof_voice_wav_dev_v1,voice_0138__wav,0.999868314501717,0.999894737162819,0.7781423122009806,0.8015138,0.051823016,-0.0538734975,0.29777815500000004,-0.69504672
asvspoof_voice_wav_dev_v1,voice_0139__wav,0.9999856572619932,0.9999765797108531,0.8454099960375508,0.80474526,0.04984909,0.7499726999999999,0.610679925,0.7499786775
asvspoof_voice_wav_dev_v1,voice_0140__wav,0.9993968554122735,0.9997163322272987,0.5917478184146202,0.7868939,0.037337855,-0.354525045,-0.048838908,-0.7456375500000001
asvspoof_voice_wav_dev_v1,voice_0141__wav,0.9998945972038932,0.9998626387467919,0.72210137983671,0.80207783,0.081372604,0.74804592,0.16049163,0.715982475
asvspoof_voice_wav_dev_v1,voice_0142__wav,0.9999580716356183,0.9999408874999774,0.7991285039963215,0.7723959,0.12505527,-0.024640959749999997,0.300732405,0.3507932625
asvspoof_voice_wav_dev_v1,voice_0143__wav,0.9996523875884884,0.9996384141317368,0.8662482873592999,0.7204831,0.05339139,0.10804093499999999,0.23410123500000002,-0.6071043
asvspoof_voice_wav_dev_v1,voice_0145__wav,0.999989946250049,0.9999877507216366,0.8216692311635536,0.81187856,0.26190332,0.74992875,0.35906452499999997,0.7499896724999999
asvspoof_voice_wav_dev_v1,voice_0146__wav,0.9999915380357921,0.9999877603894249,0.8749372460438097,0.73366916,0.07849594,0.747560025,0.51255165,0.7498902975
asvspoof_voice_wav_dev_v1,voice_0148__wav,0.9999519094871756,0.9999005009784557,0.9520852484843827,0.80908597,0.04004943,0.7496756250000001,0.386231025,0.749832945
asvspoof_voice_wav_dev_v1,voice_0149__wav,0.9999417146395796,0.9999659875855869,0.5975577187758029,0.8397372,0.052319374,0.7262080049999999,0.14690391749999998,0.0259754565
asvspoof_voice_wav_dev_v1,voice_0150__wav,0.9999354500824734,0.9998978561455957,0.8315745849672913,0.8266106,0.07148566,0.5760544125,0.53070315,0.17793243
asvspoof_voice_wav_dev_v1,voice_0151__wav,0.9961413704869281,0.9907638010221587,0.7767025210329176,0.8678467,0.0223845,-0.7471537500000001,0.745872525,-0.10471931999999999
asvspoof_voice_wav_dev_v1,voice_0153__wav,0.9999824942900107,0.9999650748212624,0.8965402965114483,0.74220586,0.073552325,0.749996325,0.442254645,0.7499180999999999
asvspoof_voice_wav_dev_v1,voice_0154__wav,0.9999696539174778,0.9999576275774662,0.7891258010959349,0.7247522,0.10960878,0.74999865,0.6645914024999999,0.749995755
asvspoof_voice_wav_dev_v1,voice_0155__wav,0.9999830035078803,0.9999748996256359,0.8266375082369931,0.81190515,0.036789045,0.749739075,0.4416185625,0.748998975
asvspoof_voice_wav_dev_v1,voice_0156__wav,0.9999575969071756,0.9999283542103302,0.8157571202154975,0.8425338,0.044205043,0.7499291025,0.13546056,0.74997855
asvspoof_voice_wav_dev_v1,voice_0157__wav,0.9999908388347265,0.9999851782385891,0.8719089749951805,0.7943015,0.038935896,0.745646595,0.38891685,0.748747455
asvspoof_voice_wav_dev_v1,voice_0158__wav,0.9999229780014106,0.9999048441628247,0.6725913170475196,0.80191153,0.02410695,0.31752063750000004,0.1860899175,-0.001291310475
asvspoof_voice_wav_dev_v1,voice_0159__wav,0.9998187903574436,0.9997640191478445,0.7586205162387898,0.8280462,0.05815319,-0.67086825,0.22893423,-0.7002000525000001
asvspoof_voice_wav_dev_v1,voice_0160__wav,0.9999930377191559,0.9999826657402409,0.9976199377446423,0.7364565,0.044548545,0.749997075,0.32356422,0.7499948249999999
asvspoof_voice_wav_dev_v1,voice_0161__wav,0.9999780908912491,0.9999764264001846,0.6733281198936985,0.81380075,0.13531506,0.7498747875,0.228108525,0.7499740500000001
asvspoof_voice_wav_dev_v1,voice_0162__wav,0.999992220559374,0.9999817739958087,0.965925040349446,0.8150385,0.026317244,0.7488343125,0.171152595,0.74993853
asvspoof_voice_wav_dev_v1,voice_0163__wav,0.9990839205172972,0.9958499295340957,0.8188873625811756,0.832231,0.34658784,-0.7499647725,0.6508358249999999,0.7191432
asvspoof_voice_wav_dev_v1,voice_0164__wav,0.9999642911652353,0.9999608381563505,0.7304828486839055,0.7687337,0.117566414,0.749954625,0.368676675,0.7499472524999999
asvspoof_voice_wav_dev_v1,voice_0165__wav,0.9996775267308395,0.9998264352507229,0.328595139392467,0.82934636,0.04368353,-0.690153975,0.017560038,-0.7377140550000001
asvspoof_voice_wav_dev_v1,voice_0166__wav,0.9999431070722853,0.9999233131269367,0.7956810660067087,0.7621904,0.036413655,0.667008,0.2877077775,0.72918645
asvspoof_voice_wav_dev_v1,voice_0167__wav,0.9999862599943085,0.9999828610175264,0.8281343376942495,0.73779655,0.13779043,0.74952885,0.3418328775,0.7499080874999999
asvspoof_voice_wav_dev_v1,voice_0170__wav,0.9999599933307052,0.9999531598167427,0.7834733347164007,0.78230375,0.1319244,0.6536598,0.475211775,0.7486846875
asvspoof_voice_wav_dev_v1,voice_0171__wav,0.9999859422242846,0.9999809968925158,0.8335647356380501,0.8345956,0.035838533,0.74993862,0.49521472499999997,0.749936775
asvspoof_voice_wav_dev_v1,voice_0173__wav,0.9998461345283169,0.9997913581540242,0.7853999102088585,0.828657,0.07314608,0.749961825,0.590350005,0.749984355
asvspoof_voice_wav_dev_v1,voice_0174__wav,0.9999875297739103,0.9999880586477087,0.6723345939833324,0.7458058,0.20552984,0.7499868000000001,0.26201373,0.7499552549999999
asvspoof_voice_wav_dev_v1,voice_0175__wav,0.9999119809417595,0.9998841671090466,0.6716040219588082,0.77404577,0.03629869,0.7491040950000001,0.36224385000000003,0.7485669
asvspoof_voice_wav_dev_v1,voice_0176__wav,0.9999876925099683,0.9999811763069929,0.856469929405626,0.69391257,0.13163799,0.74999343,0.34975397249999995,0.7499964
asvspoof_voice_wav_dev_v1,voice_0177__wav,0.9999803458030003,0.9999618742113836,0.864601406052621,0.73907804,0.11837424,0.7492569,0.5879753999999999,0.7499544
asvspoof_voice_wav_dev_v1,voice_0178__wav,0.9996745631070013,0.9995846573695488,0.8435692162485074,0.8064757,0.07679676,-0.4361163,0.385117695,-0.74283153
asvspoof_voice_wav_dev_v1,voice_0179__wav,0.9998463414853995,0.9998928504778072,0.35009262363587385,0.82763606,0.1502007,-0.74981412,-0.747596655,-0.7499487
asvspoof_voice_wav_dev_v1,voice_0180__wav,0.9999724354739908,0.9999678677129108,0.7010747157597886,0.7799016,0.045011997,0.74938005,0.48251985000000003,0.7496229
asvspoof_voice_wav_dev_v1,voice_0181__wav,0.999505519778056,0.9989330179604404,0.7221763401688261,0.83873504,0.22181426,-0.745353,0.6593431200000001,0.168192015
asvspoof_voice_wav_dev_v1,voice_0182__wav,0.9999579683345323,0.9999629619549247,0.6570655616310045,0.8070485,0.21294585,0.749531475,-0.68857965,0.748620375
asvspoof_voice_wav_dev_v1,voice_0183__wav,0.9999399190947184,0.9998957395511346,0.8902210344564012,0.7208459,0.32493848,0.7499997,0.5959870199999999,0.7499802375
asvspoof_voice_wav_dev_v1,voice_0185__wav,0.9978924787179595,0.9990382259476946,0.707135653306373,0.8144416,0.042923074,0.7481562749999999,0.585781305,0.748950675
asvspoof_voice_wav_dev_v1,voice_0186__wav,0.9994961610476037,0.9997604391325893,0.440651428279192,0.8110746,0.025187569,0.5117322,-0.663534375,-0.370963725
asvspoof_voice_wav_dev_v1,voice_0187__wav,0.999971494513976,0.999957482068325,0.7349423030647103,0.802601,0.16681851,0.747582825,0.2496535125,0.7495248449999999
asvspoof_voice_wav_dev_v1,voice_0188__wav,0.9999942953979839,0.9999817669231039,0.9962237542057089,0.7544213,0.0445857,0.749998275,0.32779587,0.7499943225000001
asvspoof_voice_wav_dev_v1,voice_0189__wav,0.9996343205471199,0.999074544017262,0.8108634239734439,0.7926986,0.03934371,-0.738609525,0.60947235,0.522528645
asvspoof_voice_wav_dev_v1,voice_0190__wav,0.9989239334452842,0.9983720925639863,0.6897478459575868,0.803474,0.108822234,0.7467623999999999,0.17304654749999998,0.7452474375
asvspoof_voice_wav_dev_v1,voice_0192__wav,0.9997709260857377,0.9994943733364426,0.71702040716312,0.7692333,0.24684829,-0.40310070000000003,0.6298125375,0.716976555
asvspoof_voice_wav_dev_v1,voice_0193__wav,0.9995811616483833,0.9996827649292342,0.687917851259179,0.8091566,0.076110244,-0.749991195,-0.0605375925,-0.7442732249999999
asvspoof_voice_wav_dev_v1,voice_0194__wav,0.9998563216036688,0.9998999668270687,0.7299762983014568,0.6766603,0.07015668,0.260963445,-0.0390884925,-0.7353747749999999
asvspoof_voice_wav_dev_v1,voice_0195__wav,0.9999836472366139,0.9999796501269127,0.5518400557495928,0.8478875,0.020640735,0.7497290249999999,0.330826455,0.749975595
asvspoof_voice_wav_dev_v1,voice_0196__wav,0.9998175195566735,0.9996685531457208,0.8893337861081676,0.6050633,0.27873346,0.749999955,0.73349505,0.74999985
asvspoof_voice_wav_dev_v1,voice_0197__wav,0.9998925490438902,0.999881845377919,0.734326931369439,0.8273,0.044510294,-0.7248075,-0.1491850125,-0.73879887
asvspoof_voice_wav_dev_v1,voice_0198__wav,0.9999876789238786,0.9999869995935439,0.8013578099376311,0.815695,0.058419738,0.748446525,0.52017072,0.74952705
asvspoof_voice_wav_dev_v1,voice_0199__wav,0.9999906756323634,0.9999861186926705,0.870647765787993,0.7782271,0.14142793,0.73914327,0.3829053,0.7496955
external_mixed_v1_telephone_v1,mixed_0000__telephone8k,0.7462415478981457,0.46721519329457745,0.25320360889278787,0.20099336,0.89229435,0.74916165,0.749999955,0.7499991525
external_mixed_v1_telephone_v1,mixed_0001__telephone8k,0.13139536801525364,0.41895807098727567,0.02962879279894802,0.6358985,0.8316021,-0.5473533,0.7169937000000001,0.7372728
external_mixed_v1_telephone_v1,mixed_0002__telephone8k,0.2741369247835074,0.06019895948639754,0.20814712291493348,0.9380326,0.93645054,0.7494180525,0.72796035,0.749256045
external_mixed_v1_telephone_v1,mixed_0003__telephone8k,0.2271524522657123,0.012218044101413573,0.13451940451990588,0.74585503,0.94327164,0.7499987475000001,0.7196032875,0.749997825
external_mixed_v1_telephone_v1,mixed_0004__telephone8k,0.938958230260061,0.01911743781901098,0.9386602740334874,0.8300145,0.9465205,0.7499990999999999,0.74999865,0.74999985
external_mixed_v1_telephone_v1,mixed_0005__telephone8k,0.17234486781371533,0.6905433168365249,0.052658120018558595,0.689343,0.82818574,0.66516765,0.748120305,0.749752725
external_mixed_v1_telephone_v1,mixed_0006__telephone8k,0.22377011653547718,0.72944924199287,0.016832325548481384,0.69855773,0.9735444,0.7499965125,0.733932045,0.7499851125
external_mixed_v1_telephone_v1,mixed_0007__telephone8k,0.03306146221230077,0.005234991233492953,0.007523145800529059,0.8677599,0.9604778,0.749999955,0.74999985,0.749999925
external_mixed_v1_telephone_v1,mixed_0008__telephone8k,0.547703796684307,0.43632822703107305,0.04994034228328495,0.93048275,0.9501704,-0.654506295,0.7499881125,0.7450120725
external_mixed_v1_telephone_v1,mixed_0009__telephone8k,0.8987276739965518,0.9003885834505132,0.8395290486607538,0.7332744,0.79991,0.74996715,0.74999142,0.749995125
external_mixed_v1_telephone_v1,mixed_0010__telephone8k,0.5985582580737265,0.6059817974456411,0.32731357248881876,0.9245046,0.9516231,0.7499951699999999,0.747220245,0.749981175
external_mixed_v1_telephone_v1,mixed_0011__telephone8k,0.28108441601651446,0.015494916666725634,0.16020831292963414,0.8883933,0.93027264,0.745273575,0.749999955,0.7499851125
external_mixed_v1_telephone_v1,mixed_0012__telephone8k,0.19000649958769864,0.04492892441964209,0.008844745285883764,0.7857859,0.94987345,0.749999955,-0.3600624,0.74999817
external_mixed_v1_telephone_v1,mixed_0013__telephone8k,0.2438165962151117,0.034796131163142244,0.10843308828635374,0.67409647,0.9067145,0.75,0.7499964225,0.75
external_mixed_v1_telephone_v1,mixed_0014__telephone8k,0.32563009046752633,0.0011462959808102502,0.14475266841757706,0.8091378,0.95335674,0.749999955,0.7438692,0.7499985
external_mixed_v1_telephone_v1,mixed_0015__telephone8k,0.400311104075886,0.7620906881542701,0.004311906176338308,0.9033845,0.9615982,0.7488813,0.74954565,0.74996388
external_mixed_v1_telephone_v1,mixed_0016__telephone8k,0.39978755567672425,0.001146081960423119,0.26761410140484465,0.95314294,0.39738923,0.749995725,0.7397235,0.74999598
external_mixed_v1_telephone_v1,mixed_0017__telephone8k,0.13663627711012616,0.004701794018540136,0.04531723260849368,0.92709833,0.94138795,0.7485739125,0.7305741450000001,0.749027925
external_mixed_v1_telephone_v1,mixed_0018__telephone8k,0.08330754278262313,0.020648081763692937,0.034692709419020015,0.6241296,0.9759192,-0.4642383,0.74998545,0.7499691
external_mixed_v1_telephone_v1,mixed_0019__telephone8k,0.30052815900785185,0.9757042151589403,0.022887494900655173,0.8094433,0.91328555,0.6743904,0.749999925,0.7498584
external_mixed_v1_telephone_v1,mixed_0020__telephone8k,0.1106490887377846,0.003393564437103671,0.04819909756024741,0.9077451,0.9243333,0.749077425,0.75,0.749999925
external_mixed_v1_telephone_v1,mixed_0021__telephone8k,0.29631892776329033,0.35115649382347713,0.02217738433364128,0.7158554,0.9754936,0.749997495,0.061145527500000005,0.749970525
external_mixed_v1_telephone_v1,mixed_0022__telephone8k,0.2023639900872377,0.005384406700493309,0.07726583222072834,0.89898336,0.9757937,0.75,0.72135195,0.7499988
external_mixed_v1_telephone_v1,mixed_0023__telephone8k,0.0743299154108828,0.43952171684734764,0.0064425635818550365,0.74357665,0.9410501,0.749979705,0.66027825,0.749947575
external_mixed_v1_telephone_v1,mixed_0024__telephone8k,0.14768311955022745,0.13882349467476202,0.03369897937993927,0.6584014,0.973384,-0.1784902575,0.74999955,0.7499965125
external_mixed_v1_telephone_v1,mixed_0025__telephone8k,0.9529949310621182,0.000947562926843016,0.9522708213210778,0.8327819,0.9030068,0.7499962499999999,0.7269571874999999,0.749999955
external_mixed_v1_telephone_v1,mixed_0026__telephone8k,0.5802634496033676,0.401656845608234,0.49200717736242633,0.7980369,0.80446184,0.7499853375000001,0.7357312725,0.7499882250000001
external_mixed_v1_telephone_v1,mixed_0027__telephone8k,0.7337872903930538,0.954812278001743,0.028297224010886555,0.8479371,0.92162937,0.74132145,0.257261085,0.71568705
external_mixed_v1_telephone_v1,mixed_0028__telephone8k,0.11802792669663928,0.015593826974217698,0.04458733355513494,0.926545,0.9555392,0.7356432975,0.75,0.74999655
external_mixed_v1_telephone_v1,mixed_0029__telephone8k,0.23007448017227353,0.02144791397205262,0.15956712297205006,0.8848169,0.916053,0.74999745,0.7499980500000001,0.74999865
external_mixed_v1_telephone_v1,mixed_0030__telephone8k,0.45202730021913895,0.45107972126097096,0.08490473334957695,0.62609446,0.9546675,-0.7488121799999999,0.7499762999999999,0.749351175
external_mixed_v1_telephone_v1,mixed_0031__telephone8k,0.00834447970672635,0.0011885585797435346,0.019511426779517973,0.9292132,0.9645116,0.5869544625,0.7064244749999999,0.0920141925
external_mixed_v1_telephone_v1,mixed_0032__telephone8k,0.26336632049237185,0.26405879451705633,0.10150057656590412,0.7600905,0.94005257,0.7488251475000001,0.7245801224999999,0.7499481
external_mixed_v1_telephone_v1,mixed_0033__telephone8k,0.2740441213990289,0.0010386261155525803,0.47875132284020333,0.8949529,0.5685543,0.749999925,0.7498458,0.74999985
external_mixed_v1_telephone_v1,mixed_0034__telephone8k,0.28335251114173,0.05812589694787401,0.12360020665473108,0.871647,0.93388397,0.35168141249999996,0.7308242625,0.744897945
external_mixed_v1_telephone_v1,mixed_0035__telephone8k,0.35727587885284257,0.01542776863650536,0.061230858432085006,0.7622113,0.8213193,0.749999955,0.7495061625,0.7499983875
external_mixed_v1_telephone_v1,mixed_0036__telephone8k,0.016730105971441166,0.09025504373976047,0.041841150453352696,0.40454283,0.98749477,-0.744959625,0.7329267975,0.164777295
external_mixed_v1_telephone_v1,mixed_0037__telephone8k,0.2786656031341742,0.05293027926116615,0.24939598373833538,0.8360966,0.98368025,0.749721495,0.7484840625,0.749957625
external_mixed_v1_telephone_v1,mixed_0038__telephone8k,0.38381517387453795,0.00045438258393915476,0.572129112399726,0.9488875,0.68752396,0.75,0.7496998500000001,0.749999175
external_mixed_v1_telephone_v1,mixed_0039__telephone8k,0.018230878356159802,0.053998152342121374,0.03972029302503773,0.5260291,0.9409765,-0.691253025,0.698333475,0.23545923750000003
external_mixed_v1_telephone_v1,mixed_0040__telephone8k,0.4166836174641322,0.639170622597923,0.08016543086168199,0.6706727,0.9410006,0.74997225,0.72519672,0.7489671225
external_mixed_v1_telephone_v1,mixed_0041__telephone8k,0.16796083505317244,0.0013783447430952569,0.19024976243628516,0.93851084,0.91021454,0.741994905,0.6947501625,0.72250722
external_mixed_v1_telephone_v1,mixed_0042__telephone8k,0.8282532087371824,0.7780945395523322,0.43522683686091984,0.9146194,0.9449539,-0.6176842499999999,0.69274548,0.6469665
external_mixed_v1_telephone_v1,mixed_0043__telephone8k,0.3436915092008631,0.2979176696235269,0.04124379052457802,0.927893,0.9643427,0.749999595,0.7475139000000001,0.749999955
external_mixed_v1_telephone_v1,mixed_0044__telephone8k,0.23328238357956935,0.0013654320611772182,0.23621938996580616,0.79276294,0.88701975,0.7499991525,0.74297163,0.7499978549999999
external_mixed_v1_telephone_v1,mixed_0045__telephone8k,0.5679087963845842,0.00980000566564663,0.29000275875034476,0.41103116,0.98622304,0.7499946375000001,0.73510575,0.7499722875
external_mixed_v1_telephone_v1,mixed_0046__telephone8k,0.2938207478486888,0.0005765176416534086,0.3647042734162304,0.9072314,0.77057564,0.7262583,0.745289775,0.74454345
external_mixed_v1_telephone_v1,mixed_0047__telephone8k,0.17740325826007175,0.0035557057691023397,0.21762062115412345,0.8907654,0.97243947,0.749999955,0.7485464625,0.74999985
external_mixed_v1_telephone_v1,mixed_0048__telephone8k,0.2568724403912475,0.8655041444283275,0.03172506955368093,0.7712841,0.9743882,-0.248548575,0.7497296250000001,0.749985075
external_mixed_v1_telephone_v1,mixed_0049__telephone8k,0.3945155599606497,0.016905692220493377,0.2542294428175356,0.8069882,0.94830817,0.74999835,0.738113655,0.749981625
external_mixed_v1_telephone_v1,mixed_0050__telephone8k,0.8254218949094025,0.00048223267641519304,0.8262507690866037,0.92346466,0.92659885,0.749999925,0.74971545,0.7499997
external_mixed_v1_telephone_v1,mixed_0051__telephone8k,0.733209170163175,0.19761345252044096,0.6548444652004359,0.9515042,0.87485915,0.75,0.7486989525,0.7499997
external_mixed_v1_telephone_v1,mixed_0052__telephone8k,0.6309371338228987,0.033549703735664634,0.66825216567452,0.85825604,0.86487144,0.74993907,0.7497892500000001,0.74992215
external_mixed_v1_telephone_v1,mixed_0053__telephone8k,0.7853684183828745,0.003517573669182347,0.9473140390364233,0.91451377,0.678882,0.75,0.739697775,0.74999505
external_mixed_v1_telephone_v1,mixed_0054__telephone8k,0.90715618210347,0.5328247783466319,0.9581954571959242,0.8767452,0.24613354,-0.700283325,0.689625225,-0.7441315500000001
external_mixed_v1_telephone_v1,mixed_0055__telephone8k,0.6260247088461997,0.0011081044174838723,0.584786246628116,0.8897328,0.85434675,0.749996475,0.74999052,0.749999925
external_mixed_v1_telephone_v1,mixed_0056__telephone8k,0.9443893214542003,0.6153236665950581,0.8917351757843727,0.9292809,0.91920674,0.7499453700000001,0.747631425,0.7499214
external_mixed_v1_telephone_v1,mixed_0057__telephone8k,0.9970335602175848,0.9741324512315551,0.7613920743502681,0.9183166,0.90474474,-0.5390564624999999,0.7265785499999999,0.737949675
external_mixed_v1_telephone_v1,mixed_0058__telephone8k,0.6929211271652811,0.2043649282465154,0.6937152692982265,0.61574334,0.8842836,0.75,0.748584675,0.749999955
external_mixed_v1_telephone_v1,mixed_0059__telephone8k,0.6175530610230754,0.6846754329899946,0.2567394195547733,0.6232518,0.96248627,0.749999505,0.7499643,0.749999955
external_mixed_v1_telephone_v1,mixed_0060__telephone8k,0.5677906231625429,0.0032615966896879763,0.7488654655039942,0.84972435,0.8607058,0.75,0.74986935,0.749999925
external_mixed_v1_telephone_v1,mixed_0061__telephone8k,0.752844862125615,0.007715150309883338,0.9165517148238077,0.8867624,0.6544553,0.74967765,0.749988975,0.7499782500000001
external_mixed_v1_telephone_v1,mixed_0062__telephone8k,0.6663436864749426,0.004954236889231541,0.8262626300266805,0.86247313,0.9030373,0.75,0.7367357625,0.749999925
external_mixed_v1_telephone_v1,mixed_0063__telephone8k,0.3606403098091097,0.006163106620980367,0.38566731975200536,0.7640165,0.9256133,-0.1473785025,0.74999973,0.7499648999999999
external_mixed_v1_telephone_v1,mixed_0064__telephone8k,0.9146687788691346,0.5316457832340468,0.7797474289556167,0.9337081,0.788605,0.749442825,0.7352483999999999,0.7499654025
external_mixed_v1_telephone_v1,mixed_0065__telephone8k,0.9760560426066279,0.8573142340149045,0.7652850427300578,0.8980926,0.84931785,0.744293475,0.749998575,0.7499992875
external_mixed_v1_telephone_v1,mixed_0066__telephone8k,0.6494422714248894,0.0009925463792907529,0.8941227590163824,0.88727325,0.5986598,0.75,0.749850075,0.7499990625
external_mixed_v1_telephone_v1,mixed_0067__telephone8k,0.7835208787882592,0.09951248764258223,0.8117865378779576,0.90381366,0.9228708,0.73637022,0.749746305,0.7498807725000001
external_mixed_v1_telephone_v1,mixed_0068__telephone8k,0.8304792194786532,0.04237775810446876,0.7614471053517883,0.66404086,0.9462909,0.75,0.7464158249999999,0.74999985
external_mixed_v1_telephone_v1,mixed_0069__telephone8k,0.8210683423864186,0.0572574230154487,0.9499760997368822,0.8584487,0.86179453,0.742413975,0.749949525,0.749926125
external_mixed_v1_telephone_v1,mixed_0070__telephone8k,0.9145388556147157,0.2097138609213816,0.9139920769665659,0.8651437,0.8049748,0.74999655,0.7499451525,0.749999955
external_mixed_v1_telephone_v1,mixed_0071__telephone8k,0.48891759483406644,0.025154055067575017,0.7798211722988543,0.8602249,0.40696743,0.39690252000000004,0.74948667,0.7077818549999999
external_mixed_v1_telephone_v1,mixed_0072__telephone8k,0.6088554485810916,0.003534971055067101,0.5079034058335024,0.7633488,0.9437958,0.749749425,0.7498454625000001,0.7499897625
external_mixed_v1_telephone_v1,mixed_0073__telephone8k,0.4248136120779847,0.000869704169477047,0.7183574803422813,0.9360963,0.42695245,0.749505045,0.749434575,0.749642025
external_mixed_v1_telephone_v1,mixed_0074__telephone8k,0.9486995728487821,0.38177699314924224,0.9504564793871062,0.75606114,0.77148134,0.5536038750000001,0.735115395,0.7382303775
external_mixed_v1_telephone_v1,mixed_0075__telephone8k,0.7395694928513507,0.0010229021668023465,0.8712526866058025,0.85237765,0.52905387,0.75,0.749835075,0.749999925
external_mixed_v1_telephone_v1,mixed_0076__telephone8k,0.9994087585614273,0.9960719308797324,0.9360219651942074,0.9071202,0.91356164,0.624434175,0.75,0.74992335
external_mixed_v1_telephone_v1,mixed_0077__telephone8k,0.9472578076736744,0.8178583446994175,0.930203565069178,0.5436218,0.63176507,0.31378905,0.749999955,0.74904978
external_mixed_v1_telephone_v1,mixed_0078__telephone8k,0.8294693529046304,0.06843813505458496,0.8504687356910934,0.845536,0.7823318,0.749999595,0.749994075,0.74999955
external_mixed_v1_telephone_v1,mixed_0079__telephone8k,0.790678011567014,0.00997197567480684,0.9436474332225598,0.9443667,0.762131,0.7499966250000001,0.7499640750000001,0.74999982
external_mixed_v1_telephone_v1,mixed_0080__telephone8k,0.8560161902187519,0.4012287352020217,0.65090827186974,0.7275667,0.84640926,0.7499928,0.74419965,0.749994525
external_mixed_v1_telephone_v1,mixed_0081__telephone8k,0.9657950014552311,0.7882837646802879,0.8569292872815623,0.9169066,0.8332718,0.7481666625,0.7412775,0.74848425
external_mixed_v1_telephone_v1,mixed_0082__telephone8k,0.4538222387046747,0.37569026516241677,0.3158758281264532,0.86046004,0.8712572,0.749999325,0.7499277,0.749999925
external_mixed_v1_telephone_v1,mixed_0083__telephone8k,0.9463176397075757,0.7353358680397023,0.9269827943812915,0.7915839,0.93959695,0.7499988,0.74999973,0.74999955
external_mixed_v1_telephone_v1,mixed_0084__telephone8k,0.8452278995583274,0.014732595977398568,0.8682678129639596,0.914399,0.9339291,0.45859425,0.74977755,0.748677375
external_mixed_v1_telephone_v1,mixed_0085__telephone8k,0.9413814084906519,0.9862886086432056,0.8661891035967163,0.80060405,0.91265595,0.7481682000000001,0.749996025,0.7499780475
external_mixed_v1_telephone_v1,mixed_0086__telephone8k,0.9124519802636591,0.8989418771915466,0.8615605486253045,0.59079087,0.93822753,-0.749953575,0.749990655,0.7440208500000001
external_mixed_v1_telephone_v1,mixed_0087__telephone8k,0.6538771548208145,0.0016513803797215823,0.8827691986890734,0.9122563,0.5432052,0.75,0.7491414000000001,0.74999973
external_mixed_v1_telephone_v1,mixed_0088__telephone8k,0.8846299810029619,0.04813769939271339,0.9958365853266319,0.9117515,0.5643136,0.749999955,0.745458795,0.749999505
external_mixed_v1_telephone_v1,mixed_0089__telephone8k,0.8651144139307517,0.008199572720926423,0.8657654995297625,0.9114458,0.8463071,0.749970225,0.743966625,0.74999715
external_mixed_v1_telephone_v1,mixed_0090__telephone8k,0.12031345984090007,0.0045264980229446795,0.3865622409896681,0.94646347,0.40494198,-0.7499704949999999,0.1605913275,-0.749962095
external_mixed_v1_telephone_v1,mixed_0091__telephone8k,0.2884496311689554,0.0020038741546367484,0.46455342206087225,0.833518,0.89254355,0.7499982000000001,0.74992305,0.74999982
external_mixed_v1_telephone_v1,mixed_0092__telephone8k,0.45659701106334294,0.0009210224704658412,0.2495080335718989,0.301675,0.9376214,0.746459175,0.74948448,0.74999265
external_mixed_v1_telephone_v1,mixed_0093__telephone8k,0.2043591567836236,0.11511061531098603,0.17033869714978478,0.8492774,0.9465155,0.75,0.749999775,0.75
external_mixed_v1_telephone_v1,mixed_0094__telephone8k,0.5210060258672077,0.00023094400436479866,0.6189768349904123,0.77993643,0.7730828,0.74996355,0.749997,0.749997825
external_mixed_v1_telephone_v1,mixed_0095__telephone8k,0.9253067333879125,0.6576161035451512,0.8967005164196531,0.48319793,0.9459667,0.742643325,0.749887305,0.749993295
external_mixed_v1_telephone_v1,mixed_0096__telephone8k,0.9102139108204892,0.6884165206454126,0.715772479029995,0.90622973,0.9337813,0.748536825,0.7464987,0.749999775
external_mixed_v1_telephone_v1,mixed_0097__telephone8k,0.2495816232981104,0.002732862609907819,0.25105163527640373,0.92078894,0.94157,0.749978175,0.69945915,0.7499943225000001
external_mixed_v1_telephone_v1,mixed_0098__telephone8k,0.7416707744930208,0.01819423906733013,0.7758949727077067,0.89290905,0.83520335,0.7499940975,0.749996325,0.749999955
external_mixed_v1_telephone_v1,mixed_0099__telephone8k,0.9408055604273159,0.0013254002390138018,0.9567778402384906,0.9338454,0.9127172,0.723923475,0.749980425,0.74977662
external_mixed_v1_telephone_v1,mixed_0100__telephone8k,0.7498801130322507,0.39900971239272565,0.31947729031809213,0.9118972,0.97670585,0.7499712000000001,0.74974197,0.7499980500000001
external_mixed_v1_telephone_v1,mixed_0101__telephone8k,0.5453739030522156,0.03249140383334361,0.0788687889913911,0.83246434,0.9692542,0.749999955,0.749564625,0.749999925
external_mixed_v1_telephone_v1,mixed_0102__telephone8k,0.8039924731550736,0.0013472268185932917,0.38831075937024057,0.9553789,0.8756247,0.75,0.7499966025,0.749999955
external_mixed_v1_telephone_v1,mixed_0103__telephone8k,0.38933009082550785,0.13108196330686167,0.05493478107253751,0.9063971,0.94673765,0.743683425,0.54210645,0.2796178125
external_mixed_v1_telephone_v1,mixed_0104__telephone8k,0.9364962862219004,0.9059004927613897,0.004907975006317964,0.93879056,0.9508508,0.749999955,0.742736445,0.74999955
external_mixed_v1_telephone_v1,mixed_0105__telephone8k,0.9969752162989403,0.9964995061857631,0.08539196387465686,0.9176881,0.9168486,0.74999985,0.7499782500000001,0.749999955
external_mixed_v1_telephone_v1,mixed_0106__telephone8k,0.7563983576544037,0.5724231200942109,0.19046838592208942,0.71377003,0.868831,0.75,0.7497678750000001,0.749999955
external_mixed_v1_telephone_v1,mixed_0107__telephone8k,0.7793551359889611,0.9894390180982734,0.5566907634050701,0.801108,0.84784573,0.75,0.7499985225,0.749999955
external_mixed_v1_telephone_v1,mixed_0108__telephone8k,0.9996390728859266,0.9992763493737545,0.6894070195776699,0.9084015,0.48248646,0.535315455,0.74611737,0.7494612
external_mixed_v1_telephone_v1,mixed_0109__telephone8k,0.5127787007059988,0.6728805575174672,0.08222301558564797,0.5845557,0.90749484,0.73316925,0.7482108749999999,0.74999775
external_mixed_v1_telephone_v1,mixed_0110__telephone8k,0.9613221237799796,0.9992155077383766,0.31926952631185795,0.85185933,0.9617915,0.7499961975,0.510775275,0.74999973
external_mixed_v1_telephone_v1,mixed_0111__telephone8k,0.49981091232935443,0.22908194191310818,0.42924333760111777,0.86359113,0.84654397,0.7499889,0.7472141250000001,0.74998635
external_mixed_v1_telephone_v1,mixed_0112__telephone8k,0.337160163348546,0.33589361607032336,0.056611748402874376,0.8676082,0.9578037,0.749999925,0.4095852,0.7495099125
external_mixed_v1_telephone_v1,mixed_0113__telephone8k,0.4514440857527169,0.5906520079115402,0.19000282326774717,0.77018857,0.90997773,0.7464090750000001,0.74971095,0.7498599450000001
external_mixed_v1_telephone_v1,mixed_0114__telephone8k,0.9998538264841924,0.9998302582643195,0.4944894759771961,0.90284985,0.7922341,0.7499990999999999,0.41366270250000003,0.7499988375
external_mixed_v1_telephone_v1,mixed_0115__telephone8k,0.5927161462865338,0.6020911941035173,0.0639571817096135,0.4458256,0.8396639,0.749999955,0.74310885,0.74999973
external_mixed_v1_telephone_v1,mixed_0116__telephone8k,0.4427210686402072,0.23720258988422155,0.14550037815228023,0.9355177,0.43990222,0.7429228125,0.3746244225,0.7394189250000001
external_mixed_v1_telephone_v1,mixed_0117__telephone8k,0.9287892798640238,0.8954354627442053,0.08838351227283033,0.9345386,0.9372821,0.749999925,0.75,0.75
external_mixed_v1_telephone_v1,mixed_0118__telephone8k,0.9536205037420566,0.9966404077754013,0.23793752593801076,0.70074487,0.9349426,0.749998725,0.749922975,0.7499994750000001
external_mixed_v1_telephone_v1,mixed_0119__telephone8k,0.8922639285183809,0.8215057893480314,0.07413684712188649,0.9360774,0.41354597,0.75,0.7331445,0.74999982
external_mixed_v1_telephone_v1,mixed_0120__telephone8k,0.7325465945774317,0.020541780412173315,0.26072698476594514,0.8637866,0.91120857,0.75,0.7498218000000001,0.749999925
external_mixed_v1_telephone_v1,mixed_0121__telephone8k,0.7625084017550965,0.21864101024462673,0.24460938812340616,0.895472,0.9387373,0.75,0.7427849025000001,0.749999925
external_mixed_v1_telephone_v1,mixed_0122__telephone8k,0.29317184646938504,0.018863485423159465,0.14612751659080647,0.72743213,0.9564401,0.74999985,0.7499223525000001,0.74999985
external_mixed_v1_telephone_v1,mixed_0123__telephone8k,0.18421524876117576,0.555100767818144,0.018796738087714954,0.77661246,0.8616281,0.7499754,0.7497176249999999,0.7499851125
external_mixed_v1_telephone_v1,mixed_0124__telephone8k,0.22514112517261992,0.3607045977133633,0.007054807117309211,0.8056372,0.9142716,0.7466139375,0.7347324000000001,0.7493316375000001
external_mixed_v1_telephone_v1,mixed_0125__telephone8k,0.8807303036063404,0.9946237723977011,0.057582591965067716,0.7420086,0.93452346,0.7499967375000001,0.41964472500000005,0.7499977200000001
external_mixed_v1_telephone_v1,mixed_0126__telephone8k,0.8123684311640957,0.00858293299901585,0.4215960623981615,0.6535185,0.9184011,0.75,0.7074249375,0.74999982
external_mixed_v1_telephone_v1,mixed_0127__telephone8k,0.19188098916690158,0.9425821290190829,0.0026050884989483234,0.37618724,0.89461327,0.7003314374999999,0.36285543000000003,0.47503218
external_mixed_v1_telephone_v1,mixed_0128__telephone8k,0.16044624002151642,0.017999412219973764,0.0591992503264627,0.8409094,0.91671914,0.75,0.749999505,0.749999955
external_mixed_v1_telephone_v1,mixed_0129__telephone8k,0.7484118516983189,0.9997253655496907,0.029359007284624393,0.8620682,0.95745194,0.749979225,0.749997075,0.7499996250000001
external_mixed_v1_telephone_v1,mixed_0130__telephone8k,0.30828525026539155,0.012735358184392746,0.2450479783328458,0.7938282,0.73603046,0.75,0.6713859,0.7499992875
external_mixed_v1_telephone_v1,mixed_0131__telephone8k,0.8591441204933998,0.4927760413735917,0.7668218331611741,0.79223675,0.76966804,0.75,0.7496709,0.749999925
external_mixed_v1_telephone_v1,mixed_0132__telephone8k,0.8496486453301766,0.7734335805936645,0.2859287523414544,0.87132215,0.93897665,0.749999925,0.7499809500000001,0.74999985
external_mixed_v1_telephone_v1,mixed_0133__telephone8k,0.7724118646020615,0.06513788869440716,0.4729307276800342,0.7725141,0.9554885,0.7499910750000001,0.168342615,0.7499943225000001
external_mixed_v1_telephone_v1,mixed_0134__telephone8k,0.4459574763298492,0.0743735673874856,0.04210814162496677,0.7157927,0.96659255,0.749777625,0.747440505,0.74980965
external_mixed_v1_telephone_v1,mixed_0135__telephone8k,0.2639449103694468,0.08686175955386143,0.07898322316921712,0.85421926,0.7975174,0.75,0.749982075,0.74999973
external_mixed_v1_telephone_v1,mixed_0136__telephone8k,0.221051967186982,0.9678082462964427,0.02996131091341622,0.60417116,0.9112577,0.7393491,0.749999025,0.7494123
external_mixed_v1_telephone_v1,mixed_0137__telephone8k,0.5519879353876163,0.054787645789707566,0.2912014443682419,0.86640817,0.87711805,0.749999955,0.74995815,0.74999325
external_mixed_v1_telephone_v1,mixed_0138__telephone8k,0.9997970718360447,0.9997640782845698,0.3978610007635246,0.8467404,0.8603505,0.74976495,0.7495623975,0.74999973
external_mixed_v1_telephone_v1,mixed_0139__telephone8k,0.913818712202357,0.9651176221846904,0.3743914584770518,0.8942227,0.9325467,0.749999775,0.7499812275,0.749999955
external_mixed_v1_telephone_v1,mixed_0140__telephone8k,0.8188706509914677,0.9724067176662679,0.200445325714854,0.85517555,0.9352031,0.75,0.749953275,0.74999973
external_mixed_v1_telephone_v1,mixed_0141__telephone8k,0.8399720086152058,0.7612852821486091,0.038599346504016904,0.93079495,0.92227507,0.75,0.74999205,0.75
external_mixed_v1_telephone_v1,mixed_0142__telephone8k,0.8921993240641144,0.9995665960246632,0.07939075669316388,0.6035121,0.8562165,0.748824225,0.749969925,0.7499994750000001
external_mixed_v1_telephone_v1,mixed_0143__telephone8k,0.3930802601787072,0.04945594125729283,0.19228251134965502,0.7255617,0.97229904,0.74999817,0.749981325,0.749999955
external_mixed_v1_telephone_v1,mixed_0144__telephone8k,0.9993366546176639,0.9991548455764788,0.3685255440526218,0.9401997,0.9091628,0.75,0.7499733,0.74999985
external_mixed_v1_telephone_v1,mixed_0145__telephone8k,0.7164499848123735,0.0635662587340735,0.4032768085298485,0.7250278,0.649888,0.75,0.7188303,0.7499997
external_mixed_v1_telephone_v1,mixed_0146__telephone8k,0.6250117049645662,0.008887507081859092,0.6663417335136183,0.9379694,0.42169082,0.75,0.749988675,0.75
external_mixed_v1_telephone_v1,mixed_0147__telephone8k,0.4469857455740419,0.025823964260046513,0.0640437576530139,0.82872444,0.8531227,0.75,0.749983905,0.749999925
external_mixed_v1_telephone_v1,mixed_0148__telephone8k,0.9867538919741632,0.962477104227491,0.6511809307423697,0.8908391,0.89433914,0.7499980500000001,0.642455775,0.749997975
external_mixed_v1_telephone_v1,mixed_0149__telephone8k,0.5052911894579267,0.01977452776394213,0.16860704791740835,0.91485715,0.93213904,0.75,0.749091525,0.75
external_mixed_v1_telephone_v1,mixed_0150__telephone8k,0.9415382309596851,0.38375646122675033,0.9316184606496488,0.90489656,0.92127097,0.7499985,0.7499946749999999,0.749999925
external_mixed_v1_telephone_v1,mixed_0151__telephone8k,0.7996896511571443,0.7296218705725701,0.7506731894074214,0.8683462,0.8856461,0.75,0.749147055,0.75
external_mixed_v1_telephone_v1,mixed_0152__telephone8k,0.9996757577129931,0.9991624195150012,0.7038037088500108,0.9232694,0.92709434,0.7464555525000001,0.749880525,0.749990655
external_mixed_v1_telephone_v1,mixed_0153__telephone8k,0.8655756927664107,0.09683664473019372,0.847393271876429,0.9050097,0.7690005,0.74999985,0.7483030125,0.7499990999999999
external_mixed_v1_telephone_v1,mixed_0154__telephone8k,0.9296113362231915,0.7016829659705507,0.8715975971668249,0.8963793,0.7890247,0.75,0.7499772,0.749999955
external_mixed_v1_telephone_v1,mixed_0155__telephone8k,0.7848094936713758,0.6157454525574868,0.7515860396724009,0.74842423,0.8539905,0.75,0.75,0.75
external_mixed_v1_telephone_v1,mixed_0156__telephone8k,0.9772482390927442,0.9998271791315682,0.7909291495130064,0.8711559,0.8159914,0.749959275,0.749999955,0.75
external_mixed_v1_telephone_v1,mixed_0157__telephone8k,0.9999344407528452,0.9998622263095601,0.7970543864637404,0.90066284,0.8825158,0.7472478300000001,0.749981895,0.7499985
external_mixed_v1_telephone_v1,mixed_0158__telephone8k,0.9819335886981482,0.9693460457625092,0.6315718922999872,0.8903459,0.94410956,0.749507025,0.7499976749999999,0.7499967750000001
external_mixed_v1_telephone_v1,mixed_0159__telephone8k,0.9997980579907741,0.9996993012540267,0.7863500966628958,0.921504,0.8858677,0.749999955,0.7494372300000001,0.749999955
external_mixed_v1_telephone_v1,mixed_0160__telephone8k,0.8553835946693457,0.05574153911064714,0.7478898695462943,0.9346978,0.8458192,0.75,0.748846155,0.74999985
external_mixed_v1_telephone_v1,mixed_0161__telephone8k,0.8407698855324035,0.5913062599554438,0.6863726549498264,0.910281,0.83398724,0.75,0.74999985,0.75
external_mixed_v1_telephone_v1,mixed_0162__telephone8k,0.8774799554121931,0.9156411180523919,0.75282621351044,0.23905881,0.9346407,0.749179875,0.7499997,0.7499970525
external_mixed_v1_telephone_v1,mixed_0163__telephone8k,0.9910188779875964,0.9999038799024677,0.593248966040598,0.8713303,0.9033319,0.749999955,0.7499325,0.749999955
external_mixed_v1_telephone_v1,mixed_0164__telephone8k,0.8575478418817487,0.7405106938812572,0.5025701088064071,0.53273064,0.9410238,0.749998725,0.75,0.75
external_mixed_v1_telephone_v1,mixed_0165__telephone8k,0.762199735570832,0.021345587998099526,0.8927969763656594,0.911114,0.78276604,0.75,0.7499562375,0.749999925
external_mixed_v1_telephone_v1,mixed_0166__telephone8k,0.5692292545749871,0.008781338274350707,0.44409798038040327,0.9131655,0.82084167,0.7499997,0.7463148749999999,0.74999973
external_mixed_v1_telephone_v1,mixed_0167__telephone8k,0.9946680429880775,0.9798562356546902,0.8529219336385568,0.90379405,0.9001485,0.7499989499999999,0.7311876975,0.749996025
external_mixed_v1_telephone_v1,mixed_0168__telephone8k,0.8739217284309195,0.9578843945727837,0.694662264447326,0.79122907,0.9363803,0.749999955,0.7498159125,0.749999955
external_mixed_v1_telephone_v1,mixed_0169__telephone8k,0.9999233070688741,0.9995026923126425,0.9755840947089268,0.82727635,0.72408545,0.67952277,0.74999685,0.74986065
external_mixed_v1_telephone_v1,mixed_0170__telephone8k,0.7192772769230944,0.9616941183061909,0.3379126578273641,0.681618,0.90810126,0.61344645,0.7139517375,0.749361825
external_mixed_v1_telephone_v1,mixed_0171__telephone8k,0.9998474061208897,0.9997866050597278,0.7318315462185594,0.8801353,0.83338994,0.74999985,0.7499976,0.74999982
external_mixed_v1_telephone_v1,mixed_0172__telephone8k,0.8116961898508347,0.4174983990225074,0.8186788064094643,0.884392,0.67741394,0.75,0.748154145,0.74999973
external_mixed_v1_telephone_v1,mixed_0173__telephone8k,0.9914554954039906,0.9650551268290347,0.921482177418846,0.9221993,0.6519691,0.75,0.749993175,0.75
external_mixed_v1_telephone_v1,mixed_0174__telephone8k,0.9504357092928486,0.8954282324650442,0.9192402450882466,0.88671684,0.92185414,0.749999955,0.74999982,0.749999955
external_mixed_v1_telephone_v1,mixed_0175__telephone8k,0.9972286538951347,0.9945324350364922,0.5982404288918938,0.87172735,0.9517311,0.75,0.749999925,0.75
external_mixed_v1_telephone_v1,mixed_0176__telephone8k,0.760875855845334,0.05000252519160417,0.8639217027180567,0.91935885,0.41334414,0.75,0.7499976,0.7499996250000001
external_mixed_v1_telephone_v1,mixed_0177__telephone8k,0.9529634424471989,0.006535031135090241,0.9035574203099916,0.71330094,0.8576129,0.75,0.74914053,0.75
external_mixed_v1_telephone_v1,mixed_0178__telephone8k,0.9999782956609929,0.9999566773997682,0.9449462909371418,0.78561586,0.60681856,0.74999985,0.74990925,0.749999955
external_mixed_v1_telephone_v1,mixed_0179__telephone8k,0.898726984342031,0.993078248820658,0.5541239953091792,0.83047116,0.8821511,0.722820195,0.7482789750000001,0.7386638249999999
external_mixed_v1_telephone_v1,mixed_0180__telephone8k,0.9796148535879261,0.9421579575942497,0.952609885453342,0.56116766,0.93485904,0.749997405,0.7499904,0.7499996250000001
external_mixed_v1_telephone_v1,mixed_0181__telephone8k,0.9027713755387563,0.9885872293995384,0.5798638393028187,0.7492596,0.8816466,-0.74255253,0.739845825,0.749664525
external_mixed_v1_telephone_v1,mixed_0182__telephone8k,0.8830350091102449,0.5499138527728945,0.8418629181603724,0.92001766,0.90460044,0.7499915475,0.743819475,0.7499847
external_mixed_v1_telephone_v1,mixed_0183__telephone8k,0.9014566964488773,0.7397501482409384,0.7393437389455726,0.8268705,0.869419,0.74997075,0.73807038,0.7499989499999999
external_mixed_v1_telephone_v1,mixed_0184__telephone8k,0.6233408659941825,0.06536204719689301,0.4847607217192679,0.9422329,0.79557234,0.74999982,0.7488438,0.74999982
external_mixed_v1_telephone_v1,mixed_0185__telephone8k,0.6229296308546176,0.0338475169030313,0.8372296707925215,0.931618,0.8799216,0.7483846875,0.7231053975,0.37632465000000004
external_mixed_v1_telephone_v1,mixed_0186__telephone8k,0.8969030542199112,0.7808103032903173,0.8156451870091377,0.81779855,0.76899964,0.749998125,0.3257175,0.7499988
external_mixed_v1_telephone_v1,mixed_0187__telephone8k,0.74856259723329,0.023944711869078854,0.8585239375426517,0.8606149,0.7151838,0.75,0.7499978549999999,0.749999955
external_mixed_v1_telephone_v1,mixed_0188__telephone8k,0.9865337757799151,0.970449911169622,0.7478406809964121,0.9179202,0.771828,0.749999955,0.744093825,0.74999985
external_mixed_v1_telephone_v1,mixed_0189__telephone8k,0.7081616938937138,0.9919955126776216,0.06736801785888012,0.60960037,0.9222453,0.7482158999999999,0.74985675,0.7499909250000001
external_mixed_v1_telephone_v1,mixed_0190__telephone8k,0.9994845123799418,0.9990701081035639,0.7222366333558125,0.88001424,0.8419648,0.749790825,0.737661255,0.74999817
external_mixed_v1_telephone_v1,mixed_0191__telephone8k,0.6737421783588147,0.12642255879621245,0.8089878537007801,0.91671205,0.7812346,0.749961195,0.7499812275,0.74999775
external_mixed_v1_telephone_v1,mixed_0192__telephone8k,0.7905620729946388,0.8976742048512029,0.6345229507278843,0.67294186,0.94494694,0.749999925,0.7499580225,0.749999925
external_mixed_v1_telephone_v1,mixed_0193__telephone8k,0.66806932576184,0.9115323921471686,0.40326124338155994,0.76307464,0.95352286,0.749751525,0.7497422250000001,0.74999715
external_mixed_v1_telephone_v1,mixed_0194__telephone8k,0.5225643013873793,0.40581337511680676,0.49031783643100124,0.8353974,0.88400483,0.75,0.7499994,0.749999955
external_mixed_v1_telephone_v1,mixed_0195__telephone8k,0.9986840391626399,0.9957853343306532,0.7543361053903397,0.88844454,0.8081925,0.749952255,0.7499496,0.749993205
external_mixed_v1_telephone_v1,mixed_0196__telephone8k,0.8807708432012081,0.226233748050682,0.8531419801657987,0.92069006,0.8559648,0.75,0.7495468875,0.7499991525
external_mixed_v1_telephone_v1,mixed_0197__telephone8k,0.7343854903402514,0.1000722875669403,0.7536874777856803,0.92968756,0.7774905,0.74999955,0.7499990625,0.74999982
external_mixed_v1_telephone_v1,mixed_0198__telephone8k,0.8442891562890507,0.9594467246933831,0.6710849684799215,0.6851611,0.90845793,0.7499997,0.72821058,0.7499991525
external_mixed_v1_telephone_v1,mixed_0199__telephone8k,0.9992259760405358,0.9987448926994748,0.6220417758267733,0.90267885,0.910003,0.75,0.7499994,0.75
external_mixed_v1_telephone_v1,mixed_0200__telephone8k,0.31608675675796793,0.36783385377623856,0.007994613746568749,0.9355048,0.88126093,-0.749998275,-0.701603025,-0.7493474250000001
external_mixed_v1_telephone_v1,mixed_0201__telephone8k,0.7568579605694353,0.5478258167590031,0.24688514969587574,0.93591833,0.83969486,-0.7077822975,-0.6124249500000001,-0.5469034875000001
external_mixed_v1_telephone_v1,mixed_0202__telephone8k,0.4750879004743099,0.39541549824479294,0.11771048892288177,0.9376174,0.9606061,-0.7490275200000001,0.06612759,0.0627671625
external_mixed_v1_telephone_v1,mixed_0203__telephone8k,0.8297118916795018,0.49370021036118167,0.5994567401796285,0.8982289,0.951719,-0.7499526750000001,0.71468067,-0.1622767725
external_mixed_v1_telephone_v1,mixed_0204__telephone8k,0.20678028922666825,0.011564524920988627,0.18231223724266285,0.95148665,0.8858342,-0.472616475,0.59456268,-0.31486923
external_mixed_v1_telephone_v1,mixed_0205__telephone8k,0.2870626950298128,0.16362588999101876,0.21399014955173537,0.9304863,0.9431025,-0.749504505,-0.30411045000000003,-0.5994091500000001
external_mixed_v1_telephone_v1,mixed_0206__telephone8k,0.04231629599509592,0.011464355306881596,0.05388436877967528,0.87305784,0.6847941,-0.7315638,-0.6075238725000001,-0.45739635
external_mixed_v1_telephone_v1,mixed_0207__telephone8k,0.1761858720058669,0.22806478376133477,0.02616626958549908,0.9412197,0.79624575,-0.749999775,-0.00047962782,-0.748625925
external_mixed_v1_telephone_v1,mixed_0208__telephone8k,0.7051680716305322,0.7276632867230526,0.1780009600097887,0.94139594,0.46353194,-0.733974075,-0.7436828625,-0.7402422
external_mixed_v1_telephone_v1,mixed_0209__telephone8k,0.2874428217400538,0.42858757588146185,0.045160904802903544,0.93439025,0.9006972,-0.749995275,-0.5216902800000001,-0.7497663375
external_mixed_v1_telephone_v1,mixed_0210__telephone8k,0.8731582487331321,0.5362754037275589,0.7571131894262731,0.9495032,0.9328216,-0.7397301000000001,0.71734755,0.5747564025
external_mixed_v1_telephone_v1,mixed_0211__telephone8k,0.4852301292541201,0.3829977147184262,0.08415134174987782,0.8920637,0.8710626,0.744253995,-0.18283164,0.691139595
external_mixed_v1_telephone_v1,mixed_0212__telephone8k,0.5258778863158328,0.5623565350772666,0.14391769049530923,0.9325786,0.8972491,-0.7418368725,-0.59508723,-0.64582335
external_mixed_v1_telephone_v1,mixed_0213__telephone8k,0.16014071857188267,0.07641847788583318,0.0091580428346704,0.92406964,0.86420536,0.7459206,-0.696860025,0.658547625
external_mixed_v1_telephone_v1,mixed_0214__telephone8k,0.5285091009385153,0.37688886429969215,0.3394012765612123,0.94642526,0.9411773,-0.7492073625,0.47238622500000005,0.1316599275
external_mixed_v1_telephone_v1,mixed_0215__telephone8k,0.18722009911496104,0.0534665825592536,0.46476077208200356,0.95838493,0.39938548,-0.5501412,0.33523605,-0.681945375
external_mixed_v1_telephone_v1,mixed_0216__telephone8k,0.21518177588562382,0.1628544526151731,0.056919777495238674,0.9339193,0.4579681,-0.2591975025,-0.6954981,-0.40376805
external_mixed_v1_telephone_v1,mixed_0217__telephone8k,0.6459124190959978,0.5005010051872326,0.1239688445228002,0.9117834,0.8821064,-0.745490805,-0.6318254249999999,0.021550860749999998
external_mixed_v1_telephone_v1,mixed_0218__telephone8k,0.3325721642032434,0.3624831813080855,0.03653483442309123,0.9544102,0.979933,-0.74950473,-0.6665976524999999,-0.7220268750000001
external_mixed_v1_telephone_v1,mixed_0219__telephone8k,0.4168979004761453,0.059262348129611966,0.17085504905503493,0.9492928,0.9343177,-0.61176552,-0.4854828,-0.16251816
external_mixed_v1_telephone_v1,mixed_0220__telephone8k,0.3325930649358609,0.020810048081912585,0.14836633549548858,0.8859857,0.7884177,0.7375512750000001,0.10414914749999998,0.21335007749999998
external_mixed_v1_telephone_v1,mixed_0221__telephone8k,0.13656071538638812,0.004096076369796167,0.1352097222646829,0.84477675,0.9492221,-0.7498943625000001,0.511901175,-0.216043065
external_mixed_v1_telephone_v1,mixed_0222__telephone8k,0.2520995492742078,0.22634342680623093,0.1055195693119278,0.90065956,0.862593,-0.74931225,-0.502552095,-0.715278825
external_mixed_v1_telephone_v1,mixed_0223__telephone8k,0.8372457912205595,0.5012240354548827,0.37989421407611934,0.938239,0.89372945,-0.74999115,0.7494430875,0.3337626
external_mixed_v1_telephone_v1,mixed_0224__telephone8k,0.2538021296616517,0.07419914122331794,0.2463404229436309,0.93964505,0.8902384,-0.7106840025,0.705436425,-0.185225835
external_mixed_v1_telephone_v1,mixed_0225__telephone8k,0.3219383691001367,0.10274200582261978,0.20070122970629345,0.9287636,0.9446038,-0.749926275,0.32082369,0.068599665
external_mixed_v1_telephone_v1,mixed_0226__telephone8k,0.5551782281718398,0.3109380610309073,0.41871018468645277,0.89497423,0.64200014,-0.749859225,0.664623075,0.0458524305
external_mixed_v1_telephone_v1,mixed_0227__telephone8k,0.20602739980484963,0.37045879769172396,0.014425134180499519,0.95260745,0.93973464,-0.7496100525,-0.738168825,-0.74672967
external_mixed_v1_telephone_v1,mixed_0228__telephone8k,0.1671537845629028,0.0005255026531736785,0.09162141108160023,0.91882396,0.8910437,-0.74849625,-0.741020775,-0.6376800375
external_mixed_v1_telephone_v1,mixed_0229__telephone8k,0.23499611287288366,0.12272345917134855,0.1420551190487278,0.9300885,0.92100346,-0.46093314750000003,0.1880463,0.33559357500000003
external_mixed_v1_telephone_v1,mixed_0230__telephone8k,0.11370806692791015,0.02253012046570944,0.04328097111451501,0.90340465,0.86619335,-0.74986005,-0.748966905,-0.7499242275
external_mixed_v1_telephone_v1,mixed_0231__telephone8k,0.23029133287908088,0.00200178673615467,0.22197705625285272,0.940921,0.8921757,-0.74998458,-0.6067043999999999,-0.736049925
external_mixed_v1_telephone_v1,mixed_0232__telephone8k,0.8680593453262848,0.10406347419651639,0.8838254400301787,0.83078164,0.8196412,-0.7452156,0.5702598,0.40524315
external_mixed_v1_telephone_v1,mixed_0233__telephone8k,0.0900117231299531,0.007331391870614283,0.3362822422113335,0.9543685,0.41176686,0.7479980024999999,0.21765283500000002,0.7360129049999999
external_mixed_v1_telephone_v1,mixed_0234__telephone8k,0.45856012354988596,0.1223082279125584,0.5892021970860681,0.88236475,0.7538015,-0.1346959425,0.7499838000000001,0.74688555
external_mixed_v1_telephone_v1,mixed_0235__telephone8k,0.3236409615835876,0.36464306986238176,0.018117531427388714,0.93091726,0.92319685,-0.7132965,-0.72339915,-0.691120425
external_mixed_v1_telephone_v1,mixed_0236__telephone8k,0.26018775958011775,0.04555044793148135,0.10666306033403394,0.9201411,0.8294209,-0.1840931025,-0.39289421999999996,-0.5732586975
external_mixed_v1_telephone_v1,mixed_0237__telephone8k,0.5782470508888794,0.0026452770531164437,0.7182295756619064,0.95044416,0.80264944,-0.7199376,-0.14152344,-0.371739
external_mixed_v1_telephone_v1,mixed_0238__telephone8k,0.49950747811452634,0.0005445286317075846,0.31265956470815304,0.9351354,0.8884325,-0.6036453975,-0.33434955,0.1483408425
external_mixed_v1_telephone_v1,mixed_0239__telephone8k,0.13663817631221079,0.06760721216928309,0.09829760669462312,0.8162615,0.8731858,-0.74998725,0.43165155,-0.5806717875
external_mixed_v1_telephone_v1,mixed_0240__telephone8k,0.4202162712199929,0.027556049151493636,0.537958362924361,0.92135626,0.7389602,-0.637694025,-0.5689579124999999,-0.712295205
external_mixed_v1_telephone_v1,mixed_0241__telephone8k,0.7842116240181639,0.45893297884708817,0.5404971050886516,0.77451783,0.4798477,-0.7499712749999999,0.627057675,0.41019210000000006
external_mixed_v1_telephone_v1,mixed_0242__telephone8k,0.6976309278632034,0.20475525979634032,0.5192512503218711,0.9608007,0.9576395,-0.6405496875000001,-0.74796615,-0.002145410625
external_mixed_v1_telephone_v1,mixed_0243__telephone8k,0.32288012912639424,0.2016638185947395,0.27879827461562495,0.9552182,0.9162502,-0.7267777049999999,0.73524168,-0.3785963475
external_mixed_v1_telephone_v1,mixed_0244__telephone8k,0.19921965087937865,0.0047129981968791436,0.10499579694259904,0.9447235,0.8608202,-0.7471805549999999,-0.42243495000000003,-0.6520691550000001
external_mixed_v1_telephone_v1,mixed_0245__telephone8k,0.6791408739320258,0.12015548665416148,0.6785262779613003,0.95513695,0.9753293,-0.7371379124999999,0.6802178249999999,0.31877505
external_mixed_v1_telephone_v1,mixed_0246__telephone8k,0.483799884753125,0.5978937743135667,0.3687103525399035,0.8576933,0.96591,-0.7491575625,0.086014455,-0.711869325
external_mixed_v1_telephone_v1,mixed_0247__telephone8k,0.8331999036614818,0.5308395446226531,0.6256533463190914,0.6964753,0.75661147,-0.742729575,0.517183545,0.37188741000000003
external_mixed_v1_telephone_v1,mixed_0248__telephone8k,0.5832678080613252,0.5773991881635926,0.037946284233243026,0.85802233,0.9189709,0.7459849125,-0.745153275,0.7431759
external_mixed_v1_telephone_v1,mixed_0249__telephone8k,0.33992232771059455,0.39751677015195774,0.10271576392606996,0.91918445,0.77958506,-0.74999955,-0.33016044,-0.747679875
external_mixed_v1_telephone_v1,mixed_0250__telephone8k,0.9533737411514684,0.3711346965952957,0.9156085972702782,0.90109503,0.7637622,-0.7256962499999999,0.68049252,0.555530625
external_mixed_v1_telephone_v1,mixed_0251__telephone8k,0.9541683636940502,0.5461725354215992,0.9064748283505606,0.9234123,0.8323215,0.048764017500000006,0.562720275,0.741975075
external_mixed_v1_telephone_v1,mixed_0252__telephone8k,0.9834295413555842,0.9293507474306618,0.7580209747192898,0.73951167,0.8175712,0.0711329025,0.640553895,0.74987055
external_mixed_v1_telephone_v1,mixed_0253__telephone8k,0.6009266601558527,0.3062123288892489,0.4740723834530386,0.93065494,0.8756734,-0.417513825,-0.694320375,-0.11694276
external_mixed_v1_telephone_v1,mixed_0254__telephone8k,0.92134007951692,0.14153425367615494,0.9334160088403394,0.9308825,0.8563027,-0.7004097975,0.7499920874999999,0.72486015
external_mixed_v1_telephone_v1,mixed_0255__telephone8k,0.96496194035635,0.430301025751484,0.94166285693227,0.92514664,0.8026073,-0.749510325,0.7438941,0.611718975
external_mixed_v1_telephone_v1,mixed_0256__telephone8k,0.9760492383461152,0.556511149392089,0.9332167015077439,0.9281481,0.6021714,-0.7491858,0.74877222,0.660700875
external_mixed_v1_telephone_v1,mixed_0257__telephone8k,0.9241610171953574,0.1567132657949555,0.924408439131244,0.8795691,0.7662294,-0.733153875,0.74966115,0.73792695
external_mixed_v1_telephone_v1,mixed_0258__telephone8k,0.9838891088555847,0.6246949511157848,0.9807283148623163,0.9340441,0.90849525,-0.7499993775,0.741387,0.48707208
external_mixed_v1_telephone_v1,mixed_0259__telephone8k,0.8128117525308599,0.15822770358247049,0.9041415979486299,0.89184654,0.87717146,-0.749931675,0.734299245,-0.50041365
external_mixed_v1_telephone_v1,mixed_0260__telephone8k,0.9707160756516289,0.4967224399447976,0.9690798902470091,0.9135243,0.76454157,-0.74908863,0.737875425,0.419742375
external_mixed_v1_telephone_v1,mixed_0261__telephone8k,0.8482311194348433,0.3540906811199234,0.787300508098056,0.91661173,0.8525268,-0.74998875,0.2808111,-0.697034325
external_mixed_v1_telephone_v1,mixed_0262__telephone8k,0.9778543579174692,0.806416870014928,0.9014250651081004,0.91291046,0.91972053,-0.052576241999999995,0.49039192500000006,0.7486280249999999
external_mixed_v1_telephone_v1,mixed_0263__telephone8k,0.9219496238536528,0.09376402137146336,0.9107783650414556,0.88324416,0.7180451,0.59492505,0.749021025,0.748085025
external_mixed_v1_telephone_v1,mixed_0264__telephone8k,0.8345967707888392,0.5244277597407411,0.7104915546901515,0.9060895,0.25737637,-0.7499992875,-0.020409318,-0.730013625
external_mixed_v1_telephone_v1,mixed_0265__telephone8k,0.9810096294598954,0.633347269976418,0.9407652349858064,0.9212393,0.85585904,-0.6791138250000001,0.7499569500000001,0.7493091525
external_mixed_v1_telephone_v1,mixed_0266__telephone8k,0.7985680635627621,0.1361837449483013,0.8286617574646298,0.94331545,0.88838995,-0.7499924025,0.468887595,-0.34275672
external_mixed_v1_telephone_v1,mixed_0267__telephone8k,0.9406518483452317,0.26094256876175076,0.9419778975789899,0.8442476,0.74348515,-0.7461566625,0.533394,0.62716287
external_mixed_v1_telephone_v1,mixed_0268__telephone8k,0.9451750556916507,0.13741526666285805,0.9492770301524087,0.94123447,0.93859494,-0.749923125,0.42881925,0.33755812500000004
external_mixed_v1_telephone_v1,mixed_0269__telephone8k,0.963717095506757,0.5503268344700926,0.9605047986396877,0.9501038,0.8663489,0.49702425000000006,0.749998125,0.7499874
external_mixed_v1_telephone_v1,mixed_0270__telephone8k,0.9827346581037583,0.7757076150218444,0.9332169599503768,0.92726773,0.4201763,-0.4383456375,0.7056885749999999,0.7483010025000001
external_mixed_v1_telephone_v1,mixed_0271__telephone8k,0.9502983220958691,0.2299287690730484,0.9511681530187637,0.87061733,0.87778616,0.7000261125,0.60900915,0.7414611
external_mixed_v1_telephone_v1,mixed_0272__telephone8k,0.8618163329164226,0.12309943631307481,0.8491232917072201,0.9043432,0.86553174,-0.71337015,0.1766754,0.294555705
external_mixed_v1_telephone_v1,mixed_0273__telephone8k,0.933114624659025,0.1629458636242979,0.925727989916386,0.9358778,0.8461512,-0.6354732750000001,-0.09921525750000001,0.2697947775
external_mixed_v1_telephone_v1,mixed_0274__telephone8k,0.9818368896792871,0.595248634973675,0.969968120540705,0.65188485,0.7512602,-0.7498536,0.678102,0.44793587999999995
external_mixed_v1_telephone_v1,mixed_0275__telephone8k,0.8527072647433215,0.013841902305836241,0.942694757287048,0.9704601,0.8709606,-0.749890725,0.6818343375,-0.62453685
external_mixed_v1_telephone_v1,mixed_0276__telephone8k,0.9369048324472724,0.30642533993115256,0.9058488189711437,0.9532054,0.9002575,-0.7489163999999999,0.71684085,0.274005975
external_mixed_v1_telephone_v1,mixed_0277__telephone8k,0.7045448385565414,0.12756229586992635,0.8904607119485877,0.916588,0.8492048,-0.748338,0.589945575,-0.672149325
external_mixed_v1_telephone_v1,mixed_0278__telephone8k,0.9070341680706414,0.23322239815901732,0.9530631537037337,0.9360729,0.7557218,-0.7499855249999999,0.734335005,0.06840408749999999
external_mixed_v1_telephone_v1,mixed_0279__telephone8k,0.8977188928031123,0.21997561837371832,0.854858634300866,0.8824925,0.5678592,-0.7384830450000001,0.34293919500000003,0.513072
external_mixed_v1_telephone_v1,mixed_0280__telephone8k,0.8573662462173346,0.35751427238735295,0.6748025531273861,0.9087097,0.89118904,-0.7495432200000001,0.739713975,0.48378952500000005
external_mixed_v1_telephone_v1,mixed_0281__telephone8k,0.9604720226688144,0.06275133360995203,0.9682580085965212,0.9213418,0.889612,-0.749782275,0.7480994775,0.659659425
external_mixed_v1_telephone_v1,mixed_0282__telephone8k,0.9466441090583594,0.6961414165303134,0.9033440086664126,0.93179804,0.8662911,0.620072325,0.7499423775,0.7492379250000001
external_mixed_v1_telephone_v1,mixed_0283__telephone8k,0.9447423482933579,0.6434380865421855,0.8541554427217005,0.935135,0.6966219,0.2761918875,-0.0666545595,0.74079162
external_mixed_v1_telephone_v1,mixed_0284__telephone8k,0.9198369852942692,0.31465496452564296,0.919389472293787,0.9008275,0.9042389,-0.706312275,0.73532985,0.6137449500000001
external_mixed_v1_telephone_v1,mixed_0285__telephone8k,0.9510807187873689,0.7194493744453777,0.6701771378469324,0.95278513,0.87506557,-0.7498745250000001,0.708685725,0.6250503000000001
external_mixed_v1_telephone_v1,mixed_0286__telephone8k,0.9198456000514654,0.014961739144646439,0.9339315153726331,0.92765677,0.9099627,0.05838459,0.7499967750000001,0.7490378025
external_mixed_v1_telephone_v1,mixed_0287__telephone8k,0.98406041839177,0.7831056627310687,0.9549476326712312,0.8620782,0.8131119,-0.063913308,0.747569775,0.7213095
external_mixed_v1_telephone_v1,mixed_0288__telephone8k,0.9604826582453834,0.48352409305855226,0.9105616119157897,0.90999216,0.61584514,-0.7499941875,0.745221645,0.581161575
external_mixed_v1_telephone_v1,mixed_0289__telephone8k,0.9721386166619473,0.6512181926550287,0.9307672392721287,0.9303188,0.7532402,-0.7491882750000001,0.5367431475,0.6229344
external_mixed_v1_telephone_v1,mixed_0290__telephone8k,0.48632042849786167,0.2687841856793048,0.3265282988776778,0.9385793,0.8850242,-0.7499980500000001,-0.7435488,-0.749186625
external_mixed_v1_telephone_v1,mixed_0291__telephone8k,0.9779058848669466,0.5845446936691382,0.9431631249893339,0.94493496,0.8238742,-0.749072805,0.7128771,0.597753255
external_mixed_v1_telephone_v1,mixed_0292__telephone8k,0.9632670676474465,0.502626725538408,0.9624648741729951,0.9119206,0.77229726,-0.488914125,0.39873867,0.22495919999999997
external_mixed_v1_telephone_v1,mixed_0293__telephone8k,0.9145638107512557,0.27936988260166823,0.9162438145314425,0.92613107,0.7404729,-0.7457172750000001,-0.1688279325,-0.1260401625
external_mixed_v1_telephone_v1,mixed_0294__telephone8k,0.8753146268654348,0.404289095197348,0.9285768600691477,0.92382663,0.84562266,-0.7499966025,0.615231375,-0.5941445249999999
external_mixed_v1_telephone_v1,mixed_0295__telephone8k,0.8819353608468504,0.3170576960558292,0.9470859176750324,0.9113874,0.91198474,-0.75,0.4338190125,-0.749991825
external_mixed_v1_telephone_v1,mixed_0296__telephone8k,0.9578675866309072,0.45913028860510796,0.9607003328199009,0.93214244,0.8059704,-0.749537925,0.7412850975,0.387981825
external_mixed_v1_telephone_v1,mixed_0297__telephone8k,0.8814131095359983,0.17766316917171693,0.9425425624061752,0.89655215,0.7401531,-0.7499955300000001,0.7087661249999999,0.5523141300000001
external_mixed_v1_telephone_v1,mixed_0298__telephone8k,0.950487414412911,0.1850525710955711,0.9575378715858677,0.9338799,0.82929724,-0.74775213,0.74757372,0.730264275
external_mixed_v1_telephone_v1,mixed_0299__telephone8k,0.5626209581675942,0.029174430888936512,0.4145648000418872,0.88134676,0.9049922,-0.74998245,-0.42517465499999996,-0.713101875
external_mixed_v1_telephone_v1,mixed_0300__telephone8k,0.9717147184180016,0.9700536174030846,0.08467708581965605,0.9433972,0.85301566,0.703639875,-0.701028075,0.748002375
external_mixed_v1_telephone_v1,mixed_0301__telephone8k,0.7788266338475919,0.6992651228579131,0.8406670565504076,0.6576479,0.69989175,-0.74829525,0.6667873275,-0.58277595
external_mixed_v1_telephone_v1,mixed_0302__telephone8k,0.955357536575264,0.9282806703591355,0.03404223520981318,0.9269758,0.94632244,0.7366640250000001,-0.10598298750000001,0.74900262
external_mixed_v1_telephone_v1,mixed_0303__telephone8k,0.0939190871237213,0.06480268069941282,0.029653538222663048,0.93432355,0.77569354,-0.74627745,0.1901443875,-0.14553048
external_mixed_v1_telephone_v1,mixed_0304__telephone8k,0.6309331163737021,0.24016009803141683,0.21198384851354019,0.9128731,0.75016624,0.74999955,0.7499464499999999,0.74999715
external_mixed_v1_telephone_v1,mixed_0305__telephone8k,0.9897748916161158,0.9849771250325254,0.04374506748183781,0.8653887,0.8487994,0.7499988375,-0.45241668749999997,0.74999808
external_mixed_v1_telephone_v1,mixed_0306__telephone8k,0.7733244591773,0.6422348277466008,0.05812648595759677,0.9498512,0.89368623,0.749973525,-0.39185607749999996,0.74991153
external_mixed_v1_telephone_v1,mixed_0307__telephone8k,0.9768005957481993,0.9724165595035037,0.15473201667368802,0.9128184,0.9201974,0.74999727,-0.15486531750000002,0.74999955
external_mixed_v1_telephone_v1,mixed_0308__telephone8k,0.7100132734641827,0.758519721633347,0.07470304137890173,0.9382802,0.9106646,-0.7469996999999999,-0.0807351525,-0.6747358725
external_mixed_v1_telephone_v1,mixed_0309__telephone8k,0.6731485787247738,0.6317198026664556,0.03790899988872994,0.90484995,0.6991891,-0.319860645,0.7498146,0.6261428250000001
external_mixed_v1_telephone_v1,mixed_0310__telephone8k,0.9816521377696853,0.9670931215580453,0.553784453599335,0.9135349,0.9002413,0.61620765,0.299306175,0.69304215
external_mixed_v1_telephone_v1,mixed_0311__telephone8k,0.3697881310049013,0.005118802051455588,0.02168723375480769,0.92391056,0.9427548,0.75,0.7499979,0.749999925
external_mixed_v1_telephone_v1,mixed_0312__telephone8k,0.9338226835883136,0.9171971903051009,0.633117366405781,0.8997719,0.9696009,0.6387423750000001,0.7487861250000001,0.749493195
external_mixed_v1_telephone_v1,mixed_0313__telephone8k,0.9778379687098091,0.968583647018658,0.15175270519823264,0.896531,0.9607346,0.74999982,0.42173065500000007,0.749999175
external_mixed_v1_telephone_v1,mixed_0314__telephone8k,0.7992934771926818,0.7906539279158205,0.0729582405186751,0.9368052,0.94926596,0.72752955,-0.717275175,0.5332745249999999
external_mixed_v1_telephone_v1,mixed_0315__telephone8k,0.9917651493370533,0.98928532354021,0.029964727152432154,0.9266101,0.9693066,0.749736975,0.3150981375,0.7496795625
external_mixed_v1_telephone_v1,mixed_0316__telephone8k,0.9664880023164941,0.9698956953207006,0.32872024791781806,0.8502684,0.89888763,0.7499643,0.467071425,0.749995875
external_mixed_v1_telephone_v1,mixed_0317__telephone8k,0.8240205502427369,0.8818810809400603,0.07127028264464555,0.99066377,0.81743217,0.652856475,-0.416648355,0.7452069
external_mixed_v1_telephone_v1,mixed_0318__telephone8k,0.9252062334127101,0.9606618171915404,0.15027816244002573,0.83100414,0.844302,0.74999343,0.725372625,0.7499977200000001
external_mixed_v1_telephone_v1,mixed_0319__telephone8k,0.8932286648958188,0.5818907900040969,0.5514089033938422,0.95033836,0.80716324,-0.7444798800000001,-0.1155054225,0.4952316
external_mixed_v1_telephone_v1,mixed_0320__telephone8k,0.9766102683070531,0.96403327746921,0.1583620431815271,0.89654976,0.8581409,0.74999982,-0.01652644725,0.749999925
external_mixed_v1_telephone_v1,mixed_0321__telephone8k,0.997688089955163,0.9835520867098868,0.852800552522666,0.89173126,0.7691561,-0.18621501000000001,0.609899625,0.739102875
external_mixed_v1_telephone_v1,mixed_0322__telephone8k,0.8975872131324573,0.9026577985780838,0.5337138469004444,0.9377469,0.8754424,0.714885825,-0.229480395,0.552861225
external_mixed_v1_telephone_v1,mixed_0323__telephone8k,0.8599560311189092,0.7401138985041745,0.05610858128479034,0.9388268,0.9381559,-0.555826275,-0.7462653,0.7139202
external_mixed_v1_telephone_v1,mixed_0324__telephone8k,0.9548109543614696,0.9704974854300896,0.1751682836237594,0.92362905,0.920023,0.7235422875,-0.51836988,-0.24389418000000002
external_mixed_v1_telephone_v1,mixed_0325__telephone8k,0.9809823514281242,0.9706234793207132,0.06453079799945881,0.8684485,0.6520046,0.7499993775,-0.5536825949999999,0.74999763
external_mixed_v1_telephone_v1,mixed_0326__telephone8k,0.5483114272552216,0.15690817264219806,0.0676568704245532,0.9577095,0.67380166,0.749995845,-0.73761012,0.749902575
external_mixed_v1_telephone_v1,mixed_0327__telephone8k,0.8736447110055824,0.9713566300281469,0.04273794119535994,0.84450954,0.8315554,0.74999835,0.749997825,0.7499989499999999
external_mixed_v1_telephone_v1,mixed_0328__telephone8k,0.7144669595793446,0.7680671892528328,0.11742909210359434,0.7960009,0.77192587,0.7499997,0.7362108,0.7499976
external_mixed_v1_telephone_v1,mixed_0329__telephone8k,0.7588499594589518,0.8401127716005924,0.4388215212029935,0.877847,0.96023375,-0.63941055,0.07856419875,-0.20296839
external_mixed_v1_telephone_v1,mixed_0330__telephone8k,0.9826268479397565,0.9840110993674005,0.06533342991750836,0.92627126,0.7908803,0.749930625,-0.27549706500000004,0.749964675
external_mixed_v1_telephone_v1,mixed_0331__telephone8k,0.9968400218463107,0.9932676809966955,0.7690264619436794,0.9262596,0.8870045,0.7499741249999999,0.38271894749999996,0.74998842
external_mixed_v1_telephone_v1,mixed_0332__telephone8k,0.9918738305598618,0.9685729886551808,0.9370688613660827,0.9323775,0.8554045,0.749827275,0.69348885,0.7499926275
external_mixed_v1_telephone_v1,mixed_0333__telephone8k,0.2436881516022235,0.019766719249800148,0.043611175238308056,0.95158917,0.8982154,0.2089662975,-0.742452975,-0.6161418974999999
external_mixed_v1_telephone_v1,mixed_0334__telephone8k,0.8617427446371745,0.6974450038977852,0.2886110601528196,0.73240703,0.9230408,-0.74898273,-0.49910714999999994,0.604341225
external_mixed_v1_telephone_v1,mixed_0335__telephone8k,0.9849334824866199,0.9449541554475054,0.9105236237512788,0.9322449,0.834681,0.73631778,0.6281503725,0.749842575
external_mixed_v1_telephone_v1,mixed_0336__telephone8k,0.9601927964754275,0.9729392192220024,0.05644800864187528,0.9243917,0.8761808,0.436182705,-0.5271297,0.70816875
external_mixed_v1_telephone_v1,mixed_0337__telephone8k,0.9038311515014651,0.521376277169808,0.1049584481172849,0.92273206,0.8645226,0.5845234875,-0.569392575,0.7321083749999999
external_mixed_v1_telephone_v1,mixed_0338__telephone8k,0.8895981788791514,0.8159023019625525,0.056313396250543386,0.9248709,0.83714265,0.7499966250000001,0.7499990999999999,0.749995755
external_mixed_v1_telephone_v1,mixed_0339__telephone8k,0.9400532586089675,0.9472172867029897,0.18587371208365125,0.8894216,0.84441763,0.506632425,0.74382153,0.74947365
external_mixed_v1_telephone_v1,mixed_0340__telephone8k,0.8981747724662792,0.6803345996287765,0.835424704244369,0.91759044,0.7497851,0.7499640750000001,0.09520404,0.74981037
external_mixed_v1_telephone_v1,mixed_0341__telephone8k,0.7244863307208446,0.07715545795573206,0.3790867523331821,0.9300597,0.91933227,0.720709575,0.7359500250000001,0.7483004249999999
external_mixed_v1_telephone_v1,mixed_0342__telephone8k,0.9682984839710314,0.939603715493367,0.477355054834051,0.95657754,0.9676865,0.7074992999999999,0.2230143225,0.74963835
external_mixed_v1_telephone_v1,mixed_0343__telephone8k,0.4333087185762303,0.10946952894348855,0.1732028801481389,0.9490734,0.9440576,-0.74622855,0.31307039999999997,0.15786111
external_mixed_v1_telephone_v1,mixed_0344__telephone8k,0.9765387463843048,0.9674555335835793,0.021021448338220932,0.9023362,0.7122412,0.7499997,0.4524434625,0.74998455
external_mixed_v1_telephone_v1,mixed_0345__telephone8k,0.9719511132613147,0.9495666252040674,0.2470009961069853,0.8975282,0.81424063,0.7499975249999999,0.720309075,0.749999025
external_mixed_v1_telephone_v1,mixed_0346__telephone8k,0.9582798704037204,0.8825995656850009,0.7535641267290775,0.94645303,0.7571946,0.58417215,0.391074975,0.748617525
external_mixed_v1_telephone_v1,mixed_0347__telephone8k,0.9622109128828078,0.9251410543491018,0.23227492635169,0.94072926,0.9285125,-0.081632037,0.11439643499999999,0.5066092875
external_mixed_v1_telephone_v1,mixed_0348__telephone8k,0.7557127999279236,0.7741605496787668,0.02778675156010061,0.8760698,0.77458036,-0.5485892625,-0.6250955250000001,0.16596908249999998
external_mixed_v1_telephone_v1,mixed_0349__telephone8k,0.9975914270977578,0.9973431964362853,0.12286837978701498,0.90578616,0.90678054,0.7499091,-0.032184405,0.7499883
external_mixed_v1_telephone_v1,mixed_0350__telephone8k,0.9919137320466782,0.9720686474571257,0.8890169661574724,0.85926265,0.8093275,0.749956995,0.692458725,0.74999298
external_mixed_v1_telephone_v1,mixed_0351__telephone8k,0.9400150158726595,0.7751601142681277,0.8096487988194637,0.91249174,0.9389134,-0.744319275,-0.6080733225,-0.7450522199999999
external_mixed_v1_telephone_v1,mixed_0352__telephone8k,0.9860800150764979,0.9940577757483313,0.8198990754070514,0.87954575,0.8563709,0.74999985,-0.3761683275,0.74999835
external_mixed_v1_telephone_v1,mixed_0353__telephone8k,0.7312863503410424,0.9048013348135591,0.028951134000060687,0.6980009,0.59919894,0.7499968275,0.7184262,0.749993025
external_mixed_v1_telephone_v1,mixed_0354__telephone8k,0.985303716039326,0.941597192885077,0.9523422074956133,0.9307743,0.8270439,0.74999565,0.692459325,0.74998875
external_mixed_v1_telephone_v1,mixed_0355__telephone8k,0.9344415032859399,0.7906753956494156,0.8339612900580688,0.9463944,0.9399875,0.6899581275,0.72260463,0.7493952
external_mixed_v1_telephone_v1,mixed_0356__telephone8k,0.9770630379325169,0.9768170785237694,0.8785411498093636,0.8387368,0.86798453,0.749899125,-0.2583802125,0.7499583750000001
external_mixed_v1_telephone_v1,mixed_0357__telephone8k,0.9434571985857071,0.8733301238458892,0.6620702470768894,0.9123541,0.8214883,0.7499167200000001,0.7499960625000001,0.749957925
external_mixed_v1_telephone_v1,mixed_0358__telephone8k,0.9773012449008963,0.6611234088724572,0.9674124244022572,0.93742263,0.7789554,-0.7452852750000001,0.748735695,0.33885815249999995
external_mixed_v1_telephone_v1,mixed_0359__telephone8k,0.9404105118686402,0.6683084708657435,0.833503427849511,0.9320658,0.9115778,0.748804095,-0.0784534575,0.74995245
external_mixed_v1_telephone_v1,mixed_0360__telephone8k,0.9874062347711567,0.9582047227601426,0.9158029079125806,0.91935503,0.86229575,0.748096395,0.2037174375,0.65378685
external_mixed_v1_telephone_v1,mixed_0361__telephone8k,0.991567786388384,0.9688209098336493,0.9303624103176573,0.8822153,0.8526174,0.7499915475,0.1687113975,0.74999655
external_mixed_v1_telephone_v1,mixed_0362__telephone8k,0.9675262031750038,0.8487670165875227,0.9386879236500205,0.92719966,0.679047,0.74999985,0.7499433,0.749999925
external_mixed_v1_telephone_v1,mixed_0363__telephone8k,0.9986186315959745,0.9973179396988358,0.7706458923361312,0.8815278,0.8613028,0.7499865,0.57692067,0.74999763
external_mixed_v1_telephone_v1,mixed_0364__telephone8k,0.8155193940867097,0.6976143763695842,0.5350246934035564,0.96959186,0.442347,0.58962945,0.23377615499999999,0.0043981173
external_mixed_v1_telephone_v1,mixed_0365__telephone8k,0.987816444885119,0.9687018756847527,0.8505697356876468,0.91678005,0.8978693,0.7499663249999999,0.1197959475,0.749993475
external_mixed_v1_telephone_v1,mixed_0366__telephone8k,0.9966234009876929,0.9795002537939088,0.9597288953900962,0.8882588,0.8980158,0.635804025,0.75,0.74999985
external_mixed_v1_telephone_v1,mixed_0367__telephone8k,0.9856665604920231,0.9607746176836125,0.6923384299463476,0.8869646,0.7445658,0.74999985,0.6367665225,0.7499992875
external_mixed_v1_telephone_v1,mixed_0368__telephone8k,0.9980556631138786,0.9939266897913217,0.9207512057032146,0.90954566,0.8160718,0.6124942725,0.35221173,0.6505346625
external_mixed_v1_telephone_v1,mixed_0369__telephone8k,0.9428167760836418,0.5830937326383123,0.81591434280088,0.93613213,0.88478076,0.72067065,0.6435326625,0.7480423875
external_mixed_v1_telephone_v1,mixed_0370__telephone8k,0.9922249104545475,0.8810954278847993,0.9730851452240805,0.9269464,0.6413793,-0.059271735,0.74999295,0.7493586375
external_mixed_v1_telephone_v1,mixed_0371__telephone8k,0.901710100517648,0.139803880020941,0.9781142392226905,0.8266316,0.427109,0.723328275,0.7499668724999999,0.74994315
external_mixed_v1_telephone_v1,mixed_0372__telephone8k,0.9752563174199124,0.7965800582220627,0.9226506073472024,0.7696787,0.9528853,-0.720300525,0.71358,0.6389318700000001
external_mixed_v1_telephone_v1,mixed_0373__telephone8k,0.9730395960571795,0.9786708050733155,0.8876620274847309,0.8999315,0.82987237,0.7498605,0.0722752845,0.7499534250000001
external_mixed_v1_telephone_v1,mixed_0374__telephone8k,0.9666056601013443,0.9405275644344314,0.6184489243848575,0.9219834,0.6159357,0.747679395,0.32602461000000005,0.74511945
external_mixed_v1_telephone_v1,mixed_0375__telephone8k,0.9831765973267022,0.7599801689312838,0.9077730491330296,0.920172,0.8820595,-0.520046625,-0.5749294500000001,0.521342445
external_mixed_v1_telephone_v1,mixed_0376__telephone8k,0.7810972660359323,0.03234446831119093,0.7094958196141452,0.9151491,0.7851855,0.749999955,0.749988525,0.749999955
external_mixed_v1_telephone_v1,mixed_0377__telephone8k,0.9910192918839075,0.9799754314632492,0.4977706582929081,0.8849342,0.8097133,0.5161533524999999,0.1437450225,0.7023913275
external_mixed_v1_telephone_v1,mixed_0378__telephone8k,0.9894591098564518,0.9437815217314408,0.9317621093741051,0.9396085,0.89019996,0.749831025,0.26914894500000003,0.749992725
external_mixed_v1_telephone_v1,mixed_0379__telephone8k,0.9938908481465445,0.967170604262911,0.978241290655193,0.8899359,0.7537463,0.74999817,0.74911365,0.7499996250000001
external_mixed_v1_telephone_v1,mixed_0380__telephone8k,0.9970086845106991,0.9856669003300952,0.971314536905687,0.70971143,0.67687935,0.749992575,0.7499412750000001,0.749999925
external_mixed_v1_telephone_v1,mixed_0381__telephone8k,0.9750839532171937,0.9351618101801862,0.7936440924225933,0.9316532,0.65259576,0.740573955,0.749998725,0.749999925
external_mixed_v1_telephone_v1,mixed_0382__telephone8k,0.7056589654295939,0.023477697924334774,0.897019416382301,0.92694974,0.899134,-0.7299171375,0.744143775,0.53173935
external_mixed_v1_telephone_v1,mixed_0383__telephone8k,0.9983685038265248,0.9948361247153839,0.937662306642503,0.906351,0.8669412,0.74990952,0.199520565,0.7499966250000001
external_mixed_v1_telephone_v1,mixed_0384__telephone8k,0.9867579072489411,0.9653040248246911,0.7292974688765324,0.91630775,0.88076645,0.74623503,0.401424375,0.748797825
external_mixed_v1_telephone_v1,mixed_0385__telephone8k,0.9997618849602737,0.9995763115824898,0.7906830190464234,0.8958164,0.5639941,0.74999817,0.744698775,0.74999982
external_mixed_v1_telephone_v1,mixed_0386__telephone8k,0.9909209096025058,0.9444610309864508,0.9131826655802979,0.9016259,0.8680774,0.58081305,0.2412902025,0.74954268
external_mixed_v1_telephone_v1,mixed_0387__telephone8k,0.9015403974810046,0.22400629526218765,0.9279955127805402,0.9223967,0.70673,-0.7045932375,0.7499646375,0.7080387
external_mixed_v1_telephone_v1,mixed_0388__telephone8k,0.9558015673818072,0.9410662609184505,0.8917497577996286,0.87273824,0.926509,0.58942725,0.73241625,0.7495167
external_mixed_v1_telephone_v1,mixed_0389__telephone8k,0.9934093754577206,0.9817832403351735,0.8898136342085661,0.89748985,0.47550312,0.7499628,0.371659245,0.7499940975
external_mixed_v1_telephone_v1,mixed_0390__telephone8k,0.9856674422554434,0.9629688565075054,0.8553272886532323,0.85455763,0.7845544,0.749999955,0.748984125,0.7499996250000001
external_mixed_v1_telephone_v1,mixed_0391__telephone8k,0.9854434745038574,0.9261539422082369,0.9601303953804347,0.91712165,0.80403614,0.74996175,0.306363165,0.749997825
external_mixed_v1_telephone_v1,mixed_0392__telephone8k,0.9991251250036756,0.9981312322719019,0.8702304220360578,0.8847211,0.9036569,0.74999925,0.7112042625,0.7499997
external_mixed_v1_telephone_v1,mixed_0393__telephone8k,0.9930540473438759,0.8293129248619296,0.9623001505205608,0.93834674,0.87680286,-0.6442668300000001,0.6415701375,0.749870475
external_mixed_v1_telephone_v1,mixed_0394__telephone8k,0.9531052689837349,0.919400139279828,0.8879739161258766,0.88331234,0.9002558,0.749988675,0.38313375,0.7499646
external_mixed_v1_telephone_v1,mixed_0395__telephone8k,0.8307779080323968,0.6418609982931264,0.5318937983999852,0.91942406,0.8928416,0.62943627,-0.22305708750000003,0.202133025
external_mixed_v1_telephone_v1,mixed_0396__telephone8k,0.9714074653029086,0.945703159662097,0.92744927160127,0.6859859,0.8968872,0.7213308525000001,0.537471675,0.749532975
external_mixed_v1_telephone_v1,mixed_0397__telephone8k,0.9537688030644167,0.695450068526664,0.9182913153270064,0.9320416,0.87949157,-0.7207341525000001,0.47077634999999995,0.32485563
external_mixed_v1_telephone_v1,mixed_0398__telephone8k,0.9963374006024349,0.979897543228534,0.9359291964855653,0.92345345,0.8259335,-0.1167441675,0.704031495,0.7497546225
external_mixed_v1_telephone_v1,mixed_0399__telephone8k,0.9900382555983522,0.9949175897952163,0.9249021618549564,0.8317947,0.8915303,0.749954355,0.341287095,0.749995755
source_disjoint_mixed_v1_telephone_v1,sdxmix_0000__telephone8k,0.9444537839635421,0.9584302065467615,0.5628665427891021,0.639746,0.4438361,-0.05036486700000001,0.7499916,0.74990268
source_disjoint_mixed_v1_telephone_v1,sdxmix_0001__telephone8k,0.08152636615041288,0.004857268749695098,0.09845049394057966,0.8431515,0.9337976,0.72635715,0.74999985,0.749909205
source_disjoint_mixed_v1_telephone_v1,sdxmix_0002__telephone8k,0.3874138392341472,0.0006700268104365224,0.42256827289189236,0.9220826,0.9287242,0.749853525,0.749972325,0.7499480249999999
source_disjoint_mixed_v1_telephone_v1,sdxmix_0003__telephone8k,0.9094134717879814,0.4990245367132139,0.927713872156893,0.79120046,0.4198801,0.6984026249999999,0.603144495,0.7499214974999999
source_disjoint_mixed_v1_telephone_v1,sdxmix_0004__telephone8k,0.6700208956901743,0.9209782619008898,0.06787813715250275,0.6840523,0.89597833,0.7499979,0.74997135,0.7499947275
source_disjoint_mixed_v1_telephone_v1,sdxmix_0005__telephone8k,0.08761913390651808,0.002558167302630546,0.03729537571209709,0.78182364,0.9417963,0.6983567475,0.7499985,0.749973525
source_disjoint_mixed_v1_telephone_v1,sdxmix_0006__telephone8k,0.9639204148209445,0.998398566039609,0.3667260964733445,0.8376479,0.93579125,0.749999955,0.749879655,0.749999925
source_disjoint_mixed_v1_telephone_v1,sdxmix_0007__telephone8k,0.20281476204142962,0.0021258200691637256,0.10276492153520517,0.87336826,0.93457055,0.7495417875,0.74999973,0.749997075
source_disjoint_mixed_v1_telephone_v1,sdxmix_0008__telephone8k,0.5703930985198994,0.007523951483002204,0.7621373070048119,0.9022673,0.5594049,0.279787275,0.745993425,0.739282605
source_disjoint_mixed_v1_telephone_v1,sdxmix_0009__telephone8k,0.15794757611776317,0.9133222139618921,0.0029796314575682107,0.84112024,0.9179488,0.74986893,0.74999715,0.74999925
source_disjoint_mixed_v1_telephone_v1,sdxmix_0010__telephone8k,0.9135699097839945,0.9933720563680789,0.7038571636485051,0.8573441,0.89954424,0.749292225,0.74990355,0.7499940975
source_disjoint_mixed_v1_telephone_v1,sdxmix_0011__telephone8k,0.0938042105481175,0.006514566490404848,0.04918225756533495,0.88053066,0.94365436,0.75,0.73368495,0.749996925
source_disjoint_mixed_v1_telephone_v1,sdxmix_0012__telephone8k,0.952622114016905,0.9977622231360783,0.7232367847731034,0.6492264,0.9194114,0.7492167000000001,0.749996475,0.7499946
source_disjoint_mixed_v1_telephone_v1,sdxmix_0013__telephone8k,0.12538047966880897,0.027400789810925006,0.2831536088551046,0.7994004,0.4078408,0.7499953500000001,0.749990625,0.749998725
source_disjoint_mixed_v1_telephone_v1,sdxmix_0014__telephone8k,0.4833928214170573,0.0024243941995148732,0.5486477341664385,0.9560554,0.4361698,0.74999973,0.749999955,0.74999985
source_disjoint_mixed_v1_telephone_v1,sdxmix_0015__telephone8k,0.03592171321779181,0.002726142581064393,0.47931022517507693,0.955598,0.43353078,0.7487010000000001,0.7484411025,0.74991
source_disjoint_mixed_v1_telephone_v1,sdxmix_0016__telephone8k,0.1125753548984005,0.0018787808828398388,0.14746089992050876,0.9123877,0.9228815,0.74994165,0.74999835,0.74999985
source_disjoint_mixed_v1_telephone_v1,sdxmix_0017__telephone8k,0.4125481879011427,0.01864675139161058,0.48501847755730954,0.948004,0.8890334,0.749998125,0.7499832375000001,0.74999808
source_disjoint_mixed_v1_telephone_v1,sdxmix_0018__telephone8k,0.3937613748783789,0.9957974870376053,0.018979079319220615,0.76426256,0.9257603,0.74748885,0.7499692874999999,0.7497360225
source_disjoint_mixed_v1_telephone_v1,sdxmix_0019__telephone8k,0.4748090368361037,0.9759550499143599,0.05288054006312298,0.7402867,0.887078,0.749993205,0.7494241725,0.749993475
source_disjoint_mixed_v1_telephone_v1,sdxmix_0020__telephone8k,0.29537521763455316,0.0046889825258503845,0.05007957961114815,0.68056405,0.92657584,0.75,0.7320702375,0.749999925
source_disjoint_mixed_v1_telephone_v1,sdxmix_0021__telephone8k,0.4897509038977904,0.027628966020768732,0.28511232872899783,0.7983076,0.93682456,0.748853355,0.6887369624999999,0.749973675
source_disjoint_mixed_v1_telephone_v1,sdxmix_0022__telephone8k,0.05804163360925599,0.06205082590329553,0.02865258353530158,0.5471452,0.9556121,0.749882925,0.73342455,0.749926275
source_disjoint_mixed_v1_telephone_v1,sdxmix_0023__telephone8k,0.19948885136622466,0.0023192556766591,0.20004536536015755,0.91480935,0.87261796,0.74999985,0.7498588500000001,0.749999925
source_disjoint_mixed_v1_telephone_v1,sdxmix_0024__telephone8k,0.3508372760845847,0.569820735093234,0.06953397015910337,0.6443769,0.95949394,-0.7499894475,0.75,0.7485948
source_disjoint_mixed_v1_telephone_v1,sdxmix_0025__telephone8k,0.8953624834059581,0.980703603632423,0.6978428658371458,0.7305484,0.9646149,0.748157625,0.75,0.75
source_disjoint_mixed_v1_telephone_v1,sdxmix_0026__telephone8k,0.6882414110063222,0.8194919017141861,0.3744387923169776,0.758554,0.93369156,0.749999955,0.749924025,0.74999985
source_disjoint_mixed_v1_telephone_v1,sdxmix_0027__telephone8k,0.5608140723255083,0.005611589653050891,0.5373176242210853,0.7643225,0.9319548,0.7499257500000001,0.75,0.75
source_disjoint_mixed_v1_telephone_v1,sdxmix_0028__telephone8k,0.9454823617411416,0.9990188043538791,0.5126477054571569,0.76972467,0.9569905,0.749810775,0.743195325,0.74999985
source_disjoint_mixed_v1_telephone_v1,sdxmix_0029__telephone8k,0.2787008967674414,0.21516632292630003,0.08782639966009796,0.76316667,0.9502246,0.74825688,0.74974875,0.74862045
source_disjoint_mixed_v1_telephone_v1,sdxmix_0030__telephone8k,0.865048496950071,0.027534906042832367,0.7851576924037279,0.69518167,0.95389414,0.75,0.75,0.75
source_disjoint_mixed_v1_telephone_v1,sdxmix_0031__telephone8k,0.7080449181290441,0.937375012391888,0.23365485492405574,0.8017862,0.9451484,0.74987265,0.74826375,0.75
source_disjoint_mixed_v1_telephone_v1,sdxmix_0032__telephone8k,0.21847231081149351,0.007493099724603985,0.09069163225086571,0.73020566,0.9409235,0.74999982,0.749994975,0.749999925
source_disjoint_mixed_v1_telephone_v1,sdxmix_0033__telephone8k,0.2287602540558944,0.0003409370193765192,0.045619045119458225,0.8554922,0.9213912,0.749999925,0.75,0.75
source_disjoint_mixed_v1_telephone_v1,sdxmix_0034__telephone8k,0.5760565749020694,0.8771974354023864,0.16967517212509095,0.65644467,0.9726087,0.7499961975,0.75,0.75
source_disjoint_mixed_v1_telephone_v1,sdxmix_0035__telephone8k,0.04170468064746905,0.00431141181279866,0.026577875341212944,0.799122,0.97251374,0.74999985,0.749999775,0.75
source_disjoint_mixed_v1_telephone_v1,sdxmix_0036__telephone8k,0.7370927298987794,0.004063142756283436,0.7128405737853195,0.8003501,0.8546772,0.75,0.75,0.75
source_disjoint_mixed_v1_telephone_v1,sdxmix_0037__telephone8k,0.9439480714507029,0.7164260776167768,0.9152702109015032,0.93879414,0.92954147,0.749999175,0.749999955,0.749999925
source_disjoint_mixed_v1_telephone_v1,sdxmix_0038__telephone8k,0.6707880742117223,0.016709159651743265,0.39999011450152966,0.8240736,0.945294,0.75,0.75,0.749999955
source_disjoint_mixed_v1_telephone_v1,sdxmix_0039__telephone8k,0.7097808712118927,0.0009472750684833121,0.7896135531466929,0.871676,0.9262517,0.75,0.75,0.75
source_disjoint_mixed_v1_telephone_v1,sdxmix_0040__telephone8k,0.7190736280695915,0.08225704490093823,0.6816177322877793,0.9141247,0.92268133,0.749833125,0.75,0.75
source_disjoint_mixed_v1_telephone_v1,sdxmix_0041__telephone8k,0.5484537324847248,0.004382361624413158,0.5604750039788378,0.7170847,0.93004644,0.75,0.75,0.75
source_disjoint_mixed_v1_telephone_v1,sdxmix_0042__telephone8k,0.60954509542858,0.0038658508119557232,0.5771726523639608,0.9337008,0.9516324,0.749999775,0.75,0.75
source_disjoint_mixed_v1_telephone_v1,sdxmix_0043__telephone8k,0.8817363670469778,0.8242213761644847,0.4391558589014265,0.7551879,0.9551877,0.7499962875,0.74759553,0.74999982
source_disjoint_mixed_v1_telephone_v1,sdxmix_0044__telephone8k,0.5716740183427766,0.23537270433907345,0.4155951942578748,0.9042752,0.9456906,0.7499996250000001,0.749999955,0.749999775
source_disjoint_mixed_v1_telephone_v1,sdxmix_0045__telephone8k,0.366994893716469,0.0005665543813729485,0.2099305095982627,0.885479,0.9622433,0.7499955300000001,0.7497062999999999,0.749999955
source_disjoint_mixed_v1_telephone_v1,sdxmix_0046__telephone8k,0.7363768110834529,0.05208679577854138,0.3062396780321205,0.7672538,0.9224623,0.749999925,0.7499997,0.749999955
source_disjoint_mixed_v1_telephone_v1,sdxmix_0047__telephone8k,0.4883134958117906,0.008493342940468912,0.2685132216744988,0.86801517,0.92495966,0.75,0.7499690625,0.749999955
source_disjoint_mixed_v1_telephone_v1,sdxmix_0048__telephone8k,0.850712169951715,0.013168685035470164,0.8530800022316242,0.9270405,0.9588526,0.74999973,0.75,0.75
source_disjoint_mixed_v1_telephone_v1,sdxmix_0049__telephone8k,0.5997586446103752,0.4645339244009912,0.18849945478825106,0.6638101,0.94383943,-0.4394982,0.75,0.74996553
source_disjoint_mixed_v1_telephone_v1,sdxmix_0050__telephone8k,0.39412671152746115,0.9938050532062049,0.005022260588219367,0.6385308,0.92110515,0.74999985,0.74042535,0.7499988
source_disjoint_mixed_v1_telephone_v1,sdxmix_0051__telephone8k,0.9102164584527933,0.9963458599260099,0.181359788555614,0.7068307,0.93355167,0.74999925,0.74999475,0.74999982
source_disjoint_mixed_v1_telephone_v1,sdxmix_0052__telephone8k,0.9997829621272274,0.9997668333080717,0.21491247303458855,0.9158995,0.8813281,0.749996175,0.7499973,0.74999985
source_disjoint_mixed_v1_telephone_v1,sdxmix_0053__telephone8k,0.8458018889179327,0.8890254781954912,0.38980432984020286,0.56036437,0.7057082,0.7499962875,0.7499913,0.74999955
source_disjoint_mixed_v1_telephone_v1,sdxmix_0054__telephone8k,0.987089901177768,0.9998225358292682,0.8049184802287244,0.7776684,0.93204975,0.563059425,0.7499899875,0.749986425
source_disjoint_mixed_v1_telephone_v1,sdxmix_0055__telephone8k,0.9990202708152617,0.9979428323058326,0.474802537073059,0.93244374,0.91362363,-0.43866075,0.7499512724999999,0.7498567275
source_disjoint_mixed_v1_telephone_v1,sdxmix_0056__telephone8k,0.8764305492805653,0.9998621840539429,0.00359980910886851,0.77425736,0.82118994,0.63307272,0.72030555,0.749977605
source_disjoint_mixed_v1_telephone_v1,sdxmix_0057__telephone8k,0.9954857380682173,0.9997462908357134,0.03173000142643278,0.915033,0.9032511,0.749999775,0.749998875,0.7499986125
source_disjoint_mixed_v1_telephone_v1,sdxmix_0058__telephone8k,0.9998364903105638,0.9998694258322549,0.11754301149176888,0.9431066,0.96518373,0.7498289250000001,0.74999685,0.7499988
source_disjoint_mixed_v1_telephone_v1,sdxmix_0059__telephone8k,0.5429338294769062,0.9980796108548458,0.13607071063671067,0.45996892,0.9457221,0.749068725,0.7499720249999999,0.7499997
source_disjoint_mixed_v1_telephone_v1,sdxmix_0060__telephone8k,0.9641433072211201,0.999928763476773,0.18195609186713432,0.81171614,0.872415,0.746213475,0.75,0.749999925
source_disjoint_mixed_v1_telephone_v1,sdxmix_0061__telephone8k,0.9987452695772729,0.9994342704559478,0.13047938078565458,0.8960686,0.9122212,0.7448670749999999,0.4196316,0.7499587799999999
source_disjoint_mixed_v1_telephone_v1,sdxmix_0062__telephone8k,0.8872158632324468,0.9970739961240567,0.09384457778077947,0.5338619,0.9439299,0.74980215,0.74741445,0.74999745
source_disjoint_mixed_v1_telephone_v1,sdxmix_0063__telephone8k,0.9950898643887147,0.9943407763686175,0.080765925155695,0.9176973,0.94926596,0.745675275,0.7499042025,0.749997975
source_disjoint_mixed_v1_telephone_v1,sdxmix_0064__telephone8k,0.9998735538244717,0.9998877789699468,0.20775680651750825,0.910923,0.8800114,0.74999985,0.74999835,0.749999925
source_disjoint_mixed_v1_telephone_v1,sdxmix_0065__telephone8k,0.23389031710701766,0.0076438807786939926,0.06099217872251451,0.66172975,0.9230859,0.74999982,0.7435384275,0.74999955
source_disjoint_mixed_v1_telephone_v1,sdxmix_0066__telephone8k,0.964990604729325,0.9999247022577284,0.05327879292795053,0.80297506,0.9240728,0.749637675,0.75,0.749999925
source_disjoint_mixed_v1_telephone_v1,sdxmix_0067__telephone8k,0.9907391508525353,0.9627897314886968,0.8956781036981503,0.8322277,0.41146216,0.74764155,0.670300755,0.749981925
source_disjoint_mixed_v1_telephone_v1,sdxmix_0068__telephone8k,0.8249739754481192,0.9563155609965323,0.1715933347870827,0.12992634,0.9657615,0.745809405,0.0039991593,0.748249995
source_disjoint_mixed_v1_telephone_v1,sdxmix_0069__telephone8k,0.4979685401721106,0.8085287071070544,0.014927871126601112,0.74601936,0.86344784,0.749999775,0.7499915475,0.749999925
source_disjoint_mixed_v1_telephone_v1,sdxmix_0070__telephone8k,0.9999855778163921,0.9999874168553778,0.6183548957175491,0.9161687,0.82274044,0.7499357624999999,0.7499083125,0.7499983875
source_disjoint_mixed_v1_telephone_v1,sdxmix_0071__telephone8k,0.5252430426624821,0.405551268774608,0.017838251861060986,0.8139456,0.91963196,0.749943225,0.7497229725,0.74999865
source_disjoint_mixed_v1_telephone_v1,sdxmix_0072__telephone8k,0.9999059602942642,0.9999179542099403,0.3750219500390698,0.9283236,0.93128115,0.7499288775,0.749996925,0.749997975
source_disjoint_mixed_v1_telephone_v1,sdxmix_0073__telephone8k,0.9997641891606648,0.9997909870870278,0.1971980294887112,0.93004936,0.8922466,0.607580175,0.74473155,0.7499038499999999
source_disjoint_mixed_v1_telephone_v1,sdxmix_0074__telephone8k,0.10393945566752888,0.28468719423045463,0.02469335956007245,0.60302436,0.9486887,-0.7487343750000001,0.70533795,0.6997221225
source_disjoint_mixed_v1_telephone_v1,sdxmix_0075__telephone8k,0.9927411529261914,0.9997545718969224,0.8887255566068653,0.71945775,0.9348203,0.7499996250000001,0.75,0.75
source_disjoint_mixed_v1_telephone_v1,sdxmix_0076__telephone8k,0.8189323953036415,0.9885125894514928,0.08999625393994128,0.7817523,0.93161285,0.74999835,0.7377714750000001,0.7499997
source_disjoint_mixed_v1_telephone_v1,sdxmix_0077__telephone8k,0.9649093364881512,0.9983035101737391,0.5419775391945444,0.8655228,0.93699586,0.74998545,0.75,0.75
source_disjoint_mixed_v1_telephone_v1,sdxmix_0078__telephone8k,0.9238905668993667,0.9944069191607916,0.6611381167228124,0.8061781,0.95122504,0.749973375,0.75,0.75
source_disjoint_mixed_v1_telephone_v1,sdxmix_0079__telephone8k,0.9538314226421413,0.9960330704149651,0.561458374487879,0.86279935,0.9628429,0.7499622225,0.7499176125,0.749999925
source_disjoint_mixed_v1_telephone_v1,sdxmix_0080__telephone8k,0.9935434713089576,0.9995158972284466,0.9304763315512482,0.77071065,0.88615143,0.749999955,0.74999985,0.75
source_disjoint_mixed_v1_telephone_v1,sdxmix_0081__telephone8k,0.916546920230378,0.937153522539299,0.7029033779576358,0.6928741,0.97240305,0.749948475,0.749997975,0.75
source_disjoint_mixed_v1_telephone_v1,sdxmix_0082__telephone8k,0.989994358394277,0.9998541394225438,0.7729036053737769,0.8223682,0.9514174,0.749999925,0.75,0.75
source_disjoint_mixed_v1_telephone_v1,sdxmix_0083__telephone8k,0.9425765739487798,0.9195057611933104,0.21095830109621586,0.958783,0.7396532,0.749734125,0.749916225,0.749999775
source_disjoint_mixed_v1_telephone_v1,sdxmix_0084__telephone8k,0.9492510360871477,0.9497473909754331,0.8539877047918072,0.6631294,0.9679358,0.749999955,0.749999955,0.75
source_disjoint_mixed_v1_telephone_v1,sdxmix_0085__telephone8k,0.8525692194429428,0.9898619078264005,0.018775951184372048,0.65121514,0.9485949,0.75,0.75,0.75
source_disjoint_mixed_v1_telephone_v1,sdxmix_0086__telephone8k,0.9997790847974382,0.9997750526564376,0.29422009919807474,0.9356876,0.9385752,0.749963775,0.7492688775,0.749999595
source_disjoint_mixed_v1_telephone_v1,sdxmix_0087__telephone8k,0.9212315685116002,0.1949877597775336,0.8989200610380086,0.5650359,0.9710379,0.7499943,0.75,0.75
source_disjoint_mixed_v1_telephone_v1,sdxmix_0088__telephone8k,0.8919575506809625,0.9895296554775411,0.4027267656495589,0.7321006,0.9784001,0.7499156250000001,0.7499577749999999,0.749999955
source_disjoint_mixed_v1_telephone_v1,sdxmix_0089__telephone8k,0.9998324473809717,0.9995257445456883,0.47074657595561575,0.92436653,0.90876836,-0.39355489499999996,0.7494226125000001,0.749971725
source_disjoint_mixed_v1_telephone_v1,sdxmix_0090__telephone8k,0.8995729796891984,0.9608266723892058,0.754067001417771,0.48756802,0.9596764,0.6924897,0.75,0.749999955
source_disjoint_mixed_v1_telephone_v1,sdxmix_0091__telephone8k,0.9330879303534586,0.9071766160815509,0.8597027577996723,0.7057384,0.95347875,0.75,0.75,0.75
source_disjoint_mixed_v1_telephone_v1,sdxmix_0092__telephone8k,0.9999758366098325,0.9999644842744988,0.8471152160037602,0.9279821,0.8798001,0.7499883,0.749999925,0.75
source_disjoint_mixed_v1_telephone_v1,sdxmix_0093__telephone8k,0.951923094938253,0.9985554564723059,0.39740772131448554,0.45900327,0.96977556,0.7499232,0.75,0.749999955
source_disjoint_mixed_v1_telephone_v1,sdxmix_0094__telephone8k,0.9998807683681966,0.9999208669294154,0.15070953189855754,0.94653046,0.93099445,0.7499988375,0.7499547,0.749999955
source_disjoint_mixed_v1_telephone_v1,sdxmix_0095__telephone8k,0.8575539435308154,0.9957509203028994,0.11465706698831893,0.81392086,0.9740267,0.74990895,0.7497061199999999,0.749999955
source_disjoint_mixed_v1_telephone_v1,sdxmix_0096__telephone8k,0.9485319835730572,0.9590485824025758,0.6867129809058804,0.3226426,0.95879143,0.74999973,0.75,0.75
source_disjoint_mixed_v1_telephone_v1,sdxmix_0097__telephone8k,0.9715780782888639,0.9988529814525262,0.5202452847037997,0.8695679,0.95140356,0.7499853750000001,0.74999925,0.749999775
source_disjoint_mixed_v1_telephone_v1,sdxmix_0098__telephone8k,0.9631949447770842,0.9998847567218746,0.3811773994529502,0.9014538,0.9277137,0.7497942,0.7499924025,0.74999955
source_disjoint_mixed_v1_telephone_v1,sdxmix_0099__telephone8k,0.9946855049106824,0.9998926965428827,0.8925688026046101,0.66789687,0.9130133,0.75,0.749999925,0.75
source_disjoint_mixed_v1_telephone_v1,sdxmix_0100__telephone8k,0.948400038378337,0.9506038648322367,0.1655036121694013,0.9199224,0.8798993,0.7499941875,-0.11125928999999998,0.749963625
source_disjoint_mixed_v1_telephone_v1,sdxmix_0101__telephone8k,0.8868217016372887,0.43457177651311896,0.845231798543861,0.93965495,0.8763047,-0.5630737275,0.744184125,0.567137895
source_disjoint_mixed_v1_telephone_v1,sdxmix_0102__telephone8k,0.6285090106268562,0.13214426260819492,0.36454469443149295,0.90835357,0.89719987,-0.7483932,0.6912789,-0.58263735
source_disjoint_mixed_v1_telephone_v1,sdxmix_0103__telephone8k,0.35844400911418317,0.0016717477634110435,0.21414792128032079,0.92221826,0.8852985,-0.698824875,-0.6723234525,-0.449136345
source_disjoint_mixed_v1_telephone_v1,sdxmix_0104__telephone8k,0.975297486375089,0.9675144005083287,0.4792226419909485,0.9356042,0.9317515,0.74999097,-0.17604359249999998,0.749990475
source_disjoint_mixed_v1_telephone_v1,sdxmix_0105__telephone8k,0.4235683698527445,0.0487209096321268,0.5570178495925566,0.88801867,0.8766331,-0.744676875,0.6387035249999999,-0.1908959475
source_disjoint_mixed_v1_telephone_v1,sdxmix_0106__telephone8k,0.3687174666418576,0.019434180483389515,0.3780590818938357,0.94407856,0.8796222,-0.72005925,0.42239902500000004,-0.340606905
source_disjoint_mixed_v1_telephone_v1,sdxmix_0107__telephone8k,0.8553478343127774,0.7082773210967984,0.2017050525849513,0.93326527,0.94542783,0.74998677,-0.689566875,0.74986857
source_disjoint_mixed_v1_telephone_v1,sdxmix_0108__telephone8k,0.9077768175607754,0.5217750331734502,0.8054212709235302,0.8996785,0.41621858,-0.73713747,0.659043975,0.581465625
source_disjoint_mixed_v1_telephone_v1,sdxmix_0109__telephone8k,0.5534550664937529,0.0782382807426193,0.41735889369322815,0.93241066,0.9138165,0.1240367325,0.19383765000000003,-0.096278325
source_disjoint_mixed_v1_telephone_v1,sdxmix_0110__telephone8k,0.9305909076470407,0.8094440085451462,0.7218797876763963,0.8847534,0.869264,0.69579063,0.571689975,0.6268269750000001
source_disjoint_mixed_v1_telephone_v1,sdxmix_0111__telephone8k,0.8901099645858455,0.9085236744855866,0.12388585437831844,0.94024926,0.8697732,0.7499487225,-0.055265805,0.7495646775
source_disjoint_mixed_v1_telephone_v1,sdxmix_0112__telephone8k,0.9535825946731191,0.8910885376881008,0.708176663200375,0.9152588,0.87681663,0.749984625,-0.359210325,0.7499261475000001
source_disjoint_mixed_v1_telephone_v1,sdxmix_0113__telephone8k,0.20387086766340776,0.17102900828005801,0.14541529071393935,0.78994733,0.8431575,-0.7499994,-0.72132513,-0.749157375
source_disjoint_mixed_v1_telephone_v1,sdxmix_0114__telephone8k,0.6378032358927159,0.33452280010284224,0.29833150621871724,0.930748,0.89048207,0.711151275,-0.594133575,0.6006210750000001
source_disjoint_mixed_v1_telephone_v1,sdxmix_0115__telephone8k,0.9045942391070588,0.8520962340224173,0.18787653833823362,0.9110173,0.76498955,0.708245205,0.04132509,0.74157435
source_disjoint_mixed_v1_telephone_v1,sdxmix_0116__telephone8k,0.21817372993221237,0.03972042037524503,0.07609536852496578,0.92316455,0.8669163,-0.460840425,-0.69555813,-0.7220763
source_disjoint_mixed_v1_telephone_v1,sdxmix_0117__telephone8k,0.6855560781959434,0.08079722873994108,0.6867222416568841,0.94257146,0.90385336,0.08849641875,0.40276987499999994,0.21630576
source_disjoint_mixed_v1_telephone_v1,sdxmix_0118__telephone8k,0.38182525219261204,0.4846013448658319,0.10374483158663292,0.95538443,0.8947501,-0.7489477275,-0.43163148749999997,-0.7491237000000001
source_disjoint_mixed_v1_telephone_v1,sdxmix_0119__telephone8k,0.9238838443195299,0.7877836253849332,0.6189609140412047,0.85032755,0.4135003,0.401007075,0.7132549874999999,0.7409667225
source_disjoint_mixed_v1_telephone_v1,sdxmix_0120__telephone8k,0.4566146594759883,0.051417462689135385,0.5268238134208384,0.9166086,0.4857658,-0.506265,0.33479369999999997,0.40076647499999996
source_disjoint_mixed_v1_telephone_v1,sdxmix_0121__telephone8k,0.8965003780800277,0.4737420715227838,0.371000150746974,0.894366,0.8287494,0.749970075,-0.717708975,0.74973093
source_disjoint_mixed_v1_telephone_v1,sdxmix_0122__telephone8k,0.8588859035864176,0.09072266312865905,0.2673855047875688,0.88966155,0.81240565,0.7499925000000001,-0.714789345,0.74968725
source_disjoint_mixed_v1_telephone_v1,sdxmix_0123__telephone8k,0.9622599414796884,0.9114804053346943,0.604033518718829,0.8557284,0.7827706,0.749612175,0.727520805,0.749909295
source_disjoint_mixed_v1_telephone_v1,sdxmix_0124__telephone8k,0.7568054790551969,0.7960155193172268,0.06512548821662531,0.92859274,0.91082025,0.65354205,-0.70524873,0.5105175375000001
source_disjoint_mixed_v1_telephone_v1,sdxmix_0125__telephone8k,0.9728362649043465,0.5732828507846535,0.9537595035136108,0.9106564,0.8543662,-0.7499962875,0.74993895,0.735184725
source_disjoint_mixed_v1_telephone_v1,sdxmix_0126__telephone8k,0.9819969234699862,0.8114563393828464,0.9211634792145835,0.92796123,0.8914842,-0.68638815,0.7499441625000001,0.7416414
source_disjoint_mixed_v1_telephone_v1,sdxmix_0127__telephone8k,0.9920444695037723,0.9321765482702629,0.9687950431493272,0.89862746,0.74727577,0.7378878,0.74309568,0.7499874
source_disjoint_mixed_v1_telephone_v1,sdxmix_0128__telephone8k,0.9532845569132924,0.6038144774692416,0.8638138823555583,0.8966539,0.8993745,-0.749710995,0.74948835,0.687072075
source_disjoint_mixed_v1_telephone_v1,sdxmix_0129__telephone8k,0.9715031348396869,0.570856360605889,0.955710214617861,0.93602264,0.8946874,0.748015275,0.749873775,0.74999097
source_disjoint_mixed_v1_telephone_v1,sdxmix_0130__telephone8k,0.709924943273129,0.6782844881039031,0.14365630064487125,0.8757774,0.85299706,-0.7326012000000001,-0.5633692125,-0.291781515
source_disjoint_mixed_v1_telephone_v1,sdxmix_0131__telephone8k,0.8368194457501897,0.1396053265530027,0.811029008029664,0.9375964,0.888427,-0.749741775,0.7499871225,0.735057225
source_disjoint_mixed_v1_telephone_v1,sdxmix_0132__telephone8k,0.8778680160565364,0.047994008943903814,0.9021481907956851,0.941939,0.8125638,-0.48782175000000005,0.749995845,0.74983455
source_disjoint_mixed_v1_telephone_v1,sdxmix_0133__telephone8k,0.9670897928820749,0.17966903287941216,0.9618744269015688,0.9260775,0.81949073,0.749982975,0.6589358775,0.7499951699999999
source_disjoint_mixed_v1_telephone_v1,sdxmix_0134__telephone8k,0.9862762019179936,0.9384213942023759,0.9454623622446564,0.9013272,0.7929504,0.7418913,0.749814375,0.749977575
source_disjoint_mixed_v1_telephone_v1,sdxmix_0135__telephone8k,0.918490375039154,0.014462443304583522,0.9513906381209181,0.93923414,0.8001216,-0.749999925,0.7409471999999999,0.1497379425
source_disjoint_mixed_v1_telephone_v1,sdxmix_0136__telephone8k,0.9799939322642256,0.8824959629296487,0.9701304113542593,0.91409236,0.80939424,0.749990025,0.749984175,0.74999985
source_disjoint_mixed_v1_telephone_v1,sdxmix_0137__telephone8k,0.8804262423701679,0.5499521461583522,0.6718436380854849,0.91946554,0.91736317,-0.7483309499999999,0.7414187625,0.712381725
source_disjoint_mixed_v1_telephone_v1,sdxmix_0138__telephone8k,0.9830141029509615,0.8320518149441352,0.969491343848459,0.90857965,0.8121219,0.7230736200000001,0.75,0.749999775
source_disjoint_mixed_v1_telephone_v1,sdxmix_0139__telephone8k,0.6753330521255805,0.04022534586367935,0.545599997670728,0.90347624,0.8868146,0.7065842025,0.5981639249999999,0.74867535
source_disjoint_mixed_v1_telephone_v1,sdxmix_0140__telephone8k,0.982548956818357,0.5253570517848561,0.9566030187574907,0.8994085,0.9055069,-0.74990778,0.7499985,0.7478343749999999
source_disjoint_mixed_v1_telephone_v1,sdxmix_0141__telephone8k,0.9494158077377093,0.8034798984846859,0.8556752923224328,0.93641055,0.85683906,0.29109201,0.6483268875,0.7350530774999999
source_disjoint_mixed_v1_telephone_v1,sdxmix_0142__telephone8k,0.9716644353373631,0.7533237069787532,0.9017202522882765,0.93463373,0.7995995,-0.1608348975,0.749985975,0.7497493500000001
source_disjoint_mixed_v1_telephone_v1,sdxmix_0143__telephone8k,0.98384507212921,0.8243035130193282,0.959760505910017,0.9022205,0.89505035,-0.02287754025,0.74973522,0.7497204225
source_disjoint_mixed_v1_telephone_v1,sdxmix_0144__telephone8k,0.9920943379938038,0.946221157631467,0.9612001293245976,0.9195074,0.8384763,0.7498363875,0.7494615,0.7499975249999999
source_disjoint_mixed_v1_telephone_v1,sdxmix_0145__telephone8k,0.9402611648375075,0.10793536609476802,0.9206194917959394,0.91638637,0.85981756,0.7496688375,0.7488897,0.7499896724999999
source_disjoint_mixed_v1_telephone_v1,sdxmix_0146__telephone8k,0.9802159894540595,0.9650889160829988,0.6098123130029152,0.92379403,0.86711484,0.74794887,0.434281275,0.7493899500000001
source_disjoint_mixed_v1_telephone_v1,sdxmix_0147__telephone8k,0.9478279563680669,0.2582303426207263,0.9432620389160222,0.8968954,0.83642715,-0.749999925,0.74998515,0.70378518
source_disjoint_mixed_v1_telephone_v1,sdxmix_0148__telephone8k,0.4914523298262475,0.00271785130333435,0.5449180869821144,0.89675146,0.88765067,-0.748962255,0.5470881,0.2709648225
source_disjoint_mixed_v1_telephone_v1,sdxmix_0149__telephone8k,0.9898784483289291,0.9703218402475576,0.8617874493339549,0.89992726,0.8451432,0.749407455,0.749946825,0.749998275
source_disjoint_mixed_v1_telephone_v1,sdxmix_0150__telephone8k,0.9151868058775569,0.7456045555613744,0.4268535281042182,0.893129,0.8813609,-0.725782575,-0.411147675,0.7472553
source_disjoint_mixed_v1_telephone_v1,sdxmix_0151__telephone8k,0.7471304916735646,0.7077573909024766,0.36405628026826287,0.9367477,0.85457367,-0.7456670999999999,-0.2331303,-0.27654532499999995
source_disjoint_mixed_v1_telephone_v1,sdxmix_0152__telephone8k,0.9985727280609484,0.9969020225575074,0.7916446325158331,0.9032911,0.8634115,0.749703255,-0.1277213025,0.749997945
source_disjoint_mixed_v1_telephone_v1,sdxmix_0153__telephone8k,0.9996390525818731,0.9995934103818401,0.21273429378836745,0.88987803,0.916127,0.6300047625,-0.19788703500000002,0.7498824749999999
source_disjoint_mixed_v1_telephone_v1,sdxmix_0154__telephone8k,0.9825743300921034,0.9710760618133659,0.4920843575556937,0.883883,0.8986287,0.749999175,0.5850403875000001,0.7499993775
source_disjoint_mixed_v1_telephone_v1,sdxmix_0155__telephone8k,0.9641322794952734,0.9774767129409896,0.7710642283645691,0.77913713,0.7975272,0.74999715,-0.238507995,0.74999595
source_disjoint_mixed_v1_telephone_v1,sdxmix_0156__telephone8k,0.9767847952613925,0.9691518964336596,0.1562412963144829,0.9132438,0.83708537,0.7440508125,-0.6769743975,0.749570445
source_disjoint_mixed_v1_telephone_v1,sdxmix_0157__telephone8k,0.9471967130867519,0.7749186907337774,0.6708322591654995,0.9373028,0.8679838,-0.07249836,0.34643161499999997,0.7420324500000001
source_disjoint_mixed_v1_telephone_v1,sdxmix_0158__telephone8k,0.9871403987237246,0.9760777701797807,0.48299091074232,0.90902835,0.8246279,0.67329642,-0.67481835,0.7487235
source_disjoint_mixed_v1_telephone_v1,sdxmix_0159__telephone8k,0.9657905412007841,0.9713127876574614,0.12361129992733906,0.75636977,0.90134394,0.74999175,-0.44644475250000004,0.749993175
source_disjoint_mixed_v1_telephone_v1,sdxmix_0160__telephone8k,0.989191500033363,0.9919775903779726,0.06928425504027129,0.90281385,0.9138405,0.701892075,-0.746338695,0.74289345
source_disjoint_mixed_v1_telephone_v1,sdxmix_0161__telephone8k,0.9029099575539529,0.889057301128738,0.09742891975761911,0.9061426,0.736937,0.14335161,-0.674741955,0.6432119625
source_disjoint_mixed_v1_telephone_v1,sdxmix_0162__telephone8k,0.9747477367981972,0.9665933054655824,0.4547101437436376,0.9257873,0.83492196,0.749793825,-0.40991159999999993,0.7499916375
source_disjoint_mixed_v1_telephone_v1,sdxmix_0163__telephone8k,0.9751065561185924,0.966449905603549,0.0719519251218316,0.8901974,0.79043454,0.7498862775,-0.741048825,0.7499695125
source_disjoint_mixed_v1_telephone_v1,sdxmix_0164__telephone8k,0.9933162024852539,0.9808662120612051,0.8784756481588395,0.9333323,0.75327843,0.7498057499999999,0.4195067025,0.749993325
source_disjoint_mixed_v1_telephone_v1,sdxmix_0165__telephone8k,0.983330638747272,0.9727655035592302,0.07641594937052998,0.8746626,0.8242635,0.7499996250000001,-0.7252289475,0.749993325
source_disjoint_mixed_v1_telephone_v1,sdxmix_0166__telephone8k,0.9034527181280051,0.861935361230464,0.28871550736143253,0.91948926,0.9386437,-0.501517125,-0.386009925,-0.2312025525
source_disjoint_mixed_v1_telephone_v1,sdxmix_0167__telephone8k,0.9944729600079926,0.9961790747352627,0.08907829328104676,0.8914885,0.8929201,0.7498552949999999,-0.62104635,0.749930325
source_disjoint_mixed_v1_telephone_v1,sdxmix_0168__telephone8k,0.9675691973178508,0.9208880364696769,0.15825965081429602,0.8961695,0.86727947,0.1303918125,-0.45621465,0.74755755
source_disjoint_mixed_v1_telephone_v1,sdxmix_0169__telephone8k,0.9819040236583654,0.970002663066745,0.4592373980666041,0.8937035,0.85042804,0.7488507,-0.659222325,0.749368695
source_disjoint_mixed_v1_telephone_v1,sdxmix_0170__telephone8k,0.9928173153970062,0.9863257244487802,0.6789375130976518,0.8748915,0.8822118,0.7499421749999999,0.22070355000000003,0.7499796750000001
source_disjoint_mixed_v1_telephone_v1,sdxmix_0171__telephone8k,0.9984215487237424,0.998317690716153,0.04582125437090992,0.9054261,0.913957,0.69014253,-0.7417712475,0.747953475
source_disjoint_mixed_v1_telephone_v1,sdxmix_0172__telephone8k,0.9718368585022911,0.7396601693302478,0.8835791152276865,0.9175523,0.7421046,0.3467583525,-0.1018114575,0.74946045
source_disjoint_mixed_v1_telephone_v1,sdxmix_0173__telephone8k,0.9753821392516817,0.9574039074147473,0.07749770745256855,0.89395976,0.8205024,0.7499949,-0.7174300275,0.7499930699999999
source_disjoint_mixed_v1_telephone_v1,sdxmix_0174__telephone8k,0.999062750024246,0.9989933442663556,0.32478014035977465,0.8655111,0.5466293,0.749995725,0.3642564975,0.74999595
source_disjoint_mixed_v1_telephone_v1,sdxmix_0175__telephone8k,0.9942690033142338,0.9700515790315154,0.9695988238869616,0.8982775,0.85751915,0.7499862,0.749987775,0.75
source_disjoint_mixed_v1_telephone_v1,sdxmix_0176__telephone8k,0.9995494983023102,0.9993599804178737,0.548063526818987,0.8675273,0.7635705,0.749929725,0.218172555,0.749981325
source_disjoint_mixed_v1_telephone_v1,sdxmix_0177__telephone8k,0.9974935755493609,0.9943166522755955,0.8163049046099639,0.89704126,0.84196734,0.749977605,0.578606355,0.7499997
source_disjoint_mixed_v1_telephone_v1,sdxmix_0178__telephone8k,0.9915731932973946,0.9947731881200991,0.9475914723228464,0.8644624,0.8737487,0.7499682,0.6419826750000001,0.749999775
source_disjoint_mixed_v1_telephone_v1,sdxmix_0179__telephone8k,0.9943567373755521,0.9716112968152009,0.9711462768619998,0.91736186,0.84214306,0.7499996250000001,0.7499925000000001,0.75
source_disjoint_mixed_v1_telephone_v1,sdxmix_0180__telephone8k,0.9880943143653701,0.9336013586658668,0.9322032335729828,0.9318031,0.858196,0.6545314499999999,0.743386425,0.749990025
source_disjoint_mixed_v1_telephone_v1,sdxmix_0181__telephone8k,0.9996418913344733,0.9992816728982153,0.783098354131386,0.9343326,0.9124334,0.7284183,0.65718855,0.7499886
source_disjoint_mixed_v1_telephone_v1,sdxmix_0182__telephone8k,0.9997438046942484,0.9996780139642222,0.6501842300980667,0.88169086,0.79766613,0.73306668,0.30417969,0.7499011124999999
source_disjoint_mixed_v1_telephone_v1,sdxmix_0183__telephone8k,0.9935344742186644,0.9667760938081018,0.9688022638338318,0.9320311,0.8498862,0.743829045,0.7467093300000001,0.749999175
source_disjoint_mixed_v1_telephone_v1,sdxmix_0184__telephone8k,0.9954630423803497,0.9764751186936492,0.9697984288071931,0.9264866,0.82425994,0.74955735,0.7499997,0.75
source_disjoint_mixed_v1_telephone_v1,sdxmix_0185__telephone8k,0.999807992912858,0.9993289418372262,0.9633423455014503,0.88613015,0.8662578,0.749989725,0.7487367,0.75
source_disjoint_mixed_v1_telephone_v1,sdxmix_0186__telephone8k,0.9998248383193902,0.9996892990818522,0.8010163319590515,0.9186552,0.9189248,0.749265375,0.65310075,0.749999775
source_disjoint_mixed_v1_telephone_v1,sdxmix_0187__telephone8k,0.9710396507955721,0.9592196289084827,0.9105357318609626,0.883857,0.91189075,0.459697095,0.747949875,0.749999925
source_disjoint_mixed_v1_telephone_v1,sdxmix_0188__telephone8k,0.9892200787858682,0.8955760526096144,0.9500886690819937,0.91495883,0.9165319,0.0024961508249999997,0.7499915475,0.74999973
source_disjoint_mixed_v1_telephone_v1,sdxmix_0189__telephone8k,0.9837982973846772,0.959171724649062,0.6825032442402014,0.9144004,0.8792962,0.7252719975,0.014212825499999998,0.74997015
source_disjoint_mixed_v1_telephone_v1,sdxmix_0190__telephone8k,0.989376477034962,0.9639205221160612,0.883577602307583,0.89701843,0.77447164,0.7499976749999999,-0.39773647500000003,0.7499986125
source_disjoint_mixed_v1_telephone_v1,sdxmix_0191__telephone8k,0.9996929666139918,0.9993963834417197,0.8376451195175172,0.8805177,0.87281024,0.749998875,0.7455149025000001,0.74999985
source_disjoint_mixed_v1_telephone_v1,sdxmix_0192__telephone8k,0.9896161076726923,0.9446100914594229,0.9323402968015181,0.91394794,0.8877915,0.742071825,0.749999775,0.75
source_disjoint_mixed_v1_telephone_v1,sdxmix_0193__telephone8k,0.9997416059634452,0.9995501165134256,0.8757152421129176,0.9151115,0.9008376,0.401358075,0.7423075125,0.749864775
source_disjoint_mixed_v1_telephone_v1,sdxmix_0194__telephone8k,0.9998805658406573,0.9998326994696412,0.8308617592978417,0.9134938,0.90457976,0.7499679,0.6904959975,0.7499946749999999
source_disjoint_mixed_v1_telephone_v1,sdxmix_0195__telephone8k,0.9987377203425517,0.9913167249072214,0.9599201901743735,0.90302163,0.900372,0.7499355750000001,0.749839275,0.749999925
source_disjoint_mixed_v1_telephone_v1,sdxmix_0196__telephone8k,0.9937196300579234,0.9700575459253195,0.9625985385281532,0.91014063,0.7875218,0.74999808,0.44640205499999996,0.749999955
source_disjoint_mixed_v1_telephone_v1,sdxmix_0197__telephone8k,0.9939896788980231,0.9637564923555786,0.9745279113519333,0.9351764,0.8341394,0.7236474749999999,0.7499983875,0.749999955
source_disjoint_mixed_v1_telephone_v1,sdxmix_0198__telephone8k,0.9960284833446552,0.9816825463887726,0.9658770839349581,0.91461587,0.80767524,0.7499966025,0.74412243,0.749999955
source_disjoint_mixed_v1_telephone_v1,sdxmix_0199__telephone8k,0.9999329690141743,0.9999097169806479,0.7090824674954839,0.91002977,0.9363253,0.7493126999999999,0.7265880225,0.7499948625
telephone_mixed_dev_v1,mixed_0000__telephone8k,0.7462415478981457,0.46721519329457745,0.25320360889278787,0.20099336,0.89229435,0.74916165,0.749999955,0.7499991525
telephone_mixed_dev_v1,mixed_0001__telephone8k,0.13139536801525364,0.41895807098727567,0.02962879279894802,0.6358985,0.8316021,-0.5473533,0.7169937000000001,0.7372728
telephone_mixed_dev_v1,mixed_0002__telephone8k,0.2741369247835074,0.06019895948639754,0.20814712291493348,0.9380326,0.93645054,0.7494180525,0.72796035,0.749256045
telephone_mixed_dev_v1,mixed_0003__telephone8k,0.2271524522657123,0.012218044101413573,0.13451940451990588,0.74585503,0.94327164,0.7499987475000001,0.7196032875,0.749997825
telephone_mixed_dev_v1,mixed_0004__telephone8k,0.938958230260061,0.01911743781901098,0.9386602740334874,0.8300145,0.9465205,0.7499990999999999,0.74999865,0.74999985
telephone_mixed_dev_v1,mixed_0005__telephone8k,0.17234486781371533,0.6905433168365249,0.052658120018558595,0.689343,0.82818574,0.66516765,0.748120305,0.749752725
telephone_mixed_dev_v1,mixed_0006__telephone8k,0.22377011653547718,0.72944924199287,0.016832325548481384,0.69855773,0.9735444,0.7499965125,0.733932045,0.7499851125
telephone_mixed_dev_v1,mixed_0007__telephone8k,0.03306146221230077,0.005234991233492953,0.007523145800529059,0.8677599,0.9604778,0.749999955,0.74999985,0.749999925
telephone_mixed_dev_v1,mixed_0008__telephone8k,0.547703796684307,0.43632822703107305,0.04994034228328495,0.93048275,0.9501704,-0.654506295,0.7499881125,0.7450120725
telephone_mixed_dev_v1,mixed_0009__telephone8k,0.8987276739965518,0.9003885834505132,0.8395290486607538,0.7332744,0.79991,0.74996715,0.74999142,0.749995125
telephone_mixed_dev_v1,mixed_0010__telephone8k,0.5985582580737265,0.6059817974456411,0.32731357248881876,0.9245046,0.9516231,0.7499951699999999,0.747220245,0.749981175
telephone_mixed_dev_v1,mixed_0011__telephone8k,0.28108441601651446,0.015494916666725634,0.16020831292963414,0.8883933,0.93027264,0.745273575,0.749999955,0.7499851125
telephone_mixed_dev_v1,mixed_0012__telephone8k,0.19000649958769864,0.04492892441964209,0.008844745285883764,0.7857859,0.94987345,0.749999955,-0.3600624,0.74999817
telephone_mixed_dev_v1,mixed_0013__telephone8k,0.2438165962151117,0.034796131163142244,0.10843308828635374,0.67409647,0.9067145,0.75,0.7499964225,0.75
telephone_mixed_dev_v1,mixed_0014__telephone8k,0.32563009046752633,0.0011462959808102502,0.14475266841757706,0.8091378,0.95335674,0.749999955,0.7438692,0.7499985
telephone_mixed_dev_v1,mixed_0015__telephone8k,0.400311104075886,0.7620906881542701,0.004311906176338308,0.9033845,0.9615982,0.7488813,0.74954565,0.74996388
telephone_mixed_dev_v1,mixed_0016__telephone8k,0.39978755567672425,0.001146081960423119,0.26761410140484465,0.95314294,0.39738923,0.749995725,0.7397235,0.74999598
telephone_mixed_dev_v1,mixed_0017__telephone8k,0.13663627711012616,0.004701794018540136,0.04531723260849368,0.92709833,0.94138795,0.7485739125,0.7305741450000001,0.749027925
telephone_mixed_dev_v1,mixed_0018__telephone8k,0.08330754278262313,0.020648081763692937,0.034692709419020015,0.6241296,0.9759192,-0.4642383,0.74998545,0.7499691
telephone_mixed_dev_v1,mixed_0019__telephone8k,0.30052815900785185,0.9757042151589403,0.022887494900655173,0.8094433,0.91328555,0.6743904,0.749999925,0.7498584
telephone_mixed_dev_v1,mixed_0020__telephone8k,0.1106490887377846,0.003393564437103671,0.04819909756024741,0.9077451,0.9243333,0.749077425,0.75,0.749999925
telephone_mixed_dev_v1,mixed_0021__telephone8k,0.29631892776329033,0.35115649382347713,0.02217738433364128,0.7158554,0.9754936,0.749997495,0.061145527500000005,0.749970525
telephone_mixed_dev_v1,mixed_0022__telephone8k,0.2023639900872377,0.005384406700493309,0.07726583222072834,0.89898336,0.9757937,0.75,0.72135195,0.7499988
telephone_mixed_dev_v1,mixed_0023__telephone8k,0.0743299154108828,0.43952171684734764,0.0064425635818550365,0.74357665,0.9410501,0.749979705,0.66027825,0.749947575
telephone_mixed_dev_v1,mixed_0024__telephone8k,0.14768311955022745,0.13882349467476202,0.03369897937993927,0.6584014,0.973384,-0.1784902575,0.74999955,0.7499965125
telephone_mixed_dev_v1,mixed_0025__telephone8k,0.9529949310621182,0.000947562926843016,0.9522708213210778,0.8327819,0.9030068,0.7499962499999999,0.7269571874999999,0.749999955
telephone_mixed_dev_v1,mixed_0026__telephone8k,0.5802634496033676,0.401656845608234,0.49200717736242633,0.7980369,0.80446184,0.7499853375000001,0.7357312725,0.7499882250000001
telephone_mixed_dev_v1,mixed_0027__telephone8k,0.7337872903930538,0.954812278001743,0.028297224010886555,0.8479371,0.92162937,0.74132145,0.257261085,0.71568705
telephone_mixed_dev_v1,mixed_0028__telephone8k,0.11802792669663928,0.015593826974217698,0.04458733355513494,0.926545,0.9555392,0.7356432975,0.75,0.74999655
telephone_mixed_dev_v1,mixed_0029__telephone8k,0.23007448017227353,0.02144791397205262,0.15956712297205006,0.8848169,0.916053,0.74999745,0.7499980500000001,0.74999865
telephone_mixed_dev_v1,mixed_0030__telephone8k,0.45202730021913895,0.45107972126097096,0.08490473334957695,0.62609446,0.9546675,-0.7488121799999999,0.7499762999999999,0.749351175
telephone_mixed_dev_v1,mixed_0031__telephone8k,0.00834447970672635,0.0011885585797435346,0.019511426779517973,0.9292132,0.9645116,0.5869544625,0.7064244749999999,0.0920141925
telephone_mixed_dev_v1,mixed_0032__telephone8k,0.26336632049237185,0.26405879451705633,0.10150057656590412,0.7600905,0.94005257,0.7488251475000001,0.7245801224999999,0.7499481
telephone_mixed_dev_v1,mixed_0033__telephone8k,0.2740441213990289,0.0010386261155525803,0.47875132284020333,0.8949529,0.5685543,0.749999925,0.7498458,0.74999985
telephone_mixed_dev_v1,mixed_0034__telephone8k,0.28335251114173,0.05812589694787401,0.12360020665473108,0.871647,0.93388397,0.35168141249999996,0.7308242625,0.744897945
telephone_mixed_dev_v1,mixed_0035__telephone8k,0.35727587885284257,0.01542776863650536,0.061230858432085006,0.7622113,0.8213193,0.749999955,0.7495061625,0.7499983875
telephone_mixed_dev_v1,mixed_0036__telephone8k,0.016730105971441166,0.09025504373976047,0.041841150453352696,0.40454283,0.98749477,-0.744959625,0.7329267975,0.164777295
telephone_mixed_dev_v1,mixed_0037__telephone8k,0.2786656031341742,0.05293027926116615,0.24939598373833538,0.8360966,0.98368025,0.749721495,0.7484840625,0.749957625
telephone_mixed_dev_v1,mixed_0038__telephone8k,0.38381517387453795,0.00045438258393915476,0.572129112399726,0.9488875,0.68752396,0.75,0.7496998500000001,0.749999175
telephone_mixed_dev_v1,mixed_0039__telephone8k,0.018230878356159802,0.053998152342121374,0.03972029302503773,0.5260291,0.9409765,-0.691253025,0.698333475,0.23545923750000003
telephone_mixed_dev_v1,mixed_0040__telephone8k,0.4166836174641322,0.639170622597923,0.08016543086168199,0.6706727,0.9410006,0.74997225,0.72519672,0.7489671225
telephone_mixed_dev_v1,mixed_0041__telephone8k,0.16796083505317244,0.0013783447430952569,0.19024976243628516,0.93851084,0.91021454,0.741994905,0.6947501625,0.72250722
telephone_mixed_dev_v1,mixed_0042__telephone8k,0.8282532087371824,0.7780945395523322,0.43522683686091984,0.9146194,0.9449539,-0.6176842499999999,0.69274548,0.6469665
telephone_mixed_dev_v1,mixed_0043__telephone8k,0.3436915092008631,0.2979176696235269,0.04124379052457802,0.927893,0.9643427,0.749999595,0.7475139000000001,0.749999955
telephone_mixed_dev_v1,mixed_0044__telephone8k,0.23328238357956935,0.0013654320611772182,0.23621938996580616,0.79276294,0.88701975,0.7499991525,0.74297163,0.7499978549999999
telephone_mixed_dev_v1,mixed_0045__telephone8k,0.5679087963845842,0.00980000566564663,0.29000275875034476,0.41103116,0.98622304,0.7499946375000001,0.73510575,0.7499722875
telephone_mixed_dev_v1,mixed_0046__telephone8k,0.2938207478486888,0.0005765176416534086,0.3647042734162304,0.9072314,0.77057564,0.7262583,0.745289775,0.74454345
telephone_mixed_dev_v1,mixed_0047__telephone8k,0.17740325826007175,0.0035557057691023397,0.21762062115412345,0.8907654,0.97243947,0.749999955,0.7485464625,0.74999985
telephone_mixed_dev_v1,mixed_0048__telephone8k,0.2568724403912475,0.8655041444283275,0.03172506955368093,0.7712841,0.9743882,-0.248548575,0.7497296250000001,0.749985075
telephone_mixed_dev_v1,mixed_0049__telephone8k,0.3945155599606497,0.016905692220493377,0.2542294428175356,0.8069882,0.94830817,0.74999835,0.738113655,0.749981625
telephone_mixed_dev_v1,mixed_0050__telephone8k,0.8254218949094025,0.00048223267641519304,0.8262507690866037,0.92346466,0.92659885,0.749999925,0.74971545,0.7499997
telephone_mixed_dev_v1,mixed_0051__telephone8k,0.733209170163175,0.19761345252044096,0.6548444652004359,0.9515042,0.87485915,0.75,0.7486989525,0.7499997
telephone_mixed_dev_v1,mixed_0052__telephone8k,0.6309371338228987,0.033549703735664634,0.66825216567452,0.85825604,0.86487144,0.74993907,0.7497892500000001,0.74992215
telephone_mixed_dev_v1,mixed_0053__telephone8k,0.7853684183828745,0.003517573669182347,0.9473140390364233,0.91451377,0.678882,0.75,0.739697775,0.74999505
telephone_mixed_dev_v1,mixed_0054__telephone8k,0.90715618210347,0.5328247783466319,0.9581954571959242,0.8767452,0.24613354,-0.700283325,0.689625225,-0.7441315500000001
telephone_mixed_dev_v1,mixed_0055__telephone8k,0.6260247088461997,0.0011081044174838723,0.584786246628116,0.8897328,0.85434675,0.749996475,0.74999052,0.749999925
telephone_mixed_dev_v1,mixed_0056__telephone8k,0.9443893214542003,0.6153236665950581,0.8917351757843727,0.9292809,0.91920674,0.7499453700000001,0.747631425,0.7499214
telephone_mixed_dev_v1,mixed_0057__telephone8k,0.9970335602175848,0.9741324512315551,0.7613920743502681,0.9183166,0.90474474,-0.5390564624999999,0.7265785499999999,0.737949675
telephone_mixed_dev_v1,mixed_0058__telephone8k,0.6929211271652811,0.2043649282465154,0.6937152692982265,0.61574334,0.8842836,0.75,0.748584675,0.749999955
telephone_mixed_dev_v1,mixed_0059__telephone8k,0.6175530610230754,0.6846754329899946,0.2567394195547733,0.6232518,0.96248627,0.749999505,0.7499643,0.749999955
telephone_mixed_dev_v1,mixed_0060__telephone8k,0.5677906231625429,0.0032615966896879763,0.7488654655039942,0.84972435,0.8607058,0.75,0.74986935,0.749999925
telephone_mixed_dev_v1,mixed_0061__telephone8k,0.752844862125615,0.007715150309883338,0.9165517148238077,0.8867624,0.6544553,0.74967765,0.749988975,0.7499782500000001
telephone_mixed_dev_v1,mixed_0062__telephone8k,0.6663436864749426,0.004954236889231541,0.8262626300266805,0.86247313,0.9030373,0.75,0.7367357625,0.749999925
telephone_mixed_dev_v1,mixed_0063__telephone8k,0.3606403098091097,0.006163106620980367,0.38566731975200536,0.7640165,0.9256133,-0.1473785025,0.74999973,0.7499648999999999
telephone_mixed_dev_v1,mixed_0064__telephone8k,0.9146687788691346,0.5316457832340468,0.7797474289556167,0.9337081,0.788605,0.749442825,0.7352483999999999,0.7499654025
telephone_mixed_dev_v1,mixed_0065__telephone8k,0.9760560426066279,0.8573142340149045,0.7652850427300578,0.8980926,0.84931785,0.744293475,0.749998575,0.7499992875
telephone_mixed_dev_v1,mixed_0066__telephone8k,0.6494422714248894,0.0009925463792907529,0.8941227590163824,0.88727325,0.5986598,0.75,0.749850075,0.7499990625
telephone_mixed_dev_v1,mixed_0067__telephone8k,0.7835208787882592,0.09951248764258223,0.8117865378779576,0.90381366,0.9228708,0.73637022,0.749746305,0.7498807725000001
telephone_mixed_dev_v1,mixed_0068__telephone8k,0.8304792194786532,0.04237775810446876,0.7614471053517883,0.66404086,0.9462909,0.75,0.7464158249999999,0.74999985
telephone_mixed_dev_v1,mixed_0069__telephone8k,0.8210683423864186,0.0572574230154487,0.9499760997368822,0.8584487,0.86179453,0.742413975,0.749949525,0.749926125
telephone_mixed_dev_v1,mixed_0070__telephone8k,0.9145388556147157,0.2097138609213816,0.9139920769665659,0.8651437,0.8049748,0.74999655,0.7499451525,0.749999955
telephone_mixed_dev_v1,mixed_0071__telephone8k,0.48891759483406644,0.025154055067575017,0.7798211722988543,0.8602249,0.40696743,0.39690252000000004,0.74948667,0.7077818549999999
telephone_mixed_dev_v1,mixed_0072__telephone8k,0.6088554485810916,0.003534971055067101,0.5079034058335024,0.7633488,0.9437958,0.749749425,0.7498454625000001,0.7499897625
telephone_mixed_dev_v1,mixed_0073__telephone8k,0.4248136120779847,0.000869704169477047,0.7183574803422813,0.9360963,0.42695245,0.749505045,0.749434575,0.749642025
telephone_mixed_dev_v1,mixed_0074__telephone8k,0.9486995728487821,0.38177699314924224,0.9504564793871062,0.75606114,0.77148134,0.5536038750000001,0.735115395,0.7382303775
telephone_mixed_dev_v1,mixed_0075__telephone8k,0.7395694928513507,0.0010229021668023465,0.8712526866058025,0.85237765,0.52905387,0.75,0.749835075,0.749999925
telephone_mixed_dev_v1,mixed_0076__telephone8k,0.9994087585614273,0.9960719308797324,0.9360219651942074,0.9071202,0.91356164,0.624434175,0.75,0.74992335
telephone_mixed_dev_v1,mixed_0077__telephone8k,0.9472578076736744,0.8178583446994175,0.930203565069178,0.5436218,0.63176507,0.31378905,0.749999955,0.74904978
telephone_mixed_dev_v1,mixed_0078__telephone8k,0.8294693529046304,0.06843813505458496,0.8504687356910934,0.845536,0.7823318,0.749999595,0.749994075,0.74999955
telephone_mixed_dev_v1,mixed_0079__telephone8k,0.790678011567014,0.00997197567480684,0.9436474332225598,0.9443667,0.762131,0.7499966250000001,0.7499640750000001,0.74999982
telephone_mixed_dev_v1,mixed_0080__telephone8k,0.8560161902187519,0.4012287352020217,0.65090827186974,0.7275667,0.84640926,0.7499928,0.74419965,0.749994525
telephone_mixed_dev_v1,mixed_0081__telephone8k,0.9657950014552311,0.7882837646802879,0.8569292872815623,0.9169066,0.8332718,0.7481666625,0.7412775,0.74848425
telephone_mixed_dev_v1,mixed_0082__telephone8k,0.4538222387046747,0.37569026516241677,0.3158758281264532,0.86046004,0.8712572,0.749999325,0.7499277,0.749999925
telephone_mixed_dev_v1,mixed_0083__telephone8k,0.9463176397075757,0.7353358680397023,0.9269827943812915,0.7915839,0.93959695,0.7499988,0.74999973,0.74999955
telephone_mixed_dev_v1,mixed_0084__telephone8k,0.8452278995583274,0.014732595977398568,0.8682678129639596,0.914399,0.9339291,0.45859425,0.74977755,0.748677375
telephone_mixed_dev_v1,mixed_0085__telephone8k,0.9413814084906519,0.9862886086432056,0.8661891035967163,0.80060405,0.91265595,0.7481682000000001,0.749996025,0.7499780475
telephone_mixed_dev_v1,mixed_0086__telephone8k,0.9124519802636591,0.8989418771915466,0.8615605486253045,0.59079087,0.93822753,-0.749953575,0.749990655,0.7440208500000001
telephone_mixed_dev_v1,mixed_0087__telephone8k,0.6538771548208145,0.0016513803797215823,0.8827691986890734,0.9122563,0.5432052,0.75,0.7491414000000001,0.74999973
telephone_mixed_dev_v1,mixed_0088__telephone8k,0.8846299810029619,0.04813769939271339,0.9958365853266319,0.9117515,0.5643136,0.749999955,0.745458795,0.749999505
telephone_mixed_dev_v1,mixed_0089__telephone8k,0.8651144139307517,0.008199572720926423,0.8657654995297625,0.9114458,0.8463071,0.749970225,0.743966625,0.74999715
telephone_mixed_dev_v1,mixed_0090__telephone8k,0.12031345984090007,0.0045264980229446795,0.3865622409896681,0.94646347,0.40494198,-0.7499704949999999,0.1605913275,-0.749962095
telephone_mixed_dev_v1,mixed_0091__telephone8k,0.2884496311689554,0.0020038741546367484,0.46455342206087225,0.833518,0.89254355,0.7499982000000001,0.74992305,0.74999982
telephone_mixed_dev_v1,mixed_0092__telephone8k,0.45659701106334294,0.0009210224704658412,0.2495080335718989,0.301675,0.9376214,0.746459175,0.74948448,0.74999265
telephone_mixed_dev_v1,mixed_0093__telephone8k,0.2043591567836236,0.11511061531098603,0.17033869714978478,0.8492774,0.9465155,0.75,0.749999775,0.75
telephone_mixed_dev_v1,mixed_0094__telephone8k,0.5210060258672077,0.00023094400436479866,0.6189768349904123,0.77993643,0.7730828,0.74996355,0.749997,0.749997825
telephone_mixed_dev_v1,mixed_0095__telephone8k,0.9253067333879125,0.6576161035451512,0.8967005164196531,0.48319793,0.9459667,0.742643325,0.749887305,0.749993295
telephone_mixed_dev_v1,mixed_0096__telephone8k,0.9102139108204892,0.6884165206454126,0.715772479029995,0.90622973,0.9337813,0.748536825,0.7464987,0.749999775
telephone_mixed_dev_v1,mixed_0097__telephone8k,0.2495816232981104,0.002732862609907819,0.25105163527640373,0.92078894,0.94157,0.749978175,0.69945915,0.7499943225000001
telephone_mixed_dev_v1,mixed_0098__telephone8k,0.7416707744930208,0.01819423906733013,0.7758949727077067,0.89290905,0.83520335,0.7499940975,0.749996325,0.749999955
telephone_mixed_dev_v1,mixed_0099__telephone8k,0.9408055604273159,0.0013254002390138018,0.9567778402384906,0.9338454,0.9127172,0.723923475,0.749980425,0.74977662
telephone_mixed_dev_v1,mixed_0100__telephone8k,0.7498801130322507,0.39900971239272565,0.31947729031809213,0.9118972,0.97670585,0.7499712000000001,0.74974197,0.7499980500000001
telephone_mixed_dev_v1,mixed_0101__telephone8k,0.5453739030522156,0.03249140383334361,0.0788687889913911,0.83246434,0.9692542,0.749999955,0.749564625,0.749999925
telephone_mixed_dev_v1,mixed_0102__telephone8k,0.8039924731550736,0.0013472268185932917,0.38831075937024057,0.9553789,0.8756247,0.75,0.7499966025,0.749999955
telephone_mixed_dev_v1,mixed_0103__telephone8k,0.38933009082550785,0.13108196330686167,0.05493478107253751,0.9063971,0.94673765,0.743683425,0.54210645,0.2796178125
telephone_mixed_dev_v1,mixed_0104__telephone8k,0.9364962862219004,0.9059004927613897,0.004907975006317964,0.93879056,0.9508508,0.749999955,0.742736445,0.74999955
telephone_mixed_dev_v1,mixed_0105__telephone8k,0.9969752162989403,0.9964995061857631,0.08539196387465686,0.9176881,0.9168486,0.74999985,0.7499782500000001,0.749999955
telephone_mixed_dev_v1,mixed_0106__telephone8k,0.7563983576544037,0.5724231200942109,0.19046838592208942,0.71377003,0.868831,0.75,0.7497678750000001,0.749999955
telephone_mixed_dev_v1,mixed_0107__telephone8k,0.7793551359889611,0.9894390180982734,0.5566907634050701,0.801108,0.84784573,0.75,0.7499985225,0.749999955
telephone_mixed_dev_v1,mixed_0108__telephone8k,0.9996390728859266,0.9992763493737545,0.6894070195776699,0.9084015,0.48248646,0.535315455,0.74611737,0.7494612
telephone_mixed_dev_v1,mixed_0109__telephone8k,0.5127787007059988,0.6728805575174672,0.08222301558564797,0.5845557,0.90749484,0.73316925,0.7482108749999999,0.74999775
telephone_mixed_dev_v1,mixed_0110__telephone8k,0.9613221237799796,0.9992155077383766,0.31926952631185795,0.85185933,0.9617915,0.7499961975,0.510775275,0.74999973
telephone_mixed_dev_v1,mixed_0111__telephone8k,0.49981091232935443,0.22908194191310818,0.42924333760111777,0.86359113,0.84654397,0.7499889,0.7472141250000001,0.74998635
telephone_mixed_dev_v1,mixed_0112__telephone8k,0.337160163348546,0.33589361607032336,0.056611748402874376,0.8676082,0.9578037,0.749999925,0.4095852,0.7495099125
telephone_mixed_dev_v1,mixed_0113__telephone8k,0.4514440857527169,0.5906520079115402,0.19000282326774717,0.77018857,0.90997773,0.7464090750000001,0.74971095,0.7498599450000001
telephone_mixed_dev_v1,mixed_0114__telephone8k,0.9998538264841924,0.9998302582643195,0.4944894759771961,0.90284985,0.7922341,0.7499990999999999,0.41366270250000003,0.7499988375
telephone_mixed_dev_v1,mixed_0115__telephone8k,0.5927161462865338,0.6020911941035173,0.0639571817096135,0.4458256,0.8396639,0.749999955,0.74310885,0.74999973
telephone_mixed_dev_v1,mixed_0116__telephone8k,0.4427210686402072,0.23720258988422155,0.14550037815228023,0.9355177,0.43990222,0.7429228125,0.3746244225,0.7394189250000001
telephone_mixed_dev_v1,mixed_0117__telephone8k,0.9287892798640238,0.8954354627442053,0.08838351227283033,0.9345386,0.9372821,0.749999925,0.75,0.75
telephone_mixed_dev_v1,mixed_0118__telephone8k,0.9536205037420566,0.9966404077754013,0.23793752593801076,0.70074487,0.9349426,0.749998725,0.749922975,0.7499994750000001
telephone_mixed_dev_v1,mixed_0119__telephone8k,0.8922639285183809,0.8215057893480314,0.07413684712188649,0.9360774,0.41354597,0.75,0.7331445,0.74999982
telephone_mixed_dev_v1,mixed_0120__telephone8k,0.7325465945774317,0.020541780412173315,0.26072698476594514,0.8637866,0.91120857,0.75,0.7498218000000001,0.749999925
telephone_mixed_dev_v1,mixed_0121__telephone8k,0.7625084017550965,0.21864101024462673,0.24460938812340616,0.895472,0.9387373,0.75,0.7427849025000001,0.749999925
telephone_mixed_dev_v1,mixed_0122__telephone8k,0.29317184646938504,0.018863485423159465,0.14612751659080647,0.72743213,0.9564401,0.74999985,0.7499223525000001,0.74999985
telephone_mixed_dev_v1,mixed_0123__telephone8k,0.18421524876117576,0.555100767818144,0.018796738087714954,0.77661246,0.8616281,0.7499754,0.7497176249999999,0.7499851125
telephone_mixed_dev_v1,mixed_0124__telephone8k,0.22514112517261992,0.3607045977133633,0.007054807117309211,0.8056372,0.9142716,0.7466139375,0.7347324000000001,0.7493316375000001
telephone_mixed_dev_v1,mixed_0125__telephone8k,0.8807303036063404,0.9946237723977011,0.057582591965067716,0.7420086,0.93452346,0.7499967375000001,0.41964472500000005,0.7499977200000001
telephone_mixed_dev_v1,mixed_0126__telephone8k,0.8123684311640957,0.00858293299901585,0.4215960623981615,0.6535185,0.9184011,0.75,0.7074249375,0.74999982
telephone_mixed_dev_v1,mixed_0127__telephone8k,0.19188098916690158,0.9425821290190829,0.0026050884989483234,0.37618724,0.89461327,0.7003314374999999,0.36285543000000003,0.47503218
telephone_mixed_dev_v1,mixed_0128__telephone8k,0.16044624002151642,0.017999412219973764,0.0591992503264627,0.8409094,0.91671914,0.75,0.749999505,0.749999955
telephone_mixed_dev_v1,mixed_0129__telephone8k,0.7484118516983189,0.9997253655496907,0.029359007284624393,0.8620682,0.95745194,0.749979225,0.749997075,0.7499996250000001
telephone_mixed_dev_v1,mixed_0130__telephone8k,0.30828525026539155,0.012735358184392746,0.2450479783328458,0.7938282,0.73603046,0.75,0.6713859,0.7499992875
telephone_mixed_dev_v1,mixed_0131__telephone8k,0.8591441204933998,0.4927760413735917,0.7668218331611741,0.79223675,0.76966804,0.75,0.7496709,0.749999925
telephone_mixed_dev_v1,mixed_0132__telephone8k,0.8496486453301766,0.7734335805936645,0.2859287523414544,0.87132215,0.93897665,0.749999925,0.7499809500000001,0.74999985
telephone_mixed_dev_v1,mixed_0133__telephone8k,0.7724118646020615,0.06513788869440716,0.4729307276800342,0.7725141,0.9554885,0.7499910750000001,0.168342615,0.7499943225000001
telephone_mixed_dev_v1,mixed_0134__telephone8k,0.4459574763298492,0.0743735673874856,0.04210814162496677,0.7157927,0.96659255,0.749777625,0.747440505,0.74980965
telephone_mixed_dev_v1,mixed_0135__telephone8k,0.2639449103694468,0.08686175955386143,0.07898322316921712,0.85421926,0.7975174,0.75,0.749982075,0.74999973
telephone_mixed_dev_v1,mixed_0136__telephone8k,0.221051967186982,0.9678082462964427,0.02996131091341622,0.60417116,0.9112577,0.7393491,0.749999025,0.7494123
telephone_mixed_dev_v1,mixed_0137__telephone8k,0.5519879353876163,0.054787645789707566,0.2912014443682419,0.86640817,0.87711805,0.749999955,0.74995815,0.74999325
telephone_mixed_dev_v1,mixed_0138__telephone8k,0.9997970718360447,0.9997640782845698,0.3978610007635246,0.8467404,0.8603505,0.74976495,0.7495623975,0.74999973
telephone_mixed_dev_v1,mixed_0139__telephone8k,0.913818712202357,0.9651176221846904,0.3743914584770518,0.8942227,0.9325467,0.749999775,0.7499812275,0.749999955
telephone_mixed_dev_v1,mixed_0140__telephone8k,0.8188706509914677,0.9724067176662679,0.200445325714854,0.85517555,0.9352031,0.75,0.749953275,0.74999973
telephone_mixed_dev_v1,mixed_0141__telephone8k,0.8399720086152058,0.7612852821486091,0.038599346504016904,0.93079495,0.92227507,0.75,0.74999205,0.75
telephone_mixed_dev_v1,mixed_0142__telephone8k,0.8921993240641144,0.9995665960246632,0.07939075669316388,0.6035121,0.8562165,0.748824225,0.749969925,0.7499994750000001
telephone_mixed_dev_v1,mixed_0143__telephone8k,0.3930802601787072,0.04945594125729283,0.19228251134965502,0.7255617,0.97229904,0.74999817,0.749981325,0.749999955
telephone_mixed_dev_v1,mixed_0144__telephone8k,0.9993366546176639,0.9991548455764788,0.3685255440526218,0.9401997,0.9091628,0.75,0.7499733,0.74999985
telephone_mixed_dev_v1,mixed_0145__telephone8k,0.7164499848123735,0.0635662587340735,0.4032768085298485,0.7250278,0.649888,0.75,0.7188303,0.7499997
telephone_mixed_dev_v1,mixed_0146__telephone8k,0.6250117049645662,0.008887507081859092,0.6663417335136183,0.9379694,0.42169082,0.75,0.749988675,0.75
telephone_mixed_dev_v1,mixed_0147__telephone8k,0.4469857455740419,0.025823964260046513,0.0640437576530139,0.82872444,0.8531227,0.75,0.749983905,0.749999925
telephone_mixed_dev_v1,mixed_0148__telephone8k,0.9867538919741632,0.962477104227491,0.6511809307423697,0.8908391,0.89433914,0.7499980500000001,0.642455775,0.749997975
telephone_mixed_dev_v1,mixed_0149__telephone8k,0.5052911894579267,0.01977452776394213,0.16860704791740835,0.91485715,0.93213904,0.75,0.749091525,0.75
telephone_mixed_dev_v1,mixed_0150__telephone8k,0.9415382309596851,0.38375646122675033,0.9316184606496488,0.90489656,0.92127097,0.7499985,0.7499946749999999,0.749999925
telephone_mixed_dev_v1,mixed_0151__telephone8k,0.7996896511571443,0.7296218705725701,0.7506731894074214,0.8683462,0.8856461,0.75,0.749147055,0.75
telephone_mixed_dev_v1,mixed_0152__telephone8k,0.9996757577129931,0.9991624195150012,0.7038037088500108,0.9232694,0.92709434,0.7464555525000001,0.749880525,0.749990655
telephone_mixed_dev_v1,mixed_0153__telephone8k,0.8655756927664107,0.09683664473019372,0.847393271876429,0.9050097,0.7690005,0.74999985,0.7483030125,0.7499990999999999
telephone_mixed_dev_v1,mixed_0154__telephone8k,0.9296113362231915,0.7016829659705507,0.8715975971668249,0.8963793,0.7890247,0.75,0.7499772,0.749999955
telephone_mixed_dev_v1,mixed_0155__telephone8k,0.7848094936713758,0.6157454525574868,0.7515860396724009,0.74842423,0.8539905,0.75,0.75,0.75
telephone_mixed_dev_v1,mixed_0156__telephone8k,0.9772482390927442,0.9998271791315682,0.7909291495130064,0.8711559,0.8159914,0.749959275,0.749999955,0.75
telephone_mixed_dev_v1,mixed_0157__telephone8k,0.9999344407528452,0.9998622263095601,0.7970543864637404,0.90066284,0.8825158,0.7472478300000001,0.749981895,0.7499985
telephone_mixed_dev_v1,mixed_0158__telephone8k,0.9819335886981482,0.9693460457625092,0.6315718922999872,0.8903459,0.94410956,0.749507025,0.7499976749999999,0.7499967750000001
telephone_mixed_dev_v1,mixed_0159__telephone8k,0.9997980579907741,0.9996993012540267,0.7863500966628958,0.921504,0.8858677,0.749999955,0.7494372300000001,0.749999955
telephone_mixed_dev_v1,mixed_0160__telephone8k,0.8553835946693457,0.05574153911064714,0.7478898695462943,0.9346978,0.8458192,0.75,0.748846155,0.74999985
telephone_mixed_dev_v1,mixed_0161__telephone8k,0.8407698855324035,0.5913062599554438,0.6863726549498264,0.910281,0.83398724,0.75,0.74999985,0.75
telephone_mixed_dev_v1,mixed_0162__telephone8k,0.8774799554121931,0.9156411180523919,0.75282621351044,0.23905881,0.9346407,0.749179875,0.7499997,0.7499970525
telephone_mixed_dev_v1,mixed_0163__telephone8k,0.9910188779875964,0.9999038799024677,0.593248966040598,0.8713303,0.9033319,0.749999955,0.7499325,0.749999955
telephone_mixed_dev_v1,mixed_0164__telephone8k,0.8575478418817487,0.7405106938812572,0.5025701088064071,0.53273064,0.9410238,0.749998725,0.75,0.75
telephone_mixed_dev_v1,mixed_0165__telephone8k,0.762199735570832,0.021345587998099526,0.8927969763656594,0.911114,0.78276604,0.75,0.7499562375,0.749999925
telephone_mixed_dev_v1,mixed_0166__telephone8k,0.5692292545749871,0.008781338274350707,0.44409798038040327,0.9131655,0.82084167,0.7499997,0.7463148749999999,0.74999973
telephone_mixed_dev_v1,mixed_0167__telephone8k,0.9946680429880775,0.9798562356546902,0.8529219336385568,0.90379405,0.9001485,0.7499989499999999,0.7311876975,0.749996025
telephone_mixed_dev_v1,mixed_0168__telephone8k,0.8739217284309195,0.9578843945727837,0.694662264447326,0.79122907,0.9363803,0.749999955,0.7498159125,0.749999955
telephone_mixed_dev_v1,mixed_0169__telephone8k,0.9999233070688741,0.9995026923126425,0.9755840947089268,0.82727635,0.72408545,0.67952277,0.74999685,0.74986065
telephone_mixed_dev_v1,mixed_0170__telephone8k,0.7192772769230944,0.9616941183061909,0.3379126578273641,0.681618,0.90810126,0.61344645,0.7139517375,0.749361825
telephone_mixed_dev_v1,mixed_0171__telephone8k,0.9998474061208897,0.9997866050597278,0.7318315462185594,0.8801353,0.83338994,0.74999985,0.7499976,0.74999982
telephone_mixed_dev_v1,mixed_0172__telephone8k,0.8116961898508347,0.4174983990225074,0.8186788064094643,0.884392,0.67741394,0.75,0.748154145,0.74999973
telephone_mixed_dev_v1,mixed_0173__telephone8k,0.9914554954039906,0.9650551268290347,0.921482177418846,0.9221993,0.6519691,0.75,0.749993175,0.75
telephone_mixed_dev_v1,mixed_0174__telephone8k,0.9504357092928486,0.8954282324650442,0.9192402450882466,0.88671684,0.92185414,0.749999955,0.74999982,0.749999955
telephone_mixed_dev_v1,mixed_0175__telephone8k,0.9972286538951347,0.9945324350364922,0.5982404288918938,0.87172735,0.9517311,0.75,0.749999925,0.75
telephone_mixed_dev_v1,mixed_0176__telephone8k,0.760875855845334,0.05000252519160417,0.8639217027180567,0.91935885,0.41334414,0.75,0.7499976,0.7499996250000001
telephone_mixed_dev_v1,mixed_0177__telephone8k,0.9529634424471989,0.006535031135090241,0.9035574203099916,0.71330094,0.8576129,0.75,0.74914053,0.75
telephone_mixed_dev_v1,mixed_0178__telephone8k,0.9999782956609929,0.9999566773997682,0.9449462909371418,0.78561586,0.60681856,0.74999985,0.74990925,0.749999955
telephone_mixed_dev_v1,mixed_0179__telephone8k,0.898726984342031,0.993078248820658,0.5541239953091792,0.83047116,0.8821511,0.722820195,0.7482789750000001,0.7386638249999999
telephone_mixed_dev_v1,mixed_0180__telephone8k,0.9796148535879261,0.9421579575942497,0.952609885453342,0.56116766,0.93485904,0.749997405,0.7499904,0.7499996250000001
telephone_mixed_dev_v1,mixed_0181__telephone8k,0.9027713755387563,0.9885872293995384,0.5798638393028187,0.7492596,0.8816466,-0.74255253,0.739845825,0.749664525
telephone_mixed_dev_v1,mixed_0182__telephone8k,0.8830350091102449,0.5499138527728945,0.8418629181603724,0.92001766,0.90460044,0.7499915475,0.743819475,0.7499847
telephone_mixed_dev_v1,mixed_0183__telephone8k,0.9014566964488773,0.7397501482409384,0.7393437389455726,0.8268705,0.869419,0.74997075,0.73807038,0.7499989499999999
telephone_mixed_dev_v1,mixed_0184__telephone8k,0.6233408659941825,0.06536204719689301,0.4847607217192679,0.9422329,0.79557234,0.74999982,0.7488438,0.74999982
telephone_mixed_dev_v1,mixed_0185__telephone8k,0.6229296308546176,0.0338475169030313,0.8372296707925215,0.931618,0.8799216,0.7483846875,0.7231053975,0.37632465000000004
telephone_mixed_dev_v1,mixed_0186__telephone8k,0.8969030542199112,0.7808103032903173,0.8156451870091377,0.81779855,0.76899964,0.749998125,0.3257175,0.7499988
telephone_mixed_dev_v1,mixed_0187__telephone8k,0.74856259723329,0.023944711869078854,0.8585239375426517,0.8606149,0.7151838,0.75,0.7499978549999999,0.749999955
telephone_mixed_dev_v1,mixed_0188__telephone8k,0.9865337757799151,0.970449911169622,0.7478406809964121,0.9179202,0.771828,0.749999955,0.744093825,0.74999985
telephone_mixed_dev_v1,mixed_0189__telephone8k,0.7081616938937138,0.9919955126776216,0.06736801785888012,0.60960037,0.9222453,0.7482158999999999,0.74985675,0.7499909250000001
telephone_mixed_dev_v1,mixed_0190__telephone8k,0.9994845123799418,0.9990701081035639,0.7222366333558125,0.88001424,0.8419648,0.749790825,0.737661255,0.74999817
telephone_mixed_dev_v1,mixed_0191__telephone8k,0.6737421783588147,0.12642255879621245,0.8089878537007801,0.91671205,0.7812346,0.749961195,0.7499812275,0.74999775
telephone_mixed_dev_v1,mixed_0192__telephone8k,0.7905620729946388,0.8976742048512029,0.6345229507278843,0.67294186,0.94494694,0.749999925,0.7499580225,0.749999925
telephone_mixed_dev_v1,mixed_0193__telephone8k,0.66806932576184,0.9115323921471686,0.40326124338155994,0.76307464,0.95352286,0.749751525,0.7497422250000001,0.74999715
telephone_mixed_dev_v1,mixed_0194__telephone8k,0.5225643013873793,0.40581337511680676,0.49031783643100124,0.8353974,0.88400483,0.75,0.7499994,0.749999955
telephone_mixed_dev_v1,mixed_0195__telephone8k,0.9986840391626399,0.9957853343306532,0.7543361053903397,0.88844454,0.8081925,0.749952255,0.7499496,0.749993205
telephone_mixed_dev_v1,mixed_0196__telephone8k,0.8807708432012081,0.226233748050682,0.8531419801657987,0.92069006,0.8559648,0.75,0.7495468875,0.7499991525
telephone_mixed_dev_v1,mixed_0197__telephone8k,0.7343854903402514,0.1000722875669403,0.7536874777856803,0.92968756,0.7774905,0.74999955,0.7499990625,0.74999982
telephone_mixed_dev_v1,mixed_0198__telephone8k,0.8442891562890507,0.9594467246933831,0.6710849684799215,0.6851611,0.90845793,0.7499997,0.72821058,0.7499991525
telephone_mixed_dev_v1,mixed_0199__telephone8k,0.9992259760405358,0.9987448926994748,0.6220417758267733,0.90267885,0.910003,0.75,0.7499994,0.75
telephone_mixed_dev_v1,mixed_0200__telephone8k,0.31608675675796793,0.36783385377623856,0.007994613746568749,0.9355048,0.88126093,-0.749998275,-0.701603025,-0.7493474250000001
telephone_mixed_dev_v1,mixed_0201__telephone8k,0.7568579605694353,0.5478258167590031,0.24688514969587574,0.93591833,0.83969486,-0.7077822975,-0.6124249500000001,-0.5469034875000001
telephone_mixed_dev_v1,mixed_0202__telephone8k,0.4750879004743099,0.39541549824479294,0.11771048892288177,0.9376174,0.9606061,-0.7490275200000001,0.06612759,0.0627671625
telephone_mixed_dev_v1,mixed_0203__telephone8k,0.8297118916795018,0.49370021036118167,0.5994567401796285,0.8982289,0.951719,-0.7499526750000001,0.71468067,-0.1622767725
telephone_mixed_dev_v1,mixed_0204__telephone8k,0.20678028922666825,0.011564524920988627,0.18231223724266285,0.95148665,0.8858342,-0.472616475,0.59456268,-0.31486923
telephone_mixed_dev_v1,mixed_0205__telephone8k,0.2870626950298128,0.16362588999101876,0.21399014955173537,0.9304863,0.9431025,-0.749504505,-0.30411045000000003,-0.5994091500000001
telephone_mixed_dev_v1,mixed_0206__telephone8k,0.04231629599509592,0.011464355306881596,0.05388436877967528,0.87305784,0.6847941,-0.7315638,-0.6075238725000001,-0.45739635
telephone_mixed_dev_v1,mixed_0207__telephone8k,0.1761858720058669,0.22806478376133477,0.02616626958549908,0.9412197,0.79624575,-0.749999775,-0.00047962782,-0.748625925
telephone_mixed_dev_v1,mixed_0208__telephone8k,0.7051680716305322,0.7276632867230526,0.1780009600097887,0.94139594,0.46353194,-0.733974075,-0.7436828625,-0.7402422
telephone_mixed_dev_v1,mixed_0209__telephone8k,0.2874428217400538,0.42858757588146185,0.045160904802903544,0.93439025,0.9006972,-0.749995275,-0.5216902800000001,-0.7497663375
telephone_mixed_dev_v1,mixed_0210__telephone8k,0.8731582487331321,0.5362754037275589,0.7571131894262731,0.9495032,0.9328216,-0.7397301000000001,0.71734755,0.5747564025
telephone_mixed_dev_v1,mixed_0211__telephone8k,0.4852301292541201,0.3829977147184262,0.08415134174987782,0.8920637,0.8710626,0.744253995,-0.18283164,0.691139595
telephone_mixed_dev_v1,mixed_0212__telephone8k,0.5258778863158328,0.5623565350772666,0.14391769049530923,0.9325786,0.8972491,-0.7418368725,-0.59508723,-0.64582335
telephone_mixed_dev_v1,mixed_0213__telephone8k,0.16014071857188267,0.07641847788583318,0.0091580428346704,0.92406964,0.86420536,0.7459206,-0.696860025,0.658547625
telephone_mixed_dev_v1,mixed_0214__telephone8k,0.5285091009385153,0.37688886429969215,0.3394012765612123,0.94642526,0.9411773,-0.7492073625,0.47238622500000005,0.1316599275
telephone_mixed_dev_v1,mixed_0215__telephone8k,0.18722009911496104,0.0534665825592536,0.46476077208200356,0.95838493,0.39938548,-0.5501412,0.33523605,-0.681945375
telephone_mixed_dev_v1,mixed_0216__telephone8k,0.21518177588562382,0.1628544526151731,0.056919777495238674,0.9339193,0.4579681,-0.2591975025,-0.6954981,-0.40376805
telephone_mixed_dev_v1,mixed_0217__telephone8k,0.6459124190959978,0.5005010051872326,0.1239688445228002,0.9117834,0.8821064,-0.745490805,-0.6318254249999999,0.021550860749999998
telephone_mixed_dev_v1,mixed_0218__telephone8k,0.3325721642032434,0.3624831813080855,0.03653483442309123,0.9544102,0.979933,-0.74950473,-0.6665976524999999,-0.7220268750000001
telephone_mixed_dev_v1,mixed_0219__telephone8k,0.4168979004761453,0.059262348129611966,0.17085504905503493,0.9492928,0.9343177,-0.61176552,-0.4854828,-0.16251816
telephone_mixed_dev_v1,mixed_0220__telephone8k,0.3325930649358609,0.020810048081912585,0.14836633549548858,0.8859857,0.7884177,0.7375512750000001,0.10414914749999998,0.21335007749999998
telephone_mixed_dev_v1,mixed_0221__telephone8k,0.13656071538638812,0.004096076369796167,0.1352097222646829,0.84477675,0.9492221,-0.7498943625000001,0.511901175,-0.216043065
telephone_mixed_dev_v1,mixed_0222__telephone8k,0.2520995492742078,0.22634342680623093,0.1055195693119278,0.90065956,0.862593,-0.74931225,-0.502552095,-0.715278825
telephone_mixed_dev_v1,mixed_0223__telephone8k,0.8372457912205595,0.5012240354548827,0.37989421407611934,0.938239,0.89372945,-0.74999115,0.7494430875,0.3337626
telephone_mixed_dev_v1,mixed_0224__telephone8k,0.2538021296616517,0.07419914122331794,0.2463404229436309,0.93964505,0.8902384,-0.7106840025,0.705436425,-0.185225835
telephone_mixed_dev_v1,mixed_0225__telephone8k,0.3219383691001367,0.10274200582261978,0.20070122970629345,0.9287636,0.9446038,-0.749926275,0.32082369,0.068599665
telephone_mixed_dev_v1,mixed_0226__telephone8k,0.5551782281718398,0.3109380610309073,0.41871018468645277,0.89497423,0.64200014,-0.749859225,0.664623075,0.0458524305
telephone_mixed_dev_v1,mixed_0227__telephone8k,0.20602739980484963,0.37045879769172396,0.014425134180499519,0.95260745,0.93973464,-0.7496100525,-0.738168825,-0.74672967
telephone_mixed_dev_v1,mixed_0228__telephone8k,0.1671537845629028,0.0005255026531736785,0.09162141108160023,0.91882396,0.8910437,-0.74849625,-0.741020775,-0.6376800375
telephone_mixed_dev_v1,mixed_0229__telephone8k,0.23499611287288366,0.12272345917134855,0.1420551190487278,0.9300885,0.92100346,-0.46093314750000003,0.1880463,0.33559357500000003
telephone_mixed_dev_v1,mixed_0230__telephone8k,0.11370806692791015,0.02253012046570944,0.04328097111451501,0.90340465,0.86619335,-0.74986005,-0.748966905,-0.7499242275
telephone_mixed_dev_v1,mixed_0231__telephone8k,0.23029133287908088,0.00200178673615467,0.22197705625285272,0.940921,0.8921757,-0.74998458,-0.6067043999999999,-0.736049925
telephone_mixed_dev_v1,mixed_0232__telephone8k,0.8680593453262848,0.10406347419651639,0.8838254400301787,0.83078164,0.8196412,-0.7452156,0.5702598,0.40524315
telephone_mixed_dev_v1,mixed_0233__telephone8k,0.0900117231299531,0.007331391870614283,0.3362822422113335,0.9543685,0.41176686,0.7479980024999999,0.21765283500000002,0.7360129049999999
telephone_mixed_dev_v1,mixed_0234__telephone8k,0.45856012354988596,0.1223082279125584,0.5892021970860681,0.88236475,0.7538015,-0.1346959425,0.7499838000000001,0.74688555
telephone_mixed_dev_v1,mixed_0235__telephone8k,0.3236409615835876,0.36464306986238176,0.018117531427388714,0.93091726,0.92319685,-0.7132965,-0.72339915,-0.691120425
telephone_mixed_dev_v1,mixed_0236__telephone8k,0.26018775958011775,0.04555044793148135,0.10666306033403394,0.9201411,0.8294209,-0.1840931025,-0.39289421999999996,-0.5732586975
telephone_mixed_dev_v1,mixed_0237__telephone8k,0.5782470508888794,0.0026452770531164437,0.7182295756619064,0.95044416,0.80264944,-0.7199376,-0.14152344,-0.371739
telephone_mixed_dev_v1,mixed_0238__telephone8k,0.49950747811452634,0.0005445286317075846,0.31265956470815304,0.9351354,0.8884325,-0.6036453975,-0.33434955,0.1483408425
telephone_mixed_dev_v1,mixed_0239__telephone8k,0.13663817631221079,0.06760721216928309,0.09829760669462312,0.8162615,0.8731858,-0.74998725,0.43165155,-0.5806717875
telephone_mixed_dev_v1,mixed_0240__telephone8k,0.4202162712199929,0.027556049151493636,0.537958362924361,0.92135626,0.7389602,-0.637694025,-0.5689579124999999,-0.712295205
telephone_mixed_dev_v1,mixed_0241__telephone8k,0.7842116240181639,0.45893297884708817,0.5404971050886516,0.77451783,0.4798477,-0.7499712749999999,0.627057675,0.41019210000000006
telephone_mixed_dev_v1,mixed_0242__telephone8k,0.6976309278632034,0.20475525979634032,0.5192512503218711,0.9608007,0.9576395,-0.6405496875000001,-0.74796615,-0.002145410625
telephone_mixed_dev_v1,mixed_0243__telephone8k,0.32288012912639424,0.2016638185947395,0.27879827461562495,0.9552182,0.9162502,-0.7267777049999999,0.73524168,-0.3785963475
telephone_mixed_dev_v1,mixed_0244__telephone8k,0.19921965087937865,0.0047129981968791436,0.10499579694259904,0.9447235,0.8608202,-0.7471805549999999,-0.42243495000000003,-0.6520691550000001
telephone_mixed_dev_v1,mixed_0245__telephone8k,0.6791408739320258,0.12015548665416148,0.6785262779613003,0.95513695,0.9753293,-0.7371379124999999,0.6802178249999999,0.31877505
telephone_mixed_dev_v1,mixed_0246__telephone8k,0.483799884753125,0.5978937743135667,0.3687103525399035,0.8576933,0.96591,-0.7491575625,0.086014455,-0.711869325
telephone_mixed_dev_v1,mixed_0247__telephone8k,0.8331999036614818,0.5308395446226531,0.6256533463190914,0.6964753,0.75661147,-0.742729575,0.517183545,0.37188741000000003
telephone_mixed_dev_v1,mixed_0248__telephone8k,0.5832678080613252,0.5773991881635926,0.037946284233243026,0.85802233,0.9189709,0.7459849125,-0.745153275,0.7431759
telephone_mixed_dev_v1,mixed_0249__telephone8k,0.33992232771059455,0.39751677015195774,0.10271576392606996,0.91918445,0.77958506,-0.74999955,-0.33016044,-0.747679875
telephone_mixed_dev_v1,mixed_0250__telephone8k,0.9533737411514684,0.3711346965952957,0.9156085972702782,0.90109503,0.7637622,-0.7256962499999999,0.68049252,0.555530625
telephone_mixed_dev_v1,mixed_0251__telephone8k,0.9541683636940502,0.5461725354215992,0.9064748283505606,0.9234123,0.8323215,0.048764017500000006,0.562720275,0.741975075
telephone_mixed_dev_v1,mixed_0252__telephone8k,0.9834295413555842,0.9293507474306618,0.7580209747192898,0.73951167,0.8175712,0.0711329025,0.640553895,0.74987055
telephone_mixed_dev_v1,mixed_0253__telephone8k,0.6009266601558527,0.3062123288892489,0.4740723834530386,0.93065494,0.8756734,-0.417513825,-0.694320375,-0.11694276
telephone_mixed_dev_v1,mixed_0254__telephone8k,0.92134007951692,0.14153425367615494,0.9334160088403394,0.9308825,0.8563027,-0.7004097975,0.7499920874999999,0.72486015
telephone_mixed_dev_v1,mixed_0255__telephone8k,0.96496194035635,0.430301025751484,0.94166285693227,0.92514664,0.8026073,-0.749510325,0.7438941,0.611718975
telephone_mixed_dev_v1,mixed_0256__telephone8k,0.9760492383461152,0.556511149392089,0.9332167015077439,0.9281481,0.6021714,-0.7491858,0.74877222,0.660700875
telephone_mixed_dev_v1,mixed_0257__telephone8k,0.9241610171953574,0.1567132657949555,0.924408439131244,0.8795691,0.7662294,-0.733153875,0.74966115,0.73792695
telephone_mixed_dev_v1,mixed_0258__telephone8k,0.9838891088555847,0.6246949511157848,0.9807283148623163,0.9340441,0.90849525,-0.7499993775,0.741387,0.48707208
telephone_mixed_dev_v1,mixed_0259__telephone8k,0.8128117525308599,0.15822770358247049,0.9041415979486299,0.89184654,0.87717146,-0.749931675,0.734299245,-0.50041365
telephone_mixed_dev_v1,mixed_0260__telephone8k,0.9707160756516289,0.4967224399447976,0.9690798902470091,0.9135243,0.76454157,-0.74908863,0.737875425,0.419742375
telephone_mixed_dev_v1,mixed_0261__telephone8k,0.8482311194348433,0.3540906811199234,0.787300508098056,0.91661173,0.8525268,-0.74998875,0.2808111,-0.697034325
telephone_mixed_dev_v1,mixed_0262__telephone8k,0.9778543579174692,0.806416870014928,0.9014250651081004,0.91291046,0.91972053,-0.052576241999999995,0.49039192500000006,0.7486280249999999
telephone_mixed_dev_v1,mixed_0263__telephone8k,0.9219496238536528,0.09376402137146336,0.9107783650414556,0.88324416,0.7180451,0.59492505,0.749021025,0.748085025
telephone_mixed_dev_v1,mixed_0264__telephone8k,0.8345967707888392,0.5244277597407411,0.7104915546901515,0.9060895,0.25737637,-0.7499992875,-0.020409318,-0.730013625
telephone_mixed_dev_v1,mixed_0265__telephone8k,0.9810096294598954,0.633347269976418,0.9407652349858064,0.9212393,0.85585904,-0.6791138250000001,0.7499569500000001,0.7493091525
telephone_mixed_dev_v1,mixed_0266__telephone8k,0.7985680635627621,0.1361837449483013,0.8286617574646298,0.94331545,0.88838995,-0.7499924025,0.468887595,-0.34275672
telephone_mixed_dev_v1,mixed_0267__telephone8k,0.9406518483452317,0.26094256876175076,0.9419778975789899,0.8442476,0.74348515,-0.7461566625,0.533394,0.62716287
telephone_mixed_dev_v1,mixed_0268__telephone8k,0.9451750556916507,0.13741526666285805,0.9492770301524087,0.94123447,0.93859494,-0.749923125,0.42881925,0.33755812500000004
telephone_mixed_dev_v1,mixed_0269__telephone8k,0.963717095506757,0.5503268344700926,0.9605047986396877,0.9501038,0.8663489,0.49702425000000006,0.749998125,0.7499874
telephone_mixed_dev_v1,mixed_0270__telephone8k,0.9827346581037583,0.7757076150218444,0.9332169599503768,0.92726773,0.4201763,-0.4383456375,0.7056885749999999,0.7483010025000001
telephone_mixed_dev_v1,mixed_0271__telephone8k,0.9502983220958691,0.2299287690730484,0.9511681530187637,0.87061733,0.87778616,0.7000261125,0.60900915,0.7414611
telephone_mixed_dev_v1,mixed_0272__telephone8k,0.8618163329164226,0.12309943631307481,0.8491232917072201,0.9043432,0.86553174,-0.71337015,0.1766754,0.294555705
telephone_mixed_dev_v1,mixed_0273__telephone8k,0.933114624659025,0.1629458636242979,0.925727989916386,0.9358778,0.8461512,-0.6354732750000001,-0.09921525750000001,0.2697947775
telephone_mixed_dev_v1,mixed_0274__telephone8k,0.9818368896792871,0.595248634973675,0.969968120540705,0.65188485,0.7512602,-0.7498536,0.678102,0.44793587999999995
telephone_mixed_dev_v1,mixed_0275__telephone8k,0.8527072647433215,0.013841902305836241,0.942694757287048,0.9704601,0.8709606,-0.749890725,0.6818343375,-0.62453685
telephone_mixed_dev_v1,mixed_0276__telephone8k,0.9369048324472724,0.30642533993115256,0.9058488189711437,0.9532054,0.9002575,-0.7489163999999999,0.71684085,0.274005975
telephone_mixed_dev_v1,mixed_0277__telephone8k,0.7045448385565414,0.12756229586992635,0.8904607119485877,0.916588,0.8492048,-0.748338,0.589945575,-0.672149325
telephone_mixed_dev_v1,mixed_0278__telephone8k,0.9070341680706414,0.23322239815901732,0.9530631537037337,0.9360729,0.7557218,-0.7499855249999999,0.734335005,0.06840408749999999
telephone_mixed_dev_v1,mixed_0279__telephone8k,0.8977188928031123,0.21997561837371832,0.854858634300866,0.8824925,0.5678592,-0.7384830450000001,0.34293919500000003,0.513072
telephone_mixed_dev_v1,mixed_0280__telephone8k,0.8573662462173346,0.35751427238735295,0.6748025531273861,0.9087097,0.89118904,-0.7495432200000001,0.739713975,0.48378952500000005
telephone_mixed_dev_v1,mixed_0281__telephone8k,0.9604720226688144,0.06275133360995203,0.9682580085965212,0.9213418,0.889612,-0.749782275,0.7480994775,0.659659425
telephone_mixed_dev_v1,mixed_0282__telephone8k,0.9466441090583594,0.6961414165303134,0.9033440086664126,0.93179804,0.8662911,0.620072325,0.7499423775,0.7492379250000001
telephone_mixed_dev_v1,mixed_0283__telephone8k,0.9447423482933579,0.6434380865421855,0.8541554427217005,0.935135,0.6966219,0.2761918875,-0.0666545595,0.74079162
telephone_mixed_dev_v1,mixed_0284__telephone8k,0.9198369852942692,0.31465496452564296,0.919389472293787,0.9008275,0.9042389,-0.706312275,0.73532985,0.6137449500000001
telephone_mixed_dev_v1,mixed_0285__telephone8k,0.9510807187873689,0.7194493744453777,0.6701771378469324,0.95278513,0.87506557,-0.7498745250000001,0.708685725,0.6250503000000001
telephone_mixed_dev_v1,mixed_0286__telephone8k,0.9198456000514654,0.014961739144646439,0.9339315153726331,0.92765677,0.9099627,0.05838459,0.7499967750000001,0.7490378025
telephone_mixed_dev_v1,mixed_0287__telephone8k,0.98406041839177,0.7831056627310687,0.9549476326712312,0.8620782,0.8131119,-0.063913308,0.747569775,0.7213095
telephone_mixed_dev_v1,mixed_0288__telephone8k,0.9604826582453834,0.48352409305855226,0.9105616119157897,0.90999216,0.61584514,-0.7499941875,0.745221645,0.581161575
telephone_mixed_dev_v1,mixed_0289__telephone8k,0.9721386166619473,0.6512181926550287,0.9307672392721287,0.9303188,0.7532402,-0.7491882750000001,0.5367431475,0.6229344
telephone_mixed_dev_v1,mixed_0290__telephone8k,0.48632042849786167,0.2687841856793048,0.3265282988776778,0.9385793,0.8850242,-0.7499980500000001,-0.7435488,-0.749186625
telephone_mixed_dev_v1,mixed_0291__telephone8k,0.9779058848669466,0.5845446936691382,0.9431631249893339,0.94493496,0.8238742,-0.749072805,0.7128771,0.597753255
telephone_mixed_dev_v1,mixed_0292__telephone8k,0.9632670676474465,0.502626725538408,0.9624648741729951,0.9119206,0.77229726,-0.488914125,0.39873867,0.22495919999999997
telephone_mixed_dev_v1,mixed_0293__telephone8k,0.9145638107512557,0.27936988260166823,0.9162438145314425,0.92613107,0.7404729,-0.7457172750000001,-0.1688279325,-0.1260401625
telephone_mixed_dev_v1,mixed_0294__telephone8k,0.8753146268654348,0.404289095197348,0.9285768600691477,0.92382663,0.84562266,-0.7499966025,0.615231375,-0.5941445249999999
telephone_mixed_dev_v1,mixed_0295__telephone8k,0.8819353608468504,0.3170576960558292,0.9470859176750324,0.9113874,0.91198474,-0.75,0.4338190125,-0.749991825
telephone_mixed_dev_v1,mixed_0296__telephone8k,0.9578675866309072,0.45913028860510796,0.9607003328199009,0.93214244,0.8059704,-0.749537925,0.7412850975,0.387981825
telephone_mixed_dev_v1,mixed_0297__telephone8k,0.8814131095359983,0.17766316917171693,0.9425425624061752,0.89655215,0.7401531,-0.7499955300000001,0.7087661249999999,0.5523141300000001
telephone_mixed_dev_v1,mixed_0298__telephone8k,0.950487414412911,0.1850525710955711,0.9575378715858677,0.9338799,0.82929724,-0.74775213,0.74757372,0.730264275
telephone_mixed_dev_v1,mixed_0299__telephone8k,0.5626209581675942,0.029174430888936512,0.4145648000418872,0.88134676,0.9049922,-0.74998245,-0.42517465499999996,-0.713101875
telephone_mixed_dev_v1,mixed_0300__telephone8k,0.9717147184180016,0.9700536174030846,0.08467708581965605,0.9433972,0.85301566,0.703639875,-0.701028075,0.748002375
telephone_mixed_dev_v1,mixed_0301__telephone8k,0.7788266338475919,0.6992651228579131,0.8406670565504076,0.6576479,0.69989175,-0.74829525,0.6667873275,-0.58277595
telephone_mixed_dev_v1,mixed_0302__telephone8k,0.955357536575264,0.9282806703591355,0.03404223520981318,0.9269758,0.94632244,0.7366640250000001,-0.10598298750000001,0.74900262
telephone_mixed_dev_v1,mixed_0303__telephone8k,0.0939190871237213,0.06480268069941282,0.029653538222663048,0.93432355,0.77569354,-0.74627745,0.1901443875,-0.14553048
telephone_mixed_dev_v1,mixed_0304__telephone8k,0.6309331163737021,0.24016009803141683,0.21198384851354019,0.9128731,0.75016624,0.74999955,0.7499464499999999,0.74999715
telephone_mixed_dev_v1,mixed_0305__telephone8k,0.9897748916161158,0.9849771250325254,0.04374506748183781,0.8653887,0.8487994,0.7499988375,-0.45241668749999997,0.74999808
telephone_mixed_dev_v1,mixed_0306__telephone8k,0.7733244591773,0.6422348277466008,0.05812648595759677,0.9498512,0.89368623,0.749973525,-0.39185607749999996,0.74991153
telephone_mixed_dev_v1,mixed_0307__telephone8k,0.9768005957481993,0.9724165595035037,0.15473201667368802,0.9128184,0.9201974,0.74999727,-0.15486531750000002,0.74999955
telephone_mixed_dev_v1,mixed_0308__telephone8k,0.7100132734641827,0.758519721633347,0.07470304137890173,0.9382802,0.9106646,-0.7469996999999999,-0.0807351525,-0.6747358725
telephone_mixed_dev_v1,mixed_0309__telephone8k,0.6731485787247738,0.6317198026664556,0.03790899988872994,0.90484995,0.6991891,-0.319860645,0.7498146,0.6261428250000001
telephone_mixed_dev_v1,mixed_0310__telephone8k,0.9816521377696853,0.9670931215580453,0.553784453599335,0.9135349,0.9002413,0.61620765,0.299306175,0.69304215
telephone_mixed_dev_v1,mixed_0311__telephone8k,0.3697881310049013,0.005118802051455588,0.02168723375480769,0.92391056,0.9427548,0.75,0.7499979,0.749999925
telephone_mixed_dev_v1,mixed_0312__telephone8k,0.9338226835883136,0.9171971903051009,0.633117366405781,0.8997719,0.9696009,0.6387423750000001,0.7487861250000001,0.749493195
telephone_mixed_dev_v1,mixed_0313__telephone8k,0.9778379687098091,0.968583647018658,0.15175270519823264,0.896531,0.9607346,0.74999982,0.42173065500000007,0.749999175
telephone_mixed_dev_v1,mixed_0314__telephone8k,0.7992934771926818,0.7906539279158205,0.0729582405186751,0.9368052,0.94926596,0.72752955,-0.717275175,0.5332745249999999
telephone_mixed_dev_v1,mixed_0315__telephone8k,0.9917651493370533,0.98928532354021,0.029964727152432154,0.9266101,0.9693066,0.749736975,0.3150981375,0.7496795625
telephone_mixed_dev_v1,mixed_0316__telephone8k,0.9664880023164941,0.9698956953207006,0.32872024791781806,0.8502684,0.89888763,0.7499643,0.467071425,0.749995875
telephone_mixed_dev_v1,mixed_0317__telephone8k,0.8240205502427369,0.8818810809400603,0.07127028264464555,0.99066377,0.81743217,0.652856475,-0.416648355,0.7452069
telephone_mixed_dev_v1,mixed_0318__telephone8k,0.9252062334127101,0.9606618171915404,0.15027816244002573,0.83100414,0.844302,0.74999343,0.725372625,0.7499977200000001
telephone_mixed_dev_v1,mixed_0319__telephone8k,0.8932286648958188,0.5818907900040969,0.5514089033938422,0.95033836,0.80716324,-0.7444798800000001,-0.1155054225,0.4952316
telephone_mixed_dev_v1,mixed_0320__telephone8k,0.9766102683070531,0.96403327746921,0.1583620431815271,0.89654976,0.8581409,0.74999982,-0.01652644725,0.749999925
telephone_mixed_dev_v1,mixed_0321__telephone8k,0.997688089955163,0.9835520867098868,0.852800552522666,0.89173126,0.7691561,-0.18621501000000001,0.609899625,0.739102875
telephone_mixed_dev_v1,mixed_0322__telephone8k,0.8975872131324573,0.9026577985780838,0.5337138469004444,0.9377469,0.8754424,0.714885825,-0.229480395,0.552861225
telephone_mixed_dev_v1,mixed_0323__telephone8k,0.8599560311189092,0.7401138985041745,0.05610858128479034,0.9388268,0.9381559,-0.555826275,-0.7462653,0.7139202
telephone_mixed_dev_v1,mixed_0324__telephone8k,0.9548109543614696,0.9704974854300896,0.1751682836237594,0.92362905,0.920023,0.7235422875,-0.51836988,-0.24389418000000002
telephone_mixed_dev_v1,mixed_0325__telephone8k,0.9809823514281242,0.9706234793207132,0.06453079799945881,0.8684485,0.6520046,0.7499993775,-0.5536825949999999,0.74999763
telephone_mixed_dev_v1,mixed_0326__telephone8k,0.5483114272552216,0.15690817264219806,0.0676568704245532,0.9577095,0.67380166,0.749995845,-0.73761012,0.749902575
telephone_mixed_dev_v1,mixed_0327__telephone8k,0.8736447110055824,0.9713566300281469,0.04273794119535994,0.84450954,0.8315554,0.74999835,0.749997825,0.7499989499999999
telephone_mixed_dev_v1,mixed_0328__telephone8k,0.7144669595793446,0.7680671892528328,0.11742909210359434,0.7960009,0.77192587,0.7499997,0.7362108,0.7499976
telephone_mixed_dev_v1,mixed_0329__telephone8k,0.7588499594589518,0.8401127716005924,0.4388215212029935,0.877847,0.96023375,-0.63941055,0.07856419875,-0.20296839
telephone_mixed_dev_v1,mixed_0330__telephone8k,0.9826268479397565,0.9840110993674005,0.06533342991750836,0.92627126,0.7908803,0.749930625,-0.27549706500000004,0.749964675
telephone_mixed_dev_v1,mixed_0331__telephone8k,0.9968400218463107,0.9932676809966955,0.7690264619436794,0.9262596,0.8870045,0.7499741249999999,0.38271894749999996,0.74998842
telephone_mixed_dev_v1,mixed_0332__telephone8k,0.9918738305598618,0.9685729886551808,0.9370688613660827,0.9323775,0.8554045,0.749827275,0.69348885,0.7499926275
telephone_mixed_dev_v1,mixed_0333__telephone8k,0.2436881516022235,0.019766719249800148,0.043611175238308056,0.95158917,0.8982154,0.2089662975,-0.742452975,-0.6161418974999999
telephone_mixed_dev_v1,mixed_0334__telephone8k,0.8617427446371745,0.6974450038977852,0.2886110601528196,0.73240703,0.9230408,-0.74898273,-0.49910714999999994,0.604341225
telephone_mixed_dev_v1,mixed_0335__telephone8k,0.9849334824866199,0.9449541554475054,0.9105236237512788,0.9322449,0.834681,0.73631778,0.6281503725,0.749842575
telephone_mixed_dev_v1,mixed_0336__telephone8k,0.9601927964754275,0.9729392192220024,0.05644800864187528,0.9243917,0.8761808,0.436182705,-0.5271297,0.70816875
telephone_mixed_dev_v1,mixed_0337__telephone8k,0.9038311515014651,0.521376277169808,0.1049584481172849,0.92273206,0.8645226,0.5845234875,-0.569392575,0.7321083749999999
telephone_mixed_dev_v1,mixed_0338__telephone8k,0.8895981788791514,0.8159023019625525,0.056313396250543386,0.9248709,0.83714265,0.7499966250000001,0.7499990999999999,0.749995755
telephone_mixed_dev_v1,mixed_0339__telephone8k,0.9400532586089675,0.9472172867029897,0.18587371208365125,0.8894216,0.84441763,0.506632425,0.74382153,0.74947365
telephone_mixed_dev_v1,mixed_0340__telephone8k,0.8981747724662792,0.6803345996287765,0.835424704244369,0.91759044,0.7497851,0.7499640750000001,0.09520404,0.74981037
telephone_mixed_dev_v1,mixed_0341__telephone8k,0.7244863307208446,0.07715545795573206,0.3790867523331821,0.9300597,0.91933227,0.720709575,0.7359500250000001,0.7483004249999999
telephone_mixed_dev_v1,mixed_0342__telephone8k,0.9682984839710314,0.939603715493367,0.477355054834051,0.95657754,0.9676865,0.7074992999999999,0.2230143225,0.74963835
telephone_mixed_dev_v1,mixed_0343__telephone8k,0.4333087185762303,0.10946952894348855,0.1732028801481389,0.9490734,0.9440576,-0.74622855,0.31307039999999997,0.15786111
telephone_mixed_dev_v1,mixed_0344__telephone8k,0.9765387463843048,0.9674555335835793,0.021021448338220932,0.9023362,0.7122412,0.7499997,0.4524434625,0.74998455
telephone_mixed_dev_v1,mixed_0345__telephone8k,0.9719511132613147,0.9495666252040674,0.2470009961069853,0.8975282,0.81424063,0.7499975249999999,0.720309075,0.749999025
telephone_mixed_dev_v1,mixed_0346__telephone8k,0.9582798704037204,0.8825995656850009,0.7535641267290775,0.94645303,0.7571946,0.58417215,0.391074975,0.748617525
telephone_mixed_dev_v1,mixed_0347__telephone8k,0.9622109128828078,0.9251410543491018,0.23227492635169,0.94072926,0.9285125,-0.081632037,0.11439643499999999,0.5066092875
telephone_mixed_dev_v1,mixed_0348__telephone8k,0.7557127999279236,0.7741605496787668,0.02778675156010061,0.8760698,0.77458036,-0.5485892625,-0.6250955250000001,0.16596908249999998
telephone_mixed_dev_v1,mixed_0349__telephone8k,0.9975914270977578,0.9973431964362853,0.12286837978701498,0.90578616,0.90678054,0.7499091,-0.032184405,0.7499883
telephone_mixed_dev_v1,mixed_0350__telephone8k,0.9919137320466782,0.9720686474571257,0.8890169661574724,0.85926265,0.8093275,0.749956995,0.692458725,0.74999298
telephone_mixed_dev_v1,mixed_0351__telephone8k,0.9400150158726595,0.7751601142681277,0.8096487988194637,0.91249174,0.9389134,-0.744319275,-0.6080733225,-0.7450522199999999
telephone_mixed_dev_v1,mixed_0352__telephone8k,0.9860800150764979,0.9940577757483313,0.8198990754070514,0.87954575,0.8563709,0.74999985,-0.3761683275,0.74999835
telephone_mixed_dev_v1,mixed_0353__telephone8k,0.7312863503410424,0.9048013348135591,0.028951134000060687,0.6980009,0.59919894,0.7499968275,0.7184262,0.749993025
telephone_mixed_dev_v1,mixed_0354__telephone8k,0.985303716039326,0.941597192885077,0.9523422074956133,0.9307743,0.8270439,0.74999565,0.692459325,0.74998875
telephone_mixed_dev_v1,mixed_0355__telephone8k,0.9344415032859399,0.7906753956494156,0.8339612900580688,0.9463944,0.9399875,0.6899581275,0.72260463,0.7493952
telephone_mixed_dev_v1,mixed_0356__telephone8k,0.9770630379325169,0.9768170785237694,0.8785411498093636,0.8387368,0.86798453,0.749899125,-0.2583802125,0.7499583750000001
telephone_mixed_dev_v1,mixed_0357__telephone8k,0.9434571985857071,0.8733301238458892,0.6620702470768894,0.9123541,0.8214883,0.7499167200000001,0.7499960625000001,0.749957925
telephone_mixed_dev_v1,mixed_0358__telephone8k,0.9773012449008963,0.6611234088724572,0.9674124244022572,0.93742263,0.7789554,-0.7452852750000001,0.748735695,0.33885815249999995
telephone_mixed_dev_v1,mixed_0359__telephone8k,0.9404105118686402,0.6683084708657435,0.833503427849511,0.9320658,0.9115778,0.748804095,-0.0784534575,0.74995245
telephone_mixed_dev_v1,mixed_0360__telephone8k,0.9874062347711567,0.9582047227601426,0.9158029079125806,0.91935503,0.86229575,0.748096395,0.2037174375,0.65378685
telephone_mixed_dev_v1,mixed_0361__telephone8k,0.991567786388384,0.9688209098336493,0.9303624103176573,0.8822153,0.8526174,0.7499915475,0.1687113975,0.74999655
telephone_mixed_dev_v1,mixed_0362__telephone8k,0.9675262031750038,0.8487670165875227,0.9386879236500205,0.92719966,0.679047,0.74999985,0.7499433,0.749999925
telephone_mixed_dev_v1,mixed_0363__telephone8k,0.9986186315959745,0.9973179396988358,0.7706458923361312,0.8815278,0.8613028,0.7499865,0.57692067,0.74999763
telephone_mixed_dev_v1,mixed_0364__telephone8k,0.8155193940867097,0.6976143763695842,0.5350246934035564,0.96959186,0.442347,0.58962945,0.23377615499999999,0.0043981173
telephone_mixed_dev_v1,mixed_0365__telephone8k,0.987816444885119,0.9687018756847527,0.8505697356876468,0.91678005,0.8978693,0.7499663249999999,0.1197959475,0.749993475
telephone_mixed_dev_v1,mixed_0366__telephone8k,0.9966234009876929,0.9795002537939088,0.9597288953900962,0.8882588,0.8980158,0.635804025,0.75,0.74999985
telephone_mixed_dev_v1,mixed_0367__telephone8k,0.9856665604920231,0.9607746176836125,0.6923384299463476,0.8869646,0.7445658,0.74999985,0.6367665225,0.7499992875
telephone_mixed_dev_v1,mixed_0368__telephone8k,0.9980556631138786,0.9939266897913217,0.9207512057032146,0.90954566,0.8160718,0.6124942725,0.35221173,0.6505346625
telephone_mixed_dev_v1,mixed_0369__telephone8k,0.9428167760836418,0.5830937326383123,0.81591434280088,0.93613213,0.88478076,0.72067065,0.6435326625,0.7480423875
telephone_mixed_dev_v1,mixed_0370__telephone8k,0.9922249104545475,0.8810954278847993,0.9730851452240805,0.9269464,0.6413793,-0.059271735,0.74999295,0.7493586375
telephone_mixed_dev_v1,mixed_0371__telephone8k,0.901710100517648,0.139803880020941,0.9781142392226905,0.8266316,0.427109,0.723328275,0.7499668724999999,0.74994315
telephone_mixed_dev_v1,mixed_0372__telephone8k,0.9752563174199124,0.7965800582220627,0.9226506073472024,0.7696787,0.9528853,-0.720300525,0.71358,0.6389318700000001
telephone_mixed_dev_v1,mixed_0373__telephone8k,0.9730395960571795,0.9786708050733155,0.8876620274847309,0.8999315,0.82987237,0.7498605,0.0722752845,0.7499534250000001
telephone_mixed_dev_v1,mixed_0374__telephone8k,0.9666056601013443,0.9405275644344314,0.6184489243848575,0.9219834,0.6159357,0.747679395,0.32602461000000005,0.74511945
telephone_mixed_dev_v1,mixed_0375__telephone8k,0.9831765973267022,0.7599801689312838,0.9077730491330296,0.920172,0.8820595,-0.520046625,-0.5749294500000001,0.521342445
telephone_mixed_dev_v1,mixed_0376__telephone8k,0.7810972660359323,0.03234446831119093,0.7094958196141452,0.9151491,0.7851855,0.749999955,0.749988525,0.749999955
telephone_mixed_dev_v1,mixed_0377__telephone8k,0.9910192918839075,0.9799754314632492,0.4977706582929081,0.8849342,0.8097133,0.5161533524999999,0.1437450225,0.7023913275
telephone_mixed_dev_v1,mixed_0378__telephone8k,0.9894591098564518,0.9437815217314408,0.9317621093741051,0.9396085,0.89019996,0.749831025,0.26914894500000003,0.749992725
telephone_mixed_dev_v1,mixed_0379__telephone8k,0.9938908481465445,0.967170604262911,0.978241290655193,0.8899359,0.7537463,0.74999817,0.74911365,0.7499996250000001
telephone_mixed_dev_v1,mixed_0380__telephone8k,0.9970086845106991,0.9856669003300952,0.971314536905687,0.70971143,0.67687935,0.749992575,0.7499412750000001,0.749999925
telephone_mixed_dev_v1,mixed_0381__telephone8k,0.9750839532171937,0.9351618101801862,0.7936440924225933,0.9316532,0.65259576,0.740573955,0.749998725,0.749999925
telephone_mixed_dev_v1,mixed_0382__telephone8k,0.7056589654295939,0.023477697924334774,0.897019416382301,0.92694974,0.899134,-0.7299171375,0.744143775,0.53173935
telephone_mixed_dev_v1,mixed_0383__telephone8k,0.9983685038265248,0.9948361247153839,0.937662306642503,0.906351,0.8669412,0.74990952,0.199520565,0.7499966250000001
telephone_mixed_dev_v1,mixed_0384__telephone8k,0.9867579074234383,0.9653040248246911,0.7292974147293102,0.91630775,0.88076645,0.74623503,0.40142422499999997,0.748797825
telephone_mixed_dev_v1,mixed_0385__telephone8k,0.9997618849602737,0.9995763115824898,0.7906830190464234,0.8958164,0.5639941,0.74999817,0.744698775,0.74999982
telephone_mixed_dev_v1,mixed_0386__telephone8k,0.9909209097638273,0.9444610388546091,0.9131826584450901,0.9016259,0.8680774,0.5808126,0.24129047250000002,0.74954268
telephone_mixed_dev_v1,mixed_0387__telephone8k,0.9015403975861705,0.22400624153734858,0.9279955127805402,0.9223967,0.70673,-0.7045935,0.7499646375,0.7080387
telephone_mixed_dev_v1,mixed_0388__telephone8k,0.955801567119599,0.9410662603638449,0.8917497565929771,0.87273824,0.926509,0.58942728,0.7324162875,0.7495167
telephone_mixed_dev_v1,mixed_0389__telephone8k,0.9934093750781675,0.9817832403351735,0.8898137469606624,0.89748985,0.47550312,0.7499628,0.37165984500000004,0.7499940975
telephone_mixed_dev_v1,mixed_0390__telephone8k,0.9856674422554434,0.9629688565075054,0.8553272886532323,0.85455763,0.7845544,0.749999955,0.748984125,0.7499996250000001
telephone_mixed_dev_v1,mixed_0391__telephone8k,0.9854434748146587,0.9261539422082369,0.960130398251436,0.91712165,0.80403614,0.74996175,0.30636294,0.749997825
telephone_mixed_dev_v1,mixed_0392__telephone8k,0.999125125020795,0.9981312322719019,0.8702304305057652,0.8847211,0.9036569,0.74999925,0.7112040375,0.7499997
telephone_mixed_dev_v1,mixed_0393__telephone8k,0.9930540472946269,0.8293129269852245,0.9623001491601144,0.93834674,0.87680286,-0.644266875,0.64157025,0.749870475
telephone_mixed_dev_v1,mixed_0394__telephone8k,0.9531052701852398,0.919400139279828,0.8879739260735002,0.88331234,0.9002558,0.749988675,0.38313345,0.7499646
telephone_mixed_dev_v1,mixed_0395__telephone8k,0.8307779080312838,0.6418610017412583,0.5318938052470118,0.91942406,0.8928416,0.629436225,-0.22305717000000003,0.20213306250000002
telephone_mixed_dev_v1,mixed_0396__telephone8k,0.9714074636795956,0.9457031579932644,0.9274494250153497,0.6859859,0.8968872,0.72133095,0.5374721250000001,0.749532975
telephone_mixed_dev_v1,mixed_0397__telephone8k,0.953768801212474,0.695450068526664,0.9182913153270064,0.9320416,0.87949157,-0.7207341525000001,0.47077634999999995,0.32485581
telephone_mixed_dev_v1,mixed_0398__telephone8k,0.9963374006830461,0.9798974484676236,0.9359291964855653,0.92345345,0.8259335,-0.1167444075,0.704031495,0.7497546225
telephone_mixed_dev_v1,mixed_0399__telephone8k,0.9900382555230682,0.9949175897952163,0.9249021599448572,0.8317947,0.8915303,0.749954355,0.34128717750000004,0.749995755
telephone_mixed_dev_v1,sdxmix_0000__telephone8k,0.9444537839635421,0.9584302065467615,0.5628665427891021,0.639746,0.4438361,-0.05036486700000001,0.7499916,0.74990268
telephone_mixed_dev_v1,sdxmix_0001__telephone8k,0.08152636615041288,0.004857268749695098,0.09845049394057966,0.8431515,0.9337976,0.72635715,0.74999985,0.749909205
telephone_mixed_dev_v1,sdxmix_0002__telephone8k,0.3874138392341472,0.0006700268104365224,0.42256827289189236,0.9220826,0.9287242,0.749853525,0.749972325,0.7499480249999999
telephone_mixed_dev_v1,sdxmix_0003__telephone8k,0.9094134717879814,0.4990245367132139,0.927713872156893,0.79120046,0.4198801,0.6984026249999999,0.603144495,0.7499214974999999
telephone_mixed_dev_v1,sdxmix_0004__telephone8k,0.6700208956901743,0.9209782619008898,0.06787813715250275,0.6840523,0.89597833,0.7499979,0.74997135,0.7499947275
telephone_mixed_dev_v1,sdxmix_0005__telephone8k,0.08761913390651808,0.002558167302630546,0.03729537571209709,0.78182364,0.9417963,0.6983567475,0.7499985,0.749973525
telephone_mixed_dev_v1,sdxmix_0006__telephone8k,0.9639204148209445,0.998398566039609,0.3667260964733445,0.8376479,0.93579125,0.749999955,0.749879655,0.749999925
telephone_mixed_dev_v1,sdxmix_0007__telephone8k,0.20281476204142962,0.0021258200691637256,0.10276492153520517,0.87336826,0.93457055,0.7495417875,0.74999973,0.749997075
telephone_mixed_dev_v1,sdxmix_0008__telephone8k,0.5703930985198994,0.007523951483002204,0.7621373070048119,0.9022673,0.5594049,0.279787275,0.745993425,0.739282605
telephone_mixed_dev_v1,sdxmix_0009__telephone8k,0.15794757611776317,0.9133222139618921,0.0029796314575682107,0.84112024,0.9179488,0.74986893,0.74999715,0.74999925
telephone_mixed_dev_v1,sdxmix_0010__telephone8k,0.9135699097839945,0.9933720563680789,0.7038571636485051,0.8573441,0.89954424,0.749292225,0.74990355,0.7499940975
telephone_mixed_dev_v1,sdxmix_0011__telephone8k,0.0938042105481175,0.006514566490404848,0.04918225756533495,0.88053066,0.94365436,0.75,0.73368495,0.749996925
telephone_mixed_dev_v1,sdxmix_0012__telephone8k,0.952622114016905,0.9977622231360783,0.7232367847731034,0.6492264,0.9194114,0.7492167000000001,0.749996475,0.7499946
telephone_mixed_dev_v1,sdxmix_0013__telephone8k,0.12538047966880897,0.027400789810925006,0.2831536088551046,0.7994004,0.4078408,0.7499953500000001,0.749990625,0.749998725
telephone_mixed_dev_v1,sdxmix_0014__telephone8k,0.4833928214170573,0.0024243941995148732,0.5486477341664385,0.9560554,0.4361698,0.74999973,0.749999955,0.74999985
telephone_mixed_dev_v1,sdxmix_0015__telephone8k,0.03592171321779181,0.002726142581064393,0.47931022517507693,0.955598,0.43353078,0.7487010000000001,0.7484411025,0.74991
telephone_mixed_dev_v1,sdxmix_0016__telephone8k,0.1125753548984005,0.0018787808828398388,0.14746089992050876,0.9123877,0.9228815,0.74994165,0.74999835,0.74999985
telephone_mixed_dev_v1,sdxmix_0017__telephone8k,0.4125481879011427,0.01864675139161058,0.48501847755730954,0.948004,0.8890334,0.749998125,0.7499832375000001,0.74999808
telephone_mixed_dev_v1,sdxmix_0018__telephone8k,0.3937613748783789,0.9957974870376053,0.018979079319220615,0.76426256,0.9257603,0.74748885,0.7499692874999999,0.7497360225
telephone_mixed_dev_v1,sdxmix_0019__telephone8k,0.4748090368361037,0.9759550499143599,0.05288054006312298,0.7402867,0.887078,0.749993205,0.7494241725,0.749993475
telephone_mixed_dev_v1,sdxmix_0020__telephone8k,0.29537521763455316,0.0046889825258503845,0.05007957961114815,0.68056405,0.92657584,0.75,0.7320702375,0.749999925
telephone_mixed_dev_v1,sdxmix_0021__telephone8k,0.4897509038977904,0.027628966020768732,0.28511232872899783,0.7983076,0.93682456,0.748853355,0.6887369624999999,0.749973675
telephone_mixed_dev_v1,sdxmix_0022__telephone8k,0.05804163360925599,0.06205082590329553,0.02865258353530158,0.5471452,0.9556121,0.749882925,0.73342455,0.749926275
telephone_mixed_dev_v1,sdxmix_0023__telephone8k,0.19948885136622466,0.0023192556766591,0.20004536536015755,0.91480935,0.87261796,0.74999985,0.7498588500000001,0.749999925
telephone_mixed_dev_v1,sdxmix_0024__telephone8k,0.3508372760845847,0.569820735093234,0.06953397015910337,0.6443769,0.95949394,-0.7499894475,0.75,0.7485948
telephone_mixed_dev_v1,sdxmix_0025__telephone8k,0.8953624834059581,0.980703603632423,0.6978428658371458,0.7305484,0.9646149,0.748157625,0.75,0.75
telephone_mixed_dev_v1,sdxmix_0026__telephone8k,0.6882414110063222,0.8194919017141861,0.3744387923169776,0.758554,0.93369156,0.749999955,0.749924025,0.74999985
telephone_mixed_dev_v1,sdxmix_0027__telephone8k,0.5608140723255083,0.005611589653050891,0.5373176242210853,0.7643225,0.9319548,0.7499257500000001,0.75,0.75
telephone_mixed_dev_v1,sdxmix_0028__telephone8k,0.9454823617411416,0.9990188043538791,0.5126477054571569,0.76972467,0.9569905,0.749810775,0.743195325,0.74999985
telephone_mixed_dev_v1,sdxmix_0029__telephone8k,0.2787008967674414,0.21516632292630003,0.08782639966009796,0.76316667,0.9502246,0.74825688,0.74974875,0.74862045
telephone_mixed_dev_v1,sdxmix_0030__telephone8k,0.865048496950071,0.027534906042832367,0.7851576924037279,0.69518167,0.95389414,0.75,0.75,0.75
telephone_mixed_dev_v1,sdxmix_0031__telephone8k,0.7080449181290441,0.937375012391888,0.23365485492405574,0.8017862,0.9451484,0.74987265,0.74826375,0.75
telephone_mixed_dev_v1,sdxmix_0032__telephone8k,0.21847231081149351,0.007493099724603985,0.09069163225086571,0.73020566,0.9409235,0.74999982,0.749994975,0.749999925
telephone_mixed_dev_v1,sdxmix_0033__telephone8k,0.2287602540558944,0.0003409370193765192,0.045619045119458225,0.8554922,0.9213912,0.749999925,0.75,0.75
telephone_mixed_dev_v1,sdxmix_0034__telephone8k,0.5760565749020694,0.8771974354023864,0.16967517212509095,0.65644467,0.9726087,0.7499961975,0.75,0.75
telephone_mixed_dev_v1,sdxmix_0035__telephone8k,0.04170468064746905,0.00431141181279866,0.026577875341212944,0.799122,0.97251374,0.74999985,0.749999775,0.75
telephone_mixed_dev_v1,sdxmix_0036__telephone8k,0.7370927298987794,0.004063142756283436,0.7128405737853195,0.8003501,0.8546772,0.75,0.75,0.75
telephone_mixed_dev_v1,sdxmix_0037__telephone8k,0.9439480714507029,0.7164260776167768,0.9152702109015032,0.93879414,0.92954147,0.749999175,0.749999955,0.749999925
telephone_mixed_dev_v1,sdxmix_0038__telephone8k,0.6707880742117223,0.016709159651743265,0.39999011450152966,0.8240736,0.945294,0.75,0.75,0.749999955
telephone_mixed_dev_v1,sdxmix_0039__telephone8k,0.7097808712118927,0.0009472750684833121,0.7896135531466929,0.871676,0.9262517,0.75,0.75,0.75
telephone_mixed_dev_v1,sdxmix_0040__telephone8k,0.7190736280695915,0.08225704490093823,0.6816177322877793,0.9141247,0.92268133,0.749833125,0.75,0.75
telephone_mixed_dev_v1,sdxmix_0041__telephone8k,0.5484537324847248,0.004382361624413158,0.5604750039788378,0.7170847,0.93004644,0.75,0.75,0.75
telephone_mixed_dev_v1,sdxmix_0042__telephone8k,0.60954509542858,0.0038658508119557232,0.5771726523639608,0.9337008,0.9516324,0.749999775,0.75,0.75
telephone_mixed_dev_v1,sdxmix_0043__telephone8k,0.8817363670469778,0.8242213761644847,0.4391558589014265,0.7551879,0.9551877,0.7499962875,0.74759553,0.74999982
telephone_mixed_dev_v1,sdxmix_0044__telephone8k,0.5716740183427766,0.23537270433907345,0.4155951942578748,0.9042752,0.9456906,0.7499996250000001,0.749999955,0.749999775
telephone_mixed_dev_v1,sdxmix_0045__telephone8k,0.366994893716469,0.0005665543813729485,0.2099305095982627,0.885479,0.9622433,0.7499955300000001,0.7497062999999999,0.749999955
telephone_mixed_dev_v1,sdxmix_0046__telephone8k,0.7363768110834529,0.05208679577854138,0.3062396780321205,0.7672538,0.9224623,0.749999925,0.7499997,0.749999955
telephone_mixed_dev_v1,sdxmix_0047__telephone8k,0.4883134958117906,0.008493342940468912,0.2685132216744988,0.86801517,0.92495966,0.75,0.7499690625,0.749999955
telephone_mixed_dev_v1,sdxmix_0048__telephone8k,0.850712169951715,0.013168685035470164,0.8530800022316242,0.9270405,0.9588526,0.74999973,0.75,0.75
telephone_mixed_dev_v1,sdxmix_0049__telephone8k,0.5997586446103752,0.4645339244009912,0.18849945478825106,0.6638101,0.94383943,-0.4394982,0.75,0.74996553
telephone_mixed_dev_v1,sdxmix_0050__telephone8k,0.39412671152746115,0.9938050532062049,0.005022260588219367,0.6385308,0.92110515,0.74999985,0.74042535,0.7499988
telephone_mixed_dev_v1,sdxmix_0051__telephone8k,0.9102164584527933,0.9963458599260099,0.181359788555614,0.7068307,0.93355167,0.74999925,0.74999475,0.74999982
telephone_mixed_dev_v1,sdxmix_0052__telephone8k,0.9997829621272274,0.9997668333080717,0.21491247303458855,0.9158995,0.8813281,0.749996175,0.7499973,0.74999985
telephone_mixed_dev_v1,sdxmix_0053__telephone8k,0.8458018889179327,0.8890254781954912,0.38980432984020286,0.56036437,0.7057082,0.7499962875,0.7499913,0.74999955
telephone_mixed_dev_v1,sdxmix_0054__telephone8k,0.987089901177768,0.9998225358292682,0.8049184802287244,0.7776684,0.93204975,0.563059425,0.7499899875,0.749986425
telephone_mixed_dev_v1,sdxmix_0055__telephone8k,0.9990202708152617,0.9979428323058326,0.474802537073059,0.93244374,0.91362363,-0.43866075,0.7499512724999999,0.7498567275
telephone_mixed_dev_v1,sdxmix_0056__telephone8k,0.8764305492805653,0.9998621840539429,0.00359980910886851,0.77425736,0.82118994,0.63307272,0.72030555,0.749977605
telephone_mixed_dev_v1,sdxmix_0057__telephone8k,0.9954857380682173,0.9997462908357134,0.03173000142643278,0.915033,0.9032511,0.749999775,0.749998875,0.7499986125
telephone_mixed_dev_v1,sdxmix_0058__telephone8k,0.9998364903105638,0.9998694258322549,0.11754301149176888,0.9431066,0.96518373,0.7498289250000001,0.74999685,0.7499988
telephone_mixed_dev_v1,sdxmix_0059__telephone8k,0.5429338294769062,0.9980796108548458,0.13607071063671067,0.45996892,0.9457221,0.749068725,0.7499720249999999,0.7499997
telephone_mixed_dev_v1,sdxmix_0060__telephone8k,0.9641433072211201,0.999928763476773,0.18195609186713432,0.81171614,0.872415,0.746213475,0.75,0.749999925
telephone_mixed_dev_v1,sdxmix_0061__telephone8k,0.9987452695772729,0.9994342704559478,0.13047938078565458,0.8960686,0.9122212,0.7448670749999999,0.4196316,0.7499587799999999
telephone_mixed_dev_v1,sdxmix_0062__telephone8k,0.8872158632324468,0.9970739961240567,0.09384457778077947,0.5338619,0.9439299,0.74980215,0.74741445,0.74999745
telephone_mixed_dev_v1,sdxmix_0063__telephone8k,0.9950898643887147,0.9943407763686175,0.080765925155695,0.9176973,0.94926596,0.745675275,0.7499042025,0.749997975
telephone_mixed_dev_v1,sdxmix_0064__telephone8k,0.9998735538244717,0.9998877789699468,0.20775680651750825,0.910923,0.8800114,0.74999985,0.74999835,0.749999925
telephone_mixed_dev_v1,sdxmix_0065__telephone8k,0.23389031710701766,0.0076438807786939926,0.06099217872251451,0.66172975,0.9230859,0.74999982,0.7435384275,0.74999955
telephone_mixed_dev_v1,sdxmix_0066__telephone8k,0.964990604729325,0.9999247022577284,0.05327879292795053,0.80297506,0.9240728,0.749637675,0.75,0.749999925
telephone_mixed_dev_v1,sdxmix_0067__telephone8k,0.9907391508525353,0.9627897314886968,0.8956781036981503,0.8322277,0.41146216,0.74764155,0.670300755,0.749981925
telephone_mixed_dev_v1,sdxmix_0068__telephone8k,0.8249739754481192,0.9563155609965323,0.1715933347870827,0.12992634,0.9657615,0.745809405,0.0039991593,0.748249995
telephone_mixed_dev_v1,sdxmix_0069__telephone8k,0.4979685401721106,0.8085287071070544,0.014927871126601112,0.74601936,0.86344784,0.749999775,0.7499915475,0.749999925
telephone_mixed_dev_v1,sdxmix_0070__telephone8k,0.9999855778163921,0.9999874168553778,0.6183548957175491,0.9161687,0.82274044,0.7499357624999999,0.7499083125,0.7499983875
telephone_mixed_dev_v1,sdxmix_0071__telephone8k,0.5252430426624821,0.405551268774608,0.017838251861060986,0.8139456,0.91963196,0.749943225,0.7497229725,0.74999865
telephone_mixed_dev_v1,sdxmix_0072__telephone8k,0.9999059602942642,0.9999179542099403,0.3750219500390698,0.9283236,0.93128115,0.7499288775,0.749996925,0.749997975
telephone_mixed_dev_v1,sdxmix_0073__telephone8k,0.9997641891606648,0.9997909870870278,0.1971980294887112,0.93004936,0.8922466,0.607580175,0.74473155,0.7499038499999999
telephone_mixed_dev_v1,sdxmix_0074__telephone8k,0.10393945566752888,0.28468719423045463,0.02469335956007245,0.60302436,0.9486887,-0.7487343750000001,0.70533795,0.6997221225
telephone_mixed_dev_v1,sdxmix_0075__telephone8k,0.9927411529261914,0.9997545718969224,0.8887255566068653,0.71945775,0.9348203,0.7499996250000001,0.75,0.75
telephone_mixed_dev_v1,sdxmix_0076__telephone8k,0.8189323953036415,0.9885125894514928,0.08999625393994128,0.7817523,0.93161285,0.74999835,0.7377714750000001,0.7499997
telephone_mixed_dev_v1,sdxmix_0077__telephone8k,0.9649093364881512,0.9983035101737391,0.5419775391945444,0.8655228,0.93699586,0.74998545,0.75,0.75
telephone_mixed_dev_v1,sdxmix_0078__telephone8k,0.9238905668993667,0.9944069191607916,0.6611381167228124,0.8061781,0.95122504,0.749973375,0.75,0.75
telephone_mixed_dev_v1,sdxmix_0079__telephone8k,0.9538314226421413,0.9960330704149651,0.561458374487879,0.86279935,0.9628429,0.7499622225,0.7499176125,0.749999925
telephone_mixed_dev_v1,sdxmix_0080__telephone8k,0.9935434713089576,0.9995158972284466,0.9304763315512482,0.77071065,0.88615143,0.749999955,0.74999985,0.75
telephone_mixed_dev_v1,sdxmix_0081__telephone8k,0.916546920230378,0.937153522539299,0.7029033779576358,0.6928741,0.97240305,0.749948475,0.749997975,0.75
telephone_mixed_dev_v1,sdxmix_0082__telephone8k,0.989994358394277,0.9998541394225438,0.7729036053737769,0.8223682,0.9514174,0.749999925,0.75,0.75
telephone_mixed_dev_v1,sdxmix_0083__telephone8k,0.9425765739487798,0.9195057611933104,0.21095830109621586,0.958783,0.7396532,0.749734125,0.749916225,0.749999775
telephone_mixed_dev_v1,sdxmix_0084__telephone8k,0.9492510360871477,0.9497473909754331,0.8539877047918072,0.6631294,0.9679358,0.749999955,0.749999955,0.75
telephone_mixed_dev_v1,sdxmix_0085__telephone8k,0.8525692194429428,0.9898619078264005,0.018775951184372048,0.65121514,0.9485949,0.75,0.75,0.75
telephone_mixed_dev_v1,sdxmix_0086__telephone8k,0.9997790847974382,0.9997750526564376,0.29422009919807474,0.9356876,0.9385752,0.749963775,0.7492688775,0.749999595
telephone_mixed_dev_v1,sdxmix_0087__telephone8k,0.9212315685116002,0.1949877597775336,0.8989200610380086,0.5650359,0.9710379,0.7499943,0.75,0.75
telephone_mixed_dev_v1,sdxmix_0088__telephone8k,0.8919575506809625,0.9895296554775411,0.4027267656495589,0.7321006,0.9784001,0.7499156250000001,0.7499577749999999,0.749999955
telephone_mixed_dev_v1,sdxmix_0089__telephone8k,0.9998324473809717,0.9995257445456883,0.47074657595561575,0.92436653,0.90876836,-0.39355489499999996,0.7494226125000001,0.749971725
telephone_mixed_dev_v1,sdxmix_0090__telephone8k,0.8995729796891984,0.9608266723892058,0.754067001417771,0.48756802,0.9596764,0.6924897,0.75,0.749999955
telephone_mixed_dev_v1,sdxmix_0091__telephone8k,0.9330879303534586,0.9071766160815509,0.8597027577996723,0.7057384,0.95347875,0.75,0.75,0.75
telephone_mixed_dev_v1,sdxmix_0092__telephone8k,0.9999758366098325,0.9999644842744988,0.8471152160037602,0.9279821,0.8798001,0.7499883,0.749999925,0.75
telephone_mixed_dev_v1,sdxmix_0093__telephone8k,0.951923094938253,0.9985554564723059,0.39740772131448554,0.45900327,0.96977556,0.7499232,0.75,0.749999955
telephone_mixed_dev_v1,sdxmix_0094__telephone8k,0.9998807683681966,0.9999208669294154,0.15070953189855754,0.94653046,0.93099445,0.7499988375,0.7499547,0.749999955
telephone_mixed_dev_v1,sdxmix_0095__telephone8k,0.8575539435308154,0.9957509203028994,0.11465706698831893,0.81392086,0.9740267,0.74990895,0.7497061199999999,0.749999955
telephone_mixed_dev_v1,sdxmix_0096__telephone8k,0.9485319835730572,0.9590485824025758,0.6867129809058804,0.3226426,0.95879143,0.74999973,0.75,0.75
telephone_mixed_dev_v1,sdxmix_0097__telephone8k,0.9715780782888639,0.9988529814525262,0.5202452847037997,0.8695679,0.95140356,0.7499853750000001,0.74999925,0.749999775
telephone_mixed_dev_v1,sdxmix_0098__telephone8k,0.9631949447770842,0.9998847567218746,0.3811773994529502,0.9014538,0.9277137,0.7497942,0.7499924025,0.74999955
telephone_mixed_dev_v1,sdxmix_0099__telephone8k,0.9946855049106824,0.9998926965428827,0.8925688026046101,0.66789687,0.9130133,0.75,0.749999925,0.75
telephone_mixed_dev_v1,sdxmix_0100__telephone8k,0.948400038378337,0.9506038648322367,0.1655036121694013,0.9199224,0.8798993,0.7499941875,-0.11125928999999998,0.749963625
telephone_mixed_dev_v1,sdxmix_0101__telephone8k,0.8868217016372887,0.43457177651311896,0.845231798543861,0.93965495,0.8763047,-0.5630737275,0.744184125,0.567137895
telephone_mixed_dev_v1,sdxmix_0102__telephone8k,0.6285090106268562,0.13214426260819492,0.36454469443149295,0.90835357,0.89719987,-0.7483932,0.6912789,-0.58263735
telephone_mixed_dev_v1,sdxmix_0103__telephone8k,0.35844400911418317,0.0016717477634110435,0.21414792128032079,0.92221826,0.8852985,-0.698824875,-0.6723234525,-0.449136345
telephone_mixed_dev_v1,sdxmix_0104__telephone8k,0.975297486375089,0.9675144005083287,0.4792226419909485,0.9356042,0.9317515,0.74999097,-0.17604359249999998,0.749990475
telephone_mixed_dev_v1,sdxmix_0105__telephone8k,0.4235683698527445,0.0487209096321268,0.5570178495925566,0.88801867,0.8766331,-0.744676875,0.6387035249999999,-0.1908959475
telephone_mixed_dev_v1,sdxmix_0106__telephone8k,0.3687174666418576,0.019434180483389515,0.3780590818938357,0.94407856,0.8796222,-0.72005925,0.42239902500000004,-0.340606905
telephone_mixed_dev_v1,sdxmix_0107__telephone8k,0.8553478343127774,0.7082773210967984,0.2017050525849513,0.93326527,0.94542783,0.74998677,-0.689566875,0.74986857
telephone_mixed_dev_v1,sdxmix_0108__telephone8k,0.9077768175607754,0.5217750331734502,0.8054212709235302,0.8996785,0.41621858,-0.73713747,0.659043975,0.581465625
telephone_mixed_dev_v1,sdxmix_0109__telephone8k,0.5534550664937529,0.0782382807426193,0.41735889369322815,0.93241066,0.9138165,0.1240367325,0.19383765000000003,-0.096278325
telephone_mixed_dev_v1,sdxmix_0110__telephone8k,0.9305909076470407,0.8094440085451462,0.7218797876763963,0.8847534,0.869264,0.69579063,0.571689975,0.6268269750000001
telephone_mixed_dev_v1,sdxmix_0111__telephone8k,0.8901099645858455,0.9085236744855866,0.12388585437831844,0.94024926,0.8697732,0.7499487225,-0.055265805,0.7495646775
telephone_mixed_dev_v1,sdxmix_0112__telephone8k,0.9535825946731191,0.8910885376881008,0.708176663200375,0.9152588,0.87681663,0.749984625,-0.359210325,0.7499261475000001
telephone_mixed_dev_v1,sdxmix_0113__telephone8k,0.20387086766340776,0.17102900828005801,0.14541529071393935,0.78994733,0.8431575,-0.7499994,-0.72132513,-0.749157375
telephone_mixed_dev_v1,sdxmix_0114__telephone8k,0.6378032358927159,0.33452280010284224,0.29833150621871724,0.930748,0.89048207,0.711151275,-0.594133575,0.6006210750000001
telephone_mixed_dev_v1,sdxmix_0115__telephone8k,0.9045942391070588,0.8520962340224173,0.18787653833823362,0.9110173,0.76498955,0.708245205,0.04132509,0.74157435
telephone_mixed_dev_v1,sdxmix_0116__telephone8k,0.21817372993221237,0.03972042037524503,0.07609536852496578,0.92316455,0.8669163,-0.460840425,-0.69555813,-0.7220763
telephone_mixed_dev_v1,sdxmix_0117__telephone8k,0.6855560781959434,0.08079722873994108,0.6867222416568841,0.94257146,0.90385336,0.08849641875,0.40276987499999994,0.21630576
telephone_mixed_dev_v1,sdxmix_0118__telephone8k,0.38182525219261204,0.4846013448658319,0.10374483158663292,0.95538443,0.8947501,-0.7489477275,-0.43163148749999997,-0.7491237000000001
telephone_mixed_dev_v1,sdxmix_0119__telephone8k,0.9238838443195299,0.7877836253849332,0.6189609140412047,0.85032755,0.4135003,0.401007075,0.7132549874999999,0.7409667225
telephone_mixed_dev_v1,sdxmix_0120__telephone8k,0.4566146594759883,0.051417462689135385,0.5268238134208384,0.9166086,0.4857658,-0.506265,0.33479369999999997,0.40076647499999996
telephone_mixed_dev_v1,sdxmix_0121__telephone8k,0.8965003780800277,0.4737420715227838,0.371000150746974,0.894366,0.8287494,0.749970075,-0.717708975,0.74973093
telephone_mixed_dev_v1,sdxmix_0122__telephone8k,0.8588859035864176,0.09072266312865905,0.2673855047875688,0.88966155,0.81240565,0.7499925000000001,-0.714789345,0.74968725
telephone_mixed_dev_v1,sdxmix_0123__telephone8k,0.9622599414796884,0.9114804053346943,0.604033518718829,0.8557284,0.7827706,0.749612175,0.727520805,0.749909295
telephone_mixed_dev_v1,sdxmix_0124__telephone8k,0.7568054790551969,0.7960155193172268,0.06512548821662531,0.92859274,0.91082025,0.65354205,-0.70524873,0.5105175375000001
telephone_mixed_dev_v1,sdxmix_0125__telephone8k,0.9728362649043465,0.5732828507846535,0.9537595035136108,0.9106564,0.8543662,-0.7499962875,0.74993895,0.735184725
telephone_mixed_dev_v1,sdxmix_0126__telephone8k,0.9819969234699862,0.8114563393828464,0.9211634792145835,0.92796123,0.8914842,-0.68638815,0.7499441625000001,0.7416414
telephone_mixed_dev_v1,sdxmix_0127__telephone8k,0.9920444695037723,0.9321765482702629,0.9687950431493272,0.89862746,0.74727577,0.7378878,0.74309568,0.7499874
telephone_mixed_dev_v1,sdxmix_0128__telephone8k,0.9532845569132924,0.6038144774692416,0.8638138823555583,0.8966539,0.8993745,-0.749710995,0.74948835,0.687072075
telephone_mixed_dev_v1,sdxmix_0129__telephone8k,0.9715031348396869,0.570856360605889,0.955710214617861,0.93602264,0.8946874,0.748015275,0.749873775,0.74999097
telephone_mixed_dev_v1,sdxmix_0130__telephone8k,0.709924943273129,0.6782844881039031,0.14365630064487125,0.8757774,0.85299706,-0.7326012000000001,-0.5633692125,-0.291781515
telephone_mixed_dev_v1,sdxmix_0131__telephone8k,0.8368194457501897,0.1396053265530027,0.811029008029664,0.9375964,0.888427,-0.749741775,0.7499871225,0.735057225
telephone_mixed_dev_v1,sdxmix_0132__telephone8k,0.8778680160565364,0.047994008943903814,0.9021481907956851,0.941939,0.8125638,-0.48782175000000005,0.749995845,0.74983455
telephone_mixed_dev_v1,sdxmix_0133__telephone8k,0.9670897928820749,0.17966903287941216,0.9618744269015688,0.9260775,0.81949073,0.749982975,0.6589358775,0.7499951699999999
telephone_mixed_dev_v1,sdxmix_0134__telephone8k,0.9862762019179936,0.9384213942023759,0.9454623622446564,0.9013272,0.7929504,0.7418913,0.749814375,0.749977575
telephone_mixed_dev_v1,sdxmix_0135__telephone8k,0.918490375039154,0.014462443304583522,0.9513906381209181,0.93923414,0.8001216,-0.749999925,0.7409471999999999,0.1497379425
telephone_mixed_dev_v1,sdxmix_0136__telephone8k,0.9799939322642256,0.8824959629296487,0.9701304113542593,0.91409236,0.80939424,0.749990025,0.749984175,0.74999985
telephone_mixed_dev_v1,sdxmix_0137__telephone8k,0.8804262423701679,0.5499521461583522,0.6718436380854849,0.91946554,0.91736317,-0.7483309499999999,0.7414187625,0.712381725
telephone_mixed_dev_v1,sdxmix_0138__telephone8k,0.9830141029509615,0.8320518149441352,0.969491343848459,0.90857965,0.8121219,0.7230736200000001,0.75,0.749999775
telephone_mixed_dev_v1,sdxmix_0139__telephone8k,0.6753330521255805,0.04022534586367935,0.545599997670728,0.90347624,0.8868146,0.7065842025,0.5981639249999999,0.74867535
telephone_mixed_dev_v1,sdxmix_0140__telephone8k,0.982548956818357,0.5253570517848561,0.9566030187574907,0.8994085,0.9055069,-0.74990778,0.7499985,0.7478343749999999
telephone_mixed_dev_v1,sdxmix_0141__telephone8k,0.9494158077377093,0.8034798984846859,0.8556752923224328,0.93641055,0.85683906,0.29109201,0.6483268875,0.7350530774999999
telephone_mixed_dev_v1,sdxmix_0142__telephone8k,0.9716644353373631,0.7533237069787532,0.9017202522882765,0.93463373,0.7995995,-0.1608348975,0.749985975,0.7497493500000001
telephone_mixed_dev_v1,sdxmix_0143__telephone8k,0.98384507212921,0.8243035130193282,0.959760505910017,0.9022205,0.89505035,-0.02287754025,0.74973522,0.7497204225
telephone_mixed_dev_v1,sdxmix_0144__telephone8k,0.9920943379938038,0.946221157631467,0.9612001293245976,0.9195074,0.8384763,0.7498363875,0.7494615,0.7499975249999999
telephone_mixed_dev_v1,sdxmix_0145__telephone8k,0.9402611648375075,0.10793536609476802,0.9206194917959394,0.91638637,0.85981756,0.7496688375,0.7488897,0.7499896724999999
telephone_mixed_dev_v1,sdxmix_0146__telephone8k,0.9802159894540595,0.9650889160829988,0.6098123130029152,0.92379403,0.86711484,0.74794887,0.434281275,0.7493899500000001
telephone_mixed_dev_v1,sdxmix_0147__telephone8k,0.9478279563680669,0.2582303426207263,0.9432620389160222,0.8968954,0.83642715,-0.749999925,0.74998515,0.70378518
telephone_mixed_dev_v1,sdxmix_0148__telephone8k,0.4914523298262475,0.00271785130333435,0.5449180869821144,0.89675146,0.88765067,-0.748962255,0.5470881,0.2709648225
telephone_mixed_dev_v1,sdxmix_0149__telephone8k,0.9898784483289291,0.9703218402475576,0.8617874493339549,0.89992726,0.8451432,0.749407455,0.749946825,0.749998275
telephone_mixed_dev_v1,sdxmix_0150__telephone8k,0.9151868058775569,0.7456045555613744,0.4268535281042182,0.893129,0.8813609,-0.725782575,-0.411147675,0.7472553
telephone_mixed_dev_v1,sdxmix_0151__telephone8k,0.7471304916735646,0.7077573909024766,0.36405628026826287,0.9367477,0.85457367,-0.7456670999999999,-0.2331303,-0.27654532499999995
telephone_mixed_dev_v1,sdxmix_0152__telephone8k,0.9985727280609484,0.9969020225575074,0.7916446325158331,0.9032911,0.8634115,0.749703255,-0.1277213025,0.749997945
telephone_mixed_dev_v1,sdxmix_0153__telephone8k,0.9996390525818731,0.9995934103818401,0.21273429378836745,0.88987803,0.916127,0.6300047625,-0.19788703500000002,0.7498824749999999
telephone_mixed_dev_v1,sdxmix_0154__telephone8k,0.9825743300921034,0.9710760618133659,0.4920843575556937,0.883883,0.8986287,0.749999175,0.5850403875000001,0.7499993775
telephone_mixed_dev_v1,sdxmix_0155__telephone8k,0.9641322794952734,0.9774767129409896,0.7710642283645691,0.77913713,0.7975272,0.74999715,-0.238507995,0.74999595
telephone_mixed_dev_v1,sdxmix_0156__telephone8k,0.9767847952613925,0.9691518964336596,0.1562412963144829,0.9132438,0.83708537,0.7440508125,-0.6769743975,0.749570445
telephone_mixed_dev_v1,sdxmix_0157__telephone8k,0.9471967130867519,0.7749186907337774,0.6708322591654995,0.9373028,0.8679838,-0.07249836,0.34643161499999997,0.7420324500000001
telephone_mixed_dev_v1,sdxmix_0158__telephone8k,0.9871403987237246,0.9760777701797807,0.48299091074232,0.90902835,0.8246279,0.67329642,-0.67481835,0.7487235
telephone_mixed_dev_v1,sdxmix_0159__telephone8k,0.9657905412007841,0.9713127876574614,0.12361129992733906,0.75636977,0.90134394,0.74999175,-0.44644475250000004,0.749993175
telephone_mixed_dev_v1,sdxmix_0160__telephone8k,0.989191500033363,0.9919775903779726,0.06928425504027129,0.90281385,0.9138405,0.701892075,-0.746338695,0.74289345
telephone_mixed_dev_v1,sdxmix_0161__telephone8k,0.9029099575539529,0.889057301128738,0.09742891975761911,0.9061426,0.736937,0.14335161,-0.674741955,0.6432119625
telephone_mixed_dev_v1,sdxmix_0162__telephone8k,0.9747477367981972,0.9665933054655824,0.4547101437436376,0.9257873,0.83492196,0.749793825,-0.40991159999999993,0.7499916375
telephone_mixed_dev_v1,sdxmix_0163__telephone8k,0.9751065561185924,0.966449905603549,0.0719519251218316,0.8901974,0.79043454,0.7498862775,-0.741048825,0.7499695125
telephone_mixed_dev_v1,sdxmix_0164__telephone8k,0.9933162024852539,0.9808662120612051,0.8784756481588395,0.9333323,0.75327843,0.7498057499999999,0.4195067025,0.749993325
telephone_mixed_dev_v1,sdxmix_0165__telephone8k,0.983330638747272,0.9727655035592302,0.07641594937052998,0.8746626,0.8242635,0.7499996250000001,-0.7252289475,0.749993325
telephone_mixed_dev_v1,sdxmix_0166__telephone8k,0.9034527181280051,0.861935361230464,0.28871550736143253,0.91948926,0.9386437,-0.501517125,-0.386009925,-0.2312025525
telephone_mixed_dev_v1,sdxmix_0167__telephone8k,0.9944729600079926,0.9961790747352627,0.08907829328104676,0.8914885,0.8929201,0.7498552949999999,-0.62104635,0.749930325
telephone_mixed_dev_v1,sdxmix_0168__telephone8k,0.9675691973178508,0.9208880364696769,0.15825965081429602,0.8961695,0.86727947,0.1303918125,-0.45621465,0.74755755
telephone_mixed_dev_v1,sdxmix_0169__telephone8k,0.9819040236583654,0.970002663066745,0.4592373980666041,0.8937035,0.85042804,0.7488507,-0.659222325,0.749368695
telephone_mixed_dev_v1,sdxmix_0170__telephone8k,0.9928173153970062,0.9863257244487802,0.6789375130976518,0.8748915,0.8822118,0.7499421749999999,0.22070355000000003,0.7499796750000001
telephone_mixed_dev_v1,sdxmix_0171__telephone8k,0.9984215487237424,0.998317690716153,0.04582125437090992,0.9054261,0.913957,0.69014253,-0.7417712475,0.747953475
telephone_mixed_dev_v1,sdxmix_0172__telephone8k,0.9718368585022911,0.7396601693302478,0.8835791152276865,0.9175523,0.7421046,0.3467583525,-0.1018114575,0.74946045
telephone_mixed_dev_v1,sdxmix_0173__telephone8k,0.9753821392516817,0.9574039074147473,0.07749770745256855,0.89395976,0.8205024,0.7499949,-0.7174300275,0.7499930699999999
telephone_mixed_dev_v1,sdxmix_0174__telephone8k,0.999062750024246,0.9989933442663556,0.32478014035977465,0.8655111,0.5466293,0.749995725,0.3642564975,0.74999595
telephone_mixed_dev_v1,sdxmix_0175__telephone8k,0.9942690033142338,0.9700515790315154,0.9695988238869616,0.8982775,0.85751915,0.7499862,0.749987775,0.75
telephone_mixed_dev_v1,sdxmix_0176__telephone8k,0.9995494973850628,0.9993599804178737,0.5480704449030972,0.8675273,0.7635705,0.749929725,0.21820588500000002,0.749981325
telephone_mixed_dev_v1,sdxmix_0177__telephone8k,0.9974935755431916,0.9943166522755955,0.8163047623122933,0.89704126,0.84196734,0.749977605,0.578606475,0.7499997
telephone_mixed_dev_v1,sdxmix_0178__telephone8k,0.9915731932973946,0.9947731881200991,0.9475914723228464,0.8644624,0.8737487,0.7499682,0.6419826750000001,0.749999775
telephone_mixed_dev_v1,sdxmix_0179__telephone8k,0.9943567373755521,0.9716112968152009,0.9711462768619998,0.91736186,0.84214306,0.7499996250000001,0.7499925000000001,0.75
telephone_mixed_dev_v1,sdxmix_0180__telephone8k,0.9880941284056576,0.9335971551889511,0.9322051033430652,0.9318031,0.858196,0.65451792,0.7433862,0.749990025
telephone_mixed_dev_v1,sdxmix_0181__telephone8k,0.9996418913409486,0.9992818258294147,0.7830978952101194,0.9343326,0.9124334,0.7284183,0.657188595,0.7499886
telephone_mixed_dev_v1,sdxmix_0182__telephone8k,0.9997438046923466,0.9996780139593939,0.6501842266863962,0.88169086,0.79766613,0.733066725,0.304179735,0.7499011124999999
telephone_mixed_dev_v1,sdxmix_0183__telephone8k,0.9935344742186644,0.9667760938081018,0.9688022638338318,0.9320311,0.8498862,0.743829045,0.7467093300000001,0.749999175
telephone_mixed_dev_v1,sdxmix_0184__telephone8k,0.9954631787735498,0.9764751192679357,0.9698026096687807,0.9264866,0.82425994,0.7495572749999999,0.7499997,0.75
telephone_mixed_dev_v1,sdxmix_0185__telephone8k,0.999807992912858,0.9993289418372262,0.9633423455014503,0.88613015,0.8662578,0.749989725,0.7487367,0.75
telephone_mixed_dev_v1,sdxmix_0186__telephone8k,0.9998248383193902,0.9996892990818522,0.8010163319590515,0.9186552,0.9189248,0.749265375,0.65310075,0.749999775
telephone_mixed_dev_v1,sdxmix_0187__telephone8k,0.9710396517296117,0.9592196334069757,0.9105357318609626,0.883857,0.91189075,0.45969675,0.747949875,0.749999925
telephone_mixed_dev_v1,sdxmix_0188__telephone8k,0.9892203782815937,0.895594098956437,0.9500845625331357,0.91495883,0.9165319,0.0025194439500000002,0.7499915475,0.74999973
telephone_mixed_dev_v1,sdxmix_0189__telephone8k,0.9837982972426261,0.959171724649062,0.6825037151596247,0.9144004,0.8792962,0.7252719975,0.014212962749999999,0.74997015
telephone_mixed_dev_v1,sdxmix_0190__telephone8k,0.9893764767675289,0.9639205221160612,0.8835776191702799,0.89701843,0.77447164,0.7499976749999999,-0.397736175,0.7499986125
telephone_mixed_dev_v1,sdxmix_0191__telephone8k,0.9996929666139918,0.9993963834417197,0.8376451195175172,0.8805177,0.87281024,0.749998875,0.7455149025000001,0.74999985
telephone_mixed_dev_v1,sdxmix_0192__telephone8k,0.9896192402322523,0.9446092281764382,0.9323469498041989,0.91394794,0.8877915,0.7420740299999999,0.749999775,0.75
telephone_mixed_dev_v1,sdxmix_0193__telephone8k,0.9997414734672724,0.9995498536302228,0.8757189976612502,0.9151115,0.9008376,0.401358,0.74230755,0.749864775
telephone_mixed_dev_v1,sdxmix_0194__telephone8k,0.9998805658406573,0.9998326994696412,0.8308617592978417,0.9134938,0.90457976,0.7499679,0.6904959975,0.7499946749999999
telephone_mixed_dev_v1,sdxmix_0195__telephone8k,0.9987377203425517,0.9913167249072214,0.9599201901743735,0.90302163,0.900372,0.7499355750000001,0.749839275,0.749999925
telephone_mixed_dev_v1,sdxmix_0196__telephone8k,0.9937205708798197,0.9700750696013206,0.9625980379711319,0.91014063,0.7875218,0.74999808,0.44629065,0.749999955
telephone_mixed_dev_v1,sdxmix_0197__telephone8k,0.9939896788720897,0.9637564918316298,0.9745279113519333,0.9351764,0.8341394,0.72364752,0.7499983875,0.749999955
telephone_mixed_dev_v1,sdxmix_0198__telephone8k,0.9960284833446552,0.9816825463887726,0.9658770839349581,0.91461587,0.80767524,0.7499966025,0.74412243,0.749999955
telephone_mixed_dev_v1,sdxmix_0199__telephone8k,0.9999329690141743,0.9999097169806479,0.7090824674954839,0.91002977,0.9363253,0.7493126999999999,0.7265880225,0.7499948625
multigen_voice_v2,voice_real_dohyun_extra_00,0.02159244986084212,0.0007871295956872104,0.32223891505006286,0.83290166,0.095845796,0.7499994,0.12430303499999999,0.74990745
multigen_voice_v2,voice_real_dohyun_extra_01,0.05460675269203483,0.0078014121036948415,0.20322639873051043,0.82737523,0.17017399,0.749931975,-0.43883568,0.72566295
multigen_voice_v2,voice_real_dohyun_extra_02,0.43661667486178696,0.10027479246498529,0.3521227751744622,0.80089647,0.2897307,0.75,0.292037175,0.7499889
multigen_voice_v2,voice_real_dohyun_target_00,0.24114179732198865,0.3054922562964017,0.3203722044367637,0.7586591,0.18537879,0.65739633,-0.482195025,-0.68908422
multigen_voice_v2,voice_real_dohyun_target_01,0.08256592750060004,0.022524151544378864,0.17915683166514473,0.87040037,0.18633027,0.7499669625000001,-0.4241828625,0.6749321699999999
multigen_voice_v2,voice_real_dohyun_target_02,0.5057816546666432,0.2530908153332831,0.42966939860520403,0.81547534,0.2094938,0.7499150625000001,0.385571025,0.5944155
multigen_voice_v2,voice_real_eunju_extra_00,0.18884701005010215,7.36402979598531e-05,0.5321667484310865,0.8170343,0.23492858,-0.7355214750000001,-0.6362505975,-0.7498537725
multigen_voice_v2,voice_real_eunju_extra_01,0.34700141370380133,0.008294129298393668,0.47231659309093266,0.87757796,0.24331108,0.7499565,-0.38533982999999994,0.745630545
multigen_voice_v2,voice_real_eunju_extra_02,0.2765312030858244,0.0020657628415683927,0.27409868375107804,0.74338233,0.16522858,0.7423941525,-0.21670436249999997,0.7270622999999999
multigen_voice_v2,voice_real_eunju_target_00,0.3155268637672493,0.0023567032368694285,0.5926242143882449,0.8647016,0.2963122,0.74981325,0.024945354,0.35084650500000003
multigen_voice_v2,voice_real_eunju_target_01,0.1756721819396098,0.006722174422403868,0.6342693423972267,0.80530524,0.3137159,0.748432125,-0.73970577,-0.74203317
multigen_voice_v2,voice_real_eunju_target_02,0.23511109066923827,0.005190592910759977,0.576518955939147,0.85632837,0.26029438,0.739053,-0.5871525375,-0.738780495
multigen_voice_v2,voice_real_mansu_extra_00,0.20421552673842283,0.0005464432104522624,0.6182825665423246,0.9308368,0.15214133,0.7499866500000001,0.556703325,0.749389125
multigen_voice_v2,voice_real_mansu_extra_01,0.6000974507548715,0.10771940390008,0.7311033898763456,0.9039909,0.2147705,0.749999955,0.728233245,0.7499939250000001
multigen_voice_v2,voice_real_mansu_extra_02,0.4543737313088953,0.012773763882065721,0.828639745277568,0.92241186,0.20208289,0.7497961049999999,0.7431654750000001,0.7454440499999999
multigen_voice_v2,voice_real_mansu_target_00,0.5457682045449733,0.0006494667865301061,0.8300951776804634,0.9067508,0.21665981,0.7499794799999999,0.5881796475000001,0.7406246249999999
multigen_voice_v2,voice_real_mansu_target_01,0.47744037009036255,0.0029922229747095645,0.7557413961712156,0.9223708,0.10751777,0.749999955,0.7448882025,0.7499915475
multigen_voice_v2,voice_real_mansu_target_02,0.19182324445575596,0.00025621224822675053,0.657861286517092,0.91491205,0.25775734,0.7493049525,0.5595337499999999,0.717461325
multigen_voice_v2,voice_real_seoa_extra_00,0.023366159943475597,0.000122872814910025,0.3382621708892265,0.8813607,0.087008454,-0.6910867125,-0.5810270025000001,-0.7499332125
multigen_voice_v2,voice_real_seoa_extra_01,0.46245992140074466,0.04194870103142562,0.7218275302660353,0.73156893,0.28192413,0.7497981,0.66510915,0.741395205
multigen_voice_v2,voice_real_seoa_extra_02,0.318786835668642,0.0002918205956754416,0.4782114828729127,0.8168169,0.08433958,0.7499967375000001,0.225648345,0.7499376
multigen_voice_v2,voice_real_seoa_target_00,0.18465451811855774,0.022395230728186565,0.36835022367532966,0.77926713,0.1888656,0.08880372,-0.6133399500000001,-0.7477733625
multigen_voice_v2,voice_real_seoa_target_01,0.11055338368151084,0.00023605721980946126,0.5781037581608265,0.8460057,0.06803673,-0.4981635525,-0.5016552525,-0.7470602550000001
multigen_voice_v2,voice_real_seoa_target_02,0.13423096424039394,0.00484243793022699,0.5062235404091546,0.8688556,0.15281399,0.732942525,0.19312497,-0.7156308
multigen_voice_v2,voice_real_siwoo_extra_00,0.10124644005367606,0.0012855767917843096,0.7936037757292864,0.8094383,0.06372505,0.6367132799999999,0.599846025,-0.6432999375
multigen_voice_v2,voice_real_siwoo_extra_01,0.09640582914418168,0.0009718435487979941,0.7514457760402103,0.85781896,0.11997472,-0.736040625,0.38880675,-0.7390995
multigen_voice_v2,voice_real_siwoo_extra_02,0.4786997727298949,0.19071581814801986,0.8214293108612438,0.84837055,0.043804444,-0.014807463,0.4664712375,-0.731292975
multigen_voice_v2,voice_real_siwoo_target_00,0.015518017433359605,0.0006301762786595309,0.44476106702938567,0.6905058,0.14643076,-0.67385262,0.45885980249999997,-0.57270195
multigen_voice_v2,voice_real_siwoo_target_01,0.4410670066172259,0.00020373692614650358,0.8025831983540098,0.8256495,0.043110374,0.20139393,0.737436975,0.676464075
multigen_voice_v2,voice_real_siwoo_target_02,0.38648812019791895,0.0006515577534129715,0.8001233071738317,0.7802087,0.020826217,0.748300875,0.41454682499999995,0.73363905
multigen_voice_v2,voice_fake_qwen3tts_finetuned_1.7b_dohyun_target_00,0.9998848145283294,0.999826412751631,0.650584378159242,0.767275,0.3051338,0.749890725,0.47638769999999997,0.74996715
multigen_voice_v2,voice_fake_qwen3tts_finetuned_1.7b_dohyun_target_01,0.9971642186777894,0.9982665579059524,0.26014711736976337,0.81968987,0.27348495,-0.16422444,-0.627975225,-0.7268220750000001
multigen_voice_v2,voice_fake_qwen3tts_finetuned_1.7b_dohyun_target_02,0.9986279987164809,0.9982402917242805,0.24277930157056918,0.74970424,0.21434514,0.7499908799999999,-0.44256529499999997,0.7499440725
multigen_voice_v2,voice_fake_qwen3tts_finetuned_1.7b_eunju_target_00,0.330089810832207,0.019883936040409656,0.45774682250270055,0.83840513,0.32090116,0.748499025,-0.2971209225,0.10298336999999999
multigen_voice_v2,voice_fake_qwen3tts_finetuned_1.7b_eunju_target_01,0.9758368165816019,0.9499925714277336,0.4164568949517318,0.8270417,0.34381968,0.745249095,-0.6139755225,0.7458220125
multigen_voice_v2,voice_fake_qwen3tts_finetuned_1.7b_eunju_target_02,0.9013700568759824,0.6997483245497195,0.7440395850755193,0.84491,0.3289249,0.749996925,0.7226802,0.7499947275
multigen_voice_v2,voice_fake_qwen3tts_finetuned_1.7b_mansu_target_00,0.9825825726026514,0.9553615588989548,0.6741478258648879,0.87226135,0.44134885,0.7499946749999999,0.572465925,0.74999715
multigen_voice_v2,voice_fake_qwen3tts_finetuned_1.7b_mansu_target_01,0.9998783659789638,0.9997935458777912,0.743953086045478,0.8286438,0.15092461,0.749887575,0.704567445,0.7499873475000001
multigen_voice_v2,voice_fake_qwen3tts_finetuned_1.7b_mansu_target_02,0.9372930829882201,0.6639102760907901,0.4666948076180487,0.8877012,0.28957242,-0.597167475,-0.56704983,0.734943675
multigen_voice_v2,voice_fake_qwen3tts_finetuned_1.7b_seoa_target_00,0.45194173015283506,0.0015470704516046927,0.5602300906942848,0.7975171,0.26633683,0.74999865,0.5264148975,0.74972673
multigen_voice_v2,voice_fake_qwen3tts_finetuned_1.7b_seoa_target_01,0.624326999833663,0.17801010722603125,0.5725364636535157,0.7122115,0.1707861,0.74999985,0.69358725,0.749997375
multigen_voice_v2,voice_fake_qwen3tts_finetuned_1.7b_seoa_target_02,0.5414572977003306,0.06606888152472788,0.6629288028950302,0.7361539,0.23420794,0.74995665,-0.199190655,0.700316595
multigen_voice_v2,voice_fake_qwen3tts_finetuned_1.7b_siwoo_target_00,0.2690804397505693,0.006114687870942802,0.6474108496783656,0.82739,0.085697025,0.22475910000000002,0.48447885,-0.19455048000000003
multigen_voice_v2,voice_fake_qwen3tts_finetuned_1.7b_siwoo_target_01,0.921899816787223,0.793713932544582,0.7040599699213388,0.8019075,0.07800625,0.749990625,0.578379525,0.74978625
multigen_voice_v2,voice_fake_qwen3tts_finetuned_1.7b_siwoo_target_02,0.4536731159582521,0.026108405479692127,0.7048444568069404,0.7918557,0.1461679,0.74892537,0.55306032,0.2800532625
multigen_voice_v2,voice_fake_qwen3tts_custom_0.6b_dohyun_target_00,0.997177516670699,0.9901309777454754,0.8471467130238508,0.82251745,0.30339074,0.7421476124999999,0.67365345,0.74996817
multigen_voice_v2,voice_fake_qwen3tts_custom_0.6b_dohyun_target_01,0.9370177613110646,0.8209210361116335,0.6257865784570438,0.820711,0.3200133,0.6554186475,-0.141753885,0.7462242
multigen_voice_v2,voice_fake_qwen3tts_custom_0.6b_dohyun_target_02,0.972525237461103,0.880533665536032,0.7138049739342797,0.818247,0.31096467,0.51435462,0.2143005,0.748765875
multigen_voice_v2,voice_fake_qwen3tts_custom_0.6b_eunju_target_00,0.9640145813524773,0.8905362129590818,0.6945548982092694,0.83154595,0.33801872,0.57275283,0.2765393025,0.748111125
multigen_voice_v2,voice_fake_qwen3tts_custom_0.6b_eunju_target_01,0.9710148827496128,0.9242357904414102,0.6666030207439141,0.84792495,0.3939387,0.624393045,0.34113114,0.74697345
multigen_voice_v2,voice_fake_qwen3tts_custom_0.6b_eunju_target_02,0.949009229752197,0.8284040512985796,0.6670284235501087,0.84708446,0.3878592,-0.24595392,0.0825271725,0.251834865
multigen_voice_v2,voice_fake_qwen3tts_custom_0.6b_mansu_target_00,0.9206629474972324,0.720742641682638,0.7217639819458352,0.79394,0.30747327,-0.7499852250000001,0.0865929525,-0.4378483125
multigen_voice_v2,voice_fake_qwen3tts_custom_0.6b_mansu_target_01,0.9605237726873879,0.7213640380251779,0.7999503366610581,0.83797383,0.3820463,-0.6874480275,0.6288068025,0.567249525
multigen_voice_v2,voice_fake_qwen3tts_custom_0.6b_mansu_target_02,0.9646726469443082,0.7702226496180208,0.7103648861718318,0.85844344,0.31756818,-0.74362215,0.068485167,0.456592875
multigen_voice_v2,voice_fake_qwen3tts_custom_0.6b_seoa_target_00,0.9857954054502687,0.9675296210665483,0.7787173007826222,0.77164954,0.30116656,0.7499274,0.41526299999999994,0.74999685
multigen_voice_v2,voice_fake_qwen3tts_custom_0.6b_seoa_target_01,0.9986473475044726,0.9960221572096942,0.7198751943414186,0.8248497,0.36313686,0.551203605,0.11405222250000001,0.723592575
multigen_voice_v2,voice_fake_qwen3tts_custom_0.6b_seoa_target_02,0.9981448407083302,0.9944762767738046,0.7761223167701303,0.76330626,0.24343933,0.19564144499999997,0.398870175,0.7287798375
multigen_voice_v2,voice_fake_qwen3tts_custom_0.6b_siwoo_target_00,0.9273904763166069,0.6369696494254385,0.71715019953483,0.7955817,0.3588867,-0.7101248475,0.34429197,0.444384975
multigen_voice_v2,voice_fake_qwen3tts_custom_0.6b_siwoo_target_01,0.9597504188445525,0.8655988456163064,0.7626901358487639,0.7510793,0.1774779,-0.741255105,0.12997998,-0.3103554525
multigen_voice_v2,voice_fake_qwen3tts_custom_0.6b_siwoo_target_02,0.9986460893316937,0.9970552356103628,0.8446187779881646,0.7472732,0.25171545,0.7498947225,0.39219255000000003,0.74998365
multigen_voice_v2,voice_fake_f5tts_v1_base_dohyun_target_00,0.9998002649866401,0.9998143616361288,0.4564341259692473,0.7508649,0.31280875,-0.71846442,-0.49700159999999993,-0.736183275
multigen_voice_v2,voice_fake_f5tts_v1_base_dohyun_target_01,0.9998833479394038,0.9998826717875315,0.5036271496808259,0.7604653,0.24207044,0.2253144525,0.25506428999999997,-0.04818423000000001
multigen_voice_v2,voice_fake_f5tts_v1_base_dohyun_target_02,0.9997569367951025,0.9997404388468566,0.4585030970610411,0.77832913,0.27594638,0.1379356725,0.28167777,0.2056335225
multigen_voice_v2,voice_fake_f5tts_v1_base_eunju_target_00,0.9998063410806406,0.9992489848474058,0.962574879309996,0.8025615,0.19423002,0.46476732,0.24317445,0.465624225
multigen_voice_v2,voice_fake_f5tts_v1_base_eunju_target_01,0.9685397475337653,0.8818346244262226,0.7489320728121808,0.75407094,0.1074769,-0.7005172500000001,-0.30459282,-0.749666625
multigen_voice_v2,voice_fake_f5tts_v1_base_eunju_target_02,0.9997354674345671,0.9987565765730487,0.9400504335637654,0.85728735,0.24672966,0.74549445,0.36563865,0.7424912025
multigen_voice_v2,voice_fake_f5tts_v1_base_mansu_target_00,0.9999675962604837,0.9999410806308576,0.8496173591571572,0.84148574,0.39353552,0.7491533625,0.37980521999999994,0.7482056025
multigen_voice_v2,voice_fake_f5tts_v1_base_mansu_target_01,0.9999781254020775,0.9999631489592373,0.8452271536192754,0.7859652,0.16898702,0.74998467,0.49486809749999994,0.7499553
multigen_voice_v2,voice_fake_f5tts_v1_base_mansu_target_02,0.9999649083435649,0.9999412029342838,0.6277630549693408,0.824805,0.22922686,0.7494625724999999,-0.110368365,0.746865825
multigen_voice_v2,voice_fake_f5tts_v1_base_seoa_target_00,0.981825583542565,0.9796001166467008,0.6132176141591359,0.74901927,0.11595726,-0.7439654775,0.3729259125,-0.66300345
multigen_voice_v2,voice_fake_f5tts_v1_base_seoa_target_01,0.9952969456317391,0.9953383191244713,0.5138192883151774,0.7899036,0.054896727,-0.7295841000000001,0.13863186,-0.7486132050000001
multigen_voice_v2,voice_fake_f5tts_v1_base_seoa_target_02,0.999044339572581,0.9991690069228805,0.39395192198657003,0.8171544,0.13699801,-0.7428846375,-0.5877735749999999,-0.749803305
multigen_voice_v2,voice_fake_f5tts_v1_base_siwoo_target_00,0.9983792384305378,0.9910777578584781,0.8524261569561489,0.7655154,0.07826767,-0.749549325,0.749950725,0.729620025
multigen_voice_v2,voice_fake_f5tts_v1_base_siwoo_target_01,0.9999273756511439,0.9998597019986797,0.8369492937597188,0.54322237,0.40781328,0.66172998,0.739312245,0.7448778
multigen_voice_v2,voice_fake_f5tts_v1_base_siwoo_target_02,0.9997190307933002,0.9997003271392487,0.7943876528406097,0.74551314,0.018686542,0.556229175,0.32970437249999995,-0.268335375
multigen_voice_v2,voice_fake_cosyvoice3_0.5b_dohyun_target_00,0.9992875292570269,0.9911446116649524,0.9765139242435353,0.7676992,0.54987454,0.2939889525,0.749550225,0.748263825
multigen_voice_v2,voice_fake_cosyvoice3_0.5b_dohyun_target_01,0.9999178378262522,0.9999492788097545,0.3326623563507401,0.8382206,0.3779798,0.708677325,-0.33958601250000003,0.7175763374999999
multigen_voice_v2,voice_fake_cosyvoice3_0.5b_dohyun_target_02,0.999903201710169,0.999943693428895,0.5060753368134583,0.8182901,0.14540726,0.7399017525,0.30795026999999997,0.7366479
multigen_voice_v2,voice_fake_cosyvoice3_0.5b_eunju_target_00,0.9739392156103681,0.8531477859988881,0.9186043350618049,0.8530801,0.20503967,0.439970925,0.576287175,0.7495572
multigen_voice_v2,voice_fake_cosyvoice3_0.5b_eunju_target_01,0.9952972170577785,0.986160353097796,0.8326330753792145,0.8081623,0.17531005,0.7469509125,-0.6303844725,0.749832855
multigen_voice_v2,voice_fake_cosyvoice3_0.5b_eunju_target_02,0.9812761936368645,0.9256774789639122,0.8112825017126958,0.8537357,0.23339395,0.733435425,0.0421322145,0.5977420499999999
multigen_voice_v2,voice_fake_cosyvoice3_0.5b_mansu_target_00,0.9999640986840257,0.9999275092094259,0.8580906749810242,0.87374216,0.19798233,0.617806725,0.5516768249999999,0.6879940499999999
multigen_voice_v2,voice_fake_cosyvoice3_0.5b_mansu_target_01,0.9999586939828021,0.9999341879121099,0.7797408698239013,0.8869128,0.2740226,0.74972208,0.748629225,0.749994975
multigen_voice_v2,voice_fake_cosyvoice3_0.5b_mansu_target_02,0.9997423892704919,0.9998459919717153,0.763717165078045,0.8786435,0.24677266,0.7113689475,0.4238775375,-0.039252301499999996
multigen_voice_v2,voice_fake_cosyvoice3_0.5b_seoa_target_00,0.9997863055902827,0.9995296723284426,0.8222009464198858,0.70889455,0.11057367,0.7499973,0.714312675,0.749996025
multigen_voice_v2,voice_fake_cosyvoice3_0.5b_seoa_target_01,0.9841685578758815,0.9716254443414745,0.5097179249578331,0.7566234,0.03392443,-0.7448654025,-0.7483588875,-0.745518345
multigen_voice_v2,voice_fake_cosyvoice3_0.5b_seoa_target_02,0.9986495716404209,0.9980604461101245,0.7746257205255099,0.74577355,0.16272414,0.7499491500000001,0.46543532249999997,0.7499422875
multigen_voice_v2,voice_fake_cosyvoice3_0.5b_siwoo_target_00,0.9997718834673122,0.9998928513993882,0.5113321903096147,0.7976338,0.028523238,0.7499781375,0.52138728,0.74996745
multigen_voice_v2,voice_fake_cosyvoice3_0.5b_siwoo_target_01,0.9999581104514814,0.9999385333852193,0.7080032591140049,0.70558566,0.15827692,0.7232273549999999,0.585473475,0.7496233725
multigen_voice_v2,voice_fake_cosyvoice3_0.5b_siwoo_target_02,0.9999278364576105,0.9998654493318923,0.8131030312952203,0.7071555,0.02449894,0.749750475,0.565107975,0.7498431750000001
echoes_fma_paired_v3,efp_extra_real_000690,0.6627715428791291,0.9693219823658938,0.2678563523227957,0.016792329,0.9438579,0.70290162,0.749987175,0.7493999250000001
echoes_fma_paired_v3,efp_extra_real_006609,0.2749497465109495,0.23436049946235324,0.15516125670905329,0.14518546,0.9530939,0.74852157,0.74994285,0.749865375
echoes_fma_paired_v3,efp_extra_real_010527,0.6956586812253787,0.07747867850245327,0.45141673829210993,0.094594054,0.9277488,0.648176025,-0.612458925,0.711847125
echoes_fma_paired_v3,efp_extra_real_014358,0.8669401605876137,0.6059569552732847,0.7420833663034583,0.03857857,0.919049,-0.686861625,0.31399197,0.746716395
echoes_fma_paired_v3,efp_extra_real_014663,0.6896487999068149,0.9242897204766125,0.18726184869622997,0.083272204,0.9560187,0.67807773,0.329838075,0.641981775
echoes_fma_paired_v3,efp_extra_real_016743,0.3449626181713975,0.9125858515309663,0.0044882324122105435,0.14980523,0.90730304,0.749941875,-0.7117485225,0.7450746749999999
echoes_fma_paired_v3,efp_extra_real_016878,0.43896235262642813,0.37670196838587416,0.0921544268694782,0.03375064,0.95241106,0.6862459949999999,0.7494398250000001,0.7058134199999999
echoes_fma_paired_v3,efp_extra_real_025033,0.38852481082662577,0.8529263269121328,0.06832694894245991,0.12392388,0.8590059,0.680765775,-0.7494110775,-0.7462059225
echoes_fma_paired_v3,efp_extra_real_026301,0.9218901851693085,0.8806234821494695,0.8093716416119207,0.0254709,0.8323789,0.721980675,0.7299786525,0.749966775
echoes_fma_paired_v3,efp_extra_real_026674,0.35285209263252987,0.6219429065807766,0.21268447763446438,0.02293863,0.9506219,-0.600088725,0.689945025,-0.7447064250000001
echoes_fma_paired_v3,efp_extra_real_028480,0.1854599164672764,0.049477384430734475,0.1363161942434644,0.02332379,0.92601514,-0.7481661,0.39906277500000004,-0.7462599000000001
echoes_fma_paired_v3,efp_extra_real_030522,0.7273564877936085,0.8202256027111106,0.4698630190546104,0.021560438,0.95118415,0.62451345,0.38233515,0.68873133
echoes_fma_paired_v3,efp_extra_real_035198,0.353272388337278,0.8580160678206793,0.004871171061228625,0.13738355,0.93247277,0.7464885,0.4844675625,0.7410755775
echoes_fma_paired_v3,efp_extra_real_036959,0.7831964808084385,0.7145964344986685,0.44752529896021626,0.10757947,0.9152384,-0.25081377000000005,0.749887275,0.6993879224999999
echoes_fma_paired_v3,efp_extra_real_046058,0.7721300581139168,0.5826638716988561,0.68279891502433,0.027156027,0.91095704,-0.634719825,0.7499962499999999,0.6385647000000001
echoes_fma_paired_v3,efp_extra_real_052034,0.8988275918029636,0.8400115187519979,0.8387814432763424,0.031257134,0.9356156,-0.73270458,0.74999985,0.3908645475
echoes_fma_paired_v3,efp_extra_real_054150,0.49670996076527646,0.8430290355955478,0.21899477593682998,0.02931626,0.9419595,0.531156975,-0.7106794875,-0.71789163
echoes_fma_paired_v3,efp_extra_real_056648,0.07101143482103141,0.8410766187765921,0.0011710390206132791,0.029086977,0.87848276,0.6736652249999999,-0.46200749999999996,0.1197928425
echoes_fma_paired_v3,efp_extra_real_060144,0.6860204745837299,0.811434231906305,0.18762274876693938,0.030775534,0.94003654,0.749778075,0.7334073750000001,0.7386123225
echoes_fma_paired_v3,efp_extra_real_064093,0.320168896946435,0.5685341406942619,0.07722003524062236,0.053860653,0.88412863,-0.7119241199999999,-0.3239417625,-0.74414268
echoes_fma_paired_v3,efp_extra_real_069201,0.6209709394170247,0.556427970692741,0.49095483483987845,0.055711996,0.9402355,-0.5324808525,0.74938185,0.2021120475
echoes_fma_paired_v3,efp_extra_real_072562,0.012342779885901612,0.11391388879940428,0.00043939239654204224,0.022793032,0.89734316,-0.749722275,-0.656558475,-0.7499022
echoes_fma_paired_v3,efp_extra_real_073760,0.7905001917810471,0.9428486598485255,0.4485509684415855,0.05069089,0.8933448,-0.726385125,0.7471941375,0.53186415
echoes_fma_paired_v3,efp_extra_real_073763,0.7051061171869182,0.21048502247377965,0.6403660746131176,0.020381328,0.9188205,-0.7467024,0.74967195,0.64672458
echoes_fma_paired_v3,efp_extra_real_076363,0.10048807361615733,0.09115700859149924,0.025227492000005815,0.019346984,0.8794338,-0.4364781975,-0.023619062999999996,-0.7396878
echoes_fma_paired_v3,efp_extra_real_086116,0.2920074198638192,0.6251272033611066,0.06110503343891018,0.05368668,0.89397305,-0.083191143,-0.5074301250000001,-0.7442019
echoes_fma_paired_v3,efp_extra_real_091179,0.4672266431593243,0.686341802657632,0.08516586935320024,0.023843756,0.8871054,0.6781857,-0.6005448975000001,-0.553385775
echoes_fma_paired_v3,efp_extra_real_092551,0.8652125729179623,0.7870231805130223,0.7663003247058913,0.022085601,0.9462786,-0.1381021725,0.75,0.74990778
echoes_fma_paired_v3,efp_extra_real_096697,0.7990776148866782,0.4176592097666326,0.6310277787578283,0.24404337,0.9654719,0.7471702275000001,0.600532125,0.74952705
echoes_fma_paired_v3,efp_extra_real_097393,0.4095442724514619,0.09183691993496905,0.2243513934977461,0.018879784,0.95680916,0.737573925,0.5646306750000001,0.74981115
echoes_fma_paired_v3,efp_extra_real_105917,0.024431509786526542,0.5797090789680015,0.0005503808510701604,0.04186416,0.9514025,0.74354835,0.1926380625,0.089562255
echoes_fma_paired_v3,efp_extra_real_107805,0.3312643300477468,0.8327350751830664,0.14287875595535818,0.06341752,0.9657511,0.1905705225,0.7447421249999999,-0.25863885
echoes_fma_paired_v3,efp_extra_real_107955,0.38184025441532304,0.15589517101433464,0.19505738669251454,0.12264058,0.9423812,-0.0500599575,0.7135629,0.74609193
echoes_fma_paired_v3,efp_extra_real_113788,0.6724045557737376,0.8930443880074409,0.25646659168172437,0.019696668,0.87162465,0.7498712999999999,0.749999955,0.7499941875
echoes_fma_paired_v3,efp_extra_real_114049,0.6046663768510071,0.746175542984063,0.4334612955451166,0.08920719,0.90395594,-0.7369699200000001,0.6303052124999999,0.038142873
echoes_fma_paired_v3,efp_extra_real_115289,0.22997884795779752,0.19386535419222206,0.026316007539555757,0.028334757,0.9486938,0.7495582875,-0.7464791550000001,0.6549683475
echoes_fma_paired_v3,efp_extra_real_116870,0.7277982454970702,0.6622273042490602,0.5721136648982298,0.02574052,0.90224904,-0.6549125625,0.10541015249999999,0.085523967
echoes_fma_paired_v3,efp_extra_real_120771,0.4869244484139082,0.10553581077987519,0.4625921149292023,0.018185964,0.9065311,-0.274853895,-0.16254189,-0.730622475
echoes_fma_paired_v3,efp_extra_real_121346,0.7844573382166715,0.5760639633425834,0.4519629564319007,0.057103045,0.8144006,0.22771248,0.313824645,0.7386054
echoes_fma_paired_v3,efp_extra_real_121653,0.3071770584272119,0.5923831858326444,0.026080189815458066,0.039783865,0.78653944,0.749740575,0.732982575,0.7480717125
echoes_fma_paired_v3,efp_extra_real_126510,0.6912797035678562,0.9203228825047995,0.0727165339179192,0.022334285,0.9020444,0.665797275,0.7356879000000001,0.743536575
echoes_fma_paired_v3,efp_extra_real_126899,0.7692054259872912,0.9221139187935569,0.37594889635251466,0.044323668,0.91838545,0.6659608499999999,0.68974665,0.6674157749999999
echoes_fma_paired_v3,efp_extra_real_131791,0.07933869533548821,0.37365905920953585,0.002351194944257983,0.0630794,0.9341892,-0.7490214749999999,0.283749285,-0.748401
echoes_fma_paired_v3,efp_extra_real_132778,0.5833335085882492,0.6171069413645364,0.22734107168469403,0.06551226,0.9440761,0.2901377025,0.749848455,0.7001433
echoes_fma_paired_v3,efp_extra_real_136994,0.5092512453854102,0.9697034970604648,0.07046774036651335,0.06941322,0.88708216,0.3714163875,0.499700055,0.0242153325
echoes_fma_paired_v3,efp_extra_real_138041,0.5524524105523864,0.34033148103363076,0.47744197381483217,0.08466152,0.931348,0.14874275250000002,0.749919075,0.7487415000000001
echoes_fma_paired_v3,efp_extra_real_139775,0.20724591947117083,0.030761183974849348,0.13681144176662366,0.019468479,0.9084659,-0.723352275,-0.7496281499999999,-0.7499960625000001
echoes_fma_paired_v3,efp_extra_real_144465,0.8255231046257815,0.7981461582109629,0.626339219253856,0.051934764,0.8876224,0.74949753,0.7302191250000001,0.748812975
echoes_fma_paired_v3,efp_extra_real_145607,0.795775879293181,0.8802387937589045,0.6787668270705381,0.045992155,0.9792874,0.18835372499999997,0.75,0.7499990999999999
echoes_fma_paired_v3,efp_extra_real_145761,0.2923311407193136,0.412653633775734,0.13349160856210412,0.023995627,0.9444963,-0.7493076,-0.71657175,-0.749268225
echoes_fma_paired_v3,efp_fake_075787_acestep_00,0.9551193721081727,0.7683413585240276,0.9432603508987282,0.026914384,0.87073934,0.7499758125,0.7499225700000001,0.74998467
echoes_fma_paired_v3,efp_fake_075787_audioldm_01,0.9318651755999586,0.8083101757663651,0.8830606172775783,0.16723052,0.89244145,-0.1283527875,0.75,0.749658825
echoes_fma_paired_v3,efp_fake_075787_audioldm_02,0.9598219616577742,0.8901369273338398,0.9325624037370847,0.12343731,0.8972409,0.6150549375,0.73651233,0.58425777
echoes_fma_paired_v3,efp_fake_075787_diffrhythm_03,0.977865403270991,0.9936211625161242,0.8967117705016634,0.09131377,0.92988735,0.7448488200000001,0.74979003,0.7499399625000001
echoes_fma_paired_v3,efp_fake_075787_diffrhythm_04,0.9241186250067686,0.9585031943871721,0.8818910019815188,0.020436777,0.94779205,-0.734612775,0.73937025,-0.1264329525
echoes_fma_paired_v3,efp_fake_075787_musicgen_05,0.7958256085789994,0.6257296411690028,0.744630292045221,0.033819042,0.82718444,-0.28747113750000003,-0.7273569,-0.729009
echoes_fma_paired_v3,efp_fake_075787_musicgen_06,0.8827278244804985,0.5045026786502879,0.8769397639818921,0.130877,0.9348799,0.7499964225,0.7499979,0.749999925
echoes_fma_paired_v3,efp_fake_112315_acestep_00,0.9333750541503493,0.05628006688007209,0.906818055943972,0.023114149,0.92092043,0.7459233975,0.03186117,0.6728030775
echoes_fma_paired_v3,efp_fake_112315_audioldm_01,0.9734847290625855,0.7675983113437738,0.9512753916165997,0.017471272,0.96612597,0.30679695,0.749962875,0.7403924625
echoes_fma_paired_v3,efp_fake_112315_audioldm_02,0.9565258392667622,0.6991050105436214,0.9382714541792817,0.017263807,0.8460243,0.743996175,0.455454645,0.749637375
echoes_fma_paired_v3,efp_fake_112315_brev_03,0.9337266597505962,0.560106700629557,0.9131216824851668,0.016572913,0.9392073,0.73612185,0.74999985,0.74999835
echoes_fma_paired_v3,efp_fake_112315_brev_04,0.9457076210060513,0.6691809276527788,0.932535168512336,0.018870004,0.9419246,0.6664097625000001,0.75,0.749983995
echoes_fma_paired_v3,efp_fake_112315_diffrhythm_05,0.9847050560947823,0.9493715888201623,0.9595331082692842,0.1382129,0.94811237,0.56116935,0.749999925,0.7499903025
echoes_fma_paired_v3,efp_fake_112315_diffrhythm_06,0.9853308269344998,0.8013258779391055,0.979701360140795,0.03642911,0.8723908,0.726427575,0.7499996250000001,0.74994465
echoes_fma_paired_v3,efp_fake_112315_elevenlabs_07,0.8224137015498412,0.6756388066125323,0.5889311321805403,0.012329067,0.93736136,-0.6167834249999999,0.75,0.749410425
echoes_fma_paired_v3,efp_fake_112315_elevenlabs_08,0.3825935966823356,0.10858894168113058,0.5570757063247102,0.021058904,0.8707888,-0.36440067,0.7347627,-0.5736269625
echoes_fma_paired_v3,efp_fake_112315_mubert_09,0.6589826748494911,0.29184042552742556,0.6102881899826995,0.010935579,0.8197636,0.7449642750000001,0.7498554,0.74998212
echoes_fma_paired_v3,efp_fake_112315_musicgen_10,0.8912268622209379,0.8086935833027279,0.7869488563151206,0.025668722,0.94624,0.0540388275,0.21714527250000001,0.7251227250000001
echoes_fma_paired_v3,efp_fake_112315_musicgen_11,0.8908828954287973,0.6168376370595895,0.8892678815555454,0.08732673,0.89033043,0.344208195,0.0336497115,-0.4175316
echoes_fma_paired_v3,efp_fake_112315_producer_12,0.9440744716273323,0.5223853610020962,0.9384272938677957,0.014806907,0.91673255,0.748973295,0.75,0.75
echoes_fma_paired_v3,efp_fake_112315_producer_13,0.9424427643757253,0.7687448193414093,0.9168432753630851,0.015676292,0.9647078,0.1593052875,0.75,0.749999925
echoes_fma_paired_v3,efp_fake_112315_stableaudio_14,0.9604433635055046,0.8728295674585222,0.9254119664161354,0.016312383,0.9586962,0.13428777749999998,0.75,0.7499751
echoes_fma_paired_v3,efp_fake_112315_suno_15,0.9714229917487792,0.7428567182974465,0.9635374891074413,0.017987045,0.9205207,0.749988195,0.75,0.75
echoes_fma_paired_v3,efp_fake_112315_suno_16,0.9628939109909166,0.46112616303985576,0.9540978234890487,0.019712003,0.93668145,0.7488454874999999,0.749999925,0.74999817
echoes_fma_paired_v3,efp_fake_112315_udio_17,0.8496078451414923,0.9357772333174015,0.5212545128925521,0.12775503,0.9301045,0.74875755,0.749999925,0.749968275
echoes_fma_paired_v3,efp_fake_112315_udio_18,0.8216022185591628,0.9849648138248274,0.32412485720313494,0.091703944,0.96186507,-0.6447979500000001,0.7499834249999999,0.746769975
echoes_fma_paired_v3,efp_fake_113019_acestep_00,0.9475432328777083,0.673864421518951,0.950333739185019,0.027471833,0.8837663,0.106926765,0.7103192625,0.272712615
echoes_fma_paired_v3,efp_fake_113019_audioldm_01,0.9686382059496194,0.9328942946347302,0.9316173881570283,0.02444533,0.8718604,0.7445322299999999,0.5696713499999999,0.74992977
echoes_fma_paired_v3,efp_fake_113019_audioldm_02,0.9910177255200903,0.5375203896322653,0.9886752950509541,0.040933654,0.43508095,-0.6355612500000001,0.7496707125,0.7414548
echoes_fma_paired_v3,efp_fake_113019_diffrhythm_03,0.7993951122162646,0.7771172810963706,0.8579516818936995,0.027284745,0.85444957,-0.7407582225,0.741893175,-0.682524525
echoes_fma_paired_v3,efp_fake_113019_diffrhythm_04,0.9674273415255686,0.8986345179893339,0.9363006733622301,0.039014608,0.9265804,0.292006395,0.749992425,0.749977425
echoes_fma_paired_v3,efp_fake_113019_musicgen_05,0.990574458750852,0.8580385106174905,0.9772711040572972,0.12588875,0.8227797,0.736613925,0.130164885,0.6658740750000001
echoes_fma_paired_v3,efp_fake_113019_musicgen_06,0.987483012694912,0.5131095506112486,0.9829141136040788,0.029445197,0.9050457,0.6866899875,0.7401776250000001,0.7478545875
echoes_fma_paired_v3,efp_fake_113019_stableaudio_07,0.9395116311873092,0.7242849999189931,0.9041920540290873,0.03130794,0.93799514,-0.2863068375,0.7486896525,0.740614905
echoes_fma_paired_v3,efp_fake_118921_acestep_00,0.9786211067569698,0.9587328107633885,0.9493849169501637,0.04516366,0.9201126,-0.5807567250000001,0.75,0.749999955
echoes_fma_paired_v3,efp_fake_118921_audioldm_01,0.9614159544890999,0.7134237023023432,0.950556801499469,0.03307255,0.89888346,0.16387367249999998,0.610826775,0.70832025
echoes_fma_paired_v3,efp_fake_118921_audioldm_02,0.983040637649201,0.9305727769420057,0.9652074388854343,0.03206186,0.84290475,0.50749155,0.745150125,0.744877125
echoes_fma_paired_v3,efp_fake_118921_diffrhythm_03,0.9719909502805295,0.6405649604212382,0.9681938033399822,0.02742663,0.8452571,-0.1146146325,0.75,0.7499980500000001
echoes_fma_paired_v3,efp_fake_118921_musicgen_04,0.931838222755832,0.8785951066778929,0.8796337165806802,0.03774612,0.8644889,0.6196401,0.51879957,0.6748032749999999
echoes_fma_paired_v3,efp_fake_118921_musicgen_05,0.9486509354541446,0.2878563256996787,0.9086634846976358,0.025809124,0.90420866,0.7158705,-0.1868529,0.7498275000000001
echoes_fma_paired_v3,efp_fake_127303_acestep_00,0.941914073923354,0.5982664529303947,0.9323025291613857,0.030792018,0.83279276,0.749991225,0.749917125,0.74999925
echoes_fma_paired_v3,efp_fake_127303_audioldm_01,0.867032825559478,0.39895848464960093,0.826770415498642,0.02398742,0.936138,0.4091469375,0.0476764425,-0.03776463375
echoes_fma_paired_v3,efp_fake_127303_audioldm_02,0.9594779901445634,0.8024443871418095,0.9290992050779749,0.020445937,0.8585268,0.5014144500000001,0.7499989275000001,0.749975925
echoes_fma_paired_v3,efp_fake_127303_diffrhythm_03,0.9162559349578817,0.7684971477294179,0.8825873285672127,0.016900733,0.9310738,0.6052554,0.74999205,0.746877375
echoes_fma_paired_v3,efp_fake_127303_diffrhythm_04,0.9622447169336614,0.36572815104141493,0.9608906453489721,0.03176994,0.8919931,-0.7043859525,0.7478892,0.748357905
echoes_fma_paired_v3,efp_fake_127303_musicgen_05,0.9934129918052073,0.828243300546565,0.9869251869564111,0.04607296,0.96708214,0.6054910275000001,0.5339571750000001,0.7493952525
echoes_fma_paired_v3,efp_fake_127303_musicgen_06,0.9873558215686008,0.6375681292682317,0.9813500108800505,0.030257009,0.76531655,0.1817755875,0.5864192699999999,0.7343047875
echoes_fma_paired_v3,efp_fake_127303_songgen_07,0.9933333642946326,0.693800857546304,0.9884756658829938,0.06305092,0.56375647,-0.17155605000000002,0.7499993775,0.74991408
echoes_fma_paired_v3,efp_fake_140925_acestep_00,0.9380563910197888,0.31786980472723164,0.9440009922867808,0.026172955,0.93201214,0.500950725,0.74999052,0.7497116625
echoes_fma_paired_v3,efp_fake_140925_audioldm_01,0.9622055000701425,0.7495435374531154,0.9489198848164254,0.03540704,0.91098654,-0.295732545,0.74869155,0.7339310625000001
echoes_fma_paired_v3,efp_fake_140925_audioldm_02,0.9663699958626901,0.7219439050344187,0.950172440692504,0.019906262,0.8837555,-0.03793242,0.45086542500000004,0.7341976725
echoes_fma_paired_v3,efp_fake_140925_diffrhythm_03,0.9921933325807287,0.9851803797640639,0.9751602461199321,0.079430684,0.93135226,0.5079076499999999,0.75,0.749999955
echoes_fma_paired_v3,efp_fake_140925_diffrhythm_04,0.9034813517434926,0.5478161183326764,0.8629539174420207,0.037217766,0.88738346,0.732888,0.7487616225,0.749913945
echoes_fma_paired_v3,efp_fake_140925_musicgen_05,0.955689163419139,0.7535314121642928,0.9194819466594905,0.054306716,0.9089254,0.18684006749999998,0.40862712,0.66918615
echoes_fma_paired_v3,efp_fake_140925_musicgen_06,0.9707846748629199,0.6010870622677134,0.9604112658454463,0.06377124,0.91092706,0.5289036300000001,0.653666175,0.729984525
echoes_fma_paired_v3,efp_real_075787,0.5281096020505269,0.8447087422557724,0.04857814848859789,0.17139001,0.9225763,0.65350995,0.302101605,0.523362
echoes_fma_paired_v3,efp_real_112315,0.6647781489618487,0.7524423745400015,0.29217713771961284,0.020975111,0.96890956,-0.21496902,0.749996025,0.726735675
echoes_fma_paired_v3,efp_real_113019,0.42183354508459137,0.8797747555917216,0.11250158046930403,0.020479092,0.90705955,-0.1521893025,-0.7184826,-0.5795533500000001
echoes_fma_paired_v3,efp_real_118921,0.5357709581221852,0.5203722701020949,0.2602100959359729,0.03059664,0.9509699,-0.7365524999999999,-0.66615045,-0.7457109
echoes_fma_paired_v3,efp_real_127303,0.2357338502652217,0.030327209885528977,0.18296524199821687,0.04582853,0.91884154,-0.713757075,0.7499982000000001,0.749783625
echoes_fma_paired_v3,efp_real_140925,0.0922849416228391,0.060052930171991516,0.02022375178243277,0.016804822,0.933501,-0.749332125,-0.74279175,-0.74992815
codec_mixed_dev_v4,pmv3_0000__clean,0.03599286330319754,0.4476006956001781,0.0030328672153447627,0.7025563,0.9383554,-0.749984325,-0.156865785,-0.518198475
codec_mixed_dev_v4,pmv3_0000__g711_ulaw,0.5716520367453938,0.3523846262455055,0.015808636436170597,0.81419605,0.96535456,-0.578755425,0.7482684,0.674412225
codec_mixed_dev_v4,pmv3_0000__g722_wb,0.09430878994139548,0.1074411926020248,0.0038386420149711512,0.72350776,0.939508,-0.7496664225,-0.20749017000000003,0.18969884999999997
codec_mixed_dev_v4,pmv3_0000__opus_nb_8k,0.8578099055392145,0.7480386794159151,0.23298242671228514,0.90745467,0.9593638,0.026472064499999996,0.675091275,0.7295306775
codec_mixed_dev_v4,pmv3_0000__transcode_g711_opus,0.7159941061634459,0.7526993376322609,0.3525092552917661,0.8741692,0.9506737,-0.731584575,0.6597476025,0.367396275
codec_mixed_dev_v4,pmv3_0001__clean,0.39191488364374033,0.8673683592526881,0.007586697633397333,0.4765204,0.9625893,0.2988046125,0.74931255,0.728530305
codec_mixed_dev_v4,pmv3_0001__g711_ulaw,0.34905465140481884,0.7458722038108002,0.0019087119315068866,0.63485473,0.97317445,-0.7147299375,0.75,0.74985507
codec_mixed_dev_v4,pmv3_0001__g722_wb,0.3798862211940453,0.714905146700925,0.007580483860586292,0.43915376,0.9626245,0.6677209500000001,0.749274675,0.744481845
codec_mixed_dev_v4,pmv3_0001__opus_nb_8k,0.539451090861063,0.6492257824650589,0.420227722807859,0.37377226,0.95768094,-0.7175379000000001,0.75,0.74999865
codec_mixed_dev_v4,pmv3_0001__transcode_g711_opus,0.352802319650834,0.25396787972587753,0.28906076812084736,0.2884233,0.9473358,-0.675131475,0.75,0.749942475
codec_mixed_dev_v4,pmv3_0002__clean,0.2562028788508194,0.18732801867400184,0.043859965224454206,0.81779593,0.9324338,0.16620495,-0.22496804999999997,0.43555346249999993
codec_mixed_dev_v4,pmv3_0002__g711_ulaw,0.865381035045461,0.8061274411436544,0.009371774179724542,0.90649897,0.9658459,0.054653602499999995,0.749821125,0.748176
codec_mixed_dev_v4,pmv3_0002__g722_wb,0.34909237973082763,0.1999511602865273,0.060481240917716714,0.82127446,0.9390988,-0.45386400000000005,0.66310398,0.7011860249999999
codec_mixed_dev_v4,pmv3_0002__opus_nb_8k,0.9844255976595873,0.9237158622585359,0.5054574238092804,0.9396303,0.97551525,-0.6515930624999999,0.75,0.749984025
codec_mixed_dev_v4,pmv3_0002__transcode_g711_opus,0.9880416174225454,0.9255375292200979,0.5784192276657496,0.93061495,0.9734621,-0.7404086025,0.75,0.749846475
codec_mixed_dev_v4,pmv3_0003__clean,0.3294382338034681,0.16092424701388666,0.19172525465013465,0.6050345,0.8953107,-0.749973375,0.7497796125,0.38441012999999996
codec_mixed_dev_v4,pmv3_0003__g711_ulaw,0.07739511764410714,0.008809929413134162,0.09191623168856768,0.927036,0.92846584,-0.7446826125,0.4705742625,-0.7379253
codec_mixed_dev_v4,pmv3_0003__g722_wb,0.3231769490213892,0.25311559061618366,0.1878765308447713,0.61118376,0.89842564,-0.749976075,0.7494053549999999,0.23148483000000003
codec_mixed_dev_v4,pmv3_0003__opus_nb_8k,0.6596647809386265,0.6161630747028803,0.19358743505311066,0.8531985,0.9185953,-0.749536725,-0.7358882999999999,-0.7499947275
codec_mixed_dev_v4,pmv3_0003__transcode_g711_opus,0.5205343582731848,0.21355792778569824,0.27579066668099794,0.8487488,0.8950323,-0.7477190475,-0.726596655,-0.7499296799999999
codec_mixed_dev_v4,pmv3_0004__clean,0.4362921006599104,0.6681015988390908,0.27887209119699935,0.6951429,0.94548386,-0.749967525,0.7499992875,0.7064280525
codec_mixed_dev_v4,pmv3_0004__g711_ulaw,0.9891497756670893,0.9850611886367168,0.03167115696942492,0.89273787,0.975195,-0.7494445125,0.749988195,0.29563605000000004
codec_mixed_dev_v4,pmv3_0004__g722_wb,0.8932463124893015,0.8808336074972459,0.34616807055501236,0.73926175,0.9392823,-0.749642775,0.7499669250000001,0.63211935
codec_mixed_dev_v4,pmv3_0004__opus_nb_8k,0.45651105284895455,0.7614968204360706,0.17363180979074078,0.7728807,0.93877393,-0.74999973,-0.744391995,-0.7499088525
codec_mixed_dev_v4,pmv3_0004__transcode_g711_opus,0.9787783574407302,0.9707229392428064,0.11669408116970276,0.7773198,0.9231031,-0.7499648624999999,-0.623997225,-0.748617525
codec_mixed_dev_v4,pmv3_0005__clean,0.5063429966114436,0.4673750654591642,0.15739656516685752,0.43680283,0.9003858,0.69442275,0.3005889,0.744414255
codec_mixed_dev_v4,pmv3_0005__g711_ulaw,0.48351471413618946,0.7442528424124454,0.03297995838077718,0.8145425,0.93342173,0.74982588,0.6137635499999999,0.749963655
codec_mixed_dev_v4,pmv3_0005__g722_wb,0.5199627362336071,0.5449090867017817,0.2246211141229695,0.3963607,0.9002592,0.6462722249999999,0.578997825,0.7314780750000001
codec_mixed_dev_v4,pmv3_0005__opus_nb_8k,0.5855326897014795,0.9265694367496105,0.07714950946106026,0.41999125,0.93004644,0.74955105,-0.01342174725,0.7498617000000001
codec_mixed_dev_v4,pmv3_0005__transcode_g711_opus,0.2652126035808608,0.058527817929175795,0.05908956203907915,0.43931714,0.95564425,0.7466018625,-0.6845056875,0.6872755125000001
codec_mixed_dev_v4,pmv3_0006__clean,0.06313012117707827,0.8601472359012239,0.0029876464736698746,0.6703716,0.950043,0.6948883800000001,-0.5127403725,-0.57749802
codec_mixed_dev_v4,pmv3_0006__g711_ulaw,0.25076975103742427,0.023953436690158914,0.07271772247119528,0.75846744,0.9833567,0.664461225,0.7499994750000001,0.7457727525
codec_mixed_dev_v4,pmv3_0006__g722_wb,0.06850879716576509,0.7767030713889849,0.00602382758738141,0.67824,0.9487052,-0.2711718,-0.19673560499999998,-0.522210525
codec_mixed_dev_v4,pmv3_0006__opus_nb_8k,0.8706557222059981,0.43292223971763777,0.5231004764031817,0.88329494,0.9677833,-0.6296048025000001,0.7497906974999999,0.747659025
codec_mixed_dev_v4,pmv3_0006__transcode_g711_opus,0.8878365201819766,0.371839225115562,0.7082634930344025,0.85543877,0.9665028,-0.64595895,0.749999925,0.74996445
codec_mixed_dev_v4,pmv3_0007__clean,0.614740696003797,0.6001384741672885,0.36887495874121834,0.6926896,0.9338091,-0.747099975,0.39241335,0.517698705
codec_mixed_dev_v4,pmv3_0007__g711_ulaw,0.5938748977778003,0.7243478101461541,0.4122854213632317,0.8416583,0.9262124,-0.7499937750000001,0.5463675,-0.4973484
codec_mixed_dev_v4,pmv3_0007__g722_wb,0.6786079686967796,0.6014419706887475,0.46219741147024085,0.6860887,0.9378211,-0.7431684,0.5691871049999999,0.633843945
codec_mixed_dev_v4,pmv3_0007__opus_nb_8k,0.9159068283450144,0.8664392669494065,0.324736112318762,0.8947314,0.95531213,-0.7499993775,-0.649923375,-0.749952705
codec_mixed_dev_v4,pmv3_0007__transcode_g711_opus,0.728402003324202,0.9135751991540625,0.3267878017055665,0.8610561,0.95859015,-0.749999955,-0.74630982,-0.74999775
codec_mixed_dev_v4,pmv3_0008__clean,0.48890029194015355,0.5342376454825579,0.008691450268136771,0.784657,0.92383397,-0.73260705,-0.345244425,-0.5817437775000001
codec_mixed_dev_v4,pmv3_0008__g711_ulaw,0.6258391683494446,0.7133838358932177,0.005528300622346892,0.92884284,0.9035239,-0.6064302749999999,-0.579775395,-0.724321155
codec_mixed_dev_v4,pmv3_0008__g722_wb,0.5057111790271913,0.545996079270447,0.011936000251501397,0.78422046,0.9121146,-0.7410008775,-0.4867653225,-0.7032411749999999
codec_mixed_dev_v4,pmv3_0008__opus_nb_8k,0.9547575141113711,0.9520847850138956,0.2018262773729045,0.84944814,0.8308063,-0.554762775,-0.74359797,-0.7270318875
codec_mixed_dev_v4,pmv3_0008__transcode_g711_opus,0.780564989638101,0.6771125377879148,0.2035956313730244,0.8914168,0.8618772,-0.73831947,-0.585939195,-0.6775602374999999
codec_mixed_dev_v4,pmv3_0009__clean,0.15641867304254886,0.0892045413412214,0.03645535635038524,0.64396644,0.9426332,-0.7478958525,-0.362515995,-0.739644225
codec_mixed_dev_v4,pmv3_0009__g711_ulaw,0.04318202842291293,0.015900687983929837,0.017781672324283935,0.4658492,0.96346164,0.6708296250000001,0.0636385725,-0.620011275
codec_mixed_dev_v4,pmv3_0009__g722_wb,0.25320944355161557,0.3634973089263262,0.03646443858827182,0.6480019,0.93906707,-0.6129745275,-0.55730112,-0.6934589025
codec_mixed_dev_v4,pmv3_0009__opus_nb_8k,0.6783701162024363,0.7980238138053399,0.16317866488402624,0.6484699,0.90246964,-0.74992137,-0.7398156525,-0.748122495
codec_mixed_dev_v4,pmv3_0009__transcode_g711_opus,0.7216943535074393,0.7732106919204088,0.3208871350378354,0.5821985,0.8926469,-0.749989575,0.13539990000000002,-0.7273705125
codec_mixed_dev_v4,pmv3_0010__clean,0.9685968583241501,0.9930432622465024,0.8643291775455217,0.59158933,0.90256655,-0.660239655,0.5577567750000001,0.496734
codec_mixed_dev_v4,pmv3_0010__g711_ulaw,0.4132362892956333,0.07230942174637232,0.2192167839836055,0.7044905,0.9191121,0.63172737,0.74908065,0.727927575
codec_mixed_dev_v4,pmv3_0010__g722_wb,0.9629375293903026,0.9946804233314654,0.8085301225157496,0.57012343,0.8927793,-0.25480089,0.7114372125,0.730751175
codec_mixed_dev_v4,pmv3_0010__opus_nb_8k,0.6258754703632958,0.44280315239791307,0.2076844045222858,0.51648575,0.84958375,-0.749393325,-0.40280954999999996,-0.6105976875000001
codec_mixed_dev_v4,pmv3_0010__transcode_g711_opus,0.8882546063791724,0.703548887921154,0.286987660939275,0.56016195,0.8774957,-0.732025755,-0.20365665,0.2272232025
codec_mixed_dev_v4,pmv3_0011__clean,0.9260522094429056,0.7738258835292983,0.7766927579286689,0.63879925,0.9035641,-0.297008805,0.376552275,0.6995105025
codec_mixed_dev_v4,pmv3_0011__g711_ulaw,0.22391191796655685,0.1397016982777299,0.022816806241382607,0.91750795,0.86793935,-0.742869525,-0.6313387125,-0.7285001249999999
codec_mixed_dev_v4,pmv3_0011__g722_wb,0.9007422757665255,0.7171921731794116,0.7125052251445394,0.59710777,0.9195333,-0.13322175,0.42891888,0.708062175
codec_mixed_dev_v4,pmv3_0011__opus_nb_8k,0.8879792738493847,0.8363502480872159,0.09034408278549527,0.93207854,0.6749189,0.2791959,-0.7498238700000001,0.244136925
codec_mixed_dev_v4,pmv3_0011__transcode_g711_opus,0.8182311274693043,0.7371745383367369,0.1081416045374165,0.9024092,0.82201433,-0.74760375,-0.7499701799999999,-0.7497663
codec_mixed_dev_v4,pmv3_0012__clean,0.9657154965625558,0.6293726381949196,0.9536850954319197,0.7634464,0.91217,0.304525785,0.7499923500000001,0.7498083975
codec_mixed_dev_v4,pmv3_0012__g711_ulaw,0.969654181006337,0.6710246622759161,0.8984265917792271,0.91074747,0.86607647,-0.48954885,0.5837228025000001,0.5073301800000001
codec_mixed_dev_v4,pmv3_0012__g722_wb,0.9682716806850871,0.6707818723385284,0.9390904632102341,0.767562,0.89930093,0.1701351975,0.74980605,0.748040775
codec_mixed_dev_v4,pmv3_0012__opus_nb_8k,0.9672788744415676,0.6460763513374658,0.8766730409161123,0.8294591,0.7155018,-0.4877142,0.736515,0.74616462
codec_mixed_dev_v4,pmv3_0012__transcode_g711_opus,0.9756054595583099,0.7836183957939137,0.8959137557351039,0.81698656,0.73836154,-0.06129429,0.72162345,0.7372329975
codec_mixed_dev_v4,pmv3_0013__clean,0.48740988908179106,0.13595810782240722,0.37181245543810526,0.5614377,0.82003134,0.7484094,0.7235739750000001,0.749984175
codec_mixed_dev_v4,pmv3_0013__g711_ulaw,0.4805212102702008,0.30124864521025213,0.12806012172937184,0.5914638,0.7793575,0.729615675,0.7499229000000001,0.7499772
codec_mixed_dev_v4,pmv3_0013__g722_wb,0.7339110990538903,0.17306247310337491,0.6901720451514212,0.5609724,0.7879158,0.7499253,0.5927293874999999,0.749954805
codec_mixed_dev_v4,pmv3_0013__opus_nb_8k,0.9130468140843471,0.8719739549033512,0.06084834674338577,0.6534277,0.8399796,0.75,-0.584739225,0.7499403
codec_mixed_dev_v4,pmv3_0013__transcode_g711_opus,0.9555808690405364,0.9216991778170596,0.06951939532163291,0.625043,0.8321724,0.749981895,-0.582183255,0.749357625
codec_mixed_dev_v4,pmv3_0014__clean,0.9452125834049184,0.6175012128961588,0.9254416759499574,0.6053355,0.8667032,0.1782637575,0.20903105249999998,0.333189525
codec_mixed_dev_v4,pmv3_0014__g711_ulaw,0.9276209272211433,0.6300505325244236,0.6291671530188953,0.86564416,0.82671005,-0.7253678025,0.7139831999999999,0.46832733
codec_mixed_dev_v4,pmv3_0014__g722_wb,0.946755621756951,0.4279287659699643,0.9350540718201545,0.59808123,0.86594266,-0.56159565,0.2833386375,0.48649845
codec_mixed_dev_v4,pmv3_0014__opus_nb_8k,0.9606975217083058,0.9313448597072209,0.36971816805978824,0.8775564,0.8338433,-0.6820740000000001,-0.6148288275,-0.74725065
codec_mixed_dev_v4,pmv3_0014__transcode_g711_opus,0.9171982310394966,0.7870174882118076,0.2930107239122076,0.87682617,0.79144615,-0.749099475,-0.7306518,-0.749599545
codec_mixed_dev_v4,pmv3_0015__clean,0.983940391553399,0.9375482901867759,0.9865157286849381,0.5403441,0.91380703,-0.74626785,0.736752345,-0.56598045
codec_mixed_dev_v4,pmv3_0015__g711_ulaw,0.772180592637636,0.9355274574696548,0.7675005485742374,0.8319048,0.90549254,-0.7485975,0.7414148775,-0.68993745
codec_mixed_dev_v4,pmv3_0015__g722_wb,0.9883587562927757,0.9444766825136915,0.9884740172598043,0.56030947,0.90600747,-0.749114175,0.738915675,-0.38215895250000004
codec_mixed_dev_v4,pmv3_0015__opus_nb_8k,0.9962082989707055,0.9929989204825448,0.5196289908862256,0.754552,0.664404,0.73298115,0.1892097525,0.74982633
codec_mixed_dev_v4,pmv3_0015__transcode_g711_opus,0.9844553332841117,0.9703899092564862,0.4385546968740606,0.7606025,0.6428505,0.17633424,-0.5174375250000001,0.22778055000000003
codec_mixed_dev_v4,pmv3_0016__clean,0.9377451397975556,0.002508021662742032,0.9385753979288419,0.63347024,0.77450556,-0.379248225,0.7467154125000001,0.7235445225
codec_mixed_dev_v4,pmv3_0016__g711_ulaw,0.8514757638853603,0.27040421393514913,0.8086458589947916,0.8496285,0.83537644,-0.192478875,0.7445039775,0.688192425
codec_mixed_dev_v4,pmv3_0016__g722_wb,0.9226778870274128,0.0007460547611716895,0.9224857775243873,0.6356289,0.78368384,-0.45503072250000004,0.7443517125,0.7028348775000001
codec_mixed_dev_v4,pmv3_0016__opus_nb_8k,0.5059328568490872,0.36776751586646284,0.15949894745171714,0.85522246,0.9218553,-0.71133582,-0.74976942,-0.7499784975
codec_mixed_dev_v4,pmv3_0016__transcode_g711_opus,0.2785316879736269,0.6140169072413454,0.1132279420062427,0.7825397,0.92969704,-0.749995875,-0.7472823375,-0.749981325
codec_mixed_dev_v4,pmv3_0017__clean,0.9082061051888124,0.7877696212194722,0.8205406642282264,0.69413805,0.94472975,-0.145390605,0.62634795,0.7248172724999999
codec_mixed_dev_v4,pmv3_0017__g711_ulaw,0.7981155794946396,0.7034031544014537,0.6859291798255144,0.87433463,0.9493604,-0.49383225,0.642312075,0.5569245375
codec_mixed_dev_v4,pmv3_0017__g722_wb,0.9034812175088428,0.8354839655874926,0.793209180210749,0.6765097,0.9474599,0.220971975,0.665554425,0.7449852
codec_mixed_dev_v4,pmv3_0017__opus_nb_8k,0.9657463504657907,0.9276423367347345,0.5063984753892643,0.86539054,0.8962206,-0.749809425,-0.74683857,-0.7488625200000001
codec_mixed_dev_v4,pmv3_0017__transcode_g711_opus,0.975506334176973,0.9554902482978793,0.46974012236752377,0.83496094,0.89325225,-0.726745875,-0.7341053625,-0.7499852250000001
codec_mixed_dev_v4,pmv3_0018__clean,0.9755575138455829,0.8479446457236518,0.8932024800745567,0.77756405,0.9440505,0.7499717475000001,0.74999982,0.7499994
codec_mixed_dev_v4,pmv3_0018__g711_ulaw,0.5940948381735661,0.2241469483422972,0.230527241210597,0.941986,0.96637404,-0.39818358749999994,0.30774251249999995,0.19544466000000002
codec_mixed_dev_v4,pmv3_0018__g722_wb,0.9748245084208222,0.8192883231649285,0.9160034858068655,0.80266225,0.94735515,0.749496825,0.749999925,0.749998305
codec_mixed_dev_v4,pmv3_0018__opus_nb_8k,0.9330764333914424,0.7319494692297236,0.21011096857835523,0.9486118,0.9760825,-0.706659675,-0.490668255,0.625137405
codec_mixed_dev_v4,pmv3_0018__transcode_g711_opus,0.95779229105397,0.8094510446150771,0.43881874325975934,0.9508076,0.9748624,-0.10064043750000001,-0.063760335,0.729662955
codec_mixed_dev_v4,pmv3_0019__clean,0.9332632091974778,0.0333554081990861,0.9393182941607343,0.774152,0.8876725,0.254968425,0.7377571875,0.7343523525
codec_mixed_dev_v4,pmv3_0019__g711_ulaw,0.8425780053531914,0.07027404627066336,0.779251141706773,0.90134084,0.90071934,0.6961791525000001,0.749993325,0.746486475
codec_mixed_dev_v4,pmv3_0019__g722_wb,0.9274011346711237,0.05950444269367362,0.9348556831831624,0.75238574,0.8813823,0.504428475,0.749699595,0.74189625
codec_mixed_dev_v4,pmv3_0019__opus_nb_8k,0.8104941087896691,0.7023394691281024,0.39080306193148856,0.9042998,0.9087667,-0.6338043375,-0.73016073,-0.7252676250000001
codec_mixed_dev_v4,pmv3_0019__transcode_g711_opus,0.848640576609281,0.7068789940977656,0.3572164004318304,0.9379185,0.92589504,-0.649027875,-0.547935525,-0.4471455
codec_mixed_dev_v4,pmv3_0020__clean,0.9145667024597212,0.940876820262963,0.007139426464651721,0.80930334,0.9463042,0.4412325,-0.08903707500000001,0.7488910875
codec_mixed_dev_v4,pmv3_0020__g711_ulaw,0.9289968492888049,0.9234899829956089,0.060311102117219795,0.9177542,0.96643794,0.44892247500000004,-0.020689461,0.627867375
codec_mixed_dev_v4,pmv3_0020__g722_wb,0.9182880403429567,0.9404943514344085,0.00832529869416808,0.81526786,0.9455524,0.6488795549999999,0.095274135,0.74996595
codec_mixed_dev_v4,pmv3_0020__opus_nb_8k,0.9889162259871925,0.9787202085898411,0.11735422409247305,0.95141155,0.9431135,-0.742174125,-0.592711875,-0.37659592499999994
codec_mixed_dev_v4,pmv3_0020__transcode_g711_opus,0.9106573638296689,0.7729955374157312,0.191592172427066,0.940621,0.94296837,-0.43478805000000004,-0.7272309525,0.1863718875
codec_mixed_dev_v4,pmv3_0021__clean,0.21152511237825244,0.03542188452196728,0.042962460780805574,0.870951,0.8559852,-0.74626425,0.7497942,0.22546282500000003
codec_mixed_dev_v4,pmv3_0021__g711_ulaw,0.3768098978412535,0.0818018763558458,0.3271993401604877,0.90695244,0.74868464,-0.551318475,0.749649225,0.425786475
codec_mixed_dev_v4,pmv3_0021__g722_wb,0.2940863759372413,0.014063133524320644,0.19105843944883685,0.86635923,0.83239543,-0.7290907050000001,0.7498877475,0.4501512
codec_mixed_dev_v4,pmv3_0021__opus_nb_8k,0.6277180148518275,0.6765987788034453,0.11938816866486979,0.9418601,0.42170563,-0.7499669999999999,-0.7498020974999999,-0.749999505
codec_mixed_dev_v4,pmv3_0021__transcode_g711_opus,0.6235942150310922,0.672116204215169,0.14996621487456,0.9557209,0.42670903,-0.7499967,-0.749802225,-0.749999325
codec_mixed_dev_v4,pmv3_0022__clean,0.8477031502595703,0.8910424852143242,0.13443175564195695,0.35391966,0.94203395,0.7007335875,-0.588869925,0.71799132
codec_mixed_dev_v4,pmv3_0022__g711_ulaw,0.7921357137633493,0.9559136601502015,0.054866240768906394,0.31404957,0.9648768,0.7195351125,0.31474755,0.7386688725
codec_mixed_dev_v4,pmv3_0022__g722_wb,0.8651883503267735,0.932585795673591,0.14127218699395114,0.36239156,0.93757856,0.69018045,-0.641887845,0.7460967000000001
codec_mixed_dev_v4,pmv3_0022__opus_nb_8k,0.8008348909667,0.9674581485749595,0.1010621406738781,0.3623653,0.92105967,0.675117375,-0.5680631700000001,0.74718207
codec_mixed_dev_v4,pmv3_0022__transcode_g711_opus,0.8839470303387629,0.9900077152552765,0.15234717851449603,0.31931844,0.9443519,0.7497820275,-0.44690868,0.74986392
codec_mixed_dev_v4,pmv3_0023__clean,0.6437735165817574,0.9336271994434288,0.10308749677685516,0.16513164,0.9696119,-0.7486519199999999,0.75,0.747377925
codec_mixed_dev_v4,pmv3_0023__g711_ulaw,0.21932758513931194,0.7453984365656652,0.002947209935464553,0.37328246,0.98235416,-0.6361275,0.749987775,-0.5643283725
codec_mixed_dev_v4,pmv3_0023__g722_wb,0.633146195094189,0.893883233738305,0.18084241547127064,0.17542061,0.97252446,-0.74816403,0.75,0.7466195250000001
codec_mixed_dev_v4,pmv3_0023__opus_nb_8k,0.31129125405117036,0.7402841737253028,0.24526554420699606,0.23691212,0.95983386,-0.74548305,0.7441643625000001,-0.71926185
codec_mixed_dev_v4,pmv3_0023__transcode_g711_opus,0.5450280761351295,0.901449060560898,0.20724121180771474,0.32092905,0.9681078,-0.749959275,-0.5491915949999999,-0.749895
codec_mixed_dev_v4,pmv3_0024__clean,0.5884497213537886,0.930607327496358,0.07006856217923922,0.21011981,0.8277673,0.19891267499999998,0.74583285,0.743987295
codec_mixed_dev_v4,pmv3_0024__g711_ulaw,0.6669929231072433,0.9320797800974568,0.061579154406066136,0.6222131,0.9577057,-0.36362741249999997,0.7493901975,0.7480668
codec_mixed_dev_v4,pmv3_0024__g722_wb,0.3429257439907781,0.9225320703831774,0.019371989455878733,0.2009277,0.84123576,0.035686059,0.7433109,0.714473925
codec_mixed_dev_v4,pmv3_0024__opus_nb_8k,0.5879687370854053,0.8683603973158593,0.20403228716661134,0.4068857,0.96695954,-0.6694086,0.46587275249999993,0.2733496875
codec_mixed_dev_v4,pmv3_0024__transcode_g711_opus,0.3262007393126502,0.7145554570455321,0.06695853650029382,0.25218204,0.94848853,-0.7174093500000001,-0.7366289625,-0.7299946125
codec_mixed_dev_v4,pmv3_0025__clean,0.8025441043877267,0.8196431107658656,0.5000719610237301,0.7234618,0.97156334,-0.6250880249999999,0.745113375,0.7498484999999999
codec_mixed_dev_v4,pmv3_0025__g711_ulaw,0.6653869117477015,0.71687005806729,0.20141286036224668,0.7343408,0.9709201,-0.7363638299999999,0.74999973,0.749979705
codec_mixed_dev_v4,pmv3_0025__g722_wb,0.8147356429474254,0.8136143781173281,0.5404375361699604,0.6793907,0.96988183,-0.6015737999999999,0.7430270999999999,0.749485125
codec_mixed_dev_v4,pmv3_0025__opus_nb_8k,0.7810845358684196,0.7779884903762704,0.6116003094357156,0.55845314,0.9672337,-0.7499994750000001,0.749998275,0.749403
codec_mixed_dev_v4,pmv3_0025__transcode_g711_opus,0.9831419293074662,0.9909173066212886,0.6318312071151161,0.697844,0.9163535,-0.749999775,0.749947275,0.7030019775
codec_mixed_dev_v4,pmv3_0026__clean,0.2984275717384662,0.8632218726732795,0.03639442526176002,0.6499278,0.923907,0.3513092775,0.74999817,0.747156075
codec_mixed_dev_v4,pmv3_0026__g711_ulaw,0.916436754513243,0.8794777331265184,0.13354206636325205,0.8800313,0.95135856,0.749662725,0.75,0.7499965125
codec_mixed_dev_v4,pmv3_0026__g722_wb,0.3205593948639227,0.8368983831972439,0.033208458653818454,0.6640004,0.90485615,0.0907628325,0.7499983875,0.7495329
codec_mixed_dev_v4,pmv3_0026__opus_nb_8k,0.9142195326512458,0.7010696507336359,0.2687474027045887,0.47946075,0.80786145,-0.3280647375,0.7499976749999999,0.74500185
codec_mixed_dev_v4,pmv3_0026__transcode_g711_opus,0.9101746374154642,0.8256231121880473,0.19117229365793945,0.4065603,0.7979228,-0.7498453275,0.20891750250000002,-0.74833455
codec_mixed_dev_v4,pmv3_0027__clean,0.7816693497660309,0.9159601302762601,0.10144429120072673,0.55579674,0.8989353,0.7499380499999999,0.2917475625,0.749958075
codec_mixed_dev_v4,pmv3_0027__g711_ulaw,0.842365244133415,0.9107965046178205,0.1061512441870788,0.67637086,0.91104126,0.74999925,-0.029767775999999996,0.7498260750000001
codec_mixed_dev_v4,pmv3_0027__g722_wb,0.8657954298428224,0.9131417363000733,0.3792896644941882,0.5625029,0.88991946,0.749984625,0.7456881,0.749999595
codec_mixed_dev_v4,pmv3_0027__opus_nb_8k,0.633964103002685,0.8984935519351267,0.0617958136518509,0.20915806,0.90117913,0.749848095,-0.144542535,0.7499046
codec_mixed_dev_v4,pmv3_0027__transcode_g711_opus,0.6865521887551319,0.9372179968176322,0.0524057461703122,0.2914298,0.86912656,0.749999505,-0.5890864125,0.7499808
codec_mixed_dev_v4,pmv3_0028__clean,0.5160734604747655,0.9824615789237318,0.02701159396383106,0.7445664,0.95728,0.6245751749999999,-0.680662875,-0.402024975
codec_mixed_dev_v4,pmv3_0028__g711_ulaw,0.9862599422376269,0.9883696417990623,0.01353433600100482,0.9077859,0.9673582,0.7170810224999999,0.747368025,0.70017573
codec_mixed_dev_v4,pmv3_0028__g722_wb,0.8562296072197395,0.9757987924862124,0.007522131331572589,0.7515007,0.95759284,0.5076249975,-0.7129998,-0.6048941025
codec_mixed_dev_v4,pmv3_0028__opus_nb_8k,0.9884676760774181,0.9908113788793049,0.07237712096631942,0.7890842,0.9469792,-0.42009884999999997,-0.74550735,-0.7241304525000001
codec_mixed_dev_v4,pmv3_0028__transcode_g711_opus,0.8995980492570904,0.9168442789159408,0.08996315712659847,0.74139065,0.94837326,-0.1131343125,-0.7162275,-0.7009971749999999
codec_mixed_dev_v4,pmv3_0029__clean,0.9178436021946613,0.9953984889053518,0.25257181106560483,0.2999495,0.94433373,0.711779505,0.331522935,0.7499745
codec_mixed_dev_v4,pmv3_0029__g711_ulaw,0.6055459955333174,0.9431532601640991,0.031062174583422992,0.28277478,0.93612003,0.746501025,0.47608949999999994,0.5662259025
codec_mixed_dev_v4,pmv3_0029__g722_wb,0.8914016478150918,0.9744092169981051,0.3514869686372797,0.29435363,0.9329855,0.7471881525,0.4453319025,0.749984025
codec_mixed_dev_v4,pmv3_0029__opus_nb_8k,0.21730142227909752,0.6043167725911646,0.04354178852225152,0.100803524,0.9495111,-0.7499874,-0.749975505,-0.749995125
codec_mixed_dev_v4,pmv3_0029__transcode_g711_opus,0.2544197525791264,0.48930766631025324,0.07080636636196092,0.058369763,0.9063854,-0.74999985,-0.7499677499999999,-0.749999955
codec_mixed_dev_v4,pmv3_0030__clean,0.9706659032840266,0.9654575986610399,0.8855100711579162,0.6343067,0.87609655,0.74924715,0.74981505,0.74999982
codec_mixed_dev_v4,pmv3_0030__g711_ulaw,0.7524416877644152,0.9553541688285704,0.12959475974876267,0.7508103,0.9452544,0.7499920874999999,0.748186155,0.7499996250000001
codec_mixed_dev_v4,pmv3_0030__g722_wb,0.9584223183637735,0.9660336547086208,0.7472264233377349,0.67254233,0.90427655,0.749274,0.6717403500000001,0.749993205
codec_mixed_dev_v4,pmv3_0030__opus_nb_8k,0.8428182549827067,0.9584202035903072,0.052188781639883754,0.763103,0.9029279,0.74998833,-0.6933303000000001,0.749996475
codec_mixed_dev_v4,pmv3_0030__transcode_g711_opus,0.8224630048590917,0.9731492142545547,0.05466148692838151,0.759959,0.93893147,0.74999355,-0.4789498125,0.7499964225
codec_mixed_dev_v4,pmv3_0031__clean,0.7704279805040505,0.7231787873751371,0.7385104864361873,0.6166606,0.8151579,-0.74994837,-0.36019105500000004,-0.740836995
codec_mixed_dev_v4,pmv3_0031__g711_ulaw,0.670767462851276,0.9324750133193923,0.11156993398067885,0.8806843,0.9055275,0.0077981235,0.732975975,0.728859975
codec_mixed_dev_v4,pmv3_0031__g722_wb,0.9229010068762766,0.8455426590936904,0.7013340808565386,0.6080948,0.7965357,-0.746223975,-0.617783145,-0.7371358125
codec_mixed_dev_v4,pmv3_0031__opus_nb_8k,0.8621254302915564,0.7941661506569767,0.07465667728526096,0.88045776,0.85283804,-0.7495744200000001,-0.7365502875000001,-0.714837
codec_mixed_dev_v4,pmv3_0031__transcode_g711_opus,0.9566110423792472,0.896582913409004,0.17243208421972994,0.9211102,0.86879003,0.45711959999999996,-0.34369567500000003,0.7102976775
codec_mixed_dev_v4,pmv3_0032__clean,0.9931032602897617,0.9752905606666291,0.8459740627610458,0.6986537,0.86011034,0.5398094250000001,0.749999175,0.749697045
codec_mixed_dev_v4,pmv3_0032__g711_ulaw,0.6460835951067982,0.9012553326924849,0.3002630556313506,0.5749917,0.8338235,0.722861025,0.7499964,0.7496889975000001
codec_mixed_dev_v4,pmv3_0032__g722_wb,0.9688893243664387,0.8461164292562338,0.7744219778924794,0.6919937,0.86877406,-0.0979676625,0.7497045975,0.7305354749999999
codec_mixed_dev_v4,pmv3_0032__opus_nb_8k,0.9726828440171978,0.956351617274362,0.15666473851211987,0.37874472,0.8445149,-0.08296354125000001,0.73022568,0.5623812
codec_mixed_dev_v4,pmv3_0032__transcode_g711_opus,0.8954327584770896,0.897723505264461,0.08077735899932491,0.48540467,0.8439532,0.724018125,0.029200902,0.1633720125
codec_mixed_dev_v4,pmv3_0033__clean,0.9209236002429236,0.8757399230889085,0.8346126501593004,0.5369452,0.71610355,-0.349247175,0.7133708625,0.7407807
codec_mixed_dev_v4,pmv3_0033__g711_ulaw,0.7096727252712466,0.944477733692531,0.35285789267224515,0.7819542,0.64161235,-0.5194972125,0.518031825,0.5188704
codec_mixed_dev_v4,pmv3_0033__g722_wb,0.925200445564753,0.8589321997030664,0.8448402944881177,0.510422,0.64798474,-0.623481495,0.7487073975,0.7477344300000001
codec_mixed_dev_v4,pmv3_0033__opus_nb_8k,0.5344123630534794,0.7061102354258876,0.25601929219479624,0.750536,0.846419,-0.7420686750000001,0.0930731175,0.443777325
codec_mixed_dev_v4,pmv3_0033__transcode_g711_opus,0.5514215510432887,0.7741204082319861,0.21666544745821592,0.7537047,0.7763209,-0.3844086,0.254806815,0.529759875
codec_mixed_dev_v4,pmv3_0034__clean,0.9920927595854251,0.9450997687311592,0.9493728293937118,0.7253687,0.88387936,0.03407624475,0.714108,0.7119825
codec_mixed_dev_v4,pmv3_0034__g711_ulaw,0.9969758255352331,0.9832874131128548,0.9464059042442292,0.9105017,0.6443932,-0.034575165,0.7499493,0.741410895
codec_mixed_dev_v4,pmv3_0034__g722_wb,0.9920345230262727,0.9496415453879288,0.9645385231379272,0.6968342,0.84988976,0.30619197,0.7456318875,0.7294852125
codec_mixed_dev_v4,pmv3_0034__opus_nb_8k,0.9103083464335711,0.9102698605315246,0.6691907792679695,0.4629401,0.43065733,0.52525575,0.6847039500000001,0.74991408
codec_mixed_dev_v4,pmv3_0034__transcode_g711_opus,0.94807908946069,0.7706980438135551,0.8913691918401232,0.3151743,0.49289107,0.6025152,0.6900545475,0.7499587799999999
codec_mixed_dev_v4,pmv3_0035__clean,0.9999825227041719,0.999917182664525,0.9857008810181892,0.7182475,0.79660946,0.7499715,0.75,0.749998725
codec_mixed_dev_v4,pmv3_0035__g711_ulaw,0.9999210500540352,0.9997559575700751,0.9097430993754073,0.9204156,0.5639737,0.11585178,0.749999955,0.7498631250000001
codec_mixed_dev_v4,pmv3_0035__g722_wb,0.9999834139846947,0.9999273555304236,0.9793009310392988,0.73871803,0.78123415,0.7171164299999999,0.75,0.74999808
codec_mixed_dev_v4,pmv3_0035__opus_nb_8k,0.9993371794652761,0.9985420647232883,0.7374242573772505,0.8780831,0.4327568,-0.7468002,0.048008697,-0.36142882499999995
codec_mixed_dev_v4,pmv3_0035__transcode_g711_opus,0.9997921874413804,0.999047117683299,0.8279006972527247,0.8898128,0.42027882,-0.5378059725000001,0.67717425,0.746741475
codec_mixed_dev_v4,pmv3_0036__clean,0.9964017146002533,0.9999367960566546,0.8993355674141882,0.6423864,0.9014961,0.649548225,0.749999775,0.7499868000000001
codec_mixed_dev_v4,pmv3_0036__g711_ulaw,0.9996025274336476,0.9997178903919275,0.3172846754930827,0.83637977,0.8707358,0.749466,0.749195295,0.749951925
codec_mixed_dev_v4,pmv3_0036__g722_wb,0.9955291309212722,0.999900228789658,0.8546798805410999,0.62003464,0.90434223,-0.0146628975,0.749999955,0.7497023625
codec_mixed_dev_v4,pmv3_0036__opus_nb_8k,0.9979397067781796,0.99899674778656,0.31333276409244054,0.9003449,0.71368754,-0.601341075,0.0662878425,0.5050060875
codec_mixed_dev_v4,pmv3_0036__transcode_g711_opus,0.9940359713918345,0.9996103214808887,0.15216746977409676,0.9229421,0.6061116,-0.7499895000000001,-0.731178525,-0.749994975
codec_mixed_dev_v4,pmv3_0037__clean,0.9893508325454136,0.9381206323487067,0.946029401617705,0.88897395,0.9235564,0.7485985875000001,0.75,0.7499997
codec_mixed_dev_v4,pmv3_0037__g711_ulaw,0.9909078269478349,0.9838196608749395,0.2867969637943066,0.8718542,0.96632075,0.710295975,0.67114155,0.7358448
codec_mixed_dev_v4,pmv3_0037__g722_wb,0.9880419826118838,0.940675841261661,0.9364666934810294,0.8700268,0.89323705,0.74907795,0.7499537775,0.74999352
codec_mixed_dev_v4,pmv3_0037__opus_nb_8k,0.9973700839153211,0.9908258936260368,0.8266144870239822,0.77776635,0.94962466,0.56139675,0.742044,0.7386047250000001
codec_mixed_dev_v4,pmv3_0037__transcode_g711_opus,0.9683314247917866,0.8585895304220011,0.7735701879479332,0.8497305,0.9710296,0.08976588,0.6242435550000001,0.6151377
codec_mixed_dev_v4,pmv3_0038__clean,0.9911251784865607,0.9654560604239457,0.8210308380862746,0.7601562,0.8557357,0.7490102625,0.44609685,0.749335125
codec_mixed_dev_v4,pmv3_0038__g711_ulaw,0.9806636047560701,0.926328769155447,0.8016944588512188,0.8727919,0.8216146,0.7499939250000001,0.74999085,0.7499939624999999
codec_mixed_dev_v4,pmv3_0038__g722_wb,0.9881934682595928,0.9528444998944163,0.8668594523995818,0.7718817,0.855584,0.74751975,0.578903025,0.749624445
codec_mixed_dev_v4,pmv3_0038__opus_nb_8k,0.9684658785283619,0.8928573030551095,0.663029177673812,0.88470143,0.83051646,0.59861745,0.748987275,0.749967825
codec_mixed_dev_v4,pmv3_0038__transcode_g711_opus,0.9522298529547015,0.8488193163006119,0.3133427566985444,0.8623349,0.794763,0.155297055,0.7498777799999999,0.7499598000000001
codec_mixed_dev_v4,pmv3_0039__clean,0.9538310200619471,0.9618922329977089,0.7553286546293623,0.38111454,0.8280407,0.6036717300000001,-0.031918665,0.73290762
codec_mixed_dev_v4,pmv3_0039__g711_ulaw,0.8903393147462055,0.9583823437735194,0.47183012599421337,0.736037,0.8309905,0.709275,0.713838075,0.7270597799999999
codec_mixed_dev_v4,pmv3_0039__g722_wb,0.9635206958894563,0.980031716694153,0.8186721347103816,0.3869688,0.8147259,0.5271191625,0.30652260000000003,0.726131475
codec_mixed_dev_v4,pmv3_0039__opus_nb_8k,0.6759882302249761,0.6970503567924822,0.37419930190638456,0.7016087,0.9103229,-0.7023630750000001,-0.229829595,-0.12981054749999998
codec_mixed_dev_v4,pmv3_0039__transcode_g711_opus,0.8680055381535111,0.7409101729396963,0.36871771989050617,0.7212881,0.9024075,-0.5786721975,0.03779384775,-0.2605272975
codec_mixed_dev_v4,pmv3_0040__clean,0.022469428362134388,0.07862624558567574,0.0025634212946402312,0.5389223,0.94781435,-0.749264775,-0.70998015,-0.74403675
codec_mixed_dev_v4,pmv3_0040__g711_ulaw,0.6529062953497443,0.7907031530283357,0.0011320425504363772,0.8918861,0.9611762,0.703603575,-0.667972905,-0.01708750425
codec_mixed_dev_v4,pmv3_0040__g722_wb,0.03736625525505328,0.049249641463047514,0.0036465769538328746,0.5205819,0.94741046,-0.73088175,-0.6675218475,-0.72793575
codec_mixed_dev_v4,pmv3_0040__opus_nb_8k,0.5952006101222901,0.5053917466633564,0.08221197602404445,0.88488966,0.95043397,-0.7432217249999999,-0.7491816,-0.7402884000000001
codec_mixed_dev_v4,pmv3_0040__transcode_g711_opus,0.6332979223535895,0.5079726176705956,0.04619846161747342,0.8559106,0.9614498,-0.6776719124999999,-0.7239052500000001,-0.51751605
codec_mixed_dev_v4,pmv3_0041__clean,0.4160474774202062,0.6574573446620936,0.13121424597758316,0.631065,0.93814087,-0.7499983875,-0.7498710749999999,-0.7499778
codec_mixed_dev_v4,pmv3_0041__g711_ulaw,0.5307038241545875,0.5106775468946247,0.04429627954042445,0.6004755,0.9414118,-0.7483504875,-0.1530983475,-0.65671875
codec_mixed_dev_v4,pmv3_0041__g722_wb,0.35337489046622017,0.3657228873493659,0.15241072653857626,0.6050118,0.9329074,-0.749999175,-0.7499241750000001,-0.7499855625
codec_mixed_dev_v4,pmv3_0041__opus_nb_8k,0.8863879022797306,0.7379923451522693,0.0635671768099823,0.7456484,0.95698273,-0.373905795,-0.6942028124999999,0.69711
codec_mixed_dev_v4,pmv3_0041__transcode_g711_opus,0.8578152231523553,0.6612101566518765,0.11895762251934527,0.7895388,0.94803166,-0.749524755,-0.38166918,0.3040062225
codec_mixed_dev_v4,pmv3_0042__clean,0.5956616555886437,0.9314463885638532,0.12486810521148255,0.6507674,0.9218915,0.74998668,0.318626775,0.7497852
codec_mixed_dev_v4,pmv3_0042__g711_ulaw,0.9472366949227998,0.9383404296479856,0.07690909668705762,0.9255313,0.97045434,0.74999562,0.75,0.749999505
codec_mixed_dev_v4,pmv3_0042__g722_wb,0.7542489351460214,0.934890888364616,0.33064946119069066,0.6750145,0.9133271,0.7499990999999999,0.11560438499999999,0.7499244525
codec_mixed_dev_v4,pmv3_0042__opus_nb_8k,0.9426043839579425,0.8964070283181109,0.5443043698547819,0.91309524,0.9683441,0.7305685500000001,0.7499966025,0.74999775
codec_mixed_dev_v4,pmv3_0042__transcode_g711_opus,0.9761717109320891,0.9382240611565431,0.7465326524582517,0.933547,0.9669688,0.71406792,0.74999865,0.7499994
codec_mixed_dev_v4,pmv3_0043__clean,0.31151073759118764,0.014146572811637706,0.07600590243865078,0.7296921,0.94746214,0.732562425,-0.719272725,0.6251405775000001
codec_mixed_dev_v4,pmv3_0043__g711_ulaw,0.4972240930659351,0.3034442795569011,0.00776742637698492,0.9141785,0.92378116,0.744488925,-0.533643375,0.737619075
codec_mixed_dev_v4,pmv3_0043__g722_wb,0.266090730461764,0.07938127494843829,0.07214787857893692,0.7265737,0.9416207,0.7193556,-0.7302,-0.11613741749999999
codec_mixed_dev_v4,pmv3_0043__opus_nb_8k,0.9479054688584613,0.9413023937681954,0.0240921276830839,0.93203765,0.9453287,-0.13735839,-0.74885055,-0.212706105
codec_mixed_dev_v4,pmv3_0043__transcode_g711_opus,0.5694128777909011,0.5136597081615536,0.03362572739199574,0.93859404,0.9225075,-0.574337475,-0.7484260500000001,-0.7160092125
codec_mixed_dev_v4,pmv3_0044__clean,0.573001495911808,0.5099113339276551,0.5043789884414466,0.5879856,0.88009965,-0.49277662499999997,0.07215282749999999,-0.6133088625
codec_mixed_dev_v4,pmv3_0044__g711_ulaw,0.25326744454776173,0.10017110133263193,0.01535095775193652,0.8040487,0.91753,0.4840203525,0.6855422250000001,-0.11282284499999999
codec_mixed_dev_v4,pmv3_0044__g722_wb,0.6120163060482651,0.4677946270635882,0.4894393749573836,0.60052794,0.8834908,-0.36327885000000004,-0.40363642499999997,-0.6098106375
codec_mixed_dev_v4,pmv3_0044__opus_nb_8k,0.9259935602662841,0.6850998013651973,0.19823664991002396,0.70640796,0.9119063,-0.13364277749999998,-0.19521472500000003,0.72360855
codec_mixed_dev_v4,pmv3_0044__transcode_g711_opus,0.9061306586888936,0.717429291863655,0.18147320881138482,0.7259409,0.9228065,0.55363485,-0.13813831499999998,0.7181721000000001
codec_mixed_dev_v4,pmv3_0045__clean,0.9319770240372681,0.9162900236748752,0.6948555386615837,0.6211641,0.8884618,0.72005448,0.735567345,0.742174875
codec_mixed_dev_v4,pmv3_0045__g711_ulaw,0.7281061137624095,0.6920901922495998,0.16421087316605654,0.9193753,0.96770537,0.7314835049999999,0.6854252999999999,0.61691115
codec_mixed_dev_v4,pmv3_0045__g722_wb,0.894197492216209,0.9414200749185558,0.5325052277233987,0.6450226,0.843933,0.674695275,0.626063325,0.728921175
codec_mixed_dev_v4,pmv3_0045__opus_nb_8k,0.9221245141763836,0.8219725222205578,0.13365592508909815,0.9132847,0.9130815,-0.383152275,-0.748149075,0.729159825
codec_mixed_dev_v4,pmv3_0045__transcode_g711_opus,0.955243332054934,0.8943093635719502,0.1596382125398899,0.93176544,0.92470884,-0.09161577,-0.7478796225,0.7406204475
codec_mixed_dev_v4,pmv3_0046__clean,0.6869734311519974,0.18806214399987406,0.8051532783543495,0.6038548,0.9098148,0.28352469,0.735823425,-0.25713025500000003
codec_mixed_dev_v4,pmv3_0046__g711_ulaw,0.5404856709619695,0.17637175019612872,0.4781942991681831,0.92171365,0.9598825,0.737601525,0.7483821749999999,0.60725925
codec_mixed_dev_v4,pmv3_0046__g722_wb,0.7345809482410183,0.5724781196287515,0.778998741262589,0.6119645,0.8900804,0.718025475,0.5882483249999999,-0.286697655
codec_mixed_dev_v4,pmv3_0046__opus_nb_8k,0.83855107319612,0.6698549761582815,0.31579077956568075,0.8482702,0.89445376,-0.5639740050000001,-0.6839466750000001,-0.7479618375
codec_mixed_dev_v4,pmv3_0046__transcode_g711_opus,0.48294956632590436,0.12881738996033937,0.48088781937990843,0.85332566,0.73183465,-0.7322976,-0.08593901625,-0.50777283
codec_mixed_dev_v4,pmv3_0047__clean,0.19191179202036845,0.022631940642525727,0.05919597907599999,0.720227,0.89482254,-0.72919545,-0.6630474749999999,-0.6422713125
codec_mixed_dev_v4,pmv3_0047__g711_ulaw,0.5737967342146125,0.5604463983332901,0.07032263376682171,0.73514354,0.9440224,0.404863875,-0.053804467499999994,0.6898356375
codec_mixed_dev_v4,pmv3_0047__g722_wb,0.18266250956040753,0.019071837862997196,0.06255125202311419,0.71044695,0.89110494,-0.7459550475,-0.6894145724999999,-0.7236309375
codec_mixed_dev_v4,pmv3_0047__opus_nb_8k,0.4862309656395407,0.5238781333665385,0.07645318356335232,0.8900397,0.95003676,-0.690545625,-0.74809143,-0.7341300000000001
codec_mixed_dev_v4,pmv3_0047__transcode_g711_opus,0.48619471814688003,0.5164536857552181,0.08516504939223132,0.86638784,0.9624515,-0.6999422024999999,-0.74754555,-0.7344906
codec_mixed_dev_v4,pmv3_0048__clean,0.059277166344207696,0.03936069978749364,0.02092812039256471,0.9119672,0.9232128,-0.6215749500000001,-0.6675,-0.7234924875
codec_mixed_dev_v4,pmv3_0048__g711_ulaw,0.1018624013574813,0.13079435537886733,0.02646515119659411,0.95918524,0.9371094,-0.7195719,-0.3166783125,-0.72770985
codec_mixed_dev_v4,pmv3_0048__g722_wb,0.1488041507064917,0.2594681833054143,0.01033704044655719,0.9069354,0.92775506,-0.13416047250000002,-0.6269930025,-0.7017330225
codec_mixed_dev_v4,pmv3_0048__opus_nb_8k,0.4820795337331604,0.5456948473332235,0.11273212942407058,0.96488565,0.87443364,-0.7499803724999999,-0.736520175,-0.74999925
codec_mixed_dev_v4,pmv3_0048__transcode_g711_opus,0.6269144976647443,0.7690579138968907,0.09289380126074563,0.95827204,0.87176687,-0.749669325,-0.747975825,-0.7499994750000001
codec_mixed_dev_v4,pmv3_0049__clean,0.6224126807187473,0.6317789715427101,0.33737357375449184,0.63065755,0.9013252,-0.43245622499999997,0.5080083,0.46666592249999994
codec_mixed_dev_v4,pmv3_0049__g711_ulaw,0.4314124370335131,0.5326525796803836,0.11103687240821408,0.7294591,0.8950186,0.35362284,0.420321225,0.38049607499999993
codec_mixed_dev_v4,pmv3_0049__g722_wb,0.6024162246197454,0.5604757797484713,0.270508477820931,0.6545274,0.90161985,-0.334777305,0.1601801475,0.375187725
codec_mixed_dev_v4,pmv3_0049__opus_nb_8k,0.7506102039336103,0.621072272165936,0.2302511301819472,0.6497885,0.83909035,-0.6367335749999999,-0.6131016,-0.727498875
codec_mixed_dev_v4,pmv3_0049__transcode_g711_opus,0.7253294186306521,0.5529634473015437,0.21982878313653365,0.5724697,0.8659294,-0.7494018225,-0.7467369749999999,-0.7499193975
codec_mixed_dev_v4,pmv3_0050__clean,0.6890060837648595,0.29710243459010455,0.6914822655820776,0.5548609,0.8059841,-0.5920649625,-0.41409157499999993,-0.7009659975
codec_mixed_dev_v4,pmv3_0050__g711_ulaw,0.4161448735983207,0.6542603574848447,0.1333574787040224,0.79465085,0.7704016,0.557635095,-0.7230326250000001,-0.728568525
codec_mixed_dev_v4,pmv3_0050__g722_wb,0.6787084076462908,0.22360253230859792,0.702871294562857,0.6226959,0.8189451,-0.7117799250000001,-0.32966371499999997,-0.7068513
codec_mixed_dev_v4,pmv3_0050__opus_nb_8k,0.4737989649322381,0.30199653416642397,0.126706205345146,0.87860364,0.9067078,-0.57050268,-0.7499055,-0.616878975
codec_mixed_dev_v4,pmv3_0050__transcode_g711_opus,0.6132789121756744,0.43585148353503617,0.06869071212211836,0.9010038,0.89886403,-0.74992758,-0.7499853,-0.74999973
codec_mixed_dev_v4,pmv3_0051__clean,0.9456223382584953,0.24191675047096958,0.9527595669207687,0.7110196,0.90955544,-0.7494150975,0.749999505,0.7455357
codec_mixed_dev_v4,pmv3_0051__g711_ulaw,0.9591486756433724,0.7385421279492579,0.7511937679636609,0.8675431,0.8968759,0.0971349825,0.74999985,0.749246175
codec_mixed_dev_v4,pmv3_0051__g722_wb,0.9460423735474885,0.18001287003789515,0.9512599454008404,0.74414563,0.90512204,-0.74442288,0.7499785875,0.73442145
codec_mixed_dev_v4,pmv3_0051__opus_nb_8k,0.9856221205171893,0.8723438650888259,0.9106605039094156,0.7545693,0.9049791,0.01051573125,0.6785175,0.7438989
codec_mixed_dev_v4,pmv3_0051__transcode_g711_opus,0.9768189173742814,0.7522560969948993,0.8239698755753899,0.77611554,0.9176346,-0.7123155,0.748712325,0.7377124875
codec_mixed_dev_v4,pmv3_0052__clean,0.913717764573851,0.971314870570306,0.8132432243134,0.650137,0.84871745,-0.745370955,0.748236075,0.5490747375
codec_mixed_dev_v4,pmv3_0052__g711_ulaw,0.3893710995385955,0.6167859795737705,0.21676100950870275,0.6924417,0.9235227,-0.7499377725,-0.043722963,-0.69551205
codec_mixed_dev_v4,pmv3_0052__g722_wb,0.9522757494749801,0.945298539162634,0.27364366046453203,0.6589375,0.85548747,-0.74358915,0.743641875,0.43536213
codec_mixed_dev_v4,pmv3_0052__opus_nb_8k,0.9670754204583095,0.9442331926802788,0.3901301878442804,0.8090512,0.8670324,-0.7499930699999999,-0.46146870000000006,-0.7473756375
codec_mixed_dev_v4,pmv3_0052__transcode_g711_opus,0.888962098760095,0.8161515030911283,0.2643697035596523,0.8431298,0.87197065,-0.74999985,-0.7493657250000001,-0.7499896724999999
codec_mixed_dev_v4,pmv3_0053__clean,0.6396200023905594,0.0561936838369781,0.5389242459949284,0.75323164,0.7940266,-0.7464256874999999,-0.6442336125,-0.37734247500000007
codec_mixed_dev_v4,pmv3_0053__g711_ulaw,0.5063838286657109,0.20798404639002716,0.2980803529710758,0.9298589,0.86369294,0.44429907,-0.606068325,-0.36715608
codec_mixed_dev_v4,pmv3_0053__g722_wb,0.6758875122262044,0.015410134434814166,0.5699935990591016,0.73902065,0.80341417,-0.746275425,-0.6068253375,-0.0816395025
codec_mixed_dev_v4,pmv3_0053__opus_nb_8k,0.9690835484277711,0.9370873603823141,0.22809625828086164,0.92775583,0.88644254,0.681889725,-0.7483999725,0.611608125
codec_mixed_dev_v4,pmv3_0053__transcode_g711_opus,0.9609229550713064,0.8817312213829122,0.22384954484887978,0.9207689,0.8547267,0.000534512475,-0.7171083,0.5313752025
codec_mixed_dev_v4,pmv3_0054__clean,0.9656003622118429,0.6585406989368423,0.95886240777971,0.68805975,0.80839324,0.6495051375,0.749999925,0.7499896724999999
codec_mixed_dev_v4,pmv3_0054__g711_ulaw,0.9633170364595188,0.8655906908353516,0.8274028822942168,0.875732,0.83165824,0.7497771,0.735086025,0.7464006974999999
codec_mixed_dev_v4,pmv3_0054__g722_wb,0.950315662186044,0.6439411772615025,0.9349095305647446,0.65646124,0.7502262,0.74845755,0.722947875,0.74268177
codec_mixed_dev_v4,pmv3_0054__opus_nb_8k,0.9819840702465533,0.9302416697163842,0.7942509601070633,0.87012064,0.8290397,0.512646825,0.52278255,0.7478103375
codec_mixed_dev_v4,pmv3_0054__transcode_g711_opus,0.959750482799342,0.8751053762747443,0.3178583821575336,0.84767157,0.80959916,-0.21520959,0.5828519249999999,0.62370705
codec_mixed_dev_v4,pmv3_0055__clean,0.9383959859318165,0.44288139701465046,0.9269255341679136,0.68306774,0.95295095,0.6320135625,0.7497009,0.695644725
codec_mixed_dev_v4,pmv3_0055__g711_ulaw,0.5295670969192368,0.05513052643456488,0.3936630274410723,0.91160446,0.97798604,0.7468422375,0.729075225,0.7309600275
codec_mixed_dev_v4,pmv3_0055__g722_wb,0.9014417386404632,0.25366335453936084,0.893754808707082,0.6965406,0.9538391,0.27598703999999996,0.7499315625,0.7111034549999999
codec_mixed_dev_v4,pmv3_0055__opus_nb_8k,0.886764621900906,0.6353665913271095,0.2634843168588924,0.8696552,0.94452417,-0.0289256175,-0.741374595,0.73880643
codec_mixed_dev_v4,pmv3_0055__transcode_g711_opus,0.9055565674398152,0.7438963538909148,0.27126908040136843,0.87181073,0.9514724,0.280389675,-0.7493631975,0.72506292
codec_mixed_dev_v4,pmv3_0056__clean,0.9354591728720338,0.8279507648470527,0.6817610601325054,0.73385316,0.88725996,-0.495842925,0.5220796050000001,-0.19428379499999998
codec_mixed_dev_v4,pmv3_0056__g711_ulaw,0.5358318196074096,0.5379700175007311,0.03805118974630807,0.8224445,0.88141257,-0.7144567500000001,-0.19342155,-0.7439115000000001
codec_mixed_dev_v4,pmv3_0056__g722_wb,0.9484857944435775,0.9189648874066084,0.5084823753643466,0.75129515,0.9088306,0.4416294,0.737749905,0.47264380500000003
codec_mixed_dev_v4,pmv3_0056__opus_nb_8k,0.706695112962225,0.6310920292737406,0.06527009747771188,0.7515751,0.9258336,-0.7496672249999999,-0.7416558,-0.7499264999999999
codec_mixed_dev_v4,pmv3_0056__transcode_g711_opus,0.5041208350860644,0.34552785514155837,0.05292798853619319,0.7454063,0.93625593,-0.74277855,-0.749780955,-0.749993205
codec_mixed_dev_v4,pmv3_0057__clean,0.5363571691238254,0.7372435848835877,0.3881097577751096,0.6581043,0.8771128,-0.74607168,0.7418552475,-0.0615433275
codec_mixed_dev_v4,pmv3_0057__g711_ulaw,0.7918618414472375,0.6500916007668897,0.0664054359378415,0.9214775,0.89773315,-0.600152775,0.7405120875,-0.6084738
codec_mixed_dev_v4,pmv3_0057__g722_wb,0.4047933764589794,0.7535216519989195,0.2804775458532002,0.657881,0.8322614,-0.728550555,0.5304264,-0.6928004625
codec_mixed_dev_v4,pmv3_0057__opus_nb_8k,0.46354859003033755,0.7240457043777248,0.25332274837283253,0.8294849,0.9025838,-0.7272967499999999,-0.28298418000000003,-0.699410775
codec_mixed_dev_v4,pmv3_0057__transcode_g711_opus,0.8904238795920267,0.8260259429127415,0.11568734438023198,0.8672752,0.9309539,-0.746902275,-0.5221190775,-0.5949339
codec_mixed_dev_v4,pmv3_0058__clean,0.2306953354306101,0.07652212082115478,0.17168636405410517,0.54985166,0.8805897,-0.72446655,-0.350330985,-0.688314675
codec_mixed_dev_v4,pmv3_0058__g711_ulaw,0.5870058915991485,0.10912681117693993,0.4874093079449306,0.5681438,0.9024851,-0.362526345,0.7499862,0.74397303
codec_mixed_dev_v4,pmv3_0058__g722_wb,0.5132332896995898,0.031805961999535115,0.5120306014724268,0.56467116,0.8872102,-0.721811175,0.461603325,0.0594701475
codec_mixed_dev_v4,pmv3_0058__opus_nb_8k,0.3145472333905415,0.17792847076096635,0.20639146268667813,0.35242766,0.9144997,-0.7466547,-0.1498231425,0.054122392500000005
codec_mixed_dev_v4,pmv3_0058__transcode_g711_opus,0.38848830816423574,0.1809164460749041,0.33865107842248143,0.1284025,0.924461,-0.746757225,0.748341225,0.7161358125
codec_mixed_dev_v4,pmv3_0059__clean,0.96012498800038,0.8665147601718739,0.9231411807112588,0.66157764,0.8561023,0.28934529,0.7499977200000001,0.749935425
codec_mixed_dev_v4,pmv3_0059__g711_ulaw,0.871122971465292,0.40204860873748566,0.27374302438773945,0.77041125,0.9022759,-0.663282705,0.7007484,0.7125888
codec_mixed_dev_v4,pmv3_0059__g722_wb,0.9584844364816418,0.7786163762492493,0.932225552230908,0.62577915,0.8065551,-0.168383115,0.749996325,0.749867475
codec_mixed_dev_v4,pmv3_0059__opus_nb_8k,0.8537306165533776,0.8526057096047708,0.7874136977148517,0.7764897,0.88061905,-0.747749895,0.7083192,0.743071875
codec_mixed_dev_v4,pmv3_0059__transcode_g711_opus,0.9737038012884165,0.7895304241533733,0.6435396630304072,0.7805211,0.8890119,-0.7499945025,0.747297525,0.71973855
codec_mixed_dev_v4,pmv3_0060__clean,0.5160511367021562,0.6071787882851859,0.28226988451652446,0.39830267,0.89317673,-0.7486963124999999,-0.7329712500000001,-0.7481794500000001
codec_mixed_dev_v4,pmv3_0060__g711_ulaw,0.49912472413012837,0.8731770285004952,0.0295235875453153,0.21833861,0.9380109,0.58957995,0.690225495,0.0863514975
codec_mixed_dev_v4,pmv3_0060__g722_wb,0.3856080850866511,0.8051826095604115,0.11949223847916521,0.42598417,0.8998439,-0.7466511,-0.7120946625,-0.7423689375
codec_mixed_dev_v4,pmv3_0060__opus_nb_8k,0.5107253357822201,0.8923914141143676,0.08491471673532644,0.31737366,0.933725,0.7406241,-0.38874877499999994,-0.08215168125
codec_mixed_dev_v4,pmv3_0060__transcode_g711_opus,0.37091696590180656,0.7997094546792635,0.08756608185011498,0.25874442,0.9363723,0.1415757675,-0.1530615675,-0.626446995
codec_mixed_dev_v4,pmv3_0061__clean,0.9059676504317047,0.8675069840718092,0.03239565672867014,0.6962772,0.92011577,0.72176955,-0.6732371024999999,0.735998955
codec_mixed_dev_v4,pmv3_0061__g711_ulaw,0.9553847578740499,0.9419703692385158,0.1405921948835706,0.74358165,0.9225678,0.7150275,-0.618528825,0.7464995249999999
codec_mixed_dev_v4,pmv3_0061__g722_wb,0.9149371221172857,0.8658604584200095,0.24920861652497192,0.72517467,0.9162204,0.7453280250000001,-0.493951575,0.7401091725
codec_mixed_dev_v4,pmv3_0061__opus_nb_8k,0.8650327247789703,0.6478943199653631,0.16503146696220858,0.75023615,0.9127815,-0.49756143750000004,-0.621167025,0.0677272305
codec_mixed_dev_v4,pmv3_0061__transcode_g711_opus,0.9745105256419018,0.9305848723215256,0.2424220946419174,0.8225661,0.9272594,0.20245200000000002,0.074366295,0.6004972875000001
codec_mixed_dev_v4,pmv3_0062__clean,0.9325561253488891,0.9780766816113797,0.20209007683750244,0.54241896,0.96913034,0.028879157250000002,-0.6769066499999999,0.725192775
codec_mixed_dev_v4,pmv3_0062__g711_ulaw,0.9615294561699342,0.9938220498555143,0.5066278330035578,0.88199747,0.962445,0.7439222475,0.719558775,0.7490922525
codec_mixed_dev_v4,pmv3_0062__g722_wb,0.9376460811981147,0.9672317980269274,0.25706166927241825,0.5504865,0.9671067,0.20731314,-0.625426575,0.72465183
codec_mixed_dev_v4,pmv3_0062__opus_nb_8k,0.9447300822737372,0.9037515850437426,0.21803474057596936,0.84677577,0.9209611,-0.7337980275,-0.74254632,-0.7478832449999999
codec_mixed_dev_v4,pmv3_0062__transcode_g711_opus,0.9885341404420209,0.9750704657007633,0.24256212728031545,0.8741365,0.86485076,-0.74231235,-0.7434837525,-0.7497233249999999
codec_mixed_dev_v4,pmv3_0063__clean,0.9407610639938017,0.9920766625147556,0.1392706264361772,0.637556,0.8973351,0.706791,-0.10391697750000001,0.741668655
codec_mixed_dev_v4,pmv3_0063__g711_ulaw,0.9520458018502618,0.9603066488227442,0.03370821536999567,0.91477126,0.91700435,0.60982092,-0.749804955,0.28763977500000004
codec_mixed_dev_v4,pmv3_0063__g722_wb,0.9498981439305988,0.9688860432286388,0.31687961912217727,0.6331189,0.8808785,0.339824175,0.0640784595,0.7133883000000001
codec_mixed_dev_v4,pmv3_0063__opus_nb_8k,0.7008971029452472,0.8220693337371248,0.06304842194581159,0.9246435,0.9360454,-0.04844293499999999,-0.7499415,-0.72616638
codec_mixed_dev_v4,pmv3_0063__transcode_g711_opus,0.5978433605843877,0.6181563328160262,0.05067890176665326,0.8875229,0.9215243,-0.6760452,-0.7499853375000001,-0.7499072250000001
codec_mixed_dev_v4,pmv3_0064__clean,0.7829040230785198,0.8580101124441574,0.0006558115842617997,0.8138584,0.9400951,0.74959713,-0.24168884999999998,0.7498923975
codec_mixed_dev_v4,pmv3_0064__g711_ulaw,0.830130657382536,0.8659321361497472,0.0010260653346970705,0.92509866,0.94802564,0.6653862749999999,0.0351134025,0.74025603
codec_mixed_dev_v4,pmv3_0064__g722_wb,0.7777807400441147,0.8593782436664764,0.0005020230904980345,0.7886536,0.93649614,0.7493731499999999,-0.25409985,0.749748825
codec_mixed_dev_v4,pmv3_0064__opus_nb_8k,0.8198118721327893,0.8725466754285178,0.007561460361355746,0.94184434,0.9313287,0.6949568700000001,-0.7464471749999999,0.46882124999999997
codec_mixed_dev_v4,pmv3_0064__transcode_g711_opus,0.8604547277292071,0.8859333473130089,0.01521875236291677,0.9329252,0.94519687,0.6704625,-0.7375952775,0.691376175
codec_mixed_dev_v4,pmv3_0065__clean,0.9039744054623584,0.9617409074307898,0.2662246605888206,0.63060504,0.9123935,0.6773812499999999,0.0977795025,0.747264975
codec_mixed_dev_v4,pmv3_0065__g711_ulaw,0.8116857269038389,0.8872244052017527,0.29098666879092416,0.91589487,0.96930367,0.634155825,0.5306135249999999,-0.2624269725
codec_mixed_dev_v4,pmv3_0065__g722_wb,0.9072697838974788,0.9536457794212799,0.3916771922914073,0.639465,0.91181135,0.716684145,0.454877475,0.74344425
codec_mixed_dev_v4,pmv3_0065__opus_nb_8k,0.9349429398779356,0.6972627492802674,0.732084908738285,0.9105702,0.9553107,-0.569471955,0.715481325,0.712395825
codec_mixed_dev_v4,pmv3_0065__transcode_g711_opus,0.8612792149973125,0.6139175630888496,0.48002338311263265,0.93233305,0.97128546,-0.37811340000000004,0.27588831,0.683720925
codec_mixed_dev_v4,pmv3_0066__clean,0.9132040467519436,0.8533425337690751,0.09194300860885717,0.69603854,0.8779915,-0.5030442749999999,0.6622638750000001,0.65851338
codec_mixed_dev_v4,pmv3_0066__g711_ulaw,0.9079079014936433,0.8588274689483942,0.32413457728692113,0.9055093,0.9062412,0.3049769775,0.4174725975,0.6664926375
codec_mixed_dev_v4,pmv3_0066__g722_wb,0.8995965552071926,0.8252796510120677,0.23863057379007557,0.64378256,0.874492,-0.3710350725,0.69614595,0.6444625875
codec_mixed_dev_v4,pmv3_0066__opus_nb_8k,0.4005012442990074,0.7974856425794472,0.11323148838559285,0.80207443,0.93348676,-0.40924965,-0.747183,-0.7467232500000001
codec_mixed_dev_v4,pmv3_0066__transcode_g711_opus,0.4908219434960843,0.8894192702497958,0.1347428095421369,0.7335004,0.94534767,0.19177130250000002,-0.741575895,-0.6441479625000001
codec_mixed_dev_v4,pmv3_0067__clean,0.9876533963268155,0.9766280596800412,0.5391665526621414,0.6991277,0.87151134,0.74669085,-0.3473652225,0.7499763525
codec_mixed_dev_v4,pmv3_0067__g711_ulaw,0.9771354426130432,0.9540861622294031,0.24782221301305013,0.91136587,0.89812493,0.600498405,-0.141775455,0.74538375
codec_mixed_dev_v4,pmv3_0067__g722_wb,0.98864729292641,0.9784375771432988,0.5027241325854228,0.70711386,0.82495284,0.7452492749999999,-0.7277292,0.7495683
codec_mixed_dev_v4,pmv3_0067__opus_nb_8k,0.997922523212962,0.9964688778566378,0.20982826415851674,0.9134158,0.8731997,0.59126595,-0.746279595,0.7441686000000001
codec_mixed_dev_v4,pmv3_0067__transcode_g711_opus,0.9983541113241214,0.9971402700706176,0.2257212190455118,0.9273327,0.87846416,0.74739675,-0.7496673,0.7488056999999999
codec_mixed_dev_v4,pmv3_0068__clean,0.9305811748429932,0.9198921037801759,0.0009615204548039943,0.59797895,0.8420309,0.7499969625,-0.637654125,0.7499382
codec_mixed_dev_v4,pmv3_0068__g711_ulaw,0.7492073136904196,0.9267671919887415,0.05583581500405591,0.44441497,0.84630466,0.7499985225,0.696073725,0.749968725
codec_mixed_dev_v4,pmv3_0068__g722_wb,0.9361478127604702,0.9247882851746015,0.007513156023094784,0.6218759,0.84223133,0.7499960999999999,-0.651556875,0.74993745
codec_mixed_dev_v4,pmv3_0068__opus_nb_8k,0.7045545504047891,0.8595025199393905,0.031088711938213935,0.5400118,0.84720653,0.749992575,-0.6687737250000001,0.749955825
codec_mixed_dev_v4,pmv3_0068__transcode_g711_opus,0.7418128747195569,0.8713317763818642,0.052152438624222225,0.5143641,0.88787967,0.74999298,-0.7200286499999999,0.7499042250000001
codec_mixed_dev_v4,pmv3_0069__clean,0.9939796297260568,0.9941223487651561,0.31530270590250775,0.78347623,0.91385496,0.74998587,-0.1733523675,0.7499948249999999
codec_mixed_dev_v4,pmv3_0069__g711_ulaw,0.9732964895207338,0.9772148253767977,0.05271249802543471,0.78075504,0.92657965,0.749794725,-0.15044883750000002,0.749983275
codec_mixed_dev_v4,pmv3_0069__g722_wb,0.9765153308086674,0.973765733057185,0.2834943290644738,0.7538648,0.91303873,0.74998842,-0.40593597,0.7499946375000001
codec_mixed_dev_v4,pmv3_0069__opus_nb_8k,0.9583742886077414,0.949403115953056,0.12499823009220164,0.86558664,0.9201937,0.74949855,-0.6562739625,0.7499645475
codec_mixed_dev_v4,pmv3_0069__transcode_g711_opus,0.9406344443071751,0.911887970029656,0.14994939417788242,0.8991413,0.943193,0.7499798249999999,-0.74075787,0.7499538
codec_mixed_dev_v4,pmv3_0070__clean,0.9663692769528998,0.854858877840856,0.81761707437211,0.7735332,0.8322547,0.6777413999999999,0.5418301799999999,0.74957925
codec_mixed_dev_v4,pmv3_0070__g711_ulaw,0.9544835531016076,0.9107248644050927,0.0877300147390213,0.65162355,0.828593,0.7494107999999999,0.059274589499999995,0.70914075
codec_mixed_dev_v4,pmv3_0070__g722_wb,0.9626665072396433,0.8473414379665135,0.7233587021097119,0.78386694,0.8331915,0.5065848375,0.35260662,0.7487712
codec_mixed_dev_v4,pmv3_0070__opus_nb_8k,0.9262827478186968,0.7992158327219564,0.169952740633638,0.8263701,0.6514514,0.70072665,-0.63683535,0.7197593250000001
codec_mixed_dev_v4,pmv3_0070__transcode_g711_opus,0.7652179182982816,0.4749105117716289,0.20754908485730877,0.8337952,0.6285445,-0.7213752,-0.3713428725,-0.69842112
codec_mixed_dev_v4,pmv3_0071__clean,0.9776474890085787,0.9295137409545169,0.3759348245474951,0.71546847,0.9552091,0.3559526475,-0.51399135,0.730444905
codec_mixed_dev_v4,pmv3_0071__g711_ulaw,0.9504134930970235,0.9428520285023566,0.017458950627558242,0.9243027,0.9618603,0.7474113975,0.163904595,0.74989548
codec_mixed_dev_v4,pmv3_0071__g722_wb,0.9487083336989172,0.8897077674202309,0.03031291059477749,0.76436543,0.9459216,0.617485125,-0.6681432,0.734577
codec_mixed_dev_v4,pmv3_0071__opus_nb_8k,0.9392138245839584,0.8807924651105002,0.14109682307479196,0.93071306,0.97904575,0.747529995,-0.74935752,0.7481622375
codec_mixed_dev_v4,pmv3_0071__transcode_g711_opus,0.9565463634329986,0.8809707118913211,0.14644650060393138,0.92588204,0.9656075,-0.017094395249999998,-0.7403426625,0.7177218750000001
codec_mixed_dev_v4,pmv3_0072__clean,0.9072072109011778,0.7496688946229004,0.6773661996307728,0.7353569,0.94193995,-0.61141545,-0.03026909775,-0.6546672
codec_mixed_dev_v4,pmv3_0072__g711_ulaw,0.4632791759157016,0.31890375855002,0.38153021362977985,0.92699987,0.96183187,0.6232201500000001,0.7450595250000001,-0.48766492499999997
codec_mixed_dev_v4,pmv3_0072__g722_wb,0.9637088311210434,0.9207930227691373,0.6501025982037713,0.75967664,0.9489296,-0.4528647,0.14869801500000002,-0.5960013749999999
codec_mixed_dev_v4,pmv3_0072__opus_nb_8k,0.9882469906364479,0.9809153890260164,0.1211185250074957,0.84829366,0.94792736,-0.749998575,-0.74863005,-0.7499991525
codec_mixed_dev_v4,pmv3_0072__transcode_g711_opus,0.877803790909661,0.7976989655998749,0.07276058673484284,0.8558538,0.9180136,-0.749999025,-0.748701405,-0.7499996250000001
codec_mixed_dev_v4,pmv3_0073__clean,0.9741995884621413,0.8377753501531283,0.9122385224386346,0.5616168,0.6985716,0.7499743875,0.749998275,0.7499989275000001
codec_mixed_dev_v4,pmv3_0073__g711_ulaw,0.9653137302277847,0.8289409477016986,0.886540345518395,0.81537616,0.7895094,0.749549625,0.7499966025,0.74999745
codec_mixed_dev_v4,pmv3_0073__g722_wb,0.9781742267124602,0.8599620440807468,0.920118911480901,0.5555152,0.7534854,0.749976525,0.749999025,0.749999595
codec_mixed_dev_v4,pmv3_0073__opus_nb_8k,0.9120250781654621,0.7565443963529133,0.31822445594652976,0.7130543,0.8217409,0.74657745,0.5621346,0.748458975
codec_mixed_dev_v4,pmv3_0073__transcode_g711_opus,0.9100792401164056,0.7879447088985799,0.1168616626853627,0.78935885,0.73126817,0.7193451225,0.09506565,0.7345847625
codec_mixed_dev_v4,pmv3_0074__clean,0.9609014559227324,0.9340237886417936,0.8807347910525044,0.4676654,0.58383626,0.7441051725,0.56160855,0.748515525
codec_mixed_dev_v4,pmv3_0074__g711_ulaw,0.9726310349299555,0.9434984152349459,0.7404340283473214,0.8070004,0.79614323,0.6976306725,0.7364214,0.7400678700000001
codec_mixed_dev_v4,pmv3_0074__g722_wb,0.9559442188981879,0.9358919104307944,0.8569543737580819,0.48469183,0.58867115,0.74948145,0.43005671999999995,0.7489699875
codec_mixed_dev_v4,pmv3_0074__opus_nb_8k,0.8654707029939143,0.6077720450004971,0.3676308020540333,0.85224634,0.9456483,-0.252478815,-0.74591505,-0.08921823000000001
codec_mixed_dev_v4,pmv3_0074__transcode_g711_opus,0.8932416782547296,0.67867109628447,0.11258157280655305,0.825442,0.94034797,-0.07953494624999999,-0.73555755,0.37888305
codec_mixed_dev_v4,pmv3_0075__clean,0.9305309065472678,0.9924600882710545,0.7512475046141204,0.54653215,0.82198584,0.74999955,0.7499975249999999,0.74999982
codec_mixed_dev_v4,pmv3_0075__g711_ulaw,0.8958896172691972,0.9969864552351474,0.15983601817935159,0.81262475,0.8956575,0.7498931249999999,0.724156605,0.749804625
codec_mixed_dev_v4,pmv3_0075__g722_wb,0.9733817709445514,0.986549541517475,0.9113669011951127,0.5529546,0.8273644,0.7499961975,0.7499937750000001,0.7499992875
codec_mixed_dev_v4,pmv3_0075__opus_nb_8k,0.9972538838802064,0.9930782368827628,0.26904600204720447,0.8054956,0.9284467,0.749575875,-0.704711025,0.745065225
codec_mixed_dev_v4,pmv3_0075__transcode_g711_opus,0.9907186128488316,0.9856497818303939,0.16257500079626788,0.8702601,0.95061845,0.121941165,-0.737028375,-0.55432275
codec_mixed_dev_v4,pmv3_0076__clean,0.9503281396239861,0.8676527499086286,0.8824698058279942,0.5126653,0.9495641,0.5632866,0.749425725,0.728251395
codec_mixed_dev_v4,pmv3_0076__g711_ulaw,0.689820485312402,0.9520590014928277,0.1398840659095709,0.527386,0.92922556,0.3014844525,0.747744795,0.04420557
codec_mixed_dev_v4,pmv3_0076__g722_wb,0.926169431706407,0.8899307664601726,0.7835699147660229,0.5177675,0.9405127,0.5931202499999999,0.7495045499999999,0.732420375
codec_mixed_dev_v4,pmv3_0076__opus_nb_8k,0.9344592161875879,0.8811909039815348,0.27482423578974285,0.5635386,0.9123081,0.74970015,0.699224175,0.749745825
codec_mixed_dev_v4,pmv3_0076__transcode_g711_opus,0.6894260458780451,0.8341325249227313,0.2506919718832759,0.45816135,0.8934694,0.74677515,0.744285225,0.749192925
codec_mixed_dev_v4,pmv3_0077__clean,0.9957282664685869,0.987866624353923,0.4574645191543271,0.7576496,0.89332294,0.745235145,0.7498331699999999,0.749998125
codec_mixed_dev_v4,pmv3_0077__g711_ulaw,0.9847000152339612,0.9483291635832443,0.4347001592365172,0.8897244,0.8985982,0.6019883775,0.663965625,0.7473282525
codec_mixed_dev_v4,pmv3_0077__g722_wb,0.9972535470178439,0.9908852822361705,0.7380500089309372,0.7742645,0.8702141,0.7468539750000001,0.748545225,0.7499569500000001
codec_mixed_dev_v4,pmv3_0077__opus_nb_8k,0.9761263491073952,0.9303282607187305,0.21046899328036253,0.9511695,0.92537063,0.69543408,-0.147854025,0.749826195
codec_mixed_dev_v4,pmv3_0077__transcode_g711_opus,0.9647042201984632,0.8609302645524374,0.2076469145926756,0.9193425,0.9258335,0.1020069375,-0.3175015275,0.74162373
codec_mixed_dev_v4,pmv3_0078__clean,0.8938465910847991,0.7065767083007154,0.6280659691775243,0.6742718,0.83093214,-0.622186275,-0.7152647249999999,-0.7490102625
codec_mixed_dev_v4,pmv3_0078__g711_ulaw,0.9036752816139806,0.6646580971519376,0.49372152822274595,0.6902747,0.79216737,-0.7498722375,-0.7458739125,-0.7499990625
codec_mixed_dev_v4,pmv3_0078__g722_wb,0.9255951340353745,0.7896823893139866,0.8882593126547684,0.6690066,0.7813125,-0.01174919175,-0.0160077375,-0.471826425
codec_mixed_dev_v4,pmv3_0078__opus_nb_8k,0.8027700984277509,0.6098811956290723,0.16783596744904522,0.8855975,0.92095196,-0.550056075,-0.749984325,-0.7499307
codec_mixed_dev_v4,pmv3_0078__transcode_g711_opus,0.8166169526169191,0.6954750968530109,0.10473601086043713,0.74989617,0.87082946,-0.13144440000000002,-0.749885775,-0.7421883375
codec_mixed_dev_v4,pmv3_0079__clean,0.989834163540272,0.8929723275975587,0.9376171289391058,0.684017,0.94787174,0.113788695,0.3762468,0.717891855
codec_mixed_dev_v4,pmv3_0079__g711_ulaw,0.986165553441197,0.949580512401145,0.8439916772241715,0.6520597,0.9592542,0.7391148,0.7499994,0.74999745
codec_mixed_dev_v4,pmv3_0079__g722_wb,0.9884261336248567,0.8600345181392037,0.9416576495765335,0.67070454,0.9443294,-0.1321893,0.712698675,0.7452097125
codec_mixed_dev_v4,pmv3_0079__opus_nb_8k,0.79289032599576,0.7713830259639413,0.6134049127095922,0.7223835,0.9561855,-0.69841902,0.7494080999999999,0.7497142125
codec_mixed_dev_v4,pmv3_0079__transcode_g711_opus,0.9658449767743467,0.7824995518174377,0.6213797627740932,0.63279295,0.9529004,-0.747870825,0.43328235000000004,0.741030645
codec_mixed_dev_v4,pmv3_0080__clean,0.2543108345169981,0.1343113745745238,0.14882645085020993,0.6709695,0.90811354,-0.7477775999999999,-0.7240193625,-0.745179075
codec_mixed_dev_v4,pmv3_0080__g711_ulaw,0.32997103620541646,0.4532367929801122,0.06381817513647689,0.86793953,0.90231794,-0.282141585,-0.741945675,-0.52207647
codec_mixed_dev_v4,pmv3_0080__g722_wb,0.10862414217810754,0.031228465911152643,0.15336477673889953,0.7057617,0.8775815,-0.7465655250000001,-0.7278753524999999,-0.7478680875
codec_mixed_dev_v4,pmv3_0080__opus_nb_8k,0.7958859152789185,0.8087702511118818,0.1397382081608632,0.913007,0.86093277,-0.21333474750000003,-0.7499677499999999,-0.42557899499999996
codec_mixed_dev_v4,pmv3_0080__transcode_g711_opus,0.5961184264956185,0.5222070346446014,0.1374789996359156,0.89927346,0.89206904,-0.6723891,-0.7499606249999999,-0.745309395
codec_mixed_dev_v4,pmv3_0081__clean,0.46840666629725397,0.5948787283250242,0.08175846439932988,0.6787995,0.8137033,0.08795818500000001,-0.6322254975,-0.569807625
codec_mixed_dev_v4,pmv3_0081__g711_ulaw,0.5841203196716974,0.7769788457593279,0.0684333614424026,0.8987367,0.831896,0.7318412624999999,-0.7255551525,-0.3885383625
codec_mixed_dev_v4,pmv3_0081__g722_wb,0.36239630789040117,0.07170419669638534,0.12348223663463676,0.674103,0.80972666,-0.42673257,-0.644142105,-0.64500585
codec_mixed_dev_v4,pmv3_0081__opus_nb_8k,0.4388109633651022,0.40062747398539456,0.14111681593655825,0.9004583,0.9506527,-0.7440668625,-0.74931525,-0.745940925
codec_mixed_dev_v4,pmv3_0081__transcode_g711_opus,0.6326911424668531,0.6500378634035056,0.13096568541884776,0.9030248,0.9200103,0.1493902125,-0.748036575,-0.4582173225
codec_mixed_dev_v4,pmv3_0082__clean,0.7538884170755122,0.6672945420203232,0.021747473918688573,0.7622352,0.898249,-0.3541574025,-0.59888175,0.01159292925
codec_mixed_dev_v4,pmv3_0082__g711_ulaw,0.6240433917811186,0.3637538052939908,0.09588245208493364,0.92100984,0.9017069,-0.37415193,0.7303226025,0.6974890499999999
codec_mixed_dev_v4,pmv3_0082__g722_wb,0.8418264331494631,0.7624935856745434,0.02120277354966422,0.7623171,0.8935423,-0.5648765250000001,-0.57898812,0.05469444375
codec_mixed_dev_v4,pmv3_0082__opus_nb_8k,0.9548040594696265,0.8145874137362125,0.09353364813511089,0.9108549,0.879547,-0.544275555,-0.7346562,0.73768275
codec_mixed_dev_v4,pmv3_0082__transcode_g711_opus,0.9382226109966546,0.7489267027883391,0.07604689974162986,0.92495936,0.8453845,-0.7344075,-0.7344444750000001,0.496321095
codec_mixed_dev_v4,pmv3_0083__clean,0.15607033989025595,0.031535198604215,0.04437643928499679,0.7697331,0.89941907,-0.3262062375,-0.74857755,-0.7480743750000001
codec_mixed_dev_v4,pmv3_0083__g711_ulaw,0.43858943729105565,0.10436762088877691,0.08580852648203519,0.9229407,0.9478786,0.720291225,-0.557132475,-0.0929791725
codec_mixed_dev_v4,pmv3_0083__g722_wb,0.16594752916893193,0.017136354914320674,0.04174703488991641,0.7176173,0.88857704,-0.046785249,-0.7405930875,-0.73236645
codec_mixed_dev_v4,pmv3_0083__opus_nb_8k,0.8625161154267308,0.8055632128234463,0.03486400780259548,0.9012661,0.43209347,0.681190575,-0.749658375,0.6754434
codec_mixed_dev_v4,pmv3_0083__transcode_g711_opus,0.6371915190227919,0.5935342740152014,0.025528549435004343,0.8847359,0.51697195,0.279495975,-0.7499768025,-0.06075777
codec_mixed_dev_v4,pmv3_0084__clean,0.900657845635011,0.7977171095806294,0.6511317855711156,0.703196,0.9436032,0.063783495,0.38616465,0.651005925
codec_mixed_dev_v4,pmv3_0084__g711_ulaw,0.8468474975091548,0.8266961994236594,0.22865084828257456,0.9226405,0.96563196,0.24600892500000002,-0.11465176499999999,0.6099193125
codec_mixed_dev_v4,pmv3_0084__g722_wb,0.9219887458197467,0.842852045160423,0.5541129869429797,0.698699,0.9413181,-0.2544507975,0.17461604249999998,0.5736168749999999
codec_mixed_dev_v4,pmv3_0084__opus_nb_8k,0.8618616352066568,0.8055454381353307,0.2911112783984292,0.9397595,0.957623,0.2313609,-0.6105367125,0.748862175
codec_mixed_dev_v4,pmv3_0084__transcode_g711_opus,0.6482003725781814,0.8027794426485575,0.36527609455348,0.9004347,0.9637739,-0.7472830125000001,-0.08976341625,0.719859225
codec_mixed_dev_v4,pmv3_0085__clean,0.2645499519546777,0.056416818812355475,0.380513505320362,0.56242007,0.6918104,-0.74338518,0.7305336,0.1543106925
codec_mixed_dev_v4,pmv3_0085__g711_ulaw,0.10081536882527947,0.004438265680493302,0.25434028747523646,0.8452928,0.7275805,-0.7457159999999999,0.6077739449999999,-0.6955532550000001
codec_mixed_dev_v4,pmv3_0085__g722_wb,0.4190141574953365,0.11752097965844736,0.5617745305191448,0.5651639,0.7021918,-0.74665245,0.745142205,0.310887525
codec_mixed_dev_v4,pmv3_0085__opus_nb_8k,0.73424545827832,0.6834858602346242,0.17493657237805893,0.8992291,0.8701045,-0.749630475,-0.7163780625,-0.7160814
codec_mixed_dev_v4,pmv3_0085__transcode_g711_opus,0.7186318479538021,0.638773801249665,0.21701576755775692,0.8963595,0.8521313,-0.749931375,-0.546825075,-0.7461774750000001
codec_mixed_dev_v4,pmv3_0086__clean,0.21652978944461493,0.08509005823882138,0.0824430204625587,0.6838315,0.96441835,-0.7365573,-0.6868542,-0.345085035
codec_mixed_dev_v4,pmv3_0086__g711_ulaw,0.17249116964962435,0.56357330395346,0.023023629655399742,0.8582036,0.9407378,-0.652703925,0.6633516,0.6248199
codec_mixed_dev_v4,pmv3_0086__g722_wb,0.29372222095698075,0.26434040791679875,0.11598921374516406,0.6371195,0.9615548,-0.69429615,-0.7111334475,-0.454933425
codec_mixed_dev_v4,pmv3_0086__opus_nb_8k,0.7831879870093502,0.8489899779463215,0.43254757891530127,0.9117792,0.87925583,-0.74999595,0.3299277,-0.63658632
codec_mixed_dev_v4,pmv3_0086__transcode_g711_opus,0.900538387160943,0.8482543493164051,0.4460538196897363,0.89957607,0.8625451,-0.7498874249999999,0.532959675,0.39395145
codec_mixed_dev_v4,pmv3_0087__clean,0.40783051884526983,0.3170082957030949,0.06857251428078348,0.67217696,0.9090174,0.4638774,-0.568019025,-0.3977981475
codec_mixed_dev_v4,pmv3_0087__g711_ulaw,0.45687834994659954,0.4231293695981954,0.11751455006224301,0.9002452,0.95940375,0.6009195,0.080889132,-0.35601127499999996
codec_mixed_dev_v4,pmv3_0087__g722_wb,0.6219615326375096,0.6312620575358708,0.15052333636333215,0.67973346,0.89264154,0.2745969375,-0.3363045525,-0.23384295
codec_mixed_dev_v4,pmv3_0087__opus_nb_8k,0.6775300792024928,0.5793218967002611,0.1461045592851419,0.92323476,0.96911925,-0.7034792775,-0.74852115,-0.53281455
codec_mixed_dev_v4,pmv3_0087__transcode_g711_opus,0.8314673849685895,0.8229490517120644,0.17125706588301892,0.92109275,0.9716428,0.052679591250000005,-0.74885475,0.22448602499999998
codec_mixed_dev_v4,pmv3_0088__clean,0.43380709838626924,0.39265598413623864,0.09702721248530173,0.8526556,0.9143836,-0.74974515,-0.725156355,-0.7488400500000001
codec_mixed_dev_v4,pmv3_0088__g711_ulaw,0.2382119606161034,0.15394088734812836,0.07340843548300989,0.9471461,0.93719995,-0.749967975,-0.71689905,-0.749443395
codec_mixed_dev_v4,pmv3_0088__g722_wb,0.4591281912714343,0.3839905778766144,0.15679145955843238,0.8443727,0.8966759,-0.749975025,-0.7269891749999999,-0.7490205
codec_mixed_dev_v4,pmv3_0088__opus_nb_8k,0.5891401973163997,0.463581322294449,0.15312995540571947,0.95242184,0.9463813,-0.7499967,-0.7496425950000001,-0.7499797500000001
codec_mixed_dev_v4,pmv3_0088__transcode_g711_opus,0.6028892611184247,0.5042164632331526,0.12270532175539671,0.95386845,0.93501943,-0.749998275,-0.749705475,-0.749948775
codec_mixed_dev_v4,pmv3_0089__clean,0.4442903785606961,0.15076260094182256,0.20891563654235526,0.5751686,0.89790845,0.3561337875,-0.727520895,0.003778143
codec_mixed_dev_v4,pmv3_0089__g711_ulaw,0.46363318063440573,0.2882246502372941,0.23210432611374637,0.80152535,0.7638161,0.431393625,0.328086465,0.5671103625
codec_mixed_dev_v4,pmv3_0089__g722_wb,0.6485515407922204,0.4067320699985859,0.20986059751607633,0.5652048,0.8862038,0.63930228,-0.740379975,0.7154784525
codec_mixed_dev_v4,pmv3_0089__opus_nb_8k,0.4075647483050901,0.7248533628209103,0.034997173435868036,0.7980684,0.8535366,0.37329017999999997,-0.719047845,0.6957557624999999
codec_mixed_dev_v4,pmv3_0089__transcode_g711_opus,0.6367697218498437,0.618246709833263,0.028118054310161497,0.87193465,0.7966784,-0.7324615274999999,-0.7342152750000001,-0.7253928000000001
codec_mixed_dev_v4,pmv3_0090__clean,0.9765930973610393,0.8763210334878722,0.9509331213983656,0.62239826,0.9540194,0.1451867325,0.74920485,0.7389922499999999
codec_mixed_dev_v4,pmv3_0090__g711_ulaw,0.9183493321131332,0.8253486587213987,0.5202344393723611,0.934274,0.9639057,0.5883083250000001,0.7499918624999999,0.74940522
codec_mixed_dev_v4,pmv3_0090__g722_wb,0.9615146145454148,0.902955616948346,0.9185109616550383,0.67727923,0.9468623,0.589433475,0.7417015124999999,0.748463475
codec_mixed_dev_v4,pmv3_0090__opus_nb_8k,0.9689616309444629,0.9012821818092204,0.577025309699584,0.87648976,0.9089017,0.462915975,0.5591898375,0.749850225
codec_mixed_dev_v4,pmv3_0090__transcode_g711_opus,0.9700861478395081,0.8416358180613484,0.7816194433111846,0.9098411,0.8676296,-0.147810255,0.737064375,0.7488485699999999
codec_mixed_dev_v4,pmv3_0091__clean,0.9717209807089168,0.6225179778075632,0.9100269733012394,0.77334946,0.93230385,-0.5789910225,0.74711037,0.6504170025
codec_mixed_dev_v4,pmv3_0091__g711_ulaw,0.6172780197243072,0.26874627881753177,0.48726592017509185,0.9298855,0.918537,-0.6209825999999999,0.730126575,0.057435652499999997
codec_mixed_dev_v4,pmv3_0091__g722_wb,0.9721469058483141,0.6888598210556499,0.891839795552469,0.79759425,0.9265387,-0.5129590500000001,0.7496071875,0.7196517
codec_mixed_dev_v4,pmv3_0091__opus_nb_8k,0.3952096499582249,0.22120070401843933,0.21401109706176907,0.9034055,0.78802323,-0.7452447975,-0.7486534499999999,-0.744656595
codec_mixed_dev_v4,pmv3_0091__transcode_g711_opus,0.32503370236458623,0.13215508121281766,0.2197181233944876,0.91325444,0.76038563,-0.73270212,-0.7493997,-0.74987997
codec_mixed_dev_v4,pmv3_0092__clean,0.9878380038559054,0.9113975808335053,0.9488093086785235,0.7922659,0.948581,0.73645695,0.7353694500000001,0.749816805
codec_mixed_dev_v4,pmv3_0092__g711_ulaw,0.9673762996433923,0.9188323540132184,0.49398080128200217,0.9009394,0.9534842,0.744386895,0.7012401,0.7493538
codec_mixed_dev_v4,pmv3_0092__g722_wb,0.9912455882195403,0.9370130274406139,0.9510229682365989,0.7902877,0.94292694,0.70950885,0.7272774,0.7495800975
codec_mixed_dev_v4,pmv3_0092__opus_nb_8k,0.9859847961239366,0.9562266876556528,0.5500876645112076,0.95498246,0.96075207,0.722464125,-0.713834925,0.7405171500000001
codec_mixed_dev_v4,pmv3_0092__transcode_g711_opus,0.9894692612662748,0.9733032082901181,0.42519449192459335,0.95089024,0.9505565,0.70082532,-0.7422417,0.743825025
codec_mixed_dev_v4,pmv3_0093__clean,0.95567767729705,0.8444607234000537,0.8924751230523342,0.8486736,0.58958924,0.6826842449999999,0.7497361499999999,0.749942475
codec_mixed_dev_v4,pmv3_0093__g711_ulaw,0.5730209074268726,0.12115320406298691,0.6509366418540382,0.9363153,0.58248687,-0.04016457,0.729334695,0.56684475
codec_mixed_dev_v4,pmv3_0093__g722_wb,0.949315113259634,0.7113913068882517,0.9126079600483162,0.82565176,0.6089528,0.1392707625,0.7490327999999999,0.749352975
codec_mixed_dev_v4,pmv3_0093__opus_nb_8k,0.8436289894569264,0.679283665694033,0.4614191126036346,0.93344045,0.42825204,-0.7457815125,-0.58834992,-0.732085725
codec_mixed_dev_v4,pmv3_0093__transcode_g711_opus,0.810716080299019,0.6241075783430731,0.4490477552753379,0.9356394,0.4329345,-0.748058325,-0.700499475,-0.749448825
codec_mixed_dev_v4,pmv3_0094__clean,0.9042981364317365,0.08712708181026643,0.8872443850235986,0.7201278,0.83605933,0.7372998749999999,0.2334307275,0.604961205
codec_mixed_dev_v4,pmv3_0094__g711_ulaw,0.8110792794604949,0.21193613103922845,0.8158688075505607,0.8860611,0.9079766,0.068564208,0.50194368,0.0032139499499999995
codec_mixed_dev_v4,pmv3_0094__g722_wb,0.8974858670659107,0.4650896950079737,0.8616443436291095,0.698442,0.84238076,0.72363975,-0.06582966,0.2734558125
codec_mixed_dev_v4,pmv3_0094__opus_nb_8k,0.9700663529275997,0.7194849891221844,0.8332222557721825,0.8721424,0.8839986,-0.3399696,0.1029493725,0.5152376025000001
codec_mixed_dev_v4,pmv3_0094__transcode_g711_opus,0.9851430468373299,0.8824628659709364,0.8572324504822821,0.8859477,0.9005792,0.33179613750000003,0.431940795,0.74917857
codec_mixed_dev_v4,pmv3_0095__clean,0.9516754603238359,0.8342574589643167,0.8582294090527786,0.7410864,0.86565435,0.7455397125000001,0.279081255,0.7495171125
codec_mixed_dev_v4,pmv3_0095__g711_ulaw,0.9323163548503777,0.8539802600664025,0.21552747709127554,0.82696867,0.8769247,0.749908875,-0.20405747999999999,0.7499720625
codec_mixed_dev_v4,pmv3_0095__g722_wb,0.9560264398997849,0.8341538857306795,0.850923792784153,0.7186395,0.86945087,0.73079235,0.16704050250000002,0.7494220725
codec_mixed_dev_v4,pmv3_0095__opus_nb_8k,0.9756983151718434,0.9326273274473902,0.5308245795677414,0.7799755,0.8722255,0.7470758550000001,0.15976053750000002,0.74999865
codec_mixed_dev_v4,pmv3_0095__transcode_g711_opus,0.9262612941171238,0.8201035429068274,0.27905514297465234,0.8512766,0.884021,0.592933905,-0.45072975,0.7499337
codec_mixed_dev_v4,pmv3_0096__clean,0.9207667240528905,0.44277005585670703,0.9081330459696433,0.7011421,0.94940895,-0.06199077,0.41103892500000005,0.35626251000000003
codec_mixed_dev_v4,pmv3_0096__g711_ulaw,0.7698787913052851,0.9164644100499426,0.23172360108280676,0.84201914,0.95045745,0.7481947499999999,-0.6687436499999999,-0.2415351375
codec_mixed_dev_v4,pmv3_0096__g722_wb,0.887458166019477,0.43909886921483476,0.8367174739489799,0.6943826,0.9431373,-0.1092234975,-0.02962169025,0.12794061
codec_mixed_dev_v4,pmv3_0096__opus_nb_8k,0.699881566662864,0.6075957361806441,0.15152973250193394,0.8398837,0.9189457,-0.296556075,-0.74985795,-0.74739897
codec_mixed_dev_v4,pmv3_0096__transcode_g711_opus,0.7176991570643072,0.5236762262195902,0.21746460063175252,0.8317243,0.9135489,-0.7435949774999999,-0.749670225,-0.74998158
codec_mixed_dev_v4,pmv3_0097__clean,0.9309968119351233,0.6341928760125816,0.7817116530317277,0.7216535,0.9459721,-0.7426569749999999,-0.23349507749999998,-0.11522388
codec_mixed_dev_v4,pmv3_0097__g711_ulaw,0.8618602665260346,0.7520675354812986,0.5224406009674232,0.9244234,0.97131675,0.661573275,0.28006965,0.19301292
codec_mixed_dev_v4,pmv3_0097__g722_wb,0.9753945340271019,0.8022537199124609,0.8736056453033775,0.7515032,0.9397218,-0.024035925,0.044179461,0.702227925
codec_mixed_dev_v4,pmv3_0097__opus_nb_8k,0.8952216792300948,0.7297246591590101,0.34790010433529606,0.9236786,0.9605412,-0.71920332,-0.749991,-0.7377076124999999
codec_mixed_dev_v4,pmv3_0097__transcode_g711_opus,0.855415724079944,0.629113449422555,0.34478302999011523,0.9193612,0.9462794,-0.722964825,-0.7499848875,-0.749034375
codec_mixed_dev_v4,pmv3_0098__clean,0.931406491899211,0.17851797112952042,0.932309729847458,0.68740135,0.8831578,-0.0073060155000000005,0.749406075,0.717473475
codec_mixed_dev_v4,pmv3_0098__g711_ulaw,0.885728057229608,0.6671984420296374,0.7476983446782026,0.9013729,0.8708697,0.5634927,0.7499955,0.7458696
codec_mixed_dev_v4,pmv3_0098__g722_wb,0.9671280986733254,0.13480765948758766,0.9648800524321071,0.67191297,0.8779558,-0.21929895,0.74995815,0.7453126125
codec_mixed_dev_v4,pmv3_0098__opus_nb_8k,0.7689287717949556,0.44348188546853323,0.14486681317138514,0.90137,0.921606,-0.5488764749999999,-0.68512407,0.68225325
codec_mixed_dev_v4,pmv3_0098__transcode_g711_opus,0.777775410970078,0.5815683475808838,0.13964516404044625,0.9219216,0.91852945,0.0913088175,-0.7490534249999999,0.7155644999999999
codec_mixed_dev_v4,pmv3_0099__clean,0.9882070231824119,0.8597906223477205,0.9718277264105997,0.68026286,0.9307401,0.7342063950000001,0.6330057975,0.74612112
codec_mixed_dev_v4,pmv3_0099__g711_ulaw,0.9371114145875594,0.8664991718941991,0.513731745214904,0.9176992,0.9249255,0.7478978625,-0.03737678625,0.7489500524999999
codec_mixed_dev_v4,pmv3_0099__g722_wb,0.9906882559063956,0.8761628874925695,0.9786095544239914,0.7019964,0.9318656,0.72673872,0.71191017,0.7492524225
codec_mixed_dev_v4,pmv3_0099__opus_nb_8k,0.973031782381607,0.9420123600483955,0.41401345390243655,0.93361497,0.9454364,0.7414241699999999,-0.749306925,0.749408175
codec_mixed_dev_v4,pmv3_0099__transcode_g711_opus,0.9761335610547414,0.9548200291700073,0.3859910172250875,0.92625165,0.9374915,0.7038402,-0.7498635,0.748974975
codec_mixed_dev_v4,pmv3_0100__clean,0.77647848420334,0.9682210149244106,0.1098037059442267,0.4659717,0.9081155,0.7489517250000001,0.749982225,0.7499955300000001
codec_mixed_dev_v4,pmv3_0100__g711_ulaw,0.7376225285165579,0.9009053475702542,0.11021687816119499,0.843771,0.9569594,-0.02955202275,0.44123242500000004,0.4578968025
codec_mixed_dev_v4,pmv3_0100__g722_wb,0.8306995414073332,0.9964514533032531,0.0836646984379748,0.43208727,0.8913554,0.718342875,0.749907,0.74991
codec_mixed_dev_v4,pmv3_0100__opus_nb_8k,0.5516265031793678,0.7702686075299813,0.12228504244894571,0.81344545,0.9548529,-0.1096252875,-0.749492625,-0.560618655
codec_mixed_dev_v4,pmv3_0100__transcode_g711_opus,0.8881982586747967,0.8291207660236057,0.16498571838393333,0.89813924,0.9611225,-0.37482950249999997,-0.7496400750000001,-0.7427131499999999
codec_mixed_dev_v4,pmv3_0101__clean,0.9767223755963748,0.9400272906814849,0.4957621517297163,0.6622127,0.8539853,0.7488979275000001,-0.74209428,0.74933043
codec_mixed_dev_v4,pmv3_0101__g711_ulaw,0.961549679503254,0.9320591341340182,0.17357871608736716,0.89063287,0.81807405,0.7497890025,-0.5993827875000001,0.749854425
codec_mixed_dev_v4,pmv3_0101__g722_wb,0.9637498657744042,0.9399398906899991,0.323153317925354,0.6893073,0.835653,0.66766092,-0.6424576799999999,0.749889825
codec_mixed_dev_v4,pmv3_0101__opus_nb_8k,0.9443086764171181,0.888353794697595,0.08609431617242641,0.89074063,0.9202625,0.7499775,-0.739598325,0.749920125
codec_mixed_dev_v4,pmv3_0101__transcode_g711_opus,0.959247833819481,0.9170203370571125,0.1316830858407386,0.9089666,0.9317339,0.74549523,-0.74889105,0.747530025
codec_mixed_dev_v4,pmv3_0102__clean,0.9806909562299221,0.9646776348490862,0.33923192992919105,0.76827747,0.6336716,0.7482771,-0.74077512,0.742575375
codec_mixed_dev_v4,pmv3_0102__g711_ulaw,0.9850447354276974,0.9796971179805744,0.12887236759532253,0.94387424,0.6232029,0.722329395,-0.68076,0.6730421249999999
codec_mixed_dev_v4,pmv3_0102__g722_wb,0.969390427419006,0.9462725171661197,0.3466103585449402,0.7813622,0.6164333,0.744203025,-0.7153012875,0.7462728
codec_mixed_dev_v4,pmv3_0102__opus_nb_8k,0.9722106242696833,0.9565076133584348,0.24289163631020091,0.95038617,0.47479975,0.4928943525,-0.697089045,0.27621129
codec_mixed_dev_v4,pmv3_0102__transcode_g711_opus,0.9888157696777987,0.978328635896715,0.3759839330071349,0.9488701,0.49639723,0.6034395375,-0.50979675,0.6961366800000001
codec_mixed_dev_v4,pmv3_0103__clean,0.9838999377564094,0.9908649247833282,0.5975390730711818,0.53631395,0.9113837,0.7497070124999999,0.32152641,0.749988825
codec_mixed_dev_v4,pmv3_0103__g711_ulaw,0.9808269762329034,0.9706886389347431,0.31605061088393943,0.74134094,0.91884106,0.7492094625,0.741845775,0.7499852475
codec_mixed_dev_v4,pmv3_0103__g722_wb,0.9755873606862892,0.9797172598232207,0.547898778726426,0.5173655,0.9145648,0.7498373700000001,0.115415355,0.74999265
codec_mixed_dev_v4,pmv3_0103__opus_nb_8k,0.9913986691867592,0.9818028584597711,0.5711369608444102,0.85287124,0.82649606,0.74233635,0.2121918,0.7498200225
codec_mixed_dev_v4,pmv3_0103__transcode_g711_opus,0.9879389485773886,0.9658262494138563,0.6381457835624096,0.90689254,0.8261494,0.723028125,0.42875145,0.7485339525
codec_mixed_dev_v4,pmv3_0104__clean,0.943478162823469,0.9140017442979778,0.10001128323341532,0.79701304,0.89887184,0.02310930525,-0.731446755,0.662173725
codec_mixed_dev_v4,pmv3_0104__g711_ulaw,0.9395761293015533,0.9188744325679664,0.05572193518336019,0.93951607,0.88657,0.749982255,-0.7295742000000001,0.74998035
codec_mixed_dev_v4,pmv3_0104__g722_wb,0.9710347478522093,0.9720448351521443,0.10614358328630043,0.7876887,0.88067085,0.19514590499999998,-0.6894954449999999,0.7320840525
codec_mixed_dev_v4,pmv3_0104__opus_nb_8k,0.8903963589725761,0.8333477107004894,0.12047298378256921,0.93408734,0.5357409,0.74617092,-0.74827245,0.749765775
codec_mixed_dev_v4,pmv3_0104__transcode_g711_opus,0.9201345017440982,0.8516654426572648,0.17164965554989936,0.94722784,0.6248544,0.74873985,-0.743428125,0.749739825
codec_mixed_dev_v4,pmv3_0105__clean,0.6308615464690275,0.9061596105746255,0.11722563072196386,0.6166054,0.9575184,0.7096374,0.5201945025,0.7499502
codec_mixed_dev_v4,pmv3_0105__g711_ulaw,0.8628353923881235,0.8390000055259901,0.34839816474789054,0.89950085,0.97752213,0.420087825,0.749187375,0.749920275
codec_mixed_dev_v4,pmv3_0105__g722_wb,0.6828177253825102,0.894133594701107,0.12205694864586558,0.6253849,0.95792824,0.4401571125,0.1500441675,0.748233405
codec_mixed_dev_v4,pmv3_0105__opus_nb_8k,0.8783210815483429,0.685785705312786,0.6050624144217887,0.91653836,0.9129333,-0.14232836999999998,0.725766675,0.748923825
codec_mixed_dev_v4,pmv3_0105__transcode_g711_opus,0.8920730950119629,0.7919299778380386,0.5485230316824468,0.8865533,0.86984736,0.35529157499999997,0.7303802699999999,0.74995512
codec_mixed_dev_v4,pmv3_0106__clean,0.9761983419461889,0.961440244369797,0.2519004945657224,0.6236932,0.8448076,0.744933975,-0.6249963,0.7475060250000001
codec_mixed_dev_v4,pmv3_0106__g711_ulaw,0.9716373454047511,0.9550701825804224,0.22565949102238103,0.90628946,0.86337584,0.7472265525,-0.74040075,0.74380848
codec_mixed_dev_v4,pmv3_0106__g722_wb,0.9803991346611846,0.9683658047602377,0.28561770208481974,0.6481229,0.8552674,0.7324104300000001,-0.7080158249999999,0.7432774875
codec_mixed_dev_v4,pmv3_0106__opus_nb_8k,0.821340766013966,0.7007384290782521,0.17332455421003107,0.9226591,0.87117195,-0.7184025525,-0.749993025,-0.749631105
codec_mixed_dev_v4,pmv3_0106__transcode_g711_opus,0.9118065452442097,0.8532746409555194,0.18614830660127846,0.9384543,0.8460348,-0.248587155,-0.7499752500000001,-0.7445374499999999
codec_mixed_dev_v4,pmv3_0107__clean,0.8745411288637495,0.8609352060527219,0.06843131771330827,0.6351254,0.64620024,0.7499903025,0.2560591875,0.7499882250000001
codec_mixed_dev_v4,pmv3_0107__g711_ulaw,0.8483990162798507,0.8106586520893801,0.10987304523219432,0.80615485,0.6033817,0.7499939250000001,0.7191537450000001,0.749991675
codec_mixed_dev_v4,pmv3_0107__g722_wb,0.8566529328850516,0.8758910889345064,0.0812934525740683,0.85149294,0.6242588,0.7499966250000001,0.437677125,0.7499966250000001
codec_mixed_dev_v4,pmv3_0107__opus_nb_8k,0.898544096040013,0.9020208838997893,0.07980199025407773,0.7787432,0.55808944,0.7387552875,-0.44475102749999995,0.748124475
codec_mixed_dev_v4,pmv3_0107__transcode_g711_opus,0.8875422271558522,0.8743166788402237,0.11821420451520451,0.79164237,0.58323556,0.67528698,-0.3068172,0.746957625
codec_mixed_dev_v4,pmv3_0108__clean,0.9879674143213745,0.9793270810722882,0.3617259429893897,0.732732,0.9349962,0.7452426,-0.738163125,0.749623425
codec_mixed_dev_v4,pmv3_0108__g711_ulaw,0.9805407711086439,0.9683696141298939,0.081800345578101,0.9049922,0.96600133,0.7496573474999999,-0.6862495275,0.749892375
codec_mixed_dev_v4,pmv3_0108__g722_wb,0.9885675239835295,0.9791653843846109,0.4786635936565912,0.7165268,0.9357035,0.74745675,-0.714416775,0.7498314225
codec_mixed_dev_v4,pmv3_0108__opus_nb_8k,0.975561298062564,0.953148040640394,0.13428119619838336,0.91786927,0.9477173,0.7499623125,-0.7490778975000001,0.7499464874999999
codec_mixed_dev_v4,pmv3_0108__transcode_g711_opus,0.9764124555453331,0.9484049489891965,0.15747314023749365,0.93443125,0.9567251,0.7491962775000001,-0.7470924,0.7498644
codec_mixed_dev_v4,pmv3_0109__clean,0.9658333494405595,0.9526985872278487,0.20686472963994504,0.6754403,0.8585544,0.7499241750000001,-0.74209995,0.748437
codec_mixed_dev_v4,pmv3_0109__g711_ulaw,0.9623069640669946,0.9500266085028966,0.021508749836724683,0.9074413,0.8675943,0.74963835,0.561966375,0.749681625
codec_mixed_dev_v4,pmv3_0109__g722_wb,0.9615950002386747,0.9527124042856157,0.0775162070656195,0.7078359,0.85625964,0.7498454999999999,-0.73916835,0.7491774975
codec_mixed_dev_v4,pmv3_0109__opus_nb_8k,0.9535012679143038,0.9474598954961309,0.3854473394565527,0.9293759,0.7468156,0.604805025,-0.7401465,-0.083086095
codec_mixed_dev_v4,pmv3_0109__transcode_g711_opus,0.8431238842994849,0.8461156426376509,0.18460547763062254,0.9336846,0.78055114,0.10145478000000001,-0.581562225,-0.583209
codec_mixed_dev_v4,pmv3_0110__clean,0.9835124752735047,0.9462833296256788,0.8588339716724217,0.7133993,0.8693033,0.617018925,-0.7375073999999999,0.32783513999999997
codec_mixed_dev_v4,pmv3_0110__g711_ulaw,0.9432112635845818,0.9319084043356292,0.3101962563830454,0.92908067,0.8676383,-0.1712092575,-0.72051615,-0.7210634250000001
codec_mixed_dev_v4,pmv3_0110__g722_wb,0.9792359837867539,0.9162167399100752,0.875685278051299,0.7259531,0.8650919,0.09988417499999999,-0.7193412299999999,0.14500647
codec_mixed_dev_v4,pmv3_0110__opus_nb_8k,0.9739528300001088,0.9613535837003182,0.32085074138295927,0.9443738,0.8457897,-0.48960207749999995,-0.7499408999999999,-0.748687125
codec_mixed_dev_v4,pmv3_0110__transcode_g711_opus,0.9117640952363693,0.8158649905246604,0.32902909008419634,0.95024586,0.880443,-0.749151525,-0.74997015,-0.7499894475
codec_mixed_dev_v4,pmv3_0111__clean,0.9908629705289065,0.9428910363792294,0.9287722208745559,0.7661407,0.9035456,0.6244398,0.46742150250000003,0.732826305
codec_mixed_dev_v4,pmv3_0111__g711_ulaw,0.5396689778421783,0.924308795396023,0.10948917246386972,0.7828881,0.9525378,0.565785675,0.49307107499999997,-0.10539240750000001
codec_mixed_dev_v4,pmv3_0111__g722_wb,0.9856455451268028,0.9454455967841794,0.8088115349163507,0.79195035,0.89646196,-0.584384145,-0.13947552,-0.33704046
codec_mixed_dev_v4,pmv3_0111__opus_nb_8k,0.7780407765584637,0.6332433425736012,0.09465216209402756,0.82169145,0.89967966,-0.6430054725000001,-0.7471161749999999,-0.6636504
codec_mixed_dev_v4,pmv3_0111__transcode_g711_opus,0.7892855054435785,0.6221528944369595,0.18046400713632596,0.8367565,0.8983477,-0.734581275,-0.7492785,-0.74832375
codec_mixed_dev_v4,pmv3_0112__clean,0.993634140616113,0.8851754144730355,0.9747592396629053,0.6557146,0.90252995,-0.019356069,0.733399725,0.631138725
codec_mixed_dev_v4,pmv3_0112__g711_ulaw,0.8959956388546609,0.9006090139016556,0.20934726624953057,0.9154189,0.9303096,0.6635403,-0.243007845,0.71562123
codec_mixed_dev_v4,pmv3_0112__g722_wb,0.9722534222680792,0.683892098506677,0.969192809612881,0.66670144,0.9216889,-0.6537500025,0.663574305,-0.23828115
codec_mixed_dev_v4,pmv3_0112__opus_nb_8k,0.8650374473280049,0.7572135090417697,0.25245475843339854,0.8296488,0.8857923,-0.63580428,-0.7489405275,-0.52932
codec_mixed_dev_v4,pmv3_0112__transcode_g711_opus,0.5230841710950858,0.503464926757309,0.3214437017545382,0.833788,0.9271132,-0.745293675,-0.746578845,-0.749184075
codec_mixed_dev_v4,pmv3_0113__clean,0.9794633082017468,0.9322497374797067,0.7736910126703017,0.71272117,0.87617177,0.74985945,-0.720717075,0.7498622699999999
codec_mixed_dev_v4,pmv3_0113__g711_ulaw,0.9833403709001591,0.9291725680709558,0.8037603103750236,0.9054605,0.93762195,0.7492209525,0.3217580625,0.7498902000000001
codec_mixed_dev_v4,pmv3_0113__g722_wb,0.985849875584326,0.9317962597650341,0.8956234419639482,0.6952172,0.87651217,0.749733,-0.42472972500000006,0.749972475
codec_mixed_dev_v4,pmv3_0113__opus_nb_8k,0.9504454618928859,0.8817158863778815,0.2376320329508566,0.9287796,0.9042588,0.749868345,-0.742506825,0.7499435249999999
codec_mixed_dev_v4,pmv3_0113__transcode_g711_opus,0.9446338327664738,0.8697480699140244,0.2591075199708853,0.93139684,0.89883155,0.7474005,-0.7385783475000001,0.74975475
codec_mixed_dev_v4,pmv3_0114__clean,0.9983318871140779,0.992245424681266,0.9590641089327708,0.68888086,0.91405237,0.726248145,0.5433744,0.7488870750000001
codec_mixed_dev_v4,pmv3_0114__g711_ulaw,0.9906991398615562,0.9683347304347532,0.8896399101944286,0.90149856,0.928059,0.7432546499999999,0.71562885,0.7499295450000001
codec_mixed_dev_v4,pmv3_0114__g722_wb,0.9942451530431086,0.9682110921158105,0.9612111547007522,0.71193767,0.91898274,0.6446160525,0.419336175,0.73547655
codec_mixed_dev_v4,pmv3_0114__opus_nb_8k,0.987444586758699,0.8849444967385506,0.9469208984715822,0.90171057,0.89856976,-0.2376047625,0.1623105225,0.5395594275
codec_mixed_dev_v4,pmv3_0114__transcode_g711_opus,0.9858124444265209,0.9572900432353018,0.8187392470141588,0.899009,0.9100287,-0.7478341125,-0.7490993625,-0.7489491
codec_mixed_dev_v4,pmv3_0115__clean,0.9864108267898757,0.950191524632941,0.8741581756187312,0.7209075,0.81488657,0.74994372,0.69339975,0.749994375
codec_mixed_dev_v4,pmv3_0115__g711_ulaw,0.9796329492084731,0.9222841846108802,0.854271636262834,0.8342674,0.42898282,0.743063175,0.7499762624999999,0.749989725
codec_mixed_dev_v4,pmv3_0115__g722_wb,0.976712773579087,0.9259967987130769,0.8480146224455917,0.7661568,0.7758668,0.74996652,0.7241373,0.7499960999999999
codec_mixed_dev_v4,pmv3_0115__opus_nb_8k,0.9666359734207475,0.8850489931135602,0.7235776627332302,0.839318,0.41086662,0.749863575,0.7499293275000001,0.74999775
codec_mixed_dev_v4,pmv3_0115__transcode_g711_opus,0.9683269798990118,0.8772636353102068,0.7388061564734604,0.8322738,0.41428703,0.6460879125000001,0.7418300999999999,0.749937825
codec_mixed_dev_v4,pmv3_0116__clean,0.9784823774858535,0.7730150599606197,0.9638253902015015,0.53005636,0.8222243,-0.43800213749999994,0.74922882,0.7487976974999999
codec_mixed_dev_v4,pmv3_0116__g711_ulaw,0.8822421597830447,0.7247333907888531,0.782918291448859,0.67571545,0.82380146,-0.359721465,0.749849325,0.736480995
codec_mixed_dev_v4,pmv3_0116__g722_wb,0.9871105735122087,0.9036655934465886,0.9625357333242767,0.5371808,0.8093534,-0.12050925750000001,0.674630595,0.7286719500000001
codec_mixed_dev_v4,pmv3_0116__opus_nb_8k,0.8315885020780127,0.8172253288503903,0.3031747521957599,0.67083913,0.8630635,0.6155079750000001,-0.6062491125,0.57949095
codec_mixed_dev_v4,pmv3_0116__transcode_g711_opus,0.8292980825632704,0.7969542265364835,0.2474974316501531,0.7106145,0.896455,0.5689257225000001,-0.7352293875,-0.47893319999999995
codec_mixed_dev_v4,pmv3_0117__clean,0.9273386175461854,0.9343284410824065,0.5688641840125197,0.6554668,0.96523285,0.7456028775,-0.40161430500000006,0.748525725
codec_mixed_dev_v4,pmv3_0117__g711_ulaw,0.8130957593299848,0.7861584690185227,0.16973066139451007,0.89749575,0.9741455,0.7499157375000001,0.47521278,0.74861055
codec_mixed_dev_v4,pmv3_0117__g722_wb,0.8505649276044251,0.9318661239005239,0.3348694577323278,0.6587002,0.94733757,0.69497913,-0.51769275,0.697215375
codec_mixed_dev_v4,pmv3_0117__opus_nb_8k,0.4571611592833942,0.5156339232847966,0.2972220462129898,0.85098165,0.92569536,-0.7169049,-0.7272620625,-0.552339345
codec_mixed_dev_v4,pmv3_0117__transcode_g711_opus,0.4447771194458952,0.5847158135635437,0.19390144247911303,0.845875,0.920965,-0.74997537,-0.747007875,-0.749860425
codec_mixed_dev_v4,pmv3_0118__clean,0.944875293656958,0.9298043553299692,0.8528999112438226,0.6557216,0.91254485,0.6983760750000001,0.5745222,0.749439525
codec_mixed_dev_v4,pmv3_0118__g711_ulaw,0.9603112180160729,0.8507705828220432,0.5892207350604747,0.90303826,0.9596825,0.749844,0.743981625,0.749957475
codec_mixed_dev_v4,pmv3_0118__g722_wb,0.9936739009028039,0.9586397999538955,0.8609889089516028,0.7013942,0.9225067,0.7283613225,0.7434630975000001,0.7499688
codec_mixed_dev_v4,pmv3_0118__opus_nb_8k,0.9782956517595025,0.8172922411010267,0.9194802805237977,0.9167852,0.94407207,0.69351357,0.6625338749999999,0.7499669999999999
codec_mixed_dev_v4,pmv3_0118__transcode_g711_opus,0.9735439499756069,0.8465856574430262,0.7862033672128186,0.8973348,0.9417061,0.7399668375,0.017724900000000002,0.7499691
codec_mixed_dev_v4,pmv3_0119__clean,0.8678765140579883,0.8534699865582818,0.6266899302249254,0.3775603,0.69938403,0.7370304,0.57031497,0.74997165
codec_mixed_dev_v4,pmv3_0119__g711_ulaw,0.701832311654849,0.8778936228070235,0.2058316525293043,0.5896123,0.8879333,0.708608025,0.7492407974999999,0.7490260875
codec_mixed_dev_v4,pmv3_0119__g722_wb,0.9173085691256266,0.8617842575242594,0.8161940653189584,0.41294432,0.7287181,0.7499785875,0.745422375,0.74999475
codec_mixed_dev_v4,pmv3_0119__opus_nb_8k,0.8679644564182232,0.8610587592258344,0.03739089329613652,0.84987193,0.9038556,0.6644778975000001,-0.7291536750000001,-0.669378
codec_mixed_dev_v4,pmv3_0119__transcode_g711_opus,0.8005432977731471,0.7764886290775214,0.030538744995444414,0.8987786,0.908311,0.388767525,-0.744780105,-0.7282275225
