DATASET,ID,PHONE_PROB,IS_PHONE
multigen_music_presence_train_v1,mgm_fake_0000,5.921447332468688e-09,0
multigen_music_presence_train_v1,mgm_fake_0001,2.6466442371031462e-09,0
multigen_music_presence_train_v1,mgm_fake_0002,5.927255131155107e-09,0
multigen_music_presence_train_v1,mgm_fake_0003,1.0037330966383706e-09,0
multigen_music_presence_train_v1,mgm_fake_0004,5.855253348840961e-08,0
multigen_music_presence_train_v1,mgm_fake_0005,1.364927282310191e-09,0
multigen_music_presence_train_v1,mgm_fake_0006,4.061511571507026e-09,0
multigen_music_presence_train_v1,mgm_fake_0007,7.437435556312266e-09,0
multigen_music_presence_train_v1,mgm_fake_0008,1.2156995126133552e-06,0
multigen_music_presence_train_v1,mgm_fake_0009,6.444082156775721e-09,0
multigen_music_presence_train_v1,mgm_fake_0010,1.4773281487023837e-09,0
multigen_music_presence_train_v1,mgm_fake_0011,2.951447308774391e-09,0
multigen_music_presence_train_v1,mgm_fake_0012,4.5738833165387405e-08,0
multigen_music_presence_train_v1,mgm_fake_0013,1.99695548985801e-07,0
multigen_music_presence_train_v1,mgm_fake_0014,3.5490330674292636e-09,0
multigen_music_presence_train_v1,mgm_fake_0015,2.660496933870604e-09,0
multigen_music_presence_train_v1,mgm_fake_0016,5.37086730645342e-09,0
multigen_music_presence_train_v1,mgm_fake_0017,8.053262501306335e-10,0
multigen_music_presence_train_v1,mgm_fake_0018,1.095560309138932e-09,0
multigen_music_presence_train_v1,mgm_fake_0019,6.2097083031176226e-09,0
multigen_music_presence_train_v1,mgm_fake_0020,8.310744092909772e-09,0
multigen_music_presence_train_v1,mgm_fake_0021,3.4747240640342625e-09,0
multigen_music_presence_train_v1,mgm_fake_0022,4.107908679884531e-08,0
multigen_music_presence_train_v1,mgm_fake_0023,1.4555128657889327e-08,0
multigen_music_presence_train_v1,mgm_fake_0024,1.0103617942291976e-09,0
multigen_music_presence_train_v1,mgm_fake_0025,4.51578507920658e-09,0
multigen_music_presence_train_v1,mgm_fake_0026,5.702857630573988e-10,0
multigen_music_presence_train_v1,mgm_fake_0027,3.567637563151038e-08,0
multigen_music_presence_train_v1,mgm_fake_0028,1.2214499633955711e-08,0
multigen_music_presence_train_v1,mgm_fake_0029,1.5941037379008094e-09,0
multigen_music_presence_train_v1,mgm_fake_0030,5.613621567590599e-09,0
multigen_music_presence_train_v1,mgm_fake_0031,6.040909550364404e-09,0
multigen_music_presence_train_v1,mgm_fake_0032,7.124338896602467e-10,0
multigen_music_presence_train_v1,mgm_fake_0033,4.542108200666917e-08,0
multigen_music_presence_train_v1,mgm_fake_0034,1.535164662058719e-09,0
multigen_music_presence_train_v1,mgm_fake_0035,1.8098782916808887e-08,0
multigen_music_presence_train_v1,mgm_fake_0036,3.830355588263501e-09,0
multigen_music_presence_train_v1,mgm_fake_0037,1.8392599443473046e-08,0
multigen_music_presence_train_v1,mgm_fake_0038,4.995941993435338e-10,0
multigen_music_presence_train_v1,mgm_fake_0039,2.5559063487889944e-07,0
multigen_music_presence_train_v1,mgm_fake_0040,1.6210179865083774e-09,0
multigen_music_presence_train_v1,mgm_fake_0041,4.440206424760618e-09,0
multigen_music_presence_train_v1,mgm_fake_0042,2.765522810754817e-10,0
multigen_music_presence_train_v1,mgm_fake_0043,4.923060625827702e-09,0
multigen_music_presence_train_v1,mgm_fake_0044,1.8328059070427116e-08,0
multigen_music_presence_train_v1,mgm_fake_0045,2.5125993730057417e-08,0
multigen_music_presence_train_v1,mgm_fake_0046,8.303340237603152e-10,0
multigen_music_presence_train_v1,mgm_fake_0047,2.4318773661491377e-09,0
multigen_music_presence_train_v1,mgm_fake_0048,7.258908057972135e-11,0
multigen_music_presence_train_v1,mgm_fake_0049,3.239781332098346e-09,0
multigen_music_presence_train_v1,mgm_fake_0050,1.4731523778621636e-09,0
multigen_music_presence_train_v1,mgm_fake_0051,6.146028130871173e-10,0
multigen_music_presence_train_v1,mgm_fake_0052,2.773014040613475e-09,0
multigen_music_presence_train_v1,mgm_fake_0053,1.4773310352822477e-09,0
multigen_music_presence_train_v1,mgm_fake_0054,2.6135806852067844e-09,0
multigen_music_presence_train_v1,mgm_fake_0055,1.3113020891353244e-08,0
multigen_music_presence_train_v1,mgm_fake_0056,2.7655158874040353e-07,0
multigen_music_presence_train_v1,mgm_fake_0057,6.029559518339056e-09,0
multigen_music_presence_train_v1,mgm_fake_0058,2.9564388714931056e-09,0
multigen_music_presence_train_v1,mgm_fake_0059,2.6760716309581767e-08,0
multigen_music_presence_train_v1,mgm_fake_0060,1.3166163992384128e-10,0
multigen_music_presence_train_v1,mgm_fake_0061,3.439781570691025e-09,0
multigen_music_presence_train_v1,mgm_fake_0062,8.226275660661031e-09,0
multigen_music_presence_train_v1,mgm_fake_0063,3.989661045977755e-09,0
multigen_music_presence_train_v1,mgm_fake_0064,2.489762529478412e-08,0
multigen_music_presence_train_v1,mgm_fake_0065,1.246255543208008e-09,0
multigen_music_presence_train_v1,mgm_fake_0066,4.471695458363456e-09,0
multigen_music_presence_train_v1,mgm_fake_0067,4.276813125869694e-09,0
multigen_music_presence_train_v1,mgm_fake_0068,3.664555094928801e-07,0
multigen_music_presence_train_v1,mgm_fake_0069,3.94110664103664e-08,0
multigen_music_presence_train_v1,mgm_fake_0070,2.1955768314541046e-09,0
multigen_music_presence_train_v1,mgm_fake_0071,1.967213059117512e-09,0
multigen_music_presence_train_v1,mgm_fake_0072,8.571640619514653e-10,0
multigen_music_presence_train_v1,mgm_fake_0073,2.0779426179728944e-08,0
multigen_music_presence_train_v1,mgm_fake_0074,4.1915709791950917e-10,0
multigen_music_presence_train_v1,mgm_fake_0075,3.0263123118601243e-09,0
multigen_music_presence_train_v1,mgm_fake_0076,1.1443747061079534e-09,0
multigen_music_presence_train_v1,mgm_fake_0077,9.284612190185726e-09,0
multigen_music_presence_train_v1,mgm_fake_0078,5.299784500145677e-10,0
multigen_music_presence_train_v1,mgm_fake_0079,1.5459743207824062e-10,0
multigen_music_presence_train_v1,mgm_fake_0080,2.3156024653303575e-08,0
multigen_music_presence_train_v1,mgm_fake_0081,1.8455068584444234e-07,0
multigen_music_presence_train_v1,mgm_fake_0082,1.8793513967274578e-10,0
multigen_music_presence_train_v1,mgm_fake_0083,3.312786844844595e-08,0
multigen_music_presence_train_v1,mgm_fake_0084,3.473624055061464e-09,0
multigen_music_presence_train_v1,mgm_fake_0085,8.166106226781267e-07,0
multigen_music_presence_train_v1,mgm_fake_0086,4.9243005229016035e-09,0
multigen_music_presence_train_v1,mgm_fake_0087,1.1555718604228105e-09,0
multigen_music_presence_train_v1,mgm_fake_0088,1.7889961734240956e-09,0
multigen_music_presence_train_v1,mgm_fake_0089,1.2750652755855185e-09,0
multigen_music_presence_train_v1,mgm_fake_0090,1.2266860860421502e-09,0
multigen_music_presence_train_v1,mgm_fake_0091,2.6017147547463537e-08,0
multigen_music_presence_train_v1,mgm_fake_0092,3.217419664025556e-10,0
multigen_music_presence_train_v1,mgm_fake_0093,8.899087333702482e-07,0
multigen_music_presence_train_v1,mgm_fake_0094,1.3739293557024634e-11,0
multigen_music_presence_train_v1,mgm_fake_0095,7.310379412928114e-09,0
multigen_music_presence_train_v1,mgm_fake_0096,5.954446935518831e-10,0
multigen_music_presence_train_v1,mgm_fake_0097,7.450854155877096e-09,0
multigen_music_presence_train_v1,mgm_fake_0098,4.386351282192891e-09,0
multigen_music_presence_train_v1,mgm_fake_0099,3.766839995478222e-08,0
multigen_music_presence_train_v1,mgm_fake_0100,5.446980089196529e-10,0
multigen_music_presence_train_v1,mgm_fake_0101,1.1437853997264824e-09,0
multigen_music_presence_train_v1,mgm_fake_0102,3.56254981070947e-09,0
multigen_music_presence_train_v1,mgm_fake_0103,3.2073407818522526e-10,0
multigen_music_presence_train_v1,mgm_fake_0104,3.913247947906484e-09,0
multigen_music_presence_train_v1,mgm_fake_0105,1.2803885063306097e-08,0
multigen_music_presence_train_v1,mgm_fake_0106,1.6254990242714484e-08,0
multigen_music_presence_train_v1,mgm_fake_0107,4.1913789106118315e-10,0
multigen_music_presence_train_v1,mgm_fake_0108,7.473740737395929e-09,0
multigen_music_presence_train_v1,mgm_fake_0109,1.7353832260091906e-10,0
multigen_music_presence_train_v1,mgm_fake_0110,8.78955075389598e-10,0
multigen_music_presence_train_v1,mgm_fake_0111,3.953819494029176e-10,0
multigen_music_presence_train_v1,mgm_fake_0112,8.560464559437264e-10,0
multigen_music_presence_train_v1,mgm_fake_0113,1.8504099363880755e-09,0
multigen_music_presence_train_v1,mgm_fake_0114,1.699178575620408e-09,0
multigen_music_presence_train_v1,mgm_fake_0115,4.081952109658005e-09,0
multigen_music_presence_train_v1,mgm_fake_0116,9.27372345582711e-10,0
multigen_music_presence_train_v1,mgm_fake_0117,2.8897386705750705e-09,0
multigen_music_presence_train_v1,mgm_fake_0118,3.4331484322080996e-09,0
multigen_music_presence_train_v1,mgm_fake_0119,1.803757676555051e-08,0
multigen_music_presence_train_v1,mgm_fake_0120,4.6126742425656175e-09,0
multigen_music_presence_train_v1,mgm_fake_0121,2.83659706834527e-10,0
multigen_music_presence_train_v1,mgm_fake_0122,9.508702714100536e-10,0
multigen_music_presence_train_v1,mgm_fake_0123,3.7607630898328637e-10,0
multigen_music_presence_train_v1,mgm_fake_0124,2.306718815958675e-09,0
multigen_music_presence_train_v1,mgm_fake_0125,5.4970826113276416e-08,0
multigen_music_presence_train_v1,mgm_fake_0126,1.028861773555434e-09,0
multigen_music_presence_train_v1,mgm_fake_0127,2.261536110381712e-06,0
multigen_music_presence_train_v1,mgm_fake_0128,1.0531941985192361e-09,0
multigen_music_presence_train_v1,mgm_fake_0129,5.5037262941537435e-11,0
multigen_music_presence_train_v1,mgm_fake_0130,3.2448693731979006e-10,0
multigen_music_presence_train_v1,mgm_fake_0131,2.2092262241812932e-08,0
multigen_music_presence_train_v1,mgm_fake_0132,2.9742608376182034e-09,0
multigen_music_presence_train_v1,mgm_fake_0133,1.2133994253815672e-08,0
multigen_music_presence_train_v1,mgm_fake_0134,3.808418858053386e-10,0
multigen_music_presence_train_v1,mgm_fake_0135,7.321336426002745e-08,0
multigen_music_presence_train_v1,mgm_fake_0136,8.475919521799824e-09,0
multigen_music_presence_train_v1,mgm_fake_0137,1.0995995580742601e-07,0
multigen_music_presence_train_v1,mgm_fake_0138,3.355616007283402e-09,0
multigen_music_presence_train_v1,mgm_fake_0139,3.4775116546370555e-06,0
multigen_music_presence_train_v1,mgm_fake_0140,7.46636086290664e-09,0
multigen_music_presence_train_v1,mgm_fake_0141,1.7141424946132133e-09,0
multigen_music_presence_train_v1,mgm_fake_0142,9.851343074629426e-10,0
multigen_music_presence_train_v1,mgm_fake_0143,3.7431727162307027e-10,0
multigen_music_presence_train_v1,mgm_fake_0144,3.903675604988166e-09,0
multigen_music_presence_train_v1,mgm_fake_0145,4.162646405347914e-08,0
multigen_music_presence_train_v1,mgm_fake_0146,1.1373417763138605e-09,0
multigen_music_presence_train_v1,mgm_fake_0147,9.777742171479531e-09,0
multigen_music_presence_train_v1,mgm_fake_0148,5.094225596913304e-10,0
multigen_music_presence_train_v1,mgm_fake_0149,3.2512272873930215e-09,0
multigen_music_presence_train_v1,mgm_fake_0150,4.762174654615592e-09,0
multigen_music_presence_train_v1,mgm_fake_0151,1.1520771003858954e-09,0
multigen_music_presence_train_v1,mgm_fake_0152,4.694446609221359e-09,0
multigen_music_presence_train_v1,mgm_fake_0153,2.637047373355017e-06,0
multigen_music_presence_train_v1,mgm_fake_0154,2.416655320303107e-09,0
multigen_music_presence_train_v1,mgm_fake_0155,3.333410214523269e-09,0
multigen_music_presence_train_v1,mgm_fake_0156,1.3653019777848385e-05,0
multigen_music_presence_train_v1,mgm_fake_0157,1.941429683682827e-09,0
multigen_music_presence_train_v1,mgm_fake_0158,5.020626137053341e-10,0
multigen_music_presence_train_v1,mgm_fake_0159,9.438058334865218e-09,0
multigen_music_presence_train_v1,mgm_fake_0160,1.8338164764486464e-08,0
multigen_music_presence_train_v1,mgm_fake_0161,2.8988693667741927e-09,0
multigen_music_presence_train_v1,mgm_fake_0162,7.20061592573984e-08,0
multigen_music_presence_train_v1,mgm_fake_0163,5.1244221310753346e-08,0
multigen_music_presence_train_v1,mgm_fake_0164,1.9692542041482852e-10,0
multigen_music_presence_train_v1,mgm_fake_0165,7.114493438820091e-10,0
multigen_music_presence_train_v1,mgm_fake_0166,9.586653249016308e-08,0
multigen_music_presence_train_v1,mgm_fake_0167,7.255523293281385e-09,0
multigen_music_presence_train_v1,mgm_fake_0168,2.6338115022284114e-10,0
multigen_music_presence_train_v1,mgm_fake_0169,1.5580854384467102e-09,0
multigen_music_presence_train_v1,mgm_fake_0170,8.836971709946795e-10,0
multigen_music_presence_train_v1,mgm_fake_0171,1.830758478149619e-08,0
multigen_music_presence_train_v1,mgm_fake_0172,4.2622692042471044e-09,0
multigen_music_presence_train_v1,mgm_fake_0173,2.448362179663377e-09,0
multigen_music_presence_train_v1,mgm_fake_0174,4.2170072989122787e-10,0
multigen_music_presence_train_v1,mgm_fake_0175,1.7223741877181453e-10,0
multigen_music_presence_train_v1,mgm_fake_0176,1.0235446268325177e-07,0
multigen_music_presence_train_v1,mgm_fake_0177,7.962951187323597e-09,0
multigen_music_presence_train_v1,mgm_fake_0178,1.4333728648452393e-09,0
multigen_music_presence_train_v1,mgm_fake_0179,4.83319051447495e-10,0
multigen_music_presence_train_v1,mgm_fake_0180,1.5618476822965022e-07,0
multigen_music_presence_train_v1,mgm_fake_0181,2.6659932039763135e-09,0
multigen_music_presence_train_v1,mgm_fake_0182,2.049264313797039e-09,0
multigen_music_presence_train_v1,mgm_fake_0183,6.556591380935117e-10,0
multigen_music_presence_train_v1,mgm_fake_0184,2.5468067654799142e-09,0
multigen_music_presence_train_v1,mgm_fake_0185,2.2632464791172424e-09,0
multigen_music_presence_train_v1,mgm_fake_0186,2.0654904453465406e-09,0
multigen_music_presence_train_v1,mgm_fake_0187,1.8820607294856018e-09,0
multigen_music_presence_train_v1,mgm_fake_0188,1.449555586674478e-09,0
multigen_music_presence_train_v1,mgm_fake_0189,3.808609871924773e-09,0
multigen_music_presence_train_v1,mgm_fake_0190,1.738702931630698e-10,0
multigen_music_presence_train_v1,mgm_fake_0191,4.125060015791604e-10,0
multigen_music_presence_train_v1,mgm_fake_0192,1.8568196979984464e-09,0
multigen_music_presence_train_v1,mgm_fake_0193,3.3915206198997794e-09,0
multigen_music_presence_train_v1,mgm_fake_0194,1.3832712753014675e-08,0
multigen_music_presence_train_v1,mgm_fake_0195,1.900005663912907e-08,0
multigen_music_presence_train_v1,mgm_fake_0196,1.947783268008152e-09,0
multigen_music_presence_train_v1,mgm_fake_0197,8.047044697256922e-10,0
multigen_music_presence_train_v1,mgm_fake_0198,8.468890477786317e-09,0
multigen_music_presence_train_v1,mgm_fake_0199,4.058564942455156e-11,0
multigen_music_presence_train_v1,mgm_fake_0200,1.2096023072061257e-09,0
multigen_music_presence_train_v1,mgm_fake_0201,2.808266064135978e-09,0
multigen_music_presence_train_v1,mgm_fake_0202,3.1430877900362475e-09,0
multigen_music_presence_train_v1,mgm_fake_0203,2.190419623460116e-09,0
multigen_music_presence_train_v1,mgm_fake_0204,5.3716377124146675e-08,0
multigen_music_presence_train_v1,mgm_fake_0205,4.9736681440037955e-09,0
multigen_music_presence_train_v1,mgm_fake_0206,1.5816107312716099e-09,0
multigen_music_presence_train_v1,mgm_fake_0207,1.0007476625162326e-08,0
multigen_music_presence_train_v1,mgm_fake_0208,3.017218659806531e-06,0
multigen_music_presence_train_v1,mgm_fake_0209,1.3163390377712858e-08,0
multigen_music_presence_train_v1,mgm_fake_0210,6.626439674750628e-11,0
multigen_music_presence_train_v1,mgm_fake_0211,1.2311208719140154e-09,0
multigen_music_presence_train_v1,mgm_fake_0212,2.0387119548104238e-08,0
multigen_music_presence_train_v1,mgm_fake_0213,2.390031506038781e-09,0
multigen_music_presence_train_v1,mgm_fake_0214,1.8183096139878785e-09,0
multigen_music_presence_train_v1,mgm_fake_0215,1.7434417798334323e-10,0
multigen_music_presence_train_v1,mgm_fake_0216,3.3192795734215963e-10,0
multigen_music_presence_train_v1,mgm_fake_0217,8.018149477706515e-10,0
multigen_music_presence_train_v1,mgm_fake_0218,1.588368192528833e-08,0
multigen_music_presence_train_v1,mgm_fake_0219,6.147438558201657e-09,0
multigen_music_presence_train_v1,mgm_fake_0220,3.8181332229214604e-07,0
multigen_music_presence_train_v1,mgm_fake_0221,2.2556928769290607e-08,0
multigen_music_presence_train_v1,mgm_fake_0222,9.983436299876303e-09,0
multigen_music_presence_train_v1,mgm_fake_0223,1.7844092869978567e-09,0
multigen_music_presence_train_v1,mgm_fake_0224,1.3507659435418873e-09,0
multigen_music_presence_train_v1,mgm_fake_0225,2.904718883200985e-07,0
multigen_music_presence_train_v1,mgm_fake_0226,4.486143723170244e-08,0
multigen_music_presence_train_v1,mgm_fake_0227,4.3730916110540363e-10,0
multigen_music_presence_train_v1,mgm_fake_0228,2.167272938891074e-08,0
multigen_music_presence_train_v1,mgm_fake_0229,1.4229462941273141e-08,0
multigen_music_presence_train_v1,mgm_fake_0230,1.4603618314623645e-09,0
multigen_music_presence_train_v1,mgm_fake_0231,5.423036242291346e-09,0
multigen_music_presence_train_v1,mgm_fake_0232,4.260494734786846e-10,0
multigen_music_presence_train_v1,mgm_fake_0233,4.3388883597117456e-09,0
multigen_music_presence_train_v1,mgm_fake_0234,1.1267578869933459e-08,0
multigen_music_presence_train_v1,mgm_fake_0235,1.1228035168286965e-09,0
multigen_music_presence_train_v1,mgm_fake_0236,5.2476044343219286e-12,0
multigen_music_presence_train_v1,mgm_fake_0237,5.2760951163577374e-09,0
multigen_music_presence_train_v1,mgm_fake_0238,2.1906785274694585e-09,0
multigen_music_presence_train_v1,mgm_fake_0239,4.30734670153754e-10,0
multigen_music_presence_train_v1,mgm_real_0000,0.017042018473148346,0
multigen_music_presence_train_v1,mgm_real_0001,0.00015588526730425656,0
multigen_music_presence_train_v1,mgm_real_0002,0.00013366156781557947,0
multigen_music_presence_train_v1,mgm_real_0003,0.0003468471404630691,0
multigen_music_presence_train_v1,mgm_real_0004,0.0022863084450364113,0
multigen_music_presence_train_v1,mgm_real_0005,0.005104381125420332,0
multigen_music_presence_train_v1,mgm_real_0006,0.04995086416602135,0
multigen_music_presence_train_v1,mgm_real_0007,0.0007615718641318381,0
multigen_music_presence_train_v1,mgm_real_0008,0.5005276799201965,0
multigen_music_presence_train_v1,mgm_real_0009,0.0003559111210051924,0
multigen_music_presence_train_v1,mgm_real_0010,0.015336237847805023,0
multigen_music_presence_train_v1,mgm_real_0011,0.00563395069912076,0
multigen_music_presence_train_v1,mgm_real_0012,0.008167860098183155,0
multigen_music_presence_train_v1,mgm_real_0013,0.02530505321919918,0
multigen_music_presence_train_v1,mgm_real_0014,0.0003301791730336845,0
multigen_music_presence_train_v1,mgm_real_0015,0.13386662304401398,0
multigen_music_presence_train_v1,mgm_real_0016,0.01553299743682146,0
multigen_music_presence_train_v1,mgm_real_0017,0.05299398675560951,0
multigen_music_presence_train_v1,mgm_real_0018,0.005193586461246014,0
multigen_music_presence_train_v1,mgm_real_0019,0.010181097313761711,0
multigen_music_presence_train_v1,mgm_real_0020,0.010705608874559402,0
multigen_music_presence_train_v1,mgm_real_0021,1.238561344507616e-05,0
multigen_music_presence_train_v1,mgm_real_0022,0.009687891229987144,0
multigen_music_presence_train_v1,mgm_real_0023,0.00039531695074401796,0
multigen_music_presence_train_v1,mgm_real_0024,0.04151270166039467,0
multigen_music_presence_train_v1,mgm_real_0025,7.231507197502651e-07,0
multigen_music_presence_train_v1,mgm_real_0026,0.00754344929009676,0
multigen_music_presence_train_v1,mgm_real_0027,0.005259412806481123,0
multigen_music_presence_train_v1,mgm_real_0028,0.0014504443388432264,0
multigen_music_presence_train_v1,mgm_real_0029,0.0018668114207684994,0
multigen_music_presence_train_v1,mgm_real_0030,0.00016511754074599594,0
multigen_music_presence_train_v1,mgm_real_0031,0.0009864902822300792,0
multigen_music_presence_train_v1,mgm_real_0032,6.56772044749232e-06,0
multigen_music_presence_train_v1,mgm_real_0033,9.147949640464503e-06,0
multigen_music_presence_train_v1,mgm_real_0034,0.0014554697554558516,0
multigen_music_presence_train_v1,mgm_real_0035,0.016079705208539963,0
multigen_music_presence_train_v1,mgm_real_0036,0.0032065424602478743,0
multigen_music_presence_train_v1,mgm_real_0037,0.0011245099594816566,0
multigen_music_presence_train_v1,mgm_real_0038,0.0015907117631286383,0
multigen_music_presence_train_v1,mgm_real_0039,3.1276093068299815e-05,0
multigen_music_presence_train_v1,mgm_real_0040,0.01025476586073637,0
multigen_music_presence_train_v1,mgm_real_0041,0.0007040257332846522,0
multigen_music_presence_train_v1,mgm_real_0042,0.21639274060726166,0
multigen_music_presence_train_v1,mgm_real_0043,0.00963194202631712,0
multigen_music_presence_train_v1,mgm_real_0044,0.0012996229343116283,0
multigen_music_presence_train_v1,mgm_real_0045,0.004101773723959923,0
multigen_music_presence_train_v1,mgm_real_0046,0.00041450237040407956,0
multigen_music_presence_train_v1,mgm_real_0047,0.00531346770003438,0
multigen_music_presence_train_v1,mgm_real_0048,0.0037221242673695087,0
multigen_music_presence_train_v1,mgm_real_0049,0.00022888238891027868,0
multigen_music_presence_train_v1,mgm_real_0050,0.12489444017410278,0
multigen_music_presence_train_v1,mgm_real_0051,0.013522839173674583,0
multigen_music_presence_train_v1,mgm_real_0052,0.017147038131952286,0
multigen_music_presence_train_v1,mgm_real_0053,0.002817430067807436,0
multigen_music_presence_train_v1,mgm_real_0054,0.0025454838760197163,0
multigen_music_presence_train_v1,mgm_real_0055,1.835313014453277e-05,0
multigen_music_presence_train_v1,mgm_real_0056,0.020322240889072418,0
multigen_music_presence_train_v1,mgm_real_0057,0.0010430108522996306,0
multigen_music_presence_train_v1,mgm_real_0058,0.07279011607170105,0
multigen_music_presence_train_v1,mgm_real_0059,0.02033517323434353,0
multigen_music_presence_train_v1,mgm_real_0060,0.00011815252219093964,0
multigen_music_presence_train_v1,mgm_real_0061,0.00022268477187026292,0
multigen_music_presence_train_v1,mgm_real_0062,0.012428373098373413,0
multigen_music_presence_train_v1,mgm_real_0063,0.024406662210822105,0
multigen_music_presence_train_v1,mgm_real_0064,0.002420248230919242,0
multigen_music_presence_train_v1,mgm_real_0066,0.0017860117368400097,0
multigen_music_presence_train_v1,mgm_real_0067,0.018100425601005554,0
multigen_music_presence_train_v1,mgm_real_0068,0.0014007703866809607,0
multigen_music_presence_train_v1,mgm_real_0069,0.011405309662222862,0
multigen_music_presence_train_v1,mgm_real_0070,0.005198190920054913,0
multigen_music_presence_train_v1,mgm_real_0071,0.13194039463996887,0
multigen_music_presence_train_v1,mgm_real_0072,6.578367174370214e-05,0
multigen_music_presence_train_v1,mgm_real_0073,0.012243621982634068,0
multigen_music_presence_train_v1,mgm_real_0074,0.0009182763169519603,0
multigen_music_presence_train_v1,mgm_real_0075,0.10773040354251862,0
multigen_music_presence_train_v1,mgm_real_0076,0.00018264190293848515,0
multigen_music_presence_train_v1,mgm_real_0077,1.2406703717715573e-05,0
multigen_music_presence_train_v1,mgm_real_0078,0.003234865376725793,0
multigen_music_presence_train_v1,mgm_real_0079,0.0022997120395302773,0
multigen_music_presence_train_v1,mgm_real_0080,5.652364052366465e-05,0
multigen_music_presence_train_v1,mgm_real_0081,0.003392882412299514,0
multigen_music_presence_train_v1,mgm_real_0082,0.0017227771459147334,0
multigen_music_presence_train_v1,mgm_real_0083,0.006576777435839176,0
multigen_music_presence_train_v1,mgm_real_0085,0.014915406703948975,0
multigen_music_presence_train_v1,mgm_real_0086,0.0007237466052174568,0
multigen_music_presence_train_v1,mgm_real_0087,0.00013364487676881254,0
multigen_music_presence_train_v1,mgm_real_0088,0.00046306021977216005,0
multigen_music_presence_train_v1,mgm_real_0089,0.00020703529298771173,0
multigen_music_presence_train_v1,mgm_real_0090,0.0001400973997078836,0
multigen_music_presence_train_v1,mgm_real_0091,0.014642897062003613,0
multigen_music_presence_train_v1,mgm_real_0092,0.00016260347911156714,0
multigen_music_presence_train_v1,mgm_real_0093,0.00920626800507307,0
multigen_music_presence_train_v1,mgm_real_0094,0.0019290808122605085,0
multigen_music_presence_train_v1,mgm_real_0095,3.127620948362164e-05,0
multigen_music_presence_train_v1,mgm_real_0096,0.04930048808455467,0
multigen_music_presence_train_v1,mgm_real_0097,0.00010819266753969714,0
multigen_music_presence_train_v1,mgm_real_0098,0.00955119077116251,0
multigen_music_presence_train_v1,mgm_real_0099,0.014749152585864067,0
multigen_music_presence_train_v1,mgm_real_0100,0.00017081723490264267,0
multigen_music_presence_train_v1,mgm_real_0101,0.0002965621242765337,0
multigen_music_presence_train_v1,mgm_real_0102,0.003678638255223632,0
multigen_music_presence_train_v1,mgm_real_0103,1.9680609852912312e-07,0
multigen_music_presence_train_v1,mgm_real_0104,0.019802862778306007,0
multigen_music_presence_train_v1,mgm_real_0105,0.0035223690792918205,0
multigen_music_presence_train_v1,mgm_real_0106,0.023560160771012306,0
multigen_music_presence_train_v1,mgm_real_0107,0.002793378895148635,0
multigen_music_presence_train_v1,mgm_real_0108,0.01063233707100153,0
multigen_music_presence_train_v1,mgm_real_0109,0.00883819442242384,0
multigen_music_presence_train_v1,mgm_real_0110,0.027814997360110283,0
multigen_music_presence_train_v1,mgm_real_0111,0.0014051453908905387,0
multigen_music_presence_train_v1,mgm_real_0112,0.030761590227484703,0
multigen_music_presence_train_v1,mgm_real_0113,0.014719454571604729,0
multigen_music_presence_train_v1,mgm_real_0114,0.002275625942274928,0
multigen_music_presence_train_v1,mgm_real_0115,0.018148642033338547,0
multigen_music_presence_train_v1,mgm_real_0116,0.0010535451583564281,0
multigen_music_presence_train_v1,mgm_real_0117,0.0012424724409356713,0
multigen_music_presence_train_v1,mgm_real_0118,0.005468253046274185,0
multigen_music_presence_train_v1,mgm_real_0119,0.2922927439212799,0
multigen_music_presence_train_v1,mgm_real_0120,0.009112904779613018,0
multigen_music_presence_train_v1,mgm_real_0121,0.0001730520452838391,0
multigen_music_presence_train_v1,mgm_real_0122,6.251393642742187e-05,0
multigen_music_presence_train_v1,mgm_real_0123,0.010983902029693127,0
multigen_music_presence_train_v1,mgm_real_0125,0.014553835615515709,0
multigen_music_presence_train_v1,mgm_real_0126,0.00013110779400449246,0
multigen_music_presence_train_v1,mgm_real_0127,0.007490330375730991,0
multigen_music_presence_train_v1,mgm_real_0128,0.0019657202064990997,0
multigen_music_presence_train_v1,mgm_real_0129,0.0018774959025904536,0
multigen_music_presence_train_v1,mgm_real_0130,0.006462651304900646,0
multigen_music_presence_train_v1,mgm_real_0131,0.006001180503517389,0
multigen_music_presence_train_v1,mgm_real_0132,0.0007288119522854686,0
multigen_music_presence_train_v1,mgm_real_0133,0.0002738955372478813,0
multigen_music_presence_train_v1,mgm_real_0134,2.246418262075167e-06,0
multigen_music_presence_train_v1,mgm_real_0135,0.005067613907158375,0
multigen_music_presence_train_v1,mgm_real_0136,0.05304401367902756,0
multigen_music_presence_train_v1,mgm_real_0137,0.0006142593920230865,0
multigen_music_presence_train_v1,mgm_real_0138,2.7527499696589075e-05,0
multigen_music_presence_train_v1,mgm_real_0139,0.020380035042762756,0
multigen_music_presence_train_v1,mgm_real_0140,0.00015319646627176553,0
multigen_music_presence_train_v1,mgm_real_0141,0.004613671917468309,0
multigen_music_presence_train_v1,mgm_real_0142,0.004770524799823761,0
multigen_music_presence_train_v1,mgm_real_0143,0.00021958374418318272,0
multigen_music_presence_train_v1,mgm_real_0144,0.0006617769249714911,0
multigen_music_presence_train_v1,mgm_real_0145,0.06583232432603836,0
multigen_music_presence_train_v1,mgm_real_0146,0.0012890594080090523,0
multigen_music_presence_train_v1,mgm_real_0147,0.003911353647708893,0
multigen_music_presence_train_v1,mgm_real_0148,0.002275727689266205,0
multigen_music_presence_train_v1,mgm_real_0149,0.005711198318749666,0
multigen_music_presence_train_v1,mgm_real_0150,0.005822007078677416,0
multigen_music_presence_train_v1,mgm_real_0151,0.0036130149383097887,0
multigen_music_presence_train_v1,mgm_real_0152,0.002122929785400629,0
multigen_music_presence_train_v1,mgm_real_0153,0.005517527926713228,0
multigen_music_presence_train_v1,mgm_real_0154,0.0011972066713497043,0
multigen_music_presence_train_v1,mgm_real_0155,0.0007820320315659046,0
multigen_music_presence_train_v1,mgm_real_0156,0.004035821184515953,0
multigen_music_presence_train_v1,mgm_real_0157,0.0024856713134795427,0
multigen_music_presence_train_v1,mgm_real_0158,0.002969403052702546,0
multigen_music_presence_train_v1,mgm_real_0159,0.0012216060422360897,0
multigen_music_presence_train_v1,mgm_real_0160,0.008083637803792953,0
multigen_music_presence_train_v1,mgm_real_0161,0.02958046831190586,0
multigen_music_presence_train_v1,mgm_real_0162,0.005755602847784758,0
multigen_music_presence_train_v1,mgm_real_0163,0.00017297122394666076,0
multigen_music_presence_train_v1,mgm_real_0164,0.0016930954298004508,0
multigen_music_presence_train_v1,mgm_real_0165,0.005341707728803158,0
multigen_music_presence_train_v1,mgm_real_0166,0.011667908169329166,0
multigen_music_presence_train_v1,mgm_real_0167,0.0004912310978397727,0
multigen_music_presence_train_v1,mgm_real_0168,0.0027021938003599644,0
multigen_music_presence_train_v1,mgm_real_0169,3.6956807889509946e-05,0
multigen_music_presence_train_v1,mgm_real_0170,0.02232375554740429,0
multigen_music_presence_train_v1,mgm_real_0171,0.005388438235968351,0
multigen_music_presence_train_v1,mgm_real_0172,3.1266132282326e-05,0
multigen_music_presence_train_v1,mgm_real_0173,0.00011570752394618466,0
multigen_music_presence_train_v1,mgm_real_0174,0.0005719634937122464,0
multigen_music_presence_train_v1,mgm_real_0175,0.006612027995288372,0
multigen_music_presence_train_v1,mgm_real_0176,0.01167509239166975,0
multigen_music_presence_train_v1,mgm_real_0177,0.003281489945948124,0
multigen_music_presence_train_v1,mgm_real_0178,0.0008767612162046134,0
multigen_music_presence_train_v1,mgm_real_0179,7.148401346057653e-05,0
multigen_music_presence_train_v1,mgm_real_0180,6.850402132840827e-05,0
multigen_music_presence_train_v1,mgm_real_0181,0.0022968461271375418,0
multigen_music_presence_train_v1,mgm_real_0183,0.001374655868858099,0
multigen_music_presence_train_v1,mgm_real_0184,0.0010432861745357513,0
multigen_music_presence_train_v1,mgm_real_0185,0.0036566397175192833,0
multigen_music_presence_train_v1,mgm_real_0187,0.001390530844219029,0
multigen_music_presence_train_v1,mgm_real_0188,0.0028965880628675222,0
multigen_music_presence_train_v1,mgm_real_0189,0.009436133317649364,0
multigen_music_presence_train_v1,mgm_real_0190,0.0010162851540371776,0
multigen_music_presence_train_v1,mgm_real_0191,0.0021828152239322662,0
multigen_music_presence_train_v1,mgm_real_0192,0.02835569716989994,0
multigen_music_presence_train_v1,mgm_real_0193,0.00010856698645511642,0
multigen_music_presence_train_v1,mgm_real_0194,0.0009000126738101244,0
multigen_music_presence_train_v1,mgm_real_0195,0.00016900965420063585,0
multigen_music_presence_train_v1,mgm_real_0196,0.00706954300403595,0
multigen_music_presence_train_v1,mgm_real_0197,0.0060066841542720795,0
multigen_music_presence_train_v1,mgm_real_0198,0.00016511535795871168,0
multigen_music_presence_train_v1,mgm_real_0199,0.03507377952337265,0
multigen_music_presence_train_v1,mgm_real_0200,0.0011341744102537632,0
multigen_music_presence_train_v1,mgm_real_0201,0.04283180460333824,0
multigen_music_presence_train_v1,mgm_real_0202,0.0003589769476093352,0
multigen_music_presence_train_v1,mgm_real_0203,0.042023297399282455,0
multigen_music_presence_train_v1,mgm_real_0204,0.0021123276092112064,0
multigen_music_presence_train_v1,mgm_real_0205,0.0933324322104454,0
multigen_music_presence_train_v1,mgm_real_0206,0.00033724281820468605,0
multigen_music_presence_train_v1,mgm_real_0207,0.001686086761765182,0
multigen_music_presence_train_v1,mgm_real_0208,2.823548186370317e-07,0
multigen_music_presence_train_v1,mgm_real_0209,0.002151826396584511,0
multigen_music_presence_train_v1,mgm_real_0210,4.902854925603606e-06,0
multigen_music_presence_train_v1,mgm_real_0211,0.0058562564663589,0
multigen_music_presence_train_v1,mgm_real_0212,0.00011242605251027271,0
multigen_music_presence_train_v1,mgm_real_0213,0.0008059250540100038,0
multigen_music_presence_train_v1,mgm_real_0214,0.0018658299231901765,0
multigen_music_presence_train_v1,mgm_real_0215,0.0756620541214943,0
multigen_music_presence_train_v1,mgm_real_0216,0.0015201711794361472,0
multigen_music_presence_train_v1,mgm_real_0217,0.0003555601288098842,0
multigen_music_presence_train_v1,mgm_real_0218,0.0012327366275712848,0
multigen_music_presence_train_v1,mgm_real_0219,0.2929815649986267,0
multigen_music_presence_train_v1,mgm_real_0220,0.001941888825967908,0
multigen_music_presence_train_v1,mgm_real_0221,0.0010490647982805967,0
multigen_music_presence_train_v1,mgm_real_0222,0.004514419008046389,0
multigen_music_presence_train_v1,mgm_real_0223,1.4610719517804682e-05,0
multigen_music_presence_train_v1,mgm_real_0224,0.0010773871326819062,0
multigen_music_presence_train_v1,mgm_real_0225,9.997359302360564e-05,0
multigen_music_presence_train_v1,mgm_real_0226,0.0005263488856144249,0
multigen_music_presence_train_v1,mgm_real_0227,0.010358767583966255,0
multigen_music_presence_train_v1,mgm_real_0228,0.018476372584700584,0
multigen_music_presence_train_v1,mgm_real_0229,0.001306906109675765,0
multigen_music_presence_train_v1,mgm_real_0230,0.0016739291604608297,0
multigen_music_presence_train_v1,mgm_real_0231,0.0003433003439567983,0
multigen_music_presence_train_v1,mgm_real_0232,0.03431246057152748,0
multigen_music_presence_train_v1,mgm_real_0233,0.001675959094427526,0
multigen_music_presence_train_v1,mgm_real_0235,0.04522111266851425,0
multigen_music_presence_train_v1,mgm_real_0236,0.04535532742738724,0
multigen_music_presence_train_v1,mgm_real_0237,0.022911658510565758,0
multigen_music_presence_train_v1,mgm_real_0238,0.009783395566046238,0
multigen_music_presence_train_v1,mgm_real_0239,0.002225669799372554,0
phone_presence_factorial_train_v1,phone_presence_train_0000,0.9977594614028931,1
phone_presence_factorial_train_v1,phone_presence_train_0001,0.9946501851081848,1
phone_presence_factorial_train_v1,phone_presence_train_0002,0.9997038245201111,1
phone_presence_factorial_train_v1,phone_presence_train_0003,0.9999767541885376,1
phone_presence_factorial_train_v1,phone_presence_train_0004,0.9999520778656006,1
phone_presence_factorial_train_v1,phone_presence_train_0005,0.9992815852165222,1
phone_presence_factorial_train_v1,phone_presence_train_0006,0.9997339844703674,1
phone_presence_factorial_train_v1,phone_presence_train_0007,0.9999328851699829,1
phone_presence_factorial_train_v1,phone_presence_train_0008,0.9999725818634033,1
phone_presence_factorial_train_v1,phone_presence_train_0009,0.9985664486885071,1
phone_presence_factorial_train_v1,phone_presence_train_0010,0.9970046877861023,1
phone_presence_factorial_train_v1,phone_presence_train_0011,0.9998835325241089,1
phone_presence_factorial_train_v1,phone_presence_train_0012,0.9999644756317139,1
phone_presence_factorial_train_v1,phone_presence_train_0013,0.9998418092727661,1
phone_presence_factorial_train_v1,phone_presence_train_0014,0.9997068047523499,1
phone_presence_factorial_train_v1,phone_presence_train_0015,0.9931765198707581,1
phone_presence_factorial_train_v1,phone_presence_train_0016,0.9775197505950928,1
phone_presence_factorial_train_v1,phone_presence_train_0017,0.9998776912689209,1
phone_presence_factorial_train_v1,phone_presence_train_0018,0.9998375177383423,1
phone_presence_factorial_train_v1,phone_presence_train_0019,0.9999094009399414,1
phone_presence_factorial_train_v1,phone_presence_train_0020,0.9998723268508911,1
phone_presence_factorial_train_v1,phone_presence_train_0021,0.9987601041793823,1
phone_presence_factorial_train_v1,phone_presence_train_0022,0.9999300241470337,1
phone_presence_factorial_train_v1,phone_presence_train_0023,0.9988940358161926,1
phone_presence_factorial_train_v1,phone_presence_train_0024,0.9998496770858765,1
phone_presence_factorial_train_v1,phone_presence_train_0025,0.9997181296348572,1
phone_presence_factorial_train_v1,phone_presence_train_0026,0.9830017685890198,1
phone_presence_factorial_train_v1,phone_presence_train_0027,0.9999885559082031,1
phone_presence_factorial_train_v1,phone_presence_train_0028,0.9998955726623535,1
phone_presence_factorial_train_v1,phone_presence_train_0029,0.9991662502288818,1
phone_presence_factorial_train_v1,phone_presence_train_0030,0.9994475245475769,1
phone_presence_factorial_train_v1,phone_presence_train_0031,0.998231828212738,1
phone_presence_factorial_train_v1,phone_presence_train_0032,0.9999470710754395,1
phone_presence_factorial_train_v1,phone_presence_train_0033,0.999976396560669,1
phone_presence_factorial_train_v1,phone_presence_train_0034,0.9997348189353943,1
phone_presence_factorial_train_v1,phone_presence_train_0035,0.9997887015342712,1
phone_presence_factorial_train_v1,phone_presence_train_0036,0.9987253546714783,1
phone_presence_factorial_train_v1,phone_presence_train_0037,0.999883770942688,1
phone_presence_factorial_train_v1,phone_presence_train_0038,0.9999110698699951,1
phone_presence_factorial_train_v1,phone_presence_train_0039,0.9999270439147949,1
phone_presence_factorial_train_v1,phone_presence_train_0040,0.9997952580451965,1
phone_presence_factorial_train_v1,phone_presence_train_0041,0.9844232201576233,1
phone_presence_factorial_train_v1,phone_presence_train_0042,0.9999648332595825,1
phone_presence_factorial_train_v1,phone_presence_train_0043,0.9998979568481445,1
phone_presence_factorial_train_v1,phone_presence_train_0044,0.9998231530189514,1
phone_presence_factorial_train_v1,phone_presence_train_0045,0.9998511075973511,1
phone_presence_factorial_train_v1,phone_presence_train_0046,0.9868768453598022,1
phone_presence_factorial_train_v1,phone_presence_train_0047,0.9999502897262573,1
phone_presence_factorial_train_v1,phone_presence_train_0048,0.9998886585235596,1
phone_presence_factorial_train_v1,phone_presence_train_0049,0.9999165534973145,1
phone_presence_factorial_train_v1,phone_presence_train_0050,0.9997163414955139,1
phone_presence_factorial_train_v1,phone_presence_train_0051,0.9994226694107056,1
phone_presence_factorial_train_v1,phone_presence_train_0052,0.9999953508377075,1
phone_presence_factorial_train_v1,phone_presence_train_0053,0.9997153878211975,1
phone_presence_factorial_train_v1,phone_presence_train_0054,0.9991697072982788,1
phone_presence_factorial_train_v1,phone_presence_train_0055,0.9994295239448547,1
phone_presence_factorial_train_v1,phone_presence_train_0056,0.9803246855735779,1
phone_presence_factorial_train_v1,phone_presence_train_0057,0.9998971223831177,1
phone_presence_factorial_train_v1,phone_presence_train_0058,0.9998888969421387,1
phone_presence_factorial_train_v1,phone_presence_train_0059,0.9998087286949158,1
phone_presence_factorial_train_v1,phone_presence_train_0060,0.9999703168869019,1
phone_presence_factorial_train_v1,phone_presence_train_0061,0.864303469657898,1
phone_presence_factorial_train_v1,phone_presence_train_0062,0.9999829530715942,1
phone_presence_factorial_train_v1,phone_presence_train_0063,0.999309778213501,1
phone_presence_factorial_train_v1,phone_presence_train_0064,0.9998482465744019,1
phone_presence_factorial_train_v1,phone_presence_train_0065,0.9906026124954224,1
phone_presence_factorial_train_v1,phone_presence_train_0066,0.9963309168815613,1
phone_presence_factorial_train_v1,phone_presence_train_0067,0.9999135732650757,1
phone_presence_factorial_train_v1,phone_presence_train_0068,0.9999879598617554,1
phone_presence_factorial_train_v1,phone_presence_train_0069,0.9998020529747009,1
phone_presence_factorial_train_v1,phone_presence_train_0070,0.9991108775138855,1
phone_presence_factorial_train_v1,phone_presence_train_0071,0.9988798499107361,1
phone_presence_factorial_train_v1,phone_presence_train_0072,0.9998358488082886,1
phone_presence_factorial_train_v1,phone_presence_train_0073,0.9999794960021973,1
phone_presence_factorial_train_v1,phone_presence_train_0074,0.9999141693115234,1
phone_presence_factorial_train_v1,phone_presence_train_0075,0.9996439218521118,1
phone_presence_factorial_train_v1,phone_presence_train_0076,0.9989629983901978,1
phone_presence_factorial_train_v1,phone_presence_train_0077,0.9999842643737793,1
phone_presence_factorial_train_v1,phone_presence_train_0078,0.9999606609344482,1
phone_presence_factorial_train_v1,phone_presence_train_0079,0.9988551139831543,1
phone_presence_factorial_train_v1,phone_presence_train_0080,0.9995385408401489,1
phone_presence_factorial_train_v1,phone_presence_train_0081,0.9989286065101624,1
phone_presence_factorial_train_v1,phone_presence_train_0082,0.9999772310256958,1
phone_presence_factorial_train_v1,phone_presence_train_0083,0.9983108043670654,1
phone_presence_factorial_train_v1,phone_presence_train_0084,0.9993663430213928,1
phone_presence_factorial_train_v1,phone_presence_train_0085,0.9998111128807068,1
phone_presence_factorial_train_v1,phone_presence_train_0086,0.9685134887695312,1
phone_presence_factorial_train_v1,phone_presence_train_0087,0.9999967813491821,1
phone_presence_factorial_train_v1,phone_presence_train_0088,0.9998350143432617,1
phone_presence_factorial_train_v1,phone_presence_train_0089,0.9998296499252319,1
phone_presence_factorial_train_v1,phone_presence_train_0090,0.9998090863227844,1
phone_presence_factorial_train_v1,phone_presence_train_0091,0.9862402081489563,1
phone_presence_factorial_train_v1,phone_presence_train_0092,0.9999818801879883,1
phone_presence_factorial_train_v1,phone_presence_train_0093,0.9999825954437256,1
phone_presence_factorial_train_v1,phone_presence_train_0094,0.9999041557312012,1
phone_presence_factorial_train_v1,phone_presence_train_0095,0.9996200799942017,1
phone_presence_factorial_train_v1,phone_presence_train_0096,0.989281415939331,1
phone_presence_factorial_train_v1,phone_presence_train_0097,0.999853253364563,1
phone_presence_factorial_train_v1,phone_presence_train_0098,0.9999675750732422,1
phone_presence_factorial_train_v1,phone_presence_train_0099,0.9997864365577698,1
phone_presence_factorial_train_v1,phone_presence_train_0100,0.9980812072753906,1
phone_presence_factorial_train_v1,phone_presence_train_0101,0.9852978587150574,1
phone_presence_factorial_train_v1,phone_presence_train_0102,0.9999537467956543,1
phone_presence_factorial_train_v1,phone_presence_train_0103,0.9999700784683228,1
phone_presence_factorial_train_v1,phone_presence_train_0104,0.9998363256454468,1
phone_presence_factorial_train_v1,phone_presence_train_0105,0.9998341798782349,1
phone_presence_factorial_train_v1,phone_presence_train_0106,0.9994596838951111,1
phone_presence_factorial_train_v1,phone_presence_train_0107,0.9999833106994629,1
phone_presence_factorial_train_v1,phone_presence_train_0108,0.9998917579650879,1
phone_presence_factorial_train_v1,phone_presence_train_0109,0.9842873811721802,1
phone_presence_factorial_train_v1,phone_presence_train_0110,0.9984833598136902,1
phone_presence_factorial_train_v1,phone_presence_train_0111,0.9989458918571472,1
phone_presence_factorial_train_v1,phone_presence_train_0112,0.999993085861206,1
phone_presence_factorial_train_v1,phone_presence_train_0113,0.9999217987060547,1
phone_presence_factorial_train_v1,phone_presence_train_0114,0.9996256828308105,1
phone_presence_factorial_train_v1,phone_presence_train_0115,0.9995883107185364,1
phone_presence_factorial_train_v1,phone_presence_train_0116,0.9991870522499084,1
phone_presence_factorial_train_v1,phone_presence_train_0117,0.9999902248382568,1
phone_presence_factorial_train_v1,phone_presence_train_0118,0.999861478805542,1
phone_presence_factorial_train_v1,phone_presence_train_0119,0.9997870326042175,1
phone_presence_factorial_train_v1,phone_presence_train_0120,0.9990063309669495,1
phone_presence_factorial_train_v1,phone_presence_train_0121,0.9999855756759644,1
phone_presence_factorial_train_v1,phone_presence_train_0122,0.9999605417251587,1
phone_presence_factorial_train_v1,phone_presence_train_0123,0.999920129776001,1
phone_presence_factorial_train_v1,phone_presence_train_0124,0.9997065663337708,1
phone_presence_factorial_train_v1,phone_presence_train_0125,0.9948655962944031,1
phone_presence_factorial_train_v1,phone_presence_train_0126,0.9798641204833984,1
phone_presence_factorial_train_v1,phone_presence_train_0127,0.9968966245651245,1
phone_presence_factorial_train_v1,phone_presence_train_0128,0.9999924898147583,1
phone_presence_factorial_train_v1,phone_presence_train_0129,0.9997709393501282,1
phone_presence_factorial_train_v1,phone_presence_train_0130,0.9997987151145935,1
phone_presence_factorial_train_v1,phone_presence_train_0131,0.9990237951278687,1
phone_presence_factorial_train_v1,phone_presence_train_0132,0.999846339225769,1
phone_presence_factorial_train_v1,phone_presence_train_0133,0.999887228012085,1
phone_presence_factorial_train_v1,phone_presence_train_0134,0.9993166923522949,1
phone_presence_factorial_train_v1,phone_presence_train_0135,0.999419093132019,1
phone_presence_factorial_train_v1,phone_presence_train_0136,0.9990173578262329,1
phone_presence_factorial_train_v1,phone_presence_train_0137,0.9999324083328247,1
phone_presence_factorial_train_v1,phone_presence_train_0138,0.9984976053237915,1
phone_presence_factorial_train_v1,phone_presence_train_0139,0.998713493347168,1
phone_presence_factorial_train_v1,phone_presence_train_0140,0.999849796295166,1
phone_presence_factorial_train_v1,phone_presence_train_0141,0.9919136762619019,1
phone_presence_factorial_train_v1,phone_presence_train_0142,0.9999116659164429,1
phone_presence_factorial_train_v1,phone_presence_train_0143,0.9995442032814026,1
phone_presence_factorial_train_v1,phone_presence_train_0144,0.9998950958251953,1
phone_presence_factorial_train_v1,phone_presence_train_0145,0.9994956254959106,1
phone_presence_factorial_train_v1,phone_presence_train_0146,0.9988239407539368,1
phone_presence_factorial_train_v1,phone_presence_train_0147,0.9999430179595947,1
phone_presence_factorial_train_v1,phone_presence_train_0148,0.9996339082717896,1
phone_presence_factorial_train_v1,phone_presence_train_0149,0.9994720816612244,1
phone_presence_factorial_train_v1,phone_presence_train_0150,0.9998883008956909,1
phone_presence_factorial_train_v1,phone_presence_train_0151,0.99284827709198,1
phone_presence_factorial_train_v1,phone_presence_train_0152,0.9999983310699463,1
phone_presence_factorial_train_v1,phone_presence_train_0153,0.9997462630271912,1
phone_presence_factorial_train_v1,phone_presence_train_0154,0.9998680353164673,1
phone_presence_factorial_train_v1,phone_presence_train_0155,0.9998365640640259,1
phone_presence_factorial_train_v1,phone_presence_train_0156,0.9890385866165161,1
phone_presence_factorial_train_v1,phone_presence_train_0157,0.9999489784240723,1
phone_presence_factorial_train_v1,phone_presence_train_0158,0.9998881816864014,1
phone_presence_factorial_train_v1,phone_presence_train_0159,0.999921441078186,1
phone_presence_factorial_train_v1,phone_presence_train_0160,0.9997772574424744,1
phone_presence_factorial_train_v1,phone_presence_train_0161,0.9727131128311157,1
phone_presence_factorial_train_v1,phone_presence_train_0162,0.9998168349266052,1
phone_presence_factorial_train_v1,phone_presence_train_0163,0.9999183416366577,1
phone_presence_factorial_train_v1,phone_presence_train_0164,0.9999152421951294,1
phone_presence_factorial_train_v1,phone_presence_train_0165,0.9997697472572327,1
phone_presence_factorial_train_v1,phone_presence_train_0166,0.9134386777877808,1
phone_presence_factorial_train_v1,phone_presence_train_0167,0.9999216794967651,1
phone_presence_factorial_train_v1,phone_presence_train_0168,0.999842643737793,1
phone_presence_factorial_train_v1,phone_presence_train_0169,0.999897837638855,1
phone_presence_factorial_train_v1,phone_presence_train_0170,0.9977961778640747,1
phone_presence_factorial_train_v1,phone_presence_train_0171,0.9968020915985107,1
phone_presence_factorial_train_v1,phone_presence_train_0172,0.9999202489852905,1
phone_presence_factorial_train_v1,phone_presence_train_0173,0.9997513890266418,1
phone_presence_factorial_train_v1,phone_presence_train_0174,0.9996277093887329,1
phone_presence_factorial_train_v1,phone_presence_train_0175,0.9989443421363831,1
phone_presence_factorial_train_v1,phone_presence_train_0176,0.9993253946304321,1
phone_presence_factorial_train_v1,phone_presence_train_0177,0.9986879229545593,1
phone_presence_factorial_train_v1,phone_presence_train_0178,0.9999516010284424,1
phone_presence_factorial_train_v1,phone_presence_train_0179,0.9949618577957153,1
phone_presence_factorial_train_v1,phone_presence_train_0180,0.9994211196899414,1
phone_presence_factorial_train_v1,phone_presence_train_0181,0.9992668032646179,1
phone_presence_factorial_train_v1,phone_presence_train_0182,0.9999988079071045,1
phone_presence_factorial_train_v1,phone_presence_train_0183,0.9999523162841797,1
phone_presence_factorial_train_v1,phone_presence_train_0184,0.9997705817222595,1
phone_presence_factorial_train_v1,phone_presence_train_0185,0.999823272228241,1
phone_presence_factorial_train_v1,phone_presence_train_0186,0.9984241724014282,1
phone_presence_factorial_train_v1,phone_presence_train_0187,0.999980092048645,1
phone_presence_factorial_train_v1,phone_presence_train_0188,0.999971866607666,1
phone_presence_factorial_train_v1,phone_presence_train_0189,0.9999170303344727,1
phone_presence_factorial_train_v1,phone_presence_train_0190,0.9994232654571533,1
phone_presence_factorial_train_v1,phone_presence_train_0191,0.9968921542167664,1
phone_presence_factorial_train_v1,phone_presence_train_0192,0.9999123811721802,1
phone_presence_factorial_train_v1,phone_presence_train_0193,0.9998223185539246,1
phone_presence_factorial_train_v1,phone_presence_train_0194,0.9999542236328125,1
phone_presence_factorial_train_v1,phone_presence_train_0195,0.9982274174690247,1
phone_presence_factorial_train_v1,phone_presence_train_0196,0.998630940914154,1
phone_presence_factorial_train_v1,phone_presence_train_0197,0.9999649524688721,1
phone_presence_factorial_train_v1,phone_presence_train_0198,0.9999407529830933,1
phone_presence_factorial_train_v1,phone_presence_train_0199,0.9994674324989319,1
phone_presence_factorial_train_v1,phone_presence_train_0200,0.9994764924049377,1
phone_presence_factorial_train_v1,phone_presence_train_0201,0.9887005686759949,1
phone_presence_factorial_train_v1,phone_presence_train_0202,0.9998577833175659,1
phone_presence_factorial_train_v1,phone_presence_train_0203,0.9999488592147827,1
phone_presence_factorial_train_v1,phone_presence_train_0204,0.9997411370277405,1
phone_presence_factorial_train_v1,phone_presence_train_0205,0.998974084854126,1
phone_presence_factorial_train_v1,phone_presence_train_0206,0.9988920092582703,1
phone_presence_factorial_train_v1,phone_presence_train_0207,0.999529242515564,1
phone_presence_factorial_train_v1,phone_presence_train_0208,0.9999130964279175,1
phone_presence_factorial_train_v1,phone_presence_train_0209,0.9999353885650635,1
phone_presence_factorial_train_v1,phone_presence_train_0210,0.9997499585151672,1
phone_presence_factorial_train_v1,phone_presence_train_0211,0.621577262878418,1
phone_presence_factorial_train_v1,phone_presence_train_0212,0.9999980926513672,1
phone_presence_factorial_train_v1,phone_presence_train_0213,0.9999656677246094,1
phone_presence_factorial_train_v1,phone_presence_train_0214,0.999872088432312,1
phone_presence_factorial_train_v1,phone_presence_train_0215,0.9998040795326233,1
phone_presence_factorial_train_v1,phone_presence_train_0216,0.9998183846473694,1
phone_presence_factorial_train_v1,phone_presence_train_0217,0.9999902248382568,1
phone_presence_factorial_train_v1,phone_presence_train_0218,0.9999470710754395,1
phone_presence_factorial_train_v1,phone_presence_train_0219,0.9986166954040527,1
phone_presence_factorial_train_v1,phone_presence_train_0220,0.9996694326400757,1
phone_presence_factorial_train_v1,phone_presence_train_0221,0.9994292855262756,1
phone_presence_factorial_train_v1,phone_presence_train_0222,0.9999788999557495,1
phone_presence_factorial_train_v1,phone_presence_train_0223,0.9999731779098511,1
phone_presence_factorial_train_v1,phone_presence_train_0224,0.9995610117912292,1
phone_presence_factorial_train_v1,phone_presence_train_0225,0.9998588562011719,1
phone_presence_factorial_train_v1,phone_presence_train_0226,0.9960196614265442,1
phone_presence_factorial_train_v1,phone_presence_train_0227,0.9999475479125977,1
phone_presence_factorial_train_v1,phone_presence_train_0228,0.9998241066932678,1
phone_presence_factorial_train_v1,phone_presence_train_0229,0.9999186992645264,1
phone_presence_factorial_train_v1,phone_presence_train_0230,0.996093213558197,1
phone_presence_factorial_train_v1,phone_presence_train_0231,0.9990047812461853,1
phone_presence_factorial_train_v1,phone_presence_train_0232,0.9999445676803589,1
phone_presence_factorial_train_v1,phone_presence_train_0233,0.9998722076416016,1
phone_presence_factorial_train_v1,phone_presence_train_0234,0.9998077750205994,1
phone_presence_factorial_train_v1,phone_presence_train_0235,0.999729335308075,1
phone_presence_factorial_train_v1,phone_presence_train_0236,0.9909316301345825,1
phone_presence_factorial_train_v1,phone_presence_train_0237,0.9998384714126587,1
phone_presence_factorial_train_v1,phone_presence_train_0238,0.9998955726623535,1
phone_presence_factorial_train_v1,phone_presence_train_0239,0.9998964071273804,1
phone_presence_factorial_train_v1,phone_presence_train_0240,0.9872477054595947,1
phone_presence_factorial_train_v1,phone_presence_train_0241,0.9935123324394226,1
phone_presence_factorial_train_v1,phone_presence_train_0242,0.9999812841415405,1
phone_presence_factorial_train_v1,phone_presence_train_0243,0.9999569654464722,1
phone_presence_factorial_train_v1,phone_presence_train_0244,0.9999570846557617,1
phone_presence_factorial_train_v1,phone_presence_train_0245,0.9891389012336731,1
phone_presence_factorial_train_v1,phone_presence_train_0246,0.9904459714889526,1
phone_presence_factorial_train_v1,phone_presence_train_0247,0.9999945163726807,1
phone_presence_factorial_train_v1,phone_presence_train_0248,0.9998475313186646,1
phone_presence_factorial_train_v1,phone_presence_train_0249,0.999618411064148,1
phone_presence_factorial_train_v1,phone_presence_train_0250,0.9996161460876465,1
phone_presence_factorial_train_v1,phone_presence_train_0251,0.9975837469100952,1
phone_presence_factorial_train_v1,phone_presence_train_0252,0.9998327493667603,1
phone_presence_factorial_train_v1,phone_presence_train_0253,0.9999828338623047,1
phone_presence_factorial_train_v1,phone_presence_train_0254,0.999476969242096,1
phone_presence_factorial_train_v1,phone_presence_train_0255,0.9995720982551575,1
phone_presence_factorial_train_v1,phone_presence_train_0256,0.984468400478363,1
phone_presence_factorial_train_v1,phone_presence_train_0257,0.9999998807907104,1
phone_presence_factorial_train_v1,phone_presence_train_0258,0.9998418092727661,1
phone_presence_factorial_train_v1,phone_presence_train_0259,0.9999018907546997,1
phone_presence_factorial_train_v1,phone_presence_train_0260,0.9979000091552734,1
phone_presence_factorial_train_v1,phone_presence_train_0261,0.9980251789093018,1
phone_presence_factorial_train_v1,phone_presence_train_0262,0.9999252557754517,1
phone_presence_factorial_train_v1,phone_presence_train_0263,0.999519944190979,1
phone_presence_factorial_train_v1,phone_presence_train_0264,0.9999363422393799,1
phone_presence_factorial_train_v1,phone_presence_train_0265,0.9994562268257141,1
phone_presence_factorial_train_v1,phone_presence_train_0266,0.9992499947547913,1
phone_presence_factorial_train_v1,phone_presence_train_0267,0.9999514818191528,1
phone_presence_factorial_train_v1,phone_presence_train_0268,0.9992659687995911,1
phone_presence_factorial_train_v1,phone_presence_train_0269,0.9971422553062439,1
phone_presence_factorial_train_v1,phone_presence_train_0270,0.9996492862701416,1
phone_presence_factorial_train_v1,phone_presence_train_0271,0.9163185954093933,1
phone_presence_factorial_train_v1,phone_presence_train_0272,0.9999622106552124,1
phone_presence_factorial_train_v1,phone_presence_train_0273,0.9984617233276367,1
phone_presence_factorial_train_v1,phone_presence_train_0274,0.9995654225349426,1
phone_presence_factorial_train_v1,phone_presence_train_0275,0.9994558691978455,1
phone_presence_factorial_train_v1,phone_presence_train_0276,0.9760357141494751,1
phone_presence_factorial_train_v1,phone_presence_train_0277,0.9998621940612793,1
phone_presence_factorial_train_v1,phone_presence_train_0278,0.9999825954437256,1
phone_presence_factorial_train_v1,phone_presence_train_0279,0.9994043111801147,1
phone_presence_factorial_train_v1,phone_presence_train_0280,0.9998550415039062,1
phone_presence_factorial_train_v1,phone_presence_train_0281,0.9993396401405334,1
phone_presence_factorial_train_v1,phone_presence_train_0282,0.999963641166687,1
phone_presence_factorial_train_v1,phone_presence_train_0283,0.9999276399612427,1
phone_presence_factorial_train_v1,phone_presence_train_0284,0.9978204965591431,1
phone_presence_factorial_train_v1,phone_presence_train_0285,0.9992961883544922,1
phone_presence_factorial_train_v1,phone_presence_train_0286,0.9994760155677795,1
phone_presence_factorial_train_v1,phone_presence_train_0287,0.9999954700469971,1
phone_presence_factorial_train_v1,phone_presence_train_0288,0.9999864101409912,1
phone_presence_factorial_train_v1,phone_presence_train_0289,0.9995635151863098,1
phone_presence_factorial_train_v1,phone_presence_train_0290,0.9995508790016174,1
phone_presence_factorial_train_v1,phone_presence_train_0291,0.9996722936630249,1
phone_presence_factorial_train_v1,phone_presence_train_0292,0.9999244213104248,1
phone_presence_factorial_train_v1,phone_presence_train_0293,0.9939104318618774,1
phone_presence_factorial_train_v1,phone_presence_train_0294,0.9995113611221313,1
phone_presence_factorial_train_v1,phone_presence_train_0295,0.9998279809951782,1
phone_presence_factorial_train_v1,phone_presence_train_0296,0.9994692206382751,1
phone_presence_factorial_train_v1,phone_presence_train_0297,0.9997673630714417,1
phone_presence_factorial_train_v1,phone_presence_train_0298,0.9997923970222473,1
phone_presence_factorial_train_v1,phone_presence_train_0299,0.9999579191207886,1
phone_presence_factorial_train_v1,phone_presence_train_0300,0.9988403916358948,1
phone_presence_factorial_train_v1,phone_presence_train_0301,0.9993715882301331,1
phone_presence_factorial_train_v1,phone_presence_train_0302,0.9999802112579346,1
phone_presence_factorial_train_v1,phone_presence_train_0303,0.9999386072158813,1
phone_presence_factorial_train_v1,phone_presence_train_0304,0.9999628067016602,1
phone_presence_factorial_train_v1,phone_presence_train_0305,0.9998263716697693,1
phone_presence_factorial_train_v1,phone_presence_train_0306,0.9997132420539856,1
phone_presence_factorial_train_v1,phone_presence_train_0307,0.9999983310699463,1
phone_presence_factorial_train_v1,phone_presence_train_0308,0.9999679327011108,1
phone_presence_factorial_train_v1,phone_presence_train_0309,0.9998375177383423,1
phone_presence_factorial_train_v1,phone_presence_train_0310,0.9988889098167419,1
phone_presence_factorial_train_v1,phone_presence_train_0311,0.9992081522941589,1
phone_presence_factorial_train_v1,phone_presence_train_0312,0.9999784231185913,1
phone_presence_factorial_train_v1,phone_presence_train_0313,0.9999792575836182,1
phone_presence_factorial_train_v1,phone_presence_train_0314,0.9997783303260803,1
phone_presence_factorial_train_v1,phone_presence_train_0315,0.9992388486862183,1
phone_presence_factorial_train_v1,phone_presence_train_0316,0.9858668446540833,1
phone_presence_factorial_train_v1,phone_presence_train_0317,0.999997615814209,1
phone_presence_factorial_train_v1,phone_presence_train_0318,0.9999271631240845,1
phone_presence_factorial_train_v1,phone_presence_train_0319,0.9999364614486694,1
phone_presence_factorial_train_v1,phone_presence_train_0320,0.9995338916778564,1
phone_presence_factorial_train_v1,phone_presence_train_0321,0.9975798726081848,1
phone_presence_factorial_train_v1,phone_presence_train_0322,0.9999768733978271,1
phone_presence_factorial_train_v1,phone_presence_train_0323,0.9999102354049683,1
phone_presence_factorial_train_v1,phone_presence_train_0324,0.9985740184783936,1
phone_presence_factorial_train_v1,phone_presence_train_0325,0.9990867376327515,1
phone_presence_factorial_train_v1,phone_presence_train_0326,0.672693133354187,1
phone_presence_factorial_train_v1,phone_presence_train_0327,0.9999765157699585,1
phone_presence_factorial_train_v1,phone_presence_train_0328,0.9998573064804077,1
phone_presence_factorial_train_v1,phone_presence_train_0329,0.9835028052330017,1
phone_presence_factorial_train_v1,phone_presence_train_0330,0.9997277855873108,1
phone_presence_factorial_train_v1,phone_presence_train_0331,0.998246431350708,1
phone_presence_factorial_train_v1,phone_presence_train_0332,0.9999562501907349,1
phone_presence_factorial_train_v1,phone_presence_train_0333,0.99992835521698,1
phone_presence_factorial_train_v1,phone_presence_train_0334,0.9998509883880615,1
phone_presence_factorial_train_v1,phone_presence_train_0335,0.9982384443283081,1
phone_presence_factorial_train_v1,phone_presence_train_0336,0.9981642365455627,1
phone_presence_factorial_train_v1,phone_presence_train_0337,0.9999886751174927,1
phone_presence_factorial_train_v1,phone_presence_train_0338,0.999785840511322,1
phone_presence_factorial_train_v1,phone_presence_train_0339,0.999955415725708,1
phone_presence_factorial_train_v1,phone_presence_train_0340,0.9995393753051758,1
phone_presence_factorial_train_v1,phone_presence_train_0341,0.9992423057556152,1
phone_presence_factorial_train_v1,phone_presence_train_0342,0.9999549388885498,1
phone_presence_factorial_train_v1,phone_presence_train_0343,0.9996663331985474,1
phone_presence_factorial_train_v1,phone_presence_train_0344,0.9993177652359009,1
phone_presence_factorial_train_v1,phone_presence_train_0345,0.9985313415527344,1
phone_presence_factorial_train_v1,phone_presence_train_0346,0.9992092847824097,1
phone_presence_factorial_train_v1,phone_presence_train_0347,0.9999972581863403,1
phone_presence_factorial_train_v1,phone_presence_train_0348,0.9998155236244202,1
phone_presence_factorial_train_v1,phone_presence_train_0349,0.9997318387031555,1
phone_presence_factorial_train_v1,phone_presence_train_0350,0.9998347759246826,1
phone_presence_factorial_train_v1,phone_presence_train_0351,0.9706243276596069,1
phone_presence_factorial_train_v1,phone_presence_train_0352,0.9999607801437378,1
phone_presence_factorial_train_v1,phone_presence_train_0353,0.9996966123580933,1
phone_presence_factorial_train_v1,phone_presence_train_0354,0.9997555613517761,1
phone_presence_factorial_train_v1,phone_presence_train_0355,0.9997592568397522,1
phone_presence_factorial_train_v1,phone_presence_train_0356,0.9784731864929199,1
phone_presence_factorial_train_v1,phone_presence_train_0357,0.9999058246612549,1
phone_presence_factorial_train_v1,phone_presence_train_0358,0.9988756775856018,1
phone_presence_factorial_train_v1,phone_presence_train_0359,0.9998237490653992,1
phone_presence_factorial_train_v1,phone_presence_train_0360,0.9989956021308899,1
phone_presence_factorial_train_v1,phone_presence_train_0361,0.9414395689964294,1
phone_presence_factorial_train_v1,phone_presence_train_0362,0.999969482421875,1
phone_presence_factorial_train_v1,phone_presence_train_0363,0.9998395442962646,1
phone_presence_factorial_train_v1,phone_presence_train_0364,0.9998974800109863,1
phone_presence_factorial_train_v1,phone_presence_train_0365,0.9979568719863892,1
phone_presence_factorial_train_v1,phone_presence_train_0366,0.9955587387084961,1
phone_presence_factorial_train_v1,phone_presence_train_0367,0.9999874830245972,1
phone_presence_factorial_train_v1,phone_presence_train_0368,0.9999899864196777,1
phone_presence_factorial_train_v1,phone_presence_train_0369,0.9996216297149658,1
phone_presence_factorial_train_v1,phone_presence_train_0370,0.9996035695075989,1
phone_presence_factorial_train_v1,phone_presence_train_0371,0.9983739852905273,1
phone_presence_factorial_train_v1,phone_presence_train_0372,0.999937891960144,1
phone_presence_factorial_train_v1,phone_presence_train_0373,0.9999721050262451,1
phone_presence_factorial_train_v1,phone_presence_train_0374,0.9995909333229065,1
phone_presence_factorial_train_v1,phone_presence_train_0375,0.9992357492446899,1
phone_presence_factorial_train_v1,phone_presence_train_0376,0.9999396800994873,1
phone_presence_factorial_train_v1,phone_presence_train_0377,0.9999638795852661,1
phone_presence_factorial_train_v1,phone_presence_train_0378,0.9998841285705566,1
phone_presence_factorial_train_v1,phone_presence_train_0379,0.9997935891151428,1
phone_presence_factorial_train_v1,phone_presence_train_0380,0.9959459900856018,1
phone_presence_factorial_train_v1,phone_presence_train_0381,0.9965358972549438,1
phone_presence_factorial_train_v1,phone_presence_train_0382,0.9999815225601196,1
phone_presence_factorial_train_v1,phone_presence_train_0383,0.9998598098754883,1
phone_presence_factorial_train_v1,phone_presence_train_0384,0.9989450573921204,1
phone_presence_factorial_train_v1,phone_presence_train_0385,0.9970166683197021,1
phone_presence_factorial_train_v1,phone_presence_train_0386,0.9953176975250244,1
phone_presence_factorial_train_v1,phone_presence_train_0387,0.9999791383743286,1
phone_presence_factorial_train_v1,phone_presence_train_0388,0.999561607837677,1
phone_presence_factorial_train_v1,phone_presence_train_0389,0.9997922778129578,1
phone_presence_factorial_train_v1,phone_presence_train_0390,0.9992948770523071,1
phone_presence_factorial_train_v1,phone_presence_train_0391,0.9412128925323486,1
phone_presence_factorial_train_v1,phone_presence_train_0392,0.9999864101409912,1
phone_presence_factorial_train_v1,phone_presence_train_0393,0.999984860420227,1
phone_presence_factorial_train_v1,phone_presence_train_0394,0.9994933605194092,1
phone_presence_factorial_train_v1,phone_presence_train_0395,0.9996308088302612,1
phone_presence_factorial_train_v1,phone_presence_train_0396,0.9705418944358826,1
phone_presence_factorial_train_v1,phone_presence_train_0397,0.9999682903289795,1
phone_presence_factorial_train_v1,phone_presence_train_0398,0.9999454021453857,1
phone_presence_factorial_train_v1,phone_presence_train_0399,0.9996404647827148,1
phone_presence_factorial_train_v1,phone_presence_train_0400,0.9987126588821411,1
phone_presence_factorial_train_v1,phone_presence_train_0401,0.9999477863311768,1
phone_presence_factorial_train_v1,phone_presence_train_0402,0.9996941089630127,1
phone_presence_factorial_train_v1,phone_presence_train_0403,0.9995825886726379,1
phone_presence_factorial_train_v1,phone_presence_train_0404,0.9965184926986694,1
phone_presence_factorial_train_v1,phone_presence_train_0405,0.9857556223869324,1
phone_presence_factorial_train_v1,phone_presence_train_0406,0.9998652935028076,1
phone_presence_factorial_train_v1,phone_presence_train_0407,0.9998706579208374,1
phone_presence_factorial_train_v1,phone_presence_train_0408,0.9997132420539856,1
phone_presence_factorial_train_v1,phone_presence_train_0409,0.985500156879425,1
phone_presence_factorial_train_v1,phone_presence_train_0410,0.9999815225601196,1
phone_presence_factorial_train_v1,phone_presence_train_0411,0.9997296929359436,1
phone_presence_factorial_train_v1,phone_presence_train_0412,0.9998741149902344,1
phone_presence_factorial_train_v1,phone_presence_train_0413,0.9996786117553711,1
phone_presence_factorial_train_v1,phone_presence_train_0414,0.9998486042022705,1
phone_presence_factorial_train_v1,phone_presence_train_0415,0.9897193908691406,1
phone_presence_factorial_train_v1,phone_presence_train_0416,0.9998940229415894,1
phone_presence_factorial_train_v1,phone_presence_train_0417,0.9978775978088379,1
phone_presence_factorial_train_v1,phone_presence_train_0418,0.9996602535247803,1
phone_presence_factorial_train_v1,phone_presence_train_0419,0.999921441078186,1
phone_presence_factorial_train_v1,phone_presence_train_0420,0.9915772676467896,1
phone_presence_factorial_train_v1,phone_presence_train_0421,0.9999396800994873,1
phone_presence_factorial_train_v1,phone_presence_train_0422,0.9986023306846619,1
phone_presence_factorial_train_v1,phone_presence_train_0423,0.9996986389160156,1
phone_presence_factorial_train_v1,phone_presence_train_0424,0.9973421692848206,1
phone_presence_factorial_train_v1,phone_presence_train_0425,0.9968442916870117,1
phone_presence_factorial_train_v1,phone_presence_train_0426,0.9993584752082825,1
phone_presence_factorial_train_v1,phone_presence_train_0427,0.9997923970222473,1
phone_presence_factorial_train_v1,phone_presence_train_0428,0.9995146989822388,1
phone_presence_factorial_train_v1,phone_presence_train_0429,0.9998830556869507,1
phone_presence_factorial_train_v1,phone_presence_train_0430,0.9600253105163574,1
phone_presence_factorial_train_v1,phone_presence_train_0431,0.9997673630714417,1
phone_presence_factorial_train_v1,phone_presence_train_0432,0.990744948387146,1
phone_presence_factorial_train_v1,phone_presence_train_0433,0.9990754127502441,1
phone_presence_factorial_train_v1,phone_presence_train_0434,0.9993023872375488,1
phone_presence_factorial_train_v1,phone_presence_train_0435,0.9998961687088013,1
phone_presence_factorial_train_v1,phone_presence_train_0436,0.9994474053382874,1
phone_presence_factorial_train_v1,phone_presence_train_0437,0.9981149435043335,1
phone_presence_factorial_train_v1,phone_presence_train_0438,0.9903568625450134,1
phone_presence_factorial_train_v1,phone_presence_train_0439,0.9998296499252319,1
phone_presence_factorial_train_v1,phone_presence_train_0440,0.9693488478660583,1
phone_presence_factorial_train_v1,phone_presence_train_0441,0.9999359846115112,1
phone_presence_factorial_train_v1,phone_presence_train_0442,0.9996894598007202,1
phone_presence_factorial_train_v1,phone_presence_train_0443,0.999947190284729,1
phone_presence_factorial_train_v1,phone_presence_train_0444,0.9904511570930481,1
phone_presence_factorial_train_v1,phone_presence_train_0445,0.9806875586509705,1
phone_presence_factorial_train_v1,phone_presence_train_0446,0.9997989535331726,1
phone_presence_factorial_train_v1,phone_presence_train_0447,0.9977443218231201,1
phone_presence_factorial_train_v1,phone_presence_train_0448,0.9998236298561096,1
phone_presence_factorial_train_v1,phone_presence_train_0449,0.9980454444885254,1
phone_presence_factorial_train_v1,phone_presence_train_0450,0.9938621520996094,1
phone_presence_factorial_train_v1,phone_presence_train_0451,0.9999175071716309,1
phone_presence_factorial_train_v1,phone_presence_train_0452,0.9998487234115601,1
phone_presence_factorial_train_v1,phone_presence_train_0453,0.9989449381828308,1
phone_presence_factorial_train_v1,phone_presence_train_0454,0.9998980760574341,1
phone_presence_factorial_train_v1,phone_presence_train_0455,0.9834189414978027,1
phone_presence_factorial_train_v1,phone_presence_train_0456,0.9950773119926453,1
phone_presence_factorial_train_v1,phone_presence_train_0457,0.9996638298034668,1
phone_presence_factorial_train_v1,phone_presence_train_0458,0.9993120431900024,1
phone_presence_factorial_train_v1,phone_presence_train_0459,0.9803299903869629,1
phone_presence_factorial_train_v1,phone_presence_train_0460,0.986696183681488,1
phone_presence_factorial_train_v1,phone_presence_train_0461,0.9998915195465088,1
phone_presence_factorial_train_v1,phone_presence_train_0462,0.9996654987335205,1
phone_presence_factorial_train_v1,phone_presence_train_0463,0.9986897110939026,1
phone_presence_factorial_train_v1,phone_presence_train_0464,0.9987879395484924,1
phone_presence_factorial_train_v1,phone_presence_train_0465,0.9974979758262634,1
phone_presence_factorial_train_v1,phone_presence_train_0466,0.998108983039856,1
phone_presence_factorial_train_v1,phone_presence_train_0467,0.9977819323539734,1
phone_presence_factorial_train_v1,phone_presence_train_0468,0.9995331764221191,1
phone_presence_factorial_train_v1,phone_presence_train_0469,0.947911262512207,1
phone_presence_factorial_train_v1,phone_presence_train_0470,0.9945273995399475,1
phone_presence_factorial_train_v1,phone_presence_train_0471,0.9994978904724121,1
phone_presence_factorial_train_v1,phone_presence_train_0472,0.9984911680221558,1
phone_presence_factorial_train_v1,phone_presence_train_0473,0.99988853931427,1
phone_presence_factorial_train_v1,phone_presence_train_0474,0.9991833567619324,1
phone_presence_factorial_train_v1,phone_presence_train_0475,0.9981130361557007,1
phone_presence_factorial_train_v1,phone_presence_train_0476,0.99989914894104,1
phone_presence_factorial_train_v1,phone_presence_train_0477,0.9998687505722046,1
phone_presence_factorial_train_v1,phone_presence_train_0478,0.9958837628364563,1
phone_presence_factorial_train_v1,phone_presence_train_0479,0.9994829893112183,1
phone_presence_factorial_train_v1,phone_presence_train_0480,0.9351556301116943,1
phone_presence_factorial_train_v1,phone_presence_train_0481,0.99989914894104,1
phone_presence_factorial_train_v1,phone_presence_train_0482,0.9996042847633362,1
phone_presence_factorial_train_v1,phone_presence_train_0483,0.9998605251312256,1
phone_presence_factorial_train_v1,phone_presence_train_0484,0.9803905487060547,1
phone_presence_factorial_train_v1,phone_presence_train_0485,0.8720074892044067,1
phone_presence_factorial_train_v1,phone_presence_train_0486,0.9998493194580078,1
phone_presence_factorial_train_v1,phone_presence_train_0487,0.9991838335990906,1
phone_presence_factorial_train_v1,phone_presence_train_0488,0.9997139573097229,1
phone_presence_factorial_train_v1,phone_presence_train_0489,0.994170606136322,1
phone_presence_factorial_train_v1,phone_presence_train_0490,0.9923682808876038,1
phone_presence_factorial_train_v1,phone_presence_train_0491,0.9985113739967346,1
phone_presence_factorial_train_v1,phone_presence_train_0492,0.9972522854804993,1
phone_presence_factorial_train_v1,phone_presence_train_0493,0.999713122844696,1
phone_presence_factorial_train_v1,phone_presence_train_0494,0.9992602467536926,1
phone_presence_factorial_train_v1,phone_presence_train_0495,0.9957899451255798,1
phone_presence_factorial_train_v1,phone_presence_train_0496,0.999778687953949,1
phone_presence_factorial_train_v1,phone_presence_train_0497,0.9996693134307861,1
phone_presence_factorial_train_v1,phone_presence_train_0498,0.999872088432312,1
phone_presence_factorial_train_v1,phone_presence_train_0499,0.9976709485054016,1
phone_presence_factorial_train_v1,phone_presence_train_0500,0.9975201487541199,1
phone_presence_factorial_train_v1,phone_presence_train_0501,0.9994117021560669,1
phone_presence_factorial_train_v1,phone_presence_train_0502,0.9927005171775818,1
phone_presence_factorial_train_v1,phone_presence_train_0503,0.9992572665214539,1
phone_presence_factorial_train_v1,phone_presence_train_0504,0.9981729984283447,1
phone_presence_factorial_train_v1,phone_presence_train_0505,0.9972700476646423,1
phone_presence_factorial_train_v1,phone_presence_train_0506,0.9999551773071289,1
phone_presence_factorial_train_v1,phone_presence_train_0507,0.9999021291732788,1
phone_presence_factorial_train_v1,phone_presence_train_0508,0.9996273517608643,1
phone_presence_factorial_train_v1,phone_presence_train_0509,0.994176983833313,1
phone_presence_factorial_train_v1,phone_presence_train_0510,0.9877661466598511,1
phone_presence_factorial_train_v1,phone_presence_train_0511,0.999921441078186,1
phone_presence_factorial_train_v1,phone_presence_train_0512,0.9998053908348083,1
phone_presence_factorial_train_v1,phone_presence_train_0513,0.9995825886726379,1
phone_presence_factorial_train_v1,phone_presence_train_0514,0.9917181730270386,1
phone_presence_factorial_train_v1,phone_presence_train_0515,0.9999810457229614,1
phone_presence_factorial_train_v1,phone_presence_train_0516,0.9999972581863403,1
phone_presence_factorial_train_v1,phone_presence_train_0517,0.9994736313819885,1
phone_presence_factorial_train_v1,phone_presence_train_0518,0.9995008707046509,1
phone_presence_factorial_train_v1,phone_presence_train_0519,0.9892460703849792,1
phone_presence_factorial_train_v1,phone_presence_train_0520,0.9988813996315002,1
phone_presence_factorial_train_v1,phone_presence_train_0521,0.9999188184738159,1
phone_presence_factorial_train_v1,phone_presence_train_0522,0.9992901086807251,1
phone_presence_factorial_train_v1,phone_presence_train_0523,0.9994416832923889,1
phone_presence_factorial_train_v1,phone_presence_train_0524,0.9970241189002991,1
phone_presence_factorial_train_v1,phone_presence_train_0525,0.9766087532043457,1
phone_presence_factorial_train_v1,phone_presence_train_0526,0.9999855756759644,1
phone_presence_factorial_train_v1,phone_presence_train_0527,0.9965885877609253,1
phone_presence_factorial_train_v1,phone_presence_train_0528,0.9994537234306335,1
phone_presence_factorial_train_v1,phone_presence_train_0529,0.9997772574424744,1
phone_presence_factorial_train_v1,phone_presence_train_0530,0.9992339611053467,1
phone_presence_factorial_train_v1,phone_presence_train_0531,0.9999479055404663,1
phone_presence_factorial_train_v1,phone_presence_train_0532,0.9982370138168335,1
phone_presence_factorial_train_v1,phone_presence_train_0533,0.9997509121894836,1
phone_presence_factorial_train_v1,phone_presence_train_0534,0.9955517649650574,1
phone_presence_factorial_train_v1,phone_presence_train_0535,0.9945273995399475,1
phone_presence_factorial_train_v1,phone_presence_train_0536,0.9999393224716187,1
phone_presence_factorial_train_v1,phone_presence_train_0537,0.9996223449707031,1
phone_presence_factorial_train_v1,phone_presence_train_0538,0.9996829032897949,1
phone_presence_factorial_train_v1,phone_presence_train_0539,0.9990787506103516,1
phone_presence_factorial_train_v1,phone_presence_train_0540,0.9995570778846741,1
phone_presence_factorial_train_v1,phone_presence_train_0541,0.9999858140945435,1
phone_presence_factorial_train_v1,phone_presence_train_0542,0.9993876218795776,1
phone_presence_factorial_train_v1,phone_presence_train_0543,0.9995429515838623,1
phone_presence_factorial_train_v1,phone_presence_train_0544,0.9995562434196472,1
phone_presence_factorial_train_v1,phone_presence_train_0545,0.9970322847366333,1
phone_presence_factorial_train_v1,phone_presence_train_0546,0.9999456405639648,1
phone_presence_factorial_train_v1,phone_presence_train_0547,0.9997535347938538,1
phone_presence_factorial_train_v1,phone_presence_train_0548,0.9959782361984253,1
phone_presence_factorial_train_v1,phone_presence_train_0549,0.9998080134391785,1
phone_presence_factorial_train_v1,phone_presence_train_0550,0.9975428581237793,1
phone_presence_factorial_train_v1,phone_presence_train_0551,0.9999432563781738,1
phone_presence_factorial_train_v1,phone_presence_train_0552,0.9985679388046265,1
phone_presence_factorial_train_v1,phone_presence_train_0553,0.99955815076828,1
phone_presence_factorial_train_v1,phone_presence_train_0554,0.9975383281707764,1
phone_presence_factorial_train_v1,phone_presence_train_0555,0.8700255751609802,1
phone_presence_factorial_train_v1,phone_presence_train_0556,0.9999186992645264,1
phone_presence_factorial_train_v1,phone_presence_train_0557,0.9999423027038574,1
phone_presence_factorial_train_v1,phone_presence_train_0558,0.9987868666648865,1
phone_presence_factorial_train_v1,phone_presence_train_0559,0.9908543825149536,1
phone_presence_factorial_train_v1,phone_presence_train_0560,0.9976567029953003,1
phone_presence_factorial_train_v1,phone_presence_train_0561,0.9998199343681335,1
phone_presence_factorial_train_v1,phone_presence_train_0562,0.9924166202545166,1
phone_presence_factorial_train_v1,phone_presence_train_0563,0.9996139407157898,1
phone_presence_factorial_train_v1,phone_presence_train_0564,0.9991477727890015,1
phone_presence_factorial_train_v1,phone_presence_train_0565,0.9986470341682434,1
phone_presence_factorial_train_v1,phone_presence_train_0566,0.9999357461929321,1
phone_presence_factorial_train_v1,phone_presence_train_0567,0.995624840259552,1
phone_presence_factorial_train_v1,phone_presence_train_0568,0.9997791647911072,1
phone_presence_factorial_train_v1,phone_presence_train_0569,0.9975149631500244,1
phone_presence_factorial_train_v1,phone_presence_train_0570,0.9920143485069275,1
phone_presence_factorial_train_v1,phone_presence_train_0571,0.9996015429496765,1
phone_presence_factorial_train_v1,phone_presence_train_0572,0.9985503554344177,1
phone_presence_factorial_train_v1,phone_presence_train_0573,0.9994482398033142,1
phone_presence_factorial_train_v1,phone_presence_train_0574,0.9956811666488647,1
phone_presence_factorial_train_v1,phone_presence_train_0575,0.9884310960769653,1
phone_presence_factorial_train_v1,phone_presence_train_0576,0.9958147406578064,1
phone_presence_factorial_train_v1,phone_presence_train_0577,0.9994866847991943,1
phone_presence_factorial_train_v1,phone_presence_train_0578,0.9989111423492432,1
phone_presence_factorial_train_v1,phone_presence_train_0579,0.9984478950500488,1
phone_presence_factorial_train_v1,phone_presence_train_0580,0.9837749004364014,1
phone_presence_factorial_train_v1,phone_presence_train_0581,0.9998435974121094,1
phone_presence_factorial_train_v1,phone_presence_train_0582,0.9998968839645386,1
phone_presence_factorial_train_v1,phone_presence_train_0583,0.9995019435882568,1
phone_presence_factorial_train_v1,phone_presence_train_0584,0.9949571490287781,1
phone_presence_factorial_train_v1,phone_presence_train_0585,0.9677513241767883,1
phone_presence_factorial_train_v1,phone_presence_train_0586,0.9997327923774719,1
phone_presence_factorial_train_v1,phone_presence_train_0587,0.9988470077514648,1
phone_presence_factorial_train_v1,phone_presence_train_0588,0.9995567202568054,1
phone_presence_factorial_train_v1,phone_presence_train_0589,0.9760501980781555,1
phone_presence_factorial_train_v1,phone_presence_train_0590,0.9999210834503174,1
phone_presence_factorial_train_v1,phone_presence_train_0591,0.9995613694190979,1
phone_presence_factorial_train_v1,phone_presence_train_0592,0.9994527697563171,1
phone_presence_factorial_train_v1,phone_presence_train_0593,0.9952237010002136,1
phone_presence_factorial_train_v1,phone_presence_train_0594,0.9966536164283752,1
phone_presence_factorial_train_v1,phone_presence_train_0595,0.9829624891281128,1
phone_presence_factorial_train_v1,phone_presence_train_0596,0.999921441078186,1
phone_presence_factorial_train_v1,phone_presence_train_0597,0.999782383441925,1
phone_presence_factorial_train_v1,phone_presence_train_0598,0.9993498921394348,1
phone_presence_factorial_train_v1,phone_presence_train_0599,0.9992538094520569,1
phone_presence_factorial_train_v1,phone_presence_train_0600,0.9663277268409729,1
phone_presence_factorial_train_v1,phone_presence_train_0601,0.9999669790267944,1
phone_presence_factorial_train_v1,phone_presence_train_0602,0.9939156174659729,1
phone_presence_factorial_train_v1,phone_presence_train_0603,0.9992163181304932,1
phone_presence_factorial_train_v1,phone_presence_train_0604,0.998806357383728,1
phone_presence_factorial_train_v1,phone_presence_train_0605,0.9970324039459229,1
phone_presence_factorial_train_v1,phone_presence_train_0606,0.999996542930603,1
phone_presence_factorial_train_v1,phone_presence_train_0607,0.999797523021698,1
phone_presence_factorial_train_v1,phone_presence_train_0608,0.9991993308067322,1
phone_presence_factorial_train_v1,phone_presence_train_0609,0.998581051826477,1
phone_presence_factorial_train_v1,phone_presence_train_0610,0.9427812099456787,1
phone_presence_factorial_train_v1,phone_presence_train_0611,0.9999090433120728,1
phone_presence_factorial_train_v1,phone_presence_train_0612,0.9995666146278381,1
phone_presence_factorial_train_v1,phone_presence_train_0613,0.9997934699058533,1
phone_presence_factorial_train_v1,phone_presence_train_0614,0.984171450138092,1
phone_presence_factorial_train_v1,phone_presence_train_0615,0.9850782155990601,1
phone_presence_factorial_train_v1,phone_presence_train_0616,0.9993348717689514,1
phone_presence_factorial_train_v1,phone_presence_train_0617,0.9940570592880249,1
phone_presence_factorial_train_v1,phone_presence_train_0618,0.9997490048408508,1
phone_presence_factorial_train_v1,phone_presence_train_0619,0.9983499050140381,1
phone_presence_factorial_train_v1,phone_presence_train_0620,0.9984242916107178,1
phone_presence_factorial_train_v1,phone_presence_train_0621,0.9998373985290527,1
phone_presence_factorial_train_v1,phone_presence_train_0622,0.9994254112243652,1
phone_presence_factorial_train_v1,phone_presence_train_0623,0.9996850490570068,1
phone_presence_factorial_train_v1,phone_presence_train_0624,0.9969097971916199,1
phone_presence_factorial_train_v1,phone_presence_train_0625,0.9998797178268433,1
phone_presence_factorial_train_v1,phone_presence_train_0626,0.999947190284729,1
phone_presence_factorial_train_v1,phone_presence_train_0627,0.9986956715583801,1
phone_presence_factorial_train_v1,phone_presence_train_0628,0.9992324113845825,1
phone_presence_factorial_train_v1,phone_presence_train_0629,0.9935895204544067,1
phone_presence_factorial_train_v1,phone_presence_train_0630,0.9945465326309204,1
phone_presence_factorial_train_v1,phone_presence_train_0631,0.9999728202819824,1
phone_presence_factorial_train_v1,phone_presence_train_0632,0.9979435801506042,1
phone_presence_factorial_train_v1,phone_presence_train_0633,0.9989160299301147,1
phone_presence_factorial_train_v1,phone_presence_train_0634,0.9991744160652161,1
phone_presence_factorial_train_v1,phone_presence_train_0635,0.9873877167701721,1
phone_presence_factorial_train_v1,phone_presence_train_0636,0.9999359846115112,1
phone_presence_factorial_train_v1,phone_presence_train_0637,0.9990319013595581,1
phone_presence_factorial_train_v1,phone_presence_train_0638,0.999198853969574,1
phone_presence_factorial_train_v1,phone_presence_train_0639,0.9992164373397827,1
phone_presence_factorial_train_v1,phone_presence_train_0640,0.9911683797836304,1
phone_presence_factorial_train_v1,phone_presence_train_0641,0.9991990923881531,1
phone_presence_factorial_train_v1,phone_presence_train_0642,0.9995207786560059,1
phone_presence_factorial_train_v1,phone_presence_train_0643,0.9995580315589905,1
phone_presence_factorial_train_v1,phone_presence_train_0644,0.9990357160568237,1
phone_presence_factorial_train_v1,phone_presence_train_0645,0.9806717038154602,1
phone_presence_factorial_train_v1,phone_presence_train_0646,0.9979368448257446,1
phone_presence_factorial_train_v1,phone_presence_train_0647,0.9992271661758423,1
phone_presence_factorial_train_v1,phone_presence_train_0648,0.9999414682388306,1
phone_presence_factorial_train_v1,phone_presence_train_0649,0.9996213912963867,1
phone_presence_factorial_train_v1,phone_presence_train_0650,0.9791369438171387,1
phone_presence_factorial_train_v1,phone_presence_train_0651,0.9998792409896851,1
phone_presence_factorial_train_v1,phone_presence_train_0652,0.9999630451202393,1
phone_presence_factorial_train_v1,phone_presence_train_0653,0.9995484948158264,1
phone_presence_factorial_train_v1,phone_presence_train_0654,0.9992190599441528,1
phone_presence_factorial_train_v1,phone_presence_train_0655,0.9850159883499146,1
phone_presence_factorial_train_v1,phone_presence_train_0656,0.9998726844787598,1
phone_presence_factorial_train_v1,phone_presence_train_0657,0.9953072667121887,1
phone_presence_factorial_train_v1,phone_presence_train_0658,0.9996589422225952,1
phone_presence_factorial_train_v1,phone_presence_train_0659,0.9984586238861084,1
phone_presence_factorial_train_v1,phone_presence_train_0660,0.9910560846328735,1
phone_presence_factorial_train_v1,phone_presence_train_0661,0.999932050704956,1
phone_presence_factorial_train_v1,phone_presence_train_0662,0.9861467480659485,1
phone_presence_factorial_train_v1,phone_presence_train_0663,0.9998290538787842,1
phone_presence_factorial_train_v1,phone_presence_train_0664,0.998875081539154,1
phone_presence_factorial_train_v1,phone_presence_train_0665,0.9947718977928162,1
phone_presence_factorial_train_v1,phone_presence_train_0666,0.999971866607666,1
phone_presence_factorial_train_v1,phone_presence_train_0667,0.9998084902763367,1
phone_presence_factorial_train_v1,phone_presence_train_0668,0.9995567202568054,1
phone_presence_factorial_train_v1,phone_presence_train_0669,0.9991044402122498,1
phone_presence_factorial_train_v1,phone_presence_train_0670,0.9794886112213135,1
phone_presence_factorial_train_v1,phone_presence_train_0671,0.9999741315841675,1
phone_presence_factorial_train_v1,phone_presence_train_0672,0.9992085099220276,1
phone_presence_factorial_train_v1,phone_presence_train_0673,0.9998732805252075,1
phone_presence_factorial_train_v1,phone_presence_train_0674,0.9971383810043335,1
phone_presence_factorial_train_v1,phone_presence_train_0675,0.9938604831695557,1
phone_presence_factorial_train_v1,phone_presence_train_0676,0.9999426603317261,1
phone_presence_factorial_train_v1,phone_presence_train_0677,0.9950329065322876,1
phone_presence_factorial_train_v1,phone_presence_train_0678,0.9994016885757446,1
phone_presence_factorial_train_v1,phone_presence_train_0679,0.9996213912963867,1
phone_presence_factorial_train_v1,phone_presence_train_0680,0.9872434735298157,1
phone_presence_factorial_train_v1,phone_presence_train_0681,0.9990538954734802,1
phone_presence_factorial_train_v1,phone_presence_train_0682,0.999622106552124,1
phone_presence_factorial_train_v1,phone_presence_train_0683,0.9990422129631042,1
phone_presence_factorial_train_v1,phone_presence_train_0684,0.9901594519615173,1
phone_presence_factorial_train_v1,phone_presence_train_0685,0.9518402218818665,1
phone_presence_factorial_train_v1,phone_presence_train_0686,0.9994106292724609,1
phone_presence_factorial_train_v1,phone_presence_train_0687,0.9999659061431885,1
phone_presence_factorial_train_v1,phone_presence_train_0688,0.9981873631477356,1
phone_presence_factorial_train_v1,phone_presence_train_0689,0.9993314743041992,1
phone_presence_factorial_train_v1,phone_presence_train_0690,0.9903852939605713,1
phone_presence_factorial_train_v1,phone_presence_train_0691,0.9999265670776367,1
phone_presence_factorial_train_v1,phone_presence_train_0692,0.9996534585952759,1
phone_presence_factorial_train_v1,phone_presence_train_0693,0.9997826218605042,1
phone_presence_factorial_train_v1,phone_presence_train_0694,0.9955517649650574,1
phone_presence_factorial_train_v1,phone_presence_train_0695,0.2318403273820877,0
phone_presence_factorial_train_v1,phone_presence_train_0696,0.9615777134895325,1
phone_presence_factorial_train_v1,phone_presence_train_0697,0.9998797178268433,1
phone_presence_factorial_train_v1,phone_presence_train_0698,0.999883770942688,1
phone_presence_factorial_train_v1,phone_presence_train_0699,0.9997069239616394,1
phone_presence_factorial_train_v1,phone_presence_train_0700,0.9695895910263062,1
phone_presence_factorial_train_v1,phone_presence_train_0701,0.9999728202819824,1
phone_presence_factorial_train_v1,phone_presence_train_0702,0.9990721940994263,1
phone_presence_factorial_train_v1,phone_presence_train_0703,0.9973210692405701,1
phone_presence_factorial_train_v1,phone_presence_train_0704,0.9992672801017761,1
phone_presence_factorial_train_v1,phone_presence_train_0705,0.998371422290802,1
phone_presence_factorial_train_v1,phone_presence_train_0706,0.9998759031295776,1
phone_presence_factorial_train_v1,phone_presence_train_0707,0.9993731379508972,1
phone_presence_factorial_train_v1,phone_presence_train_0708,0.997535228729248,1
phone_presence_factorial_train_v1,phone_presence_train_0709,0.9990787506103516,1
phone_presence_factorial_train_v1,phone_presence_train_0710,0.9994114637374878,1
phone_presence_factorial_train_v1,phone_presence_train_0711,0.9996411800384521,1
phone_presence_factorial_train_v1,phone_presence_train_0712,0.9998592138290405,1
phone_presence_factorial_train_v1,phone_presence_train_0713,0.9998766183853149,1
phone_presence_factorial_train_v1,phone_presence_train_0714,0.9973810315132141,1
phone_presence_factorial_train_v1,phone_presence_train_0715,0.9973992109298706,1
phone_presence_factorial_train_v1,phone_presence_train_0716,0.999919056892395,1
phone_presence_factorial_train_v1,phone_presence_train_0717,0.9991310238838196,1
phone_presence_factorial_train_v1,phone_presence_train_0718,0.9996845722198486,1
phone_presence_factorial_train_v1,phone_presence_train_0719,0.990536630153656,1
phone_presence_factorial_train_v1,phone_presence_train_0720,0.9942949414253235,1
phone_presence_factorial_train_v1,phone_presence_train_0721,0.9999713897705078,1
phone_presence_factorial_train_v1,phone_presence_train_0722,0.9978775978088379,1
phone_presence_factorial_train_v1,phone_presence_train_0723,0.9997614026069641,1
phone_presence_factorial_train_v1,phone_presence_train_0724,0.9999266862869263,1
phone_presence_factorial_train_v1,phone_presence_train_0725,0.9995837807655334,1
phone_presence_factorial_train_v1,phone_presence_train_0726,0.9998290538787842,1
phone_presence_factorial_train_v1,phone_presence_train_0727,0.9999442100524902,1
phone_presence_factorial_train_v1,phone_presence_train_0728,0.9997150301933289,1
phone_presence_factorial_train_v1,phone_presence_train_0729,0.9994233846664429,1
phone_presence_factorial_train_v1,phone_presence_train_0730,0.9938604831695557,1
phone_presence_factorial_train_v1,phone_presence_train_0731,0.9998995065689087,1
phone_presence_factorial_train_v1,phone_presence_train_0732,0.9982776641845703,1
phone_presence_factorial_train_v1,phone_presence_train_0733,0.999699592590332,1
phone_presence_factorial_train_v1,phone_presence_train_0734,0.9965225458145142,1
phone_presence_factorial_train_v1,phone_presence_train_0735,0.9970928430557251,1
phone_presence_factorial_train_v1,phone_presence_train_0736,0.9999864101409912,1
phone_presence_factorial_train_v1,phone_presence_train_0737,0.9995630383491516,1
phone_presence_factorial_train_v1,phone_presence_train_0738,0.9993897676467896,1
phone_presence_factorial_train_v1,phone_presence_train_0739,0.9968434572219849,1
phone_presence_factorial_train_v1,phone_presence_train_0740,0.9996621608734131,1
phone_presence_factorial_train_v1,phone_presence_train_0741,0.9999125003814697,1
phone_presence_factorial_train_v1,phone_presence_train_0742,0.9999659061431885,1
phone_presence_factorial_train_v1,phone_presence_train_0743,0.9998173117637634,1
phone_presence_factorial_train_v1,phone_presence_train_0744,0.9952602982521057,1
phone_presence_factorial_train_v1,phone_presence_train_0745,0.9945465326309204,1
phone_presence_factorial_train_v1,phone_presence_train_0746,0.9993746876716614,1
phone_presence_factorial_train_v1,phone_presence_train_0747,0.9998698234558105,1
phone_presence_factorial_train_v1,phone_presence_train_0748,0.9998354911804199,1
phone_presence_factorial_train_v1,phone_presence_train_0749,0.9998753070831299,1
phone_presence_factorial_train_v1,phone_presence_train_0750,0.9765388369560242,1
phone_presence_factorial_train_v1,phone_presence_train_0751,0.9999834299087524,1
phone_presence_factorial_train_v1,phone_presence_train_0752,0.9994309544563293,1
phone_presence_factorial_train_v1,phone_presence_train_0753,0.9997718930244446,1
phone_presence_factorial_train_v1,phone_presence_train_0754,0.9992259740829468,1
phone_presence_factorial_train_v1,phone_presence_train_0755,0.9798191785812378,1
phone_presence_factorial_train_v1,phone_presence_train_0756,0.9996179342269897,1
phone_presence_factorial_train_v1,phone_presence_train_0757,0.99953293800354,1
phone_presence_factorial_train_v1,phone_presence_train_0758,0.9996110796928406,1
phone_presence_factorial_train_v1,phone_presence_train_0759,0.9972621202468872,1
phone_presence_factorial_train_v1,phone_presence_train_0760,0.9427812099456787,1
phone_presence_factorial_train_v1,phone_presence_train_0761,0.9999901056289673,1
phone_presence_factorial_train_v1,phone_presence_train_0762,0.999593198299408,1
phone_presence_factorial_train_v1,phone_presence_train_0763,0.9994571805000305,1
phone_presence_factorial_train_v1,phone_presence_train_0764,0.999853253364563,1
phone_presence_factorial_train_v1,phone_presence_train_0765,0.9660477638244629,1
phone_presence_factorial_train_v1,phone_presence_train_0766,0.9998998641967773,1
phone_presence_factorial_train_v1,phone_presence_train_0767,0.9995712637901306,1
phone_presence_factorial_train_v1,phone_presence_train_0768,0.9994708895683289,1
phone_presence_factorial_train_v1,phone_presence_train_0769,0.9955955147743225,1
phone_presence_factorial_train_v1,phone_presence_train_0770,0.9664807319641113,1
phone_presence_factorial_train_v1,phone_presence_train_0771,0.9999396800994873,1
phone_presence_factorial_train_v1,phone_presence_train_0772,0.9999501705169678,1
phone_presence_factorial_train_v1,phone_presence_train_0773,0.99988853931427,1
phone_presence_factorial_train_v1,phone_presence_train_0774,0.9879982471466064,1
phone_presence_factorial_train_v1,phone_presence_train_0775,0.9908033609390259,1
phone_presence_factorial_train_v1,phone_presence_train_0776,0.9999643564224243,1
phone_presence_factorial_train_v1,phone_presence_train_0777,0.9940570592880249,1
phone_presence_factorial_train_v1,phone_presence_train_0778,0.999774158000946,1
phone_presence_factorial_train_v1,phone_presence_train_0779,0.9999144077301025,1
phone_presence_factorial_train_v1,phone_presence_train_0780,0.9749069213867188,1
phone_presence_factorial_train_v1,phone_presence_train_0781,0.9993789196014404,1
phone_presence_factorial_train_v1,phone_presence_train_0782,0.9991896748542786,1
phone_presence_factorial_train_v1,phone_presence_train_0783,0.9996359348297119,1
phone_presence_factorial_train_v1,phone_presence_train_0784,0.9987227320671082,1
phone_presence_factorial_train_v1,phone_presence_train_0785,0.9972859621047974,1
phone_presence_factorial_train_v1,phone_presence_train_0786,0.9998290538787842,1
phone_presence_factorial_train_v1,phone_presence_train_0787,0.9802085161209106,1
phone_presence_factorial_train_v1,phone_presence_train_0788,0.9998028874397278,1
phone_presence_factorial_train_v1,phone_presence_train_0789,0.9996585845947266,1
phone_presence_factorial_train_v1,phone_presence_train_0790,0.9969044327735901,1
phone_presence_factorial_train_v1,phone_presence_train_0791,0.9999231100082397,1
phone_presence_factorial_train_v1,phone_presence_train_0792,0.9984215497970581,1
phone_presence_factorial_train_v1,phone_presence_train_0793,0.9995978474617004,1
phone_presence_factorial_train_v1,phone_presence_train_0794,0.998244047164917,1
phone_presence_factorial_train_v1,phone_presence_train_0795,0.9885333776473999,1
phone_presence_factorial_train_v1,phone_presence_train_0796,0.9993033409118652,1
phone_presence_factorial_train_v1,phone_presence_train_0797,0.9995875954627991,1
phone_presence_factorial_train_v1,phone_presence_train_0798,0.9995287656784058,1
phone_presence_factorial_train_v1,phone_presence_train_0799,0.9992660880088806,1
phone_presence_factorial_train_v1,phone_presence_train_0800,0.9932544827461243,1
phone_presence_factorial_train_v1,phone_presence_train_0801,0.9999626874923706,1
phone_presence_factorial_train_v1,phone_presence_train_0802,0.9999704360961914,1
phone_presence_factorial_train_v1,phone_presence_train_0803,0.9992444515228271,1
phone_presence_factorial_train_v1,phone_presence_train_0804,0.9998399019241333,1
phone_presence_factorial_train_v1,phone_presence_train_0805,0.9989326596260071,1
phone_presence_factorial_train_v1,phone_presence_train_0806,0.9999538660049438,1
phone_presence_factorial_train_v1,phone_presence_train_0807,0.999945878982544,1
phone_presence_factorial_train_v1,phone_presence_train_0808,0.9998513460159302,1
phone_presence_factorial_train_v1,phone_presence_train_0809,0.988922119140625,1
phone_presence_factorial_train_v1,phone_presence_train_0810,0.9980388283729553,1
phone_presence_factorial_train_v1,phone_presence_train_0811,0.9999654293060303,1
phone_presence_factorial_train_v1,phone_presence_train_0812,0.9995388984680176,1
phone_presence_factorial_train_v1,phone_presence_train_0813,0.9997749924659729,1
phone_presence_factorial_train_v1,phone_presence_train_0814,0.9953210949897766,1
phone_presence_factorial_train_v1,phone_presence_train_0815,0.9720475673675537,1
phone_presence_factorial_train_v1,phone_presence_train_0816,0.9997802376747131,1
phone_presence_factorial_train_v1,phone_presence_train_0817,0.9999077320098877,1
phone_presence_factorial_train_v1,phone_presence_train_0818,0.9995525479316711,1
phone_presence_factorial_train_v1,phone_presence_train_0819,0.9996744394302368,1
phone_presence_factorial_train_v1,phone_presence_train_0820,0.9797890782356262,1
phone_presence_factorial_train_v1,phone_presence_train_0821,0.9999344348907471,1
phone_presence_factorial_train_v1,phone_presence_train_0822,0.9999815225601196,1
phone_presence_factorial_train_v1,phone_presence_train_0823,0.9998906850814819,1
phone_presence_factorial_train_v1,phone_presence_train_0824,0.9987292885780334,1
phone_presence_factorial_train_v1,phone_presence_train_0825,0.9982271790504456,1
phone_presence_factorial_train_v1,phone_presence_train_0826,0.9999866485595703,1
phone_presence_factorial_train_v1,phone_presence_train_0827,0.9998329877853394,1
phone_presence_factorial_train_v1,phone_presence_train_0828,0.9997314810752869,1
phone_presence_factorial_train_v1,phone_presence_train_0829,0.9993283748626709,1
phone_presence_factorial_train_v1,phone_presence_train_0830,0.9998418092727661,1
phone_presence_factorial_train_v1,phone_presence_train_0831,0.9998878240585327,1
phone_presence_factorial_train_v1,phone_presence_train_0832,0.9998563528060913,1
phone_presence_factorial_train_v1,phone_presence_train_0833,0.9997078776359558,1
phone_presence_factorial_train_v1,phone_presence_train_0834,0.9984242916107178,1
phone_presence_factorial_train_v1,phone_presence_train_0835,0.998548686504364,1
phone_presence_factorial_train_v1,phone_presence_train_0836,0.9999898672103882,1
phone_presence_factorial_train_v1,phone_presence_train_0837,0.9998719692230225,1
phone_presence_factorial_train_v1,phone_presence_train_0838,0.9995309114456177,1
phone_presence_factorial_train_v1,phone_presence_train_0839,0.9996410608291626,1
phone_presence_factorial_train_v1,phone_presence_train_0840,0.998380184173584,1
phone_presence_factorial_train_v1,phone_presence_train_0841,0.9999948740005493,1
phone_presence_factorial_train_v1,phone_presence_train_0842,0.9998316764831543,1
phone_presence_factorial_train_v1,phone_presence_train_0843,0.9999456405639648,1
phone_presence_factorial_train_v1,phone_presence_train_0844,0.9991353154182434,1
phone_presence_factorial_train_v1,phone_presence_train_0845,0.987677276134491,1
phone_presence_factorial_train_v1,phone_presence_train_0846,0.999985933303833,1
phone_presence_factorial_train_v1,phone_presence_train_0847,0.9999661445617676,1
phone_presence_factorial_train_v1,phone_presence_train_0848,0.9996834993362427,1
phone_presence_factorial_train_v1,phone_presence_train_0849,0.9997416138648987,1
phone_presence_factorial_train_v1,phone_presence_train_0850,0.9985135197639465,1
phone_presence_factorial_train_v1,phone_presence_train_0851,0.9999929666519165,1
phone_presence_factorial_train_v1,phone_presence_train_0852,0.9996515512466431,1
phone_presence_factorial_train_v1,phone_presence_train_0853,0.9998107552528381,1
phone_presence_factorial_train_v1,phone_presence_train_0854,0.998891294002533,1
phone_presence_factorial_train_v1,phone_presence_train_0855,0.9997052550315857,1
phone_presence_factorial_train_v1,phone_presence_train_0856,0.999902606010437,1
phone_presence_factorial_train_v1,phone_presence_train_0857,0.999956488609314,1
phone_presence_factorial_train_v1,phone_presence_train_0858,0.9997918009757996,1
phone_presence_factorial_train_v1,phone_presence_train_0859,0.9986756443977356,1
phone_presence_factorial_train_v1,phone_presence_train_0860,0.9918617010116577,1
phone_presence_factorial_train_v1,phone_presence_train_0861,0.9999933242797852,1
phone_presence_factorial_train_v1,phone_presence_train_0862,0.9999505281448364,1
phone_presence_factorial_train_v1,phone_presence_train_0863,0.99970942735672,1
phone_presence_factorial_train_v1,phone_presence_train_0864,0.9966089725494385,1
phone_presence_factorial_train_v1,phone_presence_train_0865,0.9891877770423889,1
phone_presence_factorial_train_v1,phone_presence_train_0866,0.9998186230659485,1
phone_presence_factorial_train_v1,phone_presence_train_0867,0.9985633492469788,1
phone_presence_factorial_train_v1,phone_presence_train_0868,0.9998477697372437,1
phone_presence_factorial_train_v1,phone_presence_train_0869,0.9970715045928955,1
phone_presence_factorial_train_v1,phone_presence_train_0870,0.9960644841194153,1
phone_presence_factorial_train_v1,phone_presence_train_0871,0.9998862743377686,1
phone_presence_factorial_train_v1,phone_presence_train_0872,0.9998866319656372,1
phone_presence_factorial_train_v1,phone_presence_train_0873,0.9998915195465088,1
phone_presence_factorial_train_v1,phone_presence_train_0874,0.9997738003730774,1
phone_presence_factorial_train_v1,phone_presence_train_0875,0.9956639409065247,1
phone_presence_factorial_train_v1,phone_presence_train_0876,0.9999922513961792,1
phone_presence_factorial_train_v1,phone_presence_train_0877,0.9999499320983887,1
phone_presence_factorial_train_v1,phone_presence_train_0878,0.9999336004257202,1
phone_presence_factorial_train_v1,phone_presence_train_0879,0.9994713664054871,1
phone_presence_factorial_train_v1,phone_presence_train_0880,0.9960513710975647,1
phone_presence_factorial_train_v1,phone_presence_train_0881,0.9999861717224121,1
phone_presence_factorial_train_v1,phone_presence_train_0882,0.9997983574867249,1
phone_presence_factorial_train_v1,phone_presence_train_0883,0.999722421169281,1
phone_presence_factorial_train_v1,phone_presence_train_0884,0.9997389912605286,1
phone_presence_factorial_train_v1,phone_presence_train_0885,0.9982736110687256,1
phone_presence_factorial_train_v1,phone_presence_train_0886,0.9999761581420898,1
phone_presence_factorial_train_v1,phone_presence_train_0887,0.9998630285263062,1
phone_presence_factorial_train_v1,phone_presence_train_0888,0.9998080134391785,1
phone_presence_factorial_train_v1,phone_presence_train_0889,0.998815655708313,1
phone_presence_factorial_train_v1,phone_presence_train_0890,0.5587652921676636,1
phone_presence_factorial_train_v1,phone_presence_train_0891,0.9999251365661621,1
phone_presence_factorial_train_v1,phone_presence_train_0892,0.9999796152114868,1
phone_presence_factorial_train_v1,phone_presence_train_0893,0.99973064661026,1
phone_presence_factorial_train_v1,phone_presence_train_0894,0.9999475479125977,1
phone_presence_factorial_train_v1,phone_presence_train_0895,0.9636388421058655,1
phone_presence_factorial_train_v1,phone_presence_train_0896,0.9999550580978394,1
phone_presence_factorial_train_v1,phone_presence_train_0897,0.9982692003250122,1
phone_presence_factorial_train_v1,phone_presence_train_0898,0.9995328187942505,1
phone_presence_factorial_train_v1,phone_presence_train_0899,0.9986348748207092,1
phone_presence_factorial_train_v1,phone_presence_train_0900,0.7025895118713379,1
phone_presence_factorial_train_v1,phone_presence_train_0901,0.9995625615119934,1
phone_presence_factorial_train_v1,phone_presence_train_0902,0.999222993850708,1
phone_presence_factorial_train_v1,phone_presence_train_0903,0.9994553923606873,1
phone_presence_factorial_train_v1,phone_presence_train_0904,0.9990954399108887,1
phone_presence_factorial_train_v1,phone_presence_train_0905,0.9998164772987366,1
phone_presence_factorial_train_v1,phone_presence_train_0906,0.9999426603317261,1
phone_presence_factorial_train_v1,phone_presence_train_0907,0.9998935461044312,1
phone_presence_factorial_train_v1,phone_presence_train_0908,0.9998477697372437,1
phone_presence_factorial_train_v1,phone_presence_train_0909,0.9994046688079834,1
phone_presence_factorial_train_v1,phone_presence_train_0910,0.9930365681648254,1
phone_presence_factorial_train_v1,phone_presence_train_0911,0.999994158744812,1
phone_presence_factorial_train_v1,phone_presence_train_0912,0.9998741149902344,1
phone_presence_factorial_train_v1,phone_presence_train_0913,0.9998216032981873,1
phone_presence_factorial_train_v1,phone_presence_train_0914,0.9996359348297119,1
phone_presence_factorial_train_v1,phone_presence_train_0915,0.7654287815093994,1
phone_presence_factorial_train_v1,phone_presence_train_0916,0.999984860420227,1
phone_presence_factorial_train_v1,phone_presence_train_0917,0.9999051094055176,1
phone_presence_factorial_train_v1,phone_presence_train_0918,0.9996883869171143,1
phone_presence_factorial_train_v1,phone_presence_train_0919,0.9998446702957153,1
phone_presence_factorial_train_v1,phone_presence_train_0920,0.9844658374786377,1
phone_presence_factorial_train_v1,phone_presence_train_0921,0.9999678134918213,1
phone_presence_factorial_train_v1,phone_presence_train_0922,0.9978646636009216,1
phone_presence_factorial_train_v1,phone_presence_train_0923,0.9998364448547363,1
phone_presence_factorial_train_v1,phone_presence_train_0924,0.9997852444648743,1
phone_presence_factorial_train_v1,phone_presence_train_0925,0.9869155883789062,1
phone_presence_factorial_train_v1,phone_presence_train_0926,0.9999581575393677,1
phone_presence_factorial_train_v1,phone_presence_train_0927,0.9999643564224243,1
phone_presence_factorial_train_v1,phone_presence_train_0928,0.9994688630104065,1
phone_presence_factorial_train_v1,phone_presence_train_0929,0.9986065030097961,1
phone_presence_factorial_train_v1,phone_presence_train_0930,0.9979273080825806,1
phone_presence_factorial_train_v1,phone_presence_train_0931,0.999996542930603,1
phone_presence_factorial_train_v1,phone_presence_train_0932,0.9998225569725037,1
phone_presence_factorial_train_v1,phone_presence_train_0933,0.9996882677078247,1
phone_presence_factorial_train_v1,phone_presence_train_0934,0.9994207620620728,1
phone_presence_factorial_train_v1,phone_presence_train_0935,0.9984477758407593,1
phone_presence_factorial_train_v1,phone_presence_train_0936,0.9999381303787231,1
phone_presence_factorial_train_v1,phone_presence_train_0937,0.9998412132263184,1
phone_presence_factorial_train_v1,phone_presence_train_0938,0.9994797110557556,1
phone_presence_factorial_train_v1,phone_presence_train_0939,0.999774158000946,1
phone_presence_factorial_train_v1,phone_presence_train_0940,0.993899941444397,1
phone_presence_factorial_train_v1,phone_presence_train_0941,0.9999903440475464,1
phone_presence_factorial_train_v1,phone_presence_train_0942,0.999881386756897,1
phone_presence_factorial_train_v1,phone_presence_train_0943,0.9999535083770752,1
phone_presence_factorial_train_v1,phone_presence_train_0944,0.9996902942657471,1
phone_presence_factorial_train_v1,phone_presence_train_0945,0.9983286261558533,1
phone_presence_factorial_train_v1,phone_presence_train_0946,0.9999738931655884,1
phone_presence_factorial_train_v1,phone_presence_train_0947,0.9989540576934814,1
phone_presence_factorial_train_v1,phone_presence_train_0948,0.998078465461731,1
phone_presence_factorial_train_v1,phone_presence_train_0949,0.9993634819984436,1
phone_presence_factorial_train_v1,phone_presence_train_0950,0.8820143342018127,1
phone_presence_factorial_train_v1,phone_presence_train_0951,0.9934806823730469,1
phone_presence_factorial_train_v1,phone_presence_train_0952,0.9999419450759888,1
phone_presence_factorial_train_v1,phone_presence_train_0953,0.9998447895050049,1
phone_presence_factorial_train_v1,phone_presence_train_0954,0.9974362254142761,1
phone_presence_factorial_train_v1,phone_presence_train_0955,0.9906728863716125,1
phone_presence_factorial_train_v1,phone_presence_train_0956,0.9999673366546631,1
phone_presence_factorial_train_v1,phone_presence_train_0957,0.9999440908432007,1
phone_presence_factorial_train_v1,phone_presence_train_0958,0.9995111227035522,1
phone_presence_factorial_train_v1,phone_presence_train_0959,0.9999223947525024,1
phone_presence_factorial_train_v1,phone_presence_train_0960,0.9967435002326965,1
phone_presence_factorial_train_v1,phone_presence_train_0961,0.999721348285675,1
phone_presence_factorial_train_v1,phone_presence_train_0962,0.9998373985290527,1
phone_presence_factorial_train_v1,phone_presence_train_0963,0.99882572889328,1
phone_presence_factorial_train_v1,phone_presence_train_0964,0.9985027313232422,1
phone_presence_factorial_train_v1,phone_presence_train_0965,0.9797683358192444,1
phone_presence_factorial_train_v1,phone_presence_train_0966,0.9999902248382568,1
phone_presence_factorial_train_v1,phone_presence_train_0967,0.9998806715011597,1
phone_presence_factorial_train_v1,phone_presence_train_0968,0.9985785484313965,1
phone_presence_factorial_train_v1,phone_presence_train_0969,0.9982346296310425,1
phone_presence_factorial_train_v1,phone_presence_train_0970,0.9967304468154907,1
phone_presence_factorial_train_v1,phone_presence_train_0971,0.9998757839202881,1
phone_presence_factorial_train_v1,phone_presence_train_0972,0.9998773336410522,1
phone_presence_factorial_train_v1,phone_presence_train_0973,0.9998487234115601,1
phone_presence_factorial_train_v1,phone_presence_train_0974,0.999434769153595,1
phone_presence_factorial_train_v1,phone_presence_train_0975,0.9990929365158081,1
phone_presence_factorial_train_v1,phone_presence_train_0976,0.9998949766159058,1
phone_presence_factorial_train_v1,phone_presence_train_0977,0.9997773766517639,1
phone_presence_factorial_train_v1,phone_presence_train_0978,0.9999681711196899,1
phone_presence_factorial_train_v1,phone_presence_train_0979,0.9997425675392151,1
phone_presence_factorial_train_v1,phone_presence_train_0980,0.9954230189323425,1
phone_presence_factorial_train_v1,phone_presence_train_0981,0.9999896287918091,1
phone_presence_factorial_train_v1,phone_presence_train_0982,0.9999165534973145,1
phone_presence_factorial_train_v1,phone_presence_train_0983,0.9975312352180481,1
phone_presence_factorial_train_v1,phone_presence_train_0984,0.9998102784156799,1
phone_presence_factorial_train_v1,phone_presence_train_0985,0.9966705441474915,1
phone_presence_factorial_train_v1,phone_presence_train_0986,0.9999960660934448,1
phone_presence_factorial_train_v1,phone_presence_train_0987,0.9999570846557617,1
phone_presence_factorial_train_v1,phone_presence_train_0988,0.9998418092727661,1
phone_presence_factorial_train_v1,phone_presence_train_0989,0.9993687272071838,1
phone_presence_factorial_train_v1,phone_presence_train_0990,0.9606221318244934,1
phone_presence_factorial_train_v1,phone_presence_train_0991,0.9999711513519287,1
phone_presence_factorial_train_v1,phone_presence_train_0992,0.9997005462646484,1
phone_presence_factorial_train_v1,phone_presence_train_0993,0.9998605251312256,1
phone_presence_factorial_train_v1,phone_presence_train_0994,0.9998433589935303,1
phone_presence_factorial_train_v1,phone_presence_train_0995,0.9949523210525513,1
phone_presence_factorial_train_v1,phone_presence_train_0996,0.9999688863754272,1
phone_presence_factorial_train_v1,phone_presence_train_0997,0.9998283386230469,1
phone_presence_factorial_train_v1,phone_presence_train_0998,0.9996832609176636,1
phone_presence_factorial_train_v1,phone_presence_train_0999,0.9988105297088623,1
phone_presence_factorial_train_v1,phone_presence_train_1000,0.9903899431228638,1
phone_presence_factorial_train_v1,phone_presence_train_1001,0.9999970197677612,1
phone_presence_factorial_train_v1,phone_presence_train_1002,0.9999645948410034,1
phone_presence_factorial_train_v1,phone_presence_train_1003,0.9993299245834351,1
phone_presence_factorial_train_v1,phone_presence_train_1004,0.9994266033172607,1
phone_presence_factorial_train_v1,phone_presence_train_1005,0.9964540004730225,1
phone_presence_factorial_train_v1,phone_presence_train_1006,0.9998705387115479,1
phone_presence_factorial_train_v1,phone_presence_train_1007,0.9999654293060303,1
phone_presence_factorial_train_v1,phone_presence_train_1008,0.9970364570617676,1
phone_presence_factorial_train_v1,phone_presence_train_1009,0.9997005462646484,1
phone_presence_factorial_train_v1,phone_presence_train_1010,0.9964801669120789,1
phone_presence_factorial_train_v1,phone_presence_train_1011,0.9997054934501648,1
phone_presence_factorial_train_v1,phone_presence_train_1012,0.9998534917831421,1
phone_presence_factorial_train_v1,phone_presence_train_1013,0.9998941421508789,1
phone_presence_factorial_train_v1,phone_presence_train_1014,0.999477207660675,1
phone_presence_factorial_train_v1,phone_presence_train_1015,0.9702723622322083,1
phone_presence_factorial_train_v1,phone_presence_train_1016,0.9999434947967529,1
phone_presence_factorial_train_v1,phone_presence_train_1017,0.9999822378158569,1
phone_presence_factorial_train_v1,phone_presence_train_1018,0.9998025298118591,1
phone_presence_factorial_train_v1,phone_presence_train_1019,0.9995902180671692,1
phone_presence_factorial_train_v1,phone_presence_train_1020,0.9955875873565674,1
phone_presence_factorial_train_v1,phone_presence_train_1021,0.9999079704284668,1
phone_presence_factorial_train_v1,phone_presence_train_1022,0.9999344348907471,1
phone_presence_factorial_train_v1,phone_presence_train_1023,0.9998923540115356,1
phone_presence_factorial_train_v1,phone_presence_train_1024,0.9998962879180908,1
phone_presence_factorial_train_v1,phone_presence_train_1025,0.9976949095726013,1
phone_presence_factorial_train_v1,phone_presence_train_1026,0.9999803304672241,1
phone_presence_factorial_train_v1,phone_presence_train_1027,0.9999027252197266,1
phone_presence_factorial_train_v1,phone_presence_train_1028,0.998965859413147,1
phone_presence_factorial_train_v1,phone_presence_train_1029,0.9990808963775635,1
phone_presence_factorial_train_v1,phone_presence_train_1030,0.9891002774238586,1
phone_presence_factorial_train_v1,phone_presence_train_1031,0.9999903440475464,1
phone_presence_factorial_train_v1,phone_presence_train_1032,0.9999712705612183,1
phone_presence_factorial_train_v1,phone_presence_train_1033,0.9997871518135071,1
phone_presence_factorial_train_v1,phone_presence_train_1034,0.9982301592826843,1
phone_presence_factorial_train_v1,phone_presence_train_1035,0.9914968609809875,1
phone_presence_factorial_train_v1,phone_presence_train_1036,0.9999912977218628,1
phone_presence_factorial_train_v1,phone_presence_train_1037,0.9998701810836792,1
phone_presence_factorial_train_v1,phone_presence_train_1038,0.9998103976249695,1
phone_presence_factorial_train_v1,phone_presence_train_1039,0.9985370635986328,1
phone_presence_factorial_train_v1,phone_presence_train_1040,0.960519552230835,1
phone_presence_factorial_train_v1,phone_presence_train_1041,0.999993085861206,1
phone_presence_factorial_train_v1,phone_presence_train_1042,0.9999183416366577,1
phone_presence_factorial_train_v1,phone_presence_train_1043,0.999849796295166,1
phone_presence_factorial_train_v1,phone_presence_train_1044,0.7476810216903687,1
phone_presence_factorial_train_v1,phone_presence_train_1045,0.996374785900116,1
phone_presence_factorial_train_v1,phone_presence_train_1046,0.9999896287918091,1
phone_presence_factorial_train_v1,phone_presence_train_1047,0.9997941851615906,1
phone_presence_factorial_train_v1,phone_presence_train_1048,0.9998317956924438,1
phone_presence_factorial_train_v1,phone_presence_train_1049,0.9996823072433472,1
phone_presence_factorial_train_v1,phone_presence_train_1050,0.9170731902122498,1
phone_presence_factorial_train_v1,phone_presence_train_1051,0.9999203681945801,1
phone_presence_factorial_train_v1,phone_presence_train_1052,0.9994578957557678,1
phone_presence_factorial_train_v1,phone_presence_train_1053,0.9999314546585083,1
phone_presence_factorial_train_v1,phone_presence_train_1054,0.9997504353523254,1
phone_presence_factorial_train_v1,phone_presence_train_1055,0.9846959710121155,1
phone_presence_factorial_train_v1,phone_presence_train_1056,0.9999130964279175,1
phone_presence_factorial_train_v1,phone_presence_train_1057,0.9999606609344482,1
phone_presence_factorial_train_v1,phone_presence_train_1058,0.9999233484268188,1
phone_presence_factorial_train_v1,phone_presence_train_1059,0.9960122108459473,1
phone_presence_factorial_train_v1,phone_presence_train_1060,0.9998181462287903,1
phone_presence_factorial_train_v1,phone_presence_train_1061,0.9999792575836182,1
phone_presence_factorial_train_v1,phone_presence_train_1062,0.9928763508796692,1
phone_presence_factorial_train_v1,phone_presence_train_1063,0.9998506307601929,1
phone_presence_factorial_train_v1,phone_presence_train_1064,0.9991061091423035,1
phone_presence_factorial_train_v1,phone_presence_train_1065,0.9471062421798706,1
phone_presence_factorial_train_v1,phone_presence_train_1066,0.9999873638153076,1
phone_presence_factorial_train_v1,phone_presence_train_1067,0.9999262094497681,1
phone_presence_factorial_train_v1,phone_presence_train_1068,0.9999167919158936,1
phone_presence_factorial_train_v1,phone_presence_train_1069,0.9857989549636841,1
phone_presence_factorial_train_v1,phone_presence_train_1070,0.9836110472679138,1
phone_presence_factorial_train_v1,phone_presence_train_1071,0.9999948740005493,1
phone_presence_factorial_train_v1,phone_presence_train_1072,0.9999246597290039,1
phone_presence_factorial_train_v1,phone_presence_train_1073,0.9998173117637634,1
phone_presence_factorial_train_v1,phone_presence_train_1074,0.9974898099899292,1
phone_presence_factorial_train_v1,phone_presence_train_1075,0.9945677518844604,1
phone_presence_factorial_train_v1,phone_presence_train_1076,0.9999984502792358,1
phone_presence_factorial_train_v1,phone_presence_train_1077,0.9999717473983765,1
phone_presence_factorial_train_v1,phone_presence_train_1078,0.9997329115867615,1
phone_presence_factorial_train_v1,phone_presence_train_1079,0.9993953704833984,1
phone_presence_factorial_train_v1,phone_presence_train_1080,0.9993699193000793,1
phone_presence_factorial_train_v1,phone_presence_train_1081,0.9999819993972778,1
phone_presence_factorial_train_v1,phone_presence_train_1082,0.999942421913147,1
phone_presence_factorial_train_v1,phone_presence_train_1083,0.9996764659881592,1
phone_presence_factorial_train_v1,phone_presence_train_1084,0.999535083770752,1
phone_presence_factorial_train_v1,phone_presence_train_1085,0.9991661310195923,1
phone_presence_factorial_train_v1,phone_presence_train_1086,0.9997765421867371,1
phone_presence_factorial_train_v1,phone_presence_train_1087,0.9995478987693787,1
phone_presence_factorial_train_v1,phone_presence_train_1088,0.99978107213974,1
phone_presence_factorial_train_v1,phone_presence_train_1089,0.999255359172821,1
phone_presence_factorial_train_v1,phone_presence_train_1090,0.9962052702903748,1
phone_presence_factorial_train_v1,phone_presence_train_1091,0.9933265447616577,1
phone_presence_factorial_train_v1,phone_presence_train_1092,0.9996803998947144,1
phone_presence_factorial_train_v1,phone_presence_train_1093,0.9995131492614746,1
phone_presence_factorial_train_v1,phone_presence_train_1094,0.9992200136184692,1
phone_presence_factorial_train_v1,phone_presence_train_1095,0.9986542463302612,1
phone_presence_factorial_train_v1,phone_presence_train_1096,0.9999762773513794,1
phone_presence_factorial_train_v1,phone_presence_train_1097,0.9999692440032959,1
phone_presence_factorial_train_v1,phone_presence_train_1098,0.9953279495239258,1
phone_presence_factorial_train_v1,phone_presence_train_1099,0.9996058344841003,1
phone_presence_factorial_train_v1,phone_presence_train_1100,0.9656577706336975,1
phone_presence_factorial_train_v1,phone_presence_train_1101,0.9999011754989624,1
phone_presence_factorial_train_v1,phone_presence_train_1102,0.9999699592590332,1
phone_presence_factorial_train_v1,phone_presence_train_1103,0.9996747970581055,1
phone_presence_factorial_train_v1,phone_presence_train_1104,0.99904865026474,1
phone_presence_factorial_train_v1,phone_presence_train_1105,0.9986991882324219,1
phone_presence_factorial_train_v1,phone_presence_train_1106,0.9995831847190857,1
phone_presence_factorial_train_v1,phone_presence_train_1107,0.9998756647109985,1
phone_presence_factorial_train_v1,phone_presence_train_1108,0.9999011754989624,1
phone_presence_factorial_train_v1,phone_presence_train_1109,0.9994489550590515,1
phone_presence_factorial_train_v1,phone_presence_train_1110,0.9995074272155762,1
phone_presence_factorial_train_v1,phone_presence_train_1111,0.999994158744812,1
phone_presence_factorial_train_v1,phone_presence_train_1112,0.9997798800468445,1
phone_presence_factorial_train_v1,phone_presence_train_1113,0.9980090260505676,1
phone_presence_factorial_train_v1,phone_presence_train_1114,0.9997602105140686,1
phone_presence_factorial_train_v1,phone_presence_train_1115,0.9986644983291626,1
phone_presence_factorial_train_v1,phone_presence_train_1116,0.9999955892562866,1
phone_presence_factorial_train_v1,phone_presence_train_1117,0.99953293800354,1
phone_presence_factorial_train_v1,phone_presence_train_1118,0.999799907207489,1
phone_presence_factorial_train_v1,phone_presence_train_1119,0.9994021654129028,1
phone_presence_factorial_train_v1,phone_presence_train_1120,0.9984880685806274,1
phone_presence_factorial_train_v1,phone_presence_train_1121,0.9998555183410645,1
phone_presence_factorial_train_v1,phone_presence_train_1122,0.9999555349349976,1
phone_presence_factorial_train_v1,phone_presence_train_1123,0.9997093081474304,1
phone_presence_factorial_train_v1,phone_presence_train_1124,0.9995753169059753,1
phone_presence_factorial_train_v1,phone_presence_train_1125,0.9958567023277283,1
phone_presence_factorial_train_v1,phone_presence_train_1126,0.9999988079071045,1
phone_presence_factorial_train_v1,phone_presence_train_1127,0.9989301562309265,1
phone_presence_factorial_train_v1,phone_presence_train_1128,0.9991393089294434,1
phone_presence_factorial_train_v1,phone_presence_train_1129,0.9946558475494385,1
phone_presence_factorial_train_v1,phone_presence_train_1130,0.9996925592422485,1
phone_presence_factorial_train_v1,phone_presence_train_1131,0.9998185038566589,1
phone_presence_factorial_train_v1,phone_presence_train_1132,0.999967098236084,1
phone_presence_factorial_train_v1,phone_presence_train_1133,0.9997715353965759,1
phone_presence_factorial_train_v1,phone_presence_train_1134,0.9997021555900574,1
phone_presence_factorial_train_v1,phone_presence_train_1135,0.9659878015518188,1
phone_presence_factorial_train_v1,phone_presence_train_1136,0.9998985528945923,1
phone_presence_factorial_train_v1,phone_presence_train_1137,0.9997468590736389,1
phone_presence_factorial_train_v1,phone_presence_train_1138,0.9995771050453186,1
phone_presence_factorial_train_v1,phone_presence_train_1139,0.9996734857559204,1
phone_presence_factorial_train_v1,phone_presence_train_1140,0.9740782380104065,1
phone_presence_factorial_train_v1,phone_presence_train_1141,0.9999775886535645,1
phone_presence_factorial_train_v1,phone_presence_train_1142,0.9999698400497437,1
phone_presence_factorial_train_v1,phone_presence_train_1143,0.9980033040046692,1
phone_presence_factorial_train_v1,phone_presence_train_1144,0.9993650317192078,1
phone_presence_factorial_train_v1,phone_presence_train_1145,0.973097026348114,1
phone_presence_factorial_train_v1,phone_presence_train_1146,0.9999537467956543,1
phone_presence_factorial_train_v1,phone_presence_train_1147,0.998809814453125,1
phone_presence_factorial_train_v1,phone_presence_train_1148,0.9995855689048767,1
phone_presence_factorial_train_v1,phone_presence_train_1149,0.9997794032096863,1
phone_presence_factorial_train_v1,phone_presence_train_1150,0.9974527955055237,1
phone_presence_factorial_train_v1,phone_presence_train_1151,0.9999476671218872,1
phone_presence_factorial_train_v1,phone_presence_train_1152,0.9997734427452087,1
phone_presence_factorial_train_v1,phone_presence_train_1153,0.9996711015701294,1
phone_presence_factorial_train_v1,phone_presence_train_1154,0.9999279975891113,1
phone_presence_factorial_train_v1,phone_presence_train_1155,0.9964315891265869,1
phone_presence_factorial_train_v1,phone_presence_train_1156,0.9999823570251465,1
phone_presence_factorial_train_v1,phone_presence_train_1157,0.9980098605155945,1
phone_presence_factorial_train_v1,phone_presence_train_1158,0.9979414343833923,1
phone_presence_factorial_train_v1,phone_presence_train_1159,0.9994921684265137,1
phone_presence_factorial_train_v1,phone_presence_train_1160,0.9947176575660706,1
phone_presence_factorial_train_v1,phone_presence_train_1161,0.999998927116394,1
phone_presence_factorial_train_v1,phone_presence_train_1162,0.9995192289352417,1
phone_presence_factorial_train_v1,phone_presence_train_1163,0.9998472929000854,1
phone_presence_factorial_train_v1,phone_presence_train_1164,0.9999685287475586,1
phone_presence_factorial_train_v1,phone_presence_train_1165,0.9996610879898071,1
phone_presence_factorial_train_v1,phone_presence_train_1166,0.999889612197876,1
phone_presence_factorial_train_v1,phone_presence_train_1167,0.9996132254600525,1
phone_presence_factorial_train_v1,phone_presence_train_1168,0.9995075464248657,1
phone_presence_factorial_train_v1,phone_presence_train_1169,0.9997426867485046,1
phone_presence_factorial_train_v1,phone_presence_train_1170,0.999562680721283,1
phone_presence_factorial_train_v1,phone_presence_train_1171,0.9999878406524658,1
phone_presence_factorial_train_v1,phone_presence_train_1172,0.9996322393417358,1
phone_presence_factorial_train_v1,phone_presence_train_1173,0.9994657635688782,1
phone_presence_factorial_train_v1,phone_presence_train_1174,0.9994175434112549,1
phone_presence_factorial_train_v1,phone_presence_train_1175,0.994201123714447,1
phone_presence_factorial_train_v1,phone_presence_train_1176,0.999994158744812,1
phone_presence_factorial_train_v1,phone_presence_train_1177,0.9973228573799133,1
phone_presence_factorial_train_v1,phone_presence_train_1178,0.9996063113212585,1
phone_presence_factorial_train_v1,phone_presence_train_1179,0.9997772574424744,1
phone_presence_factorial_train_v1,phone_presence_train_1180,0.982209324836731,1
phone_presence_factorial_train_v1,phone_presence_train_1181,0.9998942613601685,1
phone_presence_factorial_train_v1,phone_presence_train_1182,0.9998883008956909,1
phone_presence_factorial_train_v1,phone_presence_train_1183,0.9995079040527344,1
phone_presence_factorial_train_v1,phone_presence_train_1184,0.998819887638092,1
phone_presence_factorial_train_v1,phone_presence_train_1185,0.9984500408172607,1
phone_presence_factorial_train_v1,phone_presence_train_1186,0.9998985528945923,1
phone_presence_factorial_train_v1,phone_presence_train_1187,0.9999175071716309,1
phone_presence_factorial_train_v1,phone_presence_train_1188,0.9998425245285034,1
phone_presence_factorial_train_v1,phone_presence_train_1189,0.9994586110115051,1
phone_presence_factorial_train_v1,phone_presence_train_1190,0.985789954662323,1
phone_presence_factorial_train_v1,phone_presence_train_1191,0.9999815225601196,1
phone_presence_factorial_train_v1,phone_presence_train_1192,0.9999094009399414,1
phone_presence_factorial_train_v1,phone_presence_train_1193,0.9992917776107788,1
phone_presence_factorial_train_v1,phone_presence_train_1194,0.9993141889572144,1
phone_presence_factorial_train_v1,phone_presence_train_1195,0.998702883720398,1
phone_presence_factorial_train_v1,phone_presence_train_1196,0.9993878602981567,1
phone_presence_factorial_train_v1,phone_presence_train_1197,0.999957799911499,1
phone_presence_factorial_train_v1,phone_presence_train_1198,0.9998437166213989,1
phone_presence_factorial_train_v1,phone_presence_train_1199,0.9223619699478149,1
phone_presence_factorial_train_v1,phone_presence_train_1200,0.9894909262657166,1
phone_presence_factorial_train_v1,phone_presence_train_1201,0.9999843835830688,1
phone_presence_factorial_train_v1,phone_presence_train_1202,0.9995551705360413,1
phone_presence_factorial_train_v1,phone_presence_train_1203,0.9999115467071533,1
phone_presence_factorial_train_v1,phone_presence_train_1204,0.9996680021286011,1
phone_presence_factorial_train_v1,phone_presence_train_1205,0.9990273714065552,1
phone_presence_factorial_train_v1,phone_presence_train_1206,0.9999473094940186,1
phone_presence_factorial_train_v1,phone_presence_train_1207,0.9999778270721436,1
phone_presence_factorial_train_v1,phone_presence_train_1208,0.999671220779419,1
phone_presence_factorial_train_v1,phone_presence_train_1209,0.9993590712547302,1
phone_presence_factorial_train_v1,phone_presence_train_1210,0.9948008060455322,1
phone_presence_factorial_train_v1,phone_presence_train_1211,0.9999855756759644,1
phone_presence_factorial_train_v1,phone_presence_train_1212,0.9999464750289917,1
phone_presence_factorial_train_v1,phone_presence_train_1213,0.999901533126831,1
phone_presence_factorial_train_v1,phone_presence_train_1214,0.9992924928665161,1
phone_presence_factorial_train_v1,phone_presence_train_1215,0.9987437129020691,1
phone_presence_factorial_train_v1,phone_presence_train_1216,0.9998970031738281,1
phone_presence_factorial_train_v1,phone_presence_train_1217,0.9999532699584961,1
phone_presence_factorial_train_v1,phone_presence_train_1218,0.9993656277656555,1
phone_presence_factorial_train_v1,phone_presence_train_1219,0.9988344311714172,1
phone_presence_factorial_train_v1,phone_presence_train_1220,0.9970707893371582,1
phone_presence_factorial_train_v1,phone_presence_train_1221,0.9999797344207764,1
phone_presence_factorial_train_v1,phone_presence_train_1222,0.9995158910751343,1
phone_presence_factorial_train_v1,phone_presence_train_1223,0.9998260140419006,1
phone_presence_factorial_train_v1,phone_presence_train_1224,0.9996557235717773,1
phone_presence_factorial_train_v1,phone_presence_train_1225,0.9994656443595886,1
phone_presence_factorial_train_v1,phone_presence_train_1226,0.9999852180480957,1
phone_presence_factorial_train_v1,phone_presence_train_1227,0.9998832941055298,1
phone_presence_factorial_train_v1,phone_presence_train_1228,0.9998910427093506,1
phone_presence_factorial_train_v1,phone_presence_train_1229,0.9997449517250061,1
phone_presence_factorial_train_v1,phone_presence_train_1230,0.9977583885192871,1
phone_presence_factorial_train_v1,phone_presence_train_1231,0.9999847412109375,1
phone_presence_factorial_train_v1,phone_presence_train_1232,0.9999337196350098,1
phone_presence_factorial_train_v1,phone_presence_train_1233,0.9998524188995361,1
phone_presence_factorial_train_v1,phone_presence_train_1234,0.9973015189170837,1
phone_presence_factorial_train_v1,phone_presence_train_1235,0.9972314238548279,1
phone_presence_factorial_train_v1,phone_presence_train_1236,0.9998985528945923,1
phone_presence_factorial_train_v1,phone_presence_train_1237,0.9999598264694214,1
phone_presence_factorial_train_v1,phone_presence_train_1238,0.9995346069335938,1
phone_presence_factorial_train_v1,phone_presence_train_1239,0.9985818862915039,1
phone_presence_factorial_train_v1,phone_presence_train_1240,0.8856240510940552,1
phone_presence_factorial_train_v1,phone_presence_train_1241,0.9999098777770996,1
phone_presence_factorial_train_v1,phone_presence_train_1242,0.999016523361206,1
phone_presence_factorial_train_v1,phone_presence_train_1243,0.9993428587913513,1
phone_presence_factorial_train_v1,phone_presence_train_1244,0.9376422762870789,1
phone_presence_factorial_train_v1,phone_presence_train_1245,0.9984418749809265,1
phone_presence_factorial_train_v1,phone_presence_train_1246,0.999968409538269,1
phone_presence_factorial_train_v1,phone_presence_train_1247,0.9999619722366333,1
phone_presence_factorial_train_v1,phone_presence_train_1248,0.9994331002235413,1
phone_presence_factorial_train_v1,phone_presence_train_1249,0.9997175335884094,1
phone_presence_factorial_train_v1,phone_presence_train_1250,0.9994307160377502,1
phone_presence_factorial_train_v1,phone_presence_train_1251,0.999880313873291,1
phone_presence_factorial_train_v1,phone_presence_train_1252,0.9964011907577515,1
phone_presence_factorial_train_v1,phone_presence_train_1253,0.999907374382019,1
phone_presence_factorial_train_v1,phone_presence_train_1254,0.9747908115386963,1
phone_presence_factorial_train_v1,phone_presence_train_1255,0.9814560413360596,1
phone_presence_factorial_train_v1,phone_presence_train_1256,0.9999891519546509,1
phone_presence_factorial_train_v1,phone_presence_train_1257,0.9999699592590332,1
phone_presence_factorial_train_v1,phone_presence_train_1258,0.9998719692230225,1
phone_presence_factorial_train_v1,phone_presence_train_1259,0.9996646642684937,1
phone_presence_factorial_train_v1,phone_presence_train_1260,0.989788293838501,1
phone_presence_factorial_train_v1,phone_presence_train_1261,0.9999268054962158,1
phone_presence_factorial_train_v1,phone_presence_train_1262,0.9999580383300781,1
phone_presence_factorial_train_v1,phone_presence_train_1263,0.9993815422058105,1
phone_presence_factorial_train_v1,phone_presence_train_1264,0.9994028806686401,1
phone_presence_factorial_train_v1,phone_presence_train_1265,0.9918888211250305,1
phone_presence_factorial_train_v1,phone_presence_train_1266,0.9999696016311646,1
phone_presence_factorial_train_v1,phone_presence_train_1267,0.999688982963562,1
phone_presence_factorial_train_v1,phone_presence_train_1268,0.9993804693222046,1
phone_presence_factorial_train_v1,phone_presence_train_1269,0.9995408058166504,1
phone_presence_factorial_train_v1,phone_presence_train_1270,0.9248684048652649,1
phone_presence_factorial_train_v1,phone_presence_train_1271,0.9999508857727051,1
phone_presence_factorial_train_v1,phone_presence_train_1272,0.9997316002845764,1
phone_presence_factorial_train_v1,phone_presence_train_1273,0.9994785189628601,1
phone_presence_factorial_train_v1,phone_presence_train_1274,0.9943353533744812,1
phone_presence_factorial_train_v1,phone_presence_train_1275,0.9991590976715088,1
phone_presence_factorial_train_v1,phone_presence_train_1276,0.999701201915741,1
phone_presence_factorial_train_v1,phone_presence_train_1277,0.9999219179153442,1
phone_presence_factorial_train_v1,phone_presence_train_1278,0.9999657869338989,1
phone_presence_factorial_train_v1,phone_presence_train_1279,0.9998175501823425,1
phone_presence_factorial_train_v1,phone_presence_train_1280,0.9925926327705383,1
phone_presence_factorial_train_v1,phone_presence_train_1281,0.999974250793457,1
phone_presence_factorial_train_v1,phone_presence_train_1282,0.9998846054077148,1
phone_presence_factorial_train_v1,phone_presence_train_1283,0.9998916387557983,1
phone_presence_factorial_train_v1,phone_presence_train_1284,0.9979806542396545,1
phone_presence_factorial_train_v1,phone_presence_train_1285,0.9988247752189636,1
phone_presence_factorial_train_v1,phone_presence_train_1286,0.9999692440032959,1
phone_presence_factorial_train_v1,phone_presence_train_1287,0.9999334812164307,1
phone_presence_factorial_train_v1,phone_presence_train_1288,0.9999202489852905,1
phone_presence_factorial_train_v1,phone_presence_train_1289,0.9999239444732666,1
phone_presence_factorial_train_v1,phone_presence_train_1290,0.9907076358795166,1
phone_presence_factorial_train_v1,phone_presence_train_1291,0.999984622001648,1
phone_presence_factorial_train_v1,phone_presence_train_1292,0.9994823932647705,1
phone_presence_factorial_train_v1,phone_presence_train_1293,0.9999134540557861,1
phone_presence_factorial_train_v1,phone_presence_train_1294,0.9998290538787842,1
phone_presence_factorial_train_v1,phone_presence_train_1295,0.9959599375724792,1
phone_presence_factorial_train_v1,phone_presence_train_1296,0.9999903440475464,1
phone_presence_factorial_train_v1,phone_presence_train_1297,0.9999473094940186,1
phone_presence_factorial_train_v1,phone_presence_train_1298,0.9995436072349548,1
phone_presence_factorial_train_v1,phone_presence_train_1299,0.9984631538391113,1
phone_presence_factorial_train_v1,phone_presence_train_1300,0.9992551207542419,1
phone_presence_factorial_train_v1,phone_presence_train_1301,0.998018741607666,1
phone_presence_factorial_train_v1,phone_presence_train_1302,0.9998884201049805,1
phone_presence_factorial_train_v1,phone_presence_train_1303,0.9998052716255188,1
phone_presence_factorial_train_v1,phone_presence_train_1304,0.9996699094772339,1
phone_presence_factorial_train_v1,phone_presence_train_1305,0.9940411448478699,1
phone_presence_factorial_train_v1,phone_presence_train_1306,0.9999206066131592,1
phone_presence_factorial_train_v1,phone_presence_train_1307,0.9999616146087646,1
phone_presence_factorial_train_v1,phone_presence_train_1308,0.9999121427536011,1
phone_presence_factorial_train_v1,phone_presence_train_1309,0.9997244477272034,1
phone_presence_factorial_train_v1,phone_presence_train_1310,0.999666690826416,1
phone_presence_factorial_train_v1,phone_presence_train_1311,0.9999803304672241,1
phone_presence_factorial_train_v1,phone_presence_train_1312,0.9998754262924194,1
phone_presence_factorial_train_v1,phone_presence_train_1313,0.999815046787262,1
phone_presence_factorial_train_v1,phone_presence_train_1314,0.9962701797485352,1
phone_presence_factorial_train_v1,phone_presence_train_1315,0.9987140893936157,1
phone_presence_factorial_train_v1,phone_presence_train_1316,0.9999890327453613,1
phone_presence_factorial_train_v1,phone_presence_train_1317,0.9998729228973389,1
phone_presence_factorial_train_v1,phone_presence_train_1318,0.9997654557228088,1
phone_presence_factorial_train_v1,phone_presence_train_1319,0.9982576966285706,1
phone_presence_factorial_train_v1,phone_presence_train_1320,0.994071900844574,1
phone_presence_factorial_train_v1,phone_presence_train_1321,0.9997735619544983,1
phone_presence_factorial_train_v1,phone_presence_train_1322,0.999941349029541,1
phone_presence_factorial_train_v1,phone_presence_train_1323,0.9995567202568054,1
phone_presence_factorial_train_v1,phone_presence_train_1324,0.9998986721038818,1
phone_presence_factorial_train_v1,phone_presence_train_1325,0.9983419179916382,1
phone_presence_factorial_train_v1,phone_presence_train_1326,0.9972113966941833,1
phone_presence_factorial_train_v1,phone_presence_train_1327,0.999915361404419,1
phone_presence_factorial_train_v1,phone_presence_train_1328,0.9928345680236816,1
phone_presence_factorial_train_v1,phone_presence_train_1329,0.9978837370872498,1
phone_presence_factorial_train_v1,phone_presence_train_1330,0.9503039717674255,1
phone_presence_factorial_train_v1,phone_presence_train_1331,0.9999850988388062,1
phone_presence_factorial_train_v1,phone_presence_train_1332,0.9964523315429688,1
phone_presence_factorial_train_v1,phone_presence_train_1333,0.9988532066345215,1
phone_presence_factorial_train_v1,phone_presence_train_1334,0.9993261098861694,1
phone_presence_factorial_train_v1,phone_presence_train_1335,0.9965502023696899,1
phone_presence_factorial_train_v1,phone_presence_train_1336,0.9999837875366211,1
phone_presence_factorial_train_v1,phone_presence_train_1337,0.9964210987091064,1
phone_presence_factorial_train_v1,phone_presence_train_1338,0.9996554851531982,1
phone_presence_factorial_train_v1,phone_presence_train_1339,0.9794501066207886,1
phone_presence_factorial_train_v1,phone_presence_train_1340,0.9999585151672363,1
phone_presence_factorial_train_v1,phone_presence_train_1341,0.9999464750289917,1
phone_presence_factorial_train_v1,phone_presence_train_1342,0.9999068975448608,1
phone_presence_factorial_train_v1,phone_presence_train_1343,0.9992263317108154,1
phone_presence_factorial_train_v1,phone_presence_train_1344,0.998843789100647,1
phone_presence_factorial_train_v1,phone_presence_train_1345,0.9993976354598999,1
phone_presence_factorial_train_v1,phone_presence_train_1346,0.9997572302818298,1
phone_presence_factorial_train_v1,phone_presence_train_1347,0.9999442100524902,1
phone_presence_factorial_train_v1,phone_presence_train_1348,0.999699592590332,1
phone_presence_factorial_train_v1,phone_presence_train_1349,0.9982544779777527,1
phone_presence_factorial_train_v1,phone_presence_train_1350,0.9894250631332397,1
phone_presence_factorial_train_v1,phone_presence_train_1351,0.9996497631072998,1
phone_presence_factorial_train_v1,phone_presence_train_1352,0.9986947178840637,1
phone_presence_factorial_train_v1,phone_presence_train_1353,0.9997156262397766,1
phone_presence_factorial_train_v1,phone_presence_train_1354,0.9986209869384766,1
phone_presence_factorial_train_v1,phone_presence_train_1355,0.9993910789489746,1
phone_presence_factorial_train_v1,phone_presence_train_1356,0.9999830722808838,1
phone_presence_factorial_train_v1,phone_presence_train_1357,0.9999185800552368,1
phone_presence_factorial_train_v1,phone_presence_train_1358,0.9989105463027954,1
phone_presence_factorial_train_v1,phone_presence_train_1359,0.9995017051696777,1
phone_presence_factorial_train_v1,phone_presence_train_1360,0.9990346431732178,1
phone_presence_factorial_train_v1,phone_presence_train_1361,0.9999618530273438,1
phone_presence_factorial_train_v1,phone_presence_train_1362,0.9999287128448486,1
phone_presence_factorial_train_v1,phone_presence_train_1363,0.9930803179740906,1
phone_presence_factorial_train_v1,phone_presence_train_1364,0.9997112154960632,1
phone_presence_factorial_train_v1,phone_presence_train_1365,0.9968057870864868,1
phone_presence_factorial_train_v1,phone_presence_train_1366,0.999940037727356,1
phone_presence_factorial_train_v1,phone_presence_train_1367,0.9997345805168152,1
phone_presence_factorial_train_v1,phone_presence_train_1368,0.9997463822364807,1
phone_presence_factorial_train_v1,phone_presence_train_1369,0.9997678399085999,1
phone_presence_factorial_train_v1,phone_presence_train_1370,0.7446434497833252,1
phone_presence_factorial_train_v1,phone_presence_train_1371,0.9999817609786987,1
phone_presence_factorial_train_v1,phone_presence_train_1372,0.999934196472168,1
phone_presence_factorial_train_v1,phone_presence_train_1373,0.9987061023712158,1
phone_presence_factorial_train_v1,phone_presence_train_1374,0.9994070529937744,1
phone_presence_factorial_train_v1,phone_presence_train_1375,0.996576726436615,1
phone_presence_factorial_train_v1,phone_presence_train_1376,0.9999418258666992,1
phone_presence_factorial_train_v1,phone_presence_train_1377,0.9999209642410278,1
phone_presence_factorial_train_v1,phone_presence_train_1378,0.9993038177490234,1
phone_presence_factorial_train_v1,phone_presence_train_1379,0.9983555674552917,1
phone_presence_factorial_train_v1,phone_presence_train_1380,0.9995586276054382,1
phone_presence_factorial_train_v1,phone_presence_train_1381,0.9999898672103882,1
phone_presence_factorial_train_v1,phone_presence_train_1382,0.9998615980148315,1
phone_presence_factorial_train_v1,phone_presence_train_1383,0.9984700083732605,1
phone_presence_factorial_train_v1,phone_presence_train_1384,0.9998143315315247,1
phone_presence_factorial_train_v1,phone_presence_train_1385,0.9985585808753967,1
phone_presence_factorial_train_v1,phone_presence_train_1386,0.9998249411582947,1
phone_presence_factorial_train_v1,phone_presence_train_1387,0.9999704360961914,1
phone_presence_factorial_train_v1,phone_presence_train_1388,0.9997425675392151,1
phone_presence_factorial_train_v1,phone_presence_train_1389,0.9998579025268555,1
phone_presence_factorial_train_v1,phone_presence_train_1390,0.9959235191345215,1
phone_presence_factorial_train_v1,phone_presence_train_1391,0.9999804496765137,1
phone_presence_factorial_train_v1,phone_presence_train_1392,0.9999426603317261,1
phone_presence_factorial_train_v1,phone_presence_train_1393,0.9989014863967896,1
phone_presence_factorial_train_v1,phone_presence_train_1394,0.9995425939559937,1
phone_presence_factorial_train_v1,phone_presence_train_1395,0.979955792427063,1
phone_presence_factorial_train_v1,phone_presence_train_1396,0.9999321699142456,1
phone_presence_factorial_train_v1,phone_presence_train_1397,0.9998096823692322,1
phone_presence_factorial_train_v1,phone_presence_train_1398,0.9998874664306641,1
phone_presence_factorial_train_v1,phone_presence_train_1399,0.9869303703308105,1
phone_presence_factorial_train_v1,phone_presence_train_1400,0.9953084588050842,1
phone_presence_factorial_train_v1,phone_presence_train_1401,0.9999183416366577,1
phone_presence_factorial_train_v1,phone_presence_train_1402,0.9988522529602051,1
phone_presence_factorial_train_v1,phone_presence_train_1403,0.9999253749847412,1
phone_presence_factorial_train_v1,phone_presence_train_1404,0.997891366481781,1
phone_presence_factorial_train_v1,phone_presence_train_1405,0.9976091384887695,1
phone_presence_factorial_train_v1,phone_presence_train_1406,0.9999115467071533,1
phone_presence_factorial_train_v1,phone_presence_train_1407,0.9999673366546631,1
phone_presence_factorial_train_v1,phone_presence_train_1408,0.9999618530273438,1
phone_presence_factorial_train_v1,phone_presence_train_1409,0.9996925592422485,1
phone_presence_factorial_train_v1,phone_presence_train_1410,0.9958654642105103,1
phone_presence_factorial_train_v1,phone_presence_train_1411,0.9999301433563232,1
phone_presence_factorial_train_v1,phone_presence_train_1412,0.9980891346931458,1
phone_presence_factorial_train_v1,phone_presence_train_1413,0.9996265172958374,1
phone_presence_factorial_train_v1,phone_presence_train_1414,0.9991047978401184,1
phone_presence_factorial_train_v1,phone_presence_train_1415,0.9993467926979065,1
phone_presence_factorial_train_v1,phone_presence_train_1416,0.9999222755432129,1
phone_presence_factorial_train_v1,phone_presence_train_1417,0.9997491240501404,1
phone_presence_factorial_train_v1,phone_presence_train_1418,0.9998154044151306,1
phone_presence_factorial_train_v1,phone_presence_train_1419,0.9995111227035522,1
phone_presence_factorial_train_v1,phone_presence_train_1420,0.9988986253738403,1
phone_presence_factorial_train_v1,phone_presence_train_1421,0.9999232292175293,1
phone_presence_factorial_train_v1,phone_presence_train_1422,0.9993367791175842,1
phone_presence_factorial_train_v1,phone_presence_train_1423,0.9982099533081055,1
phone_presence_factorial_train_v1,phone_presence_train_1424,0.997885525226593,1
phone_presence_factorial_train_v1,phone_presence_train_1425,0.9054964780807495,1
phone_presence_factorial_train_v1,phone_presence_train_1426,0.9999085664749146,1
phone_presence_factorial_train_v1,phone_presence_train_1427,0.99928218126297,1
phone_presence_factorial_train_v1,phone_presence_train_1428,0.9998475313186646,1
phone_presence_factorial_train_v1,phone_presence_train_1429,0.9993305206298828,1
phone_presence_factorial_train_v1,phone_presence_train_1430,0.9934269189834595,1
phone_presence_factorial_train_v1,phone_presence_train_1431,0.9998461008071899,1
phone_presence_factorial_train_v1,phone_presence_train_1432,0.9996455907821655,1
phone_presence_factorial_train_v1,phone_presence_train_1433,0.9998992681503296,1
phone_presence_factorial_train_v1,phone_presence_train_1434,0.9991461038589478,1
phone_presence_factorial_train_v1,phone_presence_train_1435,0.9970054030418396,1
phone_presence_factorial_train_v1,phone_presence_train_1436,0.9999374151229858,1
phone_presence_factorial_train_v1,phone_presence_train_1437,0.9995892643928528,1
phone_presence_factorial_train_v1,phone_presence_train_1438,0.9998639822006226,1
phone_presence_factorial_train_v1,phone_presence_train_1439,0.9997972846031189,1
phone_presence_factorial_train_v1,phone_presence_train_1440,0.9769936203956604,1
phone_presence_factorial_train_v1,phone_presence_train_1441,0.9997194409370422,1
phone_presence_factorial_train_v1,phone_presence_train_1442,0.9963880777359009,1
phone_presence_factorial_train_v1,phone_presence_train_1443,0.9996685981750488,1
phone_presence_factorial_train_v1,phone_presence_train_1444,0.9997367262840271,1
phone_presence_factorial_train_v1,phone_presence_train_1445,0.9902780652046204,1
phone_presence_factorial_train_v1,phone_presence_train_1446,0.9999771118164062,1
phone_presence_factorial_train_v1,phone_presence_train_1447,0.9999178647994995,1
phone_presence_factorial_train_v1,phone_presence_train_1448,0.9976945519447327,1
phone_presence_factorial_train_v1,phone_presence_train_1449,0.9983944296836853,1
phone_presence_factorial_train_v1,phone_presence_train_1450,0.9855555295944214,1
phone_presence_factorial_train_v1,phone_presence_train_1451,0.9997854828834534,1
phone_presence_factorial_train_v1,phone_presence_train_1452,0.9996008276939392,1
phone_presence_factorial_train_v1,phone_presence_train_1453,0.9994644522666931,1
phone_presence_factorial_train_v1,phone_presence_train_1454,0.9975065588951111,1
phone_presence_factorial_train_v1,phone_presence_train_1455,0.9969171285629272,1
phone_presence_factorial_train_v1,phone_presence_train_1456,0.9999581575393677,1
phone_presence_factorial_train_v1,phone_presence_train_1457,0.9999200105667114,1
phone_presence_factorial_train_v1,phone_presence_train_1458,0.9995019435882568,1
phone_presence_factorial_train_v1,phone_presence_train_1459,0.9997333884239197,1
phone_presence_factorial_train_v1,phone_presence_train_1460,0.997316300868988,1
phone_presence_factorial_train_v1,phone_presence_train_1461,0.999925971031189,1
phone_presence_factorial_train_v1,phone_presence_train_1462,0.9982907176017761,1
phone_presence_factorial_train_v1,phone_presence_train_1463,0.9998040795326233,1
phone_presence_factorial_train_v1,phone_presence_train_1464,0.9995948672294617,1
phone_presence_factorial_train_v1,phone_presence_train_1465,0.9976710677146912,1
phone_presence_factorial_train_v1,phone_presence_train_1466,0.9996531009674072,1
phone_presence_factorial_train_v1,phone_presence_train_1467,0.9999382495880127,1
phone_presence_factorial_train_v1,phone_presence_train_1468,0.999894380569458,1
phone_presence_factorial_train_v1,phone_presence_train_1469,0.9992006421089172,1
phone_presence_factorial_train_v1,phone_presence_train_1470,0.27275097370147705,0
phone_presence_factorial_train_v1,phone_presence_train_1471,0.999321699142456,1
phone_presence_factorial_train_v1,phone_presence_train_1472,0.9996103644371033,1
phone_presence_factorial_train_v1,phone_presence_train_1473,0.9997773766517639,1
phone_presence_factorial_train_v1,phone_presence_train_1474,0.9985730648040771,1
phone_presence_factorial_train_v1,phone_presence_train_1475,0.9972981810569763,1
phone_presence_factorial_train_v1,phone_presence_train_1476,0.9999624490737915,1
phone_presence_factorial_train_v1,phone_presence_train_1477,0.999146580696106,1
phone_presence_factorial_train_v1,phone_presence_train_1478,0.999883770942688,1
phone_presence_factorial_train_v1,phone_presence_train_1479,0.9993828535079956,1
phone_presence_factorial_train_v1,phone_presence_train_1480,0.9979752898216248,1
phone_presence_factorial_train_v1,phone_presence_train_1481,0.9999538660049438,1
phone_presence_factorial_train_v1,phone_presence_train_1482,0.999824583530426,1
phone_presence_factorial_train_v1,phone_presence_train_1483,0.9998335838317871,1
phone_presence_factorial_train_v1,phone_presence_train_1484,0.9991214871406555,1
phone_presence_factorial_train_v1,phone_presence_train_1485,0.9664221405982971,1
phone_presence_factorial_train_v1,phone_presence_train_1486,0.9999817609786987,1
phone_presence_factorial_train_v1,phone_presence_train_1487,0.9984684586524963,1
phone_presence_factorial_train_v1,phone_presence_train_1488,0.9987959861755371,1
phone_presence_factorial_train_v1,phone_presence_train_1489,0.9991456270217896,1
phone_presence_factorial_train_v1,phone_presence_train_1490,0.9940522313117981,1
phone_presence_factorial_train_v1,phone_presence_train_1491,0.9999583959579468,1
phone_presence_factorial_train_v1,phone_presence_train_1492,0.9999653100967407,1
phone_presence_factorial_train_v1,phone_presence_train_1493,0.9994708895683289,1
phone_presence_factorial_train_v1,phone_presence_train_1494,0.9992848038673401,1
phone_presence_factorial_train_v1,phone_presence_train_1495,0.9996436834335327,1
phone_presence_factorial_train_v1,phone_presence_train_1496,0.9999557733535767,1
phone_presence_factorial_train_v1,phone_presence_train_1497,0.9998599290847778,1
phone_presence_factorial_train_v1,phone_presence_train_1498,0.999572217464447,1
phone_presence_factorial_train_v1,phone_presence_train_1499,0.9996505975723267,1
phone_presence_factorial_train_v1,phone_presence_train_1500,0.9794214963912964,1
phone_presence_factorial_train_v1,phone_presence_train_1501,0.9998936653137207,1
phone_presence_factorial_train_v1,phone_presence_train_1502,0.999478280544281,1
phone_presence_factorial_train_v1,phone_presence_train_1503,0.9997990727424622,1
phone_presence_factorial_train_v1,phone_presence_train_1504,0.9994304776191711,1
phone_presence_factorial_train_v1,phone_presence_train_1505,2.0464985084345244e-07,0
phone_presence_factorial_train_v1,phone_presence_train_1506,0.9993919134140015,1
phone_presence_factorial_train_v1,phone_presence_train_1507,0.9996362924575806,1
phone_presence_factorial_train_v1,phone_presence_train_1508,0.9996397495269775,1
phone_presence_factorial_train_v1,phone_presence_train_1509,0.9969006776809692,1
phone_presence_factorial_train_v1,phone_presence_train_1510,0.9754181504249573,1
phone_presence_factorial_train_v1,phone_presence_train_1511,0.9998902082443237,1
phone_presence_factorial_train_v1,phone_presence_train_1512,0.9998612403869629,1
phone_presence_factorial_train_v1,phone_presence_train_1513,0.9995865225791931,1
phone_presence_factorial_train_v1,phone_presence_train_1514,0.9988219141960144,1
phone_presence_factorial_train_v1,phone_presence_train_1515,0.9980031847953796,1
phone_presence_factorial_train_v1,phone_presence_train_1516,0.9999202489852905,1
phone_presence_factorial_train_v1,phone_presence_train_1517,0.9995218515396118,1
phone_presence_factorial_train_v1,phone_presence_train_1518,0.9996961355209351,1
phone_presence_factorial_train_v1,phone_presence_train_1519,0.9992486834526062,1
phone_presence_factorial_train_v1,phone_presence_train_1520,0.9977703094482422,1
phone_presence_factorial_train_v1,phone_presence_train_1521,0.9999381303787231,1
phone_presence_factorial_train_v1,phone_presence_train_1522,0.9996426105499268,1
phone_presence_factorial_train_v1,phone_presence_train_1523,0.9994505047798157,1
phone_presence_factorial_train_v1,phone_presence_train_1524,0.9936356544494629,1
phone_presence_factorial_train_v1,phone_presence_train_1525,0.9943234920501709,1
phone_presence_factorial_train_v1,phone_presence_train_1526,0.9994462132453918,1
phone_presence_factorial_train_v1,phone_presence_train_1527,0.9999173879623413,1
phone_presence_factorial_train_v1,phone_presence_train_1528,0.9995602965354919,1
phone_presence_factorial_train_v1,phone_presence_train_1529,0.9995772242546082,1
phone_presence_factorial_train_v1,phone_presence_train_1530,0.9948478937149048,1
phone_presence_factorial_train_v1,phone_presence_train_1531,0.994234025478363,1
phone_presence_factorial_train_v1,phone_presence_train_1532,0.9997181296348572,1
phone_presence_factorial_train_v1,phone_presence_train_1533,0.999751627445221,1
phone_presence_factorial_train_v1,phone_presence_train_1534,0.9995532631874084,1
phone_presence_factorial_train_v1,phone_presence_train_1535,0.9895082712173462,1
phone_presence_factorial_train_v1,phone_presence_train_1536,0.9999911785125732,1
phone_presence_factorial_train_v1,phone_presence_train_1537,0.9974945783615112,1
phone_presence_factorial_train_v1,phone_presence_train_1538,0.9995216131210327,1
phone_presence_factorial_train_v1,phone_presence_train_1539,0.996036946773529,1
phone_presence_factorial_train_v1,phone_presence_train_1540,0.9190837740898132,1
phone_presence_factorial_train_v1,phone_presence_train_1541,0.9999476671218872,1
phone_presence_factorial_train_v1,phone_presence_train_1542,0.9999173879623413,1
phone_presence_factorial_train_v1,phone_presence_train_1543,0.999211311340332,1
phone_presence_factorial_train_v1,phone_presence_train_1544,0.9985941052436829,1
phone_presence_factorial_train_v1,phone_presence_train_1545,0.8836183547973633,1
phone_presence_factorial_train_v1,phone_presence_train_1546,0.9998074173927307,1
phone_presence_factorial_train_v1,phone_presence_train_1547,0.9992676377296448,1
phone_presence_factorial_train_v1,phone_presence_train_1548,0.9987260699272156,1
phone_presence_factorial_train_v1,phone_presence_train_1549,0.9961785078048706,1
phone_presence_factorial_train_v1,phone_presence_train_1550,0.9861741065979004,1
phone_presence_factorial_train_v1,phone_presence_train_1551,0.9996262788772583,1
phone_presence_factorial_train_v1,phone_presence_train_1552,0.9998334646224976,1
phone_presence_factorial_train_v1,phone_presence_train_1553,0.9998113512992859,1
phone_presence_factorial_train_v1,phone_presence_train_1554,0.997495174407959,1
phone_presence_factorial_train_v1,phone_presence_train_1555,0.9988697171211243,1
phone_presence_factorial_train_v1,phone_presence_train_1556,0.9997381567955017,1
phone_presence_factorial_train_v1,phone_presence_train_1557,0.9998114705085754,1
phone_presence_factorial_train_v1,phone_presence_train_1558,0.9996179342269897,1
phone_presence_factorial_train_v1,phone_presence_train_1559,0.9948928356170654,1
phone_presence_factorial_train_v1,phone_presence_train_1560,0.9925383925437927,1
phone_presence_factorial_train_v1,phone_presence_train_1561,0.999915599822998,1
phone_presence_factorial_train_v1,phone_presence_train_1562,0.9993065595626831,1
phone_presence_factorial_train_v1,phone_presence_train_1563,0.9991969466209412,1
phone_presence_factorial_train_v1,phone_presence_train_1564,0.9934515953063965,1
phone_presence_factorial_train_v1,phone_presence_train_1565,0.9799720644950867,1
phone_presence_factorial_train_v1,phone_presence_train_1566,0.9999778270721436,1
phone_presence_factorial_train_v1,phone_presence_train_1567,0.9990272521972656,1
phone_presence_factorial_train_v1,phone_presence_train_1568,0.999934196472168,1
phone_presence_factorial_train_v1,phone_presence_train_1569,0.9997156262397766,1
phone_presence_factorial_train_v1,phone_presence_train_1570,0.9948291182518005,1
phone_presence_factorial_train_v1,phone_presence_train_1571,0.9982162117958069,1
phone_presence_factorial_train_v1,phone_presence_train_1572,0.9999150037765503,1
phone_presence_factorial_train_v1,phone_presence_train_1573,0.9998822212219238,1
phone_presence_factorial_train_v1,phone_presence_train_1574,0.9976931214332581,1
phone_presence_factorial_train_v1,phone_presence_train_1575,0.9946470856666565,1
phone_presence_factorial_train_v1,phone_presence_train_1576,0.9999879598617554,1
phone_presence_factorial_train_v1,phone_presence_train_1577,0.9995935559272766,1
phone_presence_factorial_train_v1,phone_presence_train_1578,0.9994158744812012,1
phone_presence_factorial_train_v1,phone_presence_train_1579,0.9987187385559082,1
phone_presence_factorial_train_v1,phone_presence_train_1580,0.991251528263092,1
phone_presence_factorial_train_v1,phone_presence_train_1581,0.999990701675415,1
phone_presence_factorial_train_v1,phone_presence_train_1582,0.9994727969169617,1
phone_presence_factorial_train_v1,phone_presence_train_1583,0.9998981952667236,1
phone_presence_factorial_train_v1,phone_presence_train_1584,0.998595654964447,1
phone_presence_factorial_train_v1,phone_presence_train_1585,0.9882581830024719,1
phone_presence_factorial_train_v1,phone_presence_train_1586,0.9999034404754639,1
phone_presence_factorial_train_v1,phone_presence_train_1587,0.986789882183075,1
phone_presence_factorial_train_v1,phone_presence_train_1588,0.9997557997703552,1
phone_presence_factorial_train_v1,phone_presence_train_1589,0.9975416660308838,1
phone_presence_factorial_train_v1,phone_presence_train_1590,0.6484426856040955,1
phone_presence_factorial_train_v1,phone_presence_train_1591,0.9999363422393799,1
phone_presence_factorial_train_v1,phone_presence_train_1592,0.9993552565574646,1
phone_presence_factorial_train_v1,phone_presence_train_1593,0.9995244741439819,1
phone_presence_factorial_train_v1,phone_presence_train_1594,0.9935017228126526,1
phone_presence_factorial_train_v1,phone_presence_train_1595,0.9982818365097046,1
phone_presence_factorial_train_v1,phone_presence_train_1596,0.9999737739562988,1
phone_presence_factorial_train_v1,phone_presence_train_1597,0.9987433552742004,1
phone_presence_factorial_train_v1,phone_presence_train_1598,0.9997398257255554,1
phone_presence_factorial_train_v1,phone_presence_train_1599,0.9965564012527466,1
phone_presence_factorial_train_v1,phone_presence_train_1600,0.99709153175354,1
phone_presence_factorial_train_v1,phone_presence_train_1601,0.9998183846473694,1
phone_presence_factorial_train_v1,phone_presence_train_1602,0.999798595905304,1
phone_presence_factorial_train_v1,phone_presence_train_1603,0.9998764991760254,1
phone_presence_factorial_train_v1,phone_presence_train_1604,0.9993599057197571,1
phone_presence_factorial_train_v1,phone_presence_train_1605,0.897468626499176,1
phone_presence_factorial_train_v1,phone_presence_train_1606,0.9999781847000122,1
phone_presence_factorial_train_v1,phone_presence_train_1607,0.9999116659164429,1
phone_presence_factorial_train_v1,phone_presence_train_1608,0.9995788931846619,1
phone_presence_factorial_train_v1,phone_presence_train_1609,0.9981520771980286,1
phone_presence_factorial_train_v1,phone_presence_train_1610,0.9982503056526184,1
phone_presence_factorial_train_v1,phone_presence_train_1611,0.9998995065689087,1
phone_presence_factorial_train_v1,phone_presence_train_1612,0.9999653100967407,1
phone_presence_factorial_train_v1,phone_presence_train_1613,0.999488353729248,1
phone_presence_factorial_train_v1,phone_presence_train_1614,0.9985111355781555,1
phone_presence_factorial_train_v1,phone_presence_train_1615,0.9929624199867249,1
phone_presence_factorial_train_v1,phone_presence_train_1616,0.9999151229858398,1
phone_presence_factorial_train_v1,phone_presence_train_1617,0.9996065497398376,1
phone_presence_factorial_train_v1,phone_presence_train_1618,0.9997829794883728,1
phone_presence_factorial_train_v1,phone_presence_train_1619,0.9985684156417847,1
phone_presence_factorial_train_v1,phone_presence_train_1620,0.9975831508636475,1
phone_presence_factorial_train_v1,phone_presence_train_1621,0.9999516010284424,1
phone_presence_factorial_train_v1,phone_presence_train_1622,0.9999270439147949,1
phone_presence_factorial_train_v1,phone_presence_train_1623,0.9992897510528564,1
phone_presence_factorial_train_v1,phone_presence_train_1624,0.9998164772987366,1
phone_presence_factorial_train_v1,phone_presence_train_1625,0.9477087259292603,1
phone_presence_factorial_train_v1,phone_presence_train_1626,0.9999761581420898,1
phone_presence_factorial_train_v1,phone_presence_train_1627,0.9997178912162781,1
phone_presence_factorial_train_v1,phone_presence_train_1628,0.9997953772544861,1
phone_presence_factorial_train_v1,phone_presence_train_1629,0.9993107318878174,1
phone_presence_factorial_train_v1,phone_presence_train_1630,0.9888001680374146,1
phone_presence_factorial_train_v1,phone_presence_train_1631,0.9998993873596191,1
phone_presence_factorial_train_v1,phone_presence_train_1632,0.999220609664917,1
phone_presence_factorial_train_v1,phone_presence_train_1633,0.9975685477256775,1
phone_presence_factorial_train_v1,phone_presence_train_1634,0.9639843106269836,1
phone_presence_factorial_train_v1,phone_presence_train_1635,0.9594987630844116,1
phone_presence_factorial_train_v1,phone_presence_train_1636,0.9999572038650513,1
phone_presence_factorial_train_v1,phone_presence_train_1637,0.9997249245643616,1
phone_presence_factorial_train_v1,phone_presence_train_1638,0.9994714856147766,1
phone_presence_factorial_train_v1,phone_presence_train_1639,0.9991532564163208,1
phone_presence_factorial_train_v1,phone_presence_train_1640,0.9700312614440918,1
phone_presence_factorial_train_v1,phone_presence_train_1641,0.9999028444290161,1
phone_presence_factorial_train_v1,phone_presence_train_1642,0.9996951818466187,1
phone_presence_factorial_train_v1,phone_presence_train_1643,0.9999446868896484,1
phone_presence_factorial_train_v1,phone_presence_train_1644,0.9991484880447388,1
phone_presence_factorial_train_v1,phone_presence_train_1645,0.9971606731414795,1
phone_presence_factorial_train_v1,phone_presence_train_1646,0.9997798800468445,1
phone_presence_factorial_train_v1,phone_presence_train_1647,0.9998588562011719,1
phone_presence_factorial_train_v1,phone_presence_train_1648,0.9997685551643372,1
phone_presence_factorial_train_v1,phone_presence_train_1649,0.9988093376159668,1
phone_presence_factorial_train_v1,phone_presence_train_1650,0.9887075424194336,1
phone_presence_factorial_train_v1,phone_presence_train_1651,0.9979714751243591,1
phone_presence_factorial_train_v1,phone_presence_train_1652,0.9998489618301392,1
phone_presence_factorial_train_v1,phone_presence_train_1653,0.9998360872268677,1
phone_presence_factorial_train_v1,phone_presence_train_1654,0.9991069436073303,1
phone_presence_factorial_train_v1,phone_presence_train_1655,0.9870674014091492,1
phone_presence_factorial_train_v1,phone_presence_train_1656,0.9997103810310364,1
phone_presence_factorial_train_v1,phone_presence_train_1657,0.9997825026512146,1
phone_presence_factorial_train_v1,phone_presence_train_1658,0.995046854019165,1
phone_presence_factorial_train_v1,phone_presence_train_1659,0.9977796673774719,1
phone_presence_factorial_train_v1,phone_presence_train_1660,0.997589111328125,1
phone_presence_factorial_train_v1,phone_presence_train_1661,0.9998980760574341,1
phone_presence_factorial_train_v1,phone_presence_train_1662,0.9997536540031433,1
phone_presence_factorial_train_v1,phone_presence_train_1663,0.9993224143981934,1
phone_presence_factorial_train_v1,phone_presence_train_1664,0.9997813105583191,1
phone_presence_factorial_train_v1,phone_presence_train_1665,0.989966869354248,1
phone_presence_factorial_train_v1,phone_presence_train_1666,0.9999663829803467,1
phone_presence_factorial_train_v1,phone_presence_train_1667,0.9998570680618286,1
phone_presence_factorial_train_v1,phone_presence_train_1668,0.9994509816169739,1
phone_presence_factorial_train_v1,phone_presence_train_1669,0.9944638609886169,1
phone_presence_factorial_train_v1,phone_presence_train_1670,0.9818258285522461,1
phone_presence_factorial_train_v1,phone_presence_train_1671,0.999958872795105,1
phone_presence_factorial_train_v1,phone_presence_train_1672,0.9999772310256958,1
phone_presence_factorial_train_v1,phone_presence_train_1673,0.9996415376663208,1
phone_presence_factorial_train_v1,phone_presence_train_1674,0.9994632601737976,1
phone_presence_factorial_train_v1,phone_presence_train_1675,0.9993945360183716,1
phone_presence_factorial_train_v1,phone_presence_train_1676,0.9999761581420898,1
phone_presence_factorial_train_v1,phone_presence_train_1677,0.9999046325683594,1
phone_presence_factorial_train_v1,phone_presence_train_1678,0.9987426400184631,1
phone_presence_factorial_train_v1,phone_presence_train_1679,0.9900778532028198,1
phone_presence_factorial_train_v1,phone_presence_train_1680,0.9983785152435303,1
phone_presence_factorial_train_v1,phone_presence_train_1681,0.999934196472168,1
phone_presence_factorial_train_v1,phone_presence_train_1682,0.9989697933197021,1
phone_presence_factorial_train_v1,phone_presence_train_1683,0.9993390440940857,1
phone_presence_factorial_train_v1,phone_presence_train_1684,0.9976915121078491,1
phone_presence_factorial_train_v1,phone_presence_train_1685,0.967748761177063,1
phone_presence_factorial_train_v1,phone_presence_train_1686,0.9999648332595825,1
phone_presence_factorial_train_v1,phone_presence_train_1687,0.9998840093612671,1
phone_presence_factorial_train_v1,phone_presence_train_1688,0.9999045133590698,1
phone_presence_factorial_train_v1,phone_presence_train_1689,0.9988273978233337,1
phone_presence_factorial_train_v1,phone_presence_train_1690,0.996121346950531,1
phone_presence_factorial_train_v1,phone_presence_train_1691,0.9998020529747009,1
phone_presence_factorial_train_v1,phone_presence_train_1692,0.9997187256813049,1
phone_presence_factorial_train_v1,phone_presence_train_1693,0.9998154044151306,1
phone_presence_factorial_train_v1,phone_presence_train_1694,0.9996650218963623,1
phone_presence_factorial_train_v1,phone_presence_train_1695,0.9987047910690308,1
phone_presence_factorial_train_v1,phone_presence_train_1696,0.9999700784683228,1
phone_presence_factorial_train_v1,phone_presence_train_1697,0.9999717473983765,1
phone_presence_factorial_train_v1,phone_presence_train_1698,0.9990234375,1
phone_presence_factorial_train_v1,phone_presence_train_1699,0.999683141708374,1
phone_presence_factorial_train_v1,phone_presence_train_1700,0.9955753087997437,1
phone_presence_factorial_train_v1,phone_presence_train_1701,0.999855637550354,1
phone_presence_factorial_train_v1,phone_presence_train_1702,0.998568058013916,1
phone_presence_factorial_train_v1,phone_presence_train_1703,0.999902606010437,1
phone_presence_factorial_train_v1,phone_presence_train_1704,0.9987345337867737,1
phone_presence_factorial_train_v1,phone_presence_train_1705,0.9971331357955933,1
phone_presence_factorial_train_v1,phone_presence_train_1706,0.999972939491272,1
phone_presence_factorial_train_v1,phone_presence_train_1707,0.9997884631156921,1
phone_presence_factorial_train_v1,phone_presence_train_1708,0.9995562434196472,1
phone_presence_factorial_train_v1,phone_presence_train_1709,0.9984428286552429,1
phone_presence_factorial_train_v1,phone_presence_train_1710,0.9975209832191467,1
phone_presence_factorial_train_v1,phone_presence_train_1711,0.9998877048492432,1
phone_presence_factorial_train_v1,phone_presence_train_1712,0.9996349811553955,1
phone_presence_factorial_train_v1,phone_presence_train_1713,0.9996535778045654,1
phone_presence_factorial_train_v1,phone_presence_train_1714,0.9988173842430115,1
phone_presence_factorial_train_v1,phone_presence_train_1715,0.9958338737487793,1
phone_presence_factorial_train_v1,phone_presence_train_1716,0.9995213747024536,1
phone_presence_factorial_train_v1,phone_presence_train_1717,0.9999266862869263,1
phone_presence_factorial_train_v1,phone_presence_train_1718,0.9993732571601868,1
phone_presence_factorial_train_v1,phone_presence_train_1719,0.9975233674049377,1
phone_presence_factorial_train_v1,phone_presence_train_1720,0.9076524972915649,1
phone_presence_factorial_train_v1,phone_presence_train_1721,0.9998296499252319,1
phone_presence_factorial_train_v1,phone_presence_train_1722,0.9992281198501587,1
phone_presence_factorial_train_v1,phone_presence_train_1723,0.9995908141136169,1
phone_presence_factorial_train_v1,phone_presence_train_1724,0.9994667172431946,1
phone_presence_factorial_train_v1,phone_presence_train_1725,0.9794697761535645,1
phone_presence_factorial_train_v1,phone_presence_train_1726,0.9999452829360962,1
phone_presence_factorial_train_v1,phone_presence_train_1727,0.9999667406082153,1
phone_presence_factorial_train_v1,phone_presence_train_1728,0.9978886246681213,1
phone_presence_factorial_train_v1,phone_presence_train_1729,0.9992019534111023,1
phone_presence_factorial_train_v1,phone_presence_train_1730,0.9834391474723816,1
phone_presence_factorial_train_v1,phone_presence_train_1731,0.9999415874481201,1
phone_presence_factorial_train_v1,phone_presence_train_1732,0.9997162222862244,1
phone_presence_factorial_train_v1,phone_presence_train_1733,0.9998787641525269,1
phone_presence_factorial_train_v1,phone_presence_train_1734,0.9996464252471924,1
phone_presence_factorial_train_v1,phone_presence_train_1735,0.5900797247886658,1
phone_presence_factorial_train_v1,phone_presence_train_1736,0.999889612197876,1
phone_presence_factorial_train_v1,phone_presence_train_1737,0.9998428821563721,1
phone_presence_factorial_train_v1,phone_presence_train_1738,0.9953809976577759,1
phone_presence_factorial_train_v1,phone_presence_train_1739,0.999264657497406,1
phone_presence_factorial_train_v1,phone_presence_train_1740,0.9983119964599609,1
phone_presence_factorial_train_v1,phone_presence_train_1741,0.9993104934692383,1
phone_presence_factorial_train_v1,phone_presence_train_1742,0.9999076128005981,1
phone_presence_factorial_train_v1,phone_presence_train_1743,0.9999610185623169,1
phone_presence_factorial_train_v1,phone_presence_train_1744,0.997657060623169,1
phone_presence_factorial_train_v1,phone_presence_train_1745,0.9952563643455505,1
phone_presence_factorial_train_v1,phone_presence_train_1746,0.9999819993972778,1
phone_presence_factorial_train_v1,phone_presence_train_1747,0.9938309192657471,1
phone_presence_factorial_train_v1,phone_presence_train_1748,0.9978869557380676,1
phone_presence_factorial_train_v1,phone_presence_train_1749,0.9979700446128845,1
phone_presence_factorial_train_v1,phone_presence_train_1750,0.9959009289741516,1
phone_presence_factorial_train_v1,phone_presence_train_1751,0.9999229907989502,1
phone_presence_factorial_train_v1,phone_presence_train_1752,0.9938017725944519,1
phone_presence_factorial_train_v1,phone_presence_train_1753,0.9995343685150146,1
phone_presence_factorial_train_v1,phone_presence_train_1754,0.9997846484184265,1
phone_presence_factorial_train_v1,phone_presence_train_1755,0.9955301880836487,1
phone_presence_factorial_train_v1,phone_presence_train_1756,0.9999492168426514,1
phone_presence_factorial_train_v1,phone_presence_train_1757,0.999207079410553,1
phone_presence_factorial_train_v1,phone_presence_train_1758,0.9997054934501648,1
phone_presence_factorial_train_v1,phone_presence_train_1759,0.9974222183227539,1
phone_presence_factorial_train_v1,phone_presence_train_1760,0.9793148040771484,1
phone_presence_factorial_train_v1,phone_presence_train_1761,0.9999855756759644,1
phone_presence_factorial_train_v1,phone_presence_train_1762,0.9996696710586548,1
phone_presence_factorial_train_v1,phone_presence_train_1763,0.9992055296897888,1
phone_presence_factorial_train_v1,phone_presence_train_1764,0.9993517994880676,1
phone_presence_factorial_train_v1,phone_presence_train_1765,0.9946436882019043,1
phone_presence_factorial_train_v1,phone_presence_train_1766,0.9999752044677734,1
phone_presence_factorial_train_v1,phone_presence_train_1767,0.999830961227417,1
phone_presence_factorial_train_v1,phone_presence_train_1768,0.9998795986175537,1
phone_presence_factorial_train_v1,phone_presence_train_1769,0.9983805418014526,1
phone_presence_factorial_train_v1,phone_presence_train_1770,0.9997308850288391,1
phone_presence_factorial_train_v1,phone_presence_train_1771,0.999821126461029,1
phone_presence_factorial_train_v1,phone_presence_train_1772,0.9998313188552856,1
phone_presence_factorial_train_v1,phone_presence_train_1773,0.9998133778572083,1
phone_presence_factorial_train_v1,phone_presence_train_1774,0.9994226694107056,1
phone_presence_factorial_train_v1,phone_presence_train_1775,0.9615910649299622,1
phone_presence_factorial_train_v1,phone_presence_train_1776,0.9998773336410522,1
phone_presence_factorial_train_v1,phone_presence_train_1777,0.9998888969421387,1
phone_presence_factorial_train_v1,phone_presence_train_1778,0.9994353652000427,1
phone_presence_factorial_train_v1,phone_presence_train_1779,0.9987757802009583,1
phone_presence_factorial_train_v1,phone_presence_train_1780,0.938722550868988,1
phone_presence_factorial_train_v1,phone_presence_train_1781,0.9992318153381348,1
phone_presence_factorial_train_v1,phone_presence_train_1782,0.9987736344337463,1
phone_presence_factorial_train_v1,phone_presence_train_1783,0.9998705387115479,1
phone_presence_factorial_train_v1,phone_presence_train_1784,0.9997593760490417,1
phone_presence_factorial_train_v1,phone_presence_train_1785,0.9986222982406616,1
phone_presence_factorial_train_v1,phone_presence_train_1786,0.9996377229690552,1
phone_presence_factorial_train_v1,phone_presence_train_1787,0.9996776580810547,1
phone_presence_factorial_train_v1,phone_presence_train_1788,0.9995819926261902,1
phone_presence_factorial_train_v1,phone_presence_train_1789,0.9998700618743896,1
phone_presence_factorial_train_v1,phone_presence_train_1790,0.9973357319831848,1
phone_presence_factorial_train_v1,phone_presence_train_1791,0.9999769926071167,1
phone_presence_factorial_train_v1,phone_presence_train_1792,0.9999291896820068,1
phone_presence_factorial_train_v1,phone_presence_train_1793,0.9999160766601562,1
phone_presence_factorial_train_v1,phone_presence_train_1794,0.9965022802352905,1
phone_presence_factorial_train_v1,phone_presence_train_1795,0.9979881048202515,1
phone_presence_factorial_train_v1,phone_presence_train_1796,0.9999686479568481,1
phone_presence_factorial_train_v1,phone_presence_train_1797,0.9999169111251831,1
phone_presence_factorial_train_v1,phone_presence_train_1798,0.9992521405220032,1
phone_presence_factorial_train_v1,phone_presence_train_1799,0.9844905734062195,1
phone_presence_factorial_train_v1,phone_presence_train_1800,0.9377217888832092,1
phone_presence_factorial_train_v1,phone_presence_train_1801,0.9999663829803467,1
phone_presence_factorial_train_v1,phone_presence_train_1802,0.9996548891067505,1
phone_presence_factorial_train_v1,phone_presence_train_1803,0.9991857409477234,1
phone_presence_factorial_train_v1,phone_presence_train_1804,0.9958940744400024,1
phone_presence_factorial_train_v1,phone_presence_train_1805,0.9894296526908875,1
phone_presence_factorial_train_v1,phone_presence_train_1806,0.9994070529937744,1
phone_presence_factorial_train_v1,phone_presence_train_1807,0.9988258481025696,1
phone_presence_factorial_train_v1,phone_presence_train_1808,0.9996851682662964,1
phone_presence_factorial_train_v1,phone_presence_train_1809,0.9990242719650269,1
phone_presence_factorial_train_v1,phone_presence_train_1810,0.9936001300811768,1
phone_presence_factorial_train_v1,phone_presence_train_1811,0.9998877048492432,1
phone_presence_factorial_train_v1,phone_presence_train_1812,0.9998775720596313,1
phone_presence_factorial_train_v1,phone_presence_train_1813,0.9993738532066345,1
phone_presence_factorial_train_v1,phone_presence_train_1814,0.9974260926246643,1
phone_presence_factorial_train_v1,phone_presence_train_1815,0.9734035730361938,1
phone_presence_factorial_train_v1,phone_presence_train_1816,0.9999799728393555,1
phone_presence_factorial_train_v1,phone_presence_train_1817,0.999909520149231,1
phone_presence_factorial_train_v1,phone_presence_train_1818,0.9998855590820312,1
phone_presence_factorial_train_v1,phone_presence_train_1819,0.9994435906410217,1
phone_presence_factorial_train_v1,phone_presence_train_1820,0.9716600179672241,1
phone_presence_factorial_train_v1,phone_presence_train_1821,0.9999665021896362,1
phone_presence_factorial_train_v1,phone_presence_train_1822,0.9999561309814453,1
phone_presence_factorial_train_v1,phone_presence_train_1823,0.9991353154182434,1
phone_presence_factorial_train_v1,phone_presence_train_1824,0.996448278427124,1
phone_presence_factorial_train_v1,phone_presence_train_1825,0.7868103981018066,1
phone_presence_factorial_train_v1,phone_presence_train_1826,0.9999144077301025,1
phone_presence_factorial_train_v1,phone_presence_train_1827,0.9995841383934021,1
phone_presence_factorial_train_v1,phone_presence_train_1828,0.9988511800765991,1
phone_presence_factorial_train_v1,phone_presence_train_1829,0.9994080066680908,1
phone_presence_factorial_train_v1,phone_presence_train_1830,0.9981825351715088,1
phone_presence_factorial_train_v1,phone_presence_train_1831,0.9999423027038574,1
phone_presence_factorial_train_v1,phone_presence_train_1832,0.9997188448905945,1
phone_presence_factorial_train_v1,phone_presence_train_1833,0.9999476671218872,1
phone_presence_factorial_train_v1,phone_presence_train_1834,0.9993520379066467,1
phone_presence_factorial_train_v1,phone_presence_train_1835,0.9993189573287964,1
phone_presence_factorial_train_v1,phone_presence_train_1836,0.9990949630737305,1
phone_presence_factorial_train_v1,phone_presence_train_1837,0.9998470544815063,1
phone_presence_factorial_train_v1,phone_presence_train_1838,0.9996509552001953,1
phone_presence_factorial_train_v1,phone_presence_train_1839,0.9991276860237122,1
phone_presence_factorial_train_v1,phone_presence_train_1840,0.9950385689735413,1
phone_presence_factorial_train_v1,phone_presence_train_1841,0.9999467134475708,1
phone_presence_factorial_train_v1,phone_presence_train_1842,0.9998095631599426,1
phone_presence_factorial_train_v1,phone_presence_train_1843,0.9995488524436951,1
phone_presence_factorial_train_v1,phone_presence_train_1844,0.9604510068893433,1
phone_presence_factorial_train_v1,phone_presence_train_1845,0.9437797665596008,1
phone_presence_factorial_train_v1,phone_presence_train_1846,0.9991944432258606,1
phone_presence_factorial_train_v1,phone_presence_train_1847,0.9998373985290527,1
phone_presence_factorial_train_v1,phone_presence_train_1848,0.9994282126426697,1
phone_presence_factorial_train_v1,phone_presence_train_1849,0.9958683252334595,1
phone_presence_factorial_train_v1,phone_presence_train_1850,0.7868399620056152,1
phone_presence_factorial_train_v1,phone_presence_train_1851,0.9999390840530396,1
phone_presence_factorial_train_v1,phone_presence_train_1852,0.9999879598617554,1
phone_presence_factorial_train_v1,phone_presence_train_1853,0.9995083808898926,1
phone_presence_factorial_train_v1,phone_presence_train_1854,0.9988555908203125,1
phone_presence_factorial_train_v1,phone_presence_train_1855,0.9904554486274719,1
phone_presence_factorial_train_v1,phone_presence_train_1856,0.9998477697372437,1
phone_presence_factorial_train_v1,phone_presence_train_1857,0.9992408752441406,1
phone_presence_factorial_train_v1,phone_presence_train_1858,0.999902606010437,1
phone_presence_factorial_train_v1,phone_presence_train_1859,0.9987873435020447,1
phone_presence_factorial_train_v1,phone_presence_train_1860,0.9843125939369202,1
phone_presence_factorial_train_v1,phone_presence_train_1861,0.9999715089797974,1
phone_presence_factorial_train_v1,phone_presence_train_1862,0.9999170303344727,1
phone_presence_factorial_train_v1,phone_presence_train_1863,0.9997941851615906,1
phone_presence_factorial_train_v1,phone_presence_train_1864,0.9995602965354919,1
phone_presence_factorial_train_v1,phone_presence_train_1865,0.9957761168479919,1
phone_presence_factorial_train_v1,phone_presence_train_1866,0.9998830556869507,1
phone_presence_factorial_train_v1,phone_presence_train_1867,0.999890923500061,1
phone_presence_factorial_train_v1,phone_presence_train_1868,0.9997755885124207,1
phone_presence_factorial_train_v1,phone_presence_train_1869,0.9990098476409912,1
phone_presence_factorial_train_v1,phone_presence_train_1870,0.9918187856674194,1
phone_presence_factorial_train_v1,phone_presence_train_1871,0.9999595880508423,1
phone_presence_factorial_train_v1,phone_presence_train_1872,0.999956488609314,1
phone_presence_factorial_train_v1,phone_presence_train_1873,0.9993502497673035,1
phone_presence_factorial_train_v1,phone_presence_train_1874,0.999731719493866,1
phone_presence_factorial_train_v1,phone_presence_train_1875,0.9902808666229248,1
phone_presence_factorial_train_v1,phone_presence_train_1876,0.9989001750946045,1
phone_presence_factorial_train_v1,phone_presence_train_1877,0.9997617602348328,1
phone_presence_factorial_train_v1,phone_presence_train_1878,0.9998431205749512,1
phone_presence_factorial_train_v1,phone_presence_train_1879,0.994773805141449,1
phone_presence_factorial_train_v1,phone_presence_train_1880,0.9955092668533325,1
phone_presence_factorial_train_v1,phone_presence_train_1881,0.9994495511054993,1
phone_presence_factorial_train_v1,phone_presence_train_1882,0.9997507929801941,1
phone_presence_factorial_train_v1,phone_presence_train_1883,0.9995618462562561,1
phone_presence_factorial_train_v1,phone_presence_train_1884,0.9978049397468567,1
phone_presence_factorial_train_v1,phone_presence_train_1885,0.9969421029090881,1
phone_presence_factorial_train_v1,phone_presence_train_1886,0.999100923538208,1
phone_presence_factorial_train_v1,phone_presence_train_1887,0.9998302459716797,1
phone_presence_factorial_train_v1,phone_presence_train_1888,0.9993545413017273,1
phone_presence_factorial_train_v1,phone_presence_train_1889,0.9994018077850342,1
phone_presence_factorial_train_v1,phone_presence_train_1890,0.9932501316070557,1
phone_presence_factorial_train_v1,phone_presence_train_1891,0.9999262094497681,1
phone_presence_factorial_train_v1,phone_presence_train_1892,0.9988391995429993,1
phone_presence_factorial_train_v1,phone_presence_train_1893,0.9998974800109863,1
phone_presence_factorial_train_v1,phone_presence_train_1894,0.999734103679657,1
phone_presence_factorial_train_v1,phone_presence_train_1895,0.9925366640090942,1
phone_presence_factorial_train_v1,phone_presence_train_1896,0.9999752044677734,1
phone_presence_factorial_train_v1,phone_presence_train_1897,0.9995110034942627,1
phone_presence_factorial_train_v1,phone_presence_train_1898,0.9987686276435852,1
phone_presence_factorial_train_v1,phone_presence_train_1899,0.9991216063499451,1
phone_presence_factorial_train_v1,phone_presence_train_1900,0.9998177886009216,1
phone_presence_factorial_train_v1,phone_presence_train_1901,0.9996015429496765,1
phone_presence_factorial_train_v1,phone_presence_train_1902,0.9571360349655151,1
phone_presence_factorial_train_v1,phone_presence_train_1903,0.9976627826690674,1
phone_presence_factorial_train_v1,phone_presence_train_1904,0.9999054670333862,1
phone_presence_factorial_train_v1,phone_presence_train_1905,0.9994726777076721,1
phone_presence_factorial_train_v1,phone_presence_train_1906,0.9991254210472107,1
phone_presence_factorial_train_v1,phone_presence_train_1907,0.9983824491500854,1
phone_presence_factorial_train_v1,phone_presence_train_1908,0.9974600672721863,1
phone_presence_factorial_train_v1,phone_presence_train_1909,0.9998301267623901,1
phone_presence_factorial_train_v1,phone_presence_train_1910,0.9986390471458435,1
phone_presence_factorial_train_v1,phone_presence_train_1911,0.9994055032730103,1
phone_presence_factorial_train_v1,phone_presence_train_1912,0.9998099207878113,1
phone_presence_factorial_train_v1,phone_presence_train_1913,0.9945545196533203,1
phone_presence_factorial_train_v1,phone_presence_train_1914,0.9994779229164124,1
phone_presence_factorial_train_v1,phone_presence_train_1915,0.9999778270721436,1
phone_presence_factorial_train_v1,phone_presence_train_1916,0.9967696666717529,1
phone_presence_factorial_train_v1,phone_presence_train_1917,0.9991347193717957,1
phone_presence_factorial_train_v1,phone_presence_train_1918,0.9709060788154602,1
phone_presence_factorial_train_v1,phone_presence_train_1919,0.9997685551643372,1
phone_presence_factorial_train_v1,phone_presence_train_1920,0.9979743361473083,1
phone_presence_factorial_train_v1,phone_presence_train_1921,0.9995343685150146,1
phone_presence_factorial_train_v1,phone_presence_train_1922,0.9985449314117432,1
phone_presence_factorial_train_v1,phone_presence_train_1923,0.9926803708076477,1
phone_presence_factorial_train_v1,phone_presence_train_1924,0.9997606873512268,1
phone_presence_factorial_train_v1,phone_presence_train_1925,0.9982604384422302,1
phone_presence_factorial_train_v1,phone_presence_train_1926,0.99981290102005,1
phone_presence_factorial_train_v1,phone_presence_train_1927,0.9986526966094971,1
phone_presence_factorial_train_v1,phone_presence_train_1928,0.8940271139144897,1
phone_presence_factorial_train_v1,phone_presence_train_1929,0.9998162388801575,1
phone_presence_factorial_train_v1,phone_presence_train_1930,0.999147891998291,1
phone_presence_factorial_train_v1,phone_presence_train_1931,0.999675989151001,1
phone_presence_factorial_train_v1,phone_presence_train_1932,0.9995392560958862,1
phone_presence_factorial_train_v1,phone_presence_train_1933,0.9954291582107544,1
phone_presence_factorial_train_v1,phone_presence_train_1934,0.9996663331985474,1
phone_presence_factorial_train_v1,phone_presence_train_1935,0.9991886019706726,1
phone_presence_factorial_train_v1,phone_presence_train_1936,0.9968259334564209,1
phone_presence_factorial_train_v1,phone_presence_train_1937,0.9997227787971497,1
phone_presence_factorial_train_v1,phone_presence_train_1938,0.9984555244445801,1
phone_presence_factorial_train_v1,phone_presence_train_1939,0.9998823404312134,1
phone_presence_factorial_train_v1,phone_presence_train_1940,0.9988603591918945,1
phone_presence_factorial_train_v1,phone_presence_train_1941,0.9978985786437988,1
phone_presence_factorial_train_v1,phone_presence_train_1942,0.9978156089782715,1
phone_presence_factorial_train_v1,phone_presence_train_1943,0.9961607456207275,1
phone_presence_factorial_train_v1,phone_presence_train_1944,0.9999017715454102,1
phone_presence_factorial_train_v1,phone_presence_train_1945,0.9970120191574097,1
phone_presence_factorial_train_v1,phone_presence_train_1946,0.999607503414154,1
phone_presence_factorial_train_v1,phone_presence_train_1947,0.9995365142822266,1
phone_presence_factorial_train_v1,phone_presence_train_1948,0.9907137155532837,1
phone_presence_factorial_train_v1,phone_presence_train_1949,0.9998764991760254,1
phone_presence_factorial_train_v1,phone_presence_train_1950,0.9999735355377197,1
phone_presence_factorial_train_v1,phone_presence_train_1951,0.9995743632316589,1
phone_presence_factorial_train_v1,phone_presence_train_1952,0.9991917014122009,1
phone_presence_factorial_train_v1,phone_presence_train_1953,0.9788239002227783,1
phone_presence_factorial_train_v1,phone_presence_train_1954,0.9996330738067627,1
phone_presence_factorial_train_v1,phone_presence_train_1955,0.9992315769195557,1
phone_presence_factorial_train_v1,phone_presence_train_1956,0.9994710087776184,1
phone_presence_factorial_train_v1,phone_presence_train_1957,0.9995195865631104,1
phone_presence_factorial_train_v1,phone_presence_train_1958,0.9995412826538086,1
phone_presence_factorial_train_v1,phone_presence_train_1959,0.9995388984680176,1
phone_presence_factorial_train_v1,phone_presence_train_1960,0.9995105266571045,1
phone_presence_factorial_train_v1,phone_presence_train_1961,0.9998506307601929,1
phone_presence_factorial_train_v1,phone_presence_train_1962,0.9994314312934875,1
phone_presence_factorial_train_v1,phone_presence_train_1963,0.9601258635520935,1
phone_presence_factorial_train_v1,phone_presence_train_1964,0.9999581575393677,1
phone_presence_factorial_train_v1,phone_presence_train_1965,0.9994838237762451,1
phone_presence_factorial_train_v1,phone_presence_train_1966,0.9994937181472778,1
phone_presence_factorial_train_v1,phone_presence_train_1967,0.9994019269943237,1
phone_presence_factorial_train_v1,phone_presence_train_1968,0.987820565700531,1
phone_presence_factorial_train_v1,phone_presence_train_1969,0.999804675579071,1
phone_presence_factorial_train_v1,phone_presence_train_1970,0.9981721639633179,1
phone_presence_factorial_train_v1,phone_presence_train_1971,0.9996627569198608,1
phone_presence_factorial_train_v1,phone_presence_train_1972,0.9994639754295349,1
phone_presence_factorial_train_v1,phone_presence_train_1973,0.9927542805671692,1
phone_presence_factorial_train_v1,phone_presence_train_1974,0.999542236328125,1
phone_presence_factorial_train_v1,phone_presence_train_1975,0.9998375177383423,1
phone_presence_factorial_train_v1,phone_presence_train_1976,0.9994957447052002,1
phone_presence_factorial_train_v1,phone_presence_train_1977,0.9993234872817993,1
phone_presence_factorial_train_v1,phone_presence_train_1978,0.9970690608024597,1
phone_presence_factorial_train_v1,phone_presence_train_1979,0.9997509121894836,1
phone_presence_factorial_train_v1,phone_presence_train_1980,0.9920783638954163,1
phone_presence_factorial_train_v1,phone_presence_train_1981,0.9996715784072876,1
phone_presence_factorial_train_v1,phone_presence_train_1982,0.9976850748062134,1
phone_presence_factorial_train_v1,phone_presence_train_1983,0.9948239326477051,1
phone_presence_factorial_train_v1,phone_presence_train_1984,0.999855637550354,1
phone_presence_factorial_train_v1,phone_presence_train_1985,0.9998942613601685,1
phone_presence_factorial_train_v1,phone_presence_train_1986,0.9996734857559204,1
phone_presence_factorial_train_v1,phone_presence_train_1987,0.9982848763465881,1
phone_presence_factorial_train_v1,phone_presence_train_1988,0.9868506789207458,1
phone_presence_factorial_train_v1,phone_presence_train_1989,0.9999880790710449,1
phone_presence_factorial_train_v1,phone_presence_train_1990,0.9996628761291504,1
phone_presence_factorial_train_v1,phone_presence_train_1991,0.9995050430297852,1
phone_presence_factorial_train_v1,phone_presence_train_1992,0.9961379170417786,1
phone_presence_factorial_train_v1,phone_presence_train_1993,0.9968329071998596,1
phone_presence_factorial_train_v1,phone_presence_train_1994,0.9998865127563477,1
phone_presence_factorial_train_v1,phone_presence_train_1995,0.9990641474723816,1
phone_presence_factorial_train_v1,phone_presence_train_1996,0.9992218017578125,1
phone_presence_factorial_train_v1,phone_presence_train_1997,0.9995130300521851,1
phone_presence_factorial_train_v1,phone_presence_train_1998,0.5864800214767456,1
phone_presence_factorial_train_v1,phone_presence_train_1999,0.9998513460159302,1
phone_presence_factorial_train_v1,phone_presence_train_2000,0.9997919201850891,1
phone_presence_factorial_train_v1,phone_presence_train_2001,0.9998927116394043,1
phone_presence_factorial_train_v1,phone_presence_train_2002,0.9996658563613892,1
phone_presence_factorial_train_v1,phone_presence_train_2003,0.9969515800476074,1
phone_presence_factorial_train_v1,phone_presence_train_2004,0.9998620748519897,1
phone_presence_factorial_train_v1,phone_presence_train_2005,0.9984859824180603,1
phone_presence_factorial_train_v1,phone_presence_train_2006,0.9983487129211426,1
phone_presence_factorial_train_v1,phone_presence_train_2007,0.9966545104980469,1
phone_presence_factorial_train_v1,phone_presence_train_2008,0.9975333213806152,1
phone_presence_factorial_train_v1,phone_presence_train_2009,0.9999815225601196,1
phone_presence_factorial_train_v1,phone_presence_train_2010,0.9994657635688782,1
phone_presence_factorial_train_v1,phone_presence_train_2011,0.9995606541633606,1
phone_presence_factorial_train_v1,phone_presence_train_2012,0.9985887408256531,1
phone_presence_factorial_train_v1,phone_presence_train_2013,0.9907123446464539,1
phone_presence_factorial_train_v1,phone_presence_train_2014,0.9997122883796692,1
phone_presence_factorial_train_v1,phone_presence_train_2015,0.9995272159576416,1
phone_presence_factorial_train_v1,phone_presence_train_2016,0.999855637550354,1
phone_presence_factorial_train_v1,phone_presence_train_2017,0.9991419315338135,1
phone_presence_factorial_train_v1,phone_presence_train_2018,0.978364884853363,1
phone_presence_factorial_train_v1,phone_presence_train_2019,0.999944806098938,1
phone_presence_factorial_train_v1,phone_presence_train_2020,0.9996053576469421,1
phone_presence_factorial_train_v1,phone_presence_train_2021,0.9996987581253052,1
phone_presence_factorial_train_v1,phone_presence_train_2022,0.9973570108413696,1
phone_presence_factorial_train_v1,phone_presence_train_2023,0.9965496063232422,1
phone_presence_factorial_train_v1,phone_presence_train_2024,0.9999079704284668,1
phone_presence_factorial_train_v1,phone_presence_train_2025,0.9986580610275269,1
phone_presence_factorial_train_v1,phone_presence_train_2026,0.9916113018989563,1
phone_presence_factorial_train_v1,phone_presence_train_2027,0.9995819926261902,1
phone_presence_factorial_train_v1,phone_presence_train_2028,0.9991267323493958,1
phone_presence_factorial_train_v1,phone_presence_train_2029,0.9998667240142822,1
phone_presence_factorial_train_v1,phone_presence_train_2030,0.9995083808898926,1
phone_presence_factorial_train_v1,phone_presence_train_2031,0.9990234375,1
phone_presence_factorial_train_v1,phone_presence_train_2032,0.9987114667892456,1
phone_presence_factorial_train_v1,phone_presence_train_2033,0.9900341629981995,1
phone_presence_factorial_train_v1,phone_presence_train_2034,0.9996486902236938,1
phone_presence_factorial_train_v1,phone_presence_train_2035,0.9995543360710144,1
phone_presence_factorial_train_v1,phone_presence_train_2036,0.9995237588882446,1
phone_presence_factorial_train_v1,phone_presence_train_2037,0.9965038299560547,1
phone_presence_factorial_train_v1,phone_presence_train_2038,0.9976956248283386,1
phone_presence_factorial_train_v1,phone_presence_train_2039,0.9994543194770813,1
phone_presence_factorial_train_v1,phone_presence_train_2040,0.9998093247413635,1
phone_presence_factorial_train_v1,phone_presence_train_2041,0.9998291730880737,1
phone_presence_factorial_train_v1,phone_presence_train_2042,0.9975823163986206,1
phone_presence_factorial_train_v1,phone_presence_train_2043,0.9998824596405029,1
phone_presence_factorial_train_v1,phone_presence_train_2044,0.9994006156921387,1
phone_presence_factorial_train_v1,phone_presence_train_2045,0.9998717308044434,1
phone_presence_factorial_train_v1,phone_presence_train_2046,0.9996894598007202,1
phone_presence_factorial_train_v1,phone_presence_train_2047,0.9983901977539062,1
phone_presence_factorial_train_v1,phone_presence_train_2048,0.9687784314155579,1
phone_presence_factorial_train_v1,phone_presence_train_2049,0.9998881816864014,1
phone_presence_factorial_train_v1,phone_presence_train_2050,0.9999178647994995,1
phone_presence_factorial_train_v1,phone_presence_train_2051,0.9997448325157166,1
phone_presence_factorial_train_v1,phone_presence_train_2052,0.9982767105102539,1
phone_presence_factorial_train_v1,phone_presence_train_2053,0.9962781071662903,1
phone_presence_factorial_train_v1,phone_presence_train_2054,0.9998644590377808,1
phone_presence_factorial_train_v1,phone_presence_train_2055,0.998766303062439,1
phone_presence_factorial_train_v1,phone_presence_train_2056,0.999739944934845,1
phone_presence_factorial_train_v1,phone_presence_train_2057,0.9979447722434998,1
phone_presence_factorial_train_v1,phone_presence_train_2058,0.9557219743728638,1
phone_presence_factorial_train_v1,phone_presence_train_2059,0.9992769360542297,1
phone_presence_factorial_train_v1,phone_presence_train_2060,0.9997072815895081,1
phone_presence_factorial_train_v1,phone_presence_train_2061,0.9981935620307922,1
phone_presence_factorial_train_v1,phone_presence_train_2062,0.998624324798584,1
phone_presence_factorial_train_v1,phone_presence_train_2063,0.999154806137085,1
phone_presence_factorial_train_v1,phone_presence_train_2064,0.9997475743293762,1
phone_presence_factorial_train_v1,phone_presence_train_2065,0.999138355255127,1
phone_presence_factorial_train_v1,phone_presence_train_2066,0.999790370464325,1
phone_presence_factorial_train_v1,phone_presence_train_2067,0.9966498017311096,1
phone_presence_factorial_train_v1,phone_presence_train_2068,0.9983217120170593,1
phone_presence_factorial_train_v1,phone_presence_train_2069,0.9999281167984009,1
phone_presence_factorial_train_v1,phone_presence_train_2070,0.9990904331207275,1
phone_presence_factorial_train_v1,phone_presence_train_2071,0.999457061290741,1
phone_presence_factorial_train_v1,phone_presence_train_2072,0.9986069798469543,1
phone_presence_factorial_train_v1,phone_presence_train_2073,0.9719648957252502,1
phone_presence_factorial_train_v1,phone_presence_train_2074,0.9999297857284546,1
phone_presence_factorial_train_v1,phone_presence_train_2075,0.9997671246528625,1
phone_presence_factorial_train_v1,phone_presence_train_2076,0.9997689127922058,1
phone_presence_factorial_train_v1,phone_presence_train_2077,0.9995725750923157,1
phone_presence_factorial_train_v1,phone_presence_train_2078,0.9967467784881592,1
phone_presence_factorial_train_v1,phone_presence_train_2079,0.9997939467430115,1
phone_presence_factorial_train_v1,phone_presence_train_2080,0.9932457804679871,1
phone_presence_factorial_train_v1,phone_presence_train_2081,0.9979336261749268,1
phone_presence_factorial_train_v1,phone_presence_train_2082,0.9979571104049683,1
phone_presence_factorial_train_v1,phone_presence_train_2083,0.9996727705001831,1
phone_presence_factorial_train_v1,phone_presence_train_2084,0.9998985528945923,1
phone_presence_factorial_train_v1,phone_presence_train_2085,0.9996294975280762,1
phone_presence_factorial_train_v1,phone_presence_train_2086,0.9993789196014404,1
phone_presence_factorial_train_v1,phone_presence_train_2087,0.9979730248451233,1
phone_presence_factorial_train_v1,phone_presence_train_2088,0.9912789463996887,1
phone_presence_factorial_train_v1,phone_presence_train_2089,0.9999357461929321,1
phone_presence_factorial_train_v1,phone_presence_train_2090,0.9992071986198425,1
phone_presence_factorial_train_v1,phone_presence_train_2091,0.9928279519081116,1
phone_presence_factorial_train_v1,phone_presence_train_2092,0.9948849081993103,1
phone_presence_factorial_train_v1,phone_presence_train_2093,0.9972171783447266,1
phone_presence_factorial_train_v1,phone_presence_train_2094,0.999919056892395,1
phone_presence_factorial_train_v1,phone_presence_train_2095,0.9996203184127808,1
phone_presence_factorial_train_v1,phone_presence_train_2096,0.9996867179870605,1
phone_presence_factorial_train_v1,phone_presence_train_2097,0.9993442893028259,1
phone_presence_factorial_train_v1,phone_presence_train_2098,0.9964973330497742,1
phone_presence_factorial_train_v1,phone_presence_train_2099,0.9995056390762329,1
phone_presence_factorial_train_v1,phone_presence_train_2100,0.9996094107627869,1
phone_presence_factorial_train_v1,phone_presence_train_2101,0.9993788003921509,1
phone_presence_factorial_train_v1,phone_presence_train_2102,0.9876027703285217,1
phone_presence_factorial_train_v1,phone_presence_train_2103,0.9841709733009338,1
phone_presence_factorial_train_v1,phone_presence_train_2104,0.9999892711639404,1
phone_presence_factorial_train_v1,phone_presence_train_2105,0.9995631575584412,1
phone_presence_factorial_train_v1,phone_presence_train_2106,0.9976072311401367,1
phone_presence_factorial_train_v1,phone_presence_train_2107,0.9931966066360474,1
phone_presence_factorial_train_v1,phone_presence_train_2108,0.9772960543632507,1
phone_presence_factorial_train_v1,phone_presence_train_2109,0.9999814033508301,1
phone_presence_factorial_train_v1,phone_presence_train_2110,0.9998531341552734,1
phone_presence_factorial_train_v1,phone_presence_train_2111,0.9984983205795288,1
phone_presence_factorial_train_v1,phone_presence_train_2112,0.9982625842094421,1
phone_presence_factorial_train_v1,phone_presence_train_2113,0.9828203916549683,1
phone_presence_factorial_train_v1,phone_presence_train_2114,0.999241828918457,1
phone_presence_factorial_train_v1,phone_presence_train_2115,0.997638463973999,1
phone_presence_factorial_train_v1,phone_presence_train_2116,0.9979084730148315,1
phone_presence_factorial_train_v1,phone_presence_train_2117,0.9979446530342102,1
phone_presence_factorial_train_v1,phone_presence_train_2118,0.9960715770721436,1
phone_presence_factorial_train_v1,phone_presence_train_2119,0.999932050704956,1
phone_presence_factorial_train_v1,phone_presence_train_2120,0.9990721940994263,1
phone_presence_factorial_train_v1,phone_presence_train_2121,0.9999449253082275,1
phone_presence_factorial_train_v1,phone_presence_train_2122,0.998171329498291,1
phone_presence_factorial_train_v1,phone_presence_train_2123,0.9968031644821167,1
phone_presence_factorial_train_v1,phone_presence_train_2124,0.9998807907104492,1
phone_presence_factorial_train_v1,phone_presence_train_2125,0.9995796084403992,1
phone_presence_factorial_train_v1,phone_presence_train_2126,0.999752938747406,1
phone_presence_factorial_train_v1,phone_presence_train_2127,0.9979850053787231,1
phone_presence_factorial_train_v1,phone_presence_train_2128,0.9509204030036926,1
phone_presence_factorial_train_v1,phone_presence_train_2129,0.9994636178016663,1
phone_presence_factorial_train_v1,phone_presence_train_2130,0.9997497200965881,1
phone_presence_factorial_train_v1,phone_presence_train_2131,0.9993916749954224,1
phone_presence_factorial_train_v1,phone_presence_train_2132,0.9968756437301636,1
phone_presence_factorial_train_v1,phone_presence_train_2133,0.9696700572967529,1
phone_presence_factorial_train_v1,phone_presence_train_2134,0.9998985528945923,1
phone_presence_factorial_train_v1,phone_presence_train_2135,0.999758780002594,1
phone_presence_factorial_train_v1,phone_presence_train_2136,0.9970710277557373,1
phone_presence_factorial_train_v1,phone_presence_train_2137,0.9992613196372986,1
phone_presence_factorial_train_v1,phone_presence_train_2138,0.9870684146881104,1
phone_presence_factorial_train_v1,phone_presence_train_2139,0.9917703866958618,1
phone_presence_factorial_train_v1,phone_presence_train_2140,0.9997926354408264,1
phone_presence_factorial_train_v1,phone_presence_train_2141,0.9994394183158875,1
phone_presence_factorial_train_v1,phone_presence_train_2142,0.9994718432426453,1
phone_presence_factorial_train_v1,phone_presence_train_2143,0.9953800439834595,1
phone_presence_factorial_train_v1,phone_presence_train_2144,0.9999334812164307,1
phone_presence_factorial_train_v1,phone_presence_train_2145,0.9996898174285889,1
phone_presence_factorial_train_v1,phone_presence_train_2146,0.9996964931488037,1
phone_presence_factorial_train_v1,phone_presence_train_2147,0.999233603477478,1
phone_presence_factorial_train_v1,phone_presence_train_2148,0.9675726294517517,1
phone_presence_factorial_train_v1,phone_presence_train_2149,0.999985933303833,1
phone_presence_factorial_train_v1,phone_presence_train_2150,0.9995840191841125,1
phone_presence_factorial_train_v1,phone_presence_train_2151,0.9997202754020691,1
phone_presence_factorial_train_v1,phone_presence_train_2152,0.9990078806877136,1
phone_presence_factorial_train_v1,phone_presence_train_2153,0.9694375395774841,1
phone_presence_factorial_train_v1,phone_presence_train_2154,0.9997426867485046,1
phone_presence_factorial_train_v1,phone_presence_train_2155,0.9991816878318787,1
phone_presence_factorial_train_v1,phone_presence_train_2156,0.9983761310577393,1
phone_presence_factorial_train_v1,phone_presence_train_2157,0.9967053532600403,1
phone_presence_factorial_train_v1,phone_presence_train_2158,0.9588034749031067,1
phone_presence_factorial_train_v1,phone_presence_train_2159,0.9999009370803833,1
phone_presence_factorial_train_v1,phone_presence_train_2160,0.9986419081687927,1
phone_presence_factorial_train_v1,phone_presence_train_2161,0.9991593360900879,1
phone_presence_factorial_train_v1,phone_presence_train_2162,0.9985783100128174,1
phone_presence_factorial_train_v1,phone_presence_train_2163,0.9915459752082825,1
phone_presence_factorial_train_v1,phone_presence_train_2164,0.9998959302902222,1
phone_presence_factorial_train_v1,phone_presence_train_2165,0.9998534917831421,1
phone_presence_factorial_train_v1,phone_presence_train_2166,0.9997645020484924,1
phone_presence_factorial_train_v1,phone_presence_train_2167,0.997465968132019,1
phone_presence_factorial_train_v1,phone_presence_train_2168,0.9617218375205994,1
phone_presence_factorial_train_v1,phone_presence_train_2169,0.9997836947441101,1
phone_presence_factorial_train_v1,phone_presence_train_2170,0.9987245202064514,1
phone_presence_factorial_train_v1,phone_presence_train_2171,0.9995362758636475,1
phone_presence_factorial_train_v1,phone_presence_train_2172,0.9995444416999817,1
phone_presence_factorial_train_v1,phone_presence_train_2173,0.997612476348877,1
phone_presence_factorial_train_v1,phone_presence_train_2174,0.9998736381530762,1
phone_presence_factorial_train_v1,phone_presence_train_2175,0.9993163347244263,1
phone_presence_factorial_train_v1,phone_presence_train_2176,0.9997485280036926,1
phone_presence_factorial_train_v1,phone_presence_train_2177,0.9988552331924438,1
phone_presence_factorial_train_v1,phone_presence_train_2178,0.9964572787284851,1
phone_presence_factorial_train_v1,phone_presence_train_2179,0.9999483823776245,1
phone_presence_factorial_train_v1,phone_presence_train_2180,0.9996229410171509,1
phone_presence_factorial_train_v1,phone_presence_train_2181,0.9995124340057373,1
phone_presence_factorial_train_v1,phone_presence_train_2182,0.9927273988723755,1
phone_presence_factorial_train_v1,phone_presence_train_2183,0.9972853660583496,1
phone_presence_factorial_train_v1,phone_presence_train_2184,0.9999624490737915,1
phone_presence_factorial_train_v1,phone_presence_train_2185,0.9998248219490051,1
phone_presence_factorial_train_v1,phone_presence_train_2186,0.9990348815917969,1
phone_presence_factorial_train_v1,phone_presence_train_2187,0.9989054203033447,1
phone_presence_factorial_train_v1,phone_presence_train_2188,0.9973553419113159,1
phone_presence_factorial_train_v1,phone_presence_train_2189,0.9999582767486572,1
phone_presence_factorial_train_v1,phone_presence_train_2190,0.9997003078460693,1
phone_presence_factorial_train_v1,phone_presence_train_2191,0.9982301592826843,1
phone_presence_factorial_train_v1,phone_presence_train_2192,0.9935827851295471,1
phone_presence_factorial_train_v1,phone_presence_train_2193,0.9893656969070435,1
phone_presence_factorial_train_v1,phone_presence_train_2194,0.9998661279678345,1
phone_presence_factorial_train_v1,phone_presence_train_2195,0.9995530247688293,1
phone_presence_factorial_train_v1,phone_presence_train_2196,0.99901282787323,1
phone_presence_factorial_train_v1,phone_presence_train_2197,0.9993453621864319,1
phone_presence_factorial_train_v1,phone_presence_train_2198,0.9962331652641296,1
phone_presence_factorial_train_v1,phone_presence_train_2199,0.9999085664749146,1
phone_presence_factorial_train_v1,phone_presence_train_2200,0.9987468719482422,1
phone_presence_factorial_train_v1,phone_presence_train_2201,0.9992057681083679,1
phone_presence_factorial_train_v1,phone_presence_train_2202,0.9997572302818298,1
phone_presence_factorial_train_v1,phone_presence_train_2203,0.9567859172821045,1
phone_presence_factorial_train_v1,phone_presence_train_2204,0.9995577931404114,1
phone_presence_factorial_train_v1,phone_presence_train_2205,0.9997250437736511,1
phone_presence_factorial_train_v1,phone_presence_train_2206,0.9998133778572083,1
phone_presence_factorial_train_v1,phone_presence_train_2207,0.9989559650421143,1
phone_presence_factorial_train_v1,phone_presence_train_2208,0.9991428852081299,1
phone_presence_factorial_train_v1,phone_presence_train_2209,0.9998656511306763,1
phone_presence_factorial_train_v1,phone_presence_train_2210,0.9996395111083984,1
phone_presence_factorial_train_v1,phone_presence_train_2211,0.9988974332809448,1
phone_presence_factorial_train_v1,phone_presence_train_2212,0.9998881816864014,1
phone_presence_factorial_train_v1,phone_presence_train_2213,0.9653529524803162,1
phone_presence_factorial_train_v1,phone_presence_train_2214,0.9998786449432373,1
phone_presence_factorial_train_v1,phone_presence_train_2215,0.9973202347755432,1
phone_presence_factorial_train_v1,phone_presence_train_2216,0.999269425868988,1
phone_presence_factorial_train_v1,phone_presence_train_2217,0.9995720982551575,1
phone_presence_factorial_train_v1,phone_presence_train_2218,0.9974284768104553,1
phone_presence_factorial_train_v1,phone_presence_train_2219,0.9999531507492065,1
phone_presence_factorial_train_v1,phone_presence_train_2220,0.9992475509643555,1
phone_presence_factorial_train_v1,phone_presence_train_2221,0.9995380640029907,1
phone_presence_factorial_train_v1,phone_presence_train_2222,0.9992941617965698,1
phone_presence_factorial_train_v1,phone_presence_train_2223,0.9994605183601379,1
phone_presence_factorial_train_v1,phone_presence_train_2224,0.9996907711029053,1
phone_presence_factorial_train_v1,phone_presence_train_2225,0.998889148235321,1
phone_presence_factorial_train_v1,phone_presence_train_2226,0.9997816681861877,1
phone_presence_factorial_train_v1,phone_presence_train_2227,0.9995829463005066,1
phone_presence_factorial_train_v1,phone_presence_train_2228,0.984161376953125,1
phone_presence_factorial_train_v1,phone_presence_train_2229,0.9999244213104248,1
phone_presence_factorial_train_v1,phone_presence_train_2230,0.999707043170929,1
phone_presence_factorial_train_v1,phone_presence_train_2231,0.9999297857284546,1
phone_presence_factorial_train_v1,phone_presence_train_2232,0.9998607635498047,1
phone_presence_factorial_train_v1,phone_presence_train_2233,0.9959327578544617,1
phone_presence_factorial_train_v1,phone_presence_train_2234,0.9999370574951172,1
phone_presence_factorial_train_v1,phone_presence_train_2235,0.9996345043182373,1
phone_presence_factorial_train_v1,phone_presence_train_2236,0.9998043179512024,1
phone_presence_factorial_train_v1,phone_presence_train_2237,0.9991365075111389,1
phone_presence_factorial_train_v1,phone_presence_train_2238,0.9947072267532349,1
phone_presence_factorial_train_v1,phone_presence_train_2239,0.9999626874923706,1
phone_presence_factorial_train_v1,phone_presence_train_2240,0.9968030452728271,1
phone_presence_factorial_train_v1,phone_presence_train_2241,0.999692440032959,1
phone_presence_factorial_train_v1,phone_presence_train_2242,0.9950271248817444,1
phone_presence_factorial_train_v1,phone_presence_train_2243,0.9969465136528015,1
phone_presence_factorial_train_v1,phone_presence_train_2244,0.9998648166656494,1
phone_presence_factorial_train_v1,phone_presence_train_2245,0.9995120763778687,1
phone_presence_factorial_train_v1,phone_presence_train_2246,0.9995575547218323,1
phone_presence_factorial_train_v1,phone_presence_train_2247,0.9975021481513977,1
phone_presence_factorial_train_v1,phone_presence_train_2248,0.9793558716773987,1
phone_presence_factorial_train_v1,phone_presence_train_2249,0.9999715089797974,1
phone_presence_factorial_train_v1,phone_presence_train_2250,0.9956050515174866,1
phone_presence_factorial_train_v1,phone_presence_train_2251,0.9989481568336487,1
phone_presence_factorial_train_v1,phone_presence_train_2252,0.9997757077217102,1
phone_presence_factorial_train_v1,phone_presence_train_2253,0.9930731654167175,1
phone_presence_factorial_train_v1,phone_presence_train_2254,0.9997836947441101,1
phone_presence_factorial_train_v1,phone_presence_train_2255,0.9998699426651001,1
phone_presence_factorial_train_v1,phone_presence_train_2256,0.9996843338012695,1
phone_presence_factorial_train_v1,phone_presence_train_2257,0.999382734298706,1
phone_presence_factorial_train_v1,phone_presence_train_2258,0.9988178610801697,1
phone_presence_factorial_train_v1,phone_presence_train_2259,0.999983549118042,1
phone_presence_factorial_train_v1,phone_presence_train_2260,0.9993245601654053,1
phone_presence_factorial_train_v1,phone_presence_train_2261,0.9990397095680237,1
phone_presence_factorial_train_v1,phone_presence_train_2262,0.996773898601532,1
phone_presence_factorial_train_v1,phone_presence_train_2263,0.7900819778442383,1
phone_presence_factorial_train_v1,phone_presence_train_2264,0.999702513217926,1
phone_presence_factorial_train_v1,phone_presence_train_2265,0.999945878982544,1
phone_presence_factorial_train_v1,phone_presence_train_2266,0.9996305704116821,1
phone_presence_factorial_train_v1,phone_presence_train_2267,0.9988973140716553,1
phone_presence_factorial_train_v1,phone_presence_train_2268,0.9887325763702393,1
phone_presence_factorial_train_v1,phone_presence_train_2269,0.9999068975448608,1
phone_presence_factorial_train_v1,phone_presence_train_2270,0.9994551539421082,1
phone_presence_factorial_train_v1,phone_presence_train_2271,0.9994514584541321,1
phone_presence_factorial_train_v1,phone_presence_train_2272,0.9995672106742859,1
phone_presence_factorial_train_v1,phone_presence_train_2273,0.9781623482704163,1
phone_presence_factorial_train_v1,phone_presence_train_2274,0.9996461868286133,1
phone_presence_factorial_train_v1,phone_presence_train_2275,0.9998260140419006,1
phone_presence_factorial_train_v1,phone_presence_train_2276,0.999872088432312,1
phone_presence_factorial_train_v1,phone_presence_train_2277,0.9972499012947083,1
phone_presence_factorial_train_v1,phone_presence_train_2278,0.9923898577690125,1
phone_presence_factorial_train_v1,phone_presence_train_2279,0.9999555349349976,1
phone_presence_factorial_train_v1,phone_presence_train_2280,0.9996651411056519,1
phone_presence_factorial_train_v1,phone_presence_train_2281,0.9992555975914001,1
phone_presence_factorial_train_v1,phone_presence_train_2282,0.9995711445808411,1
phone_presence_factorial_train_v1,phone_presence_train_2283,0.9970309734344482,1
phone_presence_factorial_train_v1,phone_presence_train_2284,0.9999637603759766,1
phone_presence_factorial_train_v1,phone_presence_train_2285,0.9995762705802917,1
phone_presence_factorial_train_v1,phone_presence_train_2286,0.99812251329422,1
phone_presence_factorial_train_v1,phone_presence_train_2287,0.9994596838951111,1
phone_presence_factorial_train_v1,phone_presence_train_2288,0.9986415505409241,1
phone_presence_factorial_train_v1,phone_presence_train_2289,0.9994175434112549,1
phone_presence_factorial_train_v1,phone_presence_train_2290,0.999646782875061,1
phone_presence_factorial_train_v1,phone_presence_train_2291,0.9995167255401611,1
phone_presence_factorial_train_v1,phone_presence_train_2292,0.998648464679718,1
phone_presence_factorial_train_v1,phone_presence_train_2293,0.9800395369529724,1
phone_presence_factorial_train_v1,phone_presence_train_2294,0.9999499320983887,1
phone_presence_factorial_train_v1,phone_presence_train_2295,0.9986446499824524,1
phone_presence_factorial_train_v1,phone_presence_train_2296,0.9991913437843323,1
phone_presence_factorial_train_v1,phone_presence_train_2297,0.9985387325286865,1
phone_presence_factorial_train_v1,phone_presence_train_2298,0.9931857585906982,1
phone_presence_factorial_train_v1,phone_presence_train_2299,0.9999247789382935,1
phone_presence_factorial_train_v1,phone_presence_train_2300,0.9996001124382019,1
phone_presence_factorial_train_v1,phone_presence_train_2301,0.9994545578956604,1
phone_presence_factorial_train_v1,phone_presence_train_2302,0.9961154460906982,1
phone_presence_factorial_train_v1,phone_presence_train_2303,0.9986761212348938,1
phone_presence_factorial_train_v1,phone_presence_train_2304,0.999967098236084,1
phone_presence_factorial_train_v1,phone_presence_train_2305,0.9976646900177002,1
phone_presence_factorial_train_v1,phone_presence_train_2306,0.9999247789382935,1
phone_presence_factorial_train_v1,phone_presence_train_2307,0.9997883439064026,1
phone_presence_factorial_train_v1,phone_presence_train_2308,0.9940546154975891,1
phone_presence_factorial_train_v1,phone_presence_train_2309,0.9994582533836365,1
phone_presence_factorial_train_v1,phone_presence_train_2310,0.9995430707931519,1
phone_presence_factorial_train_v1,phone_presence_train_2311,0.9996858835220337,1
phone_presence_factorial_train_v1,phone_presence_train_2312,0.9994495511054993,1
phone_presence_factorial_train_v1,phone_presence_train_2313,0.9899045825004578,1
phone_presence_factorial_train_v1,phone_presence_train_2314,0.999993085861206,1
phone_presence_factorial_train_v1,phone_presence_train_2315,0.9995560050010681,1
phone_presence_factorial_train_v1,phone_presence_train_2316,0.9996449947357178,1
phone_presence_factorial_train_v1,phone_presence_train_2317,0.9995525479316711,1
phone_presence_factorial_train_v1,phone_presence_train_2318,0.9932683110237122,1
phone_presence_factorial_train_v1,phone_presence_train_2319,0.999969482421875,1
phone_presence_factorial_train_v1,phone_presence_train_2320,0.9999163150787354,1
phone_presence_factorial_train_v1,phone_presence_train_2321,0.9996706247329712,1
phone_presence_factorial_train_v1,phone_presence_train_2322,0.9975335597991943,1
phone_presence_factorial_train_v1,phone_presence_train_2323,0.9823921322822571,1
phone_presence_factorial_train_v1,phone_presence_train_2324,0.9999375343322754,1
phone_presence_factorial_train_v1,phone_presence_train_2325,0.998794436454773,1
phone_presence_factorial_train_v1,phone_presence_train_2326,0.9994255304336548,1
phone_presence_factorial_train_v1,phone_presence_train_2327,0.9992856383323669,1
phone_presence_factorial_train_v1,phone_presence_train_2328,0.979676365852356,1
phone_presence_factorial_train_v1,phone_presence_train_2329,0.9942136406898499,1
phone_presence_factorial_train_v1,phone_presence_train_2330,0.9990988969802856,1
phone_presence_factorial_train_v1,phone_presence_train_2331,0.9993865489959717,1
phone_presence_factorial_train_v1,phone_presence_train_2332,0.9972112774848938,1
phone_presence_factorial_train_v1,phone_presence_train_2333,0.999214768409729,1
phone_presence_factorial_train_v1,phone_presence_train_2334,0.999855637550354,1
phone_presence_factorial_train_v1,phone_presence_train_2335,0.999751627445221,1
phone_presence_factorial_train_v1,phone_presence_train_2336,0.9997500777244568,1
phone_presence_factorial_train_v1,phone_presence_train_2337,0.9992233514785767,1
phone_presence_factorial_train_v1,phone_presence_train_2338,0.9949154853820801,1
phone_presence_factorial_train_v1,phone_presence_train_2339,0.9998490810394287,1
phone_presence_factorial_train_v1,phone_presence_train_2340,0.9996542930603027,1
phone_presence_factorial_train_v1,phone_presence_train_2341,0.9966025352478027,1
phone_presence_factorial_train_v1,phone_presence_train_2342,0.9995403289794922,1
phone_presence_factorial_train_v1,phone_presence_train_2343,0.9980337023735046,1
phone_presence_factorial_train_v1,phone_presence_train_2344,0.9989473223686218,1
phone_presence_factorial_train_v1,phone_presence_train_2345,0.9997251629829407,1
phone_presence_factorial_train_v1,phone_presence_train_2346,0.9991708993911743,1
phone_presence_factorial_train_v1,phone_presence_train_2347,0.9991866946220398,1
phone_presence_factorial_train_v1,phone_presence_train_2348,0.9887153506278992,1
phone_presence_factorial_train_v1,phone_presence_train_2349,0.9997879862785339,1
phone_presence_factorial_train_v1,phone_presence_train_2350,0.9994284510612488,1
phone_presence_factorial_train_v1,phone_presence_train_2351,0.9987303614616394,1
phone_presence_factorial_train_v1,phone_presence_train_2352,0.9990760087966919,1
phone_presence_factorial_train_v1,phone_presence_train_2353,0.9755471348762512,1
phone_presence_factorial_train_v1,phone_presence_train_2354,0.9996132254600525,1
phone_presence_factorial_train_v1,phone_presence_train_2355,0.9998283386230469,1
phone_presence_factorial_train_v1,phone_presence_train_2356,0.9985210299491882,1
phone_presence_factorial_train_v1,phone_presence_train_2357,0.9988381266593933,1
phone_presence_factorial_train_v1,phone_presence_train_2358,0.9975422620773315,1
phone_presence_factorial_train_v1,phone_presence_train_2359,0.9999494552612305,1
phone_presence_factorial_train_v1,phone_presence_train_2360,0.9985180497169495,1
phone_presence_factorial_train_v1,phone_presence_train_2361,0.9992840886116028,1
phone_presence_factorial_train_v1,phone_presence_train_2362,0.9987780451774597,1
phone_presence_factorial_train_v1,phone_presence_train_2363,0.9867528676986694,1
phone_presence_factorial_train_v1,phone_presence_train_2364,0.9997062087059021,1
phone_presence_factorial_train_v1,phone_presence_train_2365,0.9966772794723511,1
phone_presence_factorial_train_v1,phone_presence_train_2366,0.9993352293968201,1
phone_presence_factorial_train_v1,phone_presence_train_2367,0.9942294359207153,1
phone_presence_factorial_train_v1,phone_presence_train_2368,0.9966841340065002,1
phone_presence_factorial_train_v1,phone_presence_train_2369,0.9997301697731018,1
phone_presence_factorial_train_v1,phone_presence_train_2370,0.9995951056480408,1
phone_presence_factorial_train_v1,phone_presence_train_2371,0.999870777130127,1
phone_presence_factorial_train_v1,phone_presence_train_2372,0.9998261332511902,1
phone_presence_factorial_train_v1,phone_presence_train_2373,0.9879023432731628,1
phone_presence_factorial_train_v1,phone_presence_train_2374,0.9999945163726807,1
phone_presence_factorial_train_v1,phone_presence_train_2375,0.9993353486061096,1
phone_presence_factorial_train_v1,phone_presence_train_2376,0.9996734857559204,1
phone_presence_factorial_train_v1,phone_presence_train_2377,0.9945465326309204,1
phone_presence_factorial_train_v1,phone_presence_train_2378,0.9865180850028992,1
phone_presence_factorial_train_v1,phone_presence_train_2379,0.9992722868919373,1
phone_presence_factorial_train_v1,phone_presence_train_2380,0.9999662637710571,1
phone_presence_factorial_train_v1,phone_presence_train_2381,0.99924635887146,1
phone_presence_factorial_train_v1,phone_presence_train_2382,0.9992823004722595,1
phone_presence_factorial_train_v1,phone_presence_train_2383,0.9941819310188293,1
phone_presence_factorial_train_v1,phone_presence_train_2384,0.9999861717224121,1
phone_presence_factorial_train_v1,phone_presence_train_2385,0.9998888969421387,1
phone_presence_factorial_train_v1,phone_presence_train_2386,0.9995744824409485,1
phone_presence_factorial_train_v1,phone_presence_train_2387,0.9977912902832031,1
phone_presence_factorial_train_v1,phone_presence_train_2388,0.9964962601661682,1
phone_presence_factorial_train_v1,phone_presence_train_2389,0.9999778270721436,1
phone_presence_factorial_train_v1,phone_presence_train_2390,0.999874472618103,1
phone_presence_factorial_train_v1,phone_presence_train_2391,0.9988355040550232,1
phone_presence_factorial_train_v1,phone_presence_train_2392,0.9993962049484253,1
phone_presence_factorial_train_v1,phone_presence_train_2393,0.9994915723800659,1
phone_presence_factorial_train_v1,phone_presence_train_2394,0.9999408721923828,1
phone_presence_factorial_train_v1,phone_presence_train_2395,0.9997649788856506,1
phone_presence_factorial_train_v1,phone_presence_train_2396,0.999909520149231,1
phone_presence_factorial_train_v1,phone_presence_train_2397,0.9997418522834778,1
phone_presence_factorial_train_v1,phone_presence_train_2398,0.9949727058410645,1
phone_presence_factorial_train_v1,phone_presence_train_2399,0.9999619722366333,1
mixfake_music_dev_v1,FS-FM_LA_D_1023711_XzwhTltRQcM,5.29024655406829e-05,0
mixfake_music_dev_v1,FS-FM_LA_D_1023711_cf-IIqhveKw,6.618082989007235e-05,0
mixfake_music_dev_v1,FS-FM_LA_D_1023711_fake_15050_udio_0,0.0005723441718146205,0
mixfake_music_dev_v1,FS-FM_LA_D_1053530_kOREaTKeyZw,0.008819079026579857,0
mixfake_music_dev_v1,FS-FM_LA_D_1062960_k4kbpRRRgcQ,0.000885988469235599,0
mixfake_music_dev_v1,FS-FM_LA_D_1084765_fake_19732_udio_1,4.152544192947971e-07,0
mixfake_music_dev_v1,FS-FM_LA_D_1097191_fake_53079_suno_0,0.0015454522799700499,0
mixfake_music_dev_v1,FS-FM_LA_D_1132441_fake_21612_udio_1,0.0037433570250868797,0
mixfake_music_dev_v1,FS-FM_LA_D_1143649_oh0EWEvJI90,0.0005030357860960066,0
mixfake_music_dev_v1,FS-FM_LA_D_1143649_xVab_CbwecE,0.0015696992632001638,0
mixfake_music_dev_v1,FS-FM_LA_D_1154251_YDBxdZchOuM,0.00453609274700284,0
mixfake_music_dev_v1,FS-FM_LA_D_1154251_xiN6XwZNEJo,9.765410504769534e-05,0
mixfake_music_dev_v1,FS-FM_LA_D_1227503_6TSluKI0X54,0.0008844310068525374,0
mixfake_music_dev_v1,FS-FM_LA_D_1234846_fake_22728_suno_1,0.0014370278222486377,0
mixfake_music_dev_v1,FS-FM_LA_D_1234846_fake_45879_udio_1,1.3076373761577997e-07,0
mixfake_music_dev_v1,FS-FM_LA_D_1252794_fake_23468_suno_1,2.3140468329074793e-05,0
mixfake_music_dev_v1,FS-FM_LA_D_1325941_L1fxVVl_1bM,0.0005496973753906786,0
mixfake_music_dev_v1,FS-FM_LA_D_1350597_rFE_bKOr1W0,0.014598642475903034,0
mixfake_music_dev_v1,FS-FM_LA_D_1352656_ECP7EJka6N8,0.000266240444034338,0
mixfake_music_dev_v1,FS-FM_LA_D_1354501_4ufDENm_ECk,0.002108653075993061,0
mixfake_music_dev_v1,FS-FM_LA_D_1367292_hlHb9HwNxk8,0.08480523526668549,0
mixfake_music_dev_v1,FS-FM_LA_D_1367292_k4ttuqKjiw0,0.02959417924284935,0
mixfake_music_dev_v1,FS-FM_LA_D_1367292_ohikUtjUN7c,0.023338088765740395,0
mixfake_music_dev_v1,FS-FM_LA_D_1579120_2CzfBZ1mYBs,0.0002325388923054561,0
mixfake_music_dev_v1,FS-FM_LA_D_1630961_-oP-XX28B0s,0.00025743243168108165,0
mixfake_music_dev_v1,FS-FM_LA_D_1630961_ad6gQQ_0evk,0.00396703602746129,0
mixfake_music_dev_v1,FS-FM_LA_D_1681095_fake_18248_udio_1,6.486329948529601e-05,0
mixfake_music_dev_v1,FS-FM_LA_D_1681095_oXBGZoBYaLY,0.009083427488803864,0
mixfake_music_dev_v1,FS-FM_LA_D_1685935_NwUJe24OxC8,0.0009727227734401822,0
mixfake_music_dev_v1,FS-FM_LA_D_1685935_OkcBJawiIHA,0.0009082417236641049,0
mixfake_music_dev_v1,FS-FM_LA_D_1685935_fake_09441_udio_0,2.8320832825556863e-06,0
mixfake_music_dev_v1,FS-FM_LA_D_1695224_u0lm58cet1g,0.0006296580540947616,0
mixfake_music_dev_v1,FS-FM_LA_D_1714107_GFJNgqcX7u0,0.0010772219393402338,0
mixfake_music_dev_v1,FS-FM_LA_D_1714907_fake_20874_udio_0,0.0011630490189418197,0
mixfake_music_dev_v1,FS-FM_LA_D_1714907_yOVaak2hemM,0.006399745121598244,0
mixfake_music_dev_v1,FS-FM_LA_D_1734325_fake_35833_udio_0,1.691655779723078e-05,0
mixfake_music_dev_v1,FS-FM_LA_D_1764899_KfLxBjl-aBU,7.452758291037753e-05,0
mixfake_music_dev_v1,FS-FM_LA_D_1828116_YuiQRYaF9SA,9.982964547816664e-05,0
mixfake_music_dev_v1,FS-FM_LA_D_1845654_XzTBNfQ7_GA,0.004203461110591888,0
mixfake_music_dev_v1,FS-FM_LA_D_1848103_xgXd06kKFIQ,0.0001602952543180436,0
mixfake_music_dev_v1,FS-FM_LA_D_1862965_Y1ItBiA8nKU,0.0011736679589375854,0
mixfake_music_dev_v1,FS-FM_LA_D_1862965_ZwLfj7tvpdc,0.020868908613920212,0
mixfake_music_dev_v1,FS-FM_LA_D_1869677_fake_10214_suno_1,4.135349445277825e-05,0
mixfake_music_dev_v1,FS-FM_LA_D_1869677_fake_23757_suno_1,0.00033291010186076164,0
mixfake_music_dev_v1,FS-FM_LA_D_1949097_hRQJgZVxRX0,0.0016651207115501165,0
mixfake_music_dev_v1,FS-FM_LA_D_1951579_WJORWlj6BW8,0.0043892390094697475,0
mixfake_music_dev_v1,FS-FM_LA_D_1985217__AVegKwklcg,0.0010932512814179063,0
mixfake_music_dev_v1,FS-FM_LA_D_1992558_Uu8m1oOWkiE,0.0008557281107641757,0
mixfake_music_dev_v1,FS-FM_LA_D_2054506_gigxzYegRqM,0.008265361189842224,0
mixfake_music_dev_v1,FS-FM_LA_D_2077190_wQN7fRaPl2A,0.00011330794222885743,0
mixfake_music_dev_v1,FS-FM_LA_D_2077274_ESbtW0CUmp4,0.0007360735326074064,0
mixfake_music_dev_v1,FS-FM_LA_D_2077274_bsz_enSJSVk,0.00016376595885958523,0
mixfake_music_dev_v1,FS-FM_LA_D_2080989_9ZeoYezrI7Q,0.0007332831155508757,0
mixfake_music_dev_v1,FS-FM_LA_D_2080989_fake_21500_udio_0,0.0018324441043660045,0
mixfake_music_dev_v1,FS-FM_LA_D_2080989_hSSzn4bIwZg,0.004874756094068289,0
mixfake_music_dev_v1,FS-FM_LA_D_2083927_E_kgtQ93Q1s,7.747542986180633e-05,0
mixfake_music_dev_v1,FS-FM_LA_D_2083927_fake_40088_suno_1,4.608083145285491e-06,0
mixfake_music_dev_v1,FS-FM_LA_D_2083927_zwfo7wnXdjs,2.6733667255030014e-05,0
mixfake_music_dev_v1,FS-FM_LA_D_2111647_4gEmWJCPZGo,0.0044119940139353275,0
mixfake_music_dev_v1,FS-FM_LA_D_2155597_UxrAsZ7Z09Y,0.0001250402710866183,0
mixfake_music_dev_v1,FS-FM_LA_D_2165495_GQz_u0Vc8Os,0.00027252177824266255,0
mixfake_music_dev_v1,FS-FM_LA_D_2223464_vsXs3GUrw64,0.0014471475733444095,0
mixfake_music_dev_v1,FS-FM_LA_D_2284177_fake_24761_udio_0,3.971801106672501e-06,0
mixfake_music_dev_v1,FS-FM_LA_D_2284177_fake_43689_suno_1,0.0005025131977163255,0
mixfake_music_dev_v1,FS-FM_LA_D_2287702_fake_22455_suno_1,1.9323653759784065e-05,0
mixfake_music_dev_v1,FS-FM_LA_D_2287702_v582kPp43Mg,0.0064578671008348465,0
mixfake_music_dev_v1,FS-FM_LA_D_2289504_fake_36846_udio_0,0.00042004810529761016,0
mixfake_music_dev_v1,FS-FM_LA_D_2289504_ywuR9AfpA_E,0.0007411742117255926,0
mixfake_music_dev_v1,FS-FM_LA_D_2347486_9gSOOPDuD4Y,0.0004240460111759603,0
mixfake_music_dev_v1,FS-FM_LA_D_2368822_3PuzzYmTDA4,0.027539322152733803,0
mixfake_music_dev_v1,FS-FM_LA_D_2368822_iS8YQGp2_ng,0.003966372925788164,0
mixfake_music_dev_v1,FS-FM_LA_D_2406653_fake_15651_udio_1,1.3324014389581862e-06,0
mixfake_music_dev_v1,FS-FM_LA_D_2410631_C6ws4MxOH2Y,0.029231565073132515,0
mixfake_music_dev_v1,FS-FM_LA_D_2410631_Wil8e6kBxe8,0.0023624191526323557,0
mixfake_music_dev_v1,FS-FM_LA_D_2410631_fake_45535_udio_0,0.002599330386146903,0
mixfake_music_dev_v1,FS-FM_LA_D_2468032_O6xMQnKJROc,0.002194548025727272,0
mixfake_music_dev_v1,FS-FM_LA_D_2468278_RS43EP1EXz4,0.0001666357711656019,0
mixfake_music_dev_v1,FS-FM_LA_D_2473428_RXGDlFry3Vo,0.0001064504831447266,0
mixfake_music_dev_v1,FS-FM_LA_D_2473428_WRZGYDh7qRo,0.0002903423737734556,0
mixfake_music_dev_v1,FS-FM_LA_D_2479276_QUtyeIooCy4,2.919247890531551e-05,0
mixfake_music_dev_v1,FS-FM_LA_D_2479276_fake_47838_udio_0,1.899708649943932e-06,0
mixfake_music_dev_v1,FS-FM_LA_D_2496514_JPVRBbdykSw,5.098492238175822e-06,0
mixfake_music_dev_v1,FS-FM_LA_D_2496514_K6DSH7MSeOA,5.682618939317763e-05,0
mixfake_music_dev_v1,FS-FM_LA_D_2533846_VSAbMy1Rlio,5.419801891548559e-05,0
mixfake_music_dev_v1,FS-FM_LA_D_2650745_fake_50405_udio_0,2.967265754705295e-05,0
mixfake_music_dev_v1,FS-FM_LA_D_2650745_fcpVyvn5vKk,0.000330660812323913,0
mixfake_music_dev_v1,FS-FM_LA_D_2657639_fake_34855_udio_0,9.896230039885268e-05,0
mixfake_music_dev_v1,FS-FM_LA_D_2667973_NhVkzcCL0SA,0.0002118956617778167,0
mixfake_music_dev_v1,FS-FM_LA_D_2742354_qpt3umHYfmY,4.495044777286239e-05,0
mixfake_music_dev_v1,FS-FM_LA_D_2764046_C7OIuhWSbjU,0.00022536175674758852,0
mixfake_music_dev_v1,FS-FM_LA_D_2769521_wLQiZ-0VW4c,0.0021996169816702604,0
mixfake_music_dev_v1,FS-FM_LA_D_2878681_fake_38483_udio_0,4.583457121043466e-05,0
mixfake_music_dev_v1,FS-FM_LA_D_2878681_wMN-Xp9IMUw,0.008075138553977013,0
mixfake_music_dev_v1,FS-FM_LA_D_2921930_RxmGtt0YzYY,0.0009499942534603179,0
mixfake_music_dev_v1,FS-FM_LA_D_2937244_D8zK7PHIkgA,0.0029053683392703533,0
mixfake_music_dev_v1,FS-FM_LA_D_3027433_fake_16694_udio_0,4.941643055644818e-06,0
mixfake_music_dev_v1,FS-FM_LA_D_3035824_fake_15940_suno_0,1.4119990737526678e-05,0
mixfake_music_dev_v1,FS-FM_LA_D_3042444_fake_38399_udio_1,3.0148114092298783e-05,0
mixfake_music_dev_v1,FS-FM_LA_D_3042444_ue1sgGEvkwE,0.0001904247619677335,0
mixfake_music_dev_v1,FS-FM_LA_D_3065329_0ewWspUqB6Y,0.026057055220007896,0
mixfake_music_dev_v1,FS-FM_LA_D_3088084_jFek2xLbEww,2.730224878177978e-06,0
mixfake_music_dev_v1,FS-FM_LA_D_3088084_wZopmfXTtxw,2.6304232960683294e-05,0
mixfake_music_dev_v1,FS-FM_LA_D_3122333_2T1P9ovsl4A,0.0003909143852069974,0
mixfake_music_dev_v1,FS-FM_LA_D_3134629_fake_09771_suno_1,1.1746013115043752e-05,0
mixfake_music_dev_v1,FS-FM_LA_D_3193424_pSzTPGlNa5U,0.04956638440489769,0
mixfake_music_dev_v1,FS-FM_LA_D_3257829_NPXZIqxKvXA,0.000512574624735862,0
mixfake_music_dev_v1,FS-FM_LA_D_3257829_t5fW1-6iXZY,0.00023258125293068588,0
mixfake_music_dev_v1,FS-FM_LA_D_3260017_fake_39829_suno_0,1.3418337402981706e-05,0
mixfake_music_dev_v1,FS-FM_LA_D_3334894_VjbRot21Hq0,0.42065373063087463,0
mixfake_music_dev_v1,FS-FM_LA_D_3384993_07-vpXo91XM,0.0003463831963017583,0
mixfake_music_dev_v1,FS-FM_LA_D_3457413_fake_43665_suno_1,0.0015390870394185185,0
mixfake_music_dev_v1,FS-FM_LA_D_3491832_PFa1XVCgPgM,0.018886683508753777,0
mixfake_music_dev_v1,FS-FM_LA_D_3499981_fake_50619_suno_0,7.416784342240135e-07,0
mixfake_music_dev_v1,FS-FM_LA_D_3562536_5JRvGMTjEzQ,0.00179006636608392,0
mixfake_music_dev_v1,FS-FM_LA_D_3607908_KB4e9v_5uTE,0.0008977067191153765,0
mixfake_music_dev_v1,FS-FM_LA_D_3617952_3KQy3Cajo4E,0.0007331189117394388,0
mixfake_music_dev_v1,FS-FM_LA_D_3617952_fake_15149_suno_0,0.0019336811965331435,0
mixfake_music_dev_v1,FS-FM_LA_D_3680733_fake_50911_suno_1,1.944822088262299e-06,0
mixfake_music_dev_v1,FS-FM_LA_D_3693157_NxdQtpceXaI,0.0013031592825427651,0
mixfake_music_dev_v1,FS-FM_LA_D_3703829_Wp5AiCmbQjA,0.0007035542512312531,0
mixfake_music_dev_v1,FS-FM_LA_D_3727131_fake_13278_suno_1,0.0001211662674904801,0
mixfake_music_dev_v1,FS-FM_LA_D_3740762_fake_33417_udio_1,0.00017754221335053444,0
mixfake_music_dev_v1,FS-FM_LA_D_3749655_N6YT8_jlt0E,0.012420492246747017,0
mixfake_music_dev_v1,FS-FM_LA_D_3782088_vWiq7n4yTAw,0.0006752489716745913,0
mixfake_music_dev_v1,FS-FM_LA_D_3812741_xrqDoBor2dk,0.001859779004007578,0
mixfake_music_dev_v1,FS-FM_LA_D_3820104_fake_53398_suno_0,1.3713547559746075e-06,0
mixfake_music_dev_v1,FS-FM_LA_D_3858656_fake_25815_suno_1,7.095836735970806e-06,0
mixfake_music_dev_v1,FS-FM_LA_D_3859116_fake_39543_udio_0,1.015239035950799e-06,0
mixfake_music_dev_v1,FS-FM_LA_D_4001682_MmqRlHntd0Q,0.0059700580313801765,0
mixfake_music_dev_v1,FS-FM_LA_D_4058547_L_nC2BvhRdQ,0.0007076969486661255,0
mixfake_music_dev_v1,FS-FM_LA_D_4058547_fake_20511_suno_0,0.0004117271746508777,0
mixfake_music_dev_v1,FS-FM_LA_D_4075904_fake_25647_udio_0,0.00026640904252417386,0
mixfake_music_dev_v1,FS-FM_LA_D_4110914_fake_25802_suno_0,6.125602521933615e-05,0
mixfake_music_dev_v1,FS-FM_LA_D_4169547_fake_52610_suno_0,6.855807441752404e-07,0
mixfake_music_dev_v1,FS-FM_LA_D_4284566_giPa2vVEyVc,0.00017928027955349535,0
mixfake_music_dev_v1,FS-FM_LA_D_4293805_TbYahEEj_B4,0.0008090097107924521,0
mixfake_music_dev_v1,FS-FM_LA_D_4293805_fake_25354_udio_0,7.295862451428548e-05,0
mixfake_music_dev_v1,FS-FM_LA_D_4339387_fake_53745_suno_0,1.459321538277436e-05,0
mixfake_music_dev_v1,FS-FM_LA_D_4339387_leiPemYDg-8,0.004289835225790739,0
mixfake_music_dev_v1,FS-FM_LA_D_4340347_IOzWDVGWRng,0.00020200267317704856,0
mixfake_music_dev_v1,FS-FM_LA_D_4340347_fake_41652_suno_1,0.00022496307792607695,0
mixfake_music_dev_v1,FS-FM_LA_D_4344989_oZF73R89bk0,0.0009848019108176231,0
mixfake_music_dev_v1,FS-FM_LA_D_4403705_fake_50675_suno_1,1.6474890799145214e-05,0
mixfake_music_dev_v1,FS-FM_LA_D_4418265_RJViDdqUYyo,0.00012560156756080687,0
mixfake_music_dev_v1,FS-FM_LA_D_4530557_F5xnAYHuGlo,3.664195173769258e-05,0
mixfake_music_dev_v1,FS-FM_LA_D_4564558_SUclDZHax0w,0.0011461644899100065,0
mixfake_music_dev_v1,FS-FM_LA_D_4564558_colnyHv9CAA,0.0004125408304389566,0
mixfake_music_dev_v1,FS-FM_LA_D_4564558_fake_26201_udio_0,1.0475427188794129e-05,0
mixfake_music_dev_v1,FS-FM_LA_D_4614043_4AfykLGm0j8,0.0008719935431145132,0
mixfake_music_dev_v1,FS-FM_LA_D_4631507_fake_10003_suno_0,1.1508860779940733e-06,0
mixfake_music_dev_v1,FS-FM_LA_D_4665317_YbLR6dgY-K4,0.10612008720636368,0
mixfake_music_dev_v1,FS-FM_LA_D_4669726_682ODyTqKyw,0.0001117031424655579,0
mixfake_music_dev_v1,FS-FM_LA_D_4698413_EieK70X8lnw,0.002515420550480485,0
mixfake_music_dev_v1,FS-FM_LA_D_4777058_mQM3Fd3eN9E,0.0011606091866269708,0
mixfake_music_dev_v1,FS-FM_LA_D_4846136_fake_12222_suno_0,8.162993617588654e-05,0
mixfake_music_dev_v1,FS-FM_LA_D_4859889_HdRPdh-cSTw,0.010464097373187542,0
mixfake_music_dev_v1,FS-FM_LA_D_4893034_I_kUf7vgVNM,9.181493078358471e-05,0
mixfake_music_dev_v1,FS-FM_LA_D_4893596_CGYflJRiLt0,0.0018603410571813583,0
mixfake_music_dev_v1,FS-FM_LA_D_4936226_zPhuyMYy9EI,1.9233530110795982e-05,0
mixfake_music_dev_v1,FS-FM_LA_D_4961527_4S4NDnNTptY,0.021331889554858208,0
mixfake_music_dev_v1,FS-FM_LA_D_5097555_YMq4wE6KxmQ,0.0013301661238074303,0
mixfake_music_dev_v1,FS-FM_LA_D_5107370_fake_03447_suno_1,1.4439566257351544e-05,0
mixfake_music_dev_v1,FS-FM_LA_D_5134762_DQ_gcdLhAsY,0.0011506512528285384,0
mixfake_music_dev_v1,FS-FM_LA_D_5134762_fake_28559_suno_0,1.943212737387512e-06,0
mixfake_music_dev_v1,FS-FM_LA_D_5163761_MmqRlHntd0Q,0.0003598309413064271,0
mixfake_music_dev_v1,FS-FM_LA_D_5163761_fake_15459_suno_1,5.35758181285928e-06,0
mixfake_music_dev_v1,FS-FM_LA_D_5174186_IFumVgqOVaM,0.0005479530664160848,0
mixfake_music_dev_v1,FS-FM_LA_D_5210678_CfRzy-RtqnQ,0.007619947660714388,0
mixfake_music_dev_v1,FS-FM_LA_D_5256388_LwmwCpAVPWU,0.0011049570748582482,0
mixfake_music_dev_v1,FS-FM_LA_D_5256388_fake_28100_udio_0,0.00021352668409235775,0
mixfake_music_dev_v1,FS-FM_LA_D_5296528_fake_41591_suno_1,6.821946590207517e-05,0
mixfake_music_dev_v1,FS-FM_LA_D_5300406_3TQmts_MxyQ,0.00048479248653165996,0
mixfake_music_dev_v1,FS-FM_LA_D_5350117_6o6DsSnbpxE,0.00028311763890087605,0
mixfake_music_dev_v1,FS-FM_LA_D_5354332_zRpPf62Zvto,0.0029520303942263126,0
mixfake_music_dev_v1,FS-FM_LA_D_5371276_fake_44902_suno_0,1.3122353870187453e-08,0
mixfake_music_dev_v1,FS-FM_LA_D_5371276_fake_50840_suno_1,7.450806265296706e-07,0
mixfake_music_dev_v1,FS-FM_LA_D_5383636_bkzGHRpx5MM,0.0006046540220268071,0
mixfake_music_dev_v1,FS-FM_LA_D_5383636_fake_39047_udio_1,2.6914030968328007e-06,0
mixfake_music_dev_v1,FS-FM_LA_D_5421212_-EVRXQpt1-8,0.0007280420977622271,0
mixfake_music_dev_v1,FS-FM_LA_D_5421212_P996TZp25PM,0.00329971918836236,0
mixfake_music_dev_v1,FS-FM_LA_D_5421212_ar4YQ_DOcyk,0.005989242810755968,0
mixfake_music_dev_v1,FS-FM_LA_D_5432278_fake_19339_suno_0,9.312609563494334e-07,0
mixfake_music_dev_v1,FS-FM_LA_D_5477639_WhNun_U3cRU,0.0004254804225638509,0
mixfake_music_dev_v1,FS-FM_LA_D_5477639_fake_42982_udio_0,2.6130890546482988e-05,0
mixfake_music_dev_v1,FS-FM_LA_D_5480150_Nms2A0wi0vU,0.0008345874375663698,0
mixfake_music_dev_v1,FS-FM_LA_D_5554788_CVgLrsBPt4o,0.01731501705944538,0
mixfake_music_dev_v1,FS-FM_LA_D_5554788_fake_40866_suno_0,0.0012595694279298186,0
mixfake_music_dev_v1,FS-FM_LA_D_5599455_C3s-DmHtDUg,0.0008751002606004477,0
mixfake_music_dev_v1,FS-FM_LA_D_5599455_EremEyLrdUY,0.0005355520406737924,0
mixfake_music_dev_v1,FS-FM_LA_D_5637855_c4ftOyl3j_Y,0.0022242588456720114,0
mixfake_music_dev_v1,FS-FM_LA_D_5711940_fake_03730_udio_1,0.00012115747813368216,0
mixfake_music_dev_v1,FS-FM_LA_D_5746299_ZKkfCOqLrT0,0.07655828446149826,0
mixfake_music_dev_v1,FS-FM_LA_D_5751999_GcOOmVSM8Uw,5.7700712204677984e-05,0
mixfake_music_dev_v1,FS-FM_LA_D_5751999_b9yT3nGcD_I,0.001194507465697825,0
mixfake_music_dev_v1,FS-FM_LA_D_5754462_fake_19929_suno_0,4.1222409663532744e-07,0
mixfake_music_dev_v1,FS-FM_LA_D_5754462_fake_40888_udio_0,0.0002093961666105315,0
mixfake_music_dev_v1,FS-FM_LA_D_5754462_fake_48819_suno_0,0.00020565043087117374,0
mixfake_music_dev_v1,FS-FM_LA_D_5762860_6xxu6f0f0e4,0.00017370755085721612,0
mixfake_music_dev_v1,FS-FM_LA_D_5774345_O66lIRbF4Gw,0.0008825983386486769,0
mixfake_music_dev_v1,FS-FM_LA_D_5774345_R7gHB-YuUZM,0.0004755237605422735,0
mixfake_music_dev_v1,FS-FM_LA_D_5791089_0_XItMAYkwc,0.0005102477152831852,0
mixfake_music_dev_v1,FS-FM_LA_D_5886832_Du3Q6NdsSso,0.00413948018103838,0
mixfake_music_dev_v1,FS-FM_LA_D_5902944_ZoAfkpmztww,0.00019104164675809443,0
mixfake_music_dev_v1,FS-FM_LA_D_5942690_q9Gh-zh-5Ig,0.0003419009444769472,0
mixfake_music_dev_v1,FS-FM_LA_D_6048851_fake_14948_udio_1,0.0006694145849905908,0
mixfake_music_dev_v1,FS-FM_LA_D_6048851_fake_27248_suno_0,5.457626321003772e-05,0
mixfake_music_dev_v1,FS-FM_LA_D_6048851_fake_27807_suno_0,2.586379821423179e-07,0
mixfake_music_dev_v1,FS-FM_LA_D_6065963_LNFAeJ06KVs,0.00011121380521217361,0
mixfake_music_dev_v1,FS-FM_LA_D_6106693_weJKl-6TiDQ,0.0166811291128397,0
mixfake_music_dev_v1,FS-FM_LA_D_6151774_tr2iVjsu4xs,0.01687595248222351,0
mixfake_music_dev_v1,FS-FM_LA_D_6205878_Ss1bubMNPQE,0.06610815972089767,0
mixfake_music_dev_v1,FS-FM_LA_D_6205878_WqC-fx3uNVE,0.0003277492360211909,0
mixfake_music_dev_v1,FS-FM_LA_D_6205878_YbLR6dgY-K4,0.004609009716659784,0
mixfake_music_dev_v1,FS-FM_LA_D_6215452_GxeDIuOzxmU,0.0006602724897675216,0
mixfake_music_dev_v1,FS-FM_LA_D_6215452_fake_44985_udio_1,0.0006212441949173808,0
mixfake_music_dev_v1,FS-FM_LA_D_6226652_fake_22105_udio_0,1.1495444596221205e-06,0
mixfake_music_dev_v1,FS-FM_LA_D_6226652_fake_32193_udio_1,4.935011747875251e-05,0
mixfake_music_dev_v1,FS-FM_LA_D_6273111_fake_34324_suno_1,2.7209631298319437e-05,0
mixfake_music_dev_v1,FS-FM_LA_D_6312072_AlVr7-ntuqw,0.00038661679718643427,0
mixfake_music_dev_v1,FS-FM_LA_D_6312072_fake_12289_udio_1,4.493969026952982e-05,0
mixfake_music_dev_v1,FS-FM_LA_D_6332547_5ieMy-PAKA0,0.004815665539354086,0
mixfake_music_dev_v1,FS-FM_LA_D_6332547_BfMKdrK9D8M,0.00016715392121113837,0
mixfake_music_dev_v1,FS-FM_LA_D_6356896_03frQGyrgQ4,0.006531834602355957,0
mixfake_music_dev_v1,FS-FM_LA_D_6365603_BZyf8LPltYs,0.0003050434170290828,0
mixfake_music_dev_v1,FS-FM_LA_D_6370946_UiiYMspxfhU,8.920945401769131e-05,0
mixfake_music_dev_v1,FS-FM_LA_D_6370946_w0QJT6ywza0,6.372210191329941e-05,0
mixfake_music_dev_v1,FS-FM_LA_D_6388120_Ca3b8qNUbsk,2.688117638172116e-05,0
mixfake_music_dev_v1,FS-FM_LA_D_6458836_PcdpjUIa8l0,0.0003018800634890795,0
mixfake_music_dev_v1,FS-FM_LA_D_6458836_fake_32528_udio_0,5.535653326660395e-05,0
mixfake_music_dev_v1,FS-FM_LA_D_6469647_fake_45036_suno_0,6.115916448834469e-07,0
mixfake_music_dev_v1,FS-FM_LA_D_6469647_fake_45871_udio_0,2.955514719360508e-05,0
mixfake_music_dev_v1,FS-FM_LA_D_6517704_ZMd8mAKe-k8,0.025638461112976074,0
mixfake_music_dev_v1,FS-FM_LA_D_6555487_fake_15530_suno_1,0.00010613384074531496,0
mixfake_music_dev_v1,FS-FM_LA_D_6590996_qLWWDHLJBBQ,0.0006338849198073149,0
mixfake_music_dev_v1,FS-FM_LA_D_6601716_7zP5kNyDn88,0.0005719081382267177,0
mixfake_music_dev_v1,FS-FM_LA_D_6601716_Hob0LAu8afQ,0.0023441535886377096,0
mixfake_music_dev_v1,FS-FM_LA_D_6601716_fake_54187_suno_0,1.6089896234916523e-05,0
mixfake_music_dev_v1,FS-FM_LA_D_6628655_WCifI6rwOoM,0.0031462963670492172,0
mixfake_music_dev_v1,FS-FM_LA_D_6642731_IyJ3a5uuCOs,0.0005466885049827397,0
mixfake_music_dev_v1,FS-FM_LA_D_6658901_-U16iKiXGuY,0.0003250718000344932,0
mixfake_music_dev_v1,FS-FM_LA_D_6685036_fake_34556_suno_1,2.0123311514907982e-06,0
mixfake_music_dev_v1,FS-FM_LA_D_6685036_z_aUtjxgCNk,0.0002562271838542074,0
mixfake_music_dev_v1,FS-FM_LA_D_6699236_pS1X6Au1EAU,0.017555611208081245,0
mixfake_music_dev_v1,FS-FM_LA_D_6756915_fake_33690_udio_1,0.00047014810843393207,0
mixfake_music_dev_v1,FS-FM_LA_D_6756915_uqAY4lCUcRY,0.018280619755387306,0
mixfake_music_dev_v1,FS-FM_LA_D_6770921_fake_37499_udio_0,7.200102118076757e-05,0
mixfake_music_dev_v1,FS-FM_LA_D_6829505_7dmT4SgS_EM,0.0018200634513050318,0
mixfake_music_dev_v1,FS-FM_LA_D_6843509_COe_UKKVpVo,0.0005653915577568114,0
mixfake_music_dev_v1,FS-FM_LA_D_6843509_ggBivmG6yHQ,0.03707084432244301,0
mixfake_music_dev_v1,FS-FM_LA_D_6887531_fake_19543_suno_0,1.3634881725010928e-05,0
mixfake_music_dev_v1,FS-FM_LA_D_6914760_fake_49591_suno_0,3.0312827448142343e-07,0
mixfake_music_dev_v1,FS-FM_LA_D_6940254_7yK4-hsVX1o,2.736884925980121e-05,0
mixfake_music_dev_v1,FS-FM_LA_D_6940254_fake_50753_suno_1,8.62316392158391e-06,0
mixfake_music_dev_v1,FS-FM_LA_D_6968726_1yWGmdevTuM,0.932602047920227,1
mixfake_music_dev_v1,FS-FM_LA_D_7029319_fake_37373_suno_1,6.744937127223238e-05,0
mixfake_music_dev_v1,FS-FM_LA_D_7030861_fake_33371_udio_0,0.0005688851815648377,0
mixfake_music_dev_v1,FS-FM_LA_D_7030861_mBRr_TqLDf4,0.0005492974887602031,0
mixfake_music_dev_v1,FS-FM_LA_D_7031168_fake_48410_udio_0,0.0007405924261547625,0
mixfake_music_dev_v1,FS-FM_LA_D_7090148_0x6chChxzV0,0.01719346083700657,0
mixfake_music_dev_v1,FS-FM_LA_D_7090148_fake_47617_udio_1,0.016554808244109154,0
mixfake_music_dev_v1,FS-FM_LA_D_7101123_OR_YbeqV5tA,4.3829977585119195e-06,0
mixfake_music_dev_v1,FS-FM_LA_D_7101123_fake_09089_udio_1,1.3183614100853447e-05,0
mixfake_music_dev_v1,FS-FM_LA_D_7109829_fake_39536_suno_0,2.6556142529443605e-06,0
mixfake_music_dev_v1,FS-FM_LA_D_7119255_dMAp3dvs3kE,0.009797008708119392,0
mixfake_music_dev_v1,FS-FM_LA_D_7126534_fake_35507_udio_1,1.2316155334701762e-05,0
mixfake_music_dev_v1,FS-FM_LA_D_7130454_fake_37964_udio_1,0.0006241350201889873,0
mixfake_music_dev_v1,FS-FM_LA_D_7169217_BquHBzP5Ep0,0.00012237070768605918,0
mixfake_music_dev_v1,FS-FM_LA_D_7193344_fake_39543_udio_1,5.461755063151941e-05,0
mixfake_music_dev_v1,FS-FM_LA_D_7211735_fake_53934_suno_1,0.00020557257812470198,0
mixfake_music_dev_v1,FS-FM_LA_D_7253817_eZC1AP_JjXM,0.029357945546507835,0
mixfake_music_dev_v1,FS-FM_LA_D_7256380_7_q36NyJtQY,0.0010551930172368884,0
mixfake_music_dev_v1,FS-FM_LA_D_7302504_fake_18756_suno_0,4.9259746447205544e-05,0
mixfake_music_dev_v1,FS-FM_LA_D_7331566_HkXSX7Kdhms,0.01481614075601101,0
mixfake_music_dev_v1,FS-FM_LA_D_7365945_2ZYzviKuq9w,5.001144381822087e-05,0
mixfake_music_dev_v1,FS-FM_LA_D_7379319_4ueN2gGsH5Y,0.0028554287273436785,0
mixfake_music_dev_v1,FS-FM_LA_D_7379319_fake_21388_suno_0,1.0961638508888427e-05,0
mixfake_music_dev_v1,FS-FM_LA_D_7379319_nBiHncFD0dM,0.010820873081684113,0
mixfake_music_dev_v1,FS-FM_LA_D_7445001_0-7PyzhzuYQ,0.0005323817604221404,0
mixfake_music_dev_v1,FS-FM_LA_D_7456275_BGD7J6MP2C8,0.022020235657691956,0
mixfake_music_dev_v1,FS-FM_LA_D_7456275_fake_14876_suno_0,7.299293065443635e-05,0
mixfake_music_dev_v1,FS-FM_LA_D_7456275_jIoDR_eskaU,0.0005623589386232197,0
mixfake_music_dev_v1,FS-FM_LA_D_7501132_D7pjR9cQChM,1.6503747247043066e-05,0
mixfake_music_dev_v1,FS-FM_LA_D_7501132_fake_42183_udio_0,3.5544555430533364e-05,0
mixfake_music_dev_v1,FS-FM_LA_D_7504069_fake_17614_udio_0,0.002640111604705453,0
mixfake_music_dev_v1,FS-FM_LA_D_7526656_KabP9iNokps,6.59773577353917e-05,0
mixfake_music_dev_v1,FS-FM_LA_D_7540473_AkbCw7oVkw0,0.0401381254196167,0
mixfake_music_dev_v1,FS-FM_LA_D_7551227_COe_UKKVpVo,9.28539884625934e-05,0
mixfake_music_dev_v1,FS-FM_LA_D_7579323_fvTh5m9RHZw,0.03428269922733307,0
mixfake_music_dev_v1,FS-FM_LA_D_7607538_rez5KDmIZoc,0.0013275968376547098,0
mixfake_music_dev_v1,FS-FM_LA_D_7609585_fake_24734_udio_1,7.210043986560777e-05,0
mixfake_music_dev_v1,FS-FM_LA_D_7619301_I4Rhe1XViYg,0.014507416635751724,0
mixfake_music_dev_v1,FS-FM_LA_D_7619301_fake_51250_udio_0,1.5906252883723937e-05,0
mixfake_music_dev_v1,FS-FM_LA_D_7647228_VpIhbDN58mA,0.000617752957623452,0
mixfake_music_dev_v1,FS-FM_LA_D_7668402_fake_19049_suno_0,0.00010469731205375865,0
mixfake_music_dev_v1,FS-FM_LA_D_7672778_fake_38499_udio_1,6.0557955293916166e-05,0
mixfake_music_dev_v1,FS-FM_LA_D_7702883_fake_32872_udio_0,0.0010625512804836035,0
mixfake_music_dev_v1,FS-FM_LA_D_7702883_sRxUm-ziCBo,0.0017624140018597245,0
mixfake_music_dev_v1,FS-FM_LA_D_7712887_MyH8zQw9csc,0.0011179683497175574,0
mixfake_music_dev_v1,FS-FM_LA_D_7773434_7ZW8xO37bA4,0.014825713820755482,0
mixfake_music_dev_v1,FS-FM_LA_D_7784595_zCrpaLEq1VQ,3.7018042348790914e-05,0
mixfake_music_dev_v1,FS-FM_LA_D_7796964_fake_14121_udio_0,2.7727155611501075e-05,0
mixfake_music_dev_v1,FS-FM_LA_D_7858202_7LlKoQAvXUc,9.422573930351064e-05,0
mixfake_music_dev_v1,FS-FM_LA_D_7940727_J9PJI1UwIQ4,4.488533886615187e-05,0
mixfake_music_dev_v1,FS-FM_LA_D_7940727_lZavPVn7O4Q,0.002666590502485633,0
mixfake_music_dev_v1,FS-FM_LA_D_7971494_fake_05072_suno_1,7.63056959840469e-06,0
mixfake_music_dev_v1,FS-FM_LA_D_7974697_7IllUjk5fk0,1.2506538041634485e-05,0
mixfake_music_dev_v1,FS-FM_LA_D_7974697_fake_23145_suno_1,4.0147054392036807e-07,0
mixfake_music_dev_v1,FS-FM_LA_D_7975085_fake_47421_suno_0,0.0007767421775497496,0
mixfake_music_dev_v1,FS-FM_LA_D_7990767_VuWr1HXHoZg,0.0002801174996420741,0
mixfake_music_dev_v1,FS-FM_LA_D_7990767_fake_15431_udio_1,3.2307880246662535e-06,0
mixfake_music_dev_v1,FS-FM_LA_D_8029129_fake_52665_udio_1,0.0003572038549464196,0
mixfake_music_dev_v1,FS-FM_LA_D_8045695_fake_42179_udio_0,0.0005011286120861769,0
mixfake_music_dev_v1,FS-FM_LA_D_8217946_fake_50822_suno_1,1.1088417522842064e-05,0
mixfake_music_dev_v1,FS-FM_LA_D_8217946_wxKtBDKasgM,2.871130345738493e-05,0
mixfake_music_dev_v1,FS-FM_LA_D_8221856_s72505MIhz8,0.003915279172360897,0
mixfake_music_dev_v1,FS-FM_LA_D_8240682_xl4FJzeU0YA,8.408803296333645e-06,0
mixfake_music_dev_v1,FS-FM_LA_D_8326614_ATDi-irUEWc,0.0017593606607988477,0
mixfake_music_dev_v1,FS-FM_LA_D_8326614_fake_22440_udio_1,0.0006104375352151692,0
mixfake_music_dev_v1,FS-FM_LA_D_8328324_ZgooDijn2as,0.0007038369076326489,0
mixfake_music_dev_v1,FS-FM_LA_D_8336903_E3F9bzeCgTQ,0.0001628458412596956,0
mixfake_music_dev_v1,FS-FM_LA_D_8387799_PduP4CpaDtY,0.010592539794743061,0
mixfake_music_dev_v1,FS-FM_LA_D_8416303_E2v025Ilsqo,0.0005741198547184467,0
mixfake_music_dev_v1,FS-FM_LA_D_8419000_3rvqiSZB4pA,0.005155945662409067,0
mixfake_music_dev_v1,FS-FM_LA_D_8468186_fake_20495_suno_0,5.345048066374147e-06,0
mixfake_music_dev_v1,FS-FM_LA_D_8468186_kR2yBlL6nFU,0.0010098365601152182,0
mixfake_music_dev_v1,FS-FM_LA_D_8559738_fake_20660_udio_0,0.05125556141138077,0
mixfake_music_dev_v1,FS-FM_LA_D_8599073_Ade0UZnb6dw,6.455556285800412e-05,0
mixfake_music_dev_v1,FS-FM_LA_D_8599385_4i11P4OCRfk,0.0005118793924339116,0
mixfake_music_dev_v1,FS-FM_LA_D_8599385_HWZdPxRzCWs,0.0021181723568588495,0
mixfake_music_dev_v1,FS-FM_LA_D_8599385_fxznho_kNPY,0.0007333739777095616,0
mixfake_music_dev_v1,FS-FM_LA_D_8652934_-qcTD2o6I9s,0.0002484064898453653,0
mixfake_music_dev_v1,FS-FM_LA_D_8652934_0ZNFJz-eZTU,0.0023433018941432238,0
mixfake_music_dev_v1,FS-FM_LA_D_8668147_BjqhHeJD28U,0.004520633723586798,0
mixfake_music_dev_v1,FS-FM_LA_D_8680505_ozjs2d_xlSI,0.0013328843051567674,0
mixfake_music_dev_v1,FS-FM_LA_D_8682135_JPZlyvPNZj4,1.993702244362794e-05,0
mixfake_music_dev_v1,FS-FM_LA_D_8693204_SLdVSirZMSI,0.0005051358020864427,0
mixfake_music_dev_v1,FS-FM_LA_D_8693204_fake_01485_udio_0,2.4492577722412534e-05,0
mixfake_music_dev_v1,FS-FM_LA_D_8710691_JU4CZ-GApu4,6.444485188694671e-05,0
mixfake_music_dev_v1,FS-FM_LA_D_8710691_fake_45722_suno_0,1.0513692814129172e-06,0
mixfake_music_dev_v1,FS-FM_LA_D_8711337_dztizAgcQ08,0.0008314644219353795,0
mixfake_music_dev_v1,FS-FM_LA_D_8711337_fake_18692_udio_0,0.00014899410598445684,0
mixfake_music_dev_v1,FS-FM_LA_D_8711337_id5ibIqjRto,0.001453543663956225,0
mixfake_music_dev_v1,FS-FM_LA_D_8712202_fake_32290_udio_0,3.700936986206216e-06,0
mixfake_music_dev_v1,FS-FM_LA_D_8736662_NXuB3ZEpM5U,0.0008016148349270225,0
mixfake_music_dev_v1,FS-FM_LA_D_8749920_fake_28781_suno_0,3.2140362691279734e-06,0
mixfake_music_dev_v1,FS-FM_LA_D_8753292_Kojo5khAAS0,0.0009657168411649764,0
mixfake_music_dev_v1,FS-FM_LA_D_8753292_fake_22348_suno_1,3.4958434298459906e-06,0
mixfake_music_dev_v1,FS-FM_LA_D_8759658_xKc_9B3RiOc,0.0018447767943143845,0
mixfake_music_dev_v1,FS-FM_LA_D_8850397_8akqVDDGsNQ,0.00013930174463894218,0
mixfake_music_dev_v1,FS-FM_LA_D_8878321_fake_13991_suno_1,4.231303137203213e-06,0
mixfake_music_dev_v1,FS-FM_LA_D_8905956_pWZqzEpygE0,0.00012070384400431067,0
mixfake_music_dev_v1,FS-FM_LA_D_8923139_iFWtsT5zRKo,3.9225065847858787e-05,0
mixfake_music_dev_v1,FS-FM_LA_D_8947789_fake_12498_udio_0,0.00027463160222396255,0
mixfake_music_dev_v1,FS-FM_LA_D_8991757_cMhajmOBr0c,0.0061041866429150105,0
mixfake_music_dev_v1,FS-FM_LA_D_9021893_fake_24049_suno_0,0.0001421305350959301,0
mixfake_music_dev_v1,FS-FM_LA_D_9022440_vvfs2TUj-D4,0.011078553274273872,0
mixfake_music_dev_v1,FS-FM_LA_D_9075341_ZEuY5HnECuo,0.00013490745914168656,0
mixfake_music_dev_v1,FS-FM_LA_D_9125336_HAEoz3VbaP8,0.005706088617444038,0
mixfake_music_dev_v1,FS-FM_LA_D_9125336_fake_41056_udio_1,5.7813129387795925e-05,0
mixfake_music_dev_v1,FS-FM_LA_D_9156289_AT_076RUWPs,0.0007280833669938147,0
mixfake_music_dev_v1,FS-FM_LA_D_9166719_ctJI7pCbxAo,0.0007772222743369639,0
mixfake_music_dev_v1,FS-FM_LA_D_9167498_fake_10569_udio_1,7.620915857842192e-05,0
mixfake_music_dev_v1,FS-FM_LA_D_9190511_ZahBai58_Ec,0.0029773118440061808,0
mixfake_music_dev_v1,FS-FM_LA_D_9216213_T5YZwhC7Br8,0.0003367479075677693,0
mixfake_music_dev_v1,FS-FM_LA_D_9218810_Qt8Ze-k2h2o,0.05875970050692558,0
mixfake_music_dev_v1,FS-FM_LA_D_9218810_xVab_CbwecE,0.005954856052994728,0
mixfake_music_dev_v1,FS-FM_LA_D_9269691_kVuG_F3qCuY,0.00155683106277138,0
mixfake_music_dev_v1,FS-FM_LA_D_9301839_-r2-9oyIzkQ,0.00306130014359951,0
mixfake_music_dev_v1,FS-FM_LA_D_9301839_kUQ1xfK82Q0,0.00030115334084257483,0
mixfake_music_dev_v1,FS-FM_LA_D_9328186_DOb8htND5_o,0.0005799722857773304,0
mixfake_music_dev_v1,FS-FM_LA_D_9328186_fake_25085_udio_0,8.491543849231675e-05,0
mixfake_music_dev_v1,FS-FM_LA_D_9339036_fake_10991_suno_0,8.44001874611422e-07,0
mixfake_music_dev_v1,FS-FM_LA_D_9417739_GHyUAl9Yaos,0.0004459604388102889,0
mixfake_music_dev_v1,FS-FM_LA_D_9417739_fake_22882_udio_1,0.00020825190586037934,0
mixfake_music_dev_v1,FS-FM_LA_D_9417739_jhQpTVVUQ9E,0.0008889633463695645,0
mixfake_music_dev_v1,FS-FM_LA_D_9455279_joLyjgORwDo,8.14410814200528e-05,0
mixfake_music_dev_v1,FS-FM_LA_D_9477430_fake_35199_suno_0,8.78064165590331e-05,0
mixfake_music_dev_v1,FS-FM_LA_D_9497637_atWaDoSyGgY,3.909492079401389e-05,0
mixfake_music_dev_v1,FS-FM_LA_D_9573599_BjqhHeJD28U,0.006283214315772057,0
mixfake_music_dev_v1,FS-FM_LA_D_9573599_eyY6f4iQDH4,0.001757901394739747,0
mixfake_music_dev_v1,FS-FM_LA_D_9630382__MjbdUaJcik,0.0036299920175224543,0
mixfake_music_dev_v1,FS-FM_LA_D_9630382_fake_34969_suno_0,6.086008852435043e-06,0
mixfake_music_dev_v1,FS-FM_LA_D_9661221_dSs4xfvATjc,0.0005397504428401589,0
mixfake_music_dev_v1,FS-FM_LA_D_9674319_fake_43143_suno_1,5.902787052036729e-06,0
mixfake_music_dev_v1,FS-FM_LA_D_9674319_fake_53987_udio_0,0.0007480789208784699,0
mixfake_music_dev_v1,FS-FM_LA_D_9700502_TEWYFkjH2jc,0.0007744376780465245,0
mixfake_music_dev_v1,FS-FM_LA_D_9714255_xyXQ7Z1vX7E,0.0001340075396001339,0
mixfake_music_dev_v1,FS-FM_LA_D_9733347_fake_46124_udio_1,0.00011762339272536337,0
mixfake_music_dev_v1,FS-FM_LA_D_9798493_VrqBeY3kfKI,0.014003422111272812,0
mixfake_music_dev_v1,FS-FM_LA_D_9798493_kX5bTiq5eBo,0.001440717838704586,0
mixfake_music_dev_v1,FS-FM_LA_D_9840993_fake_47101_udio_0,0.00044256699038669467,0
mixfake_music_dev_v1,FS-FM_LA_D_9840993_w9CxACZ5Oi0,0.005751879420131445,0
mixfake_music_dev_v1,FS-FM_LA_D_9863362_DkZ1Or_D-g8,7.39370661904104e-05,0
mixfake_music_dev_v1,FS-FM_LA_D_9863362_ROM--1yVra8,0.002180009614676237,0
mixfake_music_dev_v1,FS-FM_LA_D_9863362_SxYnb9_qDtk,1.8782673578243703e-05,0
mixfake_music_dev_v1,FS-FM_LA_D_9916763_99ZgIQwLC60,0.0005757026374340057,0
mixfake_music_dev_v1,FS-FM_LA_D_9916763_sJzb2AhqkSg,0.002546830801293254,0
mixfake_music_dev_v1,FS-FM_LA_D_9924204_HLXGkzzQHUU,0.06144325062632561,0
mixfake_music_dev_v1,FS-FM_LA_D_9934410_I3qbB4Kq3Y0,0.006103092804551125,0
mixfake_music_dev_v1,FS-FM_LA_D_9964852_ntfyeC178Tg,0.0042093670926988125,0
mixfake_music_dev_v1,FS-RM_LA_D_1036594_013776,0.0006715913768857718,0
mixfake_music_dev_v1,FS-RM_LA_D_1036594_045057,0.003846590407192707,0
mixfake_music_dev_v1,FS-RM_LA_D_1079849_123380,0.0028516242746263742,0
mixfake_music_dev_v1,FS-RM_LA_D_1083852_073559,0.0001513110619271174,0
mixfake_music_dev_v1,FS-RM_LA_D_1085765_129742,0.0005659625167027116,0
mixfake_music_dev_v1,FS-RM_LA_D_1089317_052000,0.00024960588780231774,0
mixfake_music_dev_v1,FS-RM_LA_D_1089317_057543,0.0005453057237900794,0
mixfake_music_dev_v1,FS-RM_LA_D_1110507_087185,1.3527665032597724e-05,0
mixfake_music_dev_v1,FS-RM_LA_D_1154657_094337,0.0005888004088774323,0
mixfake_music_dev_v1,FS-RM_LA_D_1154657_117236,0.002409755252301693,0
mixfake_music_dev_v1,FS-RM_LA_D_1154657_127547,0.0031793583184480667,0
mixfake_music_dev_v1,FS-RM_LA_D_1161040_079975,0.002617400838062167,0
mixfake_music_dev_v1,FS-RM_LA_D_1161040_140951,0.0014983352739363909,0
mixfake_music_dev_v1,FS-RM_LA_D_1179946_148301,1.9911371055059135e-05,0
mixfake_music_dev_v1,FS-RM_LA_D_1190139_068430,0.0015245825052261353,0
mixfake_music_dev_v1,FS-RM_LA_D_1207441_048559,2.59855150943622e-05,0
mixfake_music_dev_v1,FS-RM_LA_D_1207441_117278,6.51602604193613e-05,0
mixfake_music_dev_v1,FS-RM_LA_D_1207924_071507,0.0004079519130755216,0
mixfake_music_dev_v1,FS-RM_LA_D_1210991_098922,0.0006985554937273264,0
mixfake_music_dev_v1,FS-RM_LA_D_1210991_151533,0.00012695595796685666,0
mixfake_music_dev_v1,FS-RM_LA_D_1236459_126992,0.0008895937353372574,0
mixfake_music_dev_v1,FS-RM_LA_D_1240372_031456,0.0004150638706050813,0
mixfake_music_dev_v1,FS-RM_LA_D_1246000_013327,0.0024331386666744947,0
mixfake_music_dev_v1,FS-RM_LA_D_1251280_007393,0.0006113175768405199,0
mixfake_music_dev_v1,FS-RM_LA_D_1263173_070445,0.0011534304358065128,0
mixfake_music_dev_v1,FS-RM_LA_D_1263173_098236,0.00034620444057509303,0
mixfake_music_dev_v1,FS-RM_LA_D_1264447_130170,0.0006791625637561083,0
mixfake_music_dev_v1,FS-RM_LA_D_1285621_069647,0.04213036969304085,0
mixfake_music_dev_v1,FS-RM_LA_D_1317526_129499,0.0004604614805430174,0
mixfake_music_dev_v1,FS-RM_LA_D_1345967_147951,0.0005356345209293067,0
mixfake_music_dev_v1,FS-RM_LA_D_1408615_022095,9.281768871005625e-05,0
mixfake_music_dev_v1,FS-RM_LA_D_1434551_092875,0.011700158938765526,0
mixfake_music_dev_v1,FS-RM_LA_D_1496491_016402,0.041771505028009415,0
mixfake_music_dev_v1,FS-RM_LA_D_1522497_012609,0.00013901552301831543,0
mixfake_music_dev_v1,FS-RM_LA_D_1557737_071218,0.00017075991490855813,0
mixfake_music_dev_v1,FS-RM_LA_D_1557737_073179,0.007038568612188101,0
mixfake_music_dev_v1,FS-RM_LA_D_1563527_125705,0.0027036089450120926,0
mixfake_music_dev_v1,FS-RM_LA_D_1572003_126894,8.813312888378277e-06,0
mixfake_music_dev_v1,FS-RM_LA_D_1675550_143079,0.00021129142260178924,0
mixfake_music_dev_v1,FS-RM_LA_D_1699200_036997,0.0005279952310957015,0
mixfake_music_dev_v1,FS-RM_LA_D_1700029_067793,0.002321622334420681,0
mixfake_music_dev_v1,FS-RM_LA_D_1700029_104355,0.002074573654681444,0
mixfake_music_dev_v1,FS-RM_LA_D_1703470_040778,0.0004854532890021801,0
mixfake_music_dev_v1,FS-RM_LA_D_1703470_120332,0.0012280838564038277,0
mixfake_music_dev_v1,FS-RM_LA_D_1751782_122260,0.00019889503892045468,0
mixfake_music_dev_v1,FS-RM_LA_D_1757134_091796,0.0020228347275406122,0
mixfake_music_dev_v1,FS-RM_LA_D_1757134_145183,0.007108120247721672,0
mixfake_music_dev_v1,FS-RM_LA_D_1764443_092498,0.0019065592205151916,0
mixfake_music_dev_v1,FS-RM_LA_D_1781206_090623,0.005388537887483835,0
mixfake_music_dev_v1,FS-RM_LA_D_1793186_095908,0.0016057059401646256,0
mixfake_music_dev_v1,FS-RM_LA_D_1793186_126031,0.0004182411066722125,0
mixfake_music_dev_v1,FS-RM_LA_D_1807177_021231,0.0007059694617055357,0
mixfake_music_dev_v1,FS-RM_LA_D_1847073_003459,0.0024655060842633247,0
mixfake_music_dev_v1,FS-RM_LA_D_1876813_071133,0.004172181244939566,0
mixfake_music_dev_v1,FS-RM_LA_D_1876813_141970,0.00037485439679585397,0
mixfake_music_dev_v1,FS-RM_LA_D_1884725_013474,0.0047887335531413555,0
mixfake_music_dev_v1,FS-RM_LA_D_1948580_001734,0.01926884427666664,0
mixfake_music_dev_v1,FS-RM_LA_D_1966690_011917,0.00018380612891633064,0
mixfake_music_dev_v1,FS-RM_LA_D_1966794_064365,0.00020119035616517067,0
mixfake_music_dev_v1,FS-RM_LA_D_1986382_073169,0.0002925380249507725,0
mixfake_music_dev_v1,FS-RM_LA_D_2075139_048008,0.00014930585166439414,0
mixfake_music_dev_v1,FS-RM_LA_D_2075139_124231,0.00035852103610523045,0
mixfake_music_dev_v1,FS-RM_LA_D_2078823_015965,1.3902873433835339e-05,0
mixfake_music_dev_v1,FS-RM_LA_D_2134521_031247,0.005172984674572945,0
mixfake_music_dev_v1,FS-RM_LA_D_2145419_008259,0.0005657022702507675,0
mixfake_music_dev_v1,FS-RM_LA_D_2145419_026015,0.0003900317824445665,0
mixfake_music_dev_v1,FS-RM_LA_D_2146476_068588,0.00012771740148309618,0
mixfake_music_dev_v1,FS-RM_LA_D_2146476_078998,0.0003410720673855394,0
mixfake_music_dev_v1,FS-RM_LA_D_2165611_060277,0.013431382365524769,0
mixfake_music_dev_v1,FS-RM_LA_D_2237572_122705,0.007047596387565136,0
mixfake_music_dev_v1,FS-RM_LA_D_2237572_154965,6.617842882405967e-05,0
mixfake_music_dev_v1,FS-RM_LA_D_2273204_032811,0.00040836515836417675,0
mixfake_music_dev_v1,FS-RM_LA_D_2273204_057406,0.0001256321120308712,0
mixfake_music_dev_v1,FS-RM_LA_D_2325585_024429,1.5069026630953886e-06,0
mixfake_music_dev_v1,FS-RM_LA_D_2325585_036403,4.639407052309252e-05,0
mixfake_music_dev_v1,FS-RM_LA_D_2346599_133021,0.0006596674211323261,0
mixfake_music_dev_v1,FS-RM_LA_D_2361529_017644,0.0007638999377377331,0
mixfake_music_dev_v1,FS-RM_LA_D_2370652_005533,5.700801557395607e-05,0
mixfake_music_dev_v1,FS-RM_LA_D_2370652_134448,0.00016868041711859405,0
mixfake_music_dev_v1,FS-RM_LA_D_2412410_021276,0.0025199567899107933,0
mixfake_music_dev_v1,FS-RM_LA_D_2455516_044794,0.0005821341183036566,0
mixfake_music_dev_v1,FS-RM_LA_D_2455516_109492,0.003662572242319584,0
mixfake_music_dev_v1,FS-RM_LA_D_2501091_099649,0.0011059027165174484,0
mixfake_music_dev_v1,FS-RM_LA_D_2549498_059173,0.012961720116436481,0
mixfake_music_dev_v1,FS-RM_LA_D_2577860_025140,0.011732198297977448,0
mixfake_music_dev_v1,FS-RM_LA_D_2577860_077571,0.0014694001292809844,0
mixfake_music_dev_v1,FS-RM_LA_D_2597834_028571,0.0019981898367404938,0
mixfake_music_dev_v1,FS-RM_LA_D_2597834_037919,0.0013297258410602808,0
mixfake_music_dev_v1,FS-RM_LA_D_2598079_066863,0.00013141243834979832,0
mixfake_music_dev_v1,FS-RM_LA_D_2637205_024926,0.023607729002833366,0
mixfake_music_dev_v1,FS-RM_LA_D_2637205_140369,0.0012283448595553637,0
mixfake_music_dev_v1,FS-RM_LA_D_2691876_067016,0.00042462078272365034,0
mixfake_music_dev_v1,FS-RM_LA_D_2705731_085867,0.0038959512021392584,0
mixfake_music_dev_v1,FS-RM_LA_D_2844231_036380,5.0729402573779225e-05,0
mixfake_music_dev_v1,FS-RM_LA_D_2881179_042532,0.0003060495655518025,0
mixfake_music_dev_v1,FS-RM_LA_D_2966463_152568,0.00025169382570311427,0
mixfake_music_dev_v1,FS-RM_LA_D_2998314_097540,0.0005413221078924835,0
mixfake_music_dev_v1,FS-RM_LA_D_3028894_043156,0.00025440804893150926,0
mixfake_music_dev_v1,FS-RM_LA_D_3051998_068541,0.009139005094766617,0
mixfake_music_dev_v1,FS-RM_LA_D_3051998_110265,6.629623385379091e-05,0
mixfake_music_dev_v1,FS-RM_LA_D_3114677_015989,0.0006488526123575866,0
mixfake_music_dev_v1,FS-RM_LA_D_3143433_047469,0.0015741513343527913,0
mixfake_music_dev_v1,FS-RM_LA_D_3143433_098577,8.825105760479346e-05,0
mixfake_music_dev_v1,FS-RM_LA_D_3165119_044971,0.0030201065819710493,0
mixfake_music_dev_v1,FS-RM_LA_D_3173350_029184,0.02321234717965126,0
mixfake_music_dev_v1,FS-RM_LA_D_3217409_155108,0.000786967109888792,0
mixfake_music_dev_v1,FS-RM_LA_D_3355151_107621,0.03838841989636421,0
mixfake_music_dev_v1,FS-RM_LA_D_3360722_050851,0.001953672617673874,0
mixfake_music_dev_v1,FS-RM_LA_D_3401079_106953,0.0023596540559083223,0
mixfake_music_dev_v1,FS-RM_LA_D_3431149_029659,0.0007353152614086866,0
mixfake_music_dev_v1,FS-RM_LA_D_3431149_116318,0.003674502018839121,0
mixfake_music_dev_v1,FS-RM_LA_D_3512887_101131,0.00025661810650490224,0
mixfake_music_dev_v1,FS-RM_LA_D_3512887_148518,0.0005216392455622554,0
mixfake_music_dev_v1,FS-RM_LA_D_3523121_124918,5.797953417641111e-05,0
mixfake_music_dev_v1,FS-RM_LA_D_3591007_004159,0.0006539426976814866,0
mixfake_music_dev_v1,FS-RM_LA_D_3591007_137731,0.003244637278839946,0
mixfake_music_dev_v1,FS-RM_LA_D_3598081_019489,0.0028642071411013603,0
mixfake_music_dev_v1,FS-RM_LA_D_3613058_059455,0.00010530377039685845,0
mixfake_music_dev_v1,FS-RM_LA_D_3687000_041375,0.00012183244689367712,0
mixfake_music_dev_v1,FS-RM_LA_D_3691736_143078,0.0005558935808949172,0
mixfake_music_dev_v1,FS-RM_LA_D_3702939_061595,4.883854489889927e-05,0
mixfake_music_dev_v1,FS-RM_LA_D_3736267_138204,0.0018235077150166035,0
mixfake_music_dev_v1,FS-RM_LA_D_3836323_131912,0.0015035957330837846,0
mixfake_music_dev_v1,FS-RM_LA_D_3836323_142558,0.002734812442213297,0
mixfake_music_dev_v1,FS-RM_LA_D_3848373_091748,0.0005869678570888937,0
mixfake_music_dev_v1,FS-RM_LA_D_3852849_095733,0.003826624248176813,0
mixfake_music_dev_v1,FS-RM_LA_D_3862793_068599,1.0827333426277619e-05,0
mixfake_music_dev_v1,FS-RM_LA_D_3894116_004764,0.0005399130168370903,0
mixfake_music_dev_v1,FS-RM_LA_D_3921229_059275,0.00010798282164614648,0
mixfake_music_dev_v1,FS-RM_LA_D_3941210_153953,0.004449934232980013,0
mixfake_music_dev_v1,FS-RM_LA_D_3951121_106873,0.00029226619517430663,0
mixfake_music_dev_v1,FS-RM_LA_D_4008967_049098,0.0027651728596538305,0
mixfake_music_dev_v1,FS-RM_LA_D_4095002_108942,1.5759880625410005e-05,0
mixfake_music_dev_v1,FS-RM_LA_D_4099596_075973,3.7554058508249e-05,0
mixfake_music_dev_v1,FS-RM_LA_D_4130527_150590,0.007733159698545933,0
mixfake_music_dev_v1,FS-RM_LA_D_4141520_027175,0.0036404808051884174,0
mixfake_music_dev_v1,FS-RM_LA_D_4163700_037510,0.0001564660487929359,0
mixfake_music_dev_v1,FS-RM_LA_D_4163700_046731,0.00014841248048469424,0
mixfake_music_dev_v1,FS-RM_LA_D_4174255_003517,0.0010819955496117473,0
mixfake_music_dev_v1,FS-RM_LA_D_4180941_024520,0.0012205737875774503,0
mixfake_music_dev_v1,FS-RM_LA_D_4209152_129855,0.0008234787383116782,0
mixfake_music_dev_v1,FS-RM_LA_D_4209152_144933,0.0007862906204536557,0
mixfake_music_dev_v1,FS-RM_LA_D_4216210_091866,0.004747763276100159,0
mixfake_music_dev_v1,FS-RM_LA_D_4228094_073316,0.001138095511123538,0
mixfake_music_dev_v1,FS-RM_LA_D_4262940_036333,1.2138576494180597e-05,0
mixfake_music_dev_v1,FS-RM_LA_D_4309087_121205,0.00018498483404982835,0
mixfake_music_dev_v1,FS-RM_LA_D_4344547_080402,0.0008018455700948834,0
mixfake_music_dev_v1,FS-RM_LA_D_4355155_087221,0.03389080986380577,0
mixfake_music_dev_v1,FS-RM_LA_D_4525286_077567,0.00012655202590394765,0
mixfake_music_dev_v1,FS-RM_LA_D_4532309_046005,0.004035102669149637,0
mixfake_music_dev_v1,FS-RM_LA_D_4544332_062329,8.002746471902356e-05,0
mixfake_music_dev_v1,FS-RM_LA_D_4574130_000209,0.003325501922518015,0
mixfake_music_dev_v1,FS-RM_LA_D_4628640_012046,0.0011579456040635705,0
mixfake_music_dev_v1,FS-RM_LA_D_4636504_009663,2.5415067284484394e-05,0
mixfake_music_dev_v1,FS-RM_LA_D_4638423_044798,0.002046819543465972,0
mixfake_music_dev_v1,FS-RM_LA_D_4710815_062436,6.14833061263198e-06,0
mixfake_music_dev_v1,FS-RM_LA_D_4756307_105102,0.005466917529702187,0
mixfake_music_dev_v1,FS-RM_LA_D_4770781_040648,0.0005187856149859726,0
mixfake_music_dev_v1,FS-RM_LA_D_4778221_039948,0.00012015972606604919,0
mixfake_music_dev_v1,FS-RM_LA_D_4787055_066635,0.0009345769649371505,0
mixfake_music_dev_v1,FS-RM_LA_D_4864229_036308,7.0833357312949374e-06,0
mixfake_music_dev_v1,FS-RM_LA_D_4873396_034983,0.0001115512422984466,0
mixfake_music_dev_v1,FS-RM_LA_D_4876159_151262,0.0009495160193182528,0
mixfake_music_dev_v1,FS-RM_LA_D_4952807_134034,0.005183701869100332,0
mixfake_music_dev_v1,FS-RM_LA_D_4952807_145808,0.004440140910446644,0
mixfake_music_dev_v1,FS-RM_LA_D_4954705_029261,0.0010007269447669387,0
mixfake_music_dev_v1,FS-RM_LA_D_4990524_060726,0.0001619767426745966,0
mixfake_music_dev_v1,FS-RM_LA_D_5024706_067565,0.00031435402343049645,0
mixfake_music_dev_v1,FS-RM_LA_D_5055459_031574,0.13020651042461395,0
mixfake_music_dev_v1,FS-RM_LA_D_5055459_120147,0.0018165749497711658,0
mixfake_music_dev_v1,FS-RM_LA_D_5100382_018876,0.0009097777656279504,0
mixfake_music_dev_v1,FS-RM_LA_D_5137247_076385,0.0003405067545827478,0
mixfake_music_dev_v1,FS-RM_LA_D_5159656_084054,0.003511967370286584,0
mixfake_music_dev_v1,FS-RM_LA_D_5178398_028114,0.0022680331021547318,0
mixfake_music_dev_v1,FS-RM_LA_D_5205569_027950,0.0004635548684746027,0
mixfake_music_dev_v1,FS-RM_LA_D_5205569_044097,5.269004759611562e-05,0
mixfake_music_dev_v1,FS-RM_LA_D_5205569_148488,0.0007488335249945521,0
mixfake_music_dev_v1,FS-RM_LA_D_5220940_138582,3.573358844732866e-05,0
mixfake_music_dev_v1,FS-RM_LA_D_5233422_017854,0.0001269462809432298,0
mixfake_music_dev_v1,FS-RM_LA_D_5241214_062043,0.00038279665750451386,0
mixfake_music_dev_v1,FS-RM_LA_D_5261718_146458,0.00024299781944137067,0
mixfake_music_dev_v1,FS-RM_LA_D_5267454_068898,0.00014237876166589558,0
mixfake_music_dev_v1,FS-RM_LA_D_5267454_112509,0.0003610446001403034,0
mixfake_music_dev_v1,FS-RM_LA_D_5285039_130454,0.00021095765987411141,0
mixfake_music_dev_v1,FS-RM_LA_D_5291856_083906,0.012687096372246742,0
mixfake_music_dev_v1,FS-RM_LA_D_5302589_049364,0.05826813355088234,0
mixfake_music_dev_v1,FS-RM_LA_D_5302589_114373,0.0008838244248181581,0
mixfake_music_dev_v1,FS-RM_LA_D_5320629_117251,0.0002467760059516877,0
mixfake_music_dev_v1,FS-RM_LA_D_5331450_020432,0.00011761431960621849,0
mixfake_music_dev_v1,FS-RM_LA_D_5331450_071691,0.0004749688087031245,0
mixfake_music_dev_v1,FS-RM_LA_D_5331450_131968,0.0005980737041682005,0
mixfake_music_dev_v1,FS-RM_LA_D_5350529_061806,6.904343899805099e-05,0
mixfake_music_dev_v1,FS-RM_LA_D_5400787_083957,0.006128084845840931,0
mixfake_music_dev_v1,FS-RM_LA_D_5403183_094410,0.0005908531602472067,0
mixfake_music_dev_v1,FS-RM_LA_D_5422570_004186,0.00011693775013554841,0
mixfake_music_dev_v1,FS-RM_LA_D_5422570_105413,7.890256529208273e-05,0
mixfake_music_dev_v1,FS-RM_LA_D_5445662_015880,0.0034419354051351547,0
mixfake_music_dev_v1,FS-RM_LA_D_5456485_146967,0.0004208761965855956,0
mixfake_music_dev_v1,FS-RM_LA_D_5462650_009968,4.710752182290889e-05,0
mixfake_music_dev_v1,FS-RM_LA_D_5462650_009989,0.0013640293618664145,0
mixfake_music_dev_v1,FS-RM_LA_D_5462650_097543,0.003143182722851634,0
mixfake_music_dev_v1,FS-RM_LA_D_5476584_080644,0.0015745732234790921,0
mixfake_music_dev_v1,FS-RM_LA_D_5495669_139875,0.0004475817841012031,0
mixfake_music_dev_v1,FS-RM_LA_D_5504869_120924,0.003804615465924144,0
mixfake_music_dev_v1,FS-RM_LA_D_5513753_050275,0.003772348165512085,0
mixfake_music_dev_v1,FS-RM_LA_D_5591138_043904,0.014659343287348747,0
mixfake_music_dev_v1,FS-RM_LA_D_5591138_079985,0.0008206922793760896,0
mixfake_music_dev_v1,FS-RM_LA_D_5632411_127297,0.00031834442052058876,0
mixfake_music_dev_v1,FS-RM_LA_D_5634358_041388,0.0010782788740471005,0
mixfake_music_dev_v1,FS-RM_LA_D_5768016_073505,0.0017005200497806072,0
mixfake_music_dev_v1,FS-RM_LA_D_5817478_069840,0.00010010208643507212,0
mixfake_music_dev_v1,FS-RM_LA_D_5817478_127554,0.00192785554099828,0
mixfake_music_dev_v1,FS-RM_LA_D_5828342_090148,0.000751633255276829,0
mixfake_music_dev_v1,FS-RM_LA_D_5828342_142080,0.008145015686750412,0
mixfake_music_dev_v1,FS-RM_LA_D_5861276_056150,0.01292369607836008,0
mixfake_music_dev_v1,FS-RM_LA_D_5874425_051600,0.004983553197234869,0
mixfake_music_dev_v1,FS-RM_LA_D_5905737_024898,0.009242805652320385,0
mixfake_music_dev_v1,FS-RM_LA_D_6016576_017839,0.0016537910560145974,0
mixfake_music_dev_v1,FS-RM_LA_D_6026070_107073,0.0009500824962742627,0
mixfake_music_dev_v1,FS-RM_LA_D_6035078_029881,0.0004874044097959995,0
mixfake_music_dev_v1,FS-RM_LA_D_6035078_040811,0.00021747993014287204,0
mixfake_music_dev_v1,FS-RM_LA_D_6036698_011040,0.0005458634695969522,0
mixfake_music_dev_v1,FS-RM_LA_D_6048625_022477,0.016042470932006836,0
mixfake_music_dev_v1,FS-RM_LA_D_6048625_073123,0.0019168612780049443,0
mixfake_music_dev_v1,FS-RM_LA_D_6054337_018010,0.06751824170351028,0
mixfake_music_dev_v1,FS-RM_LA_D_6075514_014808,3.244363688281737e-05,0
mixfake_music_dev_v1,FS-RM_LA_D_6075514_143129,0.0006559310131706297,0
mixfake_music_dev_v1,FS-RM_LA_D_6088722_133978,0.0015566961374133825,0
mixfake_music_dev_v1,FS-RM_LA_D_6120066_137198,0.007935350760817528,0
mixfake_music_dev_v1,FS-RM_LA_D_6168767_029719,0.0006602457724511623,0
mixfake_music_dev_v1,FS-RM_LA_D_6175279_128886,3.734898200491443e-05,0
mixfake_music_dev_v1,FS-RM_LA_D_6175279_137567,0.002357977442443371,0
mixfake_music_dev_v1,FS-RM_LA_D_6216205_128264,0.0011455030180513859,0
mixfake_music_dev_v1,FS-RM_LA_D_6223774_096661,2.4586910512880422e-05,0
mixfake_music_dev_v1,FS-RM_LA_D_6223827_000762,0.0010484957601875067,0
mixfake_music_dev_v1,FS-RM_LA_D_6223827_026532,0.0027632613200694323,0
mixfake_music_dev_v1,FS-RM_LA_D_6223827_113336,1.151559717982309e-05,0
mixfake_music_dev_v1,FS-RM_LA_D_6252325_011721,0.0005431434256024659,0
mixfake_music_dev_v1,FS-RM_LA_D_6333211_001203,0.00177543715108186,0
mixfake_music_dev_v1,FS-RM_LA_D_6333211_112455,0.012999952770769596,0
mixfake_music_dev_v1,FS-RM_LA_D_6378055_014656,0.00016797739954199642,0
mixfake_music_dev_v1,FS-RM_LA_D_6417123_042776,0.02339133992791176,0
mixfake_music_dev_v1,FS-RM_LA_D_6430063_012985,0.00023315609723795205,0
mixfake_music_dev_v1,FS-RM_LA_D_6445749_070458,0.0048217023722827435,0
mixfake_music_dev_v1,FS-RM_LA_D_6528717_061588,4.0050588722806424e-05,0
mixfake_music_dev_v1,FS-RM_LA_D_6590381_092366,0.00037587512633763254,0
mixfake_music_dev_v1,FS-RM_LA_D_6593636_051291,0.06914351880550385,0
mixfake_music_dev_v1,FS-RM_LA_D_6661034_114006,0.0038595867808908224,0
mixfake_music_dev_v1,FS-RM_LA_D_6661034_133808,0.00793712679296732,0
mixfake_music_dev_v1,FS-RM_LA_D_6668678_097570,0.0017961859703063965,0
mixfake_music_dev_v1,FS-RM_LA_D_6677490_043534,0.0005564820603467524,0
mixfake_music_dev_v1,FS-RM_LA_D_6677490_125532,0.001697306870482862,0
mixfake_music_dev_v1,FS-RM_LA_D_6710307_067788,0.0024826580192893744,0
mixfake_music_dev_v1,FS-RM_LA_D_6717975_026697,0.020441869273781776,0
mixfake_music_dev_v1,FS-RM_LA_D_6717975_054079,1.92321549548069e-05,0
mixfake_music_dev_v1,FS-RM_LA_D_6722285_126032,0.004965393804013729,0
mixfake_music_dev_v1,FS-RM_LA_D_6748796_042479,0.00019785246695391834,0
mixfake_music_dev_v1,FS-RM_LA_D_6835200_064079,0.00044341222383081913,0
mixfake_music_dev_v1,FS-RM_LA_D_6910245_087314,7.335571717703715e-05,0
mixfake_music_dev_v1,FS-RM_LA_D_6980433_091571,0.00023602326109539717,0
mixfake_music_dev_v1,FS-RM_LA_D_6982355_033501,0.0008938718237914145,0
mixfake_music_dev_v1,FS-RM_LA_D_6982355_106949,0.0018363476265221834,0
mixfake_music_dev_v1,FS-RM_LA_D_7130895_145454,0.0003931050014216453,0
mixfake_music_dev_v1,FS-RM_LA_D_7139945_109874,0.0010988697176799178,0
mixfake_music_dev_v1,FS-RM_LA_D_7155130_060482,9.833616786636412e-05,0
mixfake_music_dev_v1,FS-RM_LA_D_7173210_056177,0.0014493252383545041,0
mixfake_music_dev_v1,FS-RM_LA_D_7176078_130887,6.684876552753849e-06,0
mixfake_music_dev_v1,FS-RM_LA_D_7206772_022438,0.0011085586156696081,0
mixfake_music_dev_v1,FS-RM_LA_D_7206772_065064,0.003167407587170601,0
mixfake_music_dev_v1,FS-RM_LA_D_7247122_085291,0.0016946878749877214,0
mixfake_music_dev_v1,FS-RM_LA_D_7247122_139172,6.682183447992429e-05,0
mixfake_music_dev_v1,FS-RM_LA_D_7276589_025372,0.00048107642214745283,0
mixfake_music_dev_v1,FS-RM_LA_D_7292718_017992,0.008237652480602264,0
mixfake_music_dev_v1,FS-RM_LA_D_7292718_054873,0.00034121322096325457,0
mixfake_music_dev_v1,FS-RM_LA_D_7295722_016186,0.0010620680404826999,0
mixfake_music_dev_v1,FS-RM_LA_D_7315219_020341,0.0015674842288717628,0
mixfake_music_dev_v1,FS-RM_LA_D_7315219_122646,0.0010088057024404407,0
mixfake_music_dev_v1,FS-RM_LA_D_7315219_148651,0.017901552841067314,0
mixfake_music_dev_v1,FS-RM_LA_D_7320803_044340,0.0023207413032650948,0
mixfake_music_dev_v1,FS-RM_LA_D_7357609_038907,0.02669604681432247,0
mixfake_music_dev_v1,FS-RM_LA_D_7357609_080078,0.0005781708168797195,0
mixfake_music_dev_v1,FS-RM_LA_D_7374412_054749,0.0005906763835810125,0
mixfake_music_dev_v1,FS-RM_LA_D_7388723_055579,0.00013326971384231,0
mixfake_music_dev_v1,FS-RM_LA_D_7388723_155297,0.00021742269746027887,0
mixfake_music_dev_v1,FS-RM_LA_D_7417496_076119,0.002409237204119563,0
mixfake_music_dev_v1,FS-RM_LA_D_7417496_094791,0.00023863406386226416,0
mixfake_music_dev_v1,FS-RM_LA_D_7461756_057050,0.0009242680389434099,0
mixfake_music_dev_v1,FS-RM_LA_D_7461756_147769,0.0006283371476456523,0
mixfake_music_dev_v1,FS-RM_LA_D_7463026_087571,0.00011825656110886484,0
mixfake_music_dev_v1,FS-RM_LA_D_7463026_113698,4.080891085322946e-05,0
mixfake_music_dev_v1,FS-RM_LA_D_7521512_011458,0.0004956165212206542,0
mixfake_music_dev_v1,FS-RM_LA_D_7542044_022479,0.001148174051195383,0
mixfake_music_dev_v1,FS-RM_LA_D_7542044_126590,6.52540911687538e-05,0
mixfake_music_dev_v1,FS-RM_LA_D_7562913_111455,0.008924080990254879,0
mixfake_music_dev_v1,FS-RM_LA_D_7562913_139772,0.00012141864135628566,0
mixfake_music_dev_v1,FS-RM_LA_D_7577850_087371,0.027632173150777817,0
mixfake_music_dev_v1,FS-RM_LA_D_7599767_042779,0.004141536541283131,0
mixfake_music_dev_v1,FS-RM_LA_D_7599767_116518,0.000645133201032877,0
mixfake_music_dev_v1,FS-RM_LA_D_7619376_003490,0.0012870400678366423,0
mixfake_music_dev_v1,FS-RM_LA_D_7682859_109901,0.0002446110302116722,0
mixfake_music_dev_v1,FS-RM_LA_D_7695039_116721,0.0004085646942257881,0
mixfake_music_dev_v1,FS-RM_LA_D_7765425_001278,0.00309551227837801,0
mixfake_music_dev_v1,FS-RM_LA_D_7765425_027798,0.0011633592657744884,0
mixfake_music_dev_v1,FS-RM_LA_D_7771073_091448,0.0007286393083631992,0
mixfake_music_dev_v1,FS-RM_LA_D_7776880_143126,0.00020084515563212335,0
mixfake_music_dev_v1,FS-RM_LA_D_7805571_019269,0.00023506478464696556,0
mixfake_music_dev_v1,FS-RM_LA_D_7877117_085484,2.6462515961611643e-05,0
mixfake_music_dev_v1,FS-RM_LA_D_7919147_002125,0.003419234650209546,0
mixfake_music_dev_v1,FS-RM_LA_D_7919147_044804,0.0010550396982580423,0
mixfake_music_dev_v1,FS-RM_LA_D_7979047_096756,0.00031817026319913566,0
mixfake_music_dev_v1,FS-RM_LA_D_8016454_142934,0.00011194391117896885,0
mixfake_music_dev_v1,FS-RM_LA_D_8045100_000834,0.0005090834456495941,0
mixfake_music_dev_v1,FS-RM_LA_D_8045100_022370,0.0003696757776197046,0
mixfake_music_dev_v1,FS-RM_LA_D_8060326_041950,0.006313239689916372,0
mixfake_music_dev_v1,FS-RM_LA_D_8060326_059578,0.0011115474626421928,0
mixfake_music_dev_v1,FS-RM_LA_D_8060326_134645,0.005526936613023281,0
mixfake_music_dev_v1,FS-RM_LA_D_8060326_138413,0.00023160006094258279,0
mixfake_music_dev_v1,FS-RM_LA_D_8137767_026022,5.504833097802475e-06,0
mixfake_music_dev_v1,FS-RM_LA_D_8137767_065890,0.0006790923653170466,0
mixfake_music_dev_v1,FS-RM_LA_D_8157473_141392,0.000313369877403602,0
mixfake_music_dev_v1,FS-RM_LA_D_8229496_061750,4.908306073048152e-05,0
mixfake_music_dev_v1,FS-RM_LA_D_8229496_131795,0.0006433703820221126,0
mixfake_music_dev_v1,FS-RM_LA_D_8318612_136401,0.0017719832248985767,0
mixfake_music_dev_v1,FS-RM_LA_D_8348408_042649,0.0019509056583046913,0
mixfake_music_dev_v1,FS-RM_LA_D_8348408_068838,0.0016165191773325205,0
mixfake_music_dev_v1,FS-RM_LA_D_8365140_147405,0.0013854448916390538,0
mixfake_music_dev_v1,FS-RM_LA_D_8391113_051299,4.832697595702484e-05,0
mixfake_music_dev_v1,FS-RM_LA_D_8395121_051766,0.000870007963385433,0
mixfake_music_dev_v1,FS-RM_LA_D_8467719_004754,0.05281248316168785,0
mixfake_music_dev_v1,FS-RM_LA_D_8467719_064669,0.0011658964212983847,0
mixfake_music_dev_v1,FS-RM_LA_D_8467719_136637,0.0012732823379337788,0
mixfake_music_dev_v1,FS-RM_LA_D_8507748_019684,0.0064657749608159065,0
mixfake_music_dev_v1,FS-RM_LA_D_8507748_122713,0.05112777277827263,0
mixfake_music_dev_v1,FS-RM_LA_D_8555704_090592,0.0001527963177068159,0
mixfake_music_dev_v1,FS-RM_LA_D_8668814_085953,0.0014414808247238398,0
mixfake_music_dev_v1,FS-RM_LA_D_8703309_064905,0.000799498287960887,0
mixfake_music_dev_v1,FS-RM_LA_D_8751784_123627,3.54676267306786e-05,0
mixfake_music_dev_v1,FS-RM_LA_D_8752359_010028,0.00010255712550133467,0
mixfake_music_dev_v1,FS-RM_LA_D_8809090_123431,0.00026544660795480013,0
mixfake_music_dev_v1,FS-RM_LA_D_8842776_059676,0.005289100576192141,0
mixfake_music_dev_v1,FS-RM_LA_D_8868121_116912,0.001537176314741373,0
mixfake_music_dev_v1,FS-RM_LA_D_8917253_028108,0.0026185002643615007,0
mixfake_music_dev_v1,FS-RM_LA_D_8917253_052036,0.0008844048716127872,0
mixfake_music_dev_v1,FS-RM_LA_D_8937760_084152,0.0006683637038804591,0
mixfake_music_dev_v1,FS-RM_LA_D_8938260_016822,0.006507271435111761,0
mixfake_music_dev_v1,FS-RM_LA_D_8939040_000546,0.0011610061628744006,0
mixfake_music_dev_v1,FS-RM_LA_D_8939040_091074,0.00335483206436038,0
mixfake_music_dev_v1,FS-RM_LA_D_8939040_104725,0.00034739746479317546,0
mixfake_music_dev_v1,FS-RM_LA_D_8942534_091470,0.0006053093820810318,0
mixfake_music_dev_v1,FS-RM_LA_D_8966356_061674,0.0007743690512143075,0
mixfake_music_dev_v1,FS-RM_LA_D_8966356_147839,0.004459642805159092,0
mixfake_music_dev_v1,FS-RM_LA_D_8978674_006627,5.894629066460766e-05,0
mixfake_music_dev_v1,FS-RM_LA_D_8978674_123274,0.0003257540229242295,0
mixfake_music_dev_v1,FS-RM_LA_D_8986725_004066,0.0002775666653178632,0
mixfake_music_dev_v1,FS-RM_LA_D_8986725_044192,0.00045010208850726485,0
mixfake_music_dev_v1,FS-RM_LA_D_9006149_087108,0.00026603415608406067,0
mixfake_music_dev_v1,FS-RM_LA_D_9051356_036378,0.0032800601329654455,0
mixfake_music_dev_v1,FS-RM_LA_D_9078375_040279,0.00041822975617833436,0
mixfake_music_dev_v1,FS-RM_LA_D_9102400_102211,8.360144420294091e-05,0
mixfake_music_dev_v1,FS-RM_LA_D_9109666_072004,2.879619933082722e-05,0
mixfake_music_dev_v1,FS-RM_LA_D_9109666_105405,0.0008683383348397911,0
mixfake_music_dev_v1,FS-RM_LA_D_9121380_014869,7.805645054759225e-07,0
mixfake_music_dev_v1,FS-RM_LA_D_9163648_058541,0.0025629238225519657,0
mixfake_music_dev_v1,FS-RM_LA_D_9163648_099652,0.0006895806291140616,0
mixfake_music_dev_v1,FS-RM_LA_D_9205865_046048,0.0002581853186711669,0
mixfake_music_dev_v1,FS-RM_LA_D_9205865_100526,9.296224743593484e-05,0
mixfake_music_dev_v1,FS-RM_LA_D_9233697_001046,0.0008241372997872531,0
mixfake_music_dev_v1,FS-RM_LA_D_9233697_011509,0.0007987048593349755,0
mixfake_music_dev_v1,FS-RM_LA_D_9273749_097977,3.9856768125901e-05,0
mixfake_music_dev_v1,FS-RM_LA_D_9295689_071347,4.64545919385273e-05,0
mixfake_music_dev_v1,FS-RM_LA_D_9303843_093867,0.004639885853976011,0
mixfake_music_dev_v1,FS-RM_LA_D_9331853_016564,0.0009785486618056893,0
mixfake_music_dev_v1,FS-RM_LA_D_9331853_138929,0.03387545794248581,0
mixfake_music_dev_v1,FS-RM_LA_D_9334159_020205,0.015224339440464973,0
mixfake_music_dev_v1,FS-RM_LA_D_9334159_033302,0.00022247721790336072,0
mixfake_music_dev_v1,FS-RM_LA_D_9334159_070467,0.0002486069279257208,0
mixfake_music_dev_v1,FS-RM_LA_D_9363937_070434,0.0010427520610392094,0
mixfake_music_dev_v1,FS-RM_LA_D_9389017_073371,3.4263946872670203e-05,0
mixfake_music_dev_v1,FS-RM_LA_D_9395386_100519,0.0012166360393166542,0
mixfake_music_dev_v1,FS-RM_LA_D_9395386_127194,0.001165223540738225,0
mixfake_music_dev_v1,FS-RM_LA_D_9422357_151243,3.0923638405511156e-05,0
mixfake_music_dev_v1,FS-RM_LA_D_9444024_040141,0.005465971305966377,0
mixfake_music_dev_v1,FS-RM_LA_D_9444024_122841,0.00022187051945365965,0
mixfake_music_dev_v1,FS-RM_LA_D_9526501_087600,0.0015585270011797547,0
mixfake_music_dev_v1,FS-RM_LA_D_9526501_139484,0.014461010694503784,0
mixfake_music_dev_v1,FS-RM_LA_D_9553311_015628,0.0003874376998282969,0
mixfake_music_dev_v1,FS-RM_LA_D_9636836_040799,8.894409984350204e-05,0
mixfake_music_dev_v1,FS-RM_LA_D_9636836_086999,0.0008591444347985089,0
mixfake_music_dev_v1,FS-RM_LA_D_9688627_111968,0.001805481850169599,0
mixfake_music_dev_v1,FS-RM_LA_D_9688627_143318,0.0007326052291318774,0
mixfake_music_dev_v1,FS-RM_LA_D_9748213_055759,0.0002838489890564233,0
mixfake_music_dev_v1,FS-RM_LA_D_9804171_063970,0.0016391120152547956,0
mixfake_music_dev_v1,FS-RM_LA_D_9813329_054489,0.0006733108311891556,0
mixfake_music_dev_v1,FS-RM_LA_D_9878596_042428,0.0001710277865640819,0
mixfake_music_dev_v1,FS-RM_LA_D_9891401_087125,0.005126191768795252,0
mixfake_music_dev_v1,FS-RM_LA_D_9928428_010447,0.00039404939161613584,0
mixfake_music_dev_v1,FS-RM_LA_D_9969564_118668,0.0006246435223147273,0
mixfake_music_dev_v1,FS-RM_LA_D_9970541_032221,0.00010409286187496036,0
mixfake_music_dev_v1,FS-RM_LA_D_9989022_050541,0.002357447985559702,0
mixfake_music_dev_v1,FS-RM_LA_D_9996165_019129,0.0029012809973210096,0
mixfake_music_dev_v1,RS-FM_LA_D_1056044_c-85TtcfVSI,0.0121969198808074,0
mixfake_music_dev_v1,RS-FM_LA_D_1084356_fake_06975_udio_0,0.017544815316796303,0
mixfake_music_dev_v1,RS-FM_LA_D_1086391_fake_19823_udio_0,0.0013747024349868298,0
mixfake_music_dev_v1,RS-FM_LA_D_1105131_yPzhMx3NPW4,0.006575873587280512,0
mixfake_music_dev_v1,RS-FM_LA_D_1118839_fake_31297_suno_1,4.1089686419581994e-05,0
mixfake_music_dev_v1,RS-FM_LA_D_1129909_zx_vcwOsDO4,0.002290301490575075,0
mixfake_music_dev_v1,RS-FM_LA_D_1246607_fake_22255_suno_1,5.674994099535979e-05,0
mixfake_music_dev_v1,RS-FM_LA_D_1275044_xtGmrLOsjHk,0.002627891954034567,0
mixfake_music_dev_v1,RS-FM_LA_D_1281950_TqIptTnXb20,0.004024526569992304,0
mixfake_music_dev_v1,RS-FM_LA_D_1335445_QMoRiBjRLKc,0.004372886847704649,0
mixfake_music_dev_v1,RS-FM_LA_D_1335445_fake_19781_suno_1,4.769870065501891e-05,0
mixfake_music_dev_v1,RS-FM_LA_D_1335445_jfxTOlXF3Kk,0.00021005985036026686,0
mixfake_music_dev_v1,RS-FM_LA_D_1336215_S7TYAcOEPt4,0.002115691313520074,0
mixfake_music_dev_v1,RS-FM_LA_D_1336221_-4SYC2YgzL8,0.004599870182573795,0
mixfake_music_dev_v1,RS-FM_LA_D_1336221_He63KV_9Pwg,0.008955010212957859,0
mixfake_music_dev_v1,RS-FM_LA_D_1336221_QZNrK337wow,0.007934100925922394,0
mixfake_music_dev_v1,RS-FM_LA_D_1336221_tGv_L09pf6E,0.003137371502816677,0
mixfake_music_dev_v1,RS-FM_LA_D_1361417_EC4GbkL3XvI,0.07545682042837143,0
mixfake_music_dev_v1,RS-FM_LA_D_1374363_fake_29064_udio_0,9.600825433153659e-05,0
mixfake_music_dev_v1,RS-FM_LA_D_1377420_eOmQbJljnqE,0.007980437017977238,0
mixfake_music_dev_v1,RS-FM_LA_D_1400319_qpwjSTEaswI,0.011943927966058254,0
mixfake_music_dev_v1,RS-FM_LA_D_1427710_liuCTk2nPG8,0.0024556827265769243,0
mixfake_music_dev_v1,RS-FM_LA_D_1513725_OkcBJawiIHA,0.0005269025568850338,0
mixfake_music_dev_v1,RS-FM_LA_D_1592094_EPvnkbo5wrI,0.0014855483314022422,0
mixfake_music_dev_v1,RS-FM_LA_D_1659462_fake_42835_udio_0,0.00021496869157999754,0
mixfake_music_dev_v1,RS-FM_LA_D_1680201_Rf7vygfb7w4,5.070072438684292e-05,0
mixfake_music_dev_v1,RS-FM_LA_D_1680201_fake_00242_suno_1,3.139879845548421e-05,0
mixfake_music_dev_v1,RS-FM_LA_D_1686743_V0zQHNmz0gU,5.176182457944378e-05,0
mixfake_music_dev_v1,RS-FM_LA_D_1703452_W58kioYp1Ms,0.0023388215340673923,0
mixfake_music_dev_v1,RS-FM_LA_D_1703452_WKYUiLace9Y,8.815324690658599e-05,0
mixfake_music_dev_v1,RS-FM_LA_D_1703452_fake_35704_suno_0,0.003690308192744851,0
mixfake_music_dev_v1,RS-FM_LA_D_1703452_sRxUm-ziCBo,0.009370928630232811,0
mixfake_music_dev_v1,RS-FM_LA_D_1714000_fake_46655_suno_1,1.316218276770087e-05,0
mixfake_music_dev_v1,RS-FM_LA_D_1722779_c2akbbdS7I4,0.0002751691790763289,0
mixfake_music_dev_v1,RS-FM_LA_D_1775211_vYP60jdTupc,0.011933747678995132,0
mixfake_music_dev_v1,RS-FM_LA_D_1838177_fake_36199_udio_1,0.00012284115655347705,0
mixfake_music_dev_v1,RS-FM_LA_D_1838177_fake_50596_udio_0,4.676247408497147e-05,0
mixfake_music_dev_v1,RS-FM_LA_D_1838177_fake_50857_udio_1,0.0009424080490134656,0
mixfake_music_dev_v1,RS-FM_LA_D_1930986_fake_31035_suno_1,4.752123743401171e-07,0
mixfake_music_dev_v1,RS-FM_LA_D_1954410_HEclHruM37s,0.00010921825742116198,0
mixfake_music_dev_v1,RS-FM_LA_D_1961293_8Bu8CkR1xZY,0.0011640081647783518,0
mixfake_music_dev_v1,RS-FM_LA_D_1961293_DP72GDe6AAs,0.00017466038116253912,0
mixfake_music_dev_v1,RS-FM_LA_D_1961293_T0uoYE12cnI,0.0005332420696504414,0
mixfake_music_dev_v1,RS-FM_LA_D_2009007_rLtXML8Y5wo,0.001414403086528182,0
mixfake_music_dev_v1,RS-FM_LA_D_2096892_SKQbQXPjmvE,0.06534178555011749,0
mixfake_music_dev_v1,RS-FM_LA_D_2143384_aeDZVfGk7bk,0.02976812794804573,0
mixfake_music_dev_v1,RS-FM_LA_D_2178723_Or4CALipjig,0.00017167284386232495,0
mixfake_music_dev_v1,RS-FM_LA_D_2230192_QXe9BpTENCc,0.000979120726697147,0
mixfake_music_dev_v1,RS-FM_LA_D_2242311_0EOQco76eXQ,0.0014452944742515683,0
mixfake_music_dev_v1,RS-FM_LA_D_2242311_Jq2w30NYstQ,0.004604595247656107,0
mixfake_music_dev_v1,RS-FM_LA_D_2250508_aiJj3Z6pu9s,8.279325265903026e-05,0
mixfake_music_dev_v1,RS-FM_LA_D_2250508_rez5KDmIZoc,4.5257085730554536e-05,0
mixfake_music_dev_v1,RS-FM_LA_D_2252677_fake_43560_udio_0,0.0005317926988936961,0
mixfake_music_dev_v1,RS-FM_LA_D_2264682_X7qFgrAl3OU,0.0010311350924894214,0
mixfake_music_dev_v1,RS-FM_LA_D_2264682_hTlIqICkbW8,0.006172521505504847,0
mixfake_music_dev_v1,RS-FM_LA_D_2285682_FxpV97ILuSo,0.0011773810256272554,0
mixfake_music_dev_v1,RS-FM_LA_D_2303609_fake_36225_udio_0,8.693303243489936e-05,0
mixfake_music_dev_v1,RS-FM_LA_D_2309894_fake_47101_udio_1,0.02529887482523918,0
mixfake_music_dev_v1,RS-FM_LA_D_2407623_pDgWT99uaJ0,0.004039754159748554,0
mixfake_music_dev_v1,RS-FM_LA_D_2411901_EayN_Jj0740,0.0802198126912117,0
mixfake_music_dev_v1,RS-FM_LA_D_2485218_4HfU5OQUqq0,4.773556429427117e-05,0
mixfake_music_dev_v1,RS-FM_LA_D_2496910_fake_45709_udio_1,0.006896577775478363,0
mixfake_music_dev_v1,RS-FM_LA_D_2531373_hnlVKC7rxdg,0.03146907687187195,0
mixfake_music_dev_v1,RS-FM_LA_D_2589925_fake_13022_udio_0,0.0005490025505423546,0
mixfake_music_dev_v1,RS-FM_LA_D_2644387_0MzrXd8CUCg,0.000401097146095708,0
mixfake_music_dev_v1,RS-FM_LA_D_2644387_ZgooDijn2as,0.0005067400052212179,0
mixfake_music_dev_v1,RS-FM_LA_D_2644387_fake_44796_suno_0,2.0002438759547658e-05,0
mixfake_music_dev_v1,RS-FM_LA_D_2652046_QmIhKF1BqCg,0.01387850008904934,0
mixfake_music_dev_v1,RS-FM_LA_D_2652046_fake_52298_udio_1,0.0003243183600716293,0
mixfake_music_dev_v1,RS-FM_LA_D_2671129_3ZyuBJEbmJM,1.7233429389307275e-05,0
mixfake_music_dev_v1,RS-FM_LA_D_2671129_EkMgPJfSL04,0.009424205869436264,0
mixfake_music_dev_v1,RS-FM_LA_D_2718909_fake_28639_suno_1,4.750649895868264e-05,0
mixfake_music_dev_v1,RS-FM_LA_D_2766423_KRKX_UtYV9c,0.0035476326011121273,0
mixfake_music_dev_v1,RS-FM_LA_D_2766423_fake_51763_suno_1,5.4558884585276246e-05,0
mixfake_music_dev_v1,RS-FM_LA_D_2800113_YDBxdZchOuM,0.001258869539014995,0
mixfake_music_dev_v1,RS-FM_LA_D_2800113_fake_19593_suno_0,1.108107117175905e-08,0
mixfake_music_dev_v1,RS-FM_LA_D_2800113_fake_22406_udio_1,2.5486204322078265e-05,0
mixfake_music_dev_v1,RS-FM_LA_D_2896345_fake_17527_udio_1,0.00035455546458251774,0
mixfake_music_dev_v1,RS-FM_LA_D_2923426_eQTK2fo3RoE,0.010267918929457664,0
mixfake_music_dev_v1,RS-FM_LA_D_2954423_av-1Ih0S82s,1.1557482139323838e-05,0
mixfake_music_dev_v1,RS-FM_LA_D_2954917_fake_46545_suno_1,5.001772933610482e-07,0
mixfake_music_dev_v1,RS-FM_LA_D_2976553_kT0KMsfD4d8,0.0008286620723083615,0
mixfake_music_dev_v1,RS-FM_LA_D_3005942_fake_41367_udio_0,0.01639978587627411,0
mixfake_music_dev_v1,RS-FM_LA_D_3006726_MwK9HYjeeN0,1.6431285985163413e-05,0
mixfake_music_dev_v1,RS-FM_LA_D_3100616_a4BjqKd8FsI,0.010758056305348873,0
mixfake_music_dev_v1,RS-FM_LA_D_3150235_fake_20951_udio_0,6.995930743869394e-05,0
mixfake_music_dev_v1,RS-FM_LA_D_3150235_fake_37307_udio_0,0.016180168837308884,0
mixfake_music_dev_v1,RS-FM_LA_D_3194286_fake_22715_suno_1,7.231499807858199e-07,0
mixfake_music_dev_v1,RS-FM_LA_D_3194286_sOSU7p9pLjs,0.001912182429805398,0
mixfake_music_dev_v1,RS-FM_LA_D_3258694_Guu30szkA-0,0.00033568518119864166,0
mixfake_music_dev_v1,RS-FM_LA_D_3258694_usrzF-0GbLY,0.004263640381395817,0
mixfake_music_dev_v1,RS-FM_LA_D_3262859_hZfCziBaGTI,0.011834593489766121,0
mixfake_music_dev_v1,RS-FM_LA_D_3262859_stobfk1Mfjk,0.09366974234580994,0
mixfake_music_dev_v1,RS-FM_LA_D_3280853_XjrVSk0_4vc,0.004933533258736134,0
mixfake_music_dev_v1,RS-FM_LA_D_3316221_m9MQdg0k1t0,0.00011283621279289946,0
mixfake_music_dev_v1,RS-FM_LA_D_3343965_mjZylz3nCwQ,0.011899717152118683,0
mixfake_music_dev_v1,RS-FM_LA_D_3387539_fake_51976_udio_0,0.0015936617273837328,0
mixfake_music_dev_v1,RS-FM_LA_D_3494648_wEHRmd84Dwc,0.0002508356992620975,0
mixfake_music_dev_v1,RS-FM_LA_D_3494648_yHd5DzIbWL8,4.413722490426153e-05,0
mixfake_music_dev_v1,RS-FM_LA_D_3500984_E3F9bzeCgTQ,0.0011217816499993205,0
mixfake_music_dev_v1,RS-FM_LA_D_3500984_fake_29830_suno_0,2.5388017093064263e-06,0
mixfake_music_dev_v1,RS-FM_LA_D_3514242_fake_35706_suno_0,2.4845808184181806e-06,0
mixfake_music_dev_v1,RS-FM_LA_D_3519840_XWhmLbnrtd0,0.0020390423014760017,0
mixfake_music_dev_v1,RS-FM_LA_D_3526885_dAAwzwexvUQ,2.5162877136608586e-05,0
mixfake_music_dev_v1,RS-FM_LA_D_3536394_4Lk8pUeLCwQ,0.0012577363522723317,0
mixfake_music_dev_v1,RS-FM_LA_D_3536394_FaRrq7cYu84,0.027051273733377457,0
mixfake_music_dev_v1,RS-FM_LA_D_3554499_We9P_UcHNk8,0.000802226597443223,0
mixfake_music_dev_v1,RS-FM_LA_D_3554499_fake_36444_suno_0,1.9981829609605484e-05,0
mixfake_music_dev_v1,RS-FM_LA_D_3559270_BxbB2_N5Xtk,0.000250529294135049,0
mixfake_music_dev_v1,RS-FM_LA_D_3559270_fake_49588_suno_1,4.643507054424845e-06,0
mixfake_music_dev_v1,RS-FM_LA_D_3596872_8rCYRgePG-4,0.000845727976411581,0
mixfake_music_dev_v1,RS-FM_LA_D_3608903_fake_38986_udio_0,0.0007480536005459726,0
mixfake_music_dev_v1,RS-FM_LA_D_3686487_AFwmMFq_xlc,0.013554948382079601,0
mixfake_music_dev_v1,RS-FM_LA_D_3694891_clefr8E-iZQ,0.04753844067454338,0
mixfake_music_dev_v1,RS-FM_LA_D_3698358_4T2KBwRxi_g,1.775136115611531e-05,0
mixfake_music_dev_v1,RS-FM_LA_D_3703286_AzGtPHlrlzU,0.037838321179151535,0
mixfake_music_dev_v1,RS-FM_LA_D_3703286_cY3g6N5Sokk,0.0005646006902679801,0
mixfake_music_dev_v1,RS-FM_LA_D_3714679_Q7oWXOByo28,0.00010779115109471604,0
mixfake_music_dev_v1,RS-FM_LA_D_3714679_a-11dtG7aK4,0.025894276797771454,0
mixfake_music_dev_v1,RS-FM_LA_D_3717777_4ueN2gGsH5Y,0.0009011754300445318,0
mixfake_music_dev_v1,RS-FM_LA_D_3733779_eVjcfdxSFKQ,0.0008759867050684988,0
mixfake_music_dev_v1,RS-FM_LA_D_3773719_hgJK2ZDgWtU,0.03088965453207493,0
mixfake_music_dev_v1,RS-FM_LA_D_3787070_Ae8o_FMI0Xs,0.0001514297182438895,0
mixfake_music_dev_v1,RS-FM_LA_D_3787070_fake_24864_udio_0,9.579682227922603e-05,0
mixfake_music_dev_v1,RS-FM_LA_D_3787464_HyyHwIK9SSI,0.000713329529389739,0
mixfake_music_dev_v1,RS-FM_LA_D_3787464_fake_50880_suno_1,9.047868729794573e-07,0
mixfake_music_dev_v1,RS-FM_LA_D_3792397_fake_11199_suno_0,2.110206423822092e-06,0
mixfake_music_dev_v1,RS-FM_LA_D_3805241_IL1n6jzABVw,0.10063497722148895,0
mixfake_music_dev_v1,RS-FM_LA_D_3806476_fake_09767_udio_0,0.010477951727807522,0
mixfake_music_dev_v1,RS-FM_LA_D_3836344_fake_24468_udio_0,1.3001696970604826e-05,0
mixfake_music_dev_v1,RS-FM_LA_D_3836344_qRLRLp-KTFs,3.707498763105832e-05,0
mixfake_music_dev_v1,RS-FM_LA_D_3857058_nXfqAzdu8IY,0.0002978153061121702,0
mixfake_music_dev_v1,RS-FM_LA_D_3887452_fake_27175_suno_1,0.00048510797205381095,0
mixfake_music_dev_v1,RS-FM_LA_D_3892057_uCCdUB7D10U,0.00043776651727966964,0
mixfake_music_dev_v1,RS-FM_LA_D_3909550_WtN6uiDikRM,0.0003852926311083138,0
mixfake_music_dev_v1,RS-FM_LA_D_3956242_fake_22220_suno_1,2.549759528847062e-06,0
mixfake_music_dev_v1,RS-FM_LA_D_4004968_TnCXmm-v3Ys,0.0015104429330676794,0
mixfake_music_dev_v1,RS-FM_LA_D_4013164_4Mm5mBgktG0,0.0021732375025749207,0
mixfake_music_dev_v1,RS-FM_LA_D_4041525_d-KxsdWX9xE,0.00046801212010905147,0
mixfake_music_dev_v1,RS-FM_LA_D_4146741_4i1aizhCnfg,0.0015432832296937704,0
mixfake_music_dev_v1,RS-FM_LA_D_4159059_fake_34765_udio_1,0.0006723525002598763,0
mixfake_music_dev_v1,RS-FM_LA_D_4198004_rQeikHMQGOM,0.00022660565446130931,0
mixfake_music_dev_v1,RS-FM_LA_D_4221800_fake_12545_udio_0,0.0009631339344196022,0
mixfake_music_dev_v1,RS-FM_LA_D_4226294_fake_39922_udio_1,8.189510845113546e-05,0
mixfake_music_dev_v1,RS-FM_LA_D_4226294_vo7BYs1OqbM,0.00017505134746897966,0
mixfake_music_dev_v1,RS-FM_LA_D_4296014_T78nMdsJMmk,0.00011010110756615177,0
mixfake_music_dev_v1,RS-FM_LA_D_4334876_fake_43789_suno_1,1.24800753837917e-05,0
mixfake_music_dev_v1,RS-FM_LA_D_4349047_dwAo0dKCyBI,1.1270318282186054e-05,0
mixfake_music_dev_v1,RS-FM_LA_D_4350271_fake_14867_udio_1,0.0019352149683982134,0
mixfake_music_dev_v1,RS-FM_LA_D_4350271_fake_31356_suno_0,7.158698167586408e-08,0
mixfake_music_dev_v1,RS-FM_LA_D_4367012_MEew7OQ17HY,0.0013811963144689798,0
mixfake_music_dev_v1,RS-FM_LA_D_4367012_iQAXwX28LLw,4.43813914898783e-05,0
mixfake_music_dev_v1,RS-FM_LA_D_4401633_3uz_ZrGsIaA,0.007288890890777111,0
mixfake_music_dev_v1,RS-FM_LA_D_4402714_fake_15954_suno_0,0.0047823116183280945,0
mixfake_music_dev_v1,RS-FM_LA_D_4462839_tk4s-nlhmEQ,0.0016353887040168047,0
mixfake_music_dev_v1,RS-FM_LA_D_4494387_fake_53664_udio_0,0.0005689659155905247,0
mixfake_music_dev_v1,RS-FM_LA_D_4511951_ow12iGt8z5Q,0.00015828687173780054,0
mixfake_music_dev_v1,RS-FM_LA_D_4511951_z31iCbkqYyw,0.007743975147604942,0
mixfake_music_dev_v1,RS-FM_LA_D_4571818_tz2TlSMmTp4,0.052079275250434875,0
mixfake_music_dev_v1,RS-FM_LA_D_4606004_2o1p83UjJFA,0.0020453024189919233,0
mixfake_music_dev_v1,RS-FM_LA_D_4645660_fake_45118_suno_0,0.0001887726248241961,0
mixfake_music_dev_v1,RS-FM_LA_D_4655594_LEG7xkYOsWA,0.0032679960131645203,0
mixfake_music_dev_v1,RS-FM_LA_D_4667621_fake_20244_udio_0,5.656056600855663e-06,0
mixfake_music_dev_v1,RS-FM_LA_D_4723086_0s0Uy0-zBa0,0.040086276829242706,0
mixfake_music_dev_v1,RS-FM_LA_D_4723086_p1-07VdP__Q,0.12141720950603485,0
mixfake_music_dev_v1,RS-FM_LA_D_4723558_fake_53195_suno_0,2.5659687707957346e-07,0
mixfake_music_dev_v1,RS-FM_LA_D_4739519_fake_44857_udio_0,2.067749846901279e-06,0
mixfake_music_dev_v1,RS-FM_LA_D_4767028_WI2d5vDJeLo,0.0014992115320637822,0
mixfake_music_dev_v1,RS-FM_LA_D_4771783_4QJktFv916o,0.04471888393163681,0
mixfake_music_dev_v1,RS-FM_LA_D_4771783_fake_51427_suno_1,0.0017495746724307537,0
mixfake_music_dev_v1,RS-FM_LA_D_4777626_fake_34425_udio_1,1.6365338524337858e-06,0
mixfake_music_dev_v1,RS-FM_LA_D_4777881_MpWGx5odhh8,0.003289434826001525,0
mixfake_music_dev_v1,RS-FM_LA_D_4784827_TPYNIc_M1ng,7.684844604227692e-05,0
mixfake_music_dev_v1,RS-FM_LA_D_4796882_fake_23934_udio_0,0.0004286037292331457,0
mixfake_music_dev_v1,RS-FM_LA_D_4816127_fake_22632_udio_0,0.0017451512394472957,0
mixfake_music_dev_v1,RS-FM_LA_D_4833247_InfQUMh935c,5.5004755267873406e-05,0
mixfake_music_dev_v1,RS-FM_LA_D_4838520_fake_39777_suno_0,7.629121682839468e-06,0
mixfake_music_dev_v1,RS-FM_LA_D_4876121_fake_03475_suno_1,4.558029047529999e-07,0
mixfake_music_dev_v1,RS-FM_LA_D_4876121_fake_43520_suno_0,0.0009658267954364419,0
mixfake_music_dev_v1,RS-FM_LA_D_4890059_AAWe4zRLVVU,0.002435901667922735,0
mixfake_music_dev_v1,RS-FM_LA_D_4941205_fake_33871_udio_1,0.0008644360350444913,0
mixfake_music_dev_v1,RS-FM_LA_D_4969859_fake_02021_suno_0,0.0003664915566332638,0
mixfake_music_dev_v1,RS-FM_LA_D_4981154_uqUNGNZoxrg,0.00027642844361253083,0
mixfake_music_dev_v1,RS-FM_LA_D_5018258_GcOOmVSM8Uw,0.04167279601097107,0
mixfake_music_dev_v1,RS-FM_LA_D_5018258_OzaVvthCvtk,0.07807433605194092,0
mixfake_music_dev_v1,RS-FM_LA_D_5066833_bYwoYjbPm-I,0.0035346364602446556,0
mixfake_music_dev_v1,RS-FM_LA_D_5175785_fake_26077_udio_0,0.0005670872633345425,0
mixfake_music_dev_v1,RS-FM_LA_D_5178609_Bgsy5UpXx8I,0.00041213573422282934,0
mixfake_music_dev_v1,RS-FM_LA_D_5178609_fake_53547_suno_0,3.6639121390180662e-06,0
mixfake_music_dev_v1,RS-FM_LA_D_5260084_MS8VU468rKk,0.0026043332181870937,0
mixfake_music_dev_v1,RS-FM_LA_D_5278285_fake_25837_udio_0,0.0002007278089877218,0
mixfake_music_dev_v1,RS-FM_LA_D_5324608_fake_03140_udio_1,7.542034836660605e-07,0
mixfake_music_dev_v1,RS-FM_LA_D_5324608_fake_35430_suno_1,0.00016211056208703667,0
mixfake_music_dev_v1,RS-FM_LA_D_5348059_fake_47034_udio_1,4.6766312152612954e-05,0
mixfake_music_dev_v1,RS-FM_LA_D_5411434_fake_12720_suno_1,0.000102012294519227,0
mixfake_music_dev_v1,RS-FM_LA_D_5415483_nBSMh7pgn2o,0.0020380362402647734,0
mixfake_music_dev_v1,RS-FM_LA_D_5445492_fake_52568_suno_0,7.924181772978045e-06,0
mixfake_music_dev_v1,RS-FM_LA_D_5445492_fake_53703_udio_0,4.114274815947283e-06,0
mixfake_music_dev_v1,RS-FM_LA_D_5463411_R77XPtKgvy4,5.9471560234669596e-05,0
mixfake_music_dev_v1,RS-FM_LA_D_5467345_T7bG4kIEw-M,0.0007786003989167511,0
mixfake_music_dev_v1,RS-FM_LA_D_5521568_kQw2NQ_eqyg,6.664734246442094e-05,0
mixfake_music_dev_v1,RS-FM_LA_D_5540152_-5FoeegAgvU,0.0016500776400789618,0
mixfake_music_dev_v1,RS-FM_LA_D_5545304_0jFQ21A6GRA,0.0014504995197057724,0
mixfake_music_dev_v1,RS-FM_LA_D_5545304_XzlDa1dzUh4,0.0006812483770772815,0
mixfake_music_dev_v1,RS-FM_LA_D_5604212_wxKtBDKasgM,0.0012046179035678506,0
mixfake_music_dev_v1,RS-FM_LA_D_5607743_7S3fU4RHabw,0.008334564045071602,0
mixfake_music_dev_v1,RS-FM_LA_D_5607743_Vfcfj4OIJXE,0.0005925619625486434,0
mixfake_music_dev_v1,RS-FM_LA_D_5607743_caFMauLQvd4,0.0046193841844797134,0
mixfake_music_dev_v1,RS-FM_LA_D_5611098_KeSbjmMeyrY,0.00017386628314852715,0
mixfake_music_dev_v1,RS-FM_LA_D_5636069_Gw0KmZ3kbjs,0.0007346792845055461,0
mixfake_music_dev_v1,RS-FM_LA_D_5636069_j5R0hwX27Gk,0.004141269251704216,0
mixfake_music_dev_v1,RS-FM_LA_D_5684697_fake_30345_udio_1,5.2805084123974666e-05,0
mixfake_music_dev_v1,RS-FM_LA_D_5684697_fake_48009_udio_1,0.0006420885911211371,0
mixfake_music_dev_v1,RS-FM_LA_D_5700038_fake_50216_suno_1,2.976620976369304e-07,0
mixfake_music_dev_v1,RS-FM_LA_D_5738969_fake_52064_suno_1,0.0010870964033529162,0
mixfake_music_dev_v1,RS-FM_LA_D_5907410_fake_24056_suno_1,0.0002653527189977467,0
mixfake_music_dev_v1,RS-FM_LA_D_5925557_Ail32Z1T4QM,0.009944546967744827,0
mixfake_music_dev_v1,RS-FM_LA_D_5934426_IO5QJRyoqO8,0.0013703926233574748,0
mixfake_music_dev_v1,RS-FM_LA_D_5934426_OBJM1TqPvu4,0.00523608410730958,0
mixfake_music_dev_v1,RS-FM_LA_D_5947257__b5n-mny1lM,0.020663052797317505,0
mixfake_music_dev_v1,RS-FM_LA_D_5965283_tIRHm8VhK_4,0.0003341861884109676,0
mixfake_music_dev_v1,RS-FM_LA_D_6067380_CwmUMySSNQc,0.013769252225756645,0
mixfake_music_dev_v1,RS-FM_LA_D_6067380_fake_51082_suno_0,1.2565564020405873e-06,0
mixfake_music_dev_v1,RS-FM_LA_D_6068075_VsMy72BoIbU,0.00015326953143812716,0
mixfake_music_dev_v1,RS-FM_LA_D_6068075_a-P0p_UtagM,0.0035285938065499067,0
mixfake_music_dev_v1,RS-FM_LA_D_6073354_fake_21719_suno_1,1.6489053450641222e-05,0
mixfake_music_dev_v1,RS-FM_LA_D_6212089_xmSMAmnoRug,0.001823607599362731,0
mixfake_music_dev_v1,RS-FM_LA_D_6265671_zRixZ7mWwho,0.02176234871149063,0
mixfake_music_dev_v1,RS-FM_LA_D_6266231_fake_20460_suno_0,5.503132797457511e-06,0
mixfake_music_dev_v1,RS-FM_LA_D_6283341_aCUZuMblJPg,0.002469870261847973,0
mixfake_music_dev_v1,RS-FM_LA_D_6287239_4kyWH8eWP8M,0.00010022376955021173,0
mixfake_music_dev_v1,RS-FM_LA_D_6287239_fake_31117_suno_1,6.320272950688377e-05,0
mixfake_music_dev_v1,RS-FM_LA_D_6288557_fake_20577_udio_0,7.015010487521067e-05,0
mixfake_music_dev_v1,RS-FM_LA_D_6311046_P0vjXnnIiR4,0.0025798205751925707,0
mixfake_music_dev_v1,RS-FM_LA_D_6311046_fake_14806_udio_0,0.0030029192566871643,0
mixfake_music_dev_v1,RS-FM_LA_D_6401877_FYFapDVOFHg,0.0036694169975817204,0
mixfake_music_dev_v1,RS-FM_LA_D_6401877_idVCpQaByc4,0.0021534764673560858,0
mixfake_music_dev_v1,RS-FM_LA_D_6402048_LEG7xkYOsWA,0.00018547600484453142,0
mixfake_music_dev_v1,RS-FM_LA_D_6402048_aUXKK9AmrPU,0.0427742563188076,0
mixfake_music_dev_v1,RS-FM_LA_D_6421519_cYRsnYEPIiM,0.010503191500902176,0
mixfake_music_dev_v1,RS-FM_LA_D_6421519_fake_47529_suno_0,0.0006506001227535307,0
mixfake_music_dev_v1,RS-FM_LA_D_6452789_fake_29189_suno_0,0.0001086791671696119,0
mixfake_music_dev_v1,RS-FM_LA_D_6452789_xUMzNtC2ITA,0.004369558300822973,0
mixfake_music_dev_v1,RS-FM_LA_D_6458272_fake_51591_suno_0,6.52212861496082e-07,0
mixfake_music_dev_v1,RS-FM_LA_D_6458272_tuoBmxts5Xo,4.8515234084334224e-05,0
mixfake_music_dev_v1,RS-FM_LA_D_6495848_AUPmWhim37Y,9.324830898549408e-05,0
mixfake_music_dev_v1,RS-FM_LA_D_6549373_fake_37371_udio_1,0.0007893081055954099,0
mixfake_music_dev_v1,RS-FM_LA_D_6568071_fake_50523_suno_0,1.4481641301244963e-05,0
mixfake_music_dev_v1,RS-FM_LA_D_6593270_-CUp_Tmg2Y0,0.0018325791461393237,0
mixfake_music_dev_v1,RS-FM_LA_D_6593270_fake_47653_udio_1,0.0015469202771782875,0
mixfake_music_dev_v1,RS-FM_LA_D_6598628_fake_45135_udio_1,2.602571839815937e-05,0
mixfake_music_dev_v1,RS-FM_LA_D_6598628_fake_51390_suno_0,2.4430187295365613e-06,0
mixfake_music_dev_v1,RS-FM_LA_D_6622348_4Ua6i_VDYU4,0.0003340323455631733,0
mixfake_music_dev_v1,RS-FM_LA_D_6622348_iX_a2Ct0ya8,0.04302439093589783,0
mixfake_music_dev_v1,RS-FM_LA_D_6704472_SkIDF7iNJQE,0.0004557462234515697,0
mixfake_music_dev_v1,RS-FM_LA_D_6724166_f8fUFmjqXZo,5.7171855587512255e-06,0
mixfake_music_dev_v1,RS-FM_LA_D_6733447_9IdAIIywBfY,0.0011466809082776308,0
mixfake_music_dev_v1,RS-FM_LA_D_6733447_fxznho_kNPY,3.5020213545067236e-05,0
mixfake_music_dev_v1,RS-FM_LA_D_6752758_0TV9zvfwFhs,3.119837128906511e-05,0
mixfake_music_dev_v1,RS-FM_LA_D_6752758_tcOHcop3sCQ,0.006611088756471872,0
mixfake_music_dev_v1,RS-FM_LA_D_6780824_fake_23000_suno_1,3.6950004869140685e-05,0
mixfake_music_dev_v1,RS-FM_LA_D_6806996_18mS4cLPOb8,0.13839060068130493,0
mixfake_music_dev_v1,RS-FM_LA_D_6806996_LHTA8VZGoMs,0.0021960146259516478,0
mixfake_music_dev_v1,RS-FM_LA_D_6838449_fake_31736_udio_1,5.725105438614264e-05,0
mixfake_music_dev_v1,RS-FM_LA_D_6843468_zayC5mUo7sY,0.003848548047244549,0
mixfake_music_dev_v1,RS-FM_LA_D_6853055_n_boIyhZqWc,0.001283759600482881,0
mixfake_music_dev_v1,RS-FM_LA_D_6853824_X_nfMNpw9SA,0.01091029029339552,0
mixfake_music_dev_v1,RS-FM_LA_D_6903853_zjsWFvUkh7M,0.000896674464456737,0
mixfake_music_dev_v1,RS-FM_LA_D_6972066_YtYjdkTK5oY,0.0072614471428096294,0
mixfake_music_dev_v1,RS-FM_LA_D_6986371_CrkxrgTiVyk,0.00025424922932870686,0
mixfake_music_dev_v1,RS-FM_LA_D_6986371_iQ7qeIrssds,0.0005787651753053069,0
mixfake_music_dev_v1,RS-FM_LA_D_6989506_fake_25220_udio_1,0.0009829172631725669,0
mixfake_music_dev_v1,RS-FM_LA_D_6989506_rVdI-aD9pq8,0.0031784214079380035,0
mixfake_music_dev_v1,RS-FM_LA_D_7066960_0nk7utNkHOY,0.005664695054292679,0
mixfake_music_dev_v1,RS-FM_LA_D_7066960_fake_09073_udio_1,0.0014470366295427084,0
mixfake_music_dev_v1,RS-FM_LA_D_7081771_NLQts9t7d8k,0.00031723466236144304,0
mixfake_music_dev_v1,RS-FM_LA_D_7110669_7ZXz3Xa7APs,0.0007604564889334142,0
mixfake_music_dev_v1,RS-FM_LA_D_7130070_2G5bSYHcJSM,0.00022815357078798115,0
mixfake_music_dev_v1,RS-FM_LA_D_7130070_yBYd03Hr2kQ,0.054136715829372406,0
mixfake_music_dev_v1,RS-FM_LA_D_7179593_O0y-m0pCi5E,0.003273013746365905,0
mixfake_music_dev_v1,RS-FM_LA_D_7234581_4i11P4OCRfk,0.00141367525793612,0
mixfake_music_dev_v1,RS-FM_LA_D_7253146_FNnKFUkFJ5M,0.001621406408958137,0
mixfake_music_dev_v1,RS-FM_LA_D_7267402_01hjVJN9xCg,0.0036635552532970905,0
mixfake_music_dev_v1,RS-FM_LA_D_7277373_3JYQgXudiH8,0.0009798849932849407,0
mixfake_music_dev_v1,RS-FM_LA_D_7344200_chw8sAKOM5k,0.1813066154718399,0
mixfake_music_dev_v1,RS-FM_LA_D_7366267_5AdeNHlPnvs,0.0034503790084272623,0
mixfake_music_dev_v1,RS-FM_LA_D_7366267_fake_05370_udio_0,3.3345233987347456e-06,0
mixfake_music_dev_v1,RS-FM_LA_D_7433591_BjIksWR4oKw,0.00045607303036376834,0
mixfake_music_dev_v1,RS-FM_LA_D_7433591_Rhn6K9HCbC8,9.445135947316885e-05,0
mixfake_music_dev_v1,RS-FM_LA_D_7460902_Q7oWXOByo28,0.0010497705079615116,0
mixfake_music_dev_v1,RS-FM_LA_D_7512294_fake_40140_suno_0,5.150936885911506e-06,0
mixfake_music_dev_v1,RS-FM_LA_D_7518137_BiPwCMlghhQ,0.0003598376642912626,0
mixfake_music_dev_v1,RS-FM_LA_D_7562190_HLXGkzzQHUU,0.0003171188582200557,0
mixfake_music_dev_v1,RS-FM_LA_D_7596579_24cmo2fEQo8,0.00022421595349442214,0
mixfake_music_dev_v1,RS-FM_LA_D_7596579_dbenNuhAW_I,0.00407846923917532,0
mixfake_music_dev_v1,RS-FM_LA_D_7596579_fWu8vVSSkNQ,9.603325452189893e-05,0
mixfake_music_dev_v1,RS-FM_LA_D_7596619_fake_13215_suno_0,1.2966205531483865e-06,0
mixfake_music_dev_v1,RS-FM_LA_D_7605047_yIFP8fkq8GU,0.0009076072019524872,0
mixfake_music_dev_v1,RS-FM_LA_D_7611990_fake_40957_suno_0,0.0017236195271834731,0
mixfake_music_dev_v1,RS-FM_LA_D_7629182_yfaxqwNHe7w,0.003947474528104067,0
mixfake_music_dev_v1,RS-FM_LA_D_7640990_fake_48246_suno_1,1.6803163305212365e-07,0
mixfake_music_dev_v1,RS-FM_LA_D_7640990_fake_48460_udio_1,0.0017090270994231105,0
mixfake_music_dev_v1,RS-FM_LA_D_7727446_DA8lw6Mq0DY,0.0017849087016656995,0
mixfake_music_dev_v1,RS-FM_LA_D_7727446_fake_06121_suno_0,8.034169951542935e-08,0
mixfake_music_dev_v1,RS-FM_LA_D_7757579_Ee6MP1bIRUA,0.0002156936243409291,0
mixfake_music_dev_v1,RS-FM_LA_D_7783250_fake_35123_suno_0,0.00034138208138756454,0
mixfake_music_dev_v1,RS-FM_LA_D_7783288_fake_17155_udio_1,0.0006157458410598338,0
mixfake_music_dev_v1,RS-FM_LA_D_7783288_fake_26329_udio_1,0.0006465581245720387,0
mixfake_music_dev_v1,RS-FM_LA_D_7783288_mWL9_WIbykw,0.050999533385038376,0
mixfake_music_dev_v1,RS-FM_LA_D_7787517_R4jlQEweREY,0.001321894582360983,0
mixfake_music_dev_v1,RS-FM_LA_D_7866849_HEk4fx_XNNE,0.0069884140975773335,0
mixfake_music_dev_v1,RS-FM_LA_D_7866849_fake_23581_udio_0,7.151926547521725e-05,0
mixfake_music_dev_v1,RS-FM_LA_D_7878191_X1KJfb5xhr4,0.007030591834336519,0
mixfake_music_dev_v1,RS-FM_LA_D_7878191_fake_22964_suno_0,8.421570782957133e-06,0
mixfake_music_dev_v1,RS-FM_LA_D_7879955_nSinUcyFFqg,8.242662443080917e-05,0
mixfake_music_dev_v1,RS-FM_LA_D_7879955_tFVvupXoRoM,4.072128649568185e-05,0
mixfake_music_dev_v1,RS-FM_LA_D_7879955_zOvFaef41iw,0.002234207233414054,0
mixfake_music_dev_v1,RS-FM_LA_D_7885719_fake_47288_udio_0,0.014589288271963596,0
mixfake_music_dev_v1,RS-FM_LA_D_7916368_TworrkXAPuI,0.0031419352162629366,0
mixfake_music_dev_v1,RS-FM_LA_D_7957211_OBJM1TqPvu4,0.0010141708189621568,0
mixfake_music_dev_v1,RS-FM_LA_D_7957211_bHiRX6QYwEk,0.0006868303171359003,0
mixfake_music_dev_v1,RS-FM_LA_D_8017606_NIcsJ8sEd0M,0.00019306935428176075,0
mixfake_music_dev_v1,RS-FM_LA_D_8017606_uNUx8rqcy0M,0.0003730619209818542,0
mixfake_music_dev_v1,RS-FM_LA_D_8059879_DhnNZn8JjEQ,0.00015818217070773244,0
mixfake_music_dev_v1,RS-FM_LA_D_8076652_fake_46365_suno_1,7.419614121317863e-05,0
mixfake_music_dev_v1,RS-FM_LA_D_8094862_R7gHB-YuUZM,0.007807302754372358,0
mixfake_music_dev_v1,RS-FM_LA_D_8179191_KHjEIheD-Cg,0.0035233094822615385,0
mixfake_music_dev_v1,RS-FM_LA_D_8179191_jfxTOlXF3Kk,4.7063738747965544e-05,0
mixfake_music_dev_v1,RS-FM_LA_D_8179191_vOAXAoHtl7o,0.0002846883435267955,0
mixfake_music_dev_v1,RS-FM_LA_D_8232673_AJj6GGLaIfI,0.004131652414798737,0
mixfake_music_dev_v1,RS-FM_LA_D_8277825_fake_09403_udio_0,2.3061864339979365e-05,0
mixfake_music_dev_v1,RS-FM_LA_D_8277825_fake_53090_suno_0,0.0019898242317140102,0
mixfake_music_dev_v1,RS-FM_LA_D_8302640_d6w3d9S1LVM,0.014084489084780216,0
mixfake_music_dev_v1,RS-FM_LA_D_8316995_7vC1iriZlX8,0.005148566793650389,0
mixfake_music_dev_v1,RS-FM_LA_D_8316995_fake_30522_udio_0,0.00042705031228251755,0
mixfake_music_dev_v1,RS-FM_LA_D_8340433_2f7NnTVQzR0,0.0076727368868887424,0
mixfake_music_dev_v1,RS-FM_LA_D_8342132_ZLxhZcS3Ppw,0.0016985806869342923,0
mixfake_music_dev_v1,RS-FM_LA_D_8428131_9L6ePkWtZI4,0.003773365868255496,0
mixfake_music_dev_v1,RS-FM_LA_D_8450008_fxznho_kNPY,0.0036784145049750805,0
mixfake_music_dev_v1,RS-FM_LA_D_8492975_BgTB_xt11bA,0.00025966527755372226,0
mixfake_music_dev_v1,RS-FM_LA_D_8492975_C-7ubPOCeJk,0.00033151180832646787,0
mixfake_music_dev_v1,RS-FM_LA_D_8568451_SUclDZHax0w,0.07630503177642822,0
mixfake_music_dev_v1,RS-FM_LA_D_8591429_1i1sbQOILb0,0.0026553140487521887,0
mixfake_music_dev_v1,RS-FM_LA_D_8635476_fake_46070_suno_1,6.0638627473963425e-05,0
mixfake_music_dev_v1,RS-FM_LA_D_8635731__gWEpDgPAho,0.00036711362190544605,0
mixfake_music_dev_v1,RS-FM_LA_D_8635731_u6tgeRXOxnU,5.749265619670041e-05,0
mixfake_music_dev_v1,RS-FM_LA_D_8637288_Y02VBGoTi9w,0.005334879271686077,0
mixfake_music_dev_v1,RS-FM_LA_D_8637288_xrqDoBor2dk,0.0001929775025928393,0
mixfake_music_dev_v1,RS-FM_LA_D_8672684_fake_15084_udio_1,0.008744954131543636,0
mixfake_music_dev_v1,RS-FM_LA_D_8672684_ymuRKv9iJm4,0.005044650752097368,0
mixfake_music_dev_v1,RS-FM_LA_D_8696046_wQN7fRaPl2A,0.0002937383542302996,0
mixfake_music_dev_v1,RS-FM_LA_D_8736165_fake_38362_udio_1,0.0002058911632047966,0
mixfake_music_dev_v1,RS-FM_LA_D_8792865_fake_31421_udio_1,0.00028201015084050596,0
mixfake_music_dev_v1,RS-FM_LA_D_8826808_D6xrH93lnoc,0.0031559227500110865,0
mixfake_music_dev_v1,RS-FM_LA_D_8826808_fake_23607_udio_1,0.005245732143521309,0
mixfake_music_dev_v1,RS-FM_LA_D_8826808_xyAbP5XfGz8,0.004460887983441353,0
mixfake_music_dev_v1,RS-FM_LA_D_8925545_NcsYdCbKgcc,0.00024436277453787625,0
mixfake_music_dev_v1,RS-FM_LA_D_8925545_fake_28613_suno_0,5.634367698803544e-05,0
mixfake_music_dev_v1,RS-FM_LA_D_8942125_-o0ZtQIkM60,0.03450574353337288,0
mixfake_music_dev_v1,RS-FM_LA_D_8942125_fake_16677_udio_0,0.00019197053916286677,0
mixfake_music_dev_v1,RS-FM_LA_D_8942125_fake_53255_suno_0,9.914441761793569e-05,0
mixfake_music_dev_v1,RS-FM_LA_D_8982290_KxUcwQ5BEBk,2.1268753698677756e-05,0
mixfake_music_dev_v1,RS-FM_LA_D_8995264_-RYtUAsNhF0,0.0009220330393873155,0
mixfake_music_dev_v1,RS-FM_LA_D_8995264_AAoqx07aTRI,0.0006803221767768264,0
mixfake_music_dev_v1,RS-FM_LA_D_9006057_31iD2VPLMxQ,0.009249895811080933,0
mixfake_music_dev_v1,RS-FM_LA_D_9006057_N-dzfI3L5ic,0.0004615095385815948,0
mixfake_music_dev_v1,RS-FM_LA_D_9060455_bTlp5Qr99RY,0.006452294997870922,0
mixfake_music_dev_v1,RS-FM_LA_D_9064936_4ezo771lGts,0.0003942120529245585,0
mixfake_music_dev_v1,RS-FM_LA_D_9065762_dNQh2iLVAoY,7.907226972747594e-06,0
mixfake_music_dev_v1,RS-FM_LA_D_9113203_axqtExFY5-s,0.0013742638984695077,0
mixfake_music_dev_v1,RS-FM_LA_D_9125966_A4vwbziwPm8,0.0068175108171999454,0
mixfake_music_dev_v1,RS-FM_LA_D_9126745_H6Y_7Ax34-g,0.007426383439451456,0
mixfake_music_dev_v1,RS-FM_LA_D_9132872_HfBh3lZZi8Q,8.88831345946528e-05,0
mixfake_music_dev_v1,RS-FM_LA_D_9132872_Z31gI08SMzI,0.0003430546203162521,0
mixfake_music_dev_v1,RS-FM_LA_D_9132872_fake_16177_udio_1,0.0008448641165159643,0
mixfake_music_dev_v1,RS-FM_LA_D_9146484_aXDgw2fLHAA,0.008734085597097874,0
mixfake_music_dev_v1,RS-FM_LA_D_9148460_fake_29612_suno_0,4.660381455323659e-05,0
mixfake_music_dev_v1,RS-FM_LA_D_9241229_mlpTCec4igo,0.004179282113909721,0
mixfake_music_dev_v1,RS-FM_LA_D_9300277_fake_30852_udio_0,0.0039012045599520206,0
mixfake_music_dev_v1,RS-FM_LA_D_9300277_fake_38761_udio_1,0.0009713988984003663,0
mixfake_music_dev_v1,RS-FM_LA_D_9304099_o6ZQNr0Tpz4,0.032049305737018585,0
mixfake_music_dev_v1,RS-FM_LA_D_9348889_fake_27892_suno_1,5.660648639604915e-06,0
mixfake_music_dev_v1,RS-FM_LA_D_9354139_fake_53215_udio_1,0.008610878139734268,0
mixfake_music_dev_v1,RS-FM_LA_D_9374684_Ieef9l-gWN8,0.0016533327288925648,0
mixfake_music_dev_v1,RS-FM_LA_D_9471952_bt7rDryN7G4,0.0008678734884597361,0
mixfake_music_dev_v1,RS-FM_LA_D_9471952_fake_44668_udio_1,0.000274570076726377,0
mixfake_music_dev_v1,RS-FM_LA_D_9496441_-mA_bqD1tgU,4.376836386654759e-06,0
mixfake_music_dev_v1,RS-FM_LA_D_9496441_fake_20634_suno_1,4.715678369393572e-05,0
mixfake_music_dev_v1,RS-FM_LA_D_9496441_fake_45215_udio_0,0.00047865163651295006,0
mixfake_music_dev_v1,RS-FM_LA_D_9508570_KFB1raoIhoU,0.00788608007133007,0
mixfake_music_dev_v1,RS-FM_LA_D_9508570_fake_35288_suno_1,2.5148801796603948e-06,0
mixfake_music_dev_v1,RS-FM_LA_D_9515167_4Udqs0trpMw,0.033708833158016205,0
mixfake_music_dev_v1,RS-FM_LA_D_9543794_NmMJgUo19Gk,0.000799535948317498,0
mixfake_music_dev_v1,RS-FM_LA_D_9595794_fake_28154_udio_0,0.00011915451614186168,0
mixfake_music_dev_v1,RS-FM_LA_D_9676445_JCfZpSEH77Y,0.0015266466652974486,0
mixfake_music_dev_v1,RS-FM_LA_D_9697774_3zPvfVmL0nE,0.0010673992801457644,0
mixfake_music_dev_v1,RS-FM_LA_D_9697774_J_Raltj-6dk,6.89195076120086e-05,0
mixfake_music_dev_v1,RS-FM_LA_D_9829008_fake_52731_suno_0,5.935561148362467e-06,0
mixfake_music_dev_v1,RS-FM_LA_D_9937608_fake_48025_suno_0,0.0003729219897650182,0
mixfake_music_dev_v1,RS-FM_LA_D_9997701_uy3nQ9VYE-Q,1.727491144265514e-05,0
mixfake_music_dev_v1,RS-RM_LA_D_1056044_083066,0.0001446274691261351,0
mixfake_music_dev_v1,RS-RM_LA_D_1056044_118052,0.00026284734485670924,0
mixfake_music_dev_v1,RS-RM_LA_D_1084356_130870,2.5565999749233015e-05,0
mixfake_music_dev_v1,RS-RM_LA_D_1096053_051299,1.3868100722902454e-05,0
mixfake_music_dev_v1,RS-RM_LA_D_1096053_094791,0.002221643226221204,0
mixfake_music_dev_v1,RS-RM_LA_D_1105131_013744,0.000546395720448345,0
mixfake_music_dev_v1,RS-RM_LA_D_1118839_074135,0.00011606246698647738,0
mixfake_music_dev_v1,RS-RM_LA_D_1129909_120191,4.603888373821974e-05,0
mixfake_music_dev_v1,RS-RM_LA_D_1129909_123340,5.378963692237448e-07,0
mixfake_music_dev_v1,RS-RM_LA_D_1129909_126510,9.908156243909616e-06,0
mixfake_music_dev_v1,RS-RM_LA_D_1240976_076385,0.00025107714463956654,0
mixfake_music_dev_v1,RS-RM_LA_D_1246607_000894,5.472730117617175e-05,0
mixfake_music_dev_v1,RS-RM_LA_D_1275044_044971,0.0007963645039126277,0
mixfake_music_dev_v1,RS-RM_LA_D_1313431_123978,0.0013428969541564584,0
mixfake_music_dev_v1,RS-RM_LA_D_1377420_066124,0.0032938059885054827,0
mixfake_music_dev_v1,RS-RM_LA_D_1377420_113808,7.986538548721e-05,0
mixfake_music_dev_v1,RS-RM_LA_D_1377420_139535,0.0029043671675026417,0
mixfake_music_dev_v1,RS-RM_LA_D_1400319_129001,0.002880346728488803,0
mixfake_music_dev_v1,RS-RM_LA_D_1427710_021363,4.838323366129771e-05,0
mixfake_music_dev_v1,RS-RM_LA_D_1473255_116723,0.003627759637311101,0
mixfake_music_dev_v1,RS-RM_LA_D_1487726_013768,0.0018145760986953974,0
mixfake_music_dev_v1,RS-RM_LA_D_1487726_132272,0.003007375169545412,0
mixfake_music_dev_v1,RS-RM_LA_D_1519237_003857,0.0035754337441176176,0
mixfake_music_dev_v1,RS-RM_LA_D_1562732_012833,0.0012949617812409997,0
mixfake_music_dev_v1,RS-RM_LA_D_1562732_100519,0.0010192275512963533,0
mixfake_music_dev_v1,RS-RM_LA_D_1592094_098805,0.0005559495184570551,0
mixfake_music_dev_v1,RS-RM_LA_D_1592094_106873,0.0010788717772811651,0
mixfake_music_dev_v1,RS-RM_LA_D_1659462_071393,0.00023227320343721658,0
mixfake_music_dev_v1,RS-RM_LA_D_1659462_104086,0.00809946283698082,0
mixfake_music_dev_v1,RS-RM_LA_D_1686743_059455,0.00011027469736291096,0
mixfake_music_dev_v1,RS-RM_LA_D_1703452_058341,0.00022637889196630567,0
mixfake_music_dev_v1,RS-RM_LA_D_1714000_045057,0.0019859832245856524,0
mixfake_music_dev_v1,RS-RM_LA_D_1722779_014969,0.0001871899439720437,0
mixfake_music_dev_v1,RS-RM_LA_D_1722779_028571,0.0005068921600468457,0
mixfake_music_dev_v1,RS-RM_LA_D_1736286_043156,0.0021395618095993996,0
mixfake_music_dev_v1,RS-RM_LA_D_1775211_145432,9.162784408545122e-05,0
mixfake_music_dev_v1,RS-RM_LA_D_1820875_024923,0.007783581968396902,0
mixfake_music_dev_v1,RS-RM_LA_D_1820875_032744,0.0003036112757399678,0
mixfake_music_dev_v1,RS-RM_LA_D_1823771_096944,0.0008629928925074637,0
mixfake_music_dev_v1,RS-RM_LA_D_1823771_115008,0.0009377250680699944,0
mixfake_music_dev_v1,RS-RM_LA_D_1838177_099001,0.019625701010227203,0
mixfake_music_dev_v1,RS-RM_LA_D_1842990_124740,0.006649038288742304,0
mixfake_music_dev_v1,RS-RM_LA_D_1859048_137892,0.001335910870693624,0
mixfake_music_dev_v1,RS-RM_LA_D_1896334_098999,0.00017892233154270798,0
mixfake_music_dev_v1,RS-RM_LA_D_1954410_060337,0.0003250448207836598,0
mixfake_music_dev_v1,RS-RM_LA_D_1961293_011319,7.219317922135815e-05,0
mixfake_music_dev_v1,RS-RM_LA_D_1961293_147769,0.0009242261876352131,0
mixfake_music_dev_v1,RS-RM_LA_D_1983415_014318,0.01429816149175167,0
mixfake_music_dev_v1,RS-RM_LA_D_2053527_084054,0.07193071395158768,0
mixfake_music_dev_v1,RS-RM_LA_D_2053527_117881,0.016143713146448135,0
mixfake_music_dev_v1,RS-RM_LA_D_2143384_059173,0.03642553836107254,0
mixfake_music_dev_v1,RS-RM_LA_D_2178723_005022,0.01874682493507862,0
mixfake_music_dev_v1,RS-RM_LA_D_2212414_095248,0.003170982003211975,0
mixfake_music_dev_v1,RS-RM_LA_D_2212414_112455,0.006095163989812136,0
mixfake_music_dev_v1,RS-RM_LA_D_2230192_034429,0.0006177396862767637,0
mixfake_music_dev_v1,RS-RM_LA_D_2242311_085259,8.140633553921361e-07,0
mixfake_music_dev_v1,RS-RM_LA_D_2250508_051937,0.001999432221055031,0
mixfake_music_dev_v1,RS-RM_LA_D_2250508_108310,0.0002146841725334525,0
mixfake_music_dev_v1,RS-RM_LA_D_2252677_100796,0.0005919878603890538,0
mixfake_music_dev_v1,RS-RM_LA_D_2294476_086152,0.000630709168035537,0
mixfake_music_dev_v1,RS-RM_LA_D_2303609_091709,0.0002979786368086934,0
mixfake_music_dev_v1,RS-RM_LA_D_2338525_041388,0.0002102670696331188,0
mixfake_music_dev_v1,RS-RM_LA_D_2338525_094337,7.829874084563926e-05,0
mixfake_music_dev_v1,RS-RM_LA_D_2407623_107846,0.0015443983720615506,0
mixfake_music_dev_v1,RS-RM_LA_D_2411901_150161,0.0017576219979673624,0
mixfake_music_dev_v1,RS-RM_LA_D_2417193_137419,0.0001987394061870873,0
mixfake_music_dev_v1,RS-RM_LA_D_2462911_126602,0.0026638018898665905,0
mixfake_music_dev_v1,RS-RM_LA_D_2552799_063117,0.0009300852543674409,0
mixfake_music_dev_v1,RS-RM_LA_D_2578749_043518,0.0011935948859900236,0
mixfake_music_dev_v1,RS-RM_LA_D_2578749_087371,0.025371702387928963,0
mixfake_music_dev_v1,RS-RM_LA_D_2578749_100476,0.013283533975481987,0
mixfake_music_dev_v1,RS-RM_LA_D_2578749_131966,0.0006053122342564166,0
mixfake_music_dev_v1,RS-RM_LA_D_2589925_016747,0.00019112326845061034,0
mixfake_music_dev_v1,RS-RM_LA_D_2589925_022479,0.0019087055698037148,0
mixfake_music_dev_v1,RS-RM_LA_D_2644387_118276,4.496918700169772e-05,0
mixfake_music_dev_v1,RS-RM_LA_D_2671129_137567,0.023168200626969337,0
mixfake_music_dev_v1,RS-RM_LA_D_2718909_033542,0.00012499414151534438,0
mixfake_music_dev_v1,RS-RM_LA_D_2789932_076140,6.4668288359825965e-06,0
mixfake_music_dev_v1,RS-RM_LA_D_2800113_016434,0.0014451479073613882,0
mixfake_music_dev_v1,RS-RM_LA_D_2884522_068430,0.0020824852399528027,0
mixfake_music_dev_v1,RS-RM_LA_D_2923426_097570,8.390029688598588e-05,0
mixfake_music_dev_v1,RS-RM_LA_D_2954423_050618,0.0015005198074504733,0
mixfake_music_dev_v1,RS-RM_LA_D_2954917_116527,0.00020552104979287833,0
mixfake_music_dev_v1,RS-RM_LA_D_2976553_060828,0.0005238003795966506,0
mixfake_music_dev_v1,RS-RM_LA_D_3039424_068748,0.0015836210222914815,0
mixfake_music_dev_v1,RS-RM_LA_D_3100616_143126,0.00025257703964598477,0
mixfake_music_dev_v1,RS-RM_LA_D_3150235_108014,0.0005982207367196679,0
mixfake_music_dev_v1,RS-RM_LA_D_3151376_054633,5.0702994485618547e-05,0
mixfake_music_dev_v1,RS-RM_LA_D_3262859_045388,0.004414436873048544,0
mixfake_music_dev_v1,RS-RM_LA_D_3262859_137209,0.02192552015185356,0
mixfake_music_dev_v1,RS-RM_LA_D_3268836_049106,0.009584818966686726,0
mixfake_music_dev_v1,RS-RM_LA_D_3316221_009550,0.0013457591412588954,0
mixfake_music_dev_v1,RS-RM_LA_D_3316221_029262,0.00031899366877041757,0
mixfake_music_dev_v1,RS-RM_LA_D_3316993_046854,0.0003715336206369102,0
mixfake_music_dev_v1,RS-RM_LA_D_3383198_004161,0.0007688169716857374,0
mixfake_music_dev_v1,RS-RM_LA_D_3383198_044798,0.0004896948812529445,0
mixfake_music_dev_v1,RS-RM_LA_D_3404272_066670,0.003003374906256795,0
mixfake_music_dev_v1,RS-RM_LA_D_3416462_131952,0.027371371164917946,0
mixfake_music_dev_v1,RS-RM_LA_D_3459809_094775,0.0005532820359803736,0
mixfake_music_dev_v1,RS-RM_LA_D_3459809_122079,0.0010466668754816055,0
mixfake_music_dev_v1,RS-RM_LA_D_3475865_136715,0.0046999491751194,0
mixfake_music_dev_v1,RS-RM_LA_D_3500984_004837,0.06505004316568375,0
mixfake_music_dev_v1,RS-RM_LA_D_3514242_130887,2.8124621167080477e-05,0
mixfake_music_dev_v1,RS-RM_LA_D_3514242_152628,0.005693451967090368,0
mixfake_music_dev_v1,RS-RM_LA_D_3526885_026626,0.00776860723271966,0
mixfake_music_dev_v1,RS-RM_LA_D_3526885_116861,0.0015804003924131393,0
mixfake_music_dev_v1,RS-RM_LA_D_3536394_126413,0.008253862150013447,0
mixfake_music_dev_v1,RS-RM_LA_D_3564164_074380,0.0006485688500106335,0
mixfake_music_dev_v1,RS-RM_LA_D_3596872_128264,0.0013796575367450714,0
mixfake_music_dev_v1,RS-RM_LA_D_3604610_147182,0.00011104234727099538,0
mixfake_music_dev_v1,RS-RM_LA_D_3694891_116318,0.011230467818677425,0
mixfake_music_dev_v1,RS-RM_LA_D_3717777_144179,0.00028646105783991516,0
mixfake_music_dev_v1,RS-RM_LA_D_3733779_098464,0.0001008250837912783,0
mixfake_music_dev_v1,RS-RM_LA_D_3773719_048933,0.007238997612148523,0
mixfake_music_dev_v1,RS-RM_LA_D_3787070_019269,0.0002904417924582958,0
mixfake_music_dev_v1,RS-RM_LA_D_3787464_022438,0.0004041352076455951,0
mixfake_music_dev_v1,RS-RM_LA_D_3805241_001149,0.00027482336736284196,0
mixfake_music_dev_v1,RS-RM_LA_D_3810542_054234,0.004149720072746277,0
mixfake_music_dev_v1,RS-RM_LA_D_3810542_086562,0.00022313067165669054,0
mixfake_music_dev_v1,RS-RM_LA_D_3836344_019481,0.0012966612121090293,0
mixfake_music_dev_v1,RS-RM_LA_D_3857058_036277,0.003710463410243392,0
mixfake_music_dev_v1,RS-RM_LA_D_3878203_111411,0.001067446661181748,0
mixfake_music_dev_v1,RS-RM_LA_D_3892057_131178,0.004871641285717487,0
mixfake_music_dev_v1,RS-RM_LA_D_3907778_132150,0.0014229632215574384,0
mixfake_music_dev_v1,RS-RM_LA_D_3909550_056469,0.005422031972557306,0
mixfake_music_dev_v1,RS-RM_LA_D_3912641_090632,0.002531553152948618,0
mixfake_music_dev_v1,RS-RM_LA_D_3912641_104814,0.0033646051306277514,0
mixfake_music_dev_v1,RS-RM_LA_D_3912641_125820,1.0801880307553802e-05,0
mixfake_music_dev_v1,RS-RM_LA_D_3912641_142089,0.0008432648610323668,0
mixfake_music_dev_v1,RS-RM_LA_D_3956242_056650,0.004143198952078819,0
mixfake_music_dev_v1,RS-RM_LA_D_3996355_140621,0.00026732883998192847,0
mixfake_music_dev_v1,RS-RM_LA_D_4004968_040080,3.251754606026225e-05,0
mixfake_music_dev_v1,RS-RM_LA_D_4013164_072459,0.0037111067213118076,0
mixfake_music_dev_v1,RS-RM_LA_D_4013164_120332,0.0009933453984558582,0
mixfake_music_dev_v1,RS-RM_LA_D_4016591_064571,0.00016627991863060743,0
mixfake_music_dev_v1,RS-RM_LA_D_4016743_063925,0.0005577471456490457,0
mixfake_music_dev_v1,RS-RM_LA_D_4016743_126979,0.024572087451815605,0
mixfake_music_dev_v1,RS-RM_LA_D_4041525_120914,0.001290470827370882,0
mixfake_music_dev_v1,RS-RM_LA_D_4124707_142377,0.0013902619248256087,0
mixfake_music_dev_v1,RS-RM_LA_D_4159059_009847,0.003126881318166852,0
mixfake_music_dev_v1,RS-RM_LA_D_4159059_126032,0.0013122850796207786,0
mixfake_music_dev_v1,RS-RM_LA_D_4198004_115389,0.003437025472521782,0
mixfake_music_dev_v1,RS-RM_LA_D_4198004_122647,5.8835041272686794e-05,0
mixfake_music_dev_v1,RS-RM_LA_D_4221800_087571,0.002479118062183261,0
mixfake_music_dev_v1,RS-RM_LA_D_4226294_143079,0.0032460729125887156,0
mixfake_music_dev_v1,RS-RM_LA_D_4296014_061750,0.00011394786270102486,0
mixfake_music_dev_v1,RS-RM_LA_D_4334876_001967,0.0011679338058456779,0
mixfake_music_dev_v1,RS-RM_LA_D_4334876_051151,1.7430616935598664e-05,0
mixfake_music_dev_v1,RS-RM_LA_D_4349047_010033,0.0004994272021576762,0
mixfake_music_dev_v1,RS-RM_LA_D_4350271_119020,4.2006831790786237e-08,0
mixfake_music_dev_v1,RS-RM_LA_D_4401633_049098,0.00391035433858633,0
mixfake_music_dev_v1,RS-RM_LA_D_4402714_075911,0.004836611449718475,0
mixfake_music_dev_v1,RS-RM_LA_D_4433602_074139,0.00029287958750501275,0
mixfake_music_dev_v1,RS-RM_LA_D_4433602_089846,3.6612123949453235e-05,0
mixfake_music_dev_v1,RS-RM_LA_D_4433602_146967,0.0008567304466851056,0
mixfake_music_dev_v1,RS-RM_LA_D_4457621_099649,0.001261244062334299,0
mixfake_music_dev_v1,RS-RM_LA_D_4494387_098946,4.9581165512790903e-05,0
mixfake_music_dev_v1,RS-RM_LA_D_4511951_070434,0.005880149081349373,0
mixfake_music_dev_v1,RS-RM_LA_D_4571818_057542,0.00032008765265345573,0
mixfake_music_dev_v1,RS-RM_LA_D_4606004_109874,0.003036501118913293,0
mixfake_music_dev_v1,RS-RM_LA_D_4620892_079975,0.0036781560629606247,0
mixfake_music_dev_v1,RS-RM_LA_D_4667621_024363,0.0005169754731468856,0
mixfake_music_dev_v1,RS-RM_LA_D_4723086_051169,0.0030586905777454376,0
mixfake_music_dev_v1,RS-RM_LA_D_4723558_097912,5.8159002946922556e-05,0
mixfake_music_dev_v1,RS-RM_LA_D_4723558_129353,7.921868382254615e-05,0
mixfake_music_dev_v1,RS-RM_LA_D_4767028_038907,0.12509912252426147,0
mixfake_music_dev_v1,RS-RM_LA_D_4767028_060478,0.001812380156479776,0
mixfake_music_dev_v1,RS-RM_LA_D_4796882_109471,0.003484546672552824,0
mixfake_music_dev_v1,RS-RM_LA_D_4816127_137117,0.0018167892703786492,0
mixfake_music_dev_v1,RS-RM_LA_D_4833247_142558,0.00048551204963587224,0
mixfake_music_dev_v1,RS-RM_LA_D_4876121_085486,0.00037051638355478644,0
mixfake_music_dev_v1,RS-RM_LA_D_4890059_030500,0.0005905373254790902,0
mixfake_music_dev_v1,RS-RM_LA_D_4941205_118891,0.007576556410640478,0
mixfake_music_dev_v1,RS-RM_LA_D_4966083_000585,0.0024211532436311245,0
mixfake_music_dev_v1,RS-RM_LA_D_4966083_135040,0.0009860594291239977,0
mixfake_music_dev_v1,RS-RM_LA_D_4966585_011785,0.0016093871090561152,0
mixfake_music_dev_v1,RS-RM_LA_D_4969859_034983,0.0012064253678545356,0
mixfake_music_dev_v1,RS-RM_LA_D_4971078_099437,0.012500395998358727,0
mixfake_music_dev_v1,RS-RM_LA_D_4981154_029750,0.0001269038039026782,0
mixfake_music_dev_v1,RS-RM_LA_D_5018258_077387,0.00033490604255348444,0
mixfake_music_dev_v1,RS-RM_LA_D_5018258_114392,2.8186754207126796e-05,0
mixfake_music_dev_v1,RS-RM_LA_D_5066833_006602,0.005082705523818731,0
mixfake_music_dev_v1,RS-RM_LA_D_5105872_004158,0.00010505974205443636,0
mixfake_music_dev_v1,RS-RM_LA_D_5162129_050851,0.0001052984589478001,0
mixfake_music_dev_v1,RS-RM_LA_D_5255870_079909,0.0015618184115737677,0
mixfake_music_dev_v1,RS-RM_LA_D_5260084_082705,0.001475637312978506,0
mixfake_music_dev_v1,RS-RM_LA_D_5278285_149611,0.003101406851783395,0
mixfake_music_dev_v1,RS-RM_LA_D_5348059_148647,0.0011670286767184734,0
mixfake_music_dev_v1,RS-RM_LA_D_5374875_073169,7.706176984356716e-05,0
mixfake_music_dev_v1,RS-RM_LA_D_5386683_075612,0.0007333236862905324,0
mixfake_music_dev_v1,RS-RM_LA_D_5411748_148076,2.5686040316941217e-05,0
mixfake_music_dev_v1,RS-RM_LA_D_5415483_145985,0.001047026365995407,0
mixfake_music_dev_v1,RS-RM_LA_D_5475950_040136,0.00035003258381038904,0
mixfake_music_dev_v1,RS-RM_LA_D_5545304_071372,0.005811668932437897,0
mixfake_music_dev_v1,RS-RM_LA_D_5561293_060726,0.009354427456855774,0
mixfake_music_dev_v1,RS-RM_LA_D_5604212_063352,0.00023975613294169307,0
mixfake_music_dev_v1,RS-RM_LA_D_5611098_028279,0.001285756123252213,0
mixfake_music_dev_v1,RS-RM_LA_D_5617526_054137,3.174155790475197e-05,0
mixfake_music_dev_v1,RS-RM_LA_D_5626364_082885,0.0035838272888213396,0
mixfake_music_dev_v1,RS-RM_LA_D_5660085_127297,0.0005367926205508411,0
mixfake_music_dev_v1,RS-RM_LA_D_5684697_048157,2.529392804717645e-05,0
mixfake_music_dev_v1,RS-RM_LA_D_5684697_051592,0.001382526126690209,0
mixfake_music_dev_v1,RS-RM_LA_D_5700038_066482,0.005286865402013063,0
mixfake_music_dev_v1,RS-RM_LA_D_5763453_061166,3.2882238883757964e-05,0
mixfake_music_dev_v1,RS-RM_LA_D_5770185_036534,0.04446398839354515,0
mixfake_music_dev_v1,RS-RM_LA_D_5770185_117251,0.001483769854530692,0
mixfake_music_dev_v1,RS-RM_LA_D_5774989_133775,0.000142838922329247,0
mixfake_music_dev_v1,RS-RM_LA_D_5796246_031249,0.0018943307222798467,0
mixfake_music_dev_v1,RS-RM_LA_D_5796246_043843,0.0048505328595638275,0
mixfake_music_dev_v1,RS-RM_LA_D_5826428_016997,0.0004983258550055325,0
mixfake_music_dev_v1,RS-RM_LA_D_5826428_086792,0.0014354404993355274,0
mixfake_music_dev_v1,RS-RM_LA_D_5826428_148882,0.00082016532542184,0
mixfake_music_dev_v1,RS-RM_LA_D_5835377_001783,0.0008462745463475585,0
mixfake_music_dev_v1,RS-RM_LA_D_5855069_132778,0.00551513722166419,0
mixfake_music_dev_v1,RS-RM_LA_D_5855069_134801,0.000107412131910678,0
mixfake_music_dev_v1,RS-RM_LA_D_5881435_063400,0.0024156200233846903,0
mixfake_music_dev_v1,RS-RM_LA_D_5898234_109536,1.1289919257251313e-06,0
mixfake_music_dev_v1,RS-RM_LA_D_5925557_024655,0.029534580186009407,0
mixfake_music_dev_v1,RS-RM_LA_D_5934426_140000,0.0001658995170146227,0
mixfake_music_dev_v1,RS-RM_LA_D_5947257_066779,0.005385412834584713,0
mixfake_music_dev_v1,RS-RM_LA_D_5947257_098235,0.0014228710206225514,0
mixfake_music_dev_v1,RS-RM_LA_D_5952548_001822,0.0033209281973540783,0
mixfake_music_dev_v1,RS-RM_LA_D_5952548_052255,3.6797602660954e-05,0
mixfake_music_dev_v1,RS-RM_LA_D_5965283_039278,2.528416007407941e-05,0
mixfake_music_dev_v1,RS-RM_LA_D_5972086_142096,0.0058409241028130054,0
mixfake_music_dev_v1,RS-RM_LA_D_6027798_130133,0.0012206272222101688,0
mixfake_music_dev_v1,RS-RM_LA_D_6067380_132554,0.0007045391830615699,0
mixfake_music_dev_v1,RS-RM_LA_D_6068075_146940,0.00045944537851028144,0
mixfake_music_dev_v1,RS-RM_LA_D_6077981_124508,0.005082170478999615,0
mixfake_music_dev_v1,RS-RM_LA_D_6113999_129350,0.00015924575563985854,0
mixfake_music_dev_v1,RS-RM_LA_D_6212089_025928,0.026724794879555702,0
mixfake_music_dev_v1,RS-RM_LA_D_6265671_069202,0.0033754012547433376,0
mixfake_music_dev_v1,RS-RM_LA_D_6266231_051111,0.0004351995303295553,0
mixfake_music_dev_v1,RS-RM_LA_D_6287239_109235,0.004347763955593109,0
mixfake_music_dev_v1,RS-RM_LA_D_6288557_144164,0.0005053857457824051,0
mixfake_music_dev_v1,RS-RM_LA_D_6311046_121205,0.000986328232102096,0
mixfake_music_dev_v1,RS-RM_LA_D_6325680_152361,0.0006132219568826258,0
mixfake_music_dev_v1,RS-RM_LA_D_6369583_087971,0.0029645715840160847,0
mixfake_music_dev_v1,RS-RM_LA_D_6421519_116451,0.0005193689721636474,0
mixfake_music_dev_v1,RS-RM_LA_D_6453794_113594,0.0017197929555550218,0
mixfake_music_dev_v1,RS-RM_LA_D_6453794_121213,0.00017593620577827096,0
mixfake_music_dev_v1,RS-RM_LA_D_6458272_003475,0.0004549583827611059,0
mixfake_music_dev_v1,RS-RM_LA_D_6458272_060990,0.0012139678001403809,0
mixfake_music_dev_v1,RS-RM_LA_D_6478834_003517,0.0008826631237752736,0
mixfake_music_dev_v1,RS-RM_LA_D_6478834_090148,0.0001184218781418167,0
mixfake_music_dev_v1,RS-RM_LA_D_6549373_033271,0.0006664901156909764,0
mixfake_music_dev_v1,RS-RM_LA_D_6622348_090693,0.0005714096478186548,0
mixfake_music_dev_v1,RS-RM_LA_D_6704472_063477,0.00023093567870091647,0
mixfake_music_dev_v1,RS-RM_LA_D_6710190_046065,0.06890290975570679,0
mixfake_music_dev_v1,RS-RM_LA_D_6710190_147218,0.00052327272715047,0
mixfake_music_dev_v1,RS-RM_LA_D_6749101_105920,0.00025963012012653053,0
mixfake_music_dev_v1,RS-RM_LA_D_6780824_026932,0.0006200531497597694,0
mixfake_music_dev_v1,RS-RM_LA_D_6787225_078999,0.0006544486386701465,0
mixfake_music_dev_v1,RS-RM_LA_D_6806996_016427,0.173002690076828,0
mixfake_music_dev_v1,RS-RM_LA_D_6836003_110632,0.0011147530749440193,0
mixfake_music_dev_v1,RS-RM_LA_D_6838449_129398,0.00018741640087682754,0
mixfake_music_dev_v1,RS-RM_LA_D_6853055_122713,0.013232363387942314,0
mixfake_music_dev_v1,RS-RM_LA_D_6864236_125589,0.010447782464325428,0
mixfake_music_dev_v1,RS-RM_LA_D_6903853_014779,0.022156972438097,0
mixfake_music_dev_v1,RS-RM_LA_D_6916843_032791,0.00031162641244009137,0
mixfake_music_dev_v1,RS-RM_LA_D_6936162_026697,0.0018593496643006802,0
mixfake_music_dev_v1,RS-RM_LA_D_6936162_134956,0.0016153705073520541,0
mixfake_music_dev_v1,RS-RM_LA_D_6972066_061806,0.007684573996812105,0
mixfake_music_dev_v1,RS-RM_LA_D_6986371_011733,0.0009409725898876786,0
mixfake_music_dev_v1,RS-RM_LA_D_6989506_144933,0.0006170786218717694,0
mixfake_music_dev_v1,RS-RM_LA_D_7050071_040522,0.0007538986392319202,0
mixfake_music_dev_v1,RS-RM_LA_D_7179593_107585,0.0002743217919487506,0
mixfake_music_dev_v1,RS-RM_LA_D_7203605_020341,0.0022984673269093037,0
mixfake_music_dev_v1,RS-RM_LA_D_7252855_138204,0.0019921218045055866,0
mixfake_music_dev_v1,RS-RM_LA_D_7253146_046023,0.0009143535862676799,0
mixfake_music_dev_v1,RS-RM_LA_D_7267402_049364,0.08994518965482712,0
mixfake_music_dev_v1,RS-RM_LA_D_7277373_064806,0.021897779777646065,0
mixfake_music_dev_v1,RS-RM_LA_D_7304634_047474,0.0010514711029827595,0
mixfake_music_dev_v1,RS-RM_LA_D_7339633_085951,0.005565040744841099,0
mixfake_music_dev_v1,RS-RM_LA_D_7366267_030902,7.26272992324084e-05,0
mixfake_music_dev_v1,RS-RM_LA_D_7366267_153333,0.00046151812421157956,0
mixfake_music_dev_v1,RS-RM_LA_D_7423342_053988,0.0002548681222833693,0
mixfake_music_dev_v1,RS-RM_LA_D_7455119_108532,0.01700131967663765,0
mixfake_music_dev_v1,RS-RM_LA_D_7455119_109477,0.002123461104929447,0
mixfake_music_dev_v1,RS-RM_LA_D_7460902_016165,0.004536663182079792,0
mixfake_music_dev_v1,RS-RM_LA_D_7512294_056163,0.00043835092219524086,0
mixfake_music_dev_v1,RS-RM_LA_D_7518137_022332,6.16911202087067e-05,0
mixfake_music_dev_v1,RS-RM_LA_D_7518137_042847,0.0014782547950744629,0
mixfake_music_dev_v1,RS-RM_LA_D_7518137_082780,0.00016396190039813519,0
mixfake_music_dev_v1,RS-RM_LA_D_7600381_027182,0.0003792601637542248,0
mixfake_music_dev_v1,RS-RM_LA_D_7600381_143528,9.596194286132231e-05,0
mixfake_music_dev_v1,RS-RM_LA_D_7640990_011917,0.00014786835527047515,0
mixfake_music_dev_v1,RS-RM_LA_D_7647812_045617,0.00011030793393729255,0
mixfake_music_dev_v1,RS-RM_LA_D_7712846_073340,0.0005664922064170241,0
mixfake_music_dev_v1,RS-RM_LA_D_7727446_054749,0.0001223053695866838,0
mixfake_music_dev_v1,RS-RM_LA_D_7727446_068445,0.0003081003378611058,0
mixfake_music_dev_v1,RS-RM_LA_D_7757579_011321,0.0025674686767160892,0
mixfake_music_dev_v1,RS-RM_LA_D_7757579_018763,0.0012209737906232476,0
mixfake_music_dev_v1,RS-RM_LA_D_7758267_066975,0.0008578630513511598,0
mixfake_music_dev_v1,RS-RM_LA_D_7758918_017131,0.0025914020370692015,0
mixfake_music_dev_v1,RS-RM_LA_D_7783288_054025,0.0019312248332425952,0
mixfake_music_dev_v1,RS-RM_LA_D_7783288_074968,0.003704020520672202,0
mixfake_music_dev_v1,RS-RM_LA_D_7783712_004066,0.00015706365229561925,0
mixfake_music_dev_v1,RS-RM_LA_D_7783712_029659,0.00023414006864186376,0
mixfake_music_dev_v1,RS-RM_LA_D_7786543_114429,0.0003778579703066498,0
mixfake_music_dev_v1,RS-RM_LA_D_7787517_014198,0.00020948462770320475,0
mixfake_music_dev_v1,RS-RM_LA_D_7869886_098339,0.0151373241096735,0
mixfake_music_dev_v1,RS-RM_LA_D_7870292_056274,0.003443361958488822,0
mixfake_music_dev_v1,RS-RM_LA_D_7870292_071087,0.0005742470966652036,0
mixfake_music_dev_v1,RS-RM_LA_D_7879955_022560,0.04389702156186104,0
mixfake_music_dev_v1,RS-RM_LA_D_7885719_037731,0.00043429856305010617,0
mixfake_music_dev_v1,RS-RM_LA_D_7916368_069299,0.0015111227985471487,0
mixfake_music_dev_v1,RS-RM_LA_D_7933208_004836,0.0013670523185282946,0
mixfake_music_dev_v1,RS-RM_LA_D_7933208_086576,0.00032214491511695087,0
mixfake_music_dev_v1,RS-RM_LA_D_7933208_096769,0.0012316785287111998,0
mixfake_music_dev_v1,RS-RM_LA_D_7933208_125827,0.002504610223695636,0
mixfake_music_dev_v1,RS-RM_LA_D_8017606_138300,0.0020677377469837666,0
mixfake_music_dev_v1,RS-RM_LA_D_8023275_097774,1.2554603472381132e-06,0
mixfake_music_dev_v1,RS-RM_LA_D_8023275_107852,0.0001338146103080362,0
mixfake_music_dev_v1,RS-RM_LA_D_8059879_080295,3.909387669409625e-05,0
mixfake_music_dev_v1,RS-RM_LA_D_8076652_020093,0.0056147947907447815,0
mixfake_music_dev_v1,RS-RM_LA_D_8076652_119245,0.003134634578600526,0
mixfake_music_dev_v1,RS-RM_LA_D_8089175_010460,0.0016235868679359555,0
mixfake_music_dev_v1,RS-RM_LA_D_8089175_067780,0.00014904058480169624,0
mixfake_music_dev_v1,RS-RM_LA_D_8094862_139772,0.0012022039154544473,0
mixfake_music_dev_v1,RS-RM_LA_D_8179191_147168,0.0003456764097791165,0
mixfake_music_dev_v1,RS-RM_LA_D_8210164_012569,0.0008624138426966965,0
mixfake_music_dev_v1,RS-RM_LA_D_8210164_141394,0.00032044091494753957,0
mixfake_music_dev_v1,RS-RM_LA_D_8232673_026022,0.0003398669068701565,0
mixfake_music_dev_v1,RS-RM_LA_D_8232673_050861,0.0013195328647270799,0
mixfake_music_dev_v1,RS-RM_LA_D_8274833_029937,0.000762013194616884,0
mixfake_music_dev_v1,RS-RM_LA_D_8274833_129918,5.668303492711857e-05,0
mixfake_music_dev_v1,RS-RM_LA_D_8277825_083911,0.014412946999073029,0
mixfake_music_dev_v1,RS-RM_LA_D_8302640_001734,0.003917676862329245,0
mixfake_music_dev_v1,RS-RM_LA_D_8302640_047192,0.0006540417671203613,0
mixfake_music_dev_v1,RS-RM_LA_D_8340433_013834,3.263845792389475e-05,0
mixfake_music_dev_v1,RS-RM_LA_D_8340433_127914,0.00970130879431963,0
mixfake_music_dev_v1,RS-RM_LA_D_8393123_092514,0.007999183610081673,0
mixfake_music_dev_v1,RS-RM_LA_D_8394417_064478,0.0036232846323400736,0
mixfake_music_dev_v1,RS-RM_LA_D_8394417_065002,0.002578156068921089,0
mixfake_music_dev_v1,RS-RM_LA_D_8443765_090656,0.0020752756390720606,0
mixfake_music_dev_v1,RS-RM_LA_D_8450008_059676,0.012095837853848934,0
mixfake_music_dev_v1,RS-RM_LA_D_8544546_056472,0.0024033444933593273,0
mixfake_music_dev_v1,RS-RM_LA_D_8568451_018876,0.0034509494435042143,0
mixfake_music_dev_v1,RS-RM_LA_D_8568451_054129,0.0039910441264510155,0
mixfake_music_dev_v1,RS-RM_LA_D_8568451_082221,0.0005785536486655474,0
mixfake_music_dev_v1,RS-RM_LA_D_8591429_038894,4.1235827666241676e-05,0
mixfake_music_dev_v1,RS-RM_LA_D_8596053_036654,0.0004739238938782364,0
mixfake_music_dev_v1,RS-RM_LA_D_8635476_000213,0.002390276174992323,0
mixfake_music_dev_v1,RS-RM_LA_D_8635476_069222,0.0019335552351549268,0
mixfake_music_dev_v1,RS-RM_LA_D_8635731_063260,0.01417094748467207,0
mixfake_music_dev_v1,RS-RM_LA_D_8637288_085444,0.0015968402149155736,0
mixfake_music_dev_v1,RS-RM_LA_D_8637288_131341,0.012262742035090923,0
mixfake_music_dev_v1,RS-RM_LA_D_8672684_000210,0.01939854398369789,0
mixfake_music_dev_v1,RS-RM_LA_D_8688425_018579,0.000285188463749364,0
mixfake_music_dev_v1,RS-RM_LA_D_8688425_111455,0.024368274956941605,0
mixfake_music_dev_v1,RS-RM_LA_D_8736165_055807,0.00030748939025215805,0
mixfake_music_dev_v1,RS-RM_LA_D_8792865_066703,0.005447197239845991,0
mixfake_music_dev_v1,RS-RM_LA_D_8826808_121651,0.0004290746583137661,0
mixfake_music_dev_v1,RS-RM_LA_D_8870668_123611,0.00044007861288264394,0
mixfake_music_dev_v1,RS-RM_LA_D_8873219_046542,0.001791282556951046,0
mixfake_music_dev_v1,RS-RM_LA_D_8988223_024430,0.0007125254487618804,0
mixfake_music_dev_v1,RS-RM_LA_D_8988223_117632,0.006981403101235628,0
mixfake_music_dev_v1,RS-RM_LA_D_8988223_119725,0.0013792462414130569,0
mixfake_music_dev_v1,RS-RM_LA_D_9042253_053899,0.0014008944854140282,0
mixfake_music_dev_v1,RS-RM_LA_D_9042253_072133,0.0005090031772851944,0
mixfake_music_dev_v1,RS-RM_LA_D_9042253_148604,0.0013094684109091759,0
mixfake_music_dev_v1,RS-RM_LA_D_9060455_010279,0.012864474207162857,0
mixfake_music_dev_v1,RS-RM_LA_D_9060455_011839,0.0003211611765436828,0
mixfake_music_dev_v1,RS-RM_LA_D_9125966_148305,0.008074305951595306,0
mixfake_music_dev_v1,RS-RM_LA_D_9126745_127036,0.0016127241542562842,0
mixfake_music_dev_v1,RS-RM_LA_D_9132872_004197,0.0009159911423921585,0
mixfake_music_dev_v1,RS-RM_LA_D_9148460_023883,0.00020008099090773612,0
mixfake_music_dev_v1,RS-RM_LA_D_9184655_012175,0.00022327646729536355,0
mixfake_music_dev_v1,RS-RM_LA_D_9241229_015476,0.0018812365597113967,0
mixfake_music_dev_v1,RS-RM_LA_D_9241229_105912,0.004725116305053234,0
mixfake_music_dev_v1,RS-RM_LA_D_9241229_127194,0.012666386552155018,0
mixfake_music_dev_v1,RS-RM_LA_D_9300277_094035,0.004976887721568346,0
mixfake_music_dev_v1,RS-RM_LA_D_9304099_006596,0.0036227302625775337,0
mixfake_music_dev_v1,RS-RM_LA_D_9304099_081190,0.002078508259728551,0
mixfake_music_dev_v1,RS-RM_LA_D_9374684_074776,0.0006505290511995554,0
mixfake_music_dev_v1,RS-RM_LA_D_9382979_091555,0.0003250497975386679,0
mixfake_music_dev_v1,RS-RM_LA_D_9385770_028105,0.019283123314380646,0
mixfake_music_dev_v1,RS-RM_LA_D_9441585_037510,9.02015672181733e-05,0
mixfake_music_dev_v1,RS-RM_LA_D_9515167_011458,0.0024038762785494328,0
mixfake_music_dev_v1,RS-RM_LA_D_9515167_042245,0.0006361236446537077,0
mixfake_music_dev_v1,RS-RM_LA_D_9580426_074367,2.6522922780713998e-05,0
mixfake_music_dev_v1,RS-RM_LA_D_9595794_067788,0.0020482263062149286,0
mixfake_music_dev_v1,RS-RM_LA_D_9613437_093398,0.0008340449421666563,0
mixfake_music_dev_v1,RS-RM_LA_D_9613437_129884,0.0007331242086365819,0
mixfake_music_dev_v1,RS-RM_LA_D_9676445_088938,0.01434455905109644,0
mixfake_music_dev_v1,RS-RM_LA_D_9685348_116567,2.7348341973265633e-05,0
mixfake_music_dev_v1,RS-RM_LA_D_9697774_096669,0.0007091275183483958,0
mixfake_music_dev_v1,RS-RM_LA_D_9697774_129685,0.0006419870187528431,0
mixfake_music_dev_v1,RS-RM_LA_D_9835881_000708,0.0002026858419412747,0
mixfake_music_dev_v1,RS-RM_LA_D_9835881_046069,0.0006953563424758613,0
mixfake_music_dev_v1,RS-RM_LA_D_9835881_058063,0.00023059069644659758,0
mixfake_music_dev_v1,RS-RM_LA_D_9864113_057395,0.006692822091281414,0
mixfake_music_dev_v1,RS-RM_LA_D_9924906_001640,0.0017579910345375538,0
mixfake_music_dev_v1,RS-RM_LA_D_9924906_142080,0.0027517841663211584,0
mixfake_music_dev_v1,RS-RM_LA_D_9937608_015544,0.001871864078566432,0
mixfake_music_dev_v1,RS-RM_LA_D_9960664_055286,8.430345769738778e-05,0
mixfake_music_dev_v1,RS-RM_LA_D_9996570_059449,0.0016982404049485922,0
mixfake_music_dev_v1,RS-RM_LA_D_9997701_026327,0.0010803908808156848,0
mixfake_music_dev_v1,RS-RM_LA_D_9997701_080880,0.0003596064925659448,0
external_mixed_v1,mixed_0000,0.007051568478345871,0
external_mixed_v1,mixed_0001,0.00018803446437232196,0
external_mixed_v1,mixed_0002,0.013030494563281536,0
external_mixed_v1,mixed_0003,0.00019675456860568374,0
external_mixed_v1,mixed_0004,0.0014108010800555348,0
external_mixed_v1,mixed_0005,4.4848263769381447e-07,0
external_mixed_v1,mixed_0006,0.0008489919709973037,0
external_mixed_v1,mixed_0007,1.4284399867392494e-06,0
external_mixed_v1,mixed_0008,6.314791335171321e-06,0
external_mixed_v1,mixed_0009,3.826399463946473e-08,0
external_mixed_v1,mixed_0010,0.000627610832452774,0
external_mixed_v1,mixed_0011,4.4887971739626664e-07,0
external_mixed_v1,mixed_0012,0.0016440394101664424,0
external_mixed_v1,mixed_0013,0.012721714563667774,0
external_mixed_v1,mixed_0014,0.0005239172605797648,0
external_mixed_v1,mixed_0015,0.00026063708355650306,0
external_mixed_v1,mixed_0016,0.007849643938243389,0
external_mixed_v1,mixed_0017,0.004780455492436886,0
external_mixed_v1,mixed_0018,0.00018870549683924764,0
external_mixed_v1,mixed_0019,0.00535865081474185,0
external_mixed_v1,mixed_0020,0.00018385275325272232,0
external_mixed_v1,mixed_0021,0.003082261886447668,0
external_mixed_v1,mixed_0022,1.2006800886865676e-07,0
external_mixed_v1,mixed_0023,1.8066597476718016e-05,0
external_mixed_v1,mixed_0024,0.0001810410467442125,0
external_mixed_v1,mixed_0025,0.0013445805525407195,0
external_mixed_v1,mixed_0026,1.0537110739505806e-08,0
external_mixed_v1,mixed_0027,3.494888369459659e-05,0
external_mixed_v1,mixed_0028,6.111829407018377e-07,0
external_mixed_v1,mixed_0029,0.0009340303367935121,0
external_mixed_v1,mixed_0030,8.254673593910411e-05,0
external_mixed_v1,mixed_0031,0.0008197582792490721,0
external_mixed_v1,mixed_0032,0.0002398715732851997,0
external_mixed_v1,mixed_0033,1.7442853277316317e-06,0
external_mixed_v1,mixed_0034,6.859541826997884e-06,0
external_mixed_v1,mixed_0035,0.00013926016981713474,0
external_mixed_v1,mixed_0036,0.008314433507621288,0
external_mixed_v1,mixed_0037,9.076880087377504e-05,0
external_mixed_v1,mixed_0038,0.001367879332974553,0
external_mixed_v1,mixed_0039,0.004497510846704245,0
external_mixed_v1,mixed_0040,0.003554974216967821,0
external_mixed_v1,mixed_0041,0.00026905941194854677,0
external_mixed_v1,mixed_0042,0.00670355511829257,0
external_mixed_v1,mixed_0043,0.009175152517855167,0
external_mixed_v1,mixed_0044,5.179748040973209e-05,0
external_mixed_v1,mixed_0045,0.0010519640054553747,0
external_mixed_v1,mixed_0046,7.904965059424285e-06,0
external_mixed_v1,mixed_0047,0.0002489169128239155,0
external_mixed_v1,mixed_0048,0.0002824837574735284,0
external_mixed_v1,mixed_0049,0.0011194230755791068,0
external_mixed_v1,mixed_0050,7.583153549539645e-10,0
external_mixed_v1,mixed_0051,5.983769568729258e-08,0
external_mixed_v1,mixed_0052,1.3736826986132655e-05,0
external_mixed_v1,mixed_0053,0.00029644282767549157,0
external_mixed_v1,mixed_0054,0.031907375901937485,0
external_mixed_v1,mixed_0055,0.0005186916678212583,0
external_mixed_v1,mixed_0056,7.103964350108072e-08,0
external_mixed_v1,mixed_0057,5.5040145525708795e-06,0
external_mixed_v1,mixed_0058,1.6212485206779093e-05,0
external_mixed_v1,mixed_0059,6.248503632377833e-05,0
external_mixed_v1,mixed_0060,1.3512595842257724e-06,0
external_mixed_v1,mixed_0061,2.628705431106937e-08,0
external_mixed_v1,mixed_0062,0.00035352149279788136,0
external_mixed_v1,mixed_0063,0.00018768070731312037,0
external_mixed_v1,mixed_0064,2.0732244365717634e-07,0
external_mixed_v1,mixed_0065,9.295474612258658e-09,0
external_mixed_v1,mixed_0066,0.0013398908777162433,0
external_mixed_v1,mixed_0067,1.5217290538771522e-08,0
external_mixed_v1,mixed_0068,0.0007651530322618783,0
external_mixed_v1,mixed_0069,1.6660750556951598e-09,0
external_mixed_v1,mixed_0070,0.0004306861665099859,0
external_mixed_v1,mixed_0071,0.0008648771909065545,0
external_mixed_v1,mixed_0072,0.00017750056576915085,0
external_mixed_v1,mixed_0073,1.4621686972304815e-08,0
external_mixed_v1,mixed_0074,3.133660811727168e-06,0
external_mixed_v1,mixed_0075,0.002532517770305276,0
external_mixed_v1,mixed_0076,7.43829775551319e-10,0
external_mixed_v1,mixed_0077,7.145670366526247e-08,0
external_mixed_v1,mixed_0078,1.4840490621281788e-05,0
external_mixed_v1,mixed_0079,3.2895552521949867e-06,0
external_mixed_v1,mixed_0080,0.0007600105600431561,0
external_mixed_v1,mixed_0081,1.3194727443988086e-07,0
external_mixed_v1,mixed_0082,2.5908486350090243e-05,0
external_mixed_v1,mixed_0083,3.295987698948011e-05,0
external_mixed_v1,mixed_0084,6.731384019076359e-07,0
external_mixed_v1,mixed_0085,9.258606951334514e-06,0
external_mixed_v1,mixed_0086,6.0780515923397616e-05,0
external_mixed_v1,mixed_0087,0.0005692567210644484,0
external_mixed_v1,mixed_0088,0.00012688140850514174,0
external_mixed_v1,mixed_0089,4.288911448213639e-09,0
external_mixed_v1,mixed_0090,0.00029584200819954276,0
external_mixed_v1,mixed_0091,4.272200726518349e-08,0
external_mixed_v1,mixed_0092,0.00046260180533863604,0
external_mixed_v1,mixed_0093,5.381947630667128e-06,0
external_mixed_v1,mixed_0094,3.3012235167717563e-09,0
external_mixed_v1,mixed_0095,0.00016738136764615774,0
external_mixed_v1,mixed_0096,9.022272570291534e-05,0
external_mixed_v1,mixed_0097,2.099016091960948e-05,0
external_mixed_v1,mixed_0098,1.9993978028765014e-08,0
external_mixed_v1,mixed_0099,8.619581058155745e-05,0
external_mixed_v1,mixed_0100,0.0013536079786717892,0
external_mixed_v1,mixed_0101,0.01898244582116604,0
external_mixed_v1,mixed_0102,8.585774776292965e-05,0
external_mixed_v1,mixed_0103,0.029999183490872383,0
external_mixed_v1,mixed_0104,0.00024412130005657673,0
external_mixed_v1,mixed_0105,0.00015547215298283845,0
external_mixed_v1,mixed_0106,4.010865723103052e-06,0
external_mixed_v1,mixed_0107,0.00020691275130957365,0
external_mixed_v1,mixed_0108,7.169416562646802e-07,0
external_mixed_v1,mixed_0109,0.0004531891900114715,0
external_mixed_v1,mixed_0110,0.00020892053726129234,0
external_mixed_v1,mixed_0111,0.000163525968673639,0
external_mixed_v1,mixed_0112,4.388012894196436e-05,0
external_mixed_v1,mixed_0113,1.471446012146771e-05,0
external_mixed_v1,mixed_0114,2.3433227397617884e-05,0
external_mixed_v1,mixed_0115,0.0017014674376696348,0
external_mixed_v1,mixed_0116,0.0003062947653234005,0
external_mixed_v1,mixed_0117,1.0647865700263992e-08,0
external_mixed_v1,mixed_0118,7.588334119645879e-05,0
external_mixed_v1,mixed_0119,0.0014982025604695082,0
external_mixed_v1,mixed_0120,0.0002589120122138411,0
external_mixed_v1,mixed_0121,0.07974422723054886,0
external_mixed_v1,mixed_0122,0.0007584264385513961,0
external_mixed_v1,mixed_0123,0.0007290182402357459,0
external_mixed_v1,mixed_0124,0.0006374150398187339,0
external_mixed_v1,mixed_0125,0.030053438618779182,0
external_mixed_v1,mixed_0126,0.001691692741587758,0
external_mixed_v1,mixed_0127,0.004137340001761913,0
external_mixed_v1,mixed_0128,0.0002986011386383325,0
external_mixed_v1,mixed_0129,9.431166070328345e-09,0
external_mixed_v1,mixed_0130,0.5157926082611084,1
external_mixed_v1,mixed_0131,1.4080325350107614e-08,0
external_mixed_v1,mixed_0132,0.00033778356737457216,0
external_mixed_v1,mixed_0133,0.00012539298040792346,0
external_mixed_v1,mixed_0134,0.00878658052533865,0
external_mixed_v1,mixed_0135,0.0006589454715140164,0
external_mixed_v1,mixed_0136,0.0007785814814269543,0
external_mixed_v1,mixed_0137,0.00011693729175021872,0
external_mixed_v1,mixed_0138,7.096815534168854e-05,0
external_mixed_v1,mixed_0139,7.312833076866809e-06,0
external_mixed_v1,mixed_0140,0.004484276752918959,0
external_mixed_v1,mixed_0141,0.0002556071849539876,0
external_mixed_v1,mixed_0142,0.0009273748728446662,0
external_mixed_v1,mixed_0143,0.011887315660715103,0
external_mixed_v1,mixed_0144,9.1818534997401e-09,0
external_mixed_v1,mixed_0145,0.0172294732183218,0
external_mixed_v1,mixed_0146,0.00018367123266216367,0
external_mixed_v1,mixed_0147,4.328195791458711e-05,0
external_mixed_v1,mixed_0148,3.3714236451487523e-06,0
external_mixed_v1,mixed_0149,0.00034284195862710476,0
external_mixed_v1,mixed_0150,4.6964347966138575e-09,0
external_mixed_v1,mixed_0151,1.2853484804509208e-05,0
external_mixed_v1,mixed_0152,0.00010621888941386715,0
external_mixed_v1,mixed_0153,0.0001860727643361315,0
external_mixed_v1,mixed_0154,3.6722519780596485e-06,0
external_mixed_v1,mixed_0155,4.559911204182754e-08,0
external_mixed_v1,mixed_0156,2.1764637381238572e-07,0
external_mixed_v1,mixed_0157,1.4580059541913215e-06,0
external_mixed_v1,mixed_0158,0.00040229401201941073,0
external_mixed_v1,mixed_0159,8.135432949529786e-07,0
external_mixed_v1,mixed_0160,2.172578388126567e-05,0
external_mixed_v1,mixed_0161,5.63402181796846e-06,0
external_mixed_v1,mixed_0162,3.5984157875645906e-06,0
external_mixed_v1,mixed_0163,1.7790549122764787e-07,0
external_mixed_v1,mixed_0164,0.0004943086532875896,0
external_mixed_v1,mixed_0165,7.026780804153532e-05,0
external_mixed_v1,mixed_0166,1.9272602003184147e-05,0
external_mixed_v1,mixed_0167,5.8685472481556644e-08,0
external_mixed_v1,mixed_0168,3.76628372578125e-06,0
external_mixed_v1,mixed_0169,2.142525978854337e-08,0
external_mixed_v1,mixed_0170,6.460182078171783e-08,0
external_mixed_v1,mixed_0171,3.6784699659619946e-06,0
external_mixed_v1,mixed_0172,8.652827432342747e-08,0
external_mixed_v1,mixed_0173,1.282011030667718e-08,0
external_mixed_v1,mixed_0174,6.770419076929102e-06,0
external_mixed_v1,mixed_0175,0.00037273982889018953,0
external_mixed_v1,mixed_0176,1.9765353499678895e-05,0
external_mixed_v1,mixed_0177,0.0009789089672267437,0
external_mixed_v1,mixed_0178,1.1965770041477697e-10,0
external_mixed_v1,mixed_0179,1.7671432317456492e-08,0
external_mixed_v1,mixed_0180,9.53099242906319e-06,0
external_mixed_v1,mixed_0181,1.8235096987950783e-08,0
external_mixed_v1,mixed_0182,4.052989970659837e-05,0
external_mixed_v1,mixed_0183,3.9884678699309006e-05,0
external_mixed_v1,mixed_0184,7.070345731108318e-08,0
external_mixed_v1,mixed_0185,0.0008078068494796753,0
external_mixed_v1,mixed_0186,0.00010525297693675384,0
external_mixed_v1,mixed_0187,1.2603816657019706e-08,0
external_mixed_v1,mixed_0188,1.8352218830841593e-05,0
external_mixed_v1,mixed_0189,0.0003486431378405541,0
external_mixed_v1,mixed_0190,3.125285363836383e-09,0
external_mixed_v1,mixed_0191,1.0552195561785993e-08,0
external_mixed_v1,mixed_0192,5.758422503276961e-06,0
external_mixed_v1,mixed_0193,0.0002436639042571187,0
external_mixed_v1,mixed_0194,8.359937055502087e-05,0
external_mixed_v1,mixed_0195,0.004653393756598234,0
external_mixed_v1,mixed_0196,1.1634322163445177e-06,0
external_mixed_v1,mixed_0197,1.4671907422325603e-07,0
external_mixed_v1,mixed_0198,2.460202779275278e-07,0
external_mixed_v1,mixed_0199,2.632928985946137e-09,0
external_mixed_v1,mixed_0200,0.0003343279822729528,0
external_mixed_v1,mixed_0201,1.2682947954090196e-06,0
external_mixed_v1,mixed_0202,3.7641470953531098e-06,0
external_mixed_v1,mixed_0203,1.737728962325491e-05,0
external_mixed_v1,mixed_0204,6.954651325941086e-06,0
external_mixed_v1,mixed_0205,0.000524964474607259,0
external_mixed_v1,mixed_0206,1.5548806686638272e-06,0
external_mixed_v1,mixed_0207,1.8159366845793556e-06,0
external_mixed_v1,mixed_0208,0.008758295327425003,0
external_mixed_v1,mixed_0209,1.403352030138194e-06,0
external_mixed_v1,mixed_0210,3.1242670956999063e-06,0
external_mixed_v1,mixed_0211,3.6906934838043526e-05,0
external_mixed_v1,mixed_0212,8.761110734667454e-07,0
external_mixed_v1,mixed_0213,1.1284568245173432e-05,0
external_mixed_v1,mixed_0214,1.2216174582135864e-05,0
external_mixed_v1,mixed_0215,0.00010733820090536028,0
external_mixed_v1,mixed_0216,3.396199463168159e-05,0
external_mixed_v1,mixed_0217,2.164281795558054e-06,0
external_mixed_v1,mixed_0218,3.466238013061229e-06,0
external_mixed_v1,mixed_0219,8.504061042913236e-06,0
external_mixed_v1,mixed_0220,4.175782669335604e-05,0
external_mixed_v1,mixed_0221,6.985700906625425e-07,0
external_mixed_v1,mixed_0222,1.4874276530463248e-06,0
external_mixed_v1,mixed_0223,9.825752158576506e-07,0
external_mixed_v1,mixed_0224,2.17917695408687e-05,0
external_mixed_v1,mixed_0225,2.15374802792212e-06,0
external_mixed_v1,mixed_0226,2.3194438369955606e-08,0
external_mixed_v1,mixed_0227,2.8423030471458333e-06,0
external_mixed_v1,mixed_0228,3.1018437312013702e-06,0
external_mixed_v1,mixed_0229,1.5645415487597347e-06,0
external_mixed_v1,mixed_0230,9.44949351833202e-06,0
external_mixed_v1,mixed_0231,1.1402340533095412e-05,0
external_mixed_v1,mixed_0232,5.391981176217087e-06,0
external_mixed_v1,mixed_0233,1.3260580999485683e-05,0
external_mixed_v1,mixed_0234,1.060852355294628e-05,0
external_mixed_v1,mixed_0235,2.449361772960401e-06,0
external_mixed_v1,mixed_0236,0.00011903368431376293,0
external_mixed_v1,mixed_0237,3.931085075237206e-07,0
external_mixed_v1,mixed_0238,9.309676897828467e-06,0
external_mixed_v1,mixed_0239,0.00114952283911407,0
external_mixed_v1,mixed_0240,1.0768920901682577e-06,0
external_mixed_v1,mixed_0241,5.008685022289683e-08,0
external_mixed_v1,mixed_0242,3.388074674148811e-06,0
external_mixed_v1,mixed_0243,7.3886690188373905e-06,0
external_mixed_v1,mixed_0244,5.444520866149105e-06,0
external_mixed_v1,mixed_0245,1.9753322533233586e-07,0
external_mixed_v1,mixed_0246,0.0003642892115749419,0
external_mixed_v1,mixed_0247,1.5915697986201849e-06,0
external_mixed_v1,mixed_0248,4.74455674748242e-07,0
external_mixed_v1,mixed_0249,0.4826245903968811,0
external_mixed_v1,mixed_0250,7.602261757710949e-05,0
external_mixed_v1,mixed_0251,5.877773219253868e-05,0
external_mixed_v1,mixed_0252,8.22068500383466e-07,0
external_mixed_v1,mixed_0253,1.7325164947123994e-07,0
external_mixed_v1,mixed_0254,2.2228476154850796e-05,0
external_mixed_v1,mixed_0255,2.0780867998837493e-05,0
external_mixed_v1,mixed_0256,0.0005082105053588748,0
external_mixed_v1,mixed_0257,1.1502283570052896e-07,0
external_mixed_v1,mixed_0258,3.0391444738597784e-07,0
external_mixed_v1,mixed_0259,1.0752567504823674e-05,0
external_mixed_v1,mixed_0260,1.7599502825760283e-05,0
external_mixed_v1,mixed_0261,3.463871962594567e-06,0
external_mixed_v1,mixed_0262,6.735911028954433e-07,0
external_mixed_v1,mixed_0263,3.0571711828741854e-09,0
external_mixed_v1,mixed_0264,6.195825335453264e-06,0
external_mixed_v1,mixed_0265,0.0011604008032009006,0
external_mixed_v1,mixed_0266,7.374481469923921e-08,0
external_mixed_v1,mixed_0267,1.7779214545043942e-08,0
external_mixed_v1,mixed_0268,5.9044700719823595e-06,0
external_mixed_v1,mixed_0269,2.090743691951502e-06,0
external_mixed_v1,mixed_0270,4.977158027941186e-07,0
external_mixed_v1,mixed_0271,7.609088697790867e-06,0
external_mixed_v1,mixed_0272,1.1236910957279633e-08,0
external_mixed_v1,mixed_0273,5.999299901304767e-08,0
external_mixed_v1,mixed_0274,5.589080046775052e-06,0
external_mixed_v1,mixed_0275,4.3753017962444574e-05,0
external_mixed_v1,mixed_0276,2.1065015687327104e-07,0
external_mixed_v1,mixed_0277,4.707850894192234e-05,0
external_mixed_v1,mixed_0278,0.00029330069082789123,0
external_mixed_v1,mixed_0279,6.10684510320425e-05,0
external_mixed_v1,mixed_0280,1.1024047125829384e-05,0
external_mixed_v1,mixed_0281,1.9824298647108662e-07,0
external_mixed_v1,mixed_0282,7.126811283342249e-07,0
external_mixed_v1,mixed_0283,2.3048896764521487e-06,0
external_mixed_v1,mixed_0284,1.1467583505009316e-07,0
external_mixed_v1,mixed_0285,7.476638330672358e-08,0
external_mixed_v1,mixed_0286,2.4705888790776953e-05,0
external_mixed_v1,mixed_0287,9.84001879977825e-10,0
external_mixed_v1,mixed_0288,0.002248937264084816,0
external_mixed_v1,mixed_0289,5.011834218748845e-05,0
external_mixed_v1,mixed_0290,2.4631917767692357e-06,0
external_mixed_v1,mixed_0291,5.903743982571541e-08,0
external_mixed_v1,mixed_0292,5.032029903873081e-08,0
external_mixed_v1,mixed_0293,1.3194267012295313e-06,0
external_mixed_v1,mixed_0294,4.188846105535049e-07,0
external_mixed_v1,mixed_0295,0.0011657753493636847,0
external_mixed_v1,mixed_0296,1.0128319445357192e-05,0
external_mixed_v1,mixed_0297,1.4803717931499705e-06,0
external_mixed_v1,mixed_0298,6.2754866121395025e-06,0
external_mixed_v1,mixed_0299,5.6648292229510844e-05,0
external_mixed_v1,mixed_0300,1.1123697731818538e-05,0
external_mixed_v1,mixed_0301,0.005213441792875528,0
external_mixed_v1,mixed_0302,1.4913220525158977e-07,0
external_mixed_v1,mixed_0303,1.559839438414201e-05,0
external_mixed_v1,mixed_0304,3.2389218063144654e-07,0
external_mixed_v1,mixed_0305,2.6362869903095998e-05,0
external_mixed_v1,mixed_0306,9.318839875049889e-05,0
external_mixed_v1,mixed_0307,9.782154393178644e-07,0
external_mixed_v1,mixed_0308,2.04843877327221e-06,0
external_mixed_v1,mixed_0309,2.342578773095738e-05,0
external_mixed_v1,mixed_0310,4.0248080040328205e-05,0
external_mixed_v1,mixed_0311,3.9556420233566314e-05,0
external_mixed_v1,mixed_0312,3.478745611573686e-06,0
external_mixed_v1,mixed_0313,1.3780691915599164e-05,0
external_mixed_v1,mixed_0314,1.8134711353923194e-05,0
external_mixed_v1,mixed_0315,1.1720422662619967e-05,0
external_mixed_v1,mixed_0316,7.256920980580617e-06,0
external_mixed_v1,mixed_0317,4.396989243105054e-05,0
external_mixed_v1,mixed_0318,8.008418808458373e-05,0
external_mixed_v1,mixed_0319,3.2440796076116385e-06,0
external_mixed_v1,mixed_0320,1.230235011462355e-05,0
external_mixed_v1,mixed_0321,0.001395058468915522,0
external_mixed_v1,mixed_0322,2.575503458501771e-06,0
external_mixed_v1,mixed_0323,8.810397048364393e-06,0
external_mixed_v1,mixed_0324,0.00030218414030969143,0
external_mixed_v1,mixed_0325,4.4477078517957125e-06,0
external_mixed_v1,mixed_0326,1.876155238278443e-06,0
external_mixed_v1,mixed_0327,8.380058716284111e-05,0
external_mixed_v1,mixed_0328,9.062177923624404e-06,0
external_mixed_v1,mixed_0329,6.791063060518354e-05,0
external_mixed_v1,mixed_0330,2.083556182697066e-06,0
external_mixed_v1,mixed_0331,2.103033125422371e-07,0
external_mixed_v1,mixed_0332,1.689165252116709e-08,0
external_mixed_v1,mixed_0333,0.00012224521196912974,0
external_mixed_v1,mixed_0334,3.5096087458441616e-07,0
external_mixed_v1,mixed_0335,1.0300462705004065e-08,0
external_mixed_v1,mixed_0336,2.5942108550225385e-07,0
external_mixed_v1,mixed_0337,1.2383334251353517e-05,0
external_mixed_v1,mixed_0338,2.1330219169612974e-05,0
external_mixed_v1,mixed_0339,2.8250775358173996e-05,0
external_mixed_v1,mixed_0340,2.1143267758816364e-07,0
external_mixed_v1,mixed_0341,0.00040179729694500566,0
external_mixed_v1,mixed_0342,1.4715162251377478e-05,0
external_mixed_v1,mixed_0343,6.9928792072460055e-06,0
external_mixed_v1,mixed_0344,3.46971646649763e-05,0
external_mixed_v1,mixed_0345,4.2016028601210564e-05,0
external_mixed_v1,mixed_0346,4.794533015228808e-05,0
external_mixed_v1,mixed_0347,5.880901426280616e-06,0
external_mixed_v1,mixed_0348,0.0002857109939213842,0
external_mixed_v1,mixed_0349,1.9741299183806404e-05,0
external_mixed_v1,mixed_0350,5.153860911377706e-06,0
external_mixed_v1,mixed_0351,3.9713580918032676e-05,0
external_mixed_v1,mixed_0352,5.876663180970354e-06,0
external_mixed_v1,mixed_0353,1.1307816976113827e-06,0
external_mixed_v1,mixed_0354,4.0194918256020173e-05,0
external_mixed_v1,mixed_0355,1.2965216455995687e-06,0
external_mixed_v1,mixed_0356,1.692462683422491e-05,0
external_mixed_v1,mixed_0357,5.036177981310175e-07,0
external_mixed_v1,mixed_0358,4.880316151201214e-09,0
external_mixed_v1,mixed_0359,2.8799468054785393e-05,0
external_mixed_v1,mixed_0360,7.126157470338512e-06,0
external_mixed_v1,mixed_0361,1.1108751252209004e-08,0
external_mixed_v1,mixed_0362,2.022315811700537e-06,0
external_mixed_v1,mixed_0363,0.00017987682076636702,0
external_mixed_v1,mixed_0364,3.351206032675691e-06,0
external_mixed_v1,mixed_0365,3.023852696060203e-05,0
external_mixed_v1,mixed_0366,7.555968750239117e-06,0
external_mixed_v1,mixed_0367,3.5542827845347347e-06,0
external_mixed_v1,mixed_0368,4.465471761250228e-07,0
external_mixed_v1,mixed_0369,1.4448879710471374e-06,0
external_mixed_v1,mixed_0370,1.2004157667888649e-09,0
external_mixed_v1,mixed_0371,0.23410628736019135,0
external_mixed_v1,mixed_0372,1.5460472013728577e-07,0
external_mixed_v1,mixed_0373,3.165992836784426e-07,0
external_mixed_v1,mixed_0374,0.0002846948627848178,0
external_mixed_v1,mixed_0375,2.704440191791946e-07,0
external_mixed_v1,mixed_0376,0.00114732445217669,0
external_mixed_v1,mixed_0377,1.8079790606861934e-06,0
external_mixed_v1,mixed_0378,1.3724364578138193e-07,0
external_mixed_v1,mixed_0379,1.9148929553125527e-08,0
external_mixed_v1,mixed_0380,4.747473525412715e-09,0
external_mixed_v1,mixed_0381,7.445340543199563e-06,0
external_mixed_v1,mixed_0382,8.758011205145522e-09,0
external_mixed_v1,mixed_0383,2.3391219201585045e-06,0
external_mixed_v1,mixed_0384,2.640195134517853e-06,0
external_mixed_v1,mixed_0385,3.0258634069468826e-06,0
external_mixed_v1,mixed_0386,8.28986514989083e-08,0
external_mixed_v1,mixed_0387,7.811097901821995e-08,0
external_mixed_v1,mixed_0388,1.4418168575502932e-05,0
external_mixed_v1,mixed_0389,9.570794645696878e-08,0
external_mixed_v1,mixed_0390,1.4078423760111036e-07,0
external_mixed_v1,mixed_0391,1.7740685507305898e-06,0
external_mixed_v1,mixed_0392,4.1305952436232474e-07,0
external_mixed_v1,mixed_0393,4.037230155518046e-06,0
external_mixed_v1,mixed_0394,2.1220141661615344e-06,0
external_mixed_v1,mixed_0395,4.320484367781319e-05,0
external_mixed_v1,mixed_0396,1.1734452982636867e-06,0
external_mixed_v1,mixed_0397,1.8595452955239011e-09,0
external_mixed_v1,mixed_0398,7.023665204997087e-08,0
external_mixed_v1,mixed_0399,2.9930790788057493e-06,0
source_disjoint_mixed_v1,sdxmix_0000,0.04610477387905121,0
source_disjoint_mixed_v1,sdxmix_0001,0.002002033405005932,0
source_disjoint_mixed_v1,sdxmix_0002,0.0010793940164148808,0
source_disjoint_mixed_v1,sdxmix_0003,0.003876296803355217,0
source_disjoint_mixed_v1,sdxmix_0004,0.0011408503632992506,0
source_disjoint_mixed_v1,sdxmix_0005,0.016925986856222153,0
source_disjoint_mixed_v1,sdxmix_0006,0.02014830894768238,0
source_disjoint_mixed_v1,sdxmix_0007,0.0003928493242710829,0
source_disjoint_mixed_v1,sdxmix_0008,0.0003933602711185813,0
source_disjoint_mixed_v1,sdxmix_0009,0.0015273519093170762,0
source_disjoint_mixed_v1,sdxmix_0010,0.0070440564304590225,0
source_disjoint_mixed_v1,sdxmix_0011,0.05028018727898598,0
source_disjoint_mixed_v1,sdxmix_0012,0.0056775882840156555,0
source_disjoint_mixed_v1,sdxmix_0013,0.3710324168205261,0
source_disjoint_mixed_v1,sdxmix_0014,3.5538167963977685e-08,0
source_disjoint_mixed_v1,sdxmix_0015,0.0008139450219459832,0
source_disjoint_mixed_v1,sdxmix_0016,0.0002843815309461206,0
source_disjoint_mixed_v1,sdxmix_0017,0.0002739511546678841,0
source_disjoint_mixed_v1,sdxmix_0018,0.015851207077503204,0
source_disjoint_mixed_v1,sdxmix_0019,0.011180244386196136,0
source_disjoint_mixed_v1,sdxmix_0020,0.02311728335916996,0
source_disjoint_mixed_v1,sdxmix_0021,0.00012112120748497546,0
source_disjoint_mixed_v1,sdxmix_0022,0.0003335110959596932,0
source_disjoint_mixed_v1,sdxmix_0023,0.001833427115343511,0
source_disjoint_mixed_v1,sdxmix_0024,0.00027451853384263813,0
source_disjoint_mixed_v1,sdxmix_0025,3.099990135524422e-05,0
source_disjoint_mixed_v1,sdxmix_0026,3.0275055905804038e-05,0
source_disjoint_mixed_v1,sdxmix_0027,8.305895526916629e-09,0
source_disjoint_mixed_v1,sdxmix_0028,6.559092753377627e-07,0
source_disjoint_mixed_v1,sdxmix_0029,1.6014922721296898e-07,0
source_disjoint_mixed_v1,sdxmix_0030,4.279665517969988e-06,0
source_disjoint_mixed_v1,sdxmix_0031,1.3139576537923858e-07,0
source_disjoint_mixed_v1,sdxmix_0032,1.1359772543073632e-05,0
source_disjoint_mixed_v1,sdxmix_0033,0.00835063960403204,0
source_disjoint_mixed_v1,sdxmix_0034,8.443363185506314e-05,0
source_disjoint_mixed_v1,sdxmix_0035,1.8968627557569562e-08,0
source_disjoint_mixed_v1,sdxmix_0036,2.9164434067752154e-07,0
source_disjoint_mixed_v1,sdxmix_0037,7.353823457378894e-05,0
source_disjoint_mixed_v1,sdxmix_0038,3.33546195179224e-05,0
source_disjoint_mixed_v1,sdxmix_0039,5.6775432312861085e-05,0
source_disjoint_mixed_v1,sdxmix_0040,6.403504926311143e-08,0
source_disjoint_mixed_v1,sdxmix_0041,1.5200591406028252e-05,0
source_disjoint_mixed_v1,sdxmix_0042,0.00010685515735531226,0
source_disjoint_mixed_v1,sdxmix_0043,4.307474341658235e-07,0
source_disjoint_mixed_v1,sdxmix_0044,0.0031731685157865286,0
source_disjoint_mixed_v1,sdxmix_0045,2.8255462893866934e-05,0
source_disjoint_mixed_v1,sdxmix_0046,4.123213326323594e-09,0
source_disjoint_mixed_v1,sdxmix_0047,2.4849565960494147e-08,0
source_disjoint_mixed_v1,sdxmix_0048,1.738347054924816e-05,0
source_disjoint_mixed_v1,sdxmix_0049,1.0460715884619276e-06,0
source_disjoint_mixed_v1,sdxmix_0050,0.005669074598699808,0
source_disjoint_mixed_v1,sdxmix_0051,0.01977442018687725,0
source_disjoint_mixed_v1,sdxmix_0052,0.0021665957756340504,0
source_disjoint_mixed_v1,sdxmix_0053,0.06432972848415375,0
source_disjoint_mixed_v1,sdxmix_0054,0.006160055752843618,0
source_disjoint_mixed_v1,sdxmix_0055,0.004060041159391403,0
source_disjoint_mixed_v1,sdxmix_0056,0.11071418225765228,0
source_disjoint_mixed_v1,sdxmix_0057,0.0002674766874406487,0
source_disjoint_mixed_v1,sdxmix_0058,0.0020782146602869034,0
source_disjoint_mixed_v1,sdxmix_0059,0.002994205104187131,0
source_disjoint_mixed_v1,sdxmix_0060,0.00015916682605165988,0
source_disjoint_mixed_v1,sdxmix_0061,0.03642747923731804,0
source_disjoint_mixed_v1,sdxmix_0062,0.0015212760772556067,0
source_disjoint_mixed_v1,sdxmix_0063,0.0012659203493967652,0
source_disjoint_mixed_v1,sdxmix_0064,5.798572601634078e-05,0
source_disjoint_mixed_v1,sdxmix_0065,0.00411677360534668,0
source_disjoint_mixed_v1,sdxmix_0066,0.0008726564119569957,0
source_disjoint_mixed_v1,sdxmix_0067,0.005484169349074364,0
source_disjoint_mixed_v1,sdxmix_0068,0.35560107231140137,0
source_disjoint_mixed_v1,sdxmix_0069,0.0019375593401491642,0
source_disjoint_mixed_v1,sdxmix_0070,0.0001739158615237102,0
source_disjoint_mixed_v1,sdxmix_0071,0.002855090657249093,0
source_disjoint_mixed_v1,sdxmix_0072,0.00016146125562954694,0
source_disjoint_mixed_v1,sdxmix_0073,0.0013151548337191343,0
source_disjoint_mixed_v1,sdxmix_0074,0.0033642947673797607,0
source_disjoint_mixed_v1,sdxmix_0075,1.50965846046347e-07,0
source_disjoint_mixed_v1,sdxmix_0076,6.703543931507738e-06,0
source_disjoint_mixed_v1,sdxmix_0077,7.93009292010538e-07,0
source_disjoint_mixed_v1,sdxmix_0078,1.519061783028519e-07,0
source_disjoint_mixed_v1,sdxmix_0079,1.1353050055618041e-08,0
source_disjoint_mixed_v1,sdxmix_0080,5.1658971642609686e-06,0
source_disjoint_mixed_v1,sdxmix_0081,2.2755652651085256e-07,0
source_disjoint_mixed_v1,sdxmix_0082,3.4238103125971975e-06,0
source_disjoint_mixed_v1,sdxmix_0083,4.825845098821446e-05,0
source_disjoint_mixed_v1,sdxmix_0084,1.635603474881009e-08,0
source_disjoint_mixed_v1,sdxmix_0085,4.582603651215322e-06,0
source_disjoint_mixed_v1,sdxmix_0086,2.47942040232374e-07,0
source_disjoint_mixed_v1,sdxmix_0087,3.8507187127834186e-07,0
source_disjoint_mixed_v1,sdxmix_0088,2.99582643492613e-06,0
source_disjoint_mixed_v1,sdxmix_0089,1.270319529567132e-07,0
source_disjoint_mixed_v1,sdxmix_0090,4.87716642965097e-05,0
source_disjoint_mixed_v1,sdxmix_0091,1.77696063019539e-06,0
source_disjoint_mixed_v1,sdxmix_0092,3.210948307241779e-06,0
source_disjoint_mixed_v1,sdxmix_0093,8.849255550558155e-09,0
source_disjoint_mixed_v1,sdxmix_0094,6.8821482273051515e-06,0
source_disjoint_mixed_v1,sdxmix_0095,2.2124149836599827e-05,0
source_disjoint_mixed_v1,sdxmix_0096,2.711713023018092e-06,0
source_disjoint_mixed_v1,sdxmix_0097,8.740592249978363e-08,0
source_disjoint_mixed_v1,sdxmix_0098,0.0005762079381383955,0
source_disjoint_mixed_v1,sdxmix_0099,1.2929946535678027e-07,0
source_disjoint_mixed_v1,sdxmix_0100,0.0007923367666080594,0
source_disjoint_mixed_v1,sdxmix_0101,4.018707386421738e-06,0
source_disjoint_mixed_v1,sdxmix_0102,9.639730706112459e-05,0
source_disjoint_mixed_v1,sdxmix_0103,6.58266890241066e-06,0
source_disjoint_mixed_v1,sdxmix_0104,0.0005119662382639945,0
source_disjoint_mixed_v1,sdxmix_0105,0.00466193538159132,0
source_disjoint_mixed_v1,sdxmix_0106,0.003095409134402871,0
source_disjoint_mixed_v1,sdxmix_0107,0.00165655673481524,0
source_disjoint_mixed_v1,sdxmix_0108,0.0012233840534463525,0
source_disjoint_mixed_v1,sdxmix_0109,0.0024226049426943064,0
source_disjoint_mixed_v1,sdxmix_0110,0.004583233036100864,0
source_disjoint_mixed_v1,sdxmix_0111,6.384721928043291e-05,0
source_disjoint_mixed_v1,sdxmix_0112,0.0004033281293231994,0
source_disjoint_mixed_v1,sdxmix_0113,4.5802398744854145e-06,0
source_disjoint_mixed_v1,sdxmix_0114,0.0005364995449781418,0
source_disjoint_mixed_v1,sdxmix_0115,0.00496711628511548,0
source_disjoint_mixed_v1,sdxmix_0116,0.0009241020306944847,0
source_disjoint_mixed_v1,sdxmix_0117,0.004603950306773186,0
source_disjoint_mixed_v1,sdxmix_0118,0.00014839139475952834,0
source_disjoint_mixed_v1,sdxmix_0119,0.0025392179377377033,0
source_disjoint_mixed_v1,sdxmix_0120,0.001818024436943233,0
source_disjoint_mixed_v1,sdxmix_0121,0.00033462102874182165,0
source_disjoint_mixed_v1,sdxmix_0122,0.00188839144539088,0
source_disjoint_mixed_v1,sdxmix_0123,0.000367945758625865,0
source_disjoint_mixed_v1,sdxmix_0124,0.00131940096616745,0
source_disjoint_mixed_v1,sdxmix_0125,1.894928118417738e-06,0
source_disjoint_mixed_v1,sdxmix_0126,7.773634251861949e-07,0
source_disjoint_mixed_v1,sdxmix_0127,2.1984080831316533e-06,0
source_disjoint_mixed_v1,sdxmix_0128,1.1893910141225206e-06,0
source_disjoint_mixed_v1,sdxmix_0129,9.305412618232367e-08,0
source_disjoint_mixed_v1,sdxmix_0130,0.00012818872346542776,0
source_disjoint_mixed_v1,sdxmix_0131,7.377089445981255e-07,0
source_disjoint_mixed_v1,sdxmix_0132,1.942864997772631e-07,0
source_disjoint_mixed_v1,sdxmix_0133,2.7392768942036128e-08,0
source_disjoint_mixed_v1,sdxmix_0134,2.69788688456174e-06,0
source_disjoint_mixed_v1,sdxmix_0135,4.4024253043062345e-07,0
source_disjoint_mixed_v1,sdxmix_0136,1.0350352397381357e-07,0
source_disjoint_mixed_v1,sdxmix_0137,7.445625893609531e-09,0
source_disjoint_mixed_v1,sdxmix_0138,2.242027790089196e-07,0
source_disjoint_mixed_v1,sdxmix_0139,1.9776953195105307e-06,0
source_disjoint_mixed_v1,sdxmix_0140,1.150897617208102e-07,0
source_disjoint_mixed_v1,sdxmix_0141,6.331219992716797e-07,0
source_disjoint_mixed_v1,sdxmix_0142,4.30225827585673e-06,0
source_disjoint_mixed_v1,sdxmix_0143,2.5331010533591325e-07,0
source_disjoint_mixed_v1,sdxmix_0144,2.4778524121416012e-08,0
source_disjoint_mixed_v1,sdxmix_0145,2.0470741219469346e-05,0
source_disjoint_mixed_v1,sdxmix_0146,5.62947661819635e-07,0
source_disjoint_mixed_v1,sdxmix_0147,1.915998808499353e-07,0
source_disjoint_mixed_v1,sdxmix_0148,1.0046022680398892e-06,0
source_disjoint_mixed_v1,sdxmix_0149,1.0196630739756074e-07,0
source_disjoint_mixed_v1,sdxmix_0150,0.0004237209213897586,0
source_disjoint_mixed_v1,sdxmix_0151,0.0021956751588732004,0
source_disjoint_mixed_v1,sdxmix_0152,0.0003290711320005357,0
source_disjoint_mixed_v1,sdxmix_0153,0.002945934422314167,0
source_disjoint_mixed_v1,sdxmix_0154,1.6001831681933254e-05,0
source_disjoint_mixed_v1,sdxmix_0155,0.00017083986313082278,0
source_disjoint_mixed_v1,sdxmix_0156,0.0003855424583889544,0
source_disjoint_mixed_v1,sdxmix_0157,6.773762288503349e-05,0
source_disjoint_mixed_v1,sdxmix_0158,0.0024486843030899763,0
source_disjoint_mixed_v1,sdxmix_0159,0.0005491399206221104,0
source_disjoint_mixed_v1,sdxmix_0160,0.0025737748946994543,0
source_disjoint_mixed_v1,sdxmix_0161,0.0006237844354473054,0
source_disjoint_mixed_v1,sdxmix_0162,1.741773849062156e-05,0
source_disjoint_mixed_v1,sdxmix_0163,0.000172409214428626,0
source_disjoint_mixed_v1,sdxmix_0164,2.757867378022638e-06,0
source_disjoint_mixed_v1,sdxmix_0165,0.0002582345623522997,0
source_disjoint_mixed_v1,sdxmix_0166,0.0005357805639505386,0
source_disjoint_mixed_v1,sdxmix_0167,0.0003784203145187348,0
source_disjoint_mixed_v1,sdxmix_0168,0.0039142342284321785,0
source_disjoint_mixed_v1,sdxmix_0169,2.974589733639732e-05,0
source_disjoint_mixed_v1,sdxmix_0170,0.005430591758340597,0
source_disjoint_mixed_v1,sdxmix_0171,0.022358568385243416,0
source_disjoint_mixed_v1,sdxmix_0172,4.7636353883717675e-06,0
source_disjoint_mixed_v1,sdxmix_0173,2.1420850316644646e-05,0
source_disjoint_mixed_v1,sdxmix_0174,0.00019403175974730402,0
source_disjoint_mixed_v1,sdxmix_0175,4.190629621092512e-09,0
source_disjoint_mixed_v1,sdxmix_0176,3.963760264014127e-06,0
source_disjoint_mixed_v1,sdxmix_0177,1.1507314212622077e-08,0
source_disjoint_mixed_v1,sdxmix_0178,3.871349235851085e-06,0
source_disjoint_mixed_v1,sdxmix_0179,7.63922543001172e-08,0
source_disjoint_mixed_v1,sdxmix_0180,2.9396337595244404e-06,0
source_disjoint_mixed_v1,sdxmix_0181,1.0344861038902309e-06,0
source_disjoint_mixed_v1,sdxmix_0182,2.626157038321253e-05,0
source_disjoint_mixed_v1,sdxmix_0183,1.1756839768395366e-07,0
source_disjoint_mixed_v1,sdxmix_0184,1.3584588032244937e-07,0
source_disjoint_mixed_v1,sdxmix_0185,5.780501624030876e-07,0
source_disjoint_mixed_v1,sdxmix_0186,2.529521452743211e-06,0
source_disjoint_mixed_v1,sdxmix_0187,1.608265876029691e-08,0
source_disjoint_mixed_v1,sdxmix_0188,8.803485229691432e-08,0
source_disjoint_mixed_v1,sdxmix_0189,7.96114647982904e-07,0
source_disjoint_mixed_v1,sdxmix_0190,0.00014313765859697014,0
source_disjoint_mixed_v1,sdxmix_0191,8.157489332916157e-07,0
source_disjoint_mixed_v1,sdxmix_0192,1.0707027513490175e-06,0
source_disjoint_mixed_v1,sdxmix_0193,4.202118191187765e-07,0
source_disjoint_mixed_v1,sdxmix_0194,2.2960401580007783e-08,0
source_disjoint_mixed_v1,sdxmix_0195,1.987379505408171e-08,0
source_disjoint_mixed_v1,sdxmix_0196,2.9291422833921388e-06,0
source_disjoint_mixed_v1,sdxmix_0197,3.244118147449626e-07,0
source_disjoint_mixed_v1,sdxmix_0198,2.9079282626298664e-07,0
source_disjoint_mixed_v1,sdxmix_0199,4.5424204131450097e-07,0
source_disjoint_mixed_equal_v1,sdxeq_0000,0.00014938731328584254,0
source_disjoint_mixed_equal_v1,sdxeq_0001,0.0004419967590365559,0
source_disjoint_mixed_equal_v1,sdxeq_0002,0.0005500831175595522,0
source_disjoint_mixed_equal_v1,sdxeq_0003,0.0001390762481605634,0
source_disjoint_mixed_equal_v1,sdxeq_0004,0.016614308580756187,0
source_disjoint_mixed_equal_v1,sdxeq_0005,0.007489532232284546,0
source_disjoint_mixed_equal_v1,sdxeq_0006,0.0013298994163051248,0
source_disjoint_mixed_equal_v1,sdxeq_0007,1.4542757753588376e-07,0
source_disjoint_mixed_equal_v1,sdxeq_0008,0.001642814022488892,0
source_disjoint_mixed_equal_v1,sdxeq_0009,0.0002187781356042251,0
source_disjoint_mixed_equal_v1,sdxeq_0010,0.004158263094723225,0
source_disjoint_mixed_equal_v1,sdxeq_0011,3.664841642603278e-05,0
source_disjoint_mixed_equal_v1,sdxeq_0012,0.004641594830900431,0
source_disjoint_mixed_equal_v1,sdxeq_0013,0.008033761754631996,0
source_disjoint_mixed_equal_v1,sdxeq_0014,0.0020386590622365475,0
source_disjoint_mixed_equal_v1,sdxeq_0015,0.002317155711352825,0
source_disjoint_mixed_equal_v1,sdxeq_0016,0.027402279898524284,0
source_disjoint_mixed_equal_v1,sdxeq_0017,0.0007881291676312685,0
source_disjoint_mixed_equal_v1,sdxeq_0018,0.00636405311524868,0
source_disjoint_mixed_equal_v1,sdxeq_0019,0.0008250433020293713,0
source_disjoint_mixed_equal_v1,sdxeq_0020,0.04957883059978485,0
source_disjoint_mixed_equal_v1,sdxeq_0021,0.0002768784179352224,0
source_disjoint_mixed_equal_v1,sdxeq_0022,0.0012401490239426494,0
source_disjoint_mixed_equal_v1,sdxeq_0023,5.747839895775542e-05,0
source_disjoint_mixed_equal_v1,sdxeq_0024,0.011302047409117222,0
source_disjoint_mixed_equal_v1,sdxeq_0025,1.2020973372273147e-07,0
source_disjoint_mixed_equal_v1,sdxeq_0026,8.201083801395725e-06,0
source_disjoint_mixed_equal_v1,sdxeq_0027,9.991037586587481e-06,0
source_disjoint_mixed_equal_v1,sdxeq_0028,6.919542716588012e-10,0
source_disjoint_mixed_equal_v1,sdxeq_0029,1.5948349982863874e-06,0
source_disjoint_mixed_equal_v1,sdxeq_0030,1.928101589498965e-08,0
source_disjoint_mixed_equal_v1,sdxeq_0031,3.481696467133588e-06,0
source_disjoint_mixed_equal_v1,sdxeq_0032,4.7255909407795116e-07,0
source_disjoint_mixed_equal_v1,sdxeq_0033,8.0334706353824e-07,0
source_disjoint_mixed_equal_v1,sdxeq_0034,4.741607995129016e-07,0
source_disjoint_mixed_equal_v1,sdxeq_0035,1.5481512036785716e-06,0
source_disjoint_mixed_equal_v1,sdxeq_0036,8.616679406259209e-05,0
source_disjoint_mixed_equal_v1,sdxeq_0037,8.057970717345597e-07,0
source_disjoint_mixed_equal_v1,sdxeq_0038,4.111522144967239e-08,0
source_disjoint_mixed_equal_v1,sdxeq_0039,5.212400083109969e-06,0
source_disjoint_mixed_equal_v1,sdxeq_0040,6.957186116096636e-08,0
source_disjoint_mixed_equal_v1,sdxeq_0041,0.0006631988217122853,0
source_disjoint_mixed_equal_v1,sdxeq_0042,7.504671884817071e-06,0
source_disjoint_mixed_equal_v1,sdxeq_0043,8.832258480140354e-09,0
source_disjoint_mixed_equal_v1,sdxeq_0044,7.229622497106902e-06,0
source_disjoint_mixed_equal_v1,sdxeq_0045,1.3947148545412347e-05,0
source_disjoint_mixed_equal_v1,sdxeq_0046,4.413373222433847e-09,0
source_disjoint_mixed_equal_v1,sdxeq_0047,5.404617331805639e-05,0
source_disjoint_mixed_equal_v1,sdxeq_0048,8.179295463150993e-08,0
source_disjoint_mixed_equal_v1,sdxeq_0049,2.817741373561944e-09,0
source_disjoint_mixed_equal_v1,sdxeq_0050,0.0009456357802264392,0
source_disjoint_mixed_equal_v1,sdxeq_0051,0.0002974577946588397,0
source_disjoint_mixed_equal_v1,sdxeq_0052,0.0046236091293394566,0
source_disjoint_mixed_equal_v1,sdxeq_0053,0.15957415103912354,0
source_disjoint_mixed_equal_v1,sdxeq_0054,0.0005819399375468493,0
source_disjoint_mixed_equal_v1,sdxeq_0055,0.0014559078263118863,0
source_disjoint_mixed_equal_v1,sdxeq_0056,0.0008483430719934404,0
source_disjoint_mixed_equal_v1,sdxeq_0057,0.02234773151576519,0
source_disjoint_mixed_equal_v1,sdxeq_0058,0.00832055788487196,0
source_disjoint_mixed_equal_v1,sdxeq_0059,0.006898628547787666,0
source_disjoint_mixed_equal_v1,sdxeq_0060,0.0061719599179923534,0
source_disjoint_mixed_equal_v1,sdxeq_0061,0.038642413914203644,0
source_disjoint_mixed_equal_v1,sdxeq_0062,0.004087081644684076,0
source_disjoint_mixed_equal_v1,sdxeq_0063,0.032826296985149384,0
source_disjoint_mixed_equal_v1,sdxeq_0064,0.001609465223737061,0
source_disjoint_mixed_equal_v1,sdxeq_0065,0.002711470704525709,0
source_disjoint_mixed_equal_v1,sdxeq_0066,0.006284563336521387,0
source_disjoint_mixed_equal_v1,sdxeq_0067,0.010870282538235188,0
source_disjoint_mixed_equal_v1,sdxeq_0068,0.0025116545148193836,0
source_disjoint_mixed_equal_v1,sdxeq_0069,7.716083928244188e-06,0
source_disjoint_mixed_equal_v1,sdxeq_0070,0.00562469894066453,0
source_disjoint_mixed_equal_v1,sdxeq_0071,0.004104088060557842,0
source_disjoint_mixed_equal_v1,sdxeq_0072,3.8220983697101474e-05,0
source_disjoint_mixed_equal_v1,sdxeq_0073,0.0010580305242910981,0
source_disjoint_mixed_equal_v1,sdxeq_0074,0.007131821010261774,0
source_disjoint_mixed_equal_v1,sdxeq_0075,1.9455794131317816e-07,0
source_disjoint_mixed_equal_v1,sdxeq_0076,4.3699361640392453e-07,0
source_disjoint_mixed_equal_v1,sdxeq_0077,0.00044073289609514177,0
source_disjoint_mixed_equal_v1,sdxeq_0078,6.836853003733268e-07,0
source_disjoint_mixed_equal_v1,sdxeq_0079,4.327555700456287e-07,0
source_disjoint_mixed_equal_v1,sdxeq_0080,1.6442148762507713e-06,0
source_disjoint_mixed_equal_v1,sdxeq_0081,8.264123039225524e-07,0
source_disjoint_mixed_equal_v1,sdxeq_0082,3.520957303493333e-09,0
source_disjoint_mixed_equal_v1,sdxeq_0083,5.562789738178253e-06,0
source_disjoint_mixed_equal_v1,sdxeq_0084,1.767321933243693e-08,0
source_disjoint_mixed_equal_v1,sdxeq_0085,1.2833849723392632e-05,0
source_disjoint_mixed_equal_v1,sdxeq_0086,5.43604642189166e-07,0
source_disjoint_mixed_equal_v1,sdxeq_0087,3.196886837031343e-06,0
source_disjoint_mixed_equal_v1,sdxeq_0088,5.18441911623313e-09,0
source_disjoint_mixed_equal_v1,sdxeq_0089,5.5178720259618785e-08,0
source_disjoint_mixed_equal_v1,sdxeq_0090,3.395598696442903e-06,0
source_disjoint_mixed_equal_v1,sdxeq_0091,3.5298905913805356e-06,0
source_disjoint_mixed_equal_v1,sdxeq_0092,4.84266774947173e-06,0
source_disjoint_mixed_equal_v1,sdxeq_0093,2.600165203148208e-07,0
source_disjoint_mixed_equal_v1,sdxeq_0094,3.97040003008442e-06,0
source_disjoint_mixed_equal_v1,sdxeq_0095,2.6927564249490388e-05,0
source_disjoint_mixed_equal_v1,sdxeq_0096,1.2377896041471104e-08,0
source_disjoint_mixed_equal_v1,sdxeq_0097,4.947300476487726e-05,0
source_disjoint_mixed_equal_v1,sdxeq_0098,0.00016131429583765566,0
source_disjoint_mixed_equal_v1,sdxeq_0099,1.2142183924979122e-09,0
source_disjoint_mixed_equal_v1,sdxeq_0100,0.0003861773293465376,0
source_disjoint_mixed_equal_v1,sdxeq_0101,0.0027401468250900507,0
source_disjoint_mixed_equal_v1,sdxeq_0102,0.00011709473619703203,0
source_disjoint_mixed_equal_v1,sdxeq_0103,0.014762953855097294,0
source_disjoint_mixed_equal_v1,sdxeq_0104,0.00030825461726635695,0
source_disjoint_mixed_equal_v1,sdxeq_0105,0.00037735095247626305,0
source_disjoint_mixed_equal_v1,sdxeq_0106,0.0011328894179314375,0
source_disjoint_mixed_equal_v1,sdxeq_0107,0.000929425295908004,0
source_disjoint_mixed_equal_v1,sdxeq_0108,5.3893370932200924e-05,0
source_disjoint_mixed_equal_v1,sdxeq_0109,2.354745265620295e-05,0
source_disjoint_mixed_equal_v1,sdxeq_0110,0.001574114547111094,0
source_disjoint_mixed_equal_v1,sdxeq_0111,0.002213302068412304,0
source_disjoint_mixed_equal_v1,sdxeq_0112,0.00014747114619240165,0
source_disjoint_mixed_equal_v1,sdxeq_0113,0.00021487481717485934,0
source_disjoint_mixed_equal_v1,sdxeq_0114,1.7168880731333047e-05,0
source_disjoint_mixed_equal_v1,sdxeq_0115,4.766484835272422e-06,0
source_disjoint_mixed_equal_v1,sdxeq_0116,0.00011158773122588173,0
source_disjoint_mixed_equal_v1,sdxeq_0117,0.0003100684843957424,0
source_disjoint_mixed_equal_v1,sdxeq_0118,0.00022048292157705873,0
source_disjoint_mixed_equal_v1,sdxeq_0119,3.956977525376715e-05,0
source_disjoint_mixed_equal_v1,sdxeq_0120,0.00028104789089411497,0
source_disjoint_mixed_equal_v1,sdxeq_0121,0.0030442122370004654,0
source_disjoint_mixed_equal_v1,sdxeq_0122,0.011236335150897503,0
source_disjoint_mixed_equal_v1,sdxeq_0123,0.0016526622930541635,0
source_disjoint_mixed_equal_v1,sdxeq_0124,5.168720690562623e-06,0
source_disjoint_mixed_equal_v1,sdxeq_0125,4.98710228669097e-08,0
source_disjoint_mixed_equal_v1,sdxeq_0126,7.33865874735784e-08,0
source_disjoint_mixed_equal_v1,sdxeq_0127,1.982050008564329e-07,0
source_disjoint_mixed_equal_v1,sdxeq_0128,1.0847882236930673e-07,0
source_disjoint_mixed_equal_v1,sdxeq_0129,5.190664609244777e-08,0
source_disjoint_mixed_equal_v1,sdxeq_0130,1.0039587323262822e-05,0
source_disjoint_mixed_equal_v1,sdxeq_0131,6.196276558512182e-07,0
source_disjoint_mixed_equal_v1,sdxeq_0132,6.72945191126928e-07,0
source_disjoint_mixed_equal_v1,sdxeq_0133,6.91699506205623e-06,0
source_disjoint_mixed_equal_v1,sdxeq_0134,9.739929964780458e-07,0
source_disjoint_mixed_equal_v1,sdxeq_0135,7.561899906249892e-08,0
source_disjoint_mixed_equal_v1,sdxeq_0136,8.385629826079821e-07,0
source_disjoint_mixed_equal_v1,sdxeq_0137,1.144827024290862e-06,0
source_disjoint_mixed_equal_v1,sdxeq_0138,1.0122912499355152e-06,0
source_disjoint_mixed_equal_v1,sdxeq_0139,7.053170975268586e-06,0
source_disjoint_mixed_equal_v1,sdxeq_0140,4.364504491150001e-08,0
source_disjoint_mixed_equal_v1,sdxeq_0141,5.273039391795464e-07,0
source_disjoint_mixed_equal_v1,sdxeq_0142,7.000219284236664e-07,0
source_disjoint_mixed_equal_v1,sdxeq_0143,2.2126660326193814e-07,0
source_disjoint_mixed_equal_v1,sdxeq_0144,1.0357654218751122e-06,0
source_disjoint_mixed_equal_v1,sdxeq_0145,2.442493314447347e-05,0
source_disjoint_mixed_equal_v1,sdxeq_0146,2.4680846877345175e-07,0
source_disjoint_mixed_equal_v1,sdxeq_0147,4.488416323056299e-07,0
source_disjoint_mixed_equal_v1,sdxeq_0148,2.859714868463925e-06,0
source_disjoint_mixed_equal_v1,sdxeq_0149,2.83938817347007e-07,0
source_disjoint_mixed_equal_v1,sdxeq_0150,9.579672769177705e-05,0
source_disjoint_mixed_equal_v1,sdxeq_0151,0.000299873820040375,0
source_disjoint_mixed_equal_v1,sdxeq_0152,2.6557636374491267e-06,0
source_disjoint_mixed_equal_v1,sdxeq_0153,0.0008480375399813056,0
source_disjoint_mixed_equal_v1,sdxeq_0154,5.125618554302491e-05,0
source_disjoint_mixed_equal_v1,sdxeq_0155,0.00010082922381116077,0
source_disjoint_mixed_equal_v1,sdxeq_0156,1.0315343388356268e-05,0
source_disjoint_mixed_equal_v1,sdxeq_0157,0.00010607646981952712,0
source_disjoint_mixed_equal_v1,sdxeq_0158,0.00046227165148593485,0
source_disjoint_mixed_equal_v1,sdxeq_0159,0.0016892037820070982,0
source_disjoint_mixed_equal_v1,sdxeq_0160,0.00023928908922243863,0
source_disjoint_mixed_equal_v1,sdxeq_0161,0.00041319162119179964,0
source_disjoint_mixed_equal_v1,sdxeq_0162,5.110775964567438e-05,0
source_disjoint_mixed_equal_v1,sdxeq_0163,0.0002557385596446693,0
source_disjoint_mixed_equal_v1,sdxeq_0164,0.0035183592699468136,0
source_disjoint_mixed_equal_v1,sdxeq_0165,2.219244561274536e-05,0
source_disjoint_mixed_equal_v1,sdxeq_0166,1.4085238944971934e-05,0
source_disjoint_mixed_equal_v1,sdxeq_0167,0.0017676700372248888,0
source_disjoint_mixed_equal_v1,sdxeq_0168,7.682453428969893e-07,0
source_disjoint_mixed_equal_v1,sdxeq_0169,0.007575136609375477,0
source_disjoint_mixed_equal_v1,sdxeq_0170,0.0002147019695257768,0
source_disjoint_mixed_equal_v1,sdxeq_0171,1.3177102573536104e-06,0
source_disjoint_mixed_equal_v1,sdxeq_0172,1.2056525520165451e-05,0
source_disjoint_mixed_equal_v1,sdxeq_0173,0.0030557301361113787,0
source_disjoint_mixed_equal_v1,sdxeq_0174,0.002262995345517993,0
source_disjoint_mixed_equal_v1,sdxeq_0175,1.9137064555252437e-06,0
source_disjoint_mixed_equal_v1,sdxeq_0176,4.529857022816941e-08,0
source_disjoint_mixed_equal_v1,sdxeq_0177,2.9707226190112124e-07,0
source_disjoint_mixed_equal_v1,sdxeq_0178,9.864269401305137e-08,0
source_disjoint_mixed_equal_v1,sdxeq_0179,3.1647007858737197e-07,0
source_disjoint_mixed_equal_v1,sdxeq_0180,3.647289474884019e-07,0
source_disjoint_mixed_equal_v1,sdxeq_0181,1.557700670673512e-06,0
source_disjoint_mixed_equal_v1,sdxeq_0182,1.0066041511436197e-07,0
source_disjoint_mixed_equal_v1,sdxeq_0183,1.0499304607947124e-06,0
source_disjoint_mixed_equal_v1,sdxeq_0184,2.8535796445794404e-06,0
source_disjoint_mixed_equal_v1,sdxeq_0185,2.157025420501668e-07,0
source_disjoint_mixed_equal_v1,sdxeq_0186,6.576524356205482e-07,0
source_disjoint_mixed_equal_v1,sdxeq_0187,1.6567567229230917e-07,0
source_disjoint_mixed_equal_v1,sdxeq_0188,3.2945815746643348e-06,0
source_disjoint_mixed_equal_v1,sdxeq_0189,8.258928573923185e-06,0
source_disjoint_mixed_equal_v1,sdxeq_0190,2.681344994925894e-07,0
source_disjoint_mixed_equal_v1,sdxeq_0191,2.795766995689064e-08,0
source_disjoint_mixed_equal_v1,sdxeq_0192,1.334568423771998e-06,0
source_disjoint_mixed_equal_v1,sdxeq_0193,4.598980751779891e-08,0
source_disjoint_mixed_equal_v1,sdxeq_0194,4.9406910562765916e-08,0
source_disjoint_mixed_equal_v1,sdxeq_0195,9.623615369491745e-06,0
source_disjoint_mixed_equal_v1,sdxeq_0196,1.968752982861588e-08,0
source_disjoint_mixed_equal_v1,sdxeq_0197,1.246759495643346e-07,0
source_disjoint_mixed_equal_v1,sdxeq_0198,1.209882611874491e-07,0
source_disjoint_mixed_equal_v1,sdxeq_0199,6.001285441925575e-07,0
source_disjoint_music_v1,sdm_fake_0000,2.8410547248114426e-09,0
source_disjoint_music_v1,sdm_fake_0001,3.089169364756117e-09,0
source_disjoint_music_v1,sdm_fake_0002,1.9690984842668513e-08,0
source_disjoint_music_v1,sdm_fake_0003,1.007373406913814e-09,0
source_disjoint_music_v1,sdm_fake_0004,6.573960265043866e-10,0
source_disjoint_music_v1,sdm_fake_0005,3.50209500288301e-10,0
source_disjoint_music_v1,sdm_fake_0006,1.887535905353843e-09,0
source_disjoint_music_v1,sdm_fake_0007,5.440548278556889e-08,0
source_disjoint_music_v1,sdm_fake_0008,3.742560483743773e-09,0
source_disjoint_music_v1,sdm_fake_0009,1.1649111897327202e-08,0
source_disjoint_music_v1,sdm_fake_0010,2.7207334163392716e-09,0
source_disjoint_music_v1,sdm_fake_0011,2.3986754249527564e-10,0
source_disjoint_music_v1,sdm_fake_0012,7.189157003040236e-08,0
source_disjoint_music_v1,sdm_fake_0013,3.561705652632696e-10,0
source_disjoint_music_v1,sdm_fake_0014,3.4797911219186517e-09,0
source_disjoint_music_v1,sdm_fake_0015,2.916587527046488e-10,0
source_disjoint_music_v1,sdm_fake_0016,1.2157479467589383e-09,0
source_disjoint_music_v1,sdm_fake_0017,4.289582467009723e-09,0
source_disjoint_music_v1,sdm_fake_0018,4.9778061672611784e-09,0
source_disjoint_music_v1,sdm_fake_0019,1.1317737858007604e-09,0
source_disjoint_music_v1,sdm_fake_0020,8.960384434431035e-09,0
source_disjoint_music_v1,sdm_fake_0021,4.816726462131271e-10,0
source_disjoint_music_v1,sdm_fake_0022,1.7079612169013103e-09,0
source_disjoint_music_v1,sdm_fake_0023,1.6532869295815544e-08,0
source_disjoint_music_v1,sdm_fake_0024,9.303469106214379e-10,0
source_disjoint_music_v1,sdm_fake_0025,3.338436860289562e-09,0
source_disjoint_music_v1,sdm_fake_0026,8.443740706631786e-10,0
source_disjoint_music_v1,sdm_fake_0027,8.508268933837826e-08,0
source_disjoint_music_v1,sdm_fake_0028,1.200701343906374e-10,0
source_disjoint_music_v1,sdm_fake_0029,1.4796631697677753e-09,0
source_disjoint_music_v1,sdm_fake_0030,2.080196986886662e-10,0
source_disjoint_music_v1,sdm_fake_0031,2.536194587676732e-10,0
source_disjoint_music_v1,sdm_fake_0032,8.601394074503332e-05,0
source_disjoint_music_v1,sdm_fake_0033,2.5967805683535516e-09,0
source_disjoint_music_v1,sdm_fake_0034,1.5264812747162182e-09,0
source_disjoint_music_v1,sdm_fake_0035,7.199527640722181e-09,0
source_disjoint_music_v1,sdm_fake_0036,2.2689299328249035e-07,0
source_disjoint_music_v1,sdm_fake_0037,1.4466802200630013e-09,0
source_disjoint_music_v1,sdm_fake_0038,1.5303271538869012e-08,0
source_disjoint_music_v1,sdm_fake_0039,2.2336418825652515e-10,0
source_disjoint_music_v1,sdm_fake_0040,3.80701372648673e-08,0
source_disjoint_music_v1,sdm_fake_0041,9.388086974482235e-10,0
source_disjoint_music_v1,sdm_fake_0042,5.468129421482004e-11,0
source_disjoint_music_v1,sdm_fake_0043,1.374084149574628e-06,0
source_disjoint_music_v1,sdm_fake_0044,1.2857693798551395e-09,0
source_disjoint_music_v1,sdm_fake_0045,1.7231628623992634e-10,0
source_disjoint_music_v1,sdm_fake_0046,3.7415878728630503e-10,0
source_disjoint_music_v1,sdm_fake_0047,3.694497152650911e-08,0
source_disjoint_music_v1,sdm_fake_0048,8.126169181998932e-10,0
source_disjoint_music_v1,sdm_fake_0049,1.0224022739535599e-09,0
source_disjoint_music_v1,sdm_fake_0050,1.9495832503935162e-08,0
source_disjoint_music_v1,sdm_fake_0051,6.099784677360276e-09,0
source_disjoint_music_v1,sdm_fake_0052,1.2953694783490732e-09,0
source_disjoint_music_v1,sdm_fake_0053,1.3954160493767631e-08,0
source_disjoint_music_v1,sdm_fake_0054,1.9968853237628537e-09,0
source_disjoint_music_v1,sdm_fake_0055,6.644655381471409e-10,0
source_disjoint_music_v1,sdm_fake_0056,2.306044660782547e-10,0
source_disjoint_music_v1,sdm_fake_0057,1.5336713843350225e-10,0
source_disjoint_music_v1,sdm_fake_0058,1.527928894518027e-09,0
source_disjoint_music_v1,sdm_fake_0059,9.051522309455606e-10,0
source_disjoint_music_v1,sdm_fake_0060,3.7302225197599626e-10,0
source_disjoint_music_v1,sdm_fake_0061,7.735624363292004e-10,0
source_disjoint_music_v1,sdm_fake_0062,2.3044949060135878e-08,0
source_disjoint_music_v1,sdm_fake_0063,2.896161310772527e-09,0
source_disjoint_music_v1,sdm_fake_0064,6.9653753875797975e-09,0
source_disjoint_music_v1,sdm_fake_0065,4.1696051056305805e-09,0
source_disjoint_music_v1,sdm_fake_0066,3.745297760815447e-08,0
source_disjoint_music_v1,sdm_fake_0067,3.99814714668878e-09,0
source_disjoint_music_v1,sdm_fake_0068,8.921191563260322e-10,0
source_disjoint_music_v1,sdm_fake_0069,3.8209502228880865e-09,0
source_disjoint_music_v1,sdm_fake_0070,3.9954389796648115e-10,0
source_disjoint_music_v1,sdm_fake_0071,3.076683907643485e-10,0
source_disjoint_music_v1,sdm_fake_0072,4.0184586214131457e-10,0
source_disjoint_music_v1,sdm_fake_0073,1.0701351804698334e-08,0
source_disjoint_music_v1,sdm_fake_0074,1.4680902715724642e-08,0
source_disjoint_music_v1,sdm_fake_0075,5.04550845548124e-10,0
source_disjoint_music_v1,sdm_fake_0076,9.859218996766117e-10,0
source_disjoint_music_v1,sdm_fake_0077,3.282007554616939e-08,0
source_disjoint_music_v1,sdm_fake_0078,1.2451910613719974e-09,0
source_disjoint_music_v1,sdm_fake_0079,6.409184294398074e-09,0
source_disjoint_music_v1,sdm_fake_0080,3.2471010769086206e-08,0
source_disjoint_music_v1,sdm_fake_0081,1.411013306196196e-09,0
source_disjoint_music_v1,sdm_fake_0082,0.004134439397603273,0
source_disjoint_music_v1,sdm_fake_0083,6.3116369908300385e-09,0
source_disjoint_music_v1,sdm_fake_0084,3.730152116077079e-07,0
source_disjoint_music_v1,sdm_fake_0085,1.275902121733452e-07,0
source_disjoint_music_v1,sdm_fake_0086,8.826612218904017e-10,0
source_disjoint_music_v1,sdm_fake_0087,1.4093195055409069e-08,0
source_disjoint_music_v1,sdm_fake_0088,3.5814864962624426e-11,0
source_disjoint_music_v1,sdm_fake_0089,7.724776374118392e-09,0
source_disjoint_music_v1,sdm_fake_0090,4.181720925089394e-08,0
source_disjoint_music_v1,sdm_fake_0091,5.020853177661877e-11,0
source_disjoint_music_v1,sdm_fake_0092,1.203094086577039e-07,0
source_disjoint_music_v1,sdm_fake_0093,5.914792267081026e-11,0
source_disjoint_music_v1,sdm_fake_0094,6.841954225400571e-10,0
source_disjoint_music_v1,sdm_fake_0095,3.709613061175787e-09,0
source_disjoint_music_v1,sdm_fake_0096,1.5672207975825359e-09,0
source_disjoint_music_v1,sdm_fake_0097,4.151115895467683e-09,0
source_disjoint_music_v1,sdm_fake_0098,1.2992616982288041e-09,0
source_disjoint_music_v1,sdm_fake_0099,5.559067872695778e-09,0
source_disjoint_music_v1,sdm_fake_0100,8.532590189958e-10,0
source_disjoint_music_v1,sdm_fake_0101,3.0322823363349016e-08,0
source_disjoint_music_v1,sdm_fake_0102,1.2891605649656412e-07,0
source_disjoint_music_v1,sdm_fake_0103,1.670915517060223e-09,0
source_disjoint_music_v1,sdm_fake_0104,1.354685030818814e-09,0
source_disjoint_music_v1,sdm_fake_0105,3.82169879076244e-10,0
source_disjoint_music_v1,sdm_fake_0106,1.2054680587070266e-09,0
source_disjoint_music_v1,sdm_fake_0107,1.2541000182775264e-10,0
source_disjoint_music_v1,sdm_fake_0108,3.9101280435716035e-07,0
source_disjoint_music_v1,sdm_fake_0109,1.108043101716305e-09,0
source_disjoint_music_v1,sdm_fake_0110,1.2841737673241482e-09,0
source_disjoint_music_v1,sdm_fake_0111,1.7531529561409798e-09,0
source_disjoint_music_v1,sdm_fake_0112,4.400898756529159e-09,0
source_disjoint_music_v1,sdm_fake_0113,1.3519335650968856e-09,0
source_disjoint_music_v1,sdm_fake_0114,1.1547874878559128e-09,0
source_disjoint_music_v1,sdm_fake_0115,1.4792857605527843e-08,0
source_disjoint_music_v1,sdm_fake_0116,8.174784404957336e-09,0
source_disjoint_music_v1,sdm_fake_0117,6.35827335226935e-10,0
source_disjoint_music_v1,sdm_fake_0118,1.9470414613920184e-08,0
source_disjoint_music_v1,sdm_fake_0119,1.24532417711265e-09,0
source_disjoint_music_v1,sdm_fake_0120,1.3775729446052765e-09,0
source_disjoint_music_v1,sdm_fake_0121,1.2363519097391418e-09,0
source_disjoint_music_v1,sdm_fake_0122,2.9018551450654684e-10,0
source_disjoint_music_v1,sdm_fake_0123,4.5341141952093267e-10,0
source_disjoint_music_v1,sdm_fake_0124,2.11258566196193e-09,0
source_disjoint_music_v1,sdm_fake_0125,1.0124567850766653e-09,0
source_disjoint_music_v1,sdm_fake_0126,1.308225472396174e-10,0
source_disjoint_music_v1,sdm_fake_0127,2.891115125081001e-10,0
source_disjoint_music_v1,sdm_fake_0128,4.7284345328080235e-08,0
source_disjoint_music_v1,sdm_fake_0129,2.176418378851963e-09,0
source_disjoint_music_v1,sdm_fake_0130,6.805346952631908e-09,0
source_disjoint_music_v1,sdm_fake_0131,1.9614478929952384e-08,0
source_disjoint_music_v1,sdm_fake_0132,4.286616894777495e-11,0
source_disjoint_music_v1,sdm_fake_0133,1.3132944509663957e-08,0
source_disjoint_music_v1,sdm_fake_0134,8.993562561343538e-10,0
source_disjoint_music_v1,sdm_fake_0135,8.21360313096875e-10,0
source_disjoint_music_v1,sdm_fake_0136,1.2185200830572285e-06,0
source_disjoint_music_v1,sdm_fake_0137,1.6639885025426793e-09,0
source_disjoint_music_v1,sdm_fake_0138,2.0562491709341657e-09,0
source_disjoint_music_v1,sdm_fake_0139,1.3803924669986145e-09,0
source_disjoint_music_v1,sdm_fake_0140,1.0326167698693212e-09,0
source_disjoint_music_v1,sdm_fake_0141,3.570958417853376e-09,0
source_disjoint_music_v1,sdm_fake_0142,7.508506882913935e-08,0
source_disjoint_music_v1,sdm_fake_0143,2.480915695102226e-09,0
source_disjoint_music_v1,sdm_fake_0144,3.4590291306813015e-06,0
source_disjoint_music_v1,sdm_fake_0145,4.0899225672852424e-10,0
source_disjoint_music_v1,sdm_fake_0146,3.0457104571723903e-07,0
source_disjoint_music_v1,sdm_fake_0147,1.3065056814198783e-09,0
source_disjoint_music_v1,sdm_fake_0148,4.491715444032707e-09,0
source_disjoint_music_v1,sdm_fake_0149,7.4405153149825765e-09,0
source_disjoint_music_v1,sdm_fake_0150,2.5954184934562363e-07,0
source_disjoint_music_v1,sdm_fake_0151,6.301288935084415e-10,0
source_disjoint_music_v1,sdm_fake_0152,8.135272455689346e-10,0
source_disjoint_music_v1,sdm_fake_0153,8.769540094100137e-10,0
source_disjoint_music_v1,sdm_fake_0154,3.8400022051021665e-10,0
source_disjoint_music_v1,sdm_fake_0155,1.0630936230882071e-05,0
source_disjoint_music_v1,sdm_fake_0156,7.96735744046373e-09,0
source_disjoint_music_v1,sdm_fake_0157,6.337738667205883e-10,0
source_disjoint_music_v1,sdm_fake_0158,5.6209930043849e-09,0
source_disjoint_music_v1,sdm_fake_0159,2.979939184299951e-09,0
source_disjoint_music_v1,sdm_fake_0160,1.4605401332801193e-09,0
source_disjoint_music_v1,sdm_fake_0161,2.1734301753895124e-06,0
source_disjoint_music_v1,sdm_fake_0162,1.925747478148665e-10,0
source_disjoint_music_v1,sdm_fake_0163,2.0539708822653324e-10,0
source_disjoint_music_v1,sdm_fake_0164,1.965551499338858e-09,0
source_disjoint_music_v1,sdm_fake_0165,1.2291858197954753e-08,0
source_disjoint_music_v1,sdm_fake_0166,2.298273793499561e-09,0
source_disjoint_music_v1,sdm_fake_0167,4.195972458376218e-09,0
source_disjoint_music_v1,sdm_fake_0168,1.0622180912633894e-09,0
source_disjoint_music_v1,sdm_fake_0169,1.2692104034428553e-09,0
source_disjoint_music_v1,sdm_fake_0170,6.415458386754835e-09,0
source_disjoint_music_v1,sdm_fake_0171,2.027944701055162e-09,0
source_disjoint_music_v1,sdm_fake_0172,1.2472530386276048e-07,0
source_disjoint_music_v1,sdm_fake_0173,4.2370547959080795e-08,0
source_disjoint_music_v1,sdm_fake_0174,1.8063311957305928e-10,0
source_disjoint_music_v1,sdm_fake_0175,3.304961282424301e-08,0
source_disjoint_music_v1,sdm_fake_0176,7.317634054260225e-09,0
source_disjoint_music_v1,sdm_fake_0177,3.6898878397195745e-10,0
source_disjoint_music_v1,sdm_fake_0178,1.4922100222136692e-09,0
source_disjoint_music_v1,sdm_fake_0179,1.2543064364933798e-09,0
source_disjoint_music_v1,sdm_fake_0180,2.476523652816809e-09,0
source_disjoint_music_v1,sdm_fake_0181,8.151799235633916e-10,0
source_disjoint_music_v1,sdm_fake_0182,6.10811790036081e-10,0
source_disjoint_music_v1,sdm_fake_0183,1.3037132262638806e-08,0
source_disjoint_music_v1,sdm_fake_0184,3.263665560027107e-09,0
source_disjoint_music_v1,sdm_fake_0185,1.6812517600328647e-08,0
source_disjoint_music_v1,sdm_fake_0186,3.8889389486485015e-09,0
source_disjoint_music_v1,sdm_fake_0187,5.899168376011232e-10,0
source_disjoint_music_v1,sdm_fake_0188,6.104891037139737e-10,0
source_disjoint_music_v1,sdm_fake_0189,1.0241002490474216e-09,0
source_disjoint_music_v1,sdm_fake_0190,3.1670183489040937e-06,0
source_disjoint_music_v1,sdm_fake_0191,9.396744715672867e-09,0
source_disjoint_music_v1,sdm_fake_0192,1.4031344086617992e-08,0
source_disjoint_music_v1,sdm_fake_0193,2.299597845478729e-09,0
source_disjoint_music_v1,sdm_fake_0194,2.0799242328450873e-09,0
source_disjoint_music_v1,sdm_fake_0195,1.2530300352864288e-08,0
source_disjoint_music_v1,sdm_fake_0196,2.7888737985648504e-09,0
source_disjoint_music_v1,sdm_fake_0197,3.569108031342694e-08,0
source_disjoint_music_v1,sdm_fake_0198,2.1359120694341982e-08,0
source_disjoint_music_v1,sdm_fake_0199,1.180674580325558e-08,0
source_disjoint_music_v1,sdm_real_0000,4.101344188711664e-07,0
source_disjoint_music_v1,sdm_real_0001,0.00022931904823053628,0
source_disjoint_music_v1,sdm_real_0002,0.005975527688860893,0
source_disjoint_music_v1,sdm_real_0003,9.053748362930492e-05,0
source_disjoint_music_v1,sdm_real_0004,0.0007161143003031611,0
source_disjoint_music_v1,sdm_real_0005,0.0004294425598345697,0
source_disjoint_music_v1,sdm_real_0006,0.00010688001202652231,0
source_disjoint_music_v1,sdm_real_0007,0.0014032024191692472,0
source_disjoint_music_v1,sdm_real_0008,0.00013894608127884567,0
source_disjoint_music_v1,sdm_real_0009,0.15765197575092316,0
source_disjoint_music_v1,sdm_real_0010,0.0006135634030215442,0
source_disjoint_music_v1,sdm_real_0011,0.0011390064610168338,0
source_disjoint_music_v1,sdm_real_0012,2.3901207896415144e-05,0
source_disjoint_music_v1,sdm_real_0013,0.0007279622950591147,0
source_disjoint_music_v1,sdm_real_0014,0.022182371467351913,0
source_disjoint_music_v1,sdm_real_0015,0.039103154093027115,0
source_disjoint_music_v1,sdm_real_0016,0.0012677080230787396,0
source_disjoint_music_v1,sdm_real_0017,0.009822539985179901,0
source_disjoint_music_v1,sdm_real_0018,0.0027949586510658264,0
source_disjoint_music_v1,sdm_real_0019,0.0005875365459360182,0
source_disjoint_music_v1,sdm_real_0020,3.8959336961852387e-05,0
source_disjoint_music_v1,sdm_real_0021,0.23850171267986298,0
source_disjoint_music_v1,sdm_real_0022,0.01354858186095953,0
source_disjoint_music_v1,sdm_real_0023,0.17056554555892944,0
source_disjoint_music_v1,sdm_real_0024,0.0032114461064338684,0
source_disjoint_music_v1,sdm_real_0025,0.06101647764444351,0
source_disjoint_music_v1,sdm_real_0026,0.0005698237218894064,0
source_disjoint_music_v1,sdm_real_0027,0.003041768679395318,0
source_disjoint_music_v1,sdm_real_0028,0.013056699186563492,0
source_disjoint_music_v1,sdm_real_0029,0.02710258960723877,0
source_disjoint_music_v1,sdm_real_0030,0.004126479849219322,0
source_disjoint_music_v1,sdm_real_0031,0.012547767721116543,0
source_disjoint_music_v1,sdm_real_0032,7.524368993472308e-05,0
source_disjoint_music_v1,sdm_real_0033,0.004657343961298466,0
source_disjoint_music_v1,sdm_real_0034,0.0010199161479249597,0
source_disjoint_music_v1,sdm_real_0035,4.752417225972749e-05,0
source_disjoint_music_v1,sdm_real_0036,0.0019846088252961636,0
source_disjoint_music_v1,sdm_real_0037,0.018367914482951164,0
source_disjoint_music_v1,sdm_real_0038,0.013348344713449478,0
source_disjoint_music_v1,sdm_real_0039,0.00020261916506569833,0
source_disjoint_music_v1,sdm_real_0040,0.0016263608122244477,0
source_disjoint_music_v1,sdm_real_0041,0.0001776174030965194,0
source_disjoint_music_v1,sdm_real_0042,0.003499347250908613,0
source_disjoint_music_v1,sdm_real_0043,0.0008977900142781436,0
source_disjoint_music_v1,sdm_real_0044,0.0044092340394854546,0
source_disjoint_music_v1,sdm_real_0045,6.3216361922968645e-06,0
source_disjoint_music_v1,sdm_real_0046,0.006263114977627993,0
source_disjoint_music_v1,sdm_real_0047,0.0004500257200561464,0
source_disjoint_music_v1,sdm_real_0048,9.031113586388528e-05,0
source_disjoint_music_v1,sdm_real_0049,5.152955782250501e-05,0
source_disjoint_music_v1,sdm_real_0050,0.00273514655418694,0
source_disjoint_music_v1,sdm_real_0051,3.475475386949256e-05,0
source_disjoint_music_v1,sdm_real_0052,0.012596052139997482,0
source_disjoint_music_v1,sdm_real_0053,0.009662949480116367,0
source_disjoint_music_v1,sdm_real_0054,0.000560856657102704,0
source_disjoint_music_v1,sdm_real_0055,0.009366361424326897,0
source_disjoint_music_v1,sdm_real_0056,0.0025844883639365435,0
source_disjoint_music_v1,sdm_real_0057,0.014019020833075047,0
source_disjoint_music_v1,sdm_real_0058,0.003345665754750371,0
source_disjoint_music_v1,sdm_real_0059,0.0005113190854899585,0
source_disjoint_music_v1,sdm_real_0060,0.0011221509194001555,0
source_disjoint_music_v1,sdm_real_0061,0.006284101866185665,0
source_disjoint_music_v1,sdm_real_0062,0.31702253222465515,0
source_disjoint_music_v1,sdm_real_0063,0.027388114482164383,0
source_disjoint_music_v1,sdm_real_0064,0.00046325664152391255,0
source_disjoint_music_v1,sdm_real_0065,0.0006697741919197142,0
source_disjoint_music_v1,sdm_real_0066,0.0006597815663553774,0
source_disjoint_music_v1,sdm_real_0067,0.07791345566511154,0
source_disjoint_music_v1,sdm_real_0068,0.7037428021430969,1
source_disjoint_music_v1,sdm_real_0069,0.005650676321238279,0
source_disjoint_music_v1,sdm_real_0070,0.0014360735658556223,0
source_disjoint_music_v1,sdm_real_0071,0.01866585947573185,0
source_disjoint_music_v1,sdm_real_0072,0.01502981223165989,0
source_disjoint_music_v1,sdm_real_0073,0.0019054616568610072,0
source_disjoint_music_v1,sdm_real_0074,0.001728745992295444,0
source_disjoint_music_v1,sdm_real_0075,0.0006933850236237049,0
source_disjoint_music_v1,sdm_real_0076,0.0035817588213831186,0
source_disjoint_music_v1,sdm_real_0077,0.0011123715667054057,0
source_disjoint_music_v1,sdm_real_0078,0.00021742124226875603,0
source_disjoint_music_v1,sdm_real_0079,0.006041614804416895,0
source_disjoint_music_v1,sdm_real_0080,0.0042053936049342155,0
source_disjoint_music_v1,sdm_real_0081,0.00014813522284384817,0
source_disjoint_music_v1,sdm_real_0082,0.00035279878647997975,0
source_disjoint_music_v1,sdm_real_0083,0.002760909264907241,0
source_disjoint_music_v1,sdm_real_0084,0.009007186628878117,0
source_disjoint_music_v1,sdm_real_0085,0.0007333533721975982,0
source_disjoint_music_v1,sdm_real_0086,0.0024048141203820705,0
source_disjoint_music_v1,sdm_real_0087,0.0008611562079750001,0
source_disjoint_music_v1,sdm_real_0088,1.1783407899201848e-05,0
source_disjoint_music_v1,sdm_real_0089,0.0006323212874121964,0
source_disjoint_music_v1,sdm_real_0090,0.5215573906898499,1
source_disjoint_music_v1,sdm_real_0091,0.0025346893817186356,0
source_disjoint_music_v1,sdm_real_0092,0.000628886220511049,0
source_disjoint_music_v1,sdm_real_0093,0.00119565159548074,0
source_disjoint_music_v1,sdm_real_0094,0.0005136714316904545,0
source_disjoint_music_v1,sdm_real_0095,0.004491204395890236,0
source_disjoint_music_v1,sdm_real_0096,0.018394138664007187,0
source_disjoint_music_v1,sdm_real_0097,0.1074683740735054,0
source_disjoint_music_v1,sdm_real_0098,8.159215212799609e-06,0
source_disjoint_music_v1,sdm_real_0099,0.0004256406391505152,0
source_disjoint_music_v1,sdm_real_0100,6.525359640363604e-05,0
source_disjoint_music_v1,sdm_real_0101,0.00022502616047859192,0
source_disjoint_music_v1,sdm_real_0102,0.0018346947617828846,0
source_disjoint_music_v1,sdm_real_0103,0.009278794750571251,0
source_disjoint_music_v1,sdm_real_0104,0.0009448395576328039,0
source_disjoint_music_v1,sdm_real_0105,0.00019234648789279163,0
source_disjoint_music_v1,sdm_real_0106,0.0007143461843952537,0
source_disjoint_music_v1,sdm_real_0107,5.7365596148883924e-05,0
source_disjoint_music_v1,sdm_real_0108,0.00023918825900182128,0
source_disjoint_music_v1,sdm_real_0109,0.02856593020260334,0
source_disjoint_music_v1,sdm_real_0110,0.0022723705042153597,0
source_disjoint_music_v1,sdm_real_0111,6.702289283566643e-07,0
source_disjoint_music_v1,sdm_real_0112,0.005412526428699493,0
source_disjoint_music_v1,sdm_real_0113,5.299283998283499e-07,0
source_disjoint_music_v1,sdm_real_0114,0.0008185994811356068,0
source_disjoint_music_v1,sdm_real_0115,0.08570873737335205,0
source_disjoint_music_v1,sdm_real_0116,0.005233052186667919,0
source_disjoint_music_v1,sdm_real_0117,0.04119815304875374,0
source_disjoint_music_v1,sdm_real_0118,0.0013598378282040358,0
source_disjoint_music_v1,sdm_real_0119,0.0014784779632464051,0
source_disjoint_music_v1,sdm_real_0120,2.2475633159046993e-05,0
source_disjoint_music_v1,sdm_real_0121,0.00024745031259953976,0
source_disjoint_music_v1,sdm_real_0122,0.0026274595875293016,0
source_disjoint_music_v1,sdm_real_0123,0.027674010023474693,0
source_disjoint_music_v1,sdm_real_0124,3.234820542274974e-05,0
source_disjoint_music_v1,sdm_real_0125,0.00046105223009362817,0
source_disjoint_music_v1,sdm_real_0126,0.004871419630944729,0
source_disjoint_music_v1,sdm_real_0127,0.0026545184664428234,0
source_disjoint_music_v1,sdm_real_0128,0.0032036008778959513,0
source_disjoint_music_v1,sdm_real_0129,0.0036242827773094177,0
source_disjoint_music_v1,sdm_real_0130,0.052504777908325195,0
source_disjoint_music_v1,sdm_real_0131,0.038671549409627914,0
source_disjoint_music_v1,sdm_real_0132,0.0003702729009091854,0
source_disjoint_music_v1,sdm_real_0133,0.000253668607911095,0
source_disjoint_music_v1,sdm_real_0134,0.0007008747779764235,0
source_disjoint_music_v1,sdm_real_0135,0.0029380107298493385,0
source_disjoint_music_v1,sdm_real_0136,5.81770327698905e-05,0
source_disjoint_music_v1,sdm_real_0137,0.0028980234637856483,0
source_disjoint_music_v1,sdm_real_0138,0.0003613781009335071,0
source_disjoint_music_v1,sdm_real_0139,0.0004807346558663994,0
source_disjoint_music_v1,sdm_real_0140,0.0022900912445038557,0
source_disjoint_music_v1,sdm_real_0141,0.17298389971256256,0
source_disjoint_music_v1,sdm_real_0142,0.005858460906893015,0
source_disjoint_music_v1,sdm_real_0143,0.0010187857551500201,0
source_disjoint_music_v1,sdm_real_0144,8.058588718995452e-05,0
source_disjoint_music_v1,sdm_real_0145,0.0027475280221551657,0
source_disjoint_music_v1,sdm_real_0146,0.015042988583445549,0
source_disjoint_music_v1,sdm_real_0147,0.00862395390868187,0
source_disjoint_music_v1,sdm_real_0148,0.033775489777326584,0
source_disjoint_music_v1,sdm_real_0149,0.0021494075190275908,0
source_disjoint_music_v1,sdm_real_0150,0.00023053000040818006,0
source_disjoint_music_v1,sdm_real_0151,0.00020101240079384297,0
source_disjoint_music_v1,sdm_real_0152,0.004713172558695078,0
source_disjoint_music_v1,sdm_real_0153,3.1407449569087476e-05,0
source_disjoint_music_v1,sdm_real_0154,6.08186746831052e-05,0
source_disjoint_music_v1,sdm_real_0155,0.02988053485751152,0
source_disjoint_music_v1,sdm_real_0156,0.0350211076438427,0
source_disjoint_music_v1,sdm_real_0157,0.0030485480092465878,0
source_disjoint_music_v1,sdm_real_0158,0.0016074368031695485,0
source_disjoint_music_v1,sdm_real_0159,0.000255977880442515,0
source_disjoint_music_v1,sdm_real_0160,7.171418110374361e-05,0
source_disjoint_music_v1,sdm_real_0161,0.46973592042922974,0
source_disjoint_music_v1,sdm_real_0162,0.5341970324516296,1
source_disjoint_music_v1,sdm_real_0163,0.012699352577328682,0
source_disjoint_music_v1,sdm_real_0164,0.007198492996394634,0
source_disjoint_music_v1,sdm_real_0165,0.0010833838023245335,0
source_disjoint_music_v1,sdm_real_0166,5.974998930469155e-05,0
source_disjoint_music_v1,sdm_real_0167,0.0019984617829322815,0
source_disjoint_music_v1,sdm_real_0168,0.005343947559595108,0
source_disjoint_music_v1,sdm_real_0169,0.00414058705791831,0
source_disjoint_music_v1,sdm_real_0170,0.0010415631113573909,0
source_disjoint_music_v1,sdm_real_0171,0.017499133944511414,0
source_disjoint_music_v1,sdm_real_0172,0.0005213542026467621,0
source_disjoint_music_v1,sdm_real_0173,0.009893386624753475,0
source_disjoint_music_v1,sdm_real_0174,0.04644715413451195,0
source_disjoint_music_v1,sdm_real_0175,0.00045051093911752105,0
source_disjoint_music_v1,sdm_real_0176,0.0012560179457068443,0
source_disjoint_music_v1,sdm_real_0177,0.009804630652070045,0
source_disjoint_music_v1,sdm_real_0178,0.01257794164121151,0
source_disjoint_music_v1,sdm_real_0179,0.027927467599511147,0
source_disjoint_music_v1,sdm_real_0180,8.308271208079532e-05,0
source_disjoint_music_v1,sdm_real_0181,1.3671717169927433e-05,0
source_disjoint_music_v1,sdm_real_0182,0.0007662942516617477,0
source_disjoint_music_v1,sdm_real_0183,0.0022315289825201035,0
source_disjoint_music_v1,sdm_real_0184,0.0024371047038584948,0
source_disjoint_music_v1,sdm_real_0185,6.976989971008152e-05,0
source_disjoint_music_v1,sdm_real_0186,0.0006641253712587059,0
source_disjoint_music_v1,sdm_real_0187,0.005489936098456383,0
source_disjoint_music_v1,sdm_real_0188,0.0008280985057353973,0
source_disjoint_music_v1,sdm_real_0189,0.0009295700583606958,0
source_disjoint_music_v1,sdm_real_0190,2.9251223168103024e-05,0
source_disjoint_music_v1,sdm_real_0191,0.00019842793699353933,0
source_disjoint_music_v1,sdm_real_0192,0.11749155819416046,0
source_disjoint_music_v1,sdm_real_0193,0.0002174689288949594,0
source_disjoint_music_v1,sdm_real_0194,0.0005953756044618785,0
source_disjoint_music_v1,sdm_real_0195,0.0003753736091312021,0
source_disjoint_music_v1,sdm_real_0196,0.019174689427018166,0
source_disjoint_music_v1,sdm_real_0197,0.005896511022001505,0
source_disjoint_music_v1,sdm_real_0198,0.0033946337644010782,0
source_disjoint_music_v1,sdm_real_0199,0.0007184281130321324,0
factorial_eval_1200_v2_dev,factorial_0000,0.03734365105628967,0
factorial_eval_1200_v2_dev,factorial_0001,6.160599497206931e-08,0
factorial_eval_1200_v2_dev,factorial_0002,1.1856857781822328e-05,0
factorial_eval_1200_v2_dev,factorial_0003,0.9999600648880005,1
factorial_eval_1200_v2_dev,factorial_0004,1.346673030866441e-07,0
factorial_eval_1200_v2_dev,factorial_0005,0.00020835378381889313,0
factorial_eval_1200_v2_dev,factorial_0006,2.5867775548249483e-05,0
factorial_eval_1200_v2_dev,factorial_0007,8.08040834243684e-09,0
factorial_eval_1200_v2_dev,factorial_0008,2.7122888823782887e-08,0
factorial_eval_1200_v2_dev,factorial_0009,0.999987006187439,1
factorial_eval_1200_v2_dev,factorial_0010,0.00017571306671015918,0
factorial_eval_1200_v2_dev,factorial_0011,0.007683167699724436,0
factorial_eval_1200_v2_dev,factorial_0012,0.0005929252365604043,0
factorial_eval_1200_v2_dev,factorial_0013,2.5897286093368166e-08,0
factorial_eval_1200_v2_dev,factorial_0014,1.1057887832066626e-06,0
factorial_eval_1200_v2_dev,factorial_0015,0.9996095299720764,1
factorial_eval_1200_v2_dev,factorial_0016,9.511652024229988e-06,0
factorial_eval_1200_v2_dev,factorial_0017,0.006339603569358587,0
factorial_eval_1200_v2_dev,factorial_0018,0.004833470564335585,0
factorial_eval_1200_v2_dev,factorial_0019,1.8729963358055102e-06,0
factorial_eval_1200_v2_dev,factorial_0020,3.151820055791177e-05,0
factorial_eval_1200_v2_dev,factorial_0021,0.9999374151229858,1
factorial_eval_1200_v2_dev,factorial_0022,0.000297037506243214,0
factorial_eval_1200_v2_dev,factorial_0023,0.00024864249280653894,0
factorial_eval_1200_v2_dev,factorial_0024,0.00035308412043377757,0
factorial_eval_1200_v2_dev,factorial_0025,7.76115083311879e-09,0
factorial_eval_1200_v2_dev,factorial_0026,0.06869110465049744,0
factorial_eval_1200_v2_dev,factorial_0027,0.9999959468841553,1
factorial_eval_1200_v2_dev,factorial_0028,0.0018839845433831215,0
factorial_eval_1200_v2_dev,factorial_0029,0.0009349056053906679,0
factorial_eval_1200_v2_dev,factorial_0030,0.041777629405260086,0
factorial_eval_1200_v2_dev,factorial_0031,1.770283253321736e-09,0
factorial_eval_1200_v2_dev,factorial_0032,0.0041542984545230865,0
factorial_eval_1200_v2_dev,factorial_0033,0.9999927282333374,1
factorial_eval_1200_v2_dev,factorial_0034,0.0015142145566642284,0
factorial_eval_1200_v2_dev,factorial_0035,0.00010982607636833563,0
factorial_eval_1200_v2_dev,factorial_0036,0.06080348417162895,0
factorial_eval_1200_v2_dev,factorial_0037,1.73027192573727e-08,0
factorial_eval_1200_v2_dev,factorial_0038,0.007061815354973078,0
factorial_eval_1200_v2_dev,factorial_0039,0.9999667406082153,1
factorial_eval_1200_v2_dev,factorial_0040,0.0004206838784739375,0
factorial_eval_1200_v2_dev,factorial_0041,1.9593353499658406e-05,0
factorial_eval_1200_v2_dev,factorial_0042,0.056258901953697205,0
factorial_eval_1200_v2_dev,factorial_0043,2.6681552522944685e-09,0
factorial_eval_1200_v2_dev,factorial_0044,0.007292763330042362,0
factorial_eval_1200_v2_dev,factorial_0045,0.9999737739562988,1
factorial_eval_1200_v2_dev,factorial_0046,0.0012054983526468277,0
factorial_eval_1200_v2_dev,factorial_0047,0.0023423624224960804,0
factorial_eval_1200_v2_dev,factorial_0048,0.05693008005619049,0
factorial_eval_1200_v2_dev,factorial_0049,1.2943320859548635e-09,0
factorial_eval_1200_v2_dev,factorial_0050,3.1078072879608953e-06,0
factorial_eval_1200_v2_dev,factorial_0051,0.9998651742935181,1
factorial_eval_1200_v2_dev,factorial_0052,9.002440606309392e-07,0
factorial_eval_1200_v2_dev,factorial_0053,0.0009461733279749751,0
factorial_eval_1200_v2_dev,factorial_0054,6.320231932477327e-06,0
factorial_eval_1200_v2_dev,factorial_0055,2.6226942839713274e-09,0
factorial_eval_1200_v2_dev,factorial_0056,1.0689972441468854e-05,0
factorial_eval_1200_v2_dev,factorial_0057,0.9999923706054688,1
factorial_eval_1200_v2_dev,factorial_0058,0.0028677242808043957,0
factorial_eval_1200_v2_dev,factorial_0059,0.000756601570174098,0
factorial_eval_1200_v2_dev,factorial_0060,0.00014558799739461392,0
factorial_eval_1200_v2_dev,factorial_0061,2.2332340421371555e-09,0
factorial_eval_1200_v2_dev,factorial_0062,9.930839951266535e-06,0
factorial_eval_1200_v2_dev,factorial_0063,0.9999796152114868,1
factorial_eval_1200_v2_dev,factorial_0064,1.4398383427760564e-06,0
factorial_eval_1200_v2_dev,factorial_0065,3.725290298461914e-05,0
factorial_eval_1200_v2_dev,factorial_0066,5.599237283604452e-06,0
factorial_eval_1200_v2_dev,factorial_0067,1.8186391281815872e-09,0
factorial_eval_1200_v2_dev,factorial_0068,3.698677986108123e-08,0
factorial_eval_1200_v2_dev,factorial_0069,0.9999403953552246,1
factorial_eval_1200_v2_dev,factorial_0070,5.486301688506501e-06,0
factorial_eval_1200_v2_dev,factorial_0071,0.002620165701955557,0
factorial_eval_1200_v2_dev,factorial_0072,0.0005982837756164372,0
factorial_eval_1200_v2_dev,factorial_0073,1.8186391281815872e-09,0
factorial_eval_1200_v2_dev,factorial_0074,3.332246194531763e-07,0
factorial_eval_1200_v2_dev,factorial_0075,0.9999936819076538,1
factorial_eval_1200_v2_dev,factorial_0076,0.00014685244241263717,0
factorial_eval_1200_v2_dev,factorial_0077,0.0005460315733216703,0
factorial_eval_1200_v2_dev,factorial_0078,0.06540865451097488,0
factorial_eval_1200_v2_dev,factorial_0079,2.957080413867885e-10,0
factorial_eval_1200_v2_dev,factorial_0080,6.265958652793699e-17,0
factorial_eval_1200_v2_dev,factorial_0081,0.9999957084655762,1
factorial_eval_1200_v2_dev,factorial_0082,7.940382783999667e-05,0
factorial_eval_1200_v2_dev,factorial_0083,0.012354501523077488,0
factorial_eval_1200_v2_dev,factorial_0084,0.0031997766345739365,0
factorial_eval_1200_v2_dev,factorial_0085,2.6562768651317015e-10,0
factorial_eval_1200_v2_dev,factorial_0086,0.0036870541516691446,0
factorial_eval_1200_v2_dev,factorial_0087,0.9999669790267944,1
factorial_eval_1200_v2_dev,factorial_0088,0.000969627290032804,0
factorial_eval_1200_v2_dev,factorial_0089,0.006595070939511061,0
factorial_eval_1200_v2_dev,factorial_0090,0.14248649775981903,0
factorial_eval_1200_v2_dev,factorial_0091,4.065710546008461e-10,0
factorial_eval_1200_v2_dev,factorial_0092,0.006043725181370974,0
factorial_eval_1200_v2_dev,factorial_0093,0.9999651908874512,1
factorial_eval_1200_v2_dev,factorial_0094,0.0018616749439388514,0
factorial_eval_1200_v2_dev,factorial_0095,4.287169758754317e-06,0
factorial_eval_1200_v2_dev,factorial_0096,0.0032219605054706335,0
factorial_eval_1200_v2_dev,factorial_0097,9.426229241604744e-11,0
factorial_eval_1200_v2_dev,factorial_0098,0.0008001960813999176,0
factorial_eval_1200_v2_dev,factorial_0099,0.9999997615814209,1
factorial_eval_1200_v2_dev,factorial_0100,0.004352000076323748,0
factorial_eval_1200_v2_dev,factorial_0101,0.00010353127436246723,0
factorial_eval_1200_v2_dev,factorial_0102,0.014458991587162018,0
factorial_eval_1200_v2_dev,factorial_0103,1.3867425430191815e-08,0
factorial_eval_1200_v2_dev,factorial_0104,0.007666879333555698,0
factorial_eval_1200_v2_dev,factorial_0105,0.9999865293502808,1
factorial_eval_1200_v2_dev,factorial_0106,0.0018960932502523065,0
factorial_eval_1200_v2_dev,factorial_0107,0.030808836221694946,0
factorial_eval_1200_v2_dev,factorial_0108,0.0017180279828608036,0
factorial_eval_1200_v2_dev,factorial_0109,6.100401073183548e-09,0
factorial_eval_1200_v2_dev,factorial_0110,0.006537381559610367,0
factorial_eval_1200_v2_dev,factorial_0111,0.9999856948852539,1
factorial_eval_1200_v2_dev,factorial_0112,0.03398216515779495,0
factorial_eval_1200_v2_dev,factorial_0113,0.037987735122442245,0
factorial_eval_1200_v2_dev,factorial_0114,0.03775394707918167,0
factorial_eval_1200_v2_dev,factorial_0115,1.3179335400792525e-09,0
factorial_eval_1200_v2_dev,factorial_0116,0.0024844584986567497,0
factorial_eval_1200_v2_dev,factorial_0117,0.9999991655349731,1
factorial_eval_1200_v2_dev,factorial_0118,1.4339514564198907e-05,0
factorial_eval_1200_v2_dev,factorial_0119,0.00010860395559575409,0
factorial_eval_1200_v2_dev,factorial_0120,3.138951797154732e-05,0
factorial_eval_1200_v2_dev,factorial_0121,2.4602464510081745e-10,0
factorial_eval_1200_v2_dev,factorial_0122,0.0004539906221907586,0
factorial_eval_1200_v2_dev,factorial_0123,0.9999884366989136,1
factorial_eval_1200_v2_dev,factorial_0124,0.0030615124851465225,0
factorial_eval_1200_v2_dev,factorial_0125,0.0001001954879029654,0
factorial_eval_1200_v2_dev,factorial_0126,1.1171218829986174e-05,0
factorial_eval_1200_v2_dev,factorial_0127,8.285451436051972e-09,0
factorial_eval_1200_v2_dev,factorial_0128,0.00608336366713047,0
factorial_eval_1200_v2_dev,factorial_0129,0.9999994039535522,1
factorial_eval_1200_v2_dev,factorial_0130,0.0027903348673135042,0
factorial_eval_1200_v2_dev,factorial_0131,0.013199436478316784,0
factorial_eval_1200_v2_dev,factorial_0132,0.01661011017858982,0
factorial_eval_1200_v2_dev,factorial_0133,9.918283438992148e-08,0
factorial_eval_1200_v2_dev,factorial_0134,0.00020143258734606206,0
factorial_eval_1200_v2_dev,factorial_0135,0.9999854564666748,1
factorial_eval_1200_v2_dev,factorial_0136,0.00024449723423458636,0
factorial_eval_1200_v2_dev,factorial_0137,0.00033320189686492085,0
factorial_eval_1200_v2_dev,factorial_0138,0.014240795746445656,0
factorial_eval_1200_v2_dev,factorial_0139,7.184297601270373e-10,0
factorial_eval_1200_v2_dev,factorial_0140,0.0008029355085454881,0
factorial_eval_1200_v2_dev,factorial_0141,0.9999918937683105,1
factorial_eval_1200_v2_dev,factorial_0142,0.01483121607452631,0
factorial_eval_1200_v2_dev,factorial_0143,0.0028686965815722942,0
factorial_eval_1200_v2_dev,factorial_0144,0.3357885777950287,0
factorial_eval_1200_v2_dev,factorial_0145,5.974480909998192e-10,0
factorial_eval_1200_v2_dev,factorial_0146,7.887706306064501e-05,0
factorial_eval_1200_v2_dev,factorial_0147,0.9999802112579346,1
factorial_eval_1200_v2_dev,factorial_0148,4.686761531047523e-05,0
factorial_eval_1200_v2_dev,factorial_0149,0.00048336017061956227,0
factorial_eval_1200_v2_dev,factorial_0150,0.0023838321212679148,0
factorial_eval_1200_v2_dev,factorial_0151,8.363585379811411e-09,0
factorial_eval_1200_v2_dev,factorial_0152,0.00040252666804008186,0
factorial_eval_1200_v2_dev,factorial_0153,0.9999984502792358,1
factorial_eval_1200_v2_dev,factorial_0154,8.052097837207839e-05,0
factorial_eval_1200_v2_dev,factorial_0155,0.0002489271282684058,0
factorial_eval_1200_v2_dev,factorial_0156,5.8191926655126736e-06,0
factorial_eval_1200_v2_dev,factorial_0157,1.215835987444791e-09,0
factorial_eval_1200_v2_dev,factorial_0158,0.03186895325779915,0
factorial_eval_1200_v2_dev,factorial_0159,0.9999992847442627,1
factorial_eval_1200_v2_dev,factorial_0160,4.0919236198533326e-05,0
factorial_eval_1200_v2_dev,factorial_0161,0.007620388176292181,0
factorial_eval_1200_v2_dev,factorial_0162,0.00047421533963643014,0
factorial_eval_1200_v2_dev,factorial_0163,1.345381028805548e-10,0
factorial_eval_1200_v2_dev,factorial_0164,5.332432556315325e-05,0
factorial_eval_1200_v2_dev,factorial_0165,0.9999731779098511,1
factorial_eval_1200_v2_dev,factorial_0166,0.0069073960185050964,0
factorial_eval_1200_v2_dev,factorial_0167,0.008114216849207878,0
factorial_eval_1200_v2_dev,factorial_0168,0.0003151678538415581,0
factorial_eval_1200_v2_dev,factorial_0169,3.105042001294578e-09,0
factorial_eval_1200_v2_dev,factorial_0170,0.0002731054264586419,0
factorial_eval_1200_v2_dev,factorial_0171,0.999995231628418,1
factorial_eval_1200_v2_dev,factorial_0172,6.285657036642078e-06,0
factorial_eval_1200_v2_dev,factorial_0173,0.007451179437339306,0
factorial_eval_1200_v2_dev,factorial_0174,0.026903707534074783,0
factorial_eval_1200_v2_dev,factorial_0175,5.447323148111138e-10,0
factorial_eval_1200_v2_dev,factorial_0176,0.0004239427507854998,0
factorial_eval_1200_v2_dev,factorial_0177,0.9999480247497559,1
factorial_eval_1200_v2_dev,factorial_0178,0.010488497093319893,0
factorial_eval_1200_v2_dev,factorial_0179,0.00014610367361456156,0
factorial_eval_1200_v2_dev,factorial_0180,0.024321123957633972,0
factorial_eval_1200_v2_dev,factorial_0181,5.6464186624916035e-12,0
factorial_eval_1200_v2_dev,factorial_0182,0.0010670974152162671,0
factorial_eval_1200_v2_dev,factorial_0183,0.9999954700469971,1
factorial_eval_1200_v2_dev,factorial_0184,0.0031632231548428535,0
factorial_eval_1200_v2_dev,factorial_0185,5.166916228205309e-09,0
factorial_eval_1200_v2_dev,factorial_0186,0.00260377349331975,0
factorial_eval_1200_v2_dev,factorial_0187,2.3156958661729732e-07,0
factorial_eval_1200_v2_dev,factorial_0188,0.0032026751432567835,0
factorial_eval_1200_v2_dev,factorial_0189,0.9999988079071045,1
factorial_eval_1200_v2_dev,factorial_0190,0.0002432803885312751,0
factorial_eval_1200_v2_dev,factorial_0191,0.010163890197873116,0
factorial_eval_1200_v2_dev,factorial_0192,0.003378737485036254,0
factorial_eval_1200_v2_dev,factorial_0193,6.540969099688709e-09,0
factorial_eval_1200_v2_dev,factorial_0194,0.0010458785109221935,0
factorial_eval_1200_v2_dev,factorial_0195,0.9999951124191284,1
factorial_eval_1200_v2_dev,factorial_0196,1.7396301288385985e-08,0
factorial_eval_1200_v2_dev,factorial_0197,0.0060476139187812805,0
factorial_eval_1200_v2_dev,factorial_0198,1.0478752443532358e-07,0
factorial_eval_1200_v2_dev,factorial_0199,8.776902538087938e-10,0
factorial_eval_1200_v2_dev,factorial_0200,0.004076395183801651,0
factorial_eval_1200_v2_dev,factorial_0201,0.999976396560669,1
factorial_eval_1200_v2_dev,factorial_0202,0.00019788718782365322,0
factorial_eval_1200_v2_dev,factorial_0203,0.003527587978169322,0
factorial_eval_1200_v2_dev,factorial_0204,0.003464335110038519,0
factorial_eval_1200_v2_dev,factorial_0205,3.843508977752208e-08,0
factorial_eval_1200_v2_dev,factorial_0206,0.00019387956126593053,0
factorial_eval_1200_v2_dev,factorial_0207,0.9999858140945435,1
factorial_eval_1200_v2_dev,factorial_0208,3.511163959046826e-05,0
factorial_eval_1200_v2_dev,factorial_0209,0.0005646246718242764,0
factorial_eval_1200_v2_dev,factorial_0210,0.00788113847374916,0
factorial_eval_1200_v2_dev,factorial_0211,2.821407552033861e-10,0
factorial_eval_1200_v2_dev,factorial_0212,6.497007689176826e-06,0
factorial_eval_1200_v2_dev,factorial_0213,0.9998332262039185,1
factorial_eval_1200_v2_dev,factorial_0214,0.0002279335167258978,0
factorial_eval_1200_v2_dev,factorial_0215,0.0022253573406487703,0
factorial_eval_1200_v2_dev,factorial_0216,0.00041424602386541665,0
factorial_eval_1200_v2_dev,factorial_0217,5.386173729249322e-09,0
factorial_eval_1200_v2_dev,factorial_0218,7.041147910058498e-06,0
factorial_eval_1200_v2_dev,factorial_0219,0.9999986886978149,1
factorial_eval_1200_v2_dev,factorial_0220,0.0018211276037618518,0
factorial_eval_1200_v2_dev,factorial_0221,0.005000436212867498,0
factorial_eval_1200_v2_dev,factorial_0222,0.00019325259199831635,0
factorial_eval_1200_v2_dev,factorial_0223,1.8093524545292894e-07,0
factorial_eval_1200_v2_dev,factorial_0224,0.0004710167704615742,0
factorial_eval_1200_v2_dev,factorial_0225,0.9999803304672241,1
factorial_eval_1200_v2_dev,factorial_0226,0.00026824692031368613,0
factorial_eval_1200_v2_dev,factorial_0227,0.0001178622042061761,0
factorial_eval_1200_v2_dev,factorial_0228,0.0006550404941663146,0
factorial_eval_1200_v2_dev,factorial_0229,9.167849257529781e-10,0
factorial_eval_1200_v2_dev,factorial_0230,0.00019977771444246173,0
factorial_eval_1200_v2_dev,factorial_0231,0.9999814033508301,1
factorial_eval_1200_v2_dev,factorial_0232,0.0007652612985111773,0
factorial_eval_1200_v2_dev,factorial_0233,5.7064870162548686e-08,0
factorial_eval_1200_v2_dev,factorial_0234,0.03384706750512123,0
factorial_eval_1200_v2_dev,factorial_0235,1.3964748291073192e-07,0
factorial_eval_1200_v2_dev,factorial_0236,2.660737550286285e-07,0
factorial_eval_1200_v2_dev,factorial_0237,0.9999744892120361,1
factorial_eval_1200_v2_dev,factorial_0238,3.235246549593285e-05,0
factorial_eval_1200_v2_dev,factorial_0239,0.006228186190128326,0
factorial_eval_1200_v2_dev,factorial_0240,0.0021841758862137794,0
factorial_eval_1200_v2_dev,factorial_0241,1.1916488906749123e-09,0
factorial_eval_1200_v2_dev,factorial_0242,0.00010723947343649343,0
factorial_eval_1200_v2_dev,factorial_0243,0.9999967813491821,1
factorial_eval_1200_v2_dev,factorial_0244,0.0026949907187372446,0
factorial_eval_1200_v2_dev,factorial_0245,0.0008267718949355185,0
factorial_eval_1200_v2_dev,factorial_0246,0.23556825518608093,0
factorial_eval_1200_v2_dev,factorial_0247,4.009336862509372e-08,0
factorial_eval_1200_v2_dev,factorial_0248,1.7939360986929387e-05,0
factorial_eval_1200_v2_dev,factorial_0249,0.9999980926513672,1
factorial_eval_1200_v2_dev,factorial_0250,4.686737327119772e-07,0
factorial_eval_1200_v2_dev,factorial_0251,0.004249993711709976,0
factorial_eval_1200_v2_dev,factorial_0252,0.045474305748939514,0
factorial_eval_1200_v2_dev,factorial_0253,4.415697141268993e-09,0
factorial_eval_1200_v2_dev,factorial_0254,0.00404196884483099,0
factorial_eval_1200_v2_dev,factorial_0255,0.9999935626983643,1
factorial_eval_1200_v2_dev,factorial_0256,0.000703243596944958,0
factorial_eval_1200_v2_dev,factorial_0257,0.0003018397546838969,0
factorial_eval_1200_v2_dev,factorial_0258,0.0009383234428241849,0
factorial_eval_1200_v2_dev,factorial_0259,3.4353559996702643e-09,0
factorial_eval_1200_v2_dev,factorial_0260,8.960711056715809e-06,0
factorial_eval_1200_v2_dev,factorial_0261,0.9999979734420776,1
factorial_eval_1200_v2_dev,factorial_0262,0.0028928553219884634,0
factorial_eval_1200_v2_dev,factorial_0263,9.996996959671378e-05,0
factorial_eval_1200_v2_dev,factorial_0264,0.0002791662118397653,0
factorial_eval_1200_v2_dev,factorial_0265,8.513996618830788e-09,0
factorial_eval_1200_v2_dev,factorial_0266,0.00014101641136221588,0
factorial_eval_1200_v2_dev,factorial_0267,0.9999945163726807,1
factorial_eval_1200_v2_dev,factorial_0268,9.795199002837762e-05,0
factorial_eval_1200_v2_dev,factorial_0269,0.00043934950372204185,0
factorial_eval_1200_v2_dev,factorial_0270,8.31001452752389e-05,0
factorial_eval_1200_v2_dev,factorial_0271,1.6535572910925112e-09,0
factorial_eval_1200_v2_dev,factorial_0272,1.4999751329014543e-05,0
factorial_eval_1200_v2_dev,factorial_0273,0.9999369382858276,1
factorial_eval_1200_v2_dev,factorial_0274,0.00018319583614356816,0
factorial_eval_1200_v2_dev,factorial_0275,0.00017119618132710457,0
factorial_eval_1200_v2_dev,factorial_0276,0.0032151928171515465,0
factorial_eval_1200_v2_dev,factorial_0277,3.102082368755532e-09,0
factorial_eval_1200_v2_dev,factorial_0278,9.303141996497288e-05,0
factorial_eval_1200_v2_dev,factorial_0279,0.9999688863754272,1
factorial_eval_1200_v2_dev,factorial_0280,3.1584663773287502e-09,0
factorial_eval_1200_v2_dev,factorial_0281,0.01253445167094469,0
factorial_eval_1200_v2_dev,factorial_0282,0.0016667005838826299,0
factorial_eval_1200_v2_dev,factorial_0283,6.841618827024831e-09,0
factorial_eval_1200_v2_dev,factorial_0284,0.00011525119771249592,0
factorial_eval_1200_v2_dev,factorial_0285,0.9995939135551453,1
factorial_eval_1200_v2_dev,factorial_0286,2.1348324583808642e-12,0
factorial_eval_1200_v2_dev,factorial_0287,0.0065889135003089905,0
factorial_eval_1200_v2_dev,factorial_0288,6.636729388276308e-09,0
factorial_eval_1200_v2_dev,factorial_0289,1.5755349247470463e-09,0
factorial_eval_1200_v2_dev,factorial_0290,0.00018708573770709336,0
factorial_eval_1200_v2_dev,factorial_0291,0.9999667406082153,1
factorial_eval_1200_v2_dev,factorial_0292,4.567278301692568e-05,0
factorial_eval_1200_v2_dev,factorial_0293,0.00022773019736632705,0
factorial_eval_1200_v2_dev,factorial_0294,0.006243311800062656,0
factorial_eval_1200_v2_dev,factorial_0295,5.021433047147639e-09,0
factorial_eval_1200_v2_dev,factorial_0296,5.103848252474563e-06,0
factorial_eval_1200_v2_dev,factorial_0297,0.9999589920043945,1
factorial_eval_1200_v2_dev,factorial_0298,8.628000614407938e-06,0
factorial_eval_1200_v2_dev,factorial_0299,9.001493162941188e-05,0
factorial_eval_1200_v2_dev,factorial_0300,0.0005721115740016103,0
factorial_eval_1200_v2_dev,factorial_0301,1.4791282865189714e-07,0
factorial_eval_1200_v2_dev,factorial_0302,9.862739534582943e-05,0
factorial_eval_1200_v2_dev,factorial_0303,0.9999938011169434,1
factorial_eval_1200_v2_dev,factorial_0304,0.00013525664689950645,0
factorial_eval_1200_v2_dev,factorial_0305,0.002333252690732479,0
factorial_eval_1200_v2_dev,factorial_0306,0.00036066703614778817,0
factorial_eval_1200_v2_dev,factorial_0307,7.120323886056212e-08,0
factorial_eval_1200_v2_dev,factorial_0308,1.6819989468785934e-05,0
factorial_eval_1200_v2_dev,factorial_0309,0.9999967813491821,1
factorial_eval_1200_v2_dev,factorial_0310,0.00011550127237569541,0
factorial_eval_1200_v2_dev,factorial_0311,4.653129508369602e-05,0
factorial_eval_1200_v2_dev,factorial_0312,0.0012025909963995218,0
factorial_eval_1200_v2_dev,factorial_0313,2.5570932038476712e-08,0
factorial_eval_1200_v2_dev,factorial_0314,8.067407907219604e-05,0
factorial_eval_1200_v2_dev,factorial_0315,0.9999668598175049,1
factorial_eval_1200_v2_dev,factorial_0316,7.892708708823193e-06,0
factorial_eval_1200_v2_dev,factorial_0317,0.00018698122585192323,0
factorial_eval_1200_v2_dev,factorial_0318,0.0013443961506709456,0
factorial_eval_1200_v2_dev,factorial_0319,2.5868661168715334e-07,0
factorial_eval_1200_v2_dev,factorial_0320,1.4095343431108631e-05,0
factorial_eval_1200_v2_dev,factorial_0321,0.9999068975448608,1
factorial_eval_1200_v2_dev,factorial_0322,2.203672693212866e-06,0
factorial_eval_1200_v2_dev,factorial_0323,0.0019467134261503816,0
factorial_eval_1200_v2_dev,factorial_0324,0.00012078512372681871,0
factorial_eval_1200_v2_dev,factorial_0325,8.207589607955867e-10,0
factorial_eval_1200_v2_dev,factorial_0326,3.0709721613675356e-05,0
factorial_eval_1200_v2_dev,factorial_0327,0.9999985694885254,1
factorial_eval_1200_v2_dev,factorial_0328,2.0692235921160318e-05,0
factorial_eval_1200_v2_dev,factorial_0329,0.0013276790268719196,0
factorial_eval_1200_v2_dev,factorial_0330,0.0037461891770362854,0
factorial_eval_1200_v2_dev,factorial_0331,3.1742544790575034e-12,0
factorial_eval_1200_v2_dev,factorial_0332,0.005103257484734058,0
factorial_eval_1200_v2_dev,factorial_0333,0.9999212026596069,1
factorial_eval_1200_v2_dev,factorial_0334,0.00015075891860760748,0
factorial_eval_1200_v2_dev,factorial_0335,3.691067007594029e-08,0
factorial_eval_1200_v2_dev,factorial_0336,2.053595017059706e-05,0
factorial_eval_1200_v2_dev,factorial_0337,7.389624467890599e-10,0
factorial_eval_1200_v2_dev,factorial_0338,2.514522748242598e-06,0
factorial_eval_1200_v2_dev,factorial_0339,0.9999699592590332,1
factorial_eval_1200_v2_dev,factorial_0340,0.00021949331858195364,0
factorial_eval_1200_v2_dev,factorial_0341,0.010065521113574505,0
factorial_eval_1200_v2_dev,factorial_0342,0.0007581461104564369,0
factorial_eval_1200_v2_dev,factorial_0343,2.6430626576257055e-09,0
factorial_eval_1200_v2_dev,factorial_0344,4.4554406485985965e-05,0
factorial_eval_1200_v2_dev,factorial_0345,0.999883770942688,1
factorial_eval_1200_v2_dev,factorial_0346,2.529578523535747e-05,0
factorial_eval_1200_v2_dev,factorial_0347,0.010506228543817997,0
factorial_eval_1200_v2_dev,factorial_0348,0.0014801203506067395,0
factorial_eval_1200_v2_dev,factorial_0349,1.6453233220303787e-10,0
factorial_eval_1200_v2_dev,factorial_0350,0.00041004447848536074,0
factorial_eval_1200_v2_dev,factorial_0351,0.9999927282333374,1
factorial_eval_1200_v2_dev,factorial_0352,3.95296365240938e-06,0
factorial_eval_1200_v2_dev,factorial_0353,0.0037589154671877623,0
factorial_eval_1200_v2_dev,factorial_0354,0.0006916585261933506,0
factorial_eval_1200_v2_dev,factorial_0355,3.4239606705455117e-09,0
factorial_eval_1200_v2_dev,factorial_0356,1.0400183782621752e-05,0
factorial_eval_1200_v2_dev,factorial_0357,0.9999918937683105,1
factorial_eval_1200_v2_dev,factorial_0358,0.00015972723485901952,0
factorial_eval_1200_v2_dev,factorial_0359,0.0011342267971485853,0
factorial_eval_1200_v2_dev,factorial_0360,0.0007507624686695635,0
factorial_eval_1200_v2_dev,factorial_0361,4.89830531691382e-09,0
factorial_eval_1200_v2_dev,factorial_0362,1.6369851437048055e-05,0
factorial_eval_1200_v2_dev,factorial_0363,0.9999827146530151,1
factorial_eval_1200_v2_dev,factorial_0364,1.6282598153338768e-05,0
factorial_eval_1200_v2_dev,factorial_0365,0.00013038927863817662,0
factorial_eval_1200_v2_dev,factorial_0366,0.0001836456503951922,0
factorial_eval_1200_v2_dev,factorial_0367,2.402157406322658e-08,0
factorial_eval_1200_v2_dev,factorial_0368,0.00010858655878109857,0
factorial_eval_1200_v2_dev,factorial_0369,0.999896764755249,1
factorial_eval_1200_v2_dev,factorial_0370,5.6187647714978084e-05,0
factorial_eval_1200_v2_dev,factorial_0371,0.00310152443125844,0
factorial_eval_1200_v2_dev,factorial_0372,0.008791694417595863,0
factorial_eval_1200_v2_dev,factorial_0373,8.605374191006376e-09,0
factorial_eval_1200_v2_dev,factorial_0374,1.2581523378685233e-06,0
factorial_eval_1200_v2_dev,factorial_0375,0.9998830556869507,1
factorial_eval_1200_v2_dev,factorial_0376,6.926778155502689e-07,0
factorial_eval_1200_v2_dev,factorial_0377,0.0004554252955131233,0
factorial_eval_1200_v2_dev,factorial_0378,0.0008107662433758378,0
factorial_eval_1200_v2_dev,factorial_0379,2.003830168462173e-08,0
factorial_eval_1200_v2_dev,factorial_0380,1.5941513993311673e-05,0
factorial_eval_1200_v2_dev,factorial_0381,0.9999469518661499,1
factorial_eval_1200_v2_dev,factorial_0382,0.00014183498569764197,0
factorial_eval_1200_v2_dev,factorial_0383,0.0031325642485171556,0
factorial_eval_1200_v2_dev,factorial_0384,0.03627052530646324,0
factorial_eval_1200_v2_dev,factorial_0385,2.2598516391525436e-09,0
factorial_eval_1200_v2_dev,factorial_0386,2.1435869712149724e-05,0
factorial_eval_1200_v2_dev,factorial_0387,0.999896764755249,1
factorial_eval_1200_v2_dev,factorial_0388,0.00010501297219889238,0
factorial_eval_1200_v2_dev,factorial_0389,0.0007376946159638464,0
factorial_eval_1200_v2_dev,factorial_0390,0.0008584329625591636,0
factorial_eval_1200_v2_dev,factorial_0391,1.1592216075939632e-08,0
factorial_eval_1200_v2_dev,factorial_0392,0.00027816486544907093,0
factorial_eval_1200_v2_dev,factorial_0393,0.9998043179512024,1
factorial_eval_1200_v2_dev,factorial_0394,8.393756615987513e-06,0
factorial_eval_1200_v2_dev,factorial_0395,0.00015371885092463344,0
factorial_eval_1200_v2_dev,factorial_0396,0.002540326677262783,0
factorial_eval_1200_v2_dev,factorial_0397,3.991458896734912e-08,0
factorial_eval_1200_v2_dev,factorial_0398,0.001213175943121314,0
factorial_eval_1200_v2_dev,factorial_0399,0.9999611377716064,1
telephone_mixed_dev_v1,mixed_0000__telephone8k,0.9984286427497864,1
telephone_mixed_dev_v1,mixed_0001__telephone8k,0.9999096393585205,1
telephone_mixed_dev_v1,mixed_0002__telephone8k,0.9997907280921936,1
telephone_mixed_dev_v1,mixed_0003__telephone8k,0.9987911581993103,1
telephone_mixed_dev_v1,mixed_0004__telephone8k,0.9999518394470215,1
telephone_mixed_dev_v1,mixed_0005__telephone8k,0.9929206967353821,1
telephone_mixed_dev_v1,mixed_0006__telephone8k,0.9960103034973145,1
telephone_mixed_dev_v1,mixed_0007__telephone8k,0.9997076392173767,1
telephone_mixed_dev_v1,mixed_0008__telephone8k,0.9990395903587341,1
telephone_mixed_dev_v1,mixed_0009__telephone8k,0.938605785369873,1
telephone_mixed_dev_v1,mixed_0010__telephone8k,0.9994640946388245,1
telephone_mixed_dev_v1,mixed_0011__telephone8k,0.999171257019043,1
telephone_mixed_dev_v1,mixed_0012__telephone8k,0.9994993209838867,1
telephone_mixed_dev_v1,mixed_0013__telephone8k,0.999900221824646,1
telephone_mixed_dev_v1,mixed_0014__telephone8k,0.9996792078018188,1
telephone_mixed_dev_v1,mixed_0015__telephone8k,0.9998570680618286,1
telephone_mixed_dev_v1,mixed_0016__telephone8k,0.9999934434890747,1
telephone_mixed_dev_v1,mixed_0017__telephone8k,0.9997268319129944,1
telephone_mixed_dev_v1,mixed_0018__telephone8k,0.9986409544944763,1
telephone_mixed_dev_v1,mixed_0019__telephone8k,0.9997779726982117,1
telephone_mixed_dev_v1,mixed_0020__telephone8k,0.9907535314559937,1
telephone_mixed_dev_v1,mixed_0021__telephone8k,0.9989051818847656,1
telephone_mixed_dev_v1,mixed_0022__telephone8k,0.9992352724075317,1
telephone_mixed_dev_v1,mixed_0023__telephone8k,0.9972503781318665,1
telephone_mixed_dev_v1,mixed_0024__telephone8k,0.9967227578163147,1
telephone_mixed_dev_v1,mixed_0025__telephone8k,0.9997770190238953,1
telephone_mixed_dev_v1,mixed_0026__telephone8k,0.9903033375740051,1
telephone_mixed_dev_v1,mixed_0027__telephone8k,0.9982522130012512,1
telephone_mixed_dev_v1,mixed_0028__telephone8k,0.9970390796661377,1
telephone_mixed_dev_v1,mixed_0029__telephone8k,0.9998171925544739,1
telephone_mixed_dev_v1,mixed_0030__telephone8k,0.9989336133003235,1
telephone_mixed_dev_v1,mixed_0031__telephone8k,0.999349057674408,1
telephone_mixed_dev_v1,mixed_0032__telephone8k,0.9999871253967285,1
telephone_mixed_dev_v1,mixed_0033__telephone8k,0.8606559634208679,1
telephone_mixed_dev_v1,mixed_0034__telephone8k,0.9992247819900513,1
telephone_mixed_dev_v1,mixed_0035__telephone8k,0.9998062252998352,1
telephone_mixed_dev_v1,mixed_0036__telephone8k,0.9999910593032837,1
telephone_mixed_dev_v1,mixed_0037__telephone8k,0.9999430179595947,1
telephone_mixed_dev_v1,mixed_0038__telephone8k,0.9996077418327332,1
telephone_mixed_dev_v1,mixed_0039__telephone8k,0.9999576807022095,1
telephone_mixed_dev_v1,mixed_0040__telephone8k,0.9998923540115356,1
telephone_mixed_dev_v1,mixed_0041__telephone8k,0.9973305463790894,1
telephone_mixed_dev_v1,mixed_0042__telephone8k,0.9995488524436951,1
telephone_mixed_dev_v1,mixed_0043__telephone8k,0.9999485015869141,1
telephone_mixed_dev_v1,mixed_0044__telephone8k,0.9995325803756714,1
telephone_mixed_dev_v1,mixed_0045__telephone8k,0.99988853931427,1
telephone_mixed_dev_v1,mixed_0046__telephone8k,0.97217857837677,1
telephone_mixed_dev_v1,mixed_0047__telephone8k,0.9999758005142212,1
telephone_mixed_dev_v1,mixed_0048__telephone8k,0.9988839030265808,1
telephone_mixed_dev_v1,mixed_0049__telephone8k,0.9987608194351196,1
telephone_mixed_dev_v1,mixed_0050__telephone8k,0.9606248140335083,1
telephone_mixed_dev_v1,mixed_0051__telephone8k,0.9966946840286255,1
telephone_mixed_dev_v1,mixed_0052__telephone8k,0.9967793822288513,1
telephone_mixed_dev_v1,mixed_0053__telephone8k,0.9993113279342651,1
telephone_mixed_dev_v1,mixed_0054__telephone8k,0.9599339962005615,1
telephone_mixed_dev_v1,mixed_0055__telephone8k,0.9995829463005066,1
telephone_mixed_dev_v1,mixed_0056__telephone8k,0.9419803023338318,1
telephone_mixed_dev_v1,mixed_0057__telephone8k,0.928644061088562,1
telephone_mixed_dev_v1,mixed_0058__telephone8k,0.9134462475776672,1
telephone_mixed_dev_v1,mixed_0059__telephone8k,0.999890923500061,1
telephone_mixed_dev_v1,mixed_0060__telephone8k,0.9991393089294434,1
telephone_mixed_dev_v1,mixed_0061__telephone8k,0.9998925924301147,1
telephone_mixed_dev_v1,mixed_0062__telephone8k,0.9999514818191528,1
telephone_mixed_dev_v1,mixed_0063__telephone8k,0.999882698059082,1
telephone_mixed_dev_v1,mixed_0064__telephone8k,0.9662821888923645,1
telephone_mixed_dev_v1,mixed_0065__telephone8k,0.6687538623809814,1
telephone_mixed_dev_v1,mixed_0066__telephone8k,0.999966025352478,1
telephone_mixed_dev_v1,mixed_0067__telephone8k,0.9931963682174683,1
telephone_mixed_dev_v1,mixed_0068__telephone8k,0.9994843006134033,1
telephone_mixed_dev_v1,mixed_0069__telephone8k,0.998478353023529,1
telephone_mixed_dev_v1,mixed_0070__telephone8k,0.9999061822891235,1
telephone_mixed_dev_v1,mixed_0071__telephone8k,0.9813131093978882,1
telephone_mixed_dev_v1,mixed_0072__telephone8k,0.9997866749763489,1
telephone_mixed_dev_v1,mixed_0073__telephone8k,0.9660282731056213,1
telephone_mixed_dev_v1,mixed_0074__telephone8k,0.9999785423278809,1
telephone_mixed_dev_v1,mixed_0075__telephone8k,0.8730741143226624,1
telephone_mixed_dev_v1,mixed_0076__telephone8k,0.9979979395866394,1
telephone_mixed_dev_v1,mixed_0077__telephone8k,0.9609747529029846,1
telephone_mixed_dev_v1,mixed_0078__telephone8k,0.9910705089569092,1
telephone_mixed_dev_v1,mixed_0079__telephone8k,0.9995716214179993,1
telephone_mixed_dev_v1,mixed_0080__telephone8k,0.9996336698532104,1
telephone_mixed_dev_v1,mixed_0081__telephone8k,0.9904828071594238,1
telephone_mixed_dev_v1,mixed_0082__telephone8k,0.9998061060905457,1
telephone_mixed_dev_v1,mixed_0083__telephone8k,0.9937928915023804,1
telephone_mixed_dev_v1,mixed_0084__telephone8k,0.999908447265625,1
telephone_mixed_dev_v1,mixed_0085__telephone8k,0.9277938008308411,1
telephone_mixed_dev_v1,mixed_0086__telephone8k,0.9937843084335327,1
telephone_mixed_dev_v1,mixed_0087__telephone8k,0.9999632835388184,1
telephone_mixed_dev_v1,mixed_0088__telephone8k,0.9997274279594421,1
telephone_mixed_dev_v1,mixed_0089__telephone8k,0.5520383715629578,1
telephone_mixed_dev_v1,mixed_0090__telephone8k,0.997222900390625,1
telephone_mixed_dev_v1,mixed_0091__telephone8k,0.9950306415557861,1
telephone_mixed_dev_v1,mixed_0092__telephone8k,0.9998576641082764,1
telephone_mixed_dev_v1,mixed_0093__telephone8k,0.9982518553733826,1
telephone_mixed_dev_v1,mixed_0094__telephone8k,0.14618757367134094,0
telephone_mixed_dev_v1,mixed_0095__telephone8k,0.9974944591522217,1
telephone_mixed_dev_v1,mixed_0096__telephone8k,0.9959911704063416,1
telephone_mixed_dev_v1,mixed_0097__telephone8k,0.999352753162384,1
telephone_mixed_dev_v1,mixed_0098__telephone8k,0.9897300004959106,1
telephone_mixed_dev_v1,mixed_0099__telephone8k,0.9870088696479797,1
telephone_mixed_dev_v1,mixed_0100__telephone8k,0.9996709823608398,1
telephone_mixed_dev_v1,mixed_0101__telephone8k,0.9992818236351013,1
telephone_mixed_dev_v1,mixed_0102__telephone8k,0.9857073426246643,1
telephone_mixed_dev_v1,mixed_0103__telephone8k,0.9995224475860596,1
telephone_mixed_dev_v1,mixed_0104__telephone8k,0.9927092790603638,1
telephone_mixed_dev_v1,mixed_0105__telephone8k,0.9994243383407593,1
telephone_mixed_dev_v1,mixed_0106__telephone8k,0.73525470495224,1
telephone_mixed_dev_v1,mixed_0107__telephone8k,0.9867125749588013,1
telephone_mixed_dev_v1,mixed_0108__telephone8k,0.9918844699859619,1
telephone_mixed_dev_v1,mixed_0109__telephone8k,0.9998830556869507,1
telephone_mixed_dev_v1,mixed_0110__telephone8k,0.990948498249054,1
telephone_mixed_dev_v1,mixed_0111__telephone8k,0.9971684813499451,1
telephone_mixed_dev_v1,mixed_0112__telephone8k,0.9803998470306396,1
telephone_mixed_dev_v1,mixed_0113__telephone8k,0.9396029710769653,1
telephone_mixed_dev_v1,mixed_0114__telephone8k,0.9570215940475464,1
telephone_mixed_dev_v1,mixed_0115__telephone8k,0.9998741149902344,1
telephone_mixed_dev_v1,mixed_0116__telephone8k,0.999173104763031,1
telephone_mixed_dev_v1,mixed_0117__telephone8k,0.9988273978233337,1
telephone_mixed_dev_v1,mixed_0118__telephone8k,0.9875307679176331,1
telephone_mixed_dev_v1,mixed_0119__telephone8k,0.9999064207077026,1
telephone_mixed_dev_v1,mixed_0120__telephone8k,0.9999431371688843,1
telephone_mixed_dev_v1,mixed_0121__telephone8k,0.999975323677063,1
telephone_mixed_dev_v1,mixed_0122__telephone8k,0.9990357160568237,1
telephone_mixed_dev_v1,mixed_0123__telephone8k,0.9972712397575378,1
telephone_mixed_dev_v1,mixed_0124__telephone8k,0.9998509883880615,1
telephone_mixed_dev_v1,mixed_0125__telephone8k,0.9997478127479553,1
telephone_mixed_dev_v1,mixed_0126__telephone8k,0.9999860525131226,1
telephone_mixed_dev_v1,mixed_0127__telephone8k,0.9999945163726807,1
telephone_mixed_dev_v1,mixed_0128__telephone8k,0.9957531690597534,1
telephone_mixed_dev_v1,mixed_0129__telephone8k,0.9917790293693542,1
telephone_mixed_dev_v1,mixed_0130__telephone8k,0.9999995231628418,1
telephone_mixed_dev_v1,mixed_0131__telephone8k,0.9389653205871582,1
telephone_mixed_dev_v1,mixed_0132__telephone8k,0.9985450506210327,1
telephone_mixed_dev_v1,mixed_0133__telephone8k,0.9965184926986694,1
telephone_mixed_dev_v1,mixed_0134__telephone8k,0.9999520778656006,1
telephone_mixed_dev_v1,mixed_0135__telephone8k,0.9992584586143494,1
telephone_mixed_dev_v1,mixed_0136__telephone8k,0.999830961227417,1
telephone_mixed_dev_v1,mixed_0137__telephone8k,0.9965842962265015,1
telephone_mixed_dev_v1,mixed_0138__telephone8k,0.9861111640930176,1
telephone_mixed_dev_v1,mixed_0139__telephone8k,0.9041691422462463,1
telephone_mixed_dev_v1,mixed_0140__telephone8k,0.997998058795929,1
telephone_mixed_dev_v1,mixed_0141__telephone8k,0.9991843104362488,1
telephone_mixed_dev_v1,mixed_0142__telephone8k,0.9995858073234558,1
telephone_mixed_dev_v1,mixed_0143__telephone8k,0.9999908208847046,1
telephone_mixed_dev_v1,mixed_0144__telephone8k,0.996455729007721,1
telephone_mixed_dev_v1,mixed_0145__telephone8k,0.9996036887168884,1
telephone_mixed_dev_v1,mixed_0146__telephone8k,0.9137302041053772,1
telephone_mixed_dev_v1,mixed_0147__telephone8k,0.9993724226951599,1
telephone_mixed_dev_v1,mixed_0148__telephone8k,0.9996449947357178,1
telephone_mixed_dev_v1,mixed_0149__telephone8k,0.9998385906219482,1
telephone_mixed_dev_v1,mixed_0150__telephone8k,0.9974429607391357,1
telephone_mixed_dev_v1,mixed_0151__telephone8k,0.9922025203704834,1
telephone_mixed_dev_v1,mixed_0152__telephone8k,0.9978523254394531,1
telephone_mixed_dev_v1,mixed_0153__telephone8k,0.999758780002594,1
telephone_mixed_dev_v1,mixed_0154__telephone8k,0.9429528117179871,1
telephone_mixed_dev_v1,mixed_0155__telephone8k,0.997962474822998,1
telephone_mixed_dev_v1,mixed_0156__telephone8k,0.985529899597168,1
telephone_mixed_dev_v1,mixed_0157__telephone8k,0.9872559309005737,1
telephone_mixed_dev_v1,mixed_0158__telephone8k,0.9994086027145386,1
telephone_mixed_dev_v1,mixed_0159__telephone8k,0.9933023452758789,1
telephone_mixed_dev_v1,mixed_0160__telephone8k,0.9996365308761597,1
telephone_mixed_dev_v1,mixed_0161__telephone8k,0.9997760653495789,1
telephone_mixed_dev_v1,mixed_0162__telephone8k,0.9861569404602051,1
telephone_mixed_dev_v1,mixed_0163__telephone8k,0.9964044094085693,1
telephone_mixed_dev_v1,mixed_0164__telephone8k,0.9998589754104614,1
telephone_mixed_dev_v1,mixed_0165__telephone8k,0.999417781829834,1
telephone_mixed_dev_v1,mixed_0166__telephone8k,0.9997032284736633,1
telephone_mixed_dev_v1,mixed_0167__telephone8k,0.9982833862304688,1
telephone_mixed_dev_v1,mixed_0168__telephone8k,0.9983055591583252,1
telephone_mixed_dev_v1,mixed_0169__telephone8k,0.3509507179260254,0
telephone_mixed_dev_v1,mixed_0170__telephone8k,0.9986928105354309,1
telephone_mixed_dev_v1,mixed_0171__telephone8k,0.9941991567611694,1
telephone_mixed_dev_v1,mixed_0172__telephone8k,0.9911841750144958,1
telephone_mixed_dev_v1,mixed_0173__telephone8k,0.9976771473884583,1
telephone_mixed_dev_v1,mixed_0174__telephone8k,0.9892404675483704,1
telephone_mixed_dev_v1,mixed_0175__telephone8k,0.9998879432678223,1
telephone_mixed_dev_v1,mixed_0176__telephone8k,0.99692302942276,1
telephone_mixed_dev_v1,mixed_0177__telephone8k,0.9995090961456299,1
telephone_mixed_dev_v1,mixed_0178__telephone8k,0.7068390846252441,1
telephone_mixed_dev_v1,mixed_0179__telephone8k,0.9985815286636353,1
telephone_mixed_dev_v1,mixed_0180__telephone8k,0.9996179342269897,1
telephone_mixed_dev_v1,mixed_0181__telephone8k,0.9994090795516968,1
telephone_mixed_dev_v1,mixed_0182__telephone8k,0.9834862947463989,1
telephone_mixed_dev_v1,mixed_0183__telephone8k,0.9994557499885559,1
telephone_mixed_dev_v1,mixed_0184__telephone8k,0.9963675737380981,1
telephone_mixed_dev_v1,mixed_0185__telephone8k,0.9782235026359558,1
telephone_mixed_dev_v1,mixed_0186__telephone8k,0.9938477873802185,1
telephone_mixed_dev_v1,mixed_0187__telephone8k,0.1126512885093689,0
telephone_mixed_dev_v1,mixed_0188__telephone8k,0.9999014139175415,1
telephone_mixed_dev_v1,mixed_0189__telephone8k,0.9997953772544861,1
telephone_mixed_dev_v1,mixed_0190__telephone8k,0.9903894066810608,1
telephone_mixed_dev_v1,mixed_0191__telephone8k,0.9982663989067078,1
telephone_mixed_dev_v1,mixed_0192__telephone8k,0.9968736171722412,1
telephone_mixed_dev_v1,mixed_0193__telephone8k,0.9999698400497437,1
telephone_mixed_dev_v1,mixed_0194__telephone8k,0.9983426332473755,1
telephone_mixed_dev_v1,mixed_0195__telephone8k,0.9947722554206848,1
telephone_mixed_dev_v1,mixed_0196__telephone8k,0.9976606369018555,1
telephone_mixed_dev_v1,mixed_0197__telephone8k,0.9891926646232605,1
telephone_mixed_dev_v1,mixed_0198__telephone8k,0.9506212472915649,1
telephone_mixed_dev_v1,mixed_0199__telephone8k,0.8756381273269653,1
telephone_mixed_dev_v1,mixed_0200__telephone8k,0.9936243295669556,1
telephone_mixed_dev_v1,mixed_0201__telephone8k,0.9793922305107117,1
telephone_mixed_dev_v1,mixed_0202__telephone8k,0.9907941222190857,1
telephone_mixed_dev_v1,mixed_0203__telephone8k,0.9992545247077942,1
telephone_mixed_dev_v1,mixed_0204__telephone8k,0.9976544976234436,1
telephone_mixed_dev_v1,mixed_0205__telephone8k,0.9480085372924805,1
telephone_mixed_dev_v1,mixed_0206__telephone8k,0.9852262139320374,1
telephone_mixed_dev_v1,mixed_0207__telephone8k,0.9994632601737976,1
telephone_mixed_dev_v1,mixed_0208__telephone8k,0.9525115489959717,1
telephone_mixed_dev_v1,mixed_0209__telephone8k,0.9984425902366638,1
telephone_mixed_dev_v1,mixed_0210__telephone8k,0.9979619979858398,1
telephone_mixed_dev_v1,mixed_0211__telephone8k,0.9461373686790466,1
telephone_mixed_dev_v1,mixed_0212__telephone8k,0.8471028804779053,1
telephone_mixed_dev_v1,mixed_0213__telephone8k,0.9850833415985107,1
telephone_mixed_dev_v1,mixed_0214__telephone8k,0.9994902610778809,1
telephone_mixed_dev_v1,mixed_0215__telephone8k,0.9989244341850281,1
telephone_mixed_dev_v1,mixed_0216__telephone8k,0.9993273019790649,1
telephone_mixed_dev_v1,mixed_0217__telephone8k,0.9951658248901367,1
telephone_mixed_dev_v1,mixed_0218__telephone8k,0.9884888529777527,1
telephone_mixed_dev_v1,mixed_0219__telephone8k,0.9967171549797058,1
telephone_mixed_dev_v1,mixed_0220__telephone8k,0.9959484934806824,1
telephone_mixed_dev_v1,mixed_0221__telephone8k,0.9791089296340942,1
telephone_mixed_dev_v1,mixed_0222__telephone8k,0.9832340478897095,1
telephone_mixed_dev_v1,mixed_0223__telephone8k,0.92499178647995,1
telephone_mixed_dev_v1,mixed_0224__telephone8k,0.9781354665756226,1
telephone_mixed_dev_v1,mixed_0225__telephone8k,0.9870926141738892,1
telephone_mixed_dev_v1,mixed_0226__telephone8k,0.9103410243988037,1
telephone_mixed_dev_v1,mixed_0227__telephone8k,0.9974551796913147,1
telephone_mixed_dev_v1,mixed_0228__telephone8k,0.9758753776550293,1
telephone_mixed_dev_v1,mixed_0229__telephone8k,0.9994425177574158,1
telephone_mixed_dev_v1,mixed_0230__telephone8k,0.9988735318183899,1
telephone_mixed_dev_v1,mixed_0231__telephone8k,0.9983048439025879,1
telephone_mixed_dev_v1,mixed_0232__telephone8k,0.9659115672111511,1
telephone_mixed_dev_v1,mixed_0233__telephone8k,0.9997979998588562,1
telephone_mixed_dev_v1,mixed_0234__telephone8k,0.997114896774292,1
telephone_mixed_dev_v1,mixed_0235__telephone8k,0.9997895359992981,1
telephone_mixed_dev_v1,mixed_0236__telephone8k,0.9989244341850281,1
telephone_mixed_dev_v1,mixed_0237__telephone8k,0.9697568416595459,1
telephone_mixed_dev_v1,mixed_0238__telephone8k,0.978841245174408,1
telephone_mixed_dev_v1,mixed_0239__telephone8k,0.9975550770759583,1
telephone_mixed_dev_v1,mixed_0240__telephone8k,0.9833521246910095,1
telephone_mixed_dev_v1,mixed_0241__telephone8k,0.29464980959892273,0
telephone_mixed_dev_v1,mixed_0242__telephone8k,0.962158203125,1
telephone_mixed_dev_v1,mixed_0243__telephone8k,0.999962329864502,1
telephone_mixed_dev_v1,mixed_0244__telephone8k,0.9948722720146179,1
telephone_mixed_dev_v1,mixed_0245__telephone8k,0.9983047246932983,1
telephone_mixed_dev_v1,mixed_0246__telephone8k,0.9971097111701965,1
telephone_mixed_dev_v1,mixed_0247__telephone8k,0.34181123971939087,0
telephone_mixed_dev_v1,mixed_0248__telephone8k,0.3558310568332672,0
telephone_mixed_dev_v1,mixed_0249__telephone8k,0.9841892123222351,1
telephone_mixed_dev_v1,mixed_0250__telephone8k,0.9926424622535706,1
telephone_mixed_dev_v1,mixed_0251__telephone8k,0.9993407130241394,1
telephone_mixed_dev_v1,mixed_0252__telephone8k,0.9998782873153687,1
telephone_mixed_dev_v1,mixed_0253__telephone8k,0.9997020363807678,1
telephone_mixed_dev_v1,mixed_0254__telephone8k,0.9993009567260742,1
telephone_mixed_dev_v1,mixed_0255__telephone8k,0.942703127861023,1
telephone_mixed_dev_v1,mixed_0256__telephone8k,0.956089198589325,1
telephone_mixed_dev_v1,mixed_0257__telephone8k,0.5377539396286011,1
telephone_mixed_dev_v1,mixed_0258__telephone8k,0.9865021705627441,1
telephone_mixed_dev_v1,mixed_0259__telephone8k,0.9966443777084351,1
telephone_mixed_dev_v1,mixed_0260__telephone8k,0.9996625185012817,1
telephone_mixed_dev_v1,mixed_0261__telephone8k,0.9879970550537109,1
telephone_mixed_dev_v1,mixed_0262__telephone8k,0.9983267188072205,1
telephone_mixed_dev_v1,mixed_0263__telephone8k,0.9614914655685425,1
telephone_mixed_dev_v1,mixed_0264__telephone8k,0.9822323322296143,1
telephone_mixed_dev_v1,mixed_0265__telephone8k,0.9845932126045227,1
telephone_mixed_dev_v1,mixed_0266__telephone8k,0.9552077651023865,1
telephone_mixed_dev_v1,mixed_0267__telephone8k,0.28074681758880615,0
telephone_mixed_dev_v1,mixed_0268__telephone8k,0.5907954573631287,1
telephone_mixed_dev_v1,mixed_0269__telephone8k,0.9961589574813843,1
telephone_mixed_dev_v1,mixed_0270__telephone8k,0.9994856119155884,1
telephone_mixed_dev_v1,mixed_0271__telephone8k,0.9911303520202637,1
telephone_mixed_dev_v1,mixed_0272__telephone8k,0.9872484803199768,1
telephone_mixed_dev_v1,mixed_0273__telephone8k,0.9978324770927429,1
telephone_mixed_dev_v1,mixed_0274__telephone8k,0.30869853496551514,0
telephone_mixed_dev_v1,mixed_0275__telephone8k,0.9918477535247803,1
telephone_mixed_dev_v1,mixed_0276__telephone8k,0.989674985408783,1
telephone_mixed_dev_v1,mixed_0277__telephone8k,0.9977744221687317,1
telephone_mixed_dev_v1,mixed_0278__telephone8k,0.9987086057662964,1
telephone_mixed_dev_v1,mixed_0279__telephone8k,0.9954503178596497,1
telephone_mixed_dev_v1,mixed_0280__telephone8k,0.9996346235275269,1
telephone_mixed_dev_v1,mixed_0281__telephone8k,0.7786955237388611,1
telephone_mixed_dev_v1,mixed_0282__telephone8k,0.998383641242981,1
telephone_mixed_dev_v1,mixed_0283__telephone8k,0.8623772263526917,1
telephone_mixed_dev_v1,mixed_0284__telephone8k,0.9491302967071533,1
telephone_mixed_dev_v1,mixed_0285__telephone8k,0.990942656993866,1
telephone_mixed_dev_v1,mixed_0286__telephone8k,0.899869441986084,1
telephone_mixed_dev_v1,mixed_0287__telephone8k,0.15919001400470734,0
telephone_mixed_dev_v1,mixed_0288__telephone8k,0.9951902627944946,1
telephone_mixed_dev_v1,mixed_0289__telephone8k,0.9931574463844299,1
telephone_mixed_dev_v1,mixed_0290__telephone8k,0.8770853877067566,1
telephone_mixed_dev_v1,mixed_0291__telephone8k,0.9979445338249207,1
telephone_mixed_dev_v1,mixed_0292__telephone8k,0.8621233701705933,1
telephone_mixed_dev_v1,mixed_0293__telephone8k,0.9983168840408325,1
telephone_mixed_dev_v1,mixed_0294__telephone8k,0.8558686375617981,1
telephone_mixed_dev_v1,mixed_0295__telephone8k,0.997917115688324,1
telephone_mixed_dev_v1,mixed_0296__telephone8k,0.9809653162956238,1
telephone_mixed_dev_v1,mixed_0297__telephone8k,0.9384376406669617,1
telephone_mixed_dev_v1,mixed_0298__telephone8k,0.9452622532844543,1
telephone_mixed_dev_v1,mixed_0299__telephone8k,0.9969672560691833,1
telephone_mixed_dev_v1,mixed_0300__telephone8k,0.9482133388519287,1
telephone_mixed_dev_v1,mixed_0301__telephone8k,0.9351198077201843,1
telephone_mixed_dev_v1,mixed_0302__telephone8k,0.9987020492553711,1
telephone_mixed_dev_v1,mixed_0303__telephone8k,0.9995521903038025,1
telephone_mixed_dev_v1,mixed_0304__telephone8k,0.9913102388381958,1
telephone_mixed_dev_v1,mixed_0305__telephone8k,0.9991806149482727,1
telephone_mixed_dev_v1,mixed_0306__telephone8k,0.9998252987861633,1
telephone_mixed_dev_v1,mixed_0307__telephone8k,0.9644894003868103,1
telephone_mixed_dev_v1,mixed_0308__telephone8k,0.9962735176086426,1
telephone_mixed_dev_v1,mixed_0309__telephone8k,0.9994654059410095,1
telephone_mixed_dev_v1,mixed_0310__telephone8k,0.9959486126899719,1
telephone_mixed_dev_v1,mixed_0311__telephone8k,0.9920549392700195,1
telephone_mixed_dev_v1,mixed_0312__telephone8k,0.9814491868019104,1
telephone_mixed_dev_v1,mixed_0313__telephone8k,0.8352763056755066,1
telephone_mixed_dev_v1,mixed_0314__telephone8k,0.9976951479911804,1
telephone_mixed_dev_v1,mixed_0315__telephone8k,0.9990501999855042,1
telephone_mixed_dev_v1,mixed_0316__telephone8k,0.972924530506134,1
telephone_mixed_dev_v1,mixed_0317__telephone8k,0.9699221253395081,1
telephone_mixed_dev_v1,mixed_0318__telephone8k,0.999432384967804,1
telephone_mixed_dev_v1,mixed_0319__telephone8k,0.9936655163764954,1
telephone_mixed_dev_v1,mixed_0320__telephone8k,0.9955874681472778,1
telephone_mixed_dev_v1,mixed_0321__telephone8k,0.9752206206321716,1
telephone_mixed_dev_v1,mixed_0322__telephone8k,0.9913362264633179,1
telephone_mixed_dev_v1,mixed_0323__telephone8k,0.985863983631134,1
telephone_mixed_dev_v1,mixed_0324__telephone8k,0.9219493865966797,1
telephone_mixed_dev_v1,mixed_0325__telephone8k,0.9992069602012634,1
telephone_mixed_dev_v1,mixed_0326__telephone8k,0.9999504089355469,1
telephone_mixed_dev_v1,mixed_0327__telephone8k,0.9690098762512207,1
telephone_mixed_dev_v1,mixed_0328__telephone8k,0.9996472597122192,1
telephone_mixed_dev_v1,mixed_0329__telephone8k,0.9859724044799805,1
telephone_mixed_dev_v1,mixed_0330__telephone8k,0.9776237607002258,1
telephone_mixed_dev_v1,mixed_0331__telephone8k,0.9981831908226013,1
telephone_mixed_dev_v1,mixed_0332__telephone8k,0.6570259928703308,1
telephone_mixed_dev_v1,mixed_0333__telephone8k,0.9942954182624817,1
telephone_mixed_dev_v1,mixed_0334__telephone8k,0.052565816789865494,0
telephone_mixed_dev_v1,mixed_0335__telephone8k,0.9703092575073242,1
telephone_mixed_dev_v1,mixed_0336__telephone8k,0.9865511655807495,1
telephone_mixed_dev_v1,mixed_0337__telephone8k,0.9998050332069397,1
telephone_mixed_dev_v1,mixed_0338__telephone8k,0.980599045753479,1
telephone_mixed_dev_v1,mixed_0339__telephone8k,0.8974895477294922,1
telephone_mixed_dev_v1,mixed_0340__telephone8k,0.9660522937774658,1
telephone_mixed_dev_v1,mixed_0341__telephone8k,0.9873399138450623,1
telephone_mixed_dev_v1,mixed_0342__telephone8k,0.9996353387832642,1
telephone_mixed_dev_v1,mixed_0343__telephone8k,0.9995500445365906,1
telephone_mixed_dev_v1,mixed_0344__telephone8k,0.9993070363998413,1
telephone_mixed_dev_v1,mixed_0345__telephone8k,0.9648805856704712,1
telephone_mixed_dev_v1,mixed_0346__telephone8k,0.994584858417511,1
telephone_mixed_dev_v1,mixed_0347__telephone8k,0.9937583208084106,1
telephone_mixed_dev_v1,mixed_0348__telephone8k,0.9834348559379578,1
telephone_mixed_dev_v1,mixed_0349__telephone8k,0.9964756369590759,1
telephone_mixed_dev_v1,mixed_0350__telephone8k,0.9815976619720459,1
telephone_mixed_dev_v1,mixed_0351__telephone8k,0.5288419723510742,1
telephone_mixed_dev_v1,mixed_0352__telephone8k,0.9989497065544128,1
telephone_mixed_dev_v1,mixed_0353__telephone8k,0.9232538938522339,1
telephone_mixed_dev_v1,mixed_0354__telephone8k,0.9802652597427368,1
telephone_mixed_dev_v1,mixed_0355__telephone8k,0.9984127283096313,1
telephone_mixed_dev_v1,mixed_0356__telephone8k,0.8617085814476013,1
telephone_mixed_dev_v1,mixed_0357__telephone8k,0.9993460774421692,1
telephone_mixed_dev_v1,mixed_0358__telephone8k,0.9626326560974121,1
telephone_mixed_dev_v1,mixed_0359__telephone8k,0.9563484191894531,1
telephone_mixed_dev_v1,mixed_0360__telephone8k,0.9772303700447083,1
telephone_mixed_dev_v1,mixed_0361__telephone8k,0.9447428584098816,1
telephone_mixed_dev_v1,mixed_0362__telephone8k,0.8928492665290833,1
telephone_mixed_dev_v1,mixed_0363__telephone8k,0.9818166494369507,1
telephone_mixed_dev_v1,mixed_0364__telephone8k,0.986370861530304,1
telephone_mixed_dev_v1,mixed_0365__telephone8k,0.7879009246826172,1
telephone_mixed_dev_v1,mixed_0366__telephone8k,0.8944306373596191,1
telephone_mixed_dev_v1,mixed_0367__telephone8k,0.9713935852050781,1
telephone_mixed_dev_v1,mixed_0368__telephone8k,0.6317263245582581,1
telephone_mixed_dev_v1,mixed_0369__telephone8k,0.998512327671051,1
telephone_mixed_dev_v1,mixed_0370__telephone8k,0.9664983153343201,1
telephone_mixed_dev_v1,mixed_0371__telephone8k,0.7782044410705566,1
telephone_mixed_dev_v1,mixed_0372__telephone8k,0.08853684365749359,0
telephone_mixed_dev_v1,mixed_0373__telephone8k,0.9984757304191589,1
telephone_mixed_dev_v1,mixed_0374__telephone8k,0.9217287302017212,1
telephone_mixed_dev_v1,mixed_0375__telephone8k,0.9795721173286438,1
telephone_mixed_dev_v1,mixed_0376__telephone8k,0.6789432168006897,1
telephone_mixed_dev_v1,mixed_0377__telephone8k,0.9791178703308105,1
telephone_mixed_dev_v1,mixed_0378__telephone8k,0.8921269178390503,1
telephone_mixed_dev_v1,mixed_0379__telephone8k,0.7427698373794556,1
telephone_mixed_dev_v1,mixed_0380__telephone8k,0.000175827372004278,0
telephone_mixed_dev_v1,mixed_0381__telephone8k,0.9983038902282715,1
telephone_mixed_dev_v1,mixed_0382__telephone8k,0.9981877207756042,1
telephone_mixed_dev_v1,mixed_0383__telephone8k,0.8669883012771606,1
telephone_mixed_dev_v1,mixed_0384__telephone8k,0.8493413329124451,1
telephone_mixed_dev_v1,mixed_0385__telephone8k,0.9991638660430908,1
telephone_mixed_dev_v1,mixed_0386__telephone8k,0.7795897722244263,1
telephone_mixed_dev_v1,mixed_0387__telephone8k,0.9989690780639648,1
telephone_mixed_dev_v1,mixed_0388__telephone8k,0.9999042749404907,1
telephone_mixed_dev_v1,mixed_0389__telephone8k,0.8429297804832458,1
telephone_mixed_dev_v1,mixed_0390__telephone8k,0.9409797787666321,1
telephone_mixed_dev_v1,mixed_0391__telephone8k,0.9867684245109558,1
telephone_mixed_dev_v1,mixed_0392__telephone8k,0.9700573682785034,1
telephone_mixed_dev_v1,mixed_0393__telephone8k,0.9848372340202332,1
telephone_mixed_dev_v1,mixed_0394__telephone8k,0.9827895164489746,1
telephone_mixed_dev_v1,mixed_0395__telephone8k,0.9986633062362671,1
telephone_mixed_dev_v1,mixed_0396__telephone8k,0.9938010573387146,1
telephone_mixed_dev_v1,mixed_0397__telephone8k,0.7199482917785645,1
telephone_mixed_dev_v1,mixed_0398__telephone8k,0.9825571179389954,1
telephone_mixed_dev_v1,mixed_0399__telephone8k,0.9986438155174255,1
telephone_mixed_dev_v1,sdxmix_0000__telephone8k,0.9998617172241211,1
telephone_mixed_dev_v1,sdxmix_0001__telephone8k,0.9968986511230469,1
telephone_mixed_dev_v1,sdxmix_0002__telephone8k,0.9995532631874084,1
telephone_mixed_dev_v1,sdxmix_0003__telephone8k,0.9995909333229065,1
telephone_mixed_dev_v1,sdxmix_0004__telephone8k,0.9975278973579407,1
telephone_mixed_dev_v1,sdxmix_0005__telephone8k,0.998561680316925,1
telephone_mixed_dev_v1,sdxmix_0006__telephone8k,0.9955268502235413,1
telephone_mixed_dev_v1,sdxmix_0007__telephone8k,0.9582741260528564,1
telephone_mixed_dev_v1,sdxmix_0008__telephone8k,0.848617672920227,1
telephone_mixed_dev_v1,sdxmix_0009__telephone8k,0.9975734353065491,1
telephone_mixed_dev_v1,sdxmix_0010__telephone8k,0.9987024068832397,1
telephone_mixed_dev_v1,sdxmix_0011__telephone8k,0.9997062087059021,1
telephone_mixed_dev_v1,sdxmix_0012__telephone8k,0.9995139837265015,1
telephone_mixed_dev_v1,sdxmix_0013__telephone8k,0.9999213218688965,1
telephone_mixed_dev_v1,sdxmix_0014__telephone8k,0.9623543620109558,1
telephone_mixed_dev_v1,sdxmix_0015__telephone8k,0.9996874332427979,1
telephone_mixed_dev_v1,sdxmix_0016__telephone8k,0.964992344379425,1
telephone_mixed_dev_v1,sdxmix_0017__telephone8k,0.9900279641151428,1
telephone_mixed_dev_v1,sdxmix_0018__telephone8k,0.9997606873512268,1
telephone_mixed_dev_v1,sdxmix_0019__telephone8k,0.9990419745445251,1
telephone_mixed_dev_v1,sdxmix_0020__telephone8k,0.9999101161956787,1
telephone_mixed_dev_v1,sdxmix_0021__telephone8k,0.8257017731666565,1
telephone_mixed_dev_v1,sdxmix_0022__telephone8k,0.9986205101013184,1
telephone_mixed_dev_v1,sdxmix_0023__telephone8k,0.9984195232391357,1
telephone_mixed_dev_v1,sdxmix_0024__telephone8k,0.988467276096344,1
telephone_mixed_dev_v1,sdxmix_0025__telephone8k,0.9993096590042114,1
telephone_mixed_dev_v1,sdxmix_0026__telephone8k,0.9992725253105164,1
telephone_mixed_dev_v1,sdxmix_0027__telephone8k,0.9691885709762573,1
telephone_mixed_dev_v1,sdxmix_0028__telephone8k,0.9990612864494324,1
telephone_mixed_dev_v1,sdxmix_0029__telephone8k,0.9994863271713257,1
telephone_mixed_dev_v1,sdxmix_0030__telephone8k,0.9911686182022095,1
telephone_mixed_dev_v1,sdxmix_0031__telephone8k,0.9997566342353821,1
telephone_mixed_dev_v1,sdxmix_0032__telephone8k,0.9991695880889893,1
telephone_mixed_dev_v1,sdxmix_0033__telephone8k,0.9992430210113525,1
telephone_mixed_dev_v1,sdxmix_0034__telephone8k,0.9999295473098755,1
telephone_mixed_dev_v1,sdxmix_0035__telephone8k,0.997379720211029,1
telephone_mixed_dev_v1,sdxmix_0036__telephone8k,0.3970192074775696,0
telephone_mixed_dev_v1,sdxmix_0037__telephone8k,0.9920161962509155,1
telephone_mixed_dev_v1,sdxmix_0038__telephone8k,0.9997898936271667,1
telephone_mixed_dev_v1,sdxmix_0039__telephone8k,0.9996727705001831,1
telephone_mixed_dev_v1,sdxmix_0040__telephone8k,0.6714739203453064,1
telephone_mixed_dev_v1,sdxmix_0041__telephone8k,0.9954807758331299,1
telephone_mixed_dev_v1,sdxmix_0042__telephone8k,0.9989964365959167,1
telephone_mixed_dev_v1,sdxmix_0043__telephone8k,0.9997881054878235,1
telephone_mixed_dev_v1,sdxmix_0044__telephone8k,0.8469091653823853,1
telephone_mixed_dev_v1,sdxmix_0045__telephone8k,0.9992210865020752,1
telephone_mixed_dev_v1,sdxmix_0046__telephone8k,0.9973108768463135,1
telephone_mixed_dev_v1,sdxmix_0047__telephone8k,0.9979740977287292,1
telephone_mixed_dev_v1,sdxmix_0048__telephone8k,0.9987456798553467,1
telephone_mixed_dev_v1,sdxmix_0049__telephone8k,0.9967646598815918,1
telephone_mixed_dev_v1,sdxmix_0050__telephone8k,0.9997895359992981,1
telephone_mixed_dev_v1,sdxmix_0051__telephone8k,0.9999290704727173,1
telephone_mixed_dev_v1,sdxmix_0052__telephone8k,0.9972317814826965,1
telephone_mixed_dev_v1,sdxmix_0053__telephone8k,0.999562680721283,1
telephone_mixed_dev_v1,sdxmix_0054__telephone8k,0.99970942735672,1
telephone_mixed_dev_v1,sdxmix_0055__telephone8k,0.9990503191947937,1
telephone_mixed_dev_v1,sdxmix_0056__telephone8k,0.9998786449432373,1
telephone_mixed_dev_v1,sdxmix_0057__telephone8k,0.9966307282447815,1
telephone_mixed_dev_v1,sdxmix_0058__telephone8k,0.9978127479553223,1
telephone_mixed_dev_v1,sdxmix_0059__telephone8k,0.9820961952209473,1
telephone_mixed_dev_v1,sdxmix_0060__telephone8k,0.9979130625724792,1
telephone_mixed_dev_v1,sdxmix_0061__telephone8k,0.9999690055847168,1
telephone_mixed_dev_v1,sdxmix_0062__telephone8k,0.9997870326042175,1
telephone_mixed_dev_v1,sdxmix_0063__telephone8k,0.9974055886268616,1
telephone_mixed_dev_v1,sdxmix_0064__telephone8k,0.9200311899185181,1
telephone_mixed_dev_v1,sdxmix_0065__telephone8k,0.9983532428741455,1
telephone_mixed_dev_v1,sdxmix_0066__telephone8k,0.995658278465271,1
telephone_mixed_dev_v1,sdxmix_0067__telephone8k,0.9995458722114563,1
telephone_mixed_dev_v1,sdxmix_0068__telephone8k,0.9999260902404785,1
telephone_mixed_dev_v1,sdxmix_0069__telephone8k,0.999578058719635,1
telephone_mixed_dev_v1,sdxmix_0070__telephone8k,0.9933149218559265,1
telephone_mixed_dev_v1,sdxmix_0071__telephone8k,0.9969255328178406,1
telephone_mixed_dev_v1,sdxmix_0072__telephone8k,0.9916208982467651,1
telephone_mixed_dev_v1,sdxmix_0073__telephone8k,0.999871015548706,1
telephone_mixed_dev_v1,sdxmix_0074__telephone8k,0.9955326318740845,1
telephone_mixed_dev_v1,sdxmix_0075__telephone8k,0.8771037459373474,1
telephone_mixed_dev_v1,sdxmix_0076__telephone8k,0.9982088804244995,1
telephone_mixed_dev_v1,sdxmix_0077__telephone8k,0.9990484118461609,1
telephone_mixed_dev_v1,sdxmix_0078__telephone8k,0.995676577091217,1
telephone_mixed_dev_v1,sdxmix_0079__telephone8k,0.9971920847892761,1
telephone_mixed_dev_v1,sdxmix_0080__telephone8k,0.9483303427696228,1
telephone_mixed_dev_v1,sdxmix_0081__telephone8k,0.999795138835907,1
telephone_mixed_dev_v1,sdxmix_0082__telephone8k,0.9861344695091248,1
telephone_mixed_dev_v1,sdxmix_0083__telephone8k,0.9998555183410645,1
telephone_mixed_dev_v1,sdxmix_0084__telephone8k,0.9945936799049377,1
telephone_mixed_dev_v1,sdxmix_0085__telephone8k,0.9989086389541626,1
telephone_mixed_dev_v1,sdxmix_0086__telephone8k,0.9997342228889465,1
telephone_mixed_dev_v1,sdxmix_0087__telephone8k,0.9920350909233093,1
telephone_mixed_dev_v1,sdxmix_0088__telephone8k,0.995114803314209,1
telephone_mixed_dev_v1,sdxmix_0089__telephone8k,0.9784930348396301,1
telephone_mixed_dev_v1,sdxmix_0090__telephone8k,0.7635757327079773,1
telephone_mixed_dev_v1,sdxmix_0091__telephone8k,0.9956597685813904,1
telephone_mixed_dev_v1,sdxmix_0092__telephone8k,0.978593111038208,1
telephone_mixed_dev_v1,sdxmix_0093__telephone8k,0.9993639588356018,1
telephone_mixed_dev_v1,sdxmix_0094__telephone8k,0.9954991936683655,1
telephone_mixed_dev_v1,sdxmix_0095__telephone8k,0.9892732501029968,1
telephone_mixed_dev_v1,sdxmix_0096__telephone8k,0.997534990310669,1
telephone_mixed_dev_v1,sdxmix_0097__telephone8k,0.9998924732208252,1
telephone_mixed_dev_v1,sdxmix_0098__telephone8k,0.9998655319213867,1
telephone_mixed_dev_v1,sdxmix_0099__telephone8k,0.9644408226013184,1
telephone_mixed_dev_v1,sdxmix_0100__telephone8k,0.9982002973556519,1
telephone_mixed_dev_v1,sdxmix_0101__telephone8k,0.7794873118400574,1
telephone_mixed_dev_v1,sdxmix_0102__telephone8k,0.9927256107330322,1
telephone_mixed_dev_v1,sdxmix_0103__telephone8k,0.9691418409347534,1
telephone_mixed_dev_v1,sdxmix_0104__telephone8k,0.9958682060241699,1
telephone_mixed_dev_v1,sdxmix_0105__telephone8k,0.8676445484161377,1
telephone_mixed_dev_v1,sdxmix_0106__telephone8k,0.9805379509925842,1
telephone_mixed_dev_v1,sdxmix_0107__telephone8k,0.9919286966323853,1
telephone_mixed_dev_v1,sdxmix_0108__telephone8k,0.9906065464019775,1
telephone_mixed_dev_v1,sdxmix_0109__telephone8k,0.9918409585952759,1
telephone_mixed_dev_v1,sdxmix_0110__telephone8k,0.9957007765769958,1
telephone_mixed_dev_v1,sdxmix_0111__telephone8k,0.9998575448989868,1
telephone_mixed_dev_v1,sdxmix_0112__telephone8k,0.9146108031272888,1
telephone_mixed_dev_v1,sdxmix_0113__telephone8k,0.4191025495529175,0
telephone_mixed_dev_v1,sdxmix_0114__telephone8k,0.999289870262146,1
telephone_mixed_dev_v1,sdxmix_0115__telephone8k,0.9945907592773438,1
telephone_mixed_dev_v1,sdxmix_0116__telephone8k,0.8546706438064575,1
telephone_mixed_dev_v1,sdxmix_0117__telephone8k,0.9993314743041992,1
telephone_mixed_dev_v1,sdxmix_0118__telephone8k,0.7899373769760132,1
telephone_mixed_dev_v1,sdxmix_0119__telephone8k,0.9917791485786438,1
telephone_mixed_dev_v1,sdxmix_0120__telephone8k,0.9960351586341858,1
telephone_mixed_dev_v1,sdxmix_0121__telephone8k,0.9745794534683228,1
telephone_mixed_dev_v1,sdxmix_0122__telephone8k,0.999363362789154,1
telephone_mixed_dev_v1,sdxmix_0123__telephone8k,0.9796594977378845,1
telephone_mixed_dev_v1,sdxmix_0124__telephone8k,0.9941374063491821,1
telephone_mixed_dev_v1,sdxmix_0125__telephone8k,0.8937460780143738,1
telephone_mixed_dev_v1,sdxmix_0126__telephone8k,0.9967623949050903,1
telephone_mixed_dev_v1,sdxmix_0127__telephone8k,0.9883881211280823,1
telephone_mixed_dev_v1,sdxmix_0128__telephone8k,0.98215252161026,1
telephone_mixed_dev_v1,sdxmix_0129__telephone8k,0.6886488795280457,1
telephone_mixed_dev_v1,sdxmix_0130__telephone8k,0.9996843338012695,1
telephone_mixed_dev_v1,sdxmix_0131__telephone8k,0.9059218168258667,1
telephone_mixed_dev_v1,sdxmix_0132__telephone8k,0.9384702444076538,1
telephone_mixed_dev_v1,sdxmix_0133__telephone8k,0.9788970947265625,1
telephone_mixed_dev_v1,sdxmix_0134__telephone8k,0.9770069718360901,1
telephone_mixed_dev_v1,sdxmix_0135__telephone8k,0.9420549869537354,1
telephone_mixed_dev_v1,sdxmix_0136__telephone8k,0.9718639850616455,1
telephone_mixed_dev_v1,sdxmix_0137__telephone8k,0.9708184003829956,1
telephone_mixed_dev_v1,sdxmix_0138__telephone8k,0.7798267006874084,1
telephone_mixed_dev_v1,sdxmix_0139__telephone8k,0.9933274984359741,1
telephone_mixed_dev_v1,sdxmix_0140__telephone8k,0.9416786432266235,1
telephone_mixed_dev_v1,sdxmix_0141__telephone8k,0.9940080642700195,1
telephone_mixed_dev_v1,sdxmix_0142__telephone8k,0.9989622831344604,1
telephone_mixed_dev_v1,sdxmix_0143__telephone8k,0.9382553696632385,1
telephone_mixed_dev_v1,sdxmix_0144__telephone8k,0.9969473481178284,1
telephone_mixed_dev_v1,sdxmix_0145__telephone8k,0.973625123500824,1
telephone_mixed_dev_v1,sdxmix_0146__telephone8k,0.9895608425140381,1
telephone_mixed_dev_v1,sdxmix_0147__telephone8k,0.7017443180084229,1
telephone_mixed_dev_v1,sdxmix_0148__telephone8k,0.9607517719268799,1
telephone_mixed_dev_v1,sdxmix_0149__telephone8k,0.9991790652275085,1
telephone_mixed_dev_v1,sdxmix_0150__telephone8k,0.9649081826210022,1
telephone_mixed_dev_v1,sdxmix_0151__telephone8k,0.9974082112312317,1
telephone_mixed_dev_v1,sdxmix_0152__telephone8k,0.99369215965271,1
telephone_mixed_dev_v1,sdxmix_0153__telephone8k,0.9964148998260498,1
telephone_mixed_dev_v1,sdxmix_0154__telephone8k,0.6583186984062195,1
telephone_mixed_dev_v1,sdxmix_0155__telephone8k,0.9853209853172302,1
telephone_mixed_dev_v1,sdxmix_0156__telephone8k,0.9987472295761108,1
telephone_mixed_dev_v1,sdxmix_0157__telephone8k,0.9840059876441956,1
telephone_mixed_dev_v1,sdxmix_0158__telephone8k,0.9958437085151672,1
telephone_mixed_dev_v1,sdxmix_0159__telephone8k,0.9896903038024902,1
telephone_mixed_dev_v1,sdxmix_0160__telephone8k,0.9898680448532104,1
telephone_mixed_dev_v1,sdxmix_0161__telephone8k,0.9800844192504883,1
telephone_mixed_dev_v1,sdxmix_0162__telephone8k,0.9989558458328247,1
telephone_mixed_dev_v1,sdxmix_0163__telephone8k,0.9748556017875671,1
telephone_mixed_dev_v1,sdxmix_0164__telephone8k,0.9295490980148315,1
telephone_mixed_dev_v1,sdxmix_0165__telephone8k,0.9935315251350403,1
telephone_mixed_dev_v1,sdxmix_0166__telephone8k,0.9774953722953796,1
telephone_mixed_dev_v1,sdxmix_0167__telephone8k,0.9847111105918884,1
telephone_mixed_dev_v1,sdxmix_0168__telephone8k,0.992194414138794,1
telephone_mixed_dev_v1,sdxmix_0169__telephone8k,0.9996811151504517,1
telephone_mixed_dev_v1,sdxmix_0170__telephone8k,0.9992278814315796,1
telephone_mixed_dev_v1,sdxmix_0171__telephone8k,0.9955062866210938,1
telephone_mixed_dev_v1,sdxmix_0172__telephone8k,0.9634049534797668,1
telephone_mixed_dev_v1,sdxmix_0173__telephone8k,0.9987139701843262,1
telephone_mixed_dev_v1,sdxmix_0174__telephone8k,0.9971731901168823,1
telephone_mixed_dev_v1,sdxmix_0175__telephone8k,0.9816299676895142,1
telephone_mixed_dev_v1,sdxmix_0176__telephone8k,0.9752087593078613,1
telephone_mixed_dev_v1,sdxmix_0177__telephone8k,0.9967785477638245,1
telephone_mixed_dev_v1,sdxmix_0178__telephone8k,0.996630847454071,1
telephone_mixed_dev_v1,sdxmix_0179__telephone8k,0.9990550875663757,1
telephone_mixed_dev_v1,sdxmix_0180__telephone8k,0.9955533146858215,1
telephone_mixed_dev_v1,sdxmix_0181__telephone8k,0.9963157773017883,1
telephone_mixed_dev_v1,sdxmix_0182__telephone8k,0.9965672492980957,1
telephone_mixed_dev_v1,sdxmix_0183__telephone8k,0.9463182687759399,1
telephone_mixed_dev_v1,sdxmix_0184__telephone8k,0.998689591884613,1
telephone_mixed_dev_v1,sdxmix_0185__telephone8k,0.9357748031616211,1
telephone_mixed_dev_v1,sdxmix_0186__telephone8k,0.9955546259880066,1
telephone_mixed_dev_v1,sdxmix_0187__telephone8k,0.9991174340248108,1
telephone_mixed_dev_v1,sdxmix_0188__telephone8k,0.997223973274231,1
telephone_mixed_dev_v1,sdxmix_0189__telephone8k,0.998479425907135,1
telephone_mixed_dev_v1,sdxmix_0190__telephone8k,0.9991299510002136,1
telephone_mixed_dev_v1,sdxmix_0191__telephone8k,0.9991360306739807,1
telephone_mixed_dev_v1,sdxmix_0192__telephone8k,0.9990228414535522,1
telephone_mixed_dev_v1,sdxmix_0193__telephone8k,0.9953758716583252,1
telephone_mixed_dev_v1,sdxmix_0194__telephone8k,0.999278724193573,1
telephone_mixed_dev_v1,sdxmix_0195__telephone8k,0.9668712615966797,1
telephone_mixed_dev_v1,sdxmix_0196__telephone8k,0.9695289731025696,1
telephone_mixed_dev_v1,sdxmix_0197__telephone8k,0.990267813205719,1
telephone_mixed_dev_v1,sdxmix_0198__telephone8k,0.9967893362045288,1
telephone_mixed_dev_v1,sdxmix_0199__telephone8k,0.9976094961166382,1
factorial_eval_1200_v2_holdout,factorial_0400,2.5456863284034625e-08,0
factorial_eval_1200_v2_holdout,factorial_0401,1.8470331269782037e-05,0
factorial_eval_1200_v2_holdout,factorial_0402,0.9999765157699585,1
factorial_eval_1200_v2_holdout,factorial_0403,3.6304169270806597e-07,0
factorial_eval_1200_v2_holdout,factorial_0404,0.0006426634499803185,0
factorial_eval_1200_v2_holdout,factorial_0405,2.8805968668166315e-06,0
factorial_eval_1200_v2_holdout,factorial_0406,1.4581130471924553e-06,0
factorial_eval_1200_v2_holdout,factorial_0407,1.7877093341667205e-05,0
factorial_eval_1200_v2_holdout,factorial_0408,0.9999821186065674,1
factorial_eval_1200_v2_holdout,factorial_0409,2.4109810965455836e-06,0
factorial_eval_1200_v2_holdout,factorial_0410,0.3681749403476715,0
factorial_eval_1200_v2_holdout,factorial_0411,6.503042300209927e-07,0
factorial_eval_1200_v2_holdout,factorial_0412,1.853536102380815e-09,0
factorial_eval_1200_v2_holdout,factorial_0413,3.79041438236527e-08,0
factorial_eval_1200_v2_holdout,factorial_0414,0.9999966621398926,1
factorial_eval_1200_v2_holdout,factorial_0415,8.345474270754494e-06,0
factorial_eval_1200_v2_holdout,factorial_0416,0.026026757434010506,0
factorial_eval_1200_v2_holdout,factorial_0417,0.002750398823991418,0
factorial_eval_1200_v2_holdout,factorial_0418,2.256965725422333e-09,0
factorial_eval_1200_v2_holdout,factorial_0419,2.89823788079957e-06,0
factorial_eval_1200_v2_holdout,factorial_0420,0.9977818131446838,1
factorial_eval_1200_v2_holdout,factorial_0421,2.227254844910931e-05,0
factorial_eval_1200_v2_holdout,factorial_0422,0.00022369857470039278,0
factorial_eval_1200_v2_holdout,factorial_0423,1.584773235663306e-05,0
factorial_eval_1200_v2_holdout,factorial_0424,4.001308013812377e-07,0
factorial_eval_1200_v2_holdout,factorial_0425,3.2788546377560124e-05,0
factorial_eval_1200_v2_holdout,factorial_0426,0.9999977350234985,1
factorial_eval_1200_v2_holdout,factorial_0427,0.0020104539580643177,0
factorial_eval_1200_v2_holdout,factorial_0428,0.004998552612960339,0
factorial_eval_1200_v2_holdout,factorial_0429,0.041938696056604385,0
factorial_eval_1200_v2_holdout,factorial_0430,4.111655584893015e-07,0
factorial_eval_1200_v2_holdout,factorial_0431,0.0003040170995518565,0
factorial_eval_1200_v2_holdout,factorial_0432,0.9999978542327881,1
factorial_eval_1200_v2_holdout,factorial_0433,0.0005252973642200232,0
factorial_eval_1200_v2_holdout,factorial_0434,0.0019654883071780205,0
factorial_eval_1200_v2_holdout,factorial_0435,0.003352423897013068,0
factorial_eval_1200_v2_holdout,factorial_0436,6.405139529874759e-09,0
factorial_eval_1200_v2_holdout,factorial_0437,0.001605725148692727,0
factorial_eval_1200_v2_holdout,factorial_0438,0.9999992847442627,1
factorial_eval_1200_v2_holdout,factorial_0439,0.0007281725411303341,0
factorial_eval_1200_v2_holdout,factorial_0440,0.00466008810326457,0
factorial_eval_1200_v2_holdout,factorial_0441,0.054905906319618225,0
factorial_eval_1200_v2_holdout,factorial_0442,2.319102021530739e-09,0
factorial_eval_1200_v2_holdout,factorial_0443,0.011023136787116528,0
factorial_eval_1200_v2_holdout,factorial_0444,0.9999992847442627,1
factorial_eval_1200_v2_holdout,factorial_0445,0.0001126990100601688,0
factorial_eval_1200_v2_holdout,factorial_0446,0.0035211187787353992,0
factorial_eval_1200_v2_holdout,factorial_0447,0.0028616657946258783,0
factorial_eval_1200_v2_holdout,factorial_0448,2.2758314344173414e-08,0
factorial_eval_1200_v2_holdout,factorial_0449,8.378580241696909e-05,0
factorial_eval_1200_v2_holdout,factorial_0450,0.9999899864196777,1
factorial_eval_1200_v2_holdout,factorial_0451,4.2818106749109575e-07,0
factorial_eval_1200_v2_holdout,factorial_0452,1.643572250031866e-05,0
factorial_eval_1200_v2_holdout,factorial_0453,0.00029695199918933213,0
factorial_eval_1200_v2_holdout,factorial_0454,6.576023281468224e-08,0
factorial_eval_1200_v2_holdout,factorial_0455,4.754035398946144e-05,0
factorial_eval_1200_v2_holdout,factorial_0456,0.9999730587005615,1
factorial_eval_1200_v2_holdout,factorial_0457,2.3718168904451886e-06,0
factorial_eval_1200_v2_holdout,factorial_0458,0.0037815303076058626,0
factorial_eval_1200_v2_holdout,factorial_0459,0.00036149524385109544,0
factorial_eval_1200_v2_holdout,factorial_0460,3.371856678313634e-07,0
factorial_eval_1200_v2_holdout,factorial_0461,5.60179068997968e-06,0
factorial_eval_1200_v2_holdout,factorial_0462,0.9999955892562866,1
factorial_eval_1200_v2_holdout,factorial_0463,0.00019596822676248848,0
factorial_eval_1200_v2_holdout,factorial_0464,0.0021891347132623196,0
factorial_eval_1200_v2_holdout,factorial_0465,0.0006836945540271699,0
factorial_eval_1200_v2_holdout,factorial_0466,2.1013114746892825e-05,0
factorial_eval_1200_v2_holdout,factorial_0467,4.120496669202112e-05,0
factorial_eval_1200_v2_holdout,factorial_0468,0.9999828338623047,1
factorial_eval_1200_v2_holdout,factorial_0469,5.5059726946637966e-06,0
factorial_eval_1200_v2_holdout,factorial_0470,0.00012654707825277,0
factorial_eval_1200_v2_holdout,factorial_0471,6.956799916224554e-05,0
factorial_eval_1200_v2_holdout,factorial_0472,7.90000420636261e-09,0
factorial_eval_1200_v2_holdout,factorial_0473,4.856889859183866e-07,0
factorial_eval_1200_v2_holdout,factorial_0474,0.9998856782913208,1
factorial_eval_1200_v2_holdout,factorial_0475,9.941813914338127e-06,0
factorial_eval_1200_v2_holdout,factorial_0476,0.034367635846138,0
factorial_eval_1200_v2_holdout,factorial_0477,5.152140147401951e-05,0
factorial_eval_1200_v2_holdout,factorial_0478,2.6804827801818476e-10,0
factorial_eval_1200_v2_holdout,factorial_0479,8.195683039957657e-05,0
factorial_eval_1200_v2_holdout,factorial_0480,0.8607313632965088,1
factorial_eval_1200_v2_holdout,factorial_0481,3.433233587202267e-06,0
factorial_eval_1200_v2_holdout,factorial_0482,2.2482272470369935e-06,0
factorial_eval_1200_v2_holdout,factorial_0483,0.0023933870252221823,0
factorial_eval_1200_v2_holdout,factorial_0484,6.440426664200416e-11,0
factorial_eval_1200_v2_holdout,factorial_0485,1.6694555460272653e-10,0
factorial_eval_1200_v2_holdout,factorial_0486,0.9999924898147583,1
factorial_eval_1200_v2_holdout,factorial_0487,3.942646209509348e-09,0
factorial_eval_1200_v2_holdout,factorial_0488,4.341680437391915e-08,0
factorial_eval_1200_v2_holdout,factorial_0489,3.1519729049023226e-09,0
factorial_eval_1200_v2_holdout,factorial_0490,1.3799318354656975e-09,0
factorial_eval_1200_v2_holdout,factorial_0491,6.93381080054678e-05,0
factorial_eval_1200_v2_holdout,factorial_0492,0.9999997615814209,1
factorial_eval_1200_v2_holdout,factorial_0493,7.974902109708637e-05,0
factorial_eval_1200_v2_holdout,factorial_0494,0.0012417470570653677,0
factorial_eval_1200_v2_holdout,factorial_0495,0.00030337373027577996,0
factorial_eval_1200_v2_holdout,factorial_0496,1.8773989307607764e-10,0
factorial_eval_1200_v2_holdout,factorial_0497,8.043743036978412e-06,0
factorial_eval_1200_v2_holdout,factorial_0498,0.9999958276748657,1
factorial_eval_1200_v2_holdout,factorial_0499,2.4042797974743735e-08,0
factorial_eval_1200_v2_holdout,factorial_0500,0.018126927316188812,0
factorial_eval_1200_v2_holdout,factorial_0501,0.012260477989912033,0
factorial_eval_1200_v2_holdout,factorial_0502,1.0740141415110926e-12,0
factorial_eval_1200_v2_holdout,factorial_0503,0.00978870503604412,0
factorial_eval_1200_v2_holdout,factorial_0504,0.9999949932098389,1
factorial_eval_1200_v2_holdout,factorial_0505,0.018296467140316963,0
factorial_eval_1200_v2_holdout,factorial_0506,0.06508195400238037,0
factorial_eval_1200_v2_holdout,factorial_0507,0.00017127439787145704,0
factorial_eval_1200_v2_holdout,factorial_0508,7.737453455725074e-10,0
factorial_eval_1200_v2_holdout,factorial_0509,0.0020651586819440126,0
factorial_eval_1200_v2_holdout,factorial_0510,0.9999995231628418,1
factorial_eval_1200_v2_holdout,factorial_0511,0.006735945586115122,0
factorial_eval_1200_v2_holdout,factorial_0512,3.1537230825051665e-05,0
factorial_eval_1200_v2_holdout,factorial_0513,0.027759423479437828,0
factorial_eval_1200_v2_holdout,factorial_0514,5.530315547730424e-07,0
factorial_eval_1200_v2_holdout,factorial_0515,0.009590315632522106,0
factorial_eval_1200_v2_holdout,factorial_0516,0.999977707862854,1
factorial_eval_1200_v2_holdout,factorial_0517,0.003794798394665122,0
factorial_eval_1200_v2_holdout,factorial_0518,0.03778523579239845,0
factorial_eval_1200_v2_holdout,factorial_0519,0.006426397245377302,0
factorial_eval_1200_v2_holdout,factorial_0520,9.225054498074314e-09,0
factorial_eval_1200_v2_holdout,factorial_0521,0.0013606325956061482,0
factorial_eval_1200_v2_holdout,factorial_0522,0.9999954700469971,1
factorial_eval_1200_v2_holdout,factorial_0523,2.6697989596868865e-07,0
factorial_eval_1200_v2_holdout,factorial_0524,9.88288320513675e-06,0
factorial_eval_1200_v2_holdout,factorial_0525,0.0004526590055320412,0
factorial_eval_1200_v2_holdout,factorial_0526,1.218043976791705e-08,0
factorial_eval_1200_v2_holdout,factorial_0527,0.00368135841563344,0
factorial_eval_1200_v2_holdout,factorial_0528,0.9999970197677612,1
factorial_eval_1200_v2_holdout,factorial_0529,9.289578883908689e-05,0
factorial_eval_1200_v2_holdout,factorial_0530,0.002155760768800974,0
factorial_eval_1200_v2_holdout,factorial_0531,0.010587473399937153,0
factorial_eval_1200_v2_holdout,factorial_0532,5.940879455046399e-10,0
factorial_eval_1200_v2_holdout,factorial_0533,0.000372787268133834,0
factorial_eval_1200_v2_holdout,factorial_0534,0.9999982118606567,1
factorial_eval_1200_v2_holdout,factorial_0535,6.990935798967257e-05,0
factorial_eval_1200_v2_holdout,factorial_0536,0.015062154270708561,0
factorial_eval_1200_v2_holdout,factorial_0537,0.018465980887413025,0
factorial_eval_1200_v2_holdout,factorial_0538,9.654611554665848e-10,0
factorial_eval_1200_v2_holdout,factorial_0539,2.4925691832322627e-05,0
factorial_eval_1200_v2_holdout,factorial_0540,0.9999991655349731,1
factorial_eval_1200_v2_holdout,factorial_0541,0.0016897580353543162,0
factorial_eval_1200_v2_holdout,factorial_0542,2.1951835151412524e-05,0
factorial_eval_1200_v2_holdout,factorial_0543,0.00039935833774507046,0
factorial_eval_1200_v2_holdout,factorial_0544,0.00014707834634464234,0
factorial_eval_1200_v2_holdout,factorial_0545,0.007520177401602268,0
factorial_eval_1200_v2_holdout,factorial_0546,0.9999810457229614,1
factorial_eval_1200_v2_holdout,factorial_0547,0.0013337649870663881,0
factorial_eval_1200_v2_holdout,factorial_0548,1.2377819984976668e-05,0
factorial_eval_1200_v2_holdout,factorial_0549,0.0006642731605097651,0
factorial_eval_1200_v2_holdout,factorial_0550,1.7784708816748207e-08,0
factorial_eval_1200_v2_holdout,factorial_0551,0.0008492241613566875,0
factorial_eval_1200_v2_holdout,factorial_0552,0.9999964237213135,1
factorial_eval_1200_v2_holdout,factorial_0553,0.02837851457297802,0
factorial_eval_1200_v2_holdout,factorial_0554,0.025466153398156166,0
factorial_eval_1200_v2_holdout,factorial_0555,0.00016899160982575268,0
factorial_eval_1200_v2_holdout,factorial_0556,9.312017112961257e-08,0
factorial_eval_1200_v2_holdout,factorial_0557,0.0015674468595534563,0
factorial_eval_1200_v2_holdout,factorial_0558,0.9999986886978149,1
factorial_eval_1200_v2_holdout,factorial_0559,0.004058591555804014,0
factorial_eval_1200_v2_holdout,factorial_0560,0.0008220529416576028,0
factorial_eval_1200_v2_holdout,factorial_0561,0.0008239861344918609,0
factorial_eval_1200_v2_holdout,factorial_0562,7.462939710656258e-10,0
factorial_eval_1200_v2_holdout,factorial_0563,0.0039312224835157394,0
factorial_eval_1200_v2_holdout,factorial_0564,0.9999986886978149,1
factorial_eval_1200_v2_holdout,factorial_0565,0.0005552411894313991,0
factorial_eval_1200_v2_holdout,factorial_0566,0.004079770762473345,0
factorial_eval_1200_v2_holdout,factorial_0567,0.013634520582854748,0
factorial_eval_1200_v2_holdout,factorial_0568,7.344939656483973e-10,0
factorial_eval_1200_v2_holdout,factorial_0569,0.01050647720694542,0
factorial_eval_1200_v2_holdout,factorial_0570,0.9999938011169434,1
factorial_eval_1200_v2_holdout,factorial_0571,0.004148646257817745,0
factorial_eval_1200_v2_holdout,factorial_0572,0.002283708192408085,0
factorial_eval_1200_v2_holdout,factorial_0573,0.005483022890985012,0
factorial_eval_1200_v2_holdout,factorial_0574,2.446440703351982e-07,0
factorial_eval_1200_v2_holdout,factorial_0575,0.00017327445675618947,0
factorial_eval_1200_v2_holdout,factorial_0576,0.9999974966049194,1
factorial_eval_1200_v2_holdout,factorial_0577,5.766621598013444e-06,0
factorial_eval_1200_v2_holdout,factorial_0578,0.0039429678581655025,0
factorial_eval_1200_v2_holdout,factorial_0579,0.004764608107507229,0
factorial_eval_1200_v2_holdout,factorial_0580,1.7631928983519174e-07,0
factorial_eval_1200_v2_holdout,factorial_0581,0.006488156039267778,0
factorial_eval_1200_v2_holdout,factorial_0582,0.9999896287918091,1
factorial_eval_1200_v2_holdout,factorial_0583,0.0003263318503741175,0
factorial_eval_1200_v2_holdout,factorial_0584,7.649545295862481e-05,0
factorial_eval_1200_v2_holdout,factorial_0585,0.006126902997493744,0
factorial_eval_1200_v2_holdout,factorial_0586,5.5110241703459906e-08,0
factorial_eval_1200_v2_holdout,factorial_0587,0.0009039371507242322,0
factorial_eval_1200_v2_holdout,factorial_0588,0.9999955892562866,1
factorial_eval_1200_v2_holdout,factorial_0589,0.0016685620648786426,0
factorial_eval_1200_v2_holdout,factorial_0590,9.633216541260481e-05,0
factorial_eval_1200_v2_holdout,factorial_0591,0.001115312334150076,0
factorial_eval_1200_v2_holdout,factorial_0592,7.291715564683443e-10,0
factorial_eval_1200_v2_holdout,factorial_0593,7.359031428677554e-07,0
factorial_eval_1200_v2_holdout,factorial_0594,0.9999996423721313,1
factorial_eval_1200_v2_holdout,factorial_0595,5.141980182088446e-06,0
factorial_eval_1200_v2_holdout,factorial_0596,0.005635566543787718,0
factorial_eval_1200_v2_holdout,factorial_0597,6.456055416492745e-05,0
factorial_eval_1200_v2_holdout,factorial_0598,2.851759384192576e-10,0
factorial_eval_1200_v2_holdout,factorial_0599,0.0028520349878817797,0
factorial_eval_1200_v2_holdout,factorial_0600,0.9999985694885254,1
factorial_eval_1200_v2_holdout,factorial_0601,0.000586683745495975,0
factorial_eval_1200_v2_holdout,factorial_0602,0.00018597325833979994,0
factorial_eval_1200_v2_holdout,factorial_0603,0.01885847933590412,0
factorial_eval_1200_v2_holdout,factorial_0604,8.823098696097986e-09,0
factorial_eval_1200_v2_holdout,factorial_0605,2.9816246751579456e-05,0
factorial_eval_1200_v2_holdout,factorial_0606,0.9999725818634033,1
factorial_eval_1200_v2_holdout,factorial_0607,1.3903086255595554e-05,0
factorial_eval_1200_v2_holdout,factorial_0608,0.0007578264339827001,0
factorial_eval_1200_v2_holdout,factorial_0609,0.022003786638379097,0
factorial_eval_1200_v2_holdout,factorial_0610,1.4023505023885718e-08,0
factorial_eval_1200_v2_holdout,factorial_0611,1.1628615538938902e-05,0
factorial_eval_1200_v2_holdout,factorial_0612,0.9999939203262329,1
factorial_eval_1200_v2_holdout,factorial_0613,9.092415893974248e-06,0
factorial_eval_1200_v2_holdout,factorial_0614,9.195319580612704e-05,0
factorial_eval_1200_v2_holdout,factorial_0615,0.12280464172363281,0
factorial_eval_1200_v2_holdout,factorial_0616,3.233600054386443e-10,0
factorial_eval_1200_v2_holdout,factorial_0617,1.0840186405403074e-05,0
factorial_eval_1200_v2_holdout,factorial_0618,0.9999462366104126,1
factorial_eval_1200_v2_holdout,factorial_0619,0.00035795362782664597,0
factorial_eval_1200_v2_holdout,factorial_0620,0.0020026564598083496,0
factorial_eval_1200_v2_holdout,factorial_0621,0.0010949898278340697,0
factorial_eval_1200_v2_holdout,factorial_0622,6.10542993939589e-09,0
factorial_eval_1200_v2_holdout,factorial_0623,0.002454523229971528,0
factorial_eval_1200_v2_holdout,factorial_0624,0.9999948740005493,1
factorial_eval_1200_v2_holdout,factorial_0625,0.0022654072381556034,0
factorial_eval_1200_v2_holdout,factorial_0626,0.013234168291091919,0
factorial_eval_1200_v2_holdout,factorial_0627,6.348548708956514e-08,0
factorial_eval_1200_v2_holdout,factorial_0628,2.622936590146452e-11,0
factorial_eval_1200_v2_holdout,factorial_0629,1.8853409944341593e-09,0
factorial_eval_1200_v2_holdout,factorial_0630,0.9999821186065674,1
factorial_eval_1200_v2_holdout,factorial_0631,2.6629269996192306e-05,0
factorial_eval_1200_v2_holdout,factorial_0632,0.004707563668489456,0
factorial_eval_1200_v2_holdout,factorial_0633,0.0016709060873836279,0
factorial_eval_1200_v2_holdout,factorial_0634,2.0367840747326227e-08,0
factorial_eval_1200_v2_holdout,factorial_0635,0.00913998018950224,0
factorial_eval_1200_v2_holdout,factorial_0636,0.9999762773513794,1
factorial_eval_1200_v2_holdout,factorial_0637,0.0025489197578281164,0
factorial_eval_1200_v2_holdout,factorial_0638,3.180290519821938e-08,0
factorial_eval_1200_v2_holdout,factorial_0639,0.0027056115213781595,0
factorial_eval_1200_v2_holdout,factorial_0640,3.4254237224473627e-09,0
factorial_eval_1200_v2_holdout,factorial_0641,0.00011238070874242112,0
factorial_eval_1200_v2_holdout,factorial_0642,0.9999945163726807,1
factorial_eval_1200_v2_holdout,factorial_0643,5.675961745055247e-08,0
factorial_eval_1200_v2_holdout,factorial_0644,4.741756129078567e-05,0
factorial_eval_1200_v2_holdout,factorial_0645,6.961141707506613e-08,0
factorial_eval_1200_v2_holdout,factorial_0646,1.8914038335537953e-08,0
factorial_eval_1200_v2_holdout,factorial_0647,0.0001679162378422916,0
factorial_eval_1200_v2_holdout,factorial_0648,0.9999988079071045,1
factorial_eval_1200_v2_holdout,factorial_0649,3.687931894091889e-05,0
factorial_eval_1200_v2_holdout,factorial_0650,0.00016900611808523536,0
factorial_eval_1200_v2_holdout,factorial_0651,0.005481052212417126,0
factorial_eval_1200_v2_holdout,factorial_0652,2.791283038039438e-10,0
factorial_eval_1200_v2_holdout,factorial_0653,0.004364857915788889,0
factorial_eval_1200_v2_holdout,factorial_0654,0.9999243021011353,1
factorial_eval_1200_v2_holdout,factorial_0655,6.193569424794987e-05,0
factorial_eval_1200_v2_holdout,factorial_0656,0.0002940782578662038,0
factorial_eval_1200_v2_holdout,factorial_0657,0.001410870929248631,0
factorial_eval_1200_v2_holdout,factorial_0658,1.7866707002767157e-09,0
factorial_eval_1200_v2_holdout,factorial_0659,2.2211756004253402e-05,0
factorial_eval_1200_v2_holdout,factorial_0660,0.9999986886978149,1
factorial_eval_1200_v2_holdout,factorial_0661,0.0005389343132264912,0
factorial_eval_1200_v2_holdout,factorial_0662,0.0003537070588208735,0
factorial_eval_1200_v2_holdout,factorial_0663,0.0006944824708625674,0
factorial_eval_1200_v2_holdout,factorial_0664,7.858307754515792e-11,0
factorial_eval_1200_v2_holdout,factorial_0665,0.0012363025452941656,0
factorial_eval_1200_v2_holdout,factorial_0666,0.9999980926513672,1
factorial_eval_1200_v2_holdout,factorial_0667,0.00012314537889324129,0
factorial_eval_1200_v2_holdout,factorial_0668,0.002006115159019828,0
factorial_eval_1200_v2_holdout,factorial_0669,0.0005125150200910866,0
factorial_eval_1200_v2_holdout,factorial_0670,1.4043297080768014e-10,0
factorial_eval_1200_v2_holdout,factorial_0671,9.331703040516004e-06,0
factorial_eval_1200_v2_holdout,factorial_0672,0.9999891519546509,1
factorial_eval_1200_v2_holdout,factorial_0673,3.282525995018659e-06,0
factorial_eval_1200_v2_holdout,factorial_0674,0.056683674454689026,0
factorial_eval_1200_v2_holdout,factorial_0675,0.06795677542686462,0
factorial_eval_1200_v2_holdout,factorial_0676,1.111544301046763e-09,0
factorial_eval_1200_v2_holdout,factorial_0677,0.00024406776356045157,0
factorial_eval_1200_v2_holdout,factorial_0678,0.9999881982803345,1
factorial_eval_1200_v2_holdout,factorial_0679,2.0221423255861737e-06,0
factorial_eval_1200_v2_holdout,factorial_0680,0.0008525418816134334,0
factorial_eval_1200_v2_holdout,factorial_0681,8.268247597698064e-08,0
factorial_eval_1200_v2_holdout,factorial_0682,6.970116706028762e-10,0
factorial_eval_1200_v2_holdout,factorial_0683,6.648831913480535e-05,0
factorial_eval_1200_v2_holdout,factorial_0684,0.9998613595962524,1
factorial_eval_1200_v2_holdout,factorial_0685,0.0007596930372528732,0
factorial_eval_1200_v2_holdout,factorial_0686,0.0005439544911496341,0
factorial_eval_1200_v2_holdout,factorial_0687,0.004198123700916767,0
factorial_eval_1200_v2_holdout,factorial_0688,1.708533869937412e-10,0
factorial_eval_1200_v2_holdout,factorial_0689,2.9006105251028202e-05,0
factorial_eval_1200_v2_holdout,factorial_0690,0.9999384880065918,1
factorial_eval_1200_v2_holdout,factorial_0691,0.0002767746918834746,0
factorial_eval_1200_v2_holdout,factorial_0692,0.00041090260492637753,0
factorial_eval_1200_v2_holdout,factorial_0693,0.004595279227942228,0
factorial_eval_1200_v2_holdout,factorial_0694,1.6872025998537765e-10,0
factorial_eval_1200_v2_holdout,factorial_0695,0.0002483674034010619,0
factorial_eval_1200_v2_holdout,factorial_0696,0.9999512434005737,1
factorial_eval_1200_v2_holdout,factorial_0697,0.0008235285640694201,0
factorial_eval_1200_v2_holdout,factorial_0698,0.0007665239390917122,0
factorial_eval_1200_v2_holdout,factorial_0699,0.0048203435726463795,0
factorial_eval_1200_v2_holdout,factorial_0700,1.443830655034617e-08,0
factorial_eval_1200_v2_holdout,factorial_0701,7.857614036765881e-06,0
factorial_eval_1200_v2_holdout,factorial_0702,0.9999130964279175,1
factorial_eval_1200_v2_holdout,factorial_0703,9.7696920420276e-06,0
factorial_eval_1200_v2_holdout,factorial_0704,3.462055474301451e-06,0
factorial_eval_1200_v2_holdout,factorial_0705,0.0035157103557139635,0
factorial_eval_1200_v2_holdout,factorial_0706,4.6825885391399424e-09,0
factorial_eval_1200_v2_holdout,factorial_0707,0.0012904622126370668,0
factorial_eval_1200_v2_holdout,factorial_0708,0.9999850988388062,1
factorial_eval_1200_v2_holdout,factorial_0709,8.552444342058152e-06,0
factorial_eval_1200_v2_holdout,factorial_0710,7.292850204976276e-05,0
factorial_eval_1200_v2_holdout,factorial_0711,0.007164830341935158,0
factorial_eval_1200_v2_holdout,factorial_0712,1.3588832281641317e-08,0
factorial_eval_1200_v2_holdout,factorial_0713,0.00021085067419335246,0
factorial_eval_1200_v2_holdout,factorial_0714,0.9993550181388855,1
factorial_eval_1200_v2_holdout,factorial_0715,0.0019024342764168978,0
factorial_eval_1200_v2_holdout,factorial_0716,0.0006357793463394046,0
factorial_eval_1200_v2_holdout,factorial_0717,0.0018323471304029226,0
factorial_eval_1200_v2_holdout,factorial_0718,1.501706425877103e-09,0
factorial_eval_1200_v2_holdout,factorial_0719,0.0034434995613992214,0
factorial_eval_1200_v2_holdout,factorial_0720,0.9999947547912598,1
factorial_eval_1200_v2_holdout,factorial_0721,5.886545841349289e-05,0
factorial_eval_1200_v2_holdout,factorial_0722,0.00012380343105178326,0
factorial_eval_1200_v2_holdout,factorial_0723,6.837766704848036e-05,0
factorial_eval_1200_v2_holdout,factorial_0724,4.844166845430209e-09,0
factorial_eval_1200_v2_holdout,factorial_0725,7.235404336825013e-05,0
factorial_eval_1200_v2_holdout,factorial_0726,0.9999990463256836,1
factorial_eval_1200_v2_holdout,factorial_0727,3.0438163776125293e-06,0
factorial_eval_1200_v2_holdout,factorial_0728,3.108249438810162e-05,0
factorial_eval_1200_v2_holdout,factorial_0729,1.9349391422451845e-08,0
factorial_eval_1200_v2_holdout,factorial_0730,4.394493089421303e-07,0
factorial_eval_1200_v2_holdout,factorial_0731,5.367418793866818e-07,0
factorial_eval_1200_v2_holdout,factorial_0732,0.9998641014099121,1
factorial_eval_1200_v2_holdout,factorial_0733,5.664634954882786e-05,0
factorial_eval_1200_v2_holdout,factorial_0734,0.009359116666018963,0
factorial_eval_1200_v2_holdout,factorial_0735,0.0010911640711128712,0
factorial_eval_1200_v2_holdout,factorial_0736,3.517190427793082e-10,0
factorial_eval_1200_v2_holdout,factorial_0737,0.0012520094169303775,0
factorial_eval_1200_v2_holdout,factorial_0738,0.9998277425765991,1
factorial_eval_1200_v2_holdout,factorial_0739,4.461012395040598e-06,0
factorial_eval_1200_v2_holdout,factorial_0740,5.258428063825704e-05,0
factorial_eval_1200_v2_holdout,factorial_0741,0.0002815724874380976,0
factorial_eval_1200_v2_holdout,factorial_0742,1.501005719717341e-08,0
factorial_eval_1200_v2_holdout,factorial_0743,2.1849268705409486e-06,0
factorial_eval_1200_v2_holdout,factorial_0744,0.9995200634002686,1
factorial_eval_1200_v2_holdout,factorial_0745,6.008598120388342e-06,0
factorial_eval_1200_v2_holdout,factorial_0746,2.6029341825051233e-05,0
factorial_eval_1200_v2_holdout,factorial_0747,4.3781447800483875e-08,0
factorial_eval_1200_v2_holdout,factorial_0748,1.593860488036114e-09,0
factorial_eval_1200_v2_holdout,factorial_0749,2.747296612426453e-09,0
factorial_eval_1200_v2_holdout,factorial_0750,0.9999328851699829,1
factorial_eval_1200_v2_holdout,factorial_0751,5.12980914209038e-05,0
factorial_eval_1200_v2_holdout,factorial_0752,0.002867800882086158,0
factorial_eval_1200_v2_holdout,factorial_0753,0.0006306316354312003,0
factorial_eval_1200_v2_holdout,factorial_0754,7.653925422346219e-07,0
factorial_eval_1200_v2_holdout,factorial_0755,1.898092705232557e-05,0
factorial_eval_1200_v2_holdout,factorial_0756,0.999915599822998,1
factorial_eval_1200_v2_holdout,factorial_0757,3.2522879337193444e-05,0
factorial_eval_1200_v2_holdout,factorial_0758,0.000141172218718566,0
factorial_eval_1200_v2_holdout,factorial_0759,0.005108210723847151,0
factorial_eval_1200_v2_holdout,factorial_0760,5.079371367955332e-10,0
factorial_eval_1200_v2_holdout,factorial_0761,0.0009904814651235938,0
factorial_eval_1200_v2_holdout,factorial_0762,0.9999032020568848,1
factorial_eval_1200_v2_holdout,factorial_0763,4.8911283556662966e-06,0
factorial_eval_1200_v2_holdout,factorial_0764,0.0033208318054676056,0
factorial_eval_1200_v2_holdout,factorial_0765,0.0028118786867707968,0
factorial_eval_1200_v2_holdout,factorial_0766,1.652491699033476e-09,0
factorial_eval_1200_v2_holdout,factorial_0767,0.00038197607500478625,0
factorial_eval_1200_v2_holdout,factorial_0768,0.9999889135360718,1
factorial_eval_1200_v2_holdout,factorial_0769,2.138146010111086e-05,0
factorial_eval_1200_v2_holdout,factorial_0770,0.0002775121829472482,0
factorial_eval_1200_v2_holdout,factorial_0771,0.0003962791233789176,0
factorial_eval_1200_v2_holdout,factorial_0772,1.3784876573552651e-09,0
factorial_eval_1200_v2_holdout,factorial_0773,1.1019359590136446e-05,0
factorial_eval_1200_v2_holdout,factorial_0774,0.9999966621398926,1
factorial_eval_1200_v2_holdout,factorial_0775,6.293340447882656e-06,0
factorial_eval_1200_v2_holdout,factorial_0776,0.0024977815337479115,0
factorial_eval_1200_v2_holdout,factorial_0777,0.0017440317897126079,0
factorial_eval_1200_v2_holdout,factorial_0778,5.218536713869071e-09,0
factorial_eval_1200_v2_holdout,factorial_0779,0.00032042074599303305,0
factorial_eval_1200_v2_holdout,factorial_0780,0.9999736547470093,1
factorial_eval_1200_v2_holdout,factorial_0781,2.5678220936242724e-06,0
factorial_eval_1200_v2_holdout,factorial_0782,0.00012190856068627909,0
factorial_eval_1200_v2_holdout,factorial_0783,0.0012448307825252414,0
factorial_eval_1200_v2_holdout,factorial_0784,2.7398280866286484e-10,0
factorial_eval_1200_v2_holdout,factorial_0785,9.0358080342412e-05,0
factorial_eval_1200_v2_holdout,factorial_0786,0.9999544620513916,1
factorial_eval_1200_v2_holdout,factorial_0787,1.7634632968110964e-05,0
factorial_eval_1200_v2_holdout,factorial_0788,0.0008596809348091483,0
factorial_eval_1200_v2_holdout,factorial_0789,0.0001464554516132921,0
factorial_eval_1200_v2_holdout,factorial_0790,7.649337274706625e-10,0
factorial_eval_1200_v2_holdout,factorial_0791,0.0001012990323943086,0
factorial_eval_1200_v2_holdout,factorial_0792,0.9999294281005859,1
factorial_eval_1200_v2_holdout,factorial_0793,4.958226895723783e-07,0
factorial_eval_1200_v2_holdout,factorial_0794,0.0001483845990151167,0
factorial_eval_1200_v2_holdout,factorial_0795,0.0028878655284643173,0
factorial_eval_1200_v2_holdout,factorial_0796,3.23010809211155e-08,0
factorial_eval_1200_v2_holdout,factorial_0797,0.0003606024256441742,0
factorial_eval_1200_v2_holdout,factorial_0798,0.9999855756759644,1
factorial_eval_1200_v2_holdout,factorial_0799,3.339532486279495e-05,0
phone_factorial_1200_v1,sdxeq_0000__phonefact_resample8k,0.9972018003463745,1
phone_factorial_1200_v1,sdxeq_0000__phonefact_g711_ulaw,0.9996984004974365,1
phone_factorial_1200_v1,sdxeq_0000__phonefact_g726_24k,0.9993114471435547,1
phone_factorial_1200_v1,sdxeq_0000__phonefact_opus_nb_8k,0.9995391368865967,1
phone_factorial_1200_v1,sdxeq_0001__phonefact_resample8k,0.9988705515861511,1
phone_factorial_1200_v1,sdxeq_0001__phonefact_g711_ulaw,0.9997226595878601,1
phone_factorial_1200_v1,sdxeq_0001__phonefact_g726_24k,0.9994043111801147,1
phone_factorial_1200_v1,sdxeq_0001__phonefact_opus_nb_8k,0.9982495903968811,1
phone_factorial_1200_v1,sdxeq_0002__phonefact_resample8k,0.9992832541465759,1
phone_factorial_1200_v1,sdxeq_0002__phonefact_g711_ulaw,0.9998354911804199,1
phone_factorial_1200_v1,sdxeq_0002__phonefact_g726_24k,0.9996423721313477,1
phone_factorial_1200_v1,sdxeq_0002__phonefact_opus_nb_8k,0.9998032450675964,1
phone_factorial_1200_v1,sdxeq_0003__phonefact_resample8k,0.9264466762542725,1
phone_factorial_1200_v1,sdxeq_0003__phonefact_g711_ulaw,0.9921912550926208,1
phone_factorial_1200_v1,sdxeq_0003__phonefact_g726_24k,0.9892736077308655,1
phone_factorial_1200_v1,sdxeq_0003__phonefact_opus_nb_8k,0.9911207556724548,1
phone_factorial_1200_v1,sdxeq_0004__phonefact_resample8k,0.9997524619102478,1
phone_factorial_1200_v1,sdxeq_0004__phonefact_g711_ulaw,0.9998888969421387,1
phone_factorial_1200_v1,sdxeq_0004__phonefact_g726_24k,0.999667763710022,1
phone_factorial_1200_v1,sdxeq_0004__phonefact_opus_nb_8k,0.9995546936988831,1
phone_factorial_1200_v1,sdxeq_0005__phonefact_resample8k,0.9986529350280762,1
phone_factorial_1200_v1,sdxeq_0005__phonefact_g711_ulaw,0.9998131394386292,1
phone_factorial_1200_v1,sdxeq_0005__phonefact_g726_24k,0.9996674060821533,1
phone_factorial_1200_v1,sdxeq_0005__phonefact_opus_nb_8k,0.998166024684906,1
phone_factorial_1200_v1,sdxeq_0006__phonefact_resample8k,0.9997968077659607,1
phone_factorial_1200_v1,sdxeq_0006__phonefact_g711_ulaw,0.9999918937683105,1
phone_factorial_1200_v1,sdxeq_0006__phonefact_g726_24k,0.9999637603759766,1
phone_factorial_1200_v1,sdxeq_0006__phonefact_opus_nb_8k,0.9998233914375305,1
phone_factorial_1200_v1,sdxeq_0007__phonefact_resample8k,0.963893711566925,1
phone_factorial_1200_v1,sdxeq_0007__phonefact_g711_ulaw,0.9939660429954529,1
phone_factorial_1200_v1,sdxeq_0007__phonefact_g726_24k,0.9910308122634888,1
phone_factorial_1200_v1,sdxeq_0007__phonefact_opus_nb_8k,0.9807592034339905,1
phone_factorial_1200_v1,sdxeq_0008__phonefact_resample8k,0.9987039566040039,1
phone_factorial_1200_v1,sdxeq_0008__phonefact_g711_ulaw,0.9999467134475708,1
phone_factorial_1200_v1,sdxeq_0008__phonefact_g726_24k,0.9998241066932678,1
phone_factorial_1200_v1,sdxeq_0008__phonefact_opus_nb_8k,0.9997854828834534,1
phone_factorial_1200_v1,sdxeq_0009__phonefact_resample8k,0.9990859031677246,1
phone_factorial_1200_v1,sdxeq_0009__phonefact_g711_ulaw,0.9998922348022461,1
phone_factorial_1200_v1,sdxeq_0009__phonefact_g726_24k,0.9998131394386292,1
phone_factorial_1200_v1,sdxeq_0009__phonefact_opus_nb_8k,0.9997265934944153,1
phone_factorial_1200_v1,sdxeq_0010__phonefact_resample8k,0.9948693513870239,1
phone_factorial_1200_v1,sdxeq_0010__phonefact_g711_ulaw,0.9989774227142334,1
phone_factorial_1200_v1,sdxeq_0010__phonefact_g726_24k,0.9979525804519653,1
phone_factorial_1200_v1,sdxeq_0010__phonefact_opus_nb_8k,0.9985381364822388,1
phone_factorial_1200_v1,sdxeq_0011__phonefact_resample8k,0.9824374318122864,1
phone_factorial_1200_v1,sdxeq_0011__phonefact_g711_ulaw,0.9998904466629028,1
phone_factorial_1200_v1,sdxeq_0011__phonefact_g726_24k,0.9995660185813904,1
phone_factorial_1200_v1,sdxeq_0011__phonefact_opus_nb_8k,0.9997153878211975,1
phone_factorial_1200_v1,sdxeq_0012__phonefact_resample8k,0.9989578723907471,1
phone_factorial_1200_v1,sdxeq_0012__phonefact_g711_ulaw,0.9998979568481445,1
phone_factorial_1200_v1,sdxeq_0012__phonefact_g726_24k,0.9997987151145935,1
phone_factorial_1200_v1,sdxeq_0012__phonefact_opus_nb_8k,0.9995023012161255,1
phone_factorial_1200_v1,sdxeq_0013__phonefact_resample8k,0.9986112117767334,1
phone_factorial_1200_v1,sdxeq_0013__phonefact_g711_ulaw,0.999981164932251,1
phone_factorial_1200_v1,sdxeq_0013__phonefact_g726_24k,0.9998987913131714,1
phone_factorial_1200_v1,sdxeq_0013__phonefact_opus_nb_8k,0.9998602867126465,1
phone_factorial_1200_v1,sdxeq_0014__phonefact_resample8k,0.9992116689682007,1
phone_factorial_1200_v1,sdxeq_0014__phonefact_g711_ulaw,0.999929666519165,1
phone_factorial_1200_v1,sdxeq_0014__phonefact_g726_24k,0.9997995495796204,1
phone_factorial_1200_v1,sdxeq_0014__phonefact_opus_nb_8k,0.9993379712104797,1
phone_factorial_1200_v1,sdxeq_0015__phonefact_resample8k,0.9959713816642761,1
phone_factorial_1200_v1,sdxeq_0015__phonefact_g711_ulaw,0.9999574422836304,1
phone_factorial_1200_v1,sdxeq_0015__phonefact_g726_24k,0.9999140501022339,1
phone_factorial_1200_v1,sdxeq_0015__phonefact_opus_nb_8k,0.9995328187942505,1
phone_factorial_1200_v1,sdxeq_0016__phonefact_resample8k,0.9993394017219543,1
phone_factorial_1200_v1,sdxeq_0016__phonefact_g711_ulaw,0.9997320771217346,1
phone_factorial_1200_v1,sdxeq_0016__phonefact_g726_24k,0.9987383484840393,1
phone_factorial_1200_v1,sdxeq_0016__phonefact_opus_nb_8k,0.9993695616722107,1
phone_factorial_1200_v1,sdxeq_0017__phonefact_resample8k,0.9992368221282959,1
phone_factorial_1200_v1,sdxeq_0017__phonefact_g711_ulaw,0.9999067783355713,1
phone_factorial_1200_v1,sdxeq_0017__phonefact_g726_24k,0.9997017979621887,1
phone_factorial_1200_v1,sdxeq_0017__phonefact_opus_nb_8k,0.9995725750923157,1
phone_factorial_1200_v1,sdxeq_0018__phonefact_resample8k,0.9990602135658264,1
phone_factorial_1200_v1,sdxeq_0018__phonefact_g711_ulaw,0.9999165534973145,1
phone_factorial_1200_v1,sdxeq_0018__phonefact_g726_24k,0.9998283386230469,1
phone_factorial_1200_v1,sdxeq_0018__phonefact_opus_nb_8k,0.9994595646858215,1
phone_factorial_1200_v1,sdxeq_0019__phonefact_resample8k,0.9997618794441223,1
phone_factorial_1200_v1,sdxeq_0019__phonefact_g711_ulaw,0.9999600648880005,1
phone_factorial_1200_v1,sdxeq_0019__phonefact_g726_24k,0.999810516834259,1
phone_factorial_1200_v1,sdxeq_0019__phonefact_opus_nb_8k,0.9996880292892456,1
phone_factorial_1200_v1,sdxeq_0020__phonefact_resample8k,0.9994906187057495,1
phone_factorial_1200_v1,sdxeq_0020__phonefact_g711_ulaw,0.9999532699584961,1
phone_factorial_1200_v1,sdxeq_0020__phonefact_g726_24k,0.9997726082801819,1
phone_factorial_1200_v1,sdxeq_0020__phonefact_opus_nb_8k,0.999870777130127,1
phone_factorial_1200_v1,sdxeq_0021__phonefact_resample8k,0.9972834587097168,1
phone_factorial_1200_v1,sdxeq_0021__phonefact_g711_ulaw,0.9998854398727417,1
phone_factorial_1200_v1,sdxeq_0021__phonefact_g726_24k,0.9998396635055542,1
phone_factorial_1200_v1,sdxeq_0021__phonefact_opus_nb_8k,0.9984416365623474,1
phone_factorial_1200_v1,sdxeq_0022__phonefact_resample8k,0.9995431900024414,1
phone_factorial_1200_v1,sdxeq_0022__phonefact_g711_ulaw,0.9999685287475586,1
phone_factorial_1200_v1,sdxeq_0022__phonefact_g726_24k,0.9999146461486816,1
phone_factorial_1200_v1,sdxeq_0022__phonefact_opus_nb_8k,0.999736487865448,1
phone_factorial_1200_v1,sdxeq_0023__phonefact_resample8k,0.9937360286712646,1
phone_factorial_1200_v1,sdxeq_0023__phonefact_g711_ulaw,0.9996583461761475,1
phone_factorial_1200_v1,sdxeq_0023__phonefact_g726_24k,0.9994213581085205,1
phone_factorial_1200_v1,sdxeq_0023__phonefact_opus_nb_8k,0.9989263415336609,1
phone_factorial_1200_v1,sdxeq_0024__phonefact_resample8k,0.997565746307373,1
phone_factorial_1200_v1,sdxeq_0024__phonefact_g711_ulaw,0.9998770952224731,1
phone_factorial_1200_v1,sdxeq_0024__phonefact_g726_24k,0.9994258880615234,1
phone_factorial_1200_v1,sdxeq_0024__phonefact_opus_nb_8k,0.9983640313148499,1
phone_factorial_1200_v1,sdxeq_0025__phonefact_resample8k,0.9991193413734436,1
phone_factorial_1200_v1,sdxeq_0025__phonefact_g711_ulaw,0.9998763799667358,1
phone_factorial_1200_v1,sdxeq_0025__phonefact_g726_24k,0.9996170997619629,1
phone_factorial_1200_v1,sdxeq_0025__phonefact_opus_nb_8k,0.9996718168258667,1
phone_factorial_1200_v1,sdxeq_0026__phonefact_resample8k,0.9967440366744995,1
phone_factorial_1200_v1,sdxeq_0026__phonefact_g711_ulaw,0.9999300241470337,1
phone_factorial_1200_v1,sdxeq_0026__phonefact_g726_24k,0.9998501539230347,1
phone_factorial_1200_v1,sdxeq_0026__phonefact_opus_nb_8k,0.998812198638916,1
phone_factorial_1200_v1,sdxeq_0027__phonefact_resample8k,0.9994820952415466,1
phone_factorial_1200_v1,sdxeq_0027__phonefact_g711_ulaw,0.999794065952301,1
phone_factorial_1200_v1,sdxeq_0027__phonefact_g726_24k,0.9996505975723267,1
phone_factorial_1200_v1,sdxeq_0027__phonefact_opus_nb_8k,0.9994980096817017,1
phone_factorial_1200_v1,sdxeq_0028__phonefact_resample8k,0.997666597366333,1
phone_factorial_1200_v1,sdxeq_0028__phonefact_g711_ulaw,0.9999752044677734,1
phone_factorial_1200_v1,sdxeq_0028__phonefact_g726_24k,0.9998819828033447,1
phone_factorial_1200_v1,sdxeq_0028__phonefact_opus_nb_8k,0.9998470544815063,1
phone_factorial_1200_v1,sdxeq_0029__phonefact_resample8k,0.9974282383918762,1
phone_factorial_1200_v1,sdxeq_0029__phonefact_g711_ulaw,0.9998571872711182,1
phone_factorial_1200_v1,sdxeq_0029__phonefact_g726_24k,0.9997093081474304,1
phone_factorial_1200_v1,sdxeq_0029__phonefact_opus_nb_8k,0.9992055296897888,1
phone_factorial_1200_v1,sdxeq_0030__phonefact_resample8k,0.999015212059021,1
phone_factorial_1200_v1,sdxeq_0030__phonefact_g711_ulaw,0.9998258948326111,1
phone_factorial_1200_v1,sdxeq_0030__phonefact_g726_24k,0.9996013045310974,1
phone_factorial_1200_v1,sdxeq_0030__phonefact_opus_nb_8k,0.9994332194328308,1
phone_factorial_1200_v1,sdxeq_0031__phonefact_resample8k,0.9977376461029053,1
phone_factorial_1200_v1,sdxeq_0031__phonefact_g711_ulaw,0.9999502897262573,1
phone_factorial_1200_v1,sdxeq_0031__phonefact_g726_24k,0.9998807907104492,1
phone_factorial_1200_v1,sdxeq_0031__phonefact_opus_nb_8k,0.9994244575500488,1
phone_factorial_1200_v1,sdxeq_0032__phonefact_resample8k,0.9964807629585266,1
phone_factorial_1200_v1,sdxeq_0032__phonefact_g711_ulaw,0.9998841285705566,1
phone_factorial_1200_v1,sdxeq_0032__phonefact_g726_24k,0.9996538162231445,1
phone_factorial_1200_v1,sdxeq_0032__phonefact_opus_nb_8k,0.9990302324295044,1
phone_factorial_1200_v1,sdxeq_0033__phonefact_resample8k,0.9996274709701538,1
phone_factorial_1200_v1,sdxeq_0033__phonefact_g711_ulaw,0.9991530179977417,1
phone_factorial_1200_v1,sdxeq_0033__phonefact_g726_24k,0.9966306090354919,1
phone_factorial_1200_v1,sdxeq_0033__phonefact_opus_nb_8k,0.9989116191864014,1
phone_factorial_1200_v1,sdxeq_0034__phonefact_resample8k,0.9966416358947754,1
phone_factorial_1200_v1,sdxeq_0034__phonefact_g711_ulaw,0.9999194145202637,1
phone_factorial_1200_v1,sdxeq_0034__phonefact_g726_24k,0.9998327493667603,1
phone_factorial_1200_v1,sdxeq_0034__phonefact_opus_nb_8k,0.9996562004089355,1
phone_factorial_1200_v1,sdxeq_0035__phonefact_resample8k,0.9969577789306641,1
phone_factorial_1200_v1,sdxeq_0035__phonefact_g711_ulaw,0.9999680519104004,1
phone_factorial_1200_v1,sdxeq_0035__phonefact_g726_24k,0.9995697140693665,1
phone_factorial_1200_v1,sdxeq_0035__phonefact_opus_nb_8k,0.999750554561615,1
phone_factorial_1200_v1,sdxeq_0036__phonefact_resample8k,0.9997727274894714,1
phone_factorial_1200_v1,sdxeq_0036__phonefact_g711_ulaw,0.9999464750289917,1
phone_factorial_1200_v1,sdxeq_0036__phonefact_g726_24k,0.999819815158844,1
phone_factorial_1200_v1,sdxeq_0036__phonefact_opus_nb_8k,0.9998626708984375,1
phone_factorial_1200_v1,sdxeq_0037__phonefact_resample8k,0.948491096496582,1
phone_factorial_1200_v1,sdxeq_0037__phonefact_g711_ulaw,0.998741090297699,1
phone_factorial_1200_v1,sdxeq_0037__phonefact_g726_24k,0.9973574280738831,1
phone_factorial_1200_v1,sdxeq_0037__phonefact_opus_nb_8k,0.9983868598937988,1
phone_factorial_1200_v1,sdxeq_0038__phonefact_resample8k,0.9735321402549744,1
phone_factorial_1200_v1,sdxeq_0038__phonefact_g711_ulaw,0.9991648197174072,1
phone_factorial_1200_v1,sdxeq_0038__phonefact_g726_24k,0.9989860653877258,1
phone_factorial_1200_v1,sdxeq_0038__phonefact_opus_nb_8k,0.9977362155914307,1
phone_factorial_1200_v1,sdxeq_0039__phonefact_resample8k,0.9992436170578003,1
phone_factorial_1200_v1,sdxeq_0039__phonefact_g711_ulaw,0.9999748468399048,1
phone_factorial_1200_v1,sdxeq_0039__phonefact_g726_24k,0.9999252557754517,1
phone_factorial_1200_v1,sdxeq_0039__phonefact_opus_nb_8k,0.9996082186698914,1
phone_factorial_1200_v1,sdxeq_0040__phonefact_resample8k,0.9957773685455322,1
phone_factorial_1200_v1,sdxeq_0040__phonefact_g711_ulaw,0.9998204112052917,1
phone_factorial_1200_v1,sdxeq_0040__phonefact_g726_24k,0.9996241331100464,1
phone_factorial_1200_v1,sdxeq_0040__phonefact_opus_nb_8k,0.9993574023246765,1
phone_factorial_1200_v1,sdxeq_0041__phonefact_resample8k,0.9994953870773315,1
phone_factorial_1200_v1,sdxeq_0041__phonefact_g711_ulaw,0.9999122619628906,1
phone_factorial_1200_v1,sdxeq_0041__phonefact_g726_24k,0.9992654919624329,1
phone_factorial_1200_v1,sdxeq_0041__phonefact_opus_nb_8k,0.9996763467788696,1
phone_factorial_1200_v1,sdxeq_0042__phonefact_resample8k,0.8507538437843323,1
phone_factorial_1200_v1,sdxeq_0042__phonefact_g711_ulaw,0.9957883954048157,1
phone_factorial_1200_v1,sdxeq_0042__phonefact_g726_24k,0.995455265045166,1
phone_factorial_1200_v1,sdxeq_0042__phonefact_opus_nb_8k,0.9644882082939148,1
phone_factorial_1200_v1,sdxeq_0043__phonefact_resample8k,0.9965837001800537,1
phone_factorial_1200_v1,sdxeq_0043__phonefact_g711_ulaw,0.9999227523803711,1
phone_factorial_1200_v1,sdxeq_0043__phonefact_g726_24k,0.9997854828834534,1
phone_factorial_1200_v1,sdxeq_0043__phonefact_opus_nb_8k,0.999480664730072,1
phone_factorial_1200_v1,sdxeq_0044__phonefact_resample8k,0.9993152618408203,1
phone_factorial_1200_v1,sdxeq_0044__phonefact_g711_ulaw,0.9999598264694214,1
phone_factorial_1200_v1,sdxeq_0044__phonefact_g726_24k,0.9998887777328491,1
phone_factorial_1200_v1,sdxeq_0044__phonefact_opus_nb_8k,0.9997218251228333,1
phone_factorial_1200_v1,sdxeq_0045__phonefact_resample8k,0.9744515419006348,1
phone_factorial_1200_v1,sdxeq_0045__phonefact_g711_ulaw,0.999821126461029,1
phone_factorial_1200_v1,sdxeq_0045__phonefact_g726_24k,0.9996552467346191,1
phone_factorial_1200_v1,sdxeq_0045__phonefact_opus_nb_8k,0.9994341731071472,1
phone_factorial_1200_v1,sdxeq_0046__phonefact_resample8k,0.9985276460647583,1
phone_factorial_1200_v1,sdxeq_0046__phonefact_g711_ulaw,0.9999140501022339,1
phone_factorial_1200_v1,sdxeq_0046__phonefact_g726_24k,0.9997848868370056,1
phone_factorial_1200_v1,sdxeq_0046__phonefact_opus_nb_8k,0.9998631477355957,1
phone_factorial_1200_v1,sdxeq_0047__phonefact_resample8k,0.99895179271698,1
phone_factorial_1200_v1,sdxeq_0047__phonefact_g711_ulaw,0.9999725818634033,1
phone_factorial_1200_v1,sdxeq_0047__phonefact_g726_24k,0.9999192953109741,1
phone_factorial_1200_v1,sdxeq_0047__phonefact_opus_nb_8k,0.9994863271713257,1
phone_factorial_1200_v1,sdxeq_0048__phonefact_resample8k,0.9996722936630249,1
phone_factorial_1200_v1,sdxeq_0048__phonefact_g711_ulaw,0.9999284744262695,1
phone_factorial_1200_v1,sdxeq_0048__phonefact_g726_24k,0.9997778534889221,1
phone_factorial_1200_v1,sdxeq_0048__phonefact_opus_nb_8k,0.9998080134391785,1
phone_factorial_1200_v1,sdxeq_0049__phonefact_resample8k,0.9972848892211914,1
phone_factorial_1200_v1,sdxeq_0049__phonefact_g711_ulaw,0.9998747110366821,1
phone_factorial_1200_v1,sdxeq_0049__phonefact_g726_24k,0.9997145533561707,1
phone_factorial_1200_v1,sdxeq_0049__phonefact_opus_nb_8k,0.9996320009231567,1
phone_factorial_1200_v1,sdxeq_0050__phonefact_resample8k,0.9945673942565918,1
phone_factorial_1200_v1,sdxeq_0050__phonefact_g711_ulaw,0.9999117851257324,1
phone_factorial_1200_v1,sdxeq_0050__phonefact_g726_24k,0.99968421459198,1
phone_factorial_1200_v1,sdxeq_0050__phonefact_opus_nb_8k,0.9993935823440552,1
phone_factorial_1200_v1,sdxeq_0051__phonefact_resample8k,0.9975885152816772,1
phone_factorial_1200_v1,sdxeq_0051__phonefact_g711_ulaw,0.9997885823249817,1
phone_factorial_1200_v1,sdxeq_0051__phonefact_g726_24k,0.9995821118354797,1
phone_factorial_1200_v1,sdxeq_0051__phonefact_opus_nb_8k,0.9996211528778076,1
phone_factorial_1200_v1,sdxeq_0052__phonefact_resample8k,0.9996916055679321,1
phone_factorial_1200_v1,sdxeq_0052__phonefact_g711_ulaw,0.9997921586036682,1
phone_factorial_1200_v1,sdxeq_0052__phonefact_g726_24k,0.999606192111969,1
phone_factorial_1200_v1,sdxeq_0052__phonefact_opus_nb_8k,0.9994373917579651,1
phone_factorial_1200_v1,sdxeq_0053__phonefact_resample8k,0.9997578263282776,1
phone_factorial_1200_v1,sdxeq_0053__phonefact_g711_ulaw,0.9998453855514526,1
phone_factorial_1200_v1,sdxeq_0053__phonefact_g726_24k,0.9996007084846497,1
phone_factorial_1200_v1,sdxeq_0053__phonefact_opus_nb_8k,0.9998544454574585,1
phone_factorial_1200_v1,sdxeq_0054__phonefact_resample8k,0.999649167060852,1
phone_factorial_1200_v1,sdxeq_0054__phonefact_g711_ulaw,0.9995299577713013,1
phone_factorial_1200_v1,sdxeq_0054__phonefact_g726_24k,0.9993798732757568,1
phone_factorial_1200_v1,sdxeq_0054__phonefact_opus_nb_8k,0.9987722039222717,1
phone_factorial_1200_v1,sdxeq_0055__phonefact_resample8k,0.9988150596618652,1
phone_factorial_1200_v1,sdxeq_0055__phonefact_g711_ulaw,0.999947190284729,1
phone_factorial_1200_v1,sdxeq_0055__phonefact_g726_24k,0.999876856803894,1
phone_factorial_1200_v1,sdxeq_0055__phonefact_opus_nb_8k,0.9996519088745117,1
phone_factorial_1200_v1,sdxeq_0056__phonefact_resample8k,0.9996681213378906,1
phone_factorial_1200_v1,sdxeq_0056__phonefact_g711_ulaw,0.9998038411140442,1
phone_factorial_1200_v1,sdxeq_0056__phonefact_g726_24k,0.9997410178184509,1
phone_factorial_1200_v1,sdxeq_0056__phonefact_opus_nb_8k,0.9993929862976074,1
phone_factorial_1200_v1,sdxeq_0057__phonefact_resample8k,0.9999493360519409,1
phone_factorial_1200_v1,sdxeq_0057__phonefact_g711_ulaw,0.9999864101409912,1
phone_factorial_1200_v1,sdxeq_0057__phonefact_g726_24k,0.9998477697372437,1
phone_factorial_1200_v1,sdxeq_0057__phonefact_opus_nb_8k,0.9998865127563477,1
phone_factorial_1200_v1,sdxeq_0058__phonefact_resample8k,0.9995471835136414,1
phone_factorial_1200_v1,sdxeq_0058__phonefact_g711_ulaw,0.9999761581420898,1
phone_factorial_1200_v1,sdxeq_0058__phonefact_g726_24k,0.9999370574951172,1
phone_factorial_1200_v1,sdxeq_0058__phonefact_opus_nb_8k,0.9998393058776855,1
phone_factorial_1200_v1,sdxeq_0059__phonefact_resample8k,0.9992237091064453,1
phone_factorial_1200_v1,sdxeq_0059__phonefact_g711_ulaw,0.9999536275863647,1
phone_factorial_1200_v1,sdxeq_0059__phonefact_g726_24k,0.999889612197876,1
phone_factorial_1200_v1,sdxeq_0059__phonefact_opus_nb_8k,0.9998282194137573,1
phone_factorial_1200_v1,sdxeq_0060__phonefact_resample8k,0.9998654127120972,1
phone_factorial_1200_v1,sdxeq_0060__phonefact_g711_ulaw,0.9999099969863892,1
phone_factorial_1200_v1,sdxeq_0060__phonefact_g726_24k,0.9995182752609253,1
phone_factorial_1200_v1,sdxeq_0060__phonefact_opus_nb_8k,0.9994753003120422,1
phone_factorial_1200_v1,sdxeq_0061__phonefact_resample8k,0.999049961566925,1
phone_factorial_1200_v1,sdxeq_0061__phonefact_g711_ulaw,0.9999362230300903,1
phone_factorial_1200_v1,sdxeq_0061__phonefact_g726_24k,0.999861478805542,1
phone_factorial_1200_v1,sdxeq_0061__phonefact_opus_nb_8k,0.9992541670799255,1
phone_factorial_1200_v1,sdxeq_0062__phonefact_resample8k,0.9984090924263,1
phone_factorial_1200_v1,sdxeq_0062__phonefact_g711_ulaw,0.9999685287475586,1
phone_factorial_1200_v1,sdxeq_0062__phonefact_g726_24k,0.9998815059661865,1
phone_factorial_1200_v1,sdxeq_0062__phonefact_opus_nb_8k,0.9995655417442322,1
phone_factorial_1200_v1,sdxeq_0063__phonefact_resample8k,0.9995943903923035,1
phone_factorial_1200_v1,sdxeq_0063__phonefact_g711_ulaw,0.9999661445617676,1
phone_factorial_1200_v1,sdxeq_0063__phonefact_g726_24k,0.9998815059661865,1
phone_factorial_1200_v1,sdxeq_0063__phonefact_opus_nb_8k,0.9997585415840149,1
phone_factorial_1200_v1,sdxeq_0064__phonefact_resample8k,0.9994865655899048,1
phone_factorial_1200_v1,sdxeq_0064__phonefact_g711_ulaw,0.999950647354126,1
phone_factorial_1200_v1,sdxeq_0064__phonefact_g726_24k,0.9999220371246338,1
phone_factorial_1200_v1,sdxeq_0064__phonefact_opus_nb_8k,0.9994242191314697,1
phone_factorial_1200_v1,sdxeq_0065__phonefact_resample8k,0.9996019005775452,1
phone_factorial_1200_v1,sdxeq_0065__phonefact_g711_ulaw,0.9999867677688599,1
phone_factorial_1200_v1,sdxeq_0065__phonefact_g726_24k,0.9999462366104126,1
phone_factorial_1200_v1,sdxeq_0065__phonefact_opus_nb_8k,0.9997337460517883,1
phone_factorial_1200_v1,sdxeq_0066__phonefact_resample8k,0.9991439580917358,1
phone_factorial_1200_v1,sdxeq_0066__phonefact_g711_ulaw,0.9999849796295166,1
phone_factorial_1200_v1,sdxeq_0066__phonefact_g726_24k,0.9999401569366455,1
phone_factorial_1200_v1,sdxeq_0066__phonefact_opus_nb_8k,0.9997363686561584,1
phone_factorial_1200_v1,sdxeq_0067__phonefact_resample8k,0.999816358089447,1
phone_factorial_1200_v1,sdxeq_0067__phonefact_g711_ulaw,0.9999678134918213,1
phone_factorial_1200_v1,sdxeq_0067__phonefact_g726_24k,0.9998687505722046,1
phone_factorial_1200_v1,sdxeq_0067__phonefact_opus_nb_8k,0.9998651742935181,1
phone_factorial_1200_v1,sdxeq_0068__phonefact_resample8k,0.9964680671691895,1
phone_factorial_1200_v1,sdxeq_0068__phonefact_g711_ulaw,0.99907386302948,1
phone_factorial_1200_v1,sdxeq_0068__phonefact_g726_24k,0.9988784193992615,1
phone_factorial_1200_v1,sdxeq_0068__phonefact_opus_nb_8k,0.99928218126297,1
phone_factorial_1200_v1,sdxeq_0069__phonefact_resample8k,0.9917697906494141,1
phone_factorial_1200_v1,sdxeq_0069__phonefact_g711_ulaw,0.90580153465271,1
phone_factorial_1200_v1,sdxeq_0069__phonefact_g726_24k,0.9680336713790894,1
phone_factorial_1200_v1,sdxeq_0069__phonefact_opus_nb_8k,0.9960882663726807,1
phone_factorial_1200_v1,sdxeq_0070__phonefact_resample8k,0.9998373985290527,1
phone_factorial_1200_v1,sdxeq_0070__phonefact_g711_ulaw,0.9999587535858154,1
phone_factorial_1200_v1,sdxeq_0070__phonefact_g726_24k,0.9996496438980103,1
phone_factorial_1200_v1,sdxeq_0070__phonefact_opus_nb_8k,0.9997838139533997,1
phone_factorial_1200_v1,sdxeq_0071__phonefact_resample8k,0.9908608198165894,1
phone_factorial_1200_v1,sdxeq_0071__phonefact_g711_ulaw,0.9999288320541382,1
phone_factorial_1200_v1,sdxeq_0071__phonefact_g726_24k,0.9996774196624756,1
phone_factorial_1200_v1,sdxeq_0071__phonefact_opus_nb_8k,0.9996885061264038,1
phone_factorial_1200_v1,sdxeq_0072__phonefact_resample8k,0.9731490612030029,1
phone_factorial_1200_v1,sdxeq_0072__phonefact_g711_ulaw,0.9998589754104614,1
phone_factorial_1200_v1,sdxeq_0072__phonefact_g726_24k,0.99937903881073,1
phone_factorial_1200_v1,sdxeq_0072__phonefact_opus_nb_8k,0.9997847676277161,1
phone_factorial_1200_v1,sdxeq_0073__phonefact_resample8k,0.9997051358222961,1
phone_factorial_1200_v1,sdxeq_0073__phonefact_g711_ulaw,0.9999107122421265,1
phone_factorial_1200_v1,sdxeq_0073__phonefact_g726_24k,0.9997487664222717,1
phone_factorial_1200_v1,sdxeq_0073__phonefact_opus_nb_8k,0.9996441602706909,1
phone_factorial_1200_v1,sdxeq_0074__phonefact_resample8k,0.998736560344696,1
phone_factorial_1200_v1,sdxeq_0074__phonefact_g711_ulaw,0.9997720122337341,1
phone_factorial_1200_v1,sdxeq_0074__phonefact_g726_24k,0.9995057582855225,1
phone_factorial_1200_v1,sdxeq_0074__phonefact_opus_nb_8k,0.9994574189186096,1
phone_factorial_1200_v1,sdxeq_0075__phonefact_resample8k,0.9989365935325623,1
phone_factorial_1200_v1,sdxeq_0075__phonefact_g711_ulaw,0.9999064207077026,1
phone_factorial_1200_v1,sdxeq_0075__phonefact_g726_24k,0.9998190999031067,1
phone_factorial_1200_v1,sdxeq_0075__phonefact_opus_nb_8k,0.9994744658470154,1
phone_factorial_1200_v1,sdxeq_0076__phonefact_resample8k,0.9986441731452942,1
phone_factorial_1200_v1,sdxeq_0076__phonefact_g711_ulaw,0.9996877908706665,1
phone_factorial_1200_v1,sdxeq_0076__phonefact_g726_24k,0.9992049336433411,1
phone_factorial_1200_v1,sdxeq_0076__phonefact_opus_nb_8k,0.9996153116226196,1
phone_factorial_1200_v1,sdxeq_0077__phonefact_resample8k,0.9994342923164368,1
phone_factorial_1200_v1,sdxeq_0077__phonefact_g711_ulaw,0.9998146891593933,1
phone_factorial_1200_v1,sdxeq_0077__phonefact_g726_24k,0.9994557499885559,1
phone_factorial_1200_v1,sdxeq_0077__phonefact_opus_nb_8k,0.9990283250808716,1
phone_factorial_1200_v1,sdxeq_0078__phonefact_resample8k,0.996991753578186,1
phone_factorial_1200_v1,sdxeq_0078__phonefact_g711_ulaw,0.9999443292617798,1
phone_factorial_1200_v1,sdxeq_0078__phonefact_g726_24k,0.9999130964279175,1
phone_factorial_1200_v1,sdxeq_0078__phonefact_opus_nb_8k,0.9993126392364502,1
phone_factorial_1200_v1,sdxeq_0079__phonefact_resample8k,0.998001754283905,1
phone_factorial_1200_v1,sdxeq_0079__phonefact_g711_ulaw,0.9999380111694336,1
phone_factorial_1200_v1,sdxeq_0079__phonefact_g726_24k,0.9998443126678467,1
phone_factorial_1200_v1,sdxeq_0079__phonefact_opus_nb_8k,0.9987024068832397,1
phone_factorial_1200_v1,sdxeq_0080__phonefact_resample8k,0.9995654225349426,1
phone_factorial_1200_v1,sdxeq_0080__phonefact_g711_ulaw,0.9998842477798462,1
phone_factorial_1200_v1,sdxeq_0080__phonefact_g726_24k,0.9996362924575806,1
phone_factorial_1200_v1,sdxeq_0080__phonefact_opus_nb_8k,0.9996053576469421,1
phone_factorial_1200_v1,sdxeq_0081__phonefact_resample8k,0.9979243278503418,1
phone_factorial_1200_v1,sdxeq_0081__phonefact_g711_ulaw,0.9999078512191772,1
phone_factorial_1200_v1,sdxeq_0081__phonefact_g726_24k,0.999733030796051,1
phone_factorial_1200_v1,sdxeq_0081__phonefact_opus_nb_8k,0.999386191368103,1
phone_factorial_1200_v1,sdxeq_0082__phonefact_resample8k,0.99951171875,1
phone_factorial_1200_v1,sdxeq_0082__phonefact_g711_ulaw,0.9998841285705566,1
phone_factorial_1200_v1,sdxeq_0082__phonefact_g726_24k,0.9997522234916687,1
phone_factorial_1200_v1,sdxeq_0082__phonefact_opus_nb_8k,0.9988961219787598,1
phone_factorial_1200_v1,sdxeq_0083__phonefact_resample8k,0.9989030361175537,1
phone_factorial_1200_v1,sdxeq_0083__phonefact_g711_ulaw,0.9996784925460815,1
phone_factorial_1200_v1,sdxeq_0083__phonefact_g726_24k,0.9990418553352356,1
phone_factorial_1200_v1,sdxeq_0083__phonefact_opus_nb_8k,0.9996614456176758,1
phone_factorial_1200_v1,sdxeq_0084__phonefact_resample8k,0.998340368270874,1
phone_factorial_1200_v1,sdxeq_0084__phonefact_g711_ulaw,0.9999650716781616,1
phone_factorial_1200_v1,sdxeq_0084__phonefact_g726_24k,0.9999315738677979,1
phone_factorial_1200_v1,sdxeq_0084__phonefact_opus_nb_8k,0.9997242093086243,1
phone_factorial_1200_v1,sdxeq_0085__phonefact_resample8k,0.9991004467010498,1
phone_factorial_1200_v1,sdxeq_0085__phonefact_g711_ulaw,0.9998869895935059,1
phone_factorial_1200_v1,sdxeq_0085__phonefact_g726_24k,0.999642014503479,1
phone_factorial_1200_v1,sdxeq_0085__phonefact_opus_nb_8k,0.9996247291564941,1
phone_factorial_1200_v1,sdxeq_0086__phonefact_resample8k,0.9997847676277161,1
phone_factorial_1200_v1,sdxeq_0086__phonefact_g711_ulaw,0.999958872795105,1
phone_factorial_1200_v1,sdxeq_0086__phonefact_g726_24k,0.9998558759689331,1
phone_factorial_1200_v1,sdxeq_0086__phonefact_opus_nb_8k,0.9997583031654358,1
phone_factorial_1200_v1,sdxeq_0087__phonefact_resample8k,0.9980533123016357,1
phone_factorial_1200_v1,sdxeq_0087__phonefact_g711_ulaw,0.9999401569366455,1
phone_factorial_1200_v1,sdxeq_0087__phonefact_g726_24k,0.999799907207489,1
phone_factorial_1200_v1,sdxeq_0087__phonefact_opus_nb_8k,0.9995679259300232,1
phone_factorial_1200_v1,sdxeq_0088__phonefact_resample8k,0.9996745586395264,1
phone_factorial_1200_v1,sdxeq_0088__phonefact_g711_ulaw,0.9999121427536011,1
phone_factorial_1200_v1,sdxeq_0088__phonefact_g726_24k,0.999849796295166,1
phone_factorial_1200_v1,sdxeq_0088__phonefact_opus_nb_8k,0.9996792078018188,1
phone_factorial_1200_v1,sdxeq_0089__phonefact_resample8k,0.995029628276825,1
phone_factorial_1200_v1,sdxeq_0089__phonefact_g711_ulaw,0.9999479055404663,1
phone_factorial_1200_v1,sdxeq_0089__phonefact_g726_24k,0.9997195601463318,1
phone_factorial_1200_v1,sdxeq_0089__phonefact_opus_nb_8k,0.9998503923416138,1
phone_factorial_1200_v1,sdxeq_0090__phonefact_resample8k,0.9991063475608826,1
phone_factorial_1200_v1,sdxeq_0090__phonefact_g711_ulaw,0.9997251629829407,1
phone_factorial_1200_v1,sdxeq_0090__phonefact_g726_24k,0.9993488192558289,1
phone_factorial_1200_v1,sdxeq_0090__phonefact_opus_nb_8k,0.9995977282524109,1
phone_factorial_1200_v1,sdxeq_0091__phonefact_resample8k,0.9942083358764648,1
phone_factorial_1200_v1,sdxeq_0091__phonefact_g711_ulaw,0.9998123049736023,1
phone_factorial_1200_v1,sdxeq_0091__phonefact_g726_24k,0.9995771050453186,1
phone_factorial_1200_v1,sdxeq_0091__phonefact_opus_nb_8k,0.9990856647491455,1
phone_factorial_1200_v1,sdxeq_0092__phonefact_resample8k,0.9990002512931824,1
phone_factorial_1200_v1,sdxeq_0092__phonefact_g711_ulaw,0.9999721050262451,1
phone_factorial_1200_v1,sdxeq_0092__phonefact_g726_24k,0.9998148083686829,1
phone_factorial_1200_v1,sdxeq_0092__phonefact_opus_nb_8k,0.999692440032959,1
phone_factorial_1200_v1,sdxeq_0093__phonefact_resample8k,0.9957553148269653,1
phone_factorial_1200_v1,sdxeq_0093__phonefact_g711_ulaw,0.9998584985733032,1
phone_factorial_1200_v1,sdxeq_0093__phonefact_g726_24k,0.9997739195823669,1
phone_factorial_1200_v1,sdxeq_0093__phonefact_opus_nb_8k,0.9995852112770081,1
phone_factorial_1200_v1,sdxeq_0094__phonefact_resample8k,0.9996110796928406,1
phone_factorial_1200_v1,sdxeq_0094__phonefact_g711_ulaw,0.9999347925186157,1
phone_factorial_1200_v1,sdxeq_0094__phonefact_g726_24k,0.999789297580719,1
phone_factorial_1200_v1,sdxeq_0094__phonefact_opus_nb_8k,0.9998401403427124,1
phone_factorial_1200_v1,sdxeq_0095__phonefact_resample8k,0.9989131689071655,1
phone_factorial_1200_v1,sdxeq_0095__phonefact_g711_ulaw,0.9999294281005859,1
phone_factorial_1200_v1,sdxeq_0095__phonefact_g726_24k,0.9997326731681824,1
phone_factorial_1200_v1,sdxeq_0095__phonefact_opus_nb_8k,0.9995319843292236,1
phone_factorial_1200_v1,sdxeq_0096__phonefact_resample8k,0.9980412721633911,1
phone_factorial_1200_v1,sdxeq_0096__phonefact_g711_ulaw,0.9998749494552612,1
phone_factorial_1200_v1,sdxeq_0096__phonefact_g726_24k,0.9996465444564819,1
phone_factorial_1200_v1,sdxeq_0096__phonefact_opus_nb_8k,0.9995267391204834,1
phone_factorial_1200_v1,sdxeq_0097__phonefact_resample8k,0.9988827109336853,1
phone_factorial_1200_v1,sdxeq_0097__phonefact_g711_ulaw,0.9994540810585022,1
phone_factorial_1200_v1,sdxeq_0097__phonefact_g726_24k,0.9988884329795837,1
phone_factorial_1200_v1,sdxeq_0097__phonefact_opus_nb_8k,0.9991342425346375,1
phone_factorial_1200_v1,sdxeq_0098__phonefact_resample8k,0.9989392161369324,1
phone_factorial_1200_v1,sdxeq_0098__phonefact_g711_ulaw,0.9999243021011353,1
phone_factorial_1200_v1,sdxeq_0098__phonefact_g726_24k,0.9994019269943237,1
phone_factorial_1200_v1,sdxeq_0098__phonefact_opus_nb_8k,0.9997062087059021,1
phone_factorial_1200_v1,sdxeq_0099__phonefact_resample8k,0.9956976175308228,1
phone_factorial_1200_v1,sdxeq_0099__phonefact_g711_ulaw,0.9997296929359436,1
phone_factorial_1200_v1,sdxeq_0099__phonefact_g726_24k,0.9993614554405212,1
phone_factorial_1200_v1,sdxeq_0099__phonefact_opus_nb_8k,0.9990795850753784,1
phone_factorial_1200_v1,sdm_real_0000__phonefact_resample8k,0.9485765695571899,1
phone_factorial_1200_v1,sdm_real_0000__phonefact_g711_ulaw,0.99969482421875,1
phone_factorial_1200_v1,sdm_real_0000__phonefact_g726_24k,0.9991945624351501,1
phone_factorial_1200_v1,sdm_real_0000__phonefact_opus_nb_8k,0.9952570796012878,1
phone_factorial_1200_v1,sdm_real_0001__phonefact_resample8k,0.998267650604248,1
phone_factorial_1200_v1,sdm_real_0001__phonefact_g711_ulaw,0.9999289512634277,1
phone_factorial_1200_v1,sdm_real_0001__phonefact_g726_24k,0.9998264908790588,1
phone_factorial_1200_v1,sdm_real_0001__phonefact_opus_nb_8k,0.9995050430297852,1
phone_factorial_1200_v1,sdm_real_0002__phonefact_resample8k,0.9983664155006409,1
phone_factorial_1200_v1,sdm_real_0002__phonefact_g711_ulaw,0.9997157454490662,1
phone_factorial_1200_v1,sdm_real_0002__phonefact_g726_24k,0.9996435642242432,1
phone_factorial_1200_v1,sdm_real_0002__phonefact_opus_nb_8k,0.9993960857391357,1
phone_factorial_1200_v1,sdm_real_0003__phonefact_resample8k,0.9762883186340332,1
phone_factorial_1200_v1,sdm_real_0003__phonefact_g711_ulaw,0.9995288848876953,1
phone_factorial_1200_v1,sdm_real_0003__phonefact_g726_24k,0.9996286630630493,1
phone_factorial_1200_v1,sdm_real_0003__phonefact_opus_nb_8k,0.9969224333763123,1
phone_factorial_1200_v1,sdm_real_0004__phonefact_resample8k,0.9971764087677002,1
phone_factorial_1200_v1,sdm_real_0004__phonefact_g711_ulaw,0.9998452663421631,1
phone_factorial_1200_v1,sdm_real_0004__phonefact_g726_24k,0.9996612071990967,1
phone_factorial_1200_v1,sdm_real_0004__phonefact_opus_nb_8k,0.9993072748184204,1
phone_factorial_1200_v1,sdm_real_0005__phonefact_resample8k,0.9985820055007935,1
phone_factorial_1200_v1,sdm_real_0005__phonefact_g711_ulaw,0.9999449253082275,1
phone_factorial_1200_v1,sdm_real_0005__phonefact_g726_24k,0.9998775720596313,1
phone_factorial_1200_v1,sdm_real_0005__phonefact_opus_nb_8k,0.9995368719100952,1
phone_factorial_1200_v1,sdm_real_0006__phonefact_resample8k,0.9533479809761047,1
phone_factorial_1200_v1,sdm_real_0006__phonefact_g711_ulaw,0.99907386302948,1
phone_factorial_1200_v1,sdm_real_0006__phonefact_g726_24k,0.9985083937644958,1
phone_factorial_1200_v1,sdm_real_0006__phonefact_opus_nb_8k,0.9970040917396545,1
phone_factorial_1200_v1,sdm_real_0007__phonefact_resample8k,0.9932765960693359,1
phone_factorial_1200_v1,sdm_real_0007__phonefact_g711_ulaw,0.9997583031654358,1
phone_factorial_1200_v1,sdm_real_0007__phonefact_g726_24k,0.9996726512908936,1
phone_factorial_1200_v1,sdm_real_0007__phonefact_opus_nb_8k,0.9988248944282532,1
phone_factorial_1200_v1,sdm_real_0008__phonefact_resample8k,0.9894943833351135,1
phone_factorial_1200_v1,sdm_real_0008__phonefact_g711_ulaw,0.996459424495697,1
phone_factorial_1200_v1,sdm_real_0008__phonefact_g726_24k,0.9974247217178345,1
phone_factorial_1200_v1,sdm_real_0008__phonefact_opus_nb_8k,0.9786835312843323,1
phone_factorial_1200_v1,sdm_real_0009__phonefact_resample8k,0.9998888969421387,1
phone_factorial_1200_v1,sdm_real_0009__phonefact_g711_ulaw,0.999963641166687,1
phone_factorial_1200_v1,sdm_real_0009__phonefact_g726_24k,0.9998799562454224,1
phone_factorial_1200_v1,sdm_real_0009__phonefact_opus_nb_8k,0.9998916387557983,1
phone_factorial_1200_v1,sdm_real_0010__phonefact_resample8k,0.99837327003479,1
phone_factorial_1200_v1,sdm_real_0010__phonefact_g711_ulaw,0.9998581409454346,1
phone_factorial_1200_v1,sdm_real_0010__phonefact_g726_24k,0.9995973706245422,1
phone_factorial_1200_v1,sdm_real_0010__phonefact_opus_nb_8k,0.9992634654045105,1
phone_factorial_1200_v1,sdm_real_0011__phonefact_resample8k,0.9972981810569763,1
phone_factorial_1200_v1,sdm_real_0011__phonefact_g711_ulaw,0.9998621940612793,1
phone_factorial_1200_v1,sdm_real_0011__phonefact_g726_24k,0.9996720552444458,1
phone_factorial_1200_v1,sdm_real_0011__phonefact_opus_nb_8k,0.9996060729026794,1
phone_factorial_1200_v1,sdm_real_0012__phonefact_resample8k,0.9215589165687561,1
phone_factorial_1200_v1,sdm_real_0012__phonefact_g711_ulaw,0.6657177209854126,1
phone_factorial_1200_v1,sdm_real_0012__phonefact_g726_24k,0.96635901927948,1
phone_factorial_1200_v1,sdm_real_0012__phonefact_opus_nb_8k,0.996127188205719,1
phone_factorial_1200_v1,sdm_real_0013__phonefact_resample8k,0.9918057918548584,1
phone_factorial_1200_v1,sdm_real_0013__phonefact_g711_ulaw,0.9995338916778564,1
phone_factorial_1200_v1,sdm_real_0013__phonefact_g726_24k,0.9988986253738403,1
phone_factorial_1200_v1,sdm_real_0013__phonefact_opus_nb_8k,0.9988007545471191,1
phone_factorial_1200_v1,sdm_real_0014__phonefact_resample8k,0.9997748732566833,1
phone_factorial_1200_v1,sdm_real_0014__phonefact_g711_ulaw,0.9995285272598267,1
phone_factorial_1200_v1,sdm_real_0014__phonefact_g726_24k,0.9988774657249451,1
phone_factorial_1200_v1,sdm_real_0014__phonefact_opus_nb_8k,0.9991206526756287,1
phone_factorial_1200_v1,sdm_real_0015__phonefact_resample8k,0.9996187686920166,1
phone_factorial_1200_v1,sdm_real_0015__phonefact_g711_ulaw,0.9999914169311523,1
phone_factorial_1200_v1,sdm_real_0015__phonefact_g726_24k,0.9999678134918213,1
phone_factorial_1200_v1,sdm_real_0015__phonefact_opus_nb_8k,0.9998633861541748,1
phone_factorial_1200_v1,sdm_real_0016__phonefact_resample8k,0.999906063079834,1
phone_factorial_1200_v1,sdm_real_0016__phonefact_g711_ulaw,0.9999648332595825,1
phone_factorial_1200_v1,sdm_real_0016__phonefact_g726_24k,0.9990934133529663,1
phone_factorial_1200_v1,sdm_real_0016__phonefact_opus_nb_8k,0.9999299049377441,1
phone_factorial_1200_v1,sdm_real_0017__phonefact_resample8k,0.9982011318206787,1
phone_factorial_1200_v1,sdm_real_0017__phonefact_g711_ulaw,0.9997400641441345,1
phone_factorial_1200_v1,sdm_real_0017__phonefact_g726_24k,0.9995576739311218,1
phone_factorial_1200_v1,sdm_real_0017__phonefact_opus_nb_8k,0.9992941617965698,1
phone_factorial_1200_v1,sdm_real_0018__phonefact_resample8k,0.910323977470398,1
phone_factorial_1200_v1,sdm_real_0018__phonefact_g711_ulaw,0.9999053478240967,1
phone_factorial_1200_v1,sdm_real_0018__phonefact_g726_24k,0.9989088773727417,1
phone_factorial_1200_v1,sdm_real_0018__phonefact_opus_nb_8k,0.9985156655311584,1
phone_factorial_1200_v1,sdm_real_0019__phonefact_resample8k,0.9966636300086975,1
phone_factorial_1200_v1,sdm_real_0019__phonefact_g711_ulaw,0.9998550415039062,1
phone_factorial_1200_v1,sdm_real_0019__phonefact_g726_24k,0.9997391104698181,1
phone_factorial_1200_v1,sdm_real_0019__phonefact_opus_nb_8k,0.9993543028831482,1
phone_factorial_1200_v1,sdm_real_0020__phonefact_resample8k,0.9898069500923157,1
phone_factorial_1200_v1,sdm_real_0020__phonefact_g711_ulaw,0.9995703101158142,1
phone_factorial_1200_v1,sdm_real_0020__phonefact_g726_24k,0.9995149374008179,1
phone_factorial_1200_v1,sdm_real_0020__phonefact_opus_nb_8k,0.9963746666908264,1
phone_factorial_1200_v1,sdm_real_0021__phonefact_resample8k,0.9999911785125732,1
phone_factorial_1200_v1,sdm_real_0021__phonefact_g711_ulaw,0.9999603033065796,1
phone_factorial_1200_v1,sdm_real_0021__phonefact_g726_24k,0.9998044371604919,1
phone_factorial_1200_v1,sdm_real_0021__phonefact_opus_nb_8k,0.9999395608901978,1
phone_factorial_1200_v1,sdm_real_0022__phonefact_resample8k,0.9995524287223816,1
phone_factorial_1200_v1,sdm_real_0022__phonefact_g711_ulaw,0.9998488426208496,1
phone_factorial_1200_v1,sdm_real_0022__phonefact_g726_24k,0.9981766939163208,1
phone_factorial_1200_v1,sdm_real_0022__phonefact_opus_nb_8k,0.9996145963668823,1
phone_factorial_1200_v1,sdm_real_0023__phonefact_resample8k,0.9996141195297241,1
phone_factorial_1200_v1,sdm_real_0023__phonefact_g711_ulaw,0.9999737739562988,1
phone_factorial_1200_v1,sdm_real_0023__phonefact_g726_24k,0.9994031190872192,1
phone_factorial_1200_v1,sdm_real_0023__phonefact_opus_nb_8k,0.9996421337127686,1
phone_factorial_1200_v1,sdm_real_0024__phonefact_resample8k,0.9990123510360718,1
phone_factorial_1200_v1,sdm_real_0024__phonefact_g711_ulaw,0.9999923706054688,1
phone_factorial_1200_v1,sdm_real_0024__phonefact_g726_24k,0.9999681711196899,1
phone_factorial_1200_v1,sdm_real_0024__phonefact_opus_nb_8k,0.9998037219047546,1
phone_factorial_1200_v1,sdm_real_0025__phonefact_resample8k,0.9972198009490967,1
phone_factorial_1200_v1,sdm_real_0025__phonefact_g711_ulaw,0.9999470710754395,1
phone_factorial_1200_v1,sdm_real_0025__phonefact_g726_24k,0.999860405921936,1
phone_factorial_1200_v1,sdm_real_0025__phonefact_opus_nb_8k,0.9994493126869202,1
phone_factorial_1200_v1,sdm_real_0026__phonefact_resample8k,0.9986169338226318,1
phone_factorial_1200_v1,sdm_real_0026__phonefact_g711_ulaw,0.9997912049293518,1
phone_factorial_1200_v1,sdm_real_0026__phonefact_g726_24k,0.9993948936462402,1
phone_factorial_1200_v1,sdm_real_0026__phonefact_opus_nb_8k,0.9994989633560181,1
phone_factorial_1200_v1,sdm_real_0027__phonefact_resample8k,0.9990391731262207,1
phone_factorial_1200_v1,sdm_real_0027__phonefact_g711_ulaw,0.9998704195022583,1
phone_factorial_1200_v1,sdm_real_0027__phonefact_g726_24k,0.9998553991317749,1
phone_factorial_1200_v1,sdm_real_0027__phonefact_opus_nb_8k,0.9992806315422058,1
phone_factorial_1200_v1,sdm_real_0028__phonefact_resample8k,0.9968992471694946,1
phone_factorial_1200_v1,sdm_real_0028__phonefact_g711_ulaw,0.9955806136131287,1
phone_factorial_1200_v1,sdm_real_0028__phonefact_g726_24k,0.9962280988693237,1
phone_factorial_1200_v1,sdm_real_0028__phonefact_opus_nb_8k,0.9987971782684326,1
phone_factorial_1200_v1,sdm_real_0029__phonefact_resample8k,0.9977801442146301,1
phone_factorial_1200_v1,sdm_real_0029__phonefact_g711_ulaw,0.9994661211967468,1
phone_factorial_1200_v1,sdm_real_0029__phonefact_g726_24k,0.9990027546882629,1
phone_factorial_1200_v1,sdm_real_0029__phonefact_opus_nb_8k,0.9995238780975342,1
phone_factorial_1200_v1,sdm_real_0030__phonefact_resample8k,0.9942092895507812,1
phone_factorial_1200_v1,sdm_real_0030__phonefact_g711_ulaw,0.999967098236084,1
phone_factorial_1200_v1,sdm_real_0030__phonefact_g726_24k,0.9998860359191895,1
phone_factorial_1200_v1,sdm_real_0030__phonefact_opus_nb_8k,0.9992713332176208,1
phone_factorial_1200_v1,sdm_real_0031__phonefact_resample8k,0.9996479749679565,1
phone_factorial_1200_v1,sdm_real_0031__phonefact_g711_ulaw,0.9999556541442871,1
phone_factorial_1200_v1,sdm_real_0031__phonefact_g726_24k,0.9998719692230225,1
phone_factorial_1200_v1,sdm_real_0031__phonefact_opus_nb_8k,0.9998258948326111,1
phone_factorial_1200_v1,sdm_real_0032__phonefact_resample8k,0.996758759021759,1
phone_factorial_1200_v1,sdm_real_0032__phonefact_g711_ulaw,0.9999148845672607,1
phone_factorial_1200_v1,sdm_real_0032__phonefact_g726_24k,0.9997790455818176,1
phone_factorial_1200_v1,sdm_real_0032__phonefact_opus_nb_8k,0.9995718598365784,1
phone_factorial_1200_v1,sdm_real_0033__phonefact_resample8k,0.9996777772903442,1
phone_factorial_1200_v1,sdm_real_0033__phonefact_g711_ulaw,0.9999798536300659,1
phone_factorial_1200_v1,sdm_real_0033__phonefact_g726_24k,0.9997498393058777,1
phone_factorial_1200_v1,sdm_real_0033__phonefact_opus_nb_8k,0.9994122982025146,1
phone_factorial_1200_v1,sdm_real_0034__phonefact_resample8k,0.9970556497573853,1
phone_factorial_1200_v1,sdm_real_0034__phonefact_g711_ulaw,0.9999098777770996,1
phone_factorial_1200_v1,sdm_real_0034__phonefact_g726_24k,0.9996834993362427,1
phone_factorial_1200_v1,sdm_real_0034__phonefact_opus_nb_8k,0.9993502497673035,1
phone_factorial_1200_v1,sdm_real_0035__phonefact_resample8k,0.9971925616264343,1
phone_factorial_1200_v1,sdm_real_0035__phonefact_g711_ulaw,0.9999215602874756,1
phone_factorial_1200_v1,sdm_real_0035__phonefact_g726_24k,0.9997839331626892,1
phone_factorial_1200_v1,sdm_real_0035__phonefact_opus_nb_8k,0.9997170567512512,1
phone_factorial_1200_v1,sdm_real_0036__phonefact_resample8k,0.9998912811279297,1
phone_factorial_1200_v1,sdm_real_0036__phonefact_g711_ulaw,0.9999431371688843,1
phone_factorial_1200_v1,sdm_real_0036__phonefact_g726_24k,0.9998477697372437,1
phone_factorial_1200_v1,sdm_real_0036__phonefact_opus_nb_8k,0.9998869895935059,1
phone_factorial_1200_v1,sdm_real_0037__phonefact_resample8k,0.9983764886856079,1
phone_factorial_1200_v1,sdm_real_0037__phonefact_g711_ulaw,0.999840497970581,1
phone_factorial_1200_v1,sdm_real_0037__phonefact_g726_24k,0.9998100399971008,1
phone_factorial_1200_v1,sdm_real_0037__phonefact_opus_nb_8k,0.9998500347137451,1
phone_factorial_1200_v1,sdm_real_0038__phonefact_resample8k,0.9999809265136719,1
phone_factorial_1200_v1,sdm_real_0038__phonefact_g711_ulaw,0.9999802112579346,1
phone_factorial_1200_v1,sdm_real_0038__phonefact_g726_24k,0.9999544620513916,1
phone_factorial_1200_v1,sdm_real_0038__phonefact_opus_nb_8k,0.9999045133590698,1
phone_factorial_1200_v1,sdm_real_0039__phonefact_resample8k,0.998210072517395,1
phone_factorial_1200_v1,sdm_real_0039__phonefact_g711_ulaw,0.9999417066574097,1
phone_factorial_1200_v1,sdm_real_0039__phonefact_g726_24k,0.9997908473014832,1
phone_factorial_1200_v1,sdm_real_0039__phonefact_opus_nb_8k,0.9995526671409607,1
phone_factorial_1200_v1,sdm_real_0040__phonefact_resample8k,0.9957874417304993,1
phone_factorial_1200_v1,sdm_real_0040__phonefact_g711_ulaw,0.9996432065963745,1
phone_factorial_1200_v1,sdm_real_0040__phonefact_g726_24k,0.9992252588272095,1
phone_factorial_1200_v1,sdm_real_0040__phonefact_opus_nb_8k,0.9994139671325684,1
phone_factorial_1200_v1,sdm_real_0041__phonefact_resample8k,0.9968127608299255,1
phone_factorial_1200_v1,sdm_real_0041__phonefact_g711_ulaw,0.9998084902763367,1
phone_factorial_1200_v1,sdm_real_0041__phonefact_g726_24k,0.9995977282524109,1
phone_factorial_1200_v1,sdm_real_0041__phonefact_opus_nb_8k,0.9969854950904846,1
phone_factorial_1200_v1,sdm_real_0042__phonefact_resample8k,0.9944173097610474,1
phone_factorial_1200_v1,sdm_real_0042__phonefact_g711_ulaw,0.9990317821502686,1
phone_factorial_1200_v1,sdm_real_0042__phonefact_g726_24k,0.9983587861061096,1
phone_factorial_1200_v1,sdm_real_0042__phonefact_opus_nb_8k,0.9988508224487305,1
phone_factorial_1200_v1,sdm_real_0043__phonefact_resample8k,0.9960576295852661,1
phone_factorial_1200_v1,sdm_real_0043__phonefact_g711_ulaw,0.9998910427093506,1
phone_factorial_1200_v1,sdm_real_0043__phonefact_g726_24k,0.9997466206550598,1
phone_factorial_1200_v1,sdm_real_0043__phonefact_opus_nb_8k,0.9997734427452087,1
phone_factorial_1200_v1,sdm_real_0044__phonefact_resample8k,0.9899898767471313,1
phone_factorial_1200_v1,sdm_real_0044__phonefact_g711_ulaw,0.9998946189880371,1
phone_factorial_1200_v1,sdm_real_0044__phonefact_g726_24k,0.9993675351142883,1
phone_factorial_1200_v1,sdm_real_0044__phonefact_opus_nb_8k,0.9990278482437134,1
phone_factorial_1200_v1,sdm_real_0045__phonefact_resample8k,0.6475014090538025,1
phone_factorial_1200_v1,sdm_real_0045__phonefact_g711_ulaw,0.9995761513710022,1
phone_factorial_1200_v1,sdm_real_0045__phonefact_g726_24k,0.9993321299552917,1
phone_factorial_1200_v1,sdm_real_0045__phonefact_opus_nb_8k,0.9986705780029297,1
phone_factorial_1200_v1,sdm_real_0046__phonefact_resample8k,0.9954795837402344,1
phone_factorial_1200_v1,sdm_real_0046__phonefact_g711_ulaw,0.9998451471328735,1
phone_factorial_1200_v1,sdm_real_0046__phonefact_g726_24k,0.9997137188911438,1
phone_factorial_1200_v1,sdm_real_0046__phonefact_opus_nb_8k,0.9995452761650085,1
phone_factorial_1200_v1,sdm_real_0047__phonefact_resample8k,0.9945518374443054,1
phone_factorial_1200_v1,sdm_real_0047__phonefact_g711_ulaw,0.999922513961792,1
phone_factorial_1200_v1,sdm_real_0047__phonefact_g726_24k,0.9998169541358948,1
phone_factorial_1200_v1,sdm_real_0047__phonefact_opus_nb_8k,0.9991194605827332,1
phone_factorial_1200_v1,sdm_real_0048__phonefact_resample8k,0.9911549091339111,1
phone_factorial_1200_v1,sdm_real_0048__phonefact_g711_ulaw,0.9999561309814453,1
phone_factorial_1200_v1,sdm_real_0048__phonefact_g726_24k,0.9998681545257568,1
phone_factorial_1200_v1,sdm_real_0048__phonefact_opus_nb_8k,0.9988136291503906,1
phone_factorial_1200_v1,sdm_real_0049__phonefact_resample8k,0.6691914796829224,1
phone_factorial_1200_v1,sdm_real_0049__phonefact_g711_ulaw,0.9998843669891357,1
phone_factorial_1200_v1,sdm_real_0049__phonefact_g726_24k,0.9993420243263245,1
phone_factorial_1200_v1,sdm_real_0049__phonefact_opus_nb_8k,0.9994977712631226,1
phone_factorial_1200_v1,sdm_fake_0000__phonefact_resample8k,0.9988449811935425,1
phone_factorial_1200_v1,sdm_fake_0000__phonefact_g711_ulaw,0.9998571872711182,1
phone_factorial_1200_v1,sdm_fake_0000__phonefact_g726_24k,0.9997406601905823,1
phone_factorial_1200_v1,sdm_fake_0000__phonefact_opus_nb_8k,0.9990052580833435,1
phone_factorial_1200_v1,sdm_fake_0001__phonefact_resample8k,0.9953580498695374,1
phone_factorial_1200_v1,sdm_fake_0001__phonefact_g711_ulaw,0.9996594190597534,1
phone_factorial_1200_v1,sdm_fake_0001__phonefact_g726_24k,0.9993557333946228,1
phone_factorial_1200_v1,sdm_fake_0001__phonefact_opus_nb_8k,0.9991320967674255,1
phone_factorial_1200_v1,sdm_fake_0002__phonefact_resample8k,0.9968084692955017,1
phone_factorial_1200_v1,sdm_fake_0002__phonefact_g711_ulaw,0.9999610185623169,1
phone_factorial_1200_v1,sdm_fake_0002__phonefact_g726_24k,0.9998992681503296,1
phone_factorial_1200_v1,sdm_fake_0002__phonefact_opus_nb_8k,0.9995299577713013,1
phone_factorial_1200_v1,sdm_fake_0003__phonefact_resample8k,0.9991419315338135,1
phone_factorial_1200_v1,sdm_fake_0003__phonefact_g711_ulaw,0.9998014569282532,1
phone_factorial_1200_v1,sdm_fake_0003__phonefact_g726_24k,0.9994179010391235,1
phone_factorial_1200_v1,sdm_fake_0003__phonefact_opus_nb_8k,0.9986439347267151,1
phone_factorial_1200_v1,sdm_fake_0004__phonefact_resample8k,0.9925861954689026,1
phone_factorial_1200_v1,sdm_fake_0004__phonefact_g711_ulaw,0.9998277425765991,1
phone_factorial_1200_v1,sdm_fake_0004__phonefact_g726_24k,0.9996054768562317,1
phone_factorial_1200_v1,sdm_fake_0004__phonefact_opus_nb_8k,0.9989259839057922,1
phone_factorial_1200_v1,sdm_fake_0005__phonefact_resample8k,0.9536524415016174,1
phone_factorial_1200_v1,sdm_fake_0005__phonefact_g711_ulaw,0.9993208646774292,1
phone_factorial_1200_v1,sdm_fake_0005__phonefact_g726_24k,0.9989339709281921,1
phone_factorial_1200_v1,sdm_fake_0005__phonefact_opus_nb_8k,0.9990297555923462,1
phone_factorial_1200_v1,sdm_fake_0006__phonefact_resample8k,0.9985407590866089,1
phone_factorial_1200_v1,sdm_fake_0006__phonefact_g711_ulaw,0.9999164342880249,1
phone_factorial_1200_v1,sdm_fake_0006__phonefact_g726_24k,0.9997701048851013,1
phone_factorial_1200_v1,sdm_fake_0006__phonefact_opus_nb_8k,0.9993849992752075,1
phone_factorial_1200_v1,sdm_fake_0007__phonefact_resample8k,0.9894070029258728,1
phone_factorial_1200_v1,sdm_fake_0007__phonefact_g711_ulaw,0.9987140893936157,1
phone_factorial_1200_v1,sdm_fake_0007__phonefact_g726_24k,0.9986555576324463,1
phone_factorial_1200_v1,sdm_fake_0007__phonefact_opus_nb_8k,0.9980278611183167,1
phone_factorial_1200_v1,sdm_fake_0008__phonefact_resample8k,0.9982446432113647,1
phone_factorial_1200_v1,sdm_fake_0008__phonefact_g711_ulaw,0.9999896287918091,1
phone_factorial_1200_v1,sdm_fake_0008__phonefact_g726_24k,0.9999624490737915,1
phone_factorial_1200_v1,sdm_fake_0008__phonefact_opus_nb_8k,0.9994521737098694,1
phone_factorial_1200_v1,sdm_fake_0009__phonefact_resample8k,0.9190256595611572,1
phone_factorial_1200_v1,sdm_fake_0009__phonefact_g711_ulaw,0.997351884841919,1
phone_factorial_1200_v1,sdm_fake_0009__phonefact_g726_24k,0.997322142124176,1
phone_factorial_1200_v1,sdm_fake_0009__phonefact_opus_nb_8k,0.9959164261817932,1
phone_factorial_1200_v1,sdm_fake_0010__phonefact_resample8k,0.994964599609375,1
phone_factorial_1200_v1,sdm_fake_0010__phonefact_g711_ulaw,0.9999518394470215,1
phone_factorial_1200_v1,sdm_fake_0010__phonefact_g726_24k,0.9998829364776611,1
phone_factorial_1200_v1,sdm_fake_0010__phonefact_opus_nb_8k,0.9995883107185364,1
phone_factorial_1200_v1,sdm_fake_0011__phonefact_resample8k,0.8628714084625244,1
phone_factorial_1200_v1,sdm_fake_0011__phonefact_g711_ulaw,0.9987863898277283,1
phone_factorial_1200_v1,sdm_fake_0011__phonefact_g726_24k,0.9983236193656921,1
phone_factorial_1200_v1,sdm_fake_0011__phonefact_opus_nb_8k,0.9974857568740845,1
phone_factorial_1200_v1,sdm_fake_0012__phonefact_resample8k,0.9987775683403015,1
phone_factorial_1200_v1,sdm_fake_0012__phonefact_g711_ulaw,0.9988555908203125,1
phone_factorial_1200_v1,sdm_fake_0012__phonefact_g726_24k,0.9973504543304443,1
phone_factorial_1200_v1,sdm_fake_0012__phonefact_opus_nb_8k,0.9988678693771362,1
phone_factorial_1200_v1,sdm_fake_0013__phonefact_resample8k,0.9790183305740356,1
phone_factorial_1200_v1,sdm_fake_0013__phonefact_g711_ulaw,0.9999077320098877,1
phone_factorial_1200_v1,sdm_fake_0013__phonefact_g726_24k,0.9998897314071655,1
phone_factorial_1200_v1,sdm_fake_0013__phonefact_opus_nb_8k,0.9994611144065857,1
phone_factorial_1200_v1,sdm_fake_0014__phonefact_resample8k,0.9995111227035522,1
phone_factorial_1200_v1,sdm_fake_0014__phonefact_g711_ulaw,0.9999529123306274,1
phone_factorial_1200_v1,sdm_fake_0014__phonefact_g726_24k,0.9998528957366943,1
phone_factorial_1200_v1,sdm_fake_0014__phonefact_opus_nb_8k,0.99970942735672,1
phone_factorial_1200_v1,sdm_fake_0015__phonefact_resample8k,0.9876134395599365,1
phone_factorial_1200_v1,sdm_fake_0015__phonefact_g711_ulaw,0.9998892545700073,1
phone_factorial_1200_v1,sdm_fake_0015__phonefact_g726_24k,0.9996894598007202,1
phone_factorial_1200_v1,sdm_fake_0015__phonefact_opus_nb_8k,0.9996020197868347,1
phone_factorial_1200_v1,sdm_fake_0016__phonefact_resample8k,0.9949104189872742,1
phone_factorial_1200_v1,sdm_fake_0016__phonefact_g711_ulaw,0.9999663829803467,1
phone_factorial_1200_v1,sdm_fake_0016__phonefact_g726_24k,0.9998842477798462,1
phone_factorial_1200_v1,sdm_fake_0016__phonefact_opus_nb_8k,0.9991901516914368,1
phone_factorial_1200_v1,sdm_fake_0017__phonefact_resample8k,0.9961853623390198,1
phone_factorial_1200_v1,sdm_fake_0017__phonefact_g711_ulaw,0.999821126461029,1
phone_factorial_1200_v1,sdm_fake_0017__phonefact_g726_24k,0.9994294047355652,1
phone_factorial_1200_v1,sdm_fake_0017__phonefact_opus_nb_8k,0.9995827078819275,1
phone_factorial_1200_v1,sdm_fake_0018__phonefact_resample8k,0.9871521592140198,1
phone_factorial_1200_v1,sdm_fake_0018__phonefact_g711_ulaw,0.9998161196708679,1
phone_factorial_1200_v1,sdm_fake_0018__phonefact_g726_24k,0.9996752738952637,1
phone_factorial_1200_v1,sdm_fake_0018__phonefact_opus_nb_8k,0.99979168176651,1
phone_factorial_1200_v1,sdm_fake_0019__phonefact_resample8k,0.9966784715652466,1
phone_factorial_1200_v1,sdm_fake_0019__phonefact_g711_ulaw,0.999882698059082,1
phone_factorial_1200_v1,sdm_fake_0019__phonefact_g726_24k,0.9997217059135437,1
phone_factorial_1200_v1,sdm_fake_0019__phonefact_opus_nb_8k,0.9994514584541321,1
phone_factorial_1200_v1,sdm_fake_0020__phonefact_resample8k,0.9932591915130615,1
phone_factorial_1200_v1,sdm_fake_0020__phonefact_g711_ulaw,0.9999691247940063,1
phone_factorial_1200_v1,sdm_fake_0020__phonefact_g726_24k,0.9999316930770874,1
phone_factorial_1200_v1,sdm_fake_0020__phonefact_opus_nb_8k,0.9990211725234985,1
phone_factorial_1200_v1,sdm_fake_0021__phonefact_resample8k,0.9966519474983215,1
phone_factorial_1200_v1,sdm_fake_0021__phonefact_g711_ulaw,0.9998984336853027,1
phone_factorial_1200_v1,sdm_fake_0021__phonefact_g726_24k,0.9997585415840149,1
phone_factorial_1200_v1,sdm_fake_0021__phonefact_opus_nb_8k,0.9996702671051025,1
phone_factorial_1200_v1,sdm_fake_0022__phonefact_resample8k,0.99435955286026,1
phone_factorial_1200_v1,sdm_fake_0022__phonefact_g711_ulaw,0.9999158382415771,1
phone_factorial_1200_v1,sdm_fake_0022__phonefact_g726_24k,0.9997755885124207,1
phone_factorial_1200_v1,sdm_fake_0022__phonefact_opus_nb_8k,0.9990336894989014,1
phone_factorial_1200_v1,sdm_fake_0023__phonefact_resample8k,0.9973438382148743,1
phone_factorial_1200_v1,sdm_fake_0023__phonefact_g711_ulaw,0.9995203018188477,1
phone_factorial_1200_v1,sdm_fake_0023__phonefact_g726_24k,0.999029278755188,1
phone_factorial_1200_v1,sdm_fake_0023__phonefact_opus_nb_8k,0.9980543851852417,1
phone_factorial_1200_v1,sdm_fake_0024__phonefact_resample8k,0.9980929493904114,1
phone_factorial_1200_v1,sdm_fake_0024__phonefact_g711_ulaw,0.9999552965164185,1
phone_factorial_1200_v1,sdm_fake_0024__phonefact_g726_24k,0.9998880624771118,1
phone_factorial_1200_v1,sdm_fake_0024__phonefact_opus_nb_8k,0.9995926022529602,1
phone_factorial_1200_v1,sdm_fake_0025__phonefact_resample8k,0.9993139505386353,1
phone_factorial_1200_v1,sdm_fake_0025__phonefact_g711_ulaw,0.9999842643737793,1
phone_factorial_1200_v1,sdm_fake_0025__phonefact_g726_24k,0.9999220371246338,1
phone_factorial_1200_v1,sdm_fake_0025__phonefact_opus_nb_8k,0.999702513217926,1
phone_factorial_1200_v1,sdm_fake_0026__phonefact_resample8k,0.9964140057563782,1
phone_factorial_1200_v1,sdm_fake_0026__phonefact_g711_ulaw,0.9998878240585327,1
phone_factorial_1200_v1,sdm_fake_0026__phonefact_g726_24k,0.9998124241828918,1
phone_factorial_1200_v1,sdm_fake_0026__phonefact_opus_nb_8k,0.9992424249649048,1
phone_factorial_1200_v1,sdm_fake_0027__phonefact_resample8k,0.9887810945510864,1
phone_factorial_1200_v1,sdm_fake_0027__phonefact_g711_ulaw,0.9968564510345459,1
phone_factorial_1200_v1,sdm_fake_0027__phonefact_g726_24k,0.9975886344909668,1
phone_factorial_1200_v1,sdm_fake_0027__phonefact_opus_nb_8k,0.9930619597434998,1
phone_factorial_1200_v1,sdm_fake_0028__phonefact_resample8k,0.9672187566757202,1
phone_factorial_1200_v1,sdm_fake_0028__phonefact_g711_ulaw,0.999482274055481,1
phone_factorial_1200_v1,sdm_fake_0028__phonefact_g726_24k,0.9990459084510803,1
phone_factorial_1200_v1,sdm_fake_0028__phonefact_opus_nb_8k,0.9976553916931152,1
phone_factorial_1200_v1,sdm_fake_0029__phonefact_resample8k,0.9661871790885925,1
phone_factorial_1200_v1,sdm_fake_0029__phonefact_g711_ulaw,0.9988111257553101,1
phone_factorial_1200_v1,sdm_fake_0029__phonefact_g726_24k,0.9982752799987793,1
phone_factorial_1200_v1,sdm_fake_0029__phonefact_opus_nb_8k,0.997957706451416,1
phone_factorial_1200_v1,sdm_fake_0030__phonefact_resample8k,0.9969358444213867,1
phone_factorial_1200_v1,sdm_fake_0030__phonefact_g711_ulaw,0.9999485015869141,1
phone_factorial_1200_v1,sdm_fake_0030__phonefact_g726_24k,0.9996318817138672,1
phone_factorial_1200_v1,sdm_fake_0030__phonefact_opus_nb_8k,0.9997424483299255,1
phone_factorial_1200_v1,sdm_fake_0031__phonefact_resample8k,0.983444333076477,1
phone_factorial_1200_v1,sdm_fake_0031__phonefact_g711_ulaw,0.9996429681777954,1
phone_factorial_1200_v1,sdm_fake_0031__phonefact_g726_24k,0.9993489384651184,1
phone_factorial_1200_v1,sdm_fake_0031__phonefact_opus_nb_8k,0.9978717565536499,1
phone_factorial_1200_v1,sdm_fake_0032__phonefact_resample8k,0.9996205568313599,1
phone_factorial_1200_v1,sdm_fake_0032__phonefact_g711_ulaw,0.9999538660049438,1
phone_factorial_1200_v1,sdm_fake_0032__phonefact_g726_24k,0.9996274709701538,1
phone_factorial_1200_v1,sdm_fake_0032__phonefact_opus_nb_8k,0.9998371601104736,1
phone_factorial_1200_v1,sdm_fake_0033__phonefact_resample8k,0.9979439377784729,1
phone_factorial_1200_v1,sdm_fake_0033__phonefact_g711_ulaw,0.9998799562454224,1
phone_factorial_1200_v1,sdm_fake_0033__phonefact_g726_24k,0.9997624754905701,1
phone_factorial_1200_v1,sdm_fake_0033__phonefact_opus_nb_8k,0.9993201494216919,1
phone_factorial_1200_v1,sdm_fake_0034__phonefact_resample8k,0.9947593808174133,1
phone_factorial_1200_v1,sdm_fake_0034__phonefact_g711_ulaw,0.9999635219573975,1
phone_factorial_1200_v1,sdm_fake_0034__phonefact_g726_24k,0.9999158382415771,1
phone_factorial_1200_v1,sdm_fake_0034__phonefact_opus_nb_8k,0.9998288154602051,1
phone_factorial_1200_v1,sdm_fake_0035__phonefact_resample8k,0.9942839741706848,1
phone_factorial_1200_v1,sdm_fake_0035__phonefact_g711_ulaw,0.9999713897705078,1
phone_factorial_1200_v1,sdm_fake_0035__phonefact_g726_24k,0.9999202489852905,1
phone_factorial_1200_v1,sdm_fake_0035__phonefact_opus_nb_8k,0.9995980858802795,1
phone_factorial_1200_v1,sdm_fake_0036__phonefact_resample8k,0.9980910420417786,1
phone_factorial_1200_v1,sdm_fake_0036__phonefact_g711_ulaw,0.9994465708732605,1
phone_factorial_1200_v1,sdm_fake_0036__phonefact_g726_24k,0.9988887906074524,1
phone_factorial_1200_v1,sdm_fake_0036__phonefact_opus_nb_8k,0.9994062185287476,1
phone_factorial_1200_v1,sdm_fake_0037__phonefact_resample8k,0.9899711012840271,1
phone_factorial_1200_v1,sdm_fake_0037__phonefact_g711_ulaw,0.9992285966873169,1
phone_factorial_1200_v1,sdm_fake_0037__phonefact_g726_24k,0.9984835982322693,1
phone_factorial_1200_v1,sdm_fake_0037__phonefact_opus_nb_8k,0.998570442199707,1
phone_factorial_1200_v1,sdm_fake_0038__phonefact_resample8k,0.9977995753288269,1
phone_factorial_1200_v1,sdm_fake_0038__phonefact_g711_ulaw,0.9999483823776245,1
phone_factorial_1200_v1,sdm_fake_0038__phonefact_g726_24k,0.9998745918273926,1
phone_factorial_1200_v1,sdm_fake_0038__phonefact_opus_nb_8k,0.9997207522392273,1
phone_factorial_1200_v1,sdm_fake_0039__phonefact_resample8k,0.9797590970993042,1
phone_factorial_1200_v1,sdm_fake_0039__phonefact_g711_ulaw,0.9999266862869263,1
phone_factorial_1200_v1,sdm_fake_0039__phonefact_g726_24k,0.9998551607131958,1
phone_factorial_1200_v1,sdm_fake_0039__phonefact_opus_nb_8k,0.9988012313842773,1
phone_factorial_1200_v1,sdm_fake_0040__phonefact_resample8k,0.9996856451034546,1
phone_factorial_1200_v1,sdm_fake_0040__phonefact_g711_ulaw,0.9999512434005737,1
phone_factorial_1200_v1,sdm_fake_0040__phonefact_g726_24k,0.9998769760131836,1
phone_factorial_1200_v1,sdm_fake_0040__phonefact_opus_nb_8k,0.999610960483551,1
phone_factorial_1200_v1,sdm_fake_0041__phonefact_resample8k,0.9973313808441162,1
phone_factorial_1200_v1,sdm_fake_0041__phonefact_g711_ulaw,0.9999711513519287,1
phone_factorial_1200_v1,sdm_fake_0041__phonefact_g726_24k,0.9998944997787476,1
phone_factorial_1200_v1,sdm_fake_0041__phonefact_opus_nb_8k,0.9997637867927551,1
phone_factorial_1200_v1,sdm_fake_0042__phonefact_resample8k,0.900770366191864,1
phone_factorial_1200_v1,sdm_fake_0042__phonefact_g711_ulaw,0.9992678761482239,1
phone_factorial_1200_v1,sdm_fake_0042__phonefact_g726_24k,0.998940646648407,1
phone_factorial_1200_v1,sdm_fake_0042__phonefact_opus_nb_8k,0.9968506693840027,1
phone_factorial_1200_v1,sdm_fake_0043__phonefact_resample8k,0.9816111326217651,1
phone_factorial_1200_v1,sdm_fake_0043__phonefact_g711_ulaw,0.9978253841400146,1
phone_factorial_1200_v1,sdm_fake_0043__phonefact_g726_24k,0.9964993000030518,1
phone_factorial_1200_v1,sdm_fake_0043__phonefact_opus_nb_8k,0.9935094714164734,1
phone_factorial_1200_v1,sdm_fake_0044__phonefact_resample8k,0.9984452128410339,1
phone_factorial_1200_v1,sdm_fake_0044__phonefact_g711_ulaw,0.999984622001648,1
phone_factorial_1200_v1,sdm_fake_0044__phonefact_g726_24k,0.9999388456344604,1
phone_factorial_1200_v1,sdm_fake_0044__phonefact_opus_nb_8k,0.9997512698173523,1
phone_factorial_1200_v1,sdm_fake_0045__phonefact_resample8k,0.8551223874092102,1
phone_factorial_1200_v1,sdm_fake_0045__phonefact_g711_ulaw,0.9996482133865356,1
phone_factorial_1200_v1,sdm_fake_0045__phonefact_g726_24k,0.9995813965797424,1
phone_factorial_1200_v1,sdm_fake_0045__phonefact_opus_nb_8k,0.9987548589706421,1
phone_factorial_1200_v1,sdm_fake_0046__phonefact_resample8k,0.9338126182556152,1
phone_factorial_1200_v1,sdm_fake_0046__phonefact_g711_ulaw,0.9999136924743652,1
phone_factorial_1200_v1,sdm_fake_0046__phonefact_g726_24k,0.9998856782913208,1
phone_factorial_1200_v1,sdm_fake_0046__phonefact_opus_nb_8k,0.9996941089630127,1
phone_factorial_1200_v1,sdm_fake_0047__phonefact_resample8k,0.9991880059242249,1
phone_factorial_1200_v1,sdm_fake_0047__phonefact_g711_ulaw,0.9999570846557617,1
phone_factorial_1200_v1,sdm_fake_0047__phonefact_g726_24k,0.9998929500579834,1
phone_factorial_1200_v1,sdm_fake_0047__phonefact_opus_nb_8k,0.999860405921936,1
phone_factorial_1200_v1,sdm_fake_0048__phonefact_resample8k,0.9977084398269653,1
phone_factorial_1200_v1,sdm_fake_0048__phonefact_g711_ulaw,0.9999109506607056,1
phone_factorial_1200_v1,sdm_fake_0048__phonefact_g726_24k,0.999854564666748,1
phone_factorial_1200_v1,sdm_fake_0048__phonefact_opus_nb_8k,0.9997276663780212,1
phone_factorial_1200_v1,sdm_fake_0049__phonefact_resample8k,0.9962853193283081,1
phone_factorial_1200_v1,sdm_fake_0049__phonefact_g711_ulaw,0.9997228980064392,1
phone_factorial_1200_v1,sdm_fake_0049__phonefact_g726_24k,0.9995661377906799,1
phone_factorial_1200_v1,sdm_fake_0049__phonefact_opus_nb_8k,0.9994787573814392,1
phone_factorial_1200_v1,voice_0000__phonefact_resample8k,0.9852269887924194,1
phone_factorial_1200_v1,voice_0000__phonefact_g711_ulaw,0.9996987581253052,1
phone_factorial_1200_v1,voice_0000__phonefact_g726_24k,0.9997362494468689,1
phone_factorial_1200_v1,voice_0000__phonefact_opus_nb_8k,0.9997535347938538,1
phone_factorial_1200_v1,voice_0001__phonefact_resample8k,0.9894179701805115,1
phone_factorial_1200_v1,voice_0001__phonefact_g711_ulaw,0.9992270469665527,1
phone_factorial_1200_v1,voice_0001__phonefact_g726_24k,0.999496340751648,1
phone_factorial_1200_v1,voice_0001__phonefact_opus_nb_8k,0.9959633350372314,1
phone_factorial_1200_v1,voice_0002__phonefact_resample8k,0.9844730496406555,1
phone_factorial_1200_v1,voice_0002__phonefact_g711_ulaw,0.9992107152938843,1
phone_factorial_1200_v1,voice_0002__phonefact_g726_24k,0.9993020296096802,1
phone_factorial_1200_v1,voice_0002__phonefact_opus_nb_8k,0.9993890523910522,1
phone_factorial_1200_v1,voice_0003__phonefact_resample8k,0.9986031651496887,1
phone_factorial_1200_v1,voice_0003__phonefact_g711_ulaw,0.9999643564224243,1
phone_factorial_1200_v1,voice_0003__phonefact_g726_24k,0.9998569488525391,1
phone_factorial_1200_v1,voice_0003__phonefact_opus_nb_8k,0.9992471933364868,1
phone_factorial_1200_v1,voice_0004__phonefact_resample8k,0.8073948621749878,1
phone_factorial_1200_v1,voice_0004__phonefact_g711_ulaw,0.9986221790313721,1
phone_factorial_1200_v1,voice_0004__phonefact_g726_24k,0.9967707395553589,1
phone_factorial_1200_v1,voice_0004__phonefact_opus_nb_8k,0.9941451549530029,1
phone_factorial_1200_v1,voice_0005__phonefact_resample8k,0.8921773433685303,1
phone_factorial_1200_v1,voice_0005__phonefact_g711_ulaw,0.9980039000511169,1
phone_factorial_1200_v1,voice_0005__phonefact_g726_24k,0.9987609386444092,1
phone_factorial_1200_v1,voice_0005__phonefact_opus_nb_8k,0.9959092140197754,1
phone_factorial_1200_v1,voice_0006__phonefact_resample8k,0.9874089956283569,1
phone_factorial_1200_v1,voice_0006__phonefact_g711_ulaw,0.99980229139328,1
phone_factorial_1200_v1,voice_0006__phonefact_g726_24k,0.9997712969779968,1
phone_factorial_1200_v1,voice_0006__phonefact_opus_nb_8k,0.9989263415336609,1
phone_factorial_1200_v1,voice_0007__phonefact_resample8k,0.9853324294090271,1
phone_factorial_1200_v1,voice_0007__phonefact_g711_ulaw,0.9996059536933899,1
phone_factorial_1200_v1,voice_0007__phonefact_g726_24k,0.999504566192627,1
phone_factorial_1200_v1,voice_0007__phonefact_opus_nb_8k,0.9982251524925232,1
phone_factorial_1200_v1,voice_0008__phonefact_resample8k,0.999402642250061,1
phone_factorial_1200_v1,voice_0008__phonefact_g711_ulaw,0.999966025352478,1
phone_factorial_1200_v1,voice_0008__phonefact_g726_24k,0.9998641014099121,1
phone_factorial_1200_v1,voice_0008__phonefact_opus_nb_8k,0.9997079968452454,1
phone_factorial_1200_v1,voice_0009__phonefact_resample8k,0.999422550201416,1
phone_factorial_1200_v1,voice_0009__phonefact_g711_ulaw,0.9999468326568604,1
phone_factorial_1200_v1,voice_0009__phonefact_g726_24k,0.999830961227417,1
phone_factorial_1200_v1,voice_0009__phonefact_opus_nb_8k,0.9997542500495911,1
phone_factorial_1200_v1,voice_0010__phonefact_resample8k,0.9965819716453552,1
phone_factorial_1200_v1,voice_0010__phonefact_g711_ulaw,0.999798595905304,1
phone_factorial_1200_v1,voice_0010__phonefact_g726_24k,0.9997656941413879,1
phone_factorial_1200_v1,voice_0010__phonefact_opus_nb_8k,0.999278724193573,1
phone_factorial_1200_v1,voice_0011__phonefact_resample8k,0.9904104471206665,1
phone_factorial_1200_v1,voice_0011__phonefact_g711_ulaw,0.9997484087944031,1
phone_factorial_1200_v1,voice_0011__phonefact_g726_24k,0.9992573857307434,1
phone_factorial_1200_v1,voice_0011__phonefact_opus_nb_8k,0.9994745850563049,1
phone_factorial_1200_v1,voice_0012__phonefact_resample8k,0.9918294548988342,1
phone_factorial_1200_v1,voice_0012__phonefact_g711_ulaw,0.9994592070579529,1
phone_factorial_1200_v1,voice_0012__phonefact_g726_24k,0.9996126294136047,1
phone_factorial_1200_v1,voice_0012__phonefact_opus_nb_8k,0.9996167421340942,1
phone_factorial_1200_v1,voice_0013__phonefact_resample8k,0.99918133020401,1
phone_factorial_1200_v1,voice_0013__phonefact_g711_ulaw,0.9999004602432251,1
phone_factorial_1200_v1,voice_0013__phonefact_g726_24k,0.9997661709785461,1
phone_factorial_1200_v1,voice_0013__phonefact_opus_nb_8k,0.9989526271820068,1
phone_factorial_1200_v1,voice_0014__phonefact_resample8k,0.9988468885421753,1
phone_factorial_1200_v1,voice_0014__phonefact_g711_ulaw,0.9999439716339111,1
phone_factorial_1200_v1,voice_0014__phonefact_g726_24k,0.9998204112052917,1
phone_factorial_1200_v1,voice_0014__phonefact_opus_nb_8k,0.9987624883651733,1
phone_factorial_1200_v1,voice_0015__phonefact_resample8k,0.9961546063423157,1
phone_factorial_1200_v1,voice_0015__phonefact_g711_ulaw,0.9999139308929443,1
phone_factorial_1200_v1,voice_0015__phonefact_g726_24k,0.9943603873252869,1
phone_factorial_1200_v1,voice_0015__phonefact_opus_nb_8k,0.9996427297592163,1
phone_factorial_1200_v1,voice_0016__phonefact_resample8k,0.9868871569633484,1
phone_factorial_1200_v1,voice_0016__phonefact_g711_ulaw,0.9998408555984497,1
phone_factorial_1200_v1,voice_0016__phonefact_g726_24k,0.9998156428337097,1
phone_factorial_1200_v1,voice_0016__phonefact_opus_nb_8k,0.9991191029548645,1
phone_factorial_1200_v1,voice_0017__phonefact_resample8k,0.9880358576774597,1
phone_factorial_1200_v1,voice_0017__phonefact_g711_ulaw,0.9995887875556946,1
phone_factorial_1200_v1,voice_0017__phonefact_g726_24k,0.9964314699172974,1
phone_factorial_1200_v1,voice_0017__phonefact_opus_nb_8k,0.9970095157623291,1
phone_factorial_1200_v1,voice_0018__phonefact_resample8k,0.9990932941436768,1
phone_factorial_1200_v1,voice_0018__phonefact_g711_ulaw,0.9998871088027954,1
phone_factorial_1200_v1,voice_0018__phonefact_g726_24k,0.999567449092865,1
phone_factorial_1200_v1,voice_0018__phonefact_opus_nb_8k,0.9992325305938721,1
phone_factorial_1200_v1,voice_0019__phonefact_resample8k,0.9794216156005859,1
phone_factorial_1200_v1,voice_0019__phonefact_g711_ulaw,0.9993966817855835,1
phone_factorial_1200_v1,voice_0019__phonefact_g726_24k,0.9994372725486755,1
phone_factorial_1200_v1,voice_0019__phonefact_opus_nb_8k,0.9963772892951965,1
phone_factorial_1200_v1,voice_0020__phonefact_resample8k,0.9555761218070984,1
phone_factorial_1200_v1,voice_0020__phonefact_g711_ulaw,0.9985376596450806,1
phone_factorial_1200_v1,voice_0020__phonefact_g726_24k,0.9978851675987244,1
phone_factorial_1200_v1,voice_0020__phonefact_opus_nb_8k,0.9927858114242554,1
phone_factorial_1200_v1,voice_0021__phonefact_resample8k,0.9779882431030273,1
phone_factorial_1200_v1,voice_0021__phonefact_g711_ulaw,0.9985833168029785,1
phone_factorial_1200_v1,voice_0021__phonefact_g726_24k,0.9984217882156372,1
phone_factorial_1200_v1,voice_0021__phonefact_opus_nb_8k,0.9894809722900391,1
phone_factorial_1200_v1,voice_0022__phonefact_resample8k,0.9737340807914734,1
phone_factorial_1200_v1,voice_0022__phonefact_g711_ulaw,0.9993155002593994,1
phone_factorial_1200_v1,voice_0022__phonefact_g726_24k,0.9997912049293518,1
phone_factorial_1200_v1,voice_0022__phonefact_opus_nb_8k,0.9992002844810486,1
phone_factorial_1200_v1,voice_0023__phonefact_resample8k,0.9984058737754822,1
phone_factorial_1200_v1,voice_0023__phonefact_g711_ulaw,0.9998811483383179,1
phone_factorial_1200_v1,voice_0023__phonefact_g726_24k,0.9994997978210449,1
phone_factorial_1200_v1,voice_0023__phonefact_opus_nb_8k,0.9995540976524353,1
phone_factorial_1200_v1,voice_0024__phonefact_resample8k,0.8309404253959656,1
phone_factorial_1200_v1,voice_0024__phonefact_g711_ulaw,0.9994310736656189,1
phone_factorial_1200_v1,voice_0024__phonefact_g726_24k,0.9994997978210449,1
phone_factorial_1200_v1,voice_0024__phonefact_opus_nb_8k,0.9985581040382385,1
phone_factorial_1200_v1,voice_0025__phonefact_resample8k,0.9827117323875427,1
phone_factorial_1200_v1,voice_0025__phonefact_g711_ulaw,0.9993433356285095,1
phone_factorial_1200_v1,voice_0025__phonefact_g726_24k,0.9992807507514954,1
phone_factorial_1200_v1,voice_0025__phonefact_opus_nb_8k,0.9988119602203369,1
phone_factorial_1200_v1,voice_0026__phonefact_resample8k,0.9985491633415222,1
phone_factorial_1200_v1,voice_0026__phonefact_g711_ulaw,0.9997790455818176,1
phone_factorial_1200_v1,voice_0026__phonefact_g726_24k,0.9996306896209717,1
phone_factorial_1200_v1,voice_0026__phonefact_opus_nb_8k,0.9984058737754822,1
phone_factorial_1200_v1,voice_0027__phonefact_resample8k,0.9856576323509216,1
phone_factorial_1200_v1,voice_0027__phonefact_g711_ulaw,0.9996438026428223,1
phone_factorial_1200_v1,voice_0027__phonefact_g726_24k,0.9989450573921204,1
phone_factorial_1200_v1,voice_0027__phonefact_opus_nb_8k,0.9985859394073486,1
phone_factorial_1200_v1,voice_0028__phonefact_resample8k,0.7597285509109497,1
phone_factorial_1200_v1,voice_0028__phonefact_g711_ulaw,0.9917460680007935,1
phone_factorial_1200_v1,voice_0028__phonefact_g726_24k,0.9968613386154175,1
phone_factorial_1200_v1,voice_0028__phonefact_opus_nb_8k,0.9974053502082825,1
phone_factorial_1200_v1,voice_0029__phonefact_resample8k,0.9836511015892029,1
phone_factorial_1200_v1,voice_0029__phonefact_g711_ulaw,0.9997197985649109,1
phone_factorial_1200_v1,voice_0029__phonefact_g726_24k,0.9990494847297668,1
phone_factorial_1200_v1,voice_0029__phonefact_opus_nb_8k,0.9986425042152405,1
phone_factorial_1200_v1,voice_0030__phonefact_resample8k,0.994728147983551,1
phone_factorial_1200_v1,voice_0030__phonefact_g711_ulaw,0.9998611211776733,1
phone_factorial_1200_v1,voice_0030__phonefact_g726_24k,0.9994339346885681,1
phone_factorial_1200_v1,voice_0030__phonefact_opus_nb_8k,0.999630331993103,1
phone_factorial_1200_v1,voice_0031__phonefact_resample8k,0.932493269443512,1
phone_factorial_1200_v1,voice_0031__phonefact_g711_ulaw,0.9993957281112671,1
phone_factorial_1200_v1,voice_0031__phonefact_g726_24k,0.9932906627655029,1
phone_factorial_1200_v1,voice_0031__phonefact_opus_nb_8k,0.996637225151062,1
phone_factorial_1200_v1,voice_0032__phonefact_resample8k,0.9887590408325195,1
phone_factorial_1200_v1,voice_0032__phonefact_g711_ulaw,0.9993927478790283,1
phone_factorial_1200_v1,voice_0032__phonefact_g726_24k,0.9994063377380371,1
phone_factorial_1200_v1,voice_0032__phonefact_opus_nb_8k,0.9986633062362671,1
phone_factorial_1200_v1,voice_0033__phonefact_resample8k,0.967362642288208,1
phone_factorial_1200_v1,voice_0033__phonefact_g711_ulaw,0.9995700716972351,1
phone_factorial_1200_v1,voice_0033__phonefact_g726_24k,0.9992120265960693,1
phone_factorial_1200_v1,voice_0033__phonefact_opus_nb_8k,0.9988835453987122,1
phone_factorial_1200_v1,voice_0034__phonefact_resample8k,0.9886960983276367,1
phone_factorial_1200_v1,voice_0034__phonefact_g711_ulaw,0.9998236298561096,1
phone_factorial_1200_v1,voice_0034__phonefact_g726_24k,0.9995442032814026,1
phone_factorial_1200_v1,voice_0034__phonefact_opus_nb_8k,0.998722493648529,1
phone_factorial_1200_v1,voice_0035__phonefact_resample8k,0.5825085639953613,1
phone_factorial_1200_v1,voice_0035__phonefact_g711_ulaw,0.9998160004615784,1
phone_factorial_1200_v1,voice_0035__phonefact_g726_24k,0.9998154044151306,1
phone_factorial_1200_v1,voice_0035__phonefact_opus_nb_8k,0.9996064305305481,1
phone_factorial_1200_v1,voice_0036__phonefact_resample8k,0.9852638244628906,1
phone_factorial_1200_v1,voice_0036__phonefact_g711_ulaw,0.999728262424469,1
phone_factorial_1200_v1,voice_0036__phonefact_g726_24k,0.9996985197067261,1
phone_factorial_1200_v1,voice_0036__phonefact_opus_nb_8k,0.9949933886528015,1
phone_factorial_1200_v1,voice_0037__phonefact_resample8k,0.9962129592895508,1
phone_factorial_1200_v1,voice_0037__phonefact_g711_ulaw,0.999915599822998,1
phone_factorial_1200_v1,voice_0037__phonefact_g726_24k,0.9995386600494385,1
phone_factorial_1200_v1,voice_0037__phonefact_opus_nb_8k,0.9991104006767273,1
phone_factorial_1200_v1,voice_0038__phonefact_resample8k,0.998969316482544,1
phone_factorial_1200_v1,voice_0038__phonefact_g711_ulaw,0.999934196472168,1
phone_factorial_1200_v1,voice_0038__phonefact_g726_24k,0.9998728036880493,1
phone_factorial_1200_v1,voice_0038__phonefact_opus_nb_8k,0.9989950060844421,1
phone_factorial_1200_v1,voice_0039__phonefact_resample8k,0.8560518622398376,1
phone_factorial_1200_v1,voice_0039__phonefact_g711_ulaw,0.9992904663085938,1
phone_factorial_1200_v1,voice_0039__phonefact_g726_24k,0.9997621178627014,1
phone_factorial_1200_v1,voice_0039__phonefact_opus_nb_8k,0.9985224604606628,1
phone_factorial_1200_v1,voice_0040__phonefact_resample8k,0.9921173453330994,1
phone_factorial_1200_v1,voice_0040__phonefact_g711_ulaw,0.9996886253356934,1
phone_factorial_1200_v1,voice_0040__phonefact_g726_24k,0.9995075464248657,1
phone_factorial_1200_v1,voice_0040__phonefact_opus_nb_8k,0.9992021918296814,1
phone_factorial_1200_v1,voice_0041__phonefact_resample8k,0.9973796606063843,1
phone_factorial_1200_v1,voice_0041__phonefact_g711_ulaw,0.9999163150787354,1
phone_factorial_1200_v1,voice_0041__phonefact_g726_24k,0.9987622499465942,1
phone_factorial_1200_v1,voice_0041__phonefact_opus_nb_8k,0.9996340274810791,1
phone_factorial_1200_v1,voice_0042__phonefact_resample8k,0.998439371585846,1
phone_factorial_1200_v1,voice_0042__phonefact_g711_ulaw,0.999883770942688,1
phone_factorial_1200_v1,voice_0042__phonefact_g726_24k,0.9997209906578064,1
phone_factorial_1200_v1,voice_0042__phonefact_opus_nb_8k,0.9995375871658325,1
phone_factorial_1200_v1,voice_0043__phonefact_resample8k,0.9592663645744324,1
phone_factorial_1200_v1,voice_0043__phonefact_g711_ulaw,0.9999414682388306,1
phone_factorial_1200_v1,voice_0043__phonefact_g726_24k,0.9998526573181152,1
phone_factorial_1200_v1,voice_0043__phonefact_opus_nb_8k,0.9998303651809692,1
phone_factorial_1200_v1,voice_0044__phonefact_resample8k,0.9433178901672363,1
phone_factorial_1200_v1,voice_0044__phonefact_g711_ulaw,0.999510645866394,1
phone_factorial_1200_v1,voice_0044__phonefact_g726_24k,0.9984879493713379,1
phone_factorial_1200_v1,voice_0044__phonefact_opus_nb_8k,0.9981049299240112,1
phone_factorial_1200_v1,voice_0045__phonefact_resample8k,0.990828275680542,1
phone_factorial_1200_v1,voice_0045__phonefact_g711_ulaw,0.9997931122779846,1
phone_factorial_1200_v1,voice_0045__phonefact_g726_24k,0.9967327117919922,1
phone_factorial_1200_v1,voice_0045__phonefact_opus_nb_8k,0.999729335308075,1
phone_factorial_1200_v1,voice_0046__phonefact_resample8k,0.976253092288971,1
phone_factorial_1200_v1,voice_0046__phonefact_g711_ulaw,0.9996415376663208,1
phone_factorial_1200_v1,voice_0046__phonefact_g726_24k,0.9995208978652954,1
phone_factorial_1200_v1,voice_0046__phonefact_opus_nb_8k,0.9991311430931091,1
phone_factorial_1200_v1,voice_0047__phonefact_resample8k,0.692249596118927,1
phone_factorial_1200_v1,voice_0047__phonefact_g711_ulaw,0.9990524649620056,1
phone_factorial_1200_v1,voice_0047__phonefact_g726_24k,0.9993347525596619,1
phone_factorial_1200_v1,voice_0047__phonefact_opus_nb_8k,0.9994400143623352,1
phone_factorial_1200_v1,voice_0048__phonefact_resample8k,0.9910234212875366,1
phone_factorial_1200_v1,voice_0048__phonefact_g711_ulaw,0.9997815489768982,1
phone_factorial_1200_v1,voice_0048__phonefact_g726_24k,0.9990624785423279,1
phone_factorial_1200_v1,voice_0048__phonefact_opus_nb_8k,0.9986603260040283,1
phone_factorial_1200_v1,voice_0049__phonefact_resample8k,0.9949935078620911,1
phone_factorial_1200_v1,voice_0049__phonefact_g711_ulaw,0.9999091625213623,1
phone_factorial_1200_v1,voice_0049__phonefact_g726_24k,0.9997441172599792,1
phone_factorial_1200_v1,voice_0049__phonefact_opus_nb_8k,0.9998416900634766,1
phone_factorial_1200_v1,voice_0100__phonefact_resample8k,0.9873079657554626,1
phone_factorial_1200_v1,voice_0100__phonefact_g711_ulaw,0.9990130662918091,1
phone_factorial_1200_v1,voice_0100__phonefact_g726_24k,0.9994781613349915,1
phone_factorial_1200_v1,voice_0100__phonefact_opus_nb_8k,0.999339759349823,1
phone_factorial_1200_v1,voice_0101__phonefact_resample8k,0.7925338745117188,1
phone_factorial_1200_v1,voice_0101__phonefact_g711_ulaw,0.9990680813789368,1
phone_factorial_1200_v1,voice_0101__phonefact_g726_24k,0.999338686466217,1
phone_factorial_1200_v1,voice_0101__phonefact_opus_nb_8k,0.9964718818664551,1
phone_factorial_1200_v1,voice_0102__phonefact_resample8k,0.9944281578063965,1
phone_factorial_1200_v1,voice_0102__phonefact_g711_ulaw,0.9989590644836426,1
phone_factorial_1200_v1,voice_0102__phonefact_g726_24k,0.9985082745552063,1
phone_factorial_1200_v1,voice_0102__phonefact_opus_nb_8k,0.9974831938743591,1
phone_factorial_1200_v1,voice_0103__phonefact_resample8k,0.995854914188385,1
phone_factorial_1200_v1,voice_0103__phonefact_g711_ulaw,0.9997822642326355,1
phone_factorial_1200_v1,voice_0103__phonefact_g726_24k,0.9991877675056458,1
phone_factorial_1200_v1,voice_0103__phonefact_opus_nb_8k,0.9993863105773926,1
phone_factorial_1200_v1,voice_0104__phonefact_resample8k,0.9999114274978638,1
phone_factorial_1200_v1,voice_0104__phonefact_g711_ulaw,0.9998356103897095,1
phone_factorial_1200_v1,voice_0104__phonefact_g726_24k,0.9999161958694458,1
phone_factorial_1200_v1,voice_0104__phonefact_opus_nb_8k,0.9998406171798706,1
phone_factorial_1200_v1,voice_0105__phonefact_resample8k,0.9905849099159241,1
phone_factorial_1200_v1,voice_0105__phonefact_g711_ulaw,0.999523401260376,1
phone_factorial_1200_v1,voice_0105__phonefact_g726_24k,0.9996459484100342,1
phone_factorial_1200_v1,voice_0105__phonefact_opus_nb_8k,0.9997702240943909,1
phone_factorial_1200_v1,voice_0106__phonefact_resample8k,0.9950764775276184,1
phone_factorial_1200_v1,voice_0106__phonefact_g711_ulaw,0.9998505115509033,1
phone_factorial_1200_v1,voice_0106__phonefact_g726_24k,0.9997497200965881,1
phone_factorial_1200_v1,voice_0106__phonefact_opus_nb_8k,0.9990851879119873,1
phone_factorial_1200_v1,voice_0107__phonefact_resample8k,0.9951208233833313,1
phone_factorial_1200_v1,voice_0107__phonefact_g711_ulaw,0.99973064661026,1
phone_factorial_1200_v1,voice_0107__phonefact_g726_24k,0.9997416138648987,1
phone_factorial_1200_v1,voice_0107__phonefact_opus_nb_8k,0.9984052777290344,1
phone_factorial_1200_v1,voice_0108__phonefact_resample8k,0.9953483939170837,1
phone_factorial_1200_v1,voice_0108__phonefact_g711_ulaw,0.9996170997619629,1
phone_factorial_1200_v1,voice_0108__phonefact_g726_24k,0.9995133876800537,1
phone_factorial_1200_v1,voice_0108__phonefact_opus_nb_8k,0.999163031578064,1
phone_factorial_1200_v1,voice_0109__phonefact_resample8k,0.9983248114585876,1
phone_factorial_1200_v1,voice_0109__phonefact_g711_ulaw,0.9999474287033081,1
phone_factorial_1200_v1,voice_0109__phonefact_g726_24k,0.9994505047798157,1
phone_factorial_1200_v1,voice_0109__phonefact_opus_nb_8k,0.9997251629829407,1
phone_factorial_1200_v1,voice_0110__phonefact_resample8k,0.994852602481842,1
phone_factorial_1200_v1,voice_0110__phonefact_g711_ulaw,0.9997438788414001,1
phone_factorial_1200_v1,voice_0110__phonefact_g726_24k,0.9995338916778564,1
phone_factorial_1200_v1,voice_0110__phonefact_opus_nb_8k,0.9983660578727722,1
phone_factorial_1200_v1,voice_0111__phonefact_resample8k,0.9984191656112671,1
phone_factorial_1200_v1,voice_0111__phonefact_g711_ulaw,0.9993958473205566,1
phone_factorial_1200_v1,voice_0111__phonefact_g726_24k,0.966241717338562,1
phone_factorial_1200_v1,voice_0111__phonefact_opus_nb_8k,0.9994298815727234,1
phone_factorial_1200_v1,voice_0112__phonefact_resample8k,0.9957018494606018,1
phone_factorial_1200_v1,voice_0112__phonefact_g711_ulaw,0.9998569488525391,1
phone_factorial_1200_v1,voice_0112__phonefact_g726_24k,0.9997583031654358,1
phone_factorial_1200_v1,voice_0112__phonefact_opus_nb_8k,0.9996161460876465,1
phone_factorial_1200_v1,voice_0113__phonefact_resample8k,0.9528784155845642,1
phone_factorial_1200_v1,voice_0113__phonefact_g711_ulaw,0.9980732202529907,1
phone_factorial_1200_v1,voice_0113__phonefact_g726_24k,0.9938870072364807,1
phone_factorial_1200_v1,voice_0113__phonefact_opus_nb_8k,0.9992469549179077,1
phone_factorial_1200_v1,voice_0114__phonefact_resample8k,0.9994919300079346,1
phone_factorial_1200_v1,voice_0114__phonefact_g711_ulaw,0.9999171495437622,1
phone_factorial_1200_v1,voice_0114__phonefact_g726_24k,0.9998433589935303,1
phone_factorial_1200_v1,voice_0114__phonefact_opus_nb_8k,0.9993610978126526,1
phone_factorial_1200_v1,voice_0115__phonefact_resample8k,0.9942933917045593,1
phone_factorial_1200_v1,voice_0115__phonefact_g711_ulaw,0.9998867511749268,1
phone_factorial_1200_v1,voice_0115__phonefact_g726_24k,0.9997400641441345,1
phone_factorial_1200_v1,voice_0115__phonefact_opus_nb_8k,0.9990587830543518,1
phone_factorial_1200_v1,voice_0116__phonefact_resample8k,0.9993608593940735,1
phone_factorial_1200_v1,voice_0116__phonefact_g711_ulaw,0.9998539686203003,1
phone_factorial_1200_v1,voice_0116__phonefact_g726_24k,0.9998286962509155,1
phone_factorial_1200_v1,voice_0116__phonefact_opus_nb_8k,0.9996565580368042,1
phone_factorial_1200_v1,voice_0117__phonefact_resample8k,0.9986478686332703,1
phone_factorial_1200_v1,voice_0117__phonefact_g711_ulaw,0.9994872808456421,1
phone_factorial_1200_v1,voice_0117__phonefact_g726_24k,0.9992966651916504,1
phone_factorial_1200_v1,voice_0117__phonefact_opus_nb_8k,0.9992889165878296,1
phone_factorial_1200_v1,voice_0118__phonefact_resample8k,0.9997605681419373,1
phone_factorial_1200_v1,voice_0118__phonefact_g711_ulaw,0.9999239444732666,1
phone_factorial_1200_v1,voice_0118__phonefact_g726_24k,0.999556839466095,1
phone_factorial_1200_v1,voice_0118__phonefact_opus_nb_8k,0.9995348453521729,1
phone_factorial_1200_v1,voice_0119__phonefact_resample8k,0.9998577833175659,1
phone_factorial_1200_v1,voice_0119__phonefact_g711_ulaw,0.9999741315841675,1
phone_factorial_1200_v1,voice_0119__phonefact_g726_24k,0.999909520149231,1
phone_factorial_1200_v1,voice_0119__phonefact_opus_nb_8k,0.9993434548377991,1
phone_factorial_1200_v1,voice_0120__phonefact_resample8k,0.9990171194076538,1
phone_factorial_1200_v1,voice_0120__phonefact_g711_ulaw,0.9999024868011475,1
phone_factorial_1200_v1,voice_0120__phonefact_g726_24k,0.9995039701461792,1
phone_factorial_1200_v1,voice_0120__phonefact_opus_nb_8k,0.9984105825424194,1
phone_factorial_1200_v1,voice_0121__phonefact_resample8k,0.9992848038673401,1
phone_factorial_1200_v1,voice_0121__phonefact_g711_ulaw,0.9999167919158936,1
phone_factorial_1200_v1,voice_0121__phonefact_g726_24k,0.9997308850288391,1
phone_factorial_1200_v1,voice_0121__phonefact_opus_nb_8k,0.9991632699966431,1
phone_factorial_1200_v1,voice_0122__phonefact_resample8k,0.992679238319397,1
phone_factorial_1200_v1,voice_0122__phonefact_g711_ulaw,0.9996597766876221,1
phone_factorial_1200_v1,voice_0122__phonefact_g726_24k,0.9996907711029053,1
phone_factorial_1200_v1,voice_0122__phonefact_opus_nb_8k,0.9997512698173523,1
phone_factorial_1200_v1,voice_0123__phonefact_resample8k,0.9996241331100464,1
phone_factorial_1200_v1,voice_0123__phonefact_g711_ulaw,0.9999237060546875,1
phone_factorial_1200_v1,voice_0123__phonefact_g726_24k,0.9999096393585205,1
phone_factorial_1200_v1,voice_0123__phonefact_opus_nb_8k,0.9993051290512085,1
phone_factorial_1200_v1,voice_0124__phonefact_resample8k,0.9991636276245117,1
phone_factorial_1200_v1,voice_0124__phonefact_g711_ulaw,0.9999192953109741,1
phone_factorial_1200_v1,voice_0124__phonefact_g726_24k,0.9990173578262329,1
phone_factorial_1200_v1,voice_0124__phonefact_opus_nb_8k,0.9997377991676331,1
phone_factorial_1200_v1,voice_0125__phonefact_resample8k,0.9821645021438599,1
phone_factorial_1200_v1,voice_0125__phonefact_g711_ulaw,0.9999388456344604,1
phone_factorial_1200_v1,voice_0125__phonefact_g726_24k,0.9997398257255554,1
phone_factorial_1200_v1,voice_0125__phonefact_opus_nb_8k,0.9993483424186707,1
phone_factorial_1200_v1,voice_0126__phonefact_resample8k,0.9996439218521118,1
phone_factorial_1200_v1,voice_0126__phonefact_g711_ulaw,0.9998002648353577,1
phone_factorial_1200_v1,voice_0126__phonefact_g726_24k,0.9976866245269775,1
phone_factorial_1200_v1,voice_0126__phonefact_opus_nb_8k,0.9997431635856628,1
phone_factorial_1200_v1,voice_0127__phonefact_resample8k,0.9991533756256104,1
phone_factorial_1200_v1,voice_0127__phonefact_g711_ulaw,0.9999133348464966,1
phone_factorial_1200_v1,voice_0127__phonefact_g726_24k,0.9997883439064026,1
phone_factorial_1200_v1,voice_0127__phonefact_opus_nb_8k,0.9995384216308594,1
phone_factorial_1200_v1,voice_0128__phonefact_resample8k,0.9953441023826599,1
phone_factorial_1200_v1,voice_0128__phonefact_g711_ulaw,0.9997385144233704,1
phone_factorial_1200_v1,voice_0128__phonefact_g726_24k,0.9997252821922302,1
phone_factorial_1200_v1,voice_0128__phonefact_opus_nb_8k,0.99977046251297,1
phone_factorial_1200_v1,voice_0129__phonefact_resample8k,0.998654842376709,1
phone_factorial_1200_v1,voice_0129__phonefact_g711_ulaw,0.999886155128479,1
phone_factorial_1200_v1,voice_0129__phonefact_g726_24k,0.9996581077575684,1
phone_factorial_1200_v1,voice_0129__phonefact_opus_nb_8k,0.9992183446884155,1
phone_factorial_1200_v1,voice_0130__phonefact_resample8k,0.9998052716255188,1
phone_factorial_1200_v1,voice_0130__phonefact_g711_ulaw,0.9999216794967651,1
phone_factorial_1200_v1,voice_0130__phonefact_g726_24k,0.9998440742492676,1
phone_factorial_1200_v1,voice_0130__phonefact_opus_nb_8k,0.9993281364440918,1
phone_factorial_1200_v1,voice_0131__phonefact_resample8k,0.9920138716697693,1
phone_factorial_1200_v1,voice_0131__phonefact_g711_ulaw,0.999932050704956,1
phone_factorial_1200_v1,voice_0131__phonefact_g726_24k,0.9999138116836548,1
phone_factorial_1200_v1,voice_0131__phonefact_opus_nb_8k,0.9994572997093201,1
phone_factorial_1200_v1,voice_0132__phonefact_resample8k,0.96315598487854,1
phone_factorial_1200_v1,voice_0132__phonefact_g711_ulaw,0.9973529577255249,1
phone_factorial_1200_v1,voice_0132__phonefact_g726_24k,0.9986363053321838,1
phone_factorial_1200_v1,voice_0132__phonefact_opus_nb_8k,0.9906576871871948,1
phone_factorial_1200_v1,voice_0133__phonefact_resample8k,0.989287257194519,1
phone_factorial_1200_v1,voice_0133__phonefact_g711_ulaw,0.9994927644729614,1
phone_factorial_1200_v1,voice_0133__phonefact_g726_24k,0.9994452595710754,1
phone_factorial_1200_v1,voice_0133__phonefact_opus_nb_8k,0.997497022151947,1
phone_factorial_1200_v1,voice_0134__phonefact_resample8k,0.968363344669342,1
phone_factorial_1200_v1,voice_0134__phonefact_g711_ulaw,0.9998123049736023,1
phone_factorial_1200_v1,voice_0134__phonefact_g726_24k,0.9995322227478027,1
phone_factorial_1200_v1,voice_0134__phonefact_opus_nb_8k,0.9986315369606018,1
phone_factorial_1200_v1,voice_0135__phonefact_resample8k,0.9995749592781067,1
phone_factorial_1200_v1,voice_0135__phonefact_g711_ulaw,0.9999767541885376,1
phone_factorial_1200_v1,voice_0135__phonefact_g726_24k,0.9999091625213623,1
phone_factorial_1200_v1,voice_0135__phonefact_opus_nb_8k,0.9992107152938843,1
phone_factorial_1200_v1,voice_0136__phonefact_resample8k,0.998705267906189,1
phone_factorial_1200_v1,voice_0136__phonefact_g711_ulaw,0.9999105930328369,1
phone_factorial_1200_v1,voice_0136__phonefact_g726_24k,0.9997522234916687,1
phone_factorial_1200_v1,voice_0136__phonefact_opus_nb_8k,0.9993903636932373,1
phone_factorial_1200_v1,voice_0137__phonefact_resample8k,0.9987766146659851,1
phone_factorial_1200_v1,voice_0137__phonefact_g711_ulaw,0.9999003410339355,1
phone_factorial_1200_v1,voice_0137__phonefact_g726_24k,0.9995274543762207,1
phone_factorial_1200_v1,voice_0137__phonefact_opus_nb_8k,0.9995949864387512,1
phone_factorial_1200_v1,voice_0138__phonefact_resample8k,0.7552802562713623,1
phone_factorial_1200_v1,voice_0138__phonefact_g711_ulaw,0.998746395111084,1
phone_factorial_1200_v1,voice_0138__phonefact_g726_24k,0.9993533492088318,1
phone_factorial_1200_v1,voice_0138__phonefact_opus_nb_8k,0.9969583749771118,1
phone_factorial_1200_v1,voice_0139__phonefact_resample8k,0.998997151851654,1
phone_factorial_1200_v1,voice_0139__phonefact_g711_ulaw,0.999970555305481,1
phone_factorial_1200_v1,voice_0139__phonefact_g726_24k,0.9999123811721802,1
phone_factorial_1200_v1,voice_0139__phonefact_opus_nb_8k,0.9999349117279053,1
phone_factorial_1200_v1,voice_0140__phonefact_resample8k,0.9733268618583679,1
phone_factorial_1200_v1,voice_0140__phonefact_g711_ulaw,0.9984034895896912,1
phone_factorial_1200_v1,voice_0140__phonefact_g726_24k,0.9996262788772583,1
phone_factorial_1200_v1,voice_0140__phonefact_opus_nb_8k,0.9995612502098083,1
phone_factorial_1200_v1,voice_0141__phonefact_resample8k,0.9997214674949646,1
phone_factorial_1200_v1,voice_0141__phonefact_g711_ulaw,0.9999674558639526,1
phone_factorial_1200_v1,voice_0141__phonefact_g726_24k,0.9998972415924072,1
phone_factorial_1200_v1,voice_0141__phonefact_opus_nb_8k,0.9995630383491516,1
phone_factorial_1200_v1,voice_0142__phonefact_resample8k,0.9831250905990601,1
phone_factorial_1200_v1,voice_0142__phonefact_g711_ulaw,0.9987138509750366,1
phone_factorial_1200_v1,voice_0142__phonefact_g726_24k,0.9994081258773804,1
phone_factorial_1200_v1,voice_0142__phonefact_opus_nb_8k,0.9954451322555542,1
phone_factorial_1200_v1,voice_0143__phonefact_resample8k,0.9893487691879272,1
phone_factorial_1200_v1,voice_0143__phonefact_g711_ulaw,0.9988744854927063,1
phone_factorial_1200_v1,voice_0143__phonefact_g726_24k,0.9993714690208435,1
phone_factorial_1200_v1,voice_0143__phonefact_opus_nb_8k,0.9995206594467163,1
phone_factorial_1200_v1,voice_0144__phonefact_resample8k,0.9981081485748291,1
phone_factorial_1200_v1,voice_0144__phonefact_g711_ulaw,0.9998764991760254,1
phone_factorial_1200_v1,voice_0144__phonefact_g726_24k,0.9998494386672974,1
phone_factorial_1200_v1,voice_0144__phonefact_opus_nb_8k,0.9982908368110657,1
phone_factorial_1200_v1,voice_0145__phonefact_resample8k,0.9988969564437866,1
phone_factorial_1200_v1,voice_0145__phonefact_g711_ulaw,0.9999344348907471,1
phone_factorial_1200_v1,voice_0145__phonefact_g726_24k,0.999549925327301,1
phone_factorial_1200_v1,voice_0145__phonefact_opus_nb_8k,0.9989211559295654,1
phone_factorial_1200_v1,voice_0146__phonefact_resample8k,0.9954953193664551,1
phone_factorial_1200_v1,voice_0146__phonefact_g711_ulaw,0.9997058510780334,1
phone_factorial_1200_v1,voice_0146__phonefact_g726_24k,0.999693751335144,1
phone_factorial_1200_v1,voice_0146__phonefact_opus_nb_8k,0.9991726279258728,1
phone_factorial_1200_v1,voice_0147__phonefact_resample8k,0.9921097159385681,1
phone_factorial_1200_v1,voice_0147__phonefact_g711_ulaw,0.9996520280838013,1
phone_factorial_1200_v1,voice_0147__phonefact_g726_24k,0.9993582367897034,1
phone_factorial_1200_v1,voice_0147__phonefact_opus_nb_8k,0.9953225255012512,1
phone_factorial_1200_v1,voice_0148__phonefact_resample8k,0.9949847459793091,1
phone_factorial_1200_v1,voice_0148__phonefact_g711_ulaw,0.9992727637290955,1
phone_factorial_1200_v1,voice_0148__phonefact_g726_24k,0.9979352951049805,1
phone_factorial_1200_v1,voice_0148__phonefact_opus_nb_8k,0.9917619228363037,1
phone_factorial_1200_v1,voice_0149__phonefact_resample8k,0.9972379207611084,1
phone_factorial_1200_v1,voice_0149__phonefact_g711_ulaw,0.9997836947441101,1
phone_factorial_1200_v1,voice_0149__phonefact_g726_24k,0.9996895790100098,1
phone_factorial_1200_v1,voice_0149__phonefact_opus_nb_8k,0.9990608096122742,1
yue_cross_component_audit_v1,yue_000_music_real,0.00016748433699831367,0
yue_cross_component_audit_v1,yue_000_music_fake,0.03370721638202667,0
yue_cross_component_audit_v1,yue_000_concurrent_v0_m0,0.0010082186199724674,0
yue_cross_component_audit_v1,yue_000_concurrent_v1_m0,0.0008480960968881845,0
yue_cross_component_audit_v1,yue_000_concurrent_v0_m1,8.326355600729585e-05,0
yue_cross_component_audit_v1,yue_000_concurrent_v1_m1,7.47640515328385e-05,0
yue_cross_component_audit_v1,yue_000_partial_overlap_v0_m0,3.085370553890243e-05,0
yue_cross_component_audit_v1,yue_000_partial_overlap_v1_m0,6.782623677281663e-05,0
yue_cross_component_audit_v1,yue_000_partial_overlap_v0_m1,2.8898070013383403e-05,0
yue_cross_component_audit_v1,yue_000_partial_overlap_v1_m1,0.0002271210978506133,0
yue_cross_component_audit_v1,yue_000_sequential_v0_m0,6.587253210454946e-06,0
yue_cross_component_audit_v1,yue_000_sequential_v1_m0,1.4729679605807178e-05,0
yue_cross_component_audit_v1,yue_000_sequential_v0_m1,0.00013619688979815692,0
yue_cross_component_audit_v1,yue_000_sequential_v1_m1,0.0003688189899548888,0
yue_cross_component_audit_v1,yue_000_native_vocal_real_music,0.0003026774793397635,0
yue_cross_component_audit_v1,yue_000_native_vocal_fake_music,0.00019883437198586762,0
yue_cross_component_audit_v1,yue_001_music_real,0.9575978517532349,1
yue_cross_component_audit_v1,yue_001_music_fake,0.17120826244354248,0
yue_cross_component_audit_v1,yue_001_concurrent_v0_m0,0.2985230088233948,0
yue_cross_component_audit_v1,yue_001_concurrent_v1_m0,0.16375532746315002,0
yue_cross_component_audit_v1,yue_001_concurrent_v0_m1,0.005425960291177034,0
yue_cross_component_audit_v1,yue_001_concurrent_v1_m1,0.003401962574571371,0
yue_cross_component_audit_v1,yue_001_partial_overlap_v0_m0,0.037789855152368546,0
yue_cross_component_audit_v1,yue_001_partial_overlap_v1_m0,0.018345307558774948,0
yue_cross_component_audit_v1,yue_001_partial_overlap_v0_m1,0.004101847298443317,0
yue_cross_component_audit_v1,yue_001_partial_overlap_v1_m1,0.001566969440318644,0
yue_cross_component_audit_v1,yue_001_sequential_v0_m0,0.07732192426919937,0
yue_cross_component_audit_v1,yue_001_sequential_v1_m0,0.06923411786556244,0
yue_cross_component_audit_v1,yue_001_sequential_v0_m1,0.011866525746881962,0
yue_cross_component_audit_v1,yue_001_sequential_v1_m1,0.004864854272454977,0
yue_cross_component_audit_v1,yue_001_native_vocal_real_music,0.12461018562316895,0
yue_cross_component_audit_v1,yue_001_native_vocal_fake_music,0.003499066224321723,0
yue_cross_component_audit_v1,yue_002_music_real,0.0007790597737766802,0
yue_cross_component_audit_v1,yue_002_music_fake,0.8127555847167969,1
yue_cross_component_audit_v1,yue_002_concurrent_v0_m0,0.003069466445595026,0
yue_cross_component_audit_v1,yue_002_concurrent_v1_m0,0.0022726745810359716,0
yue_cross_component_audit_v1,yue_002_concurrent_v0_m1,0.00170991662889719,0
yue_cross_component_audit_v1,yue_002_concurrent_v1_m1,0.0007038151379674673,0
yue_cross_component_audit_v1,yue_002_partial_overlap_v0_m0,0.0006572153652086854,0
yue_cross_component_audit_v1,yue_002_partial_overlap_v1_m0,0.00017496023792773485,0
yue_cross_component_audit_v1,yue_002_partial_overlap_v0_m1,0.002249940065667033,0
yue_cross_component_audit_v1,yue_002_partial_overlap_v1_m1,0.0015110565582290292,0
yue_cross_component_audit_v1,yue_002_sequential_v0_m0,0.0001698035775916651,0
yue_cross_component_audit_v1,yue_002_sequential_v1_m0,0.00013156452041584998,0
yue_cross_component_audit_v1,yue_002_sequential_v0_m1,0.008343223482370377,0
yue_cross_component_audit_v1,yue_002_sequential_v1_m1,0.004248652141541243,0
yue_cross_component_audit_v1,yue_003_music_real,0.0019875008147209883,0
yue_cross_component_audit_v1,yue_003_music_fake,2.5019333406817168e-05,0
yue_cross_component_audit_v1,yue_003_concurrent_v0_m0,0.003435014048591256,0
yue_cross_component_audit_v1,yue_003_concurrent_v1_m0,0.0006876099505461752,0
yue_cross_component_audit_v1,yue_003_concurrent_v0_m1,1.4283120435720775e-05,0
yue_cross_component_audit_v1,yue_003_concurrent_v1_m1,0.00012660707579925656,0
yue_cross_component_audit_v1,yue_003_partial_overlap_v0_m0,0.00011631863162619993,0
yue_cross_component_audit_v1,yue_003_partial_overlap_v1_m0,0.0005170212825760245,0
yue_cross_component_audit_v1,yue_003_partial_overlap_v0_m1,4.9876412958838046e-05,0
yue_cross_component_audit_v1,yue_003_partial_overlap_v1_m1,9.064234473044053e-05,0
yue_cross_component_audit_v1,yue_003_sequential_v0_m0,0.00013818462321069092,0
yue_cross_component_audit_v1,yue_003_sequential_v1_m0,0.00021176840527914464,0
yue_cross_component_audit_v1,yue_003_sequential_v0_m1,0.00010095842299051583,0
yue_cross_component_audit_v1,yue_003_sequential_v1_m1,0.0003038423601537943,0
yue_cross_component_audit_v1,yue_003_native_vocal_real_music,0.005571396090090275,0
yue_cross_component_audit_v1,yue_003_native_vocal_fake_music,5.187503484194167e-05,0
yue_cross_component_audit_v1,yue_004_music_real,1.7108748579630628e-05,0
yue_cross_component_audit_v1,yue_004_music_fake,2.8979147828067653e-05,0
yue_cross_component_audit_v1,yue_004_concurrent_v0_m0,0.0006759484531357884,0
yue_cross_component_audit_v1,yue_004_concurrent_v1_m0,0.0005890263128094375,0
yue_cross_component_audit_v1,yue_004_concurrent_v0_m1,3.829207344097085e-06,0
yue_cross_component_audit_v1,yue_004_concurrent_v1_m1,0.00020203753956593573,0
yue_cross_component_audit_v1,yue_004_partial_overlap_v0_m0,6.275667692534626e-05,0
yue_cross_component_audit_v1,yue_004_partial_overlap_v1_m0,0.00020206873887218535,0
yue_cross_component_audit_v1,yue_004_partial_overlap_v0_m1,3.635247776401229e-05,0
yue_cross_component_audit_v1,yue_004_partial_overlap_v1_m1,0.00030151905957609415,0
yue_cross_component_audit_v1,yue_004_sequential_v0_m0,3.060234303120524e-05,0
yue_cross_component_audit_v1,yue_004_sequential_v1_m0,0.0001173376222141087,0
yue_cross_component_audit_v1,yue_004_sequential_v0_m1,5.004679042031057e-05,0
yue_cross_component_audit_v1,yue_004_sequential_v1_m1,0.0001586632861290127,0
yue_cross_component_audit_v1,yue_004_native_vocal_real_music,9.652429980633315e-06,0
yue_cross_component_audit_v1,yue_004_native_vocal_fake_music,1.4230784017854603e-07,0
yue_cross_component_audit_v1,yue_005_music_real,1.324325603491161e-05,0
yue_cross_component_audit_v1,yue_005_music_fake,0.11848782002925873,0
yue_cross_component_audit_v1,yue_005_concurrent_v0_m0,0.00022952639847062528,0
yue_cross_component_audit_v1,yue_005_concurrent_v1_m0,0.0010858264286071062,0
yue_cross_component_audit_v1,yue_005_concurrent_v0_m1,8.005921699805185e-05,0
yue_cross_component_audit_v1,yue_005_concurrent_v1_m1,0.009168349206447601,0
yue_cross_component_audit_v1,yue_005_partial_overlap_v0_m0,1.6387297364417464e-05,0
yue_cross_component_audit_v1,yue_005_partial_overlap_v1_m0,0.0006174868904054165,0
yue_cross_component_audit_v1,yue_005_partial_overlap_v0_m1,2.5315477614640258e-05,0
yue_cross_component_audit_v1,yue_005_partial_overlap_v1_m1,0.005516462959349155,0
yue_cross_component_audit_v1,yue_005_sequential_v0_m0,9.087309990718495e-06,0
yue_cross_component_audit_v1,yue_005_sequential_v1_m0,0.00020053479238413274,0
yue_cross_component_audit_v1,yue_005_sequential_v0_m1,0.00016620747919660062,0
yue_cross_component_audit_v1,yue_005_sequential_v1_m1,0.002471336629241705,0
yue_cross_component_audit_v1,yue_005_native_vocal_real_music,2.5598057618481107e-05,0
yue_cross_component_audit_v1,yue_005_native_vocal_fake_music,8.938470273278654e-05,0
yue_cross_component_audit_v1,yue_006_music_real,6.3551965467922855e-06,0
yue_cross_component_audit_v1,yue_006_music_fake,0.012172079645097256,0
yue_cross_component_audit_v1,yue_006_concurrent_v0_m0,0.0004636649100575596,0
yue_cross_component_audit_v1,yue_006_concurrent_v1_m0,8.578282177040819e-06,0
yue_cross_component_audit_v1,yue_006_concurrent_v0_m1,0.005431629717350006,0
yue_cross_component_audit_v1,yue_006_concurrent_v1_m1,9.912512177834287e-05,0
yue_cross_component_audit_v1,yue_006_partial_overlap_v0_m0,0.0005178494029678404,0
yue_cross_component_audit_v1,yue_006_partial_overlap_v1_m0,7.328677020268515e-05,0
yue_cross_component_audit_v1,yue_006_partial_overlap_v0_m1,0.005086488090455532,0
yue_cross_component_audit_v1,yue_006_partial_overlap_v1_m1,0.00029705307679250836,0
yue_cross_component_audit_v1,yue_006_sequential_v0_m0,0.000534066348336637,0
yue_cross_component_audit_v1,yue_006_sequential_v1_m0,0.0001705974864307791,0
yue_cross_component_audit_v1,yue_006_sequential_v0_m1,0.0032143048010766506,0
yue_cross_component_audit_v1,yue_006_sequential_v1_m1,0.0007400093018077314,0
yue_cross_component_audit_v1,yue_006_native_vocal_real_music,3.071852233915706e-06,0
yue_cross_component_audit_v1,yue_006_native_vocal_fake_music,0.00035092051257379353,0
yue_cross_component_audit_v1,yue_007_music_real,0.006198165938258171,0
yue_cross_component_audit_v1,yue_007_music_fake,0.0027981274761259556,0
yue_cross_component_audit_v1,yue_007_concurrent_v0_m0,0.01736637018620968,0
yue_cross_component_audit_v1,yue_007_concurrent_v1_m0,0.012027936056256294,0
yue_cross_component_audit_v1,yue_007_concurrent_v0_m1,0.0034664857666939497,0
yue_cross_component_audit_v1,yue_007_concurrent_v1_m1,5.207133199292002e-06,0
yue_cross_component_audit_v1,yue_007_partial_overlap_v0_m0,0.0009688985883258283,0
yue_cross_component_audit_v1,yue_007_partial_overlap_v1_m0,0.0016815571580082178,0
yue_cross_component_audit_v1,yue_007_partial_overlap_v0_m1,0.0015088904183357954,0
yue_cross_component_audit_v1,yue_007_partial_overlap_v1_m1,9.262803359888494e-05,0
yue_cross_component_audit_v1,yue_007_sequential_v0_m0,0.00036761988303624094,0
yue_cross_component_audit_v1,yue_007_sequential_v1_m0,0.0009554951684549451,0
yue_cross_component_audit_v1,yue_007_sequential_v0_m1,0.0015281448140740395,0
yue_cross_component_audit_v1,yue_007_sequential_v1_m1,0.00022737699327990413,0
