DATASET,CHANNEL,ID,VOICE_FAKE_PROB,MUSIC_FAKE_PROB,FILE_FAKE_PROB
factorial_eval_1200_v2_holdout,clean,factorial_0400,0.9987335,0.7199824,0.99988997
factorial_eval_1200_v2_holdout,clean,factorial_0404,0.980543,0.8144636,0.9990541
factorial_eval_1200_v2_holdout,clean,factorial_0408,0.9997198,0.0019564135,0.9997637
factorial_eval_1200_v2_holdout,clean,factorial_0412,5.330734e-06,0.022075634,0.03696014
factorial_eval_1200_v2_holdout,clean,factorial_0416,7.081777e-05,0.004622676,0.006918931
factorial_eval_1200_v2_holdout,clean,factorial_0420,0.0022913334,0.10683319,0.21804303
factorial_eval_1200_v2_holdout,clean,factorial_0424,0.00028061713,5.311452e-05,0.0007197108
factorial_eval_1200_v2_holdout,clean,factorial_0428,0.763412,0.0018954084,0.87043846
factorial_eval_1200_v2_holdout,clean,factorial_0432,0.9994373,0.12421017,0.99989617
factorial_eval_1200_v2_holdout,clean,factorial_0436,0.93707544,0.00469118,0.9077027
factorial_eval_1200_v2_holdout,clean,factorial_0440,0.44486725,0.0028871028,0.4720422
factorial_eval_1200_v2_holdout,clean,factorial_0444,0.90584815,0.9998939,0.9999987
factorial_eval_1200_v2_holdout,clean,factorial_0448,0.9508903,0.6254345,0.99692947
factorial_eval_1200_v2_holdout,clean,factorial_0452,0.7194316,0.9335605,0.99165475
factorial_eval_1200_v2_holdout,clean,factorial_0456,0.9998902,0.04948599,0.9999511
factorial_eval_1200_v2_holdout,clean,factorial_0460,0.99999166,0.012583722,0.99999523
factorial_eval_1200_v2_holdout,clean,factorial_0464,0.9785514,0.108923405,0.99254006
factorial_eval_1200_v2_holdout,clean,factorial_0468,0.98699975,0.9982304,0.9999946
factorial_eval_1200_v2_holdout,clean,factorial_0472,0.99990386,0.97165287,0.99999964
factorial_eval_1200_v2_holdout,clean,factorial_0476,0.7317754,0.99999774,0.99999994
factorial_eval_1200_v2_holdout,clean,factorial_0480,0.28376356,0.99997747,0.9999949
factorial_eval_1200_v2_holdout,clean,factorial_0484,0.8386341,0.999905,0.9999981
factorial_eval_1200_v2_holdout,clean,factorial_0488,0.9784181,0.99060297,0.9999529
factorial_eval_1200_v2_holdout,clean,factorial_0492,0.8430731,0.98436624,0.9991784
factorial_eval_1200_v2_holdout,clean,factorial_0496,0.95272815,0.9996253,0.999995
factorial_eval_1200_v2_holdout,clean,factorial_0500,0.16174892,0.005159037,0.24733698
factorial_eval_1200_v2_holdout,clean,factorial_0504,0.9998878,0.9994662,1.0
factorial_eval_1200_v2_holdout,clean,factorial_0508,0.999624,0.0010460301,0.99964356
factorial_eval_1200_v2_holdout,clean,factorial_0512,0.22305906,0.00013529259,0.19457936
factorial_eval_1200_v2_holdout,clean,factorial_0516,0.99834764,0.065469384,0.9994842
factorial_eval_1200_v2_holdout,clean,factorial_0520,0.00018938567,0.046341453,0.06295062
factorial_eval_1200_v2_holdout,clean,factorial_0524,0.005465092,0.97725296,0.9754336
factorial_eval_1200_v2_holdout,clean,factorial_0528,0.9820096,0.099731654,0.99557984
factorial_eval_1200_v2_holdout,clean,factorial_0532,0.74897885,0.999988,0.99999905
factorial_eval_1200_v2_holdout,clean,factorial_0536,0.9970499,0.9999981,1.0
factorial_eval_1200_v2_holdout,clean,factorial_0540,0.9701334,0.99998885,0.9999999
factorial_eval_1200_v2_holdout,clean,factorial_0544,0.0004900076,0.99814034,0.99791884
factorial_eval_1200_v2_holdout,clean,factorial_0548,0.019557897,0.007478929,0.060058568
factorial_eval_1200_v2_holdout,clean,factorial_0552,0.93585074,0.0041545103,0.9351568
factorial_eval_1200_v2_holdout,clean,factorial_0556,0.87834114,0.00094045216,0.91512895
factorial_eval_1200_v2_holdout,clean,factorial_0560,0.94373167,0.05247015,0.9868462
factorial_eval_1200_v2_holdout,clean,factorial_0564,0.996807,0.022936625,0.99891794
factorial_eval_1200_v2_holdout,clean,factorial_0568,0.97213405,0.8881442,0.9986724
factorial_eval_1200_v2_holdout,clean,factorial_0572,0.995379,0.008188337,0.99500155
factorial_eval_1200_v2_holdout,clean,factorial_0576,0.99392587,0.38608426,0.99763674
factorial_eval_1200_v2_holdout,clean,factorial_0580,0.9999465,0.99788415,1.0
factorial_eval_1200_v2_holdout,clean,factorial_0584,0.9854159,0.9439975,0.9997449
factorial_eval_1200_v2_holdout,clean,factorial_0588,0.9919814,0.99970365,0.9999989
factorial_eval_1200_v2_holdout,clean,factorial_0592,0.9976799,0.9999994,1.0
factorial_eval_1200_v2_holdout,clean,factorial_0596,0.23386016,0.9981558,0.9996283
factorial_eval_1200_v2_holdout,clean,factorial_0600,0.9968312,4.7181493e-05,0.99734825
factorial_eval_1200_v2_holdout,clean,factorial_0604,0.80243814,0.5364635,0.98331547
factorial_eval_1200_v2_holdout,clean,factorial_0608,0.10625613,9.1319154e-05,0.113046855
factorial_eval_1200_v2_holdout,clean,factorial_0612,0.99867284,0.5631122,0.9998623
factorial_eval_1200_v2_holdout,clean,factorial_0616,0.0009222552,0.00040138944,0.003980004
factorial_eval_1200_v2_holdout,clean,factorial_0620,0.022004925,0.24274476,0.34567547
factorial_eval_1200_v2_holdout,clean,factorial_0624,0.74301827,3.9119153e-05,0.71290505
factorial_eval_1200_v2_holdout,clean,factorial_0628,0.36397642,0.99998564,0.9999988
factorial_eval_1200_v2_holdout,clean,factorial_0632,0.99936974,0.9998863,0.99999994
factorial_eval_1200_v2_holdout,clean,factorial_0636,0.45309198,0.0017044783,0.54714996
factorial_eval_1200_v2_holdout,clean,factorial_0640,0.0062878113,0.99444354,0.9967238
factorial_eval_1200_v2_holdout,clean,factorial_0644,0.4651417,0.9999243,0.99999285
factorial_eval_1200_v2_holdout,clean,factorial_0648,0.9984689,0.09413177,0.9993533
factorial_eval_1200_v2_holdout,clean,factorial_0652,0.8315468,0.9466001,0.9983911
factorial_eval_1200_v2_holdout,clean,factorial_0656,0.99899507,0.7820462,0.9999317
factorial_eval_1200_v2_holdout,clean,factorial_0660,0.9999789,0.051181298,0.9999882
factorial_eval_1200_v2_holdout,clean,factorial_0664,0.9404851,0.034802556,0.97927666
factorial_eval_1200_v2_holdout,clean,factorial_0668,0.9830822,0.0008164619,0.9850354
factorial_eval_1200_v2_holdout,clean,factorial_0672,0.99998593,0.72699463,0.9999989
factorial_eval_1200_v2_holdout,clean,factorial_0676,0.9984702,1.0,1.0
factorial_eval_1200_v2_holdout,clean,factorial_0680,0.74818486,0.999681,0.999984
factorial_eval_1200_v2_holdout,clean,factorial_0684,0.9995731,0.8401146,0.99997425
factorial_eval_1200_v2_holdout,clean,factorial_0688,0.93638945,0.9994021,0.9999959
factorial_eval_1200_v2_holdout,clean,factorial_0692,0.99985397,0.9995356,1.0
factorial_eval_1200_v2_holdout,clean,factorial_0696,0.9985337,0.98422873,0.9999946
factorial_eval_1200_v2_holdout,clean,factorial_0700,0.0024057478,0.0007046254,0.005932843
factorial_eval_1200_v2_holdout,clean,factorial_0704,0.29140785,0.045308243,0.54620194
factorial_eval_1200_v2_holdout,clean,factorial_0708,0.99992514,0.9485822,0.999999
factorial_eval_1200_v2_holdout,clean,factorial_0712,0.9372716,0.96674275,0.99970204
factorial_eval_1200_v2_holdout,clean,factorial_0716,0.0023453434,0.0019143573,0.025096288
factorial_eval_1200_v2_holdout,clean,factorial_0720,0.99959546,0.0013530181,0.9997333
factorial_eval_1200_v2_holdout,clean,factorial_0724,6.935281e-05,0.9995417,0.99943995
factorial_eval_1200_v2_holdout,clean,factorial_0728,0.011609256,0.99998736,0.999984
factorial_eval_1200_v2_holdout,clean,factorial_0732,0.6588836,0.64033806,0.9686293
factorial_eval_1200_v2_holdout,clean,factorial_0736,0.7138255,0.99386704,0.99969566
factorial_eval_1200_v2_holdout,clean,factorial_0740,0.008257057,0.8814935,0.8839919
factorial_eval_1200_v2_holdout,clean,factorial_0744,0.9129135,0.9984747,0.9999688
factorial_eval_1200_v2_holdout,clean,factorial_0748,0.9971397,0.99934125,0.99999964
factorial_eval_1200_v2_holdout,clean,factorial_0752,0.999967,0.9937924,0.9999999
factorial_eval_1200_v2_holdout,clean,factorial_0756,0.9999658,0.024994537,0.9999893
factorial_eval_1200_v2_holdout,clean,factorial_0760,0.8313601,0.52053165,0.9879639
factorial_eval_1200_v2_holdout,clean,factorial_0764,0.9991572,0.08902175,0.9996151
factorial_eval_1200_v2_holdout,clean,factorial_0768,0.9999926,0.00091200636,0.999998
factorial_eval_1200_v2_holdout,clean,factorial_0772,0.9787679,0.60467404,0.99798506
factorial_eval_1200_v2_holdout,clean,factorial_0776,0.98739094,0.9999584,1.0
factorial_eval_1200_v2_holdout,clean,factorial_0780,0.99999845,0.004888079,0.99999905
factorial_eval_1200_v2_holdout,clean,factorial_0784,0.9949592,0.9999972,1.0
factorial_eval_1200_v2_holdout,clean,factorial_0788,0.9991044,0.99650455,0.99999905
factorial_eval_1200_v2_holdout,clean,factorial_0792,0.99999976,0.9999455,1.0
factorial_eval_1200_v2_holdout,clean,factorial_0796,0.99999785,0.9021105,1.0
factorial_eval_1200_v2_holdout,clean,factorial_0401,2.4710782e-06,0.32177162,0.31973082
factorial_eval_1200_v2_holdout,clean,factorial_0405,1.28240945e-05,0.0016213607,0.004967661
factorial_eval_1200_v2_holdout,clean,factorial_0409,0.11445847,0.59971565,0.77189314
factorial_eval_1200_v2_holdout,clean,factorial_0413,9.560024e-06,0.00043109985,0.0012935147
factorial_eval_1200_v2_holdout,clean,factorial_0417,4.530282e-05,0.004865978,0.017202653
factorial_eval_1200_v2_holdout,clean,factorial_0421,0.9985993,0.887877,0.9999715
factorial_eval_1200_v2_holdout,clean,factorial_0425,0.6715225,0.00328403,0.74969363
factorial_eval_1200_v2_holdout,clean,factorial_0429,0.87063384,0.15682578,0.96654946
factorial_eval_1200_v2_holdout,clean,factorial_0433,0.95801646,0.00089107035,0.96167254
factorial_eval_1200_v2_holdout,clean,factorial_0437,0.8883922,0.25073883,0.97592616
factorial_eval_1200_v2_holdout,clean,factorial_0441,0.31427214,0.07808386,0.5323453
factorial_eval_1200_v2_holdout,clean,factorial_0445,0.97949445,0.028113896,0.9905406
factorial_eval_1200_v2_holdout,clean,factorial_0449,0.1244659,0.99998486,0.99999225
factorial_eval_1200_v2_holdout,clean,factorial_0453,0.99959064,0.9573316,0.9999969
factorial_eval_1200_v2_holdout,clean,factorial_0457,0.992357,0.5653767,0.99915206
factorial_eval_1200_v2_holdout,clean,factorial_0461,0.36964786,0.94227785,0.9968439
factorial_eval_1200_v2_holdout,clean,factorial_0465,0.9594877,0.9659934,0.9999021
factorial_eval_1200_v2_holdout,clean,factorial_0469,0.9996872,0.021958902,0.99981314
factorial_eval_1200_v2_holdout,clean,factorial_0473,0.6946747,0.946175,0.99549943
factorial_eval_1200_v2_holdout,clean,factorial_0477,0.9205892,0.9920248,0.99987715
factorial_eval_1200_v2_holdout,clean,factorial_0481,0.808056,0.9999857,0.9999997
factorial_eval_1200_v2_holdout,clean,factorial_0485,0.9758221,0.9999836,1.0
factorial_eval_1200_v2_holdout,clean,factorial_0489,0.33540937,0.999961,0.9999925
factorial_eval_1200_v2_holdout,clean,factorial_0493,0.9144012,0.99702656,0.99994504
factorial_eval_1200_v2_holdout,clean,factorial_0497,0.53080994,0.99991405,0.99999094
factorial_eval_1200_v2_holdout,clean,factorial_0501,0.61375135,0.0124548655,0.6438165
factorial_eval_1200_v2_holdout,clean,factorial_0505,0.99246675,0.020587353,0.9943781
factorial_eval_1200_v2_holdout,clean,factorial_0509,0.95957536,0.012810726,0.9853407
factorial_eval_1200_v2_holdout,clean,factorial_0513,0.94193757,0.0022633583,0.96549505
factorial_eval_1200_v2_holdout,clean,factorial_0517,0.23320542,4.523625e-05,0.23495202
factorial_eval_1200_v2_holdout,clean,factorial_0521,0.9151689,0.0035736389,0.91656995
factorial_eval_1200_v2_holdout,clean,factorial_0525,0.9987524,0.976994,0.9999919
factorial_eval_1200_v2_holdout,clean,factorial_0529,0.002802388,0.010229026,0.072022185
factorial_eval_1200_v2_holdout,clean,factorial_0533,0.9633331,0.99858,0.9999876
factorial_eval_1200_v2_holdout,clean,factorial_0537,0.00036525298,0.005880107,0.016772404
factorial_eval_1200_v2_holdout,clean,factorial_0541,0.00077237043,0.013150341,0.041660413
factorial_eval_1200_v2_holdout,clean,factorial_0545,0.97835857,0.99965036,0.9999981
factorial_eval_1200_v2_holdout,clean,factorial_0549,0.9787563,0.044027366,0.9868666
factorial_eval_1200_v2_holdout,clean,factorial_0553,0.9792924,0.00013524301,0.9697334
factorial_eval_1200_v2_holdout,clean,factorial_0557,0.9996408,0.98598516,0.999998
factorial_eval_1200_v2_holdout,clean,factorial_0561,0.9740324,7.992734e-05,0.9668402
factorial_eval_1200_v2_holdout,clean,factorial_0565,0.0878583,0.000119210694,0.09086915
factorial_eval_1200_v2_holdout,clean,factorial_0569,0.9731309,0.00033392923,0.9746928
factorial_eval_1200_v2_holdout,clean,factorial_0573,0.65984356,9.37558e-06,0.5583798
factorial_eval_1200_v2_holdout,clean,factorial_0577,0.99587846,0.99736273,0.9999947
factorial_eval_1200_v2_holdout,clean,factorial_0581,0.9482089,0.2936223,0.97262824
factorial_eval_1200_v2_holdout,clean,factorial_0585,0.8988125,0.9798204,0.99833834
factorial_eval_1200_v2_holdout,clean,factorial_0589,0.026906788,0.99987274,0.99987745
factorial_eval_1200_v2_holdout,clean,factorial_0593,0.9892129,0.9938699,0.99998945
factorial_eval_1200_v2_holdout,clean,factorial_0597,0.004195799,0.9659571,0.96342546
factorial_eval_1200_v2_holdout,clean,factorial_0601,0.78478885,0.0028388647,0.8595453
factorial_eval_1200_v2_holdout,clean,factorial_0605,0.9697672,0.39851972,0.99236214
factorial_eval_1200_v2_holdout,clean,factorial_0609,0.9942643,0.001882343,0.99571395
factorial_eval_1200_v2_holdout,clean,factorial_0613,0.00020011335,0.9924725,0.98968136
factorial_eval_1200_v2_holdout,clean,factorial_0617,0.1834754,0.00057874003,0.17799786
factorial_eval_1200_v2_holdout,clean,factorial_0621,0.9422676,0.00037911354,0.9349467
factorial_eval_1200_v2_holdout,clean,factorial_0625,0.35443288,0.9996703,0.99994963
factorial_eval_1200_v2_holdout,clean,factorial_0629,0.8831614,0.9992572,0.99998826
factorial_eval_1200_v2_holdout,clean,factorial_0633,0.964112,0.94038486,0.9992677
factorial_eval_1200_v2_holdout,clean,factorial_0637,0.98424363,0.997272,0.99998236
factorial_eval_1200_v2_holdout,clean,factorial_0641,0.65341586,0.99960077,0.99997735
factorial_eval_1200_v2_holdout,clean,factorial_0645,0.07450677,0.9961078,0.9978527
factorial_eval_1200_v2_holdout,clean,factorial_0649,0.009031858,0.99994457,0.99994373
factorial_eval_1200_v2_holdout,clean,factorial_0653,0.9999735,1.6280046e-05,0.99998325
factorial_eval_1200_v2_holdout,clean,factorial_0657,0.9998201,0.86466134,0.99999523
factorial_eval_1200_v2_holdout,clean,factorial_0661,0.9957507,0.99971545,0.99999964
factorial_eval_1200_v2_holdout,clean,factorial_0665,0.9609628,0.0003418207,0.9516228
factorial_eval_1200_v2_holdout,clean,factorial_0669,0.9911879,0.064628474,0.9989148
factorial_eval_1200_v2_holdout,clean,factorial_0673,0.9970147,0.002194841,0.9980345
factorial_eval_1200_v2_holdout,clean,factorial_0677,0.9993254,0.99866617,0.9999998
factorial_eval_1200_v2_holdout,clean,factorial_0681,0.98649156,0.05168575,0.9974089
factorial_eval_1200_v2_holdout,clean,factorial_0685,0.9877254,0.9990934,0.99999225
factorial_eval_1200_v2_holdout,clean,factorial_0689,0.9874553,0.9974438,0.9999887
factorial_eval_1200_v2_holdout,clean,factorial_0693,0.99576795,0.8699566,0.9996636
factorial_eval_1200_v2_holdout,clean,factorial_0697,0.99355847,0.055656128,0.99584705
factorial_eval_1200_v2_holdout,clean,factorial_0701,0.005856314,0.005854627,0.036047347
factorial_eval_1200_v2_holdout,clean,factorial_0705,0.039210223,0.6769035,0.71003556
factorial_eval_1200_v2_holdout,clean,factorial_0709,0.42383888,0.0103956815,0.62084943
factorial_eval_1200_v2_holdout,clean,factorial_0713,0.99985605,0.026188,0.9999209
factorial_eval_1200_v2_holdout,clean,factorial_0717,0.099132806,0.08600736,0.3932028
factorial_eval_1200_v2_holdout,clean,factorial_0721,0.9087253,0.23259586,0.96621704
factorial_eval_1200_v2_holdout,clean,factorial_0725,0.00024824875,0.9985719,0.99784
factorial_eval_1200_v2_holdout,clean,factorial_0729,0.1920577,0.9978191,0.9991815
factorial_eval_1200_v2_holdout,clean,factorial_0733,0.9973224,0.9847597,0.9999882
factorial_eval_1200_v2_holdout,clean,factorial_0737,0.002832619,0.9999983,0.9999983
factorial_eval_1200_v2_holdout,clean,factorial_0741,0.99159956,0.9986301,0.999998
factorial_eval_1200_v2_holdout,clean,factorial_0745,0.99995494,0.99033535,1.0
factorial_eval_1200_v2_holdout,clean,factorial_0749,0.99871373,0.9999977,1.0
factorial_eval_1200_v2_holdout,clean,factorial_0753,0.9347898,0.0010903076,0.93614537
factorial_eval_1200_v2_holdout,clean,factorial_0757,0.9921671,0.019618522,0.9960792
factorial_eval_1200_v2_holdout,clean,factorial_0761,0.03571184,0.99988645,0.9999083
factorial_eval_1200_v2_holdout,clean,factorial_0765,0.118365884,0.011572482,0.2767188
factorial_eval_1200_v2_holdout,clean,factorial_0769,0.9695599,0.0036056603,0.9733217
factorial_eval_1200_v2_holdout,clean,factorial_0773,0.9948661,0.9999373,0.9999999
factorial_eval_1200_v2_holdout,clean,factorial_0777,0.99989593,0.9983294,1.0
factorial_eval_1200_v2_holdout,clean,factorial_0781,0.99767303,0.8977063,0.9999144
factorial_eval_1200_v2_holdout,clean,factorial_0785,0.99896944,0.99991477,1.0
factorial_eval_1200_v2_holdout,clean,factorial_0789,0.9991615,0.9999708,1.0
factorial_eval_1200_v2_holdout,clean,factorial_0793,0.99996376,0.99988335,1.0
factorial_eval_1200_v2_holdout,clean,factorial_0797,0.9707664,0.4657216,0.9920635
factorial_eval_1200_v2_holdout,clean,factorial_0402,0.092705294,0.4364164,0.6630546
factorial_eval_1200_v2_holdout,clean,factorial_0406,5.669956e-06,9.331859e-06,0.00011422073
factorial_eval_1200_v2_holdout,clean,factorial_0410,1.7638382e-05,0.9811983,0.97954416
factorial_eval_1200_v2_holdout,clean,factorial_0414,0.99919367,0.0019144646,0.99953926
factorial_eval_1200_v2_holdout,clean,factorial_0418,2.3411486e-07,0.36420056,0.28560966
factorial_eval_1200_v2_holdout,clean,factorial_0422,0.9988172,0.78963685,0.9999556
factorial_eval_1200_v2_holdout,clean,factorial_0426,0.31667295,0.9946735,0.9982048
factorial_eval_1200_v2_holdout,clean,factorial_0430,0.7088169,0.3149321,0.89481974
factorial_eval_1200_v2_holdout,clean,factorial_0434,0.82291234,0.23459503,0.8987467
factorial_eval_1200_v2_holdout,clean,factorial_0438,0.046181843,0.98551434,0.98681414
factorial_eval_1200_v2_holdout,clean,factorial_0442,0.79475546,0.99241626,0.9992405
factorial_eval_1200_v2_holdout,clean,factorial_0446,0.96482,0.7831961,0.9954457
factorial_eval_1200_v2_holdout,clean,factorial_0450,0.9999939,0.97094613,1.0
factorial_eval_1200_v2_holdout,clean,factorial_0454,0.8426506,0.36503583,0.9427366
factorial_eval_1200_v2_holdout,clean,factorial_0458,0.6662302,0.9942275,0.9996151
factorial_eval_1200_v2_holdout,clean,factorial_0462,0.99994534,0.13011575,0.99998844
factorial_eval_1200_v2_holdout,clean,factorial_0466,0.29445803,0.9986702,0.99978244
factorial_eval_1200_v2_holdout,clean,factorial_0470,0.9961387,0.11439073,0.9994147
factorial_eval_1200_v2_holdout,clean,factorial_0474,0.99936044,0.89428544,0.99998796
factorial_eval_1200_v2_holdout,clean,factorial_0478,0.95316887,0.9995397,0.99999577
factorial_eval_1200_v2_holdout,clean,factorial_0482,0.38828105,1.0,1.0
factorial_eval_1200_v2_holdout,clean,factorial_0486,0.98701334,0.96400803,0.99988556
factorial_eval_1200_v2_holdout,clean,factorial_0490,0.15583849,0.9999964,0.9999988
factorial_eval_1200_v2_holdout,clean,factorial_0494,0.9320551,0.9999583,0.99999964
factorial_eval_1200_v2_holdout,clean,factorial_0498,0.9985173,0.41766998,0.999824
factorial_eval_1200_v2_holdout,clean,factorial_0502,0.016338617,0.0037707007,0.06426775
factorial_eval_1200_v2_holdout,clean,factorial_0506,0.016207527,0.0013521065,0.02453659
factorial_eval_1200_v2_holdout,clean,factorial_0510,0.9663601,2.4962364e-05,0.96954334
factorial_eval_1200_v2_holdout,clean,factorial_0514,0.9977894,0.4645822,0.9989817
factorial_eval_1200_v2_holdout,clean,factorial_0518,0.052899532,1.9349522e-05,0.055197574
factorial_eval_1200_v2_holdout,clean,factorial_0522,0.12238103,0.99197185,0.99545205
factorial_eval_1200_v2_holdout,clean,factorial_0526,0.9982792,0.04367033,0.9991205
factorial_eval_1200_v2_holdout,clean,factorial_0530,0.6708895,0.99961036,0.9999461
factorial_eval_1200_v2_holdout,clean,factorial_0534,0.07741361,0.00029514777,0.080706656
factorial_eval_1200_v2_holdout,clean,factorial_0538,0.9691448,0.0852399,0.9857806
factorial_eval_1200_v2_holdout,clean,factorial_0542,0.0055793547,0.30574948,0.4040294
factorial_eval_1200_v2_holdout,clean,factorial_0546,0.98638743,0.44996622,0.99311996
factorial_eval_1200_v2_holdout,clean,factorial_0550,0.99894315,0.00042350072,0.99924564
factorial_eval_1200_v2_holdout,clean,factorial_0554,0.4978929,0.0019861516,0.6398665
factorial_eval_1200_v2_holdout,clean,factorial_0558,0.99999917,0.0014964426,0.9999994
factorial_eval_1200_v2_holdout,clean,factorial_0562,0.9810343,0.004218901,0.9945814
factorial_eval_1200_v2_holdout,clean,factorial_0566,0.66875887,2.5929621e-06,0.58857393
factorial_eval_1200_v2_holdout,clean,factorial_0570,0.99990666,0.9046124,0.999997
factorial_eval_1200_v2_holdout,clean,factorial_0574,0.99980056,0.9624276,0.99999946
factorial_eval_1200_v2_holdout,clean,factorial_0578,0.9908248,0.996765,0.99998456
factorial_eval_1200_v2_holdout,clean,factorial_0582,0.7363554,0.9979298,0.9998503
factorial_eval_1200_v2_holdout,clean,factorial_0586,0.32884112,0.009961849,0.5125972
factorial_eval_1200_v2_holdout,clean,factorial_0590,0.4727291,0.23713824,0.7752987
factorial_eval_1200_v2_holdout,clean,factorial_0594,0.9990426,0.23848239,0.999779
factorial_eval_1200_v2_holdout,clean,factorial_0598,0.53653353,0.99909157,0.9998326
factorial_eval_1200_v2_holdout,clean,factorial_0602,0.35865247,0.18111463,0.6786746
factorial_eval_1200_v2_holdout,clean,factorial_0606,0.9984769,0.18312469,0.99976075
factorial_eval_1200_v2_holdout,clean,factorial_0610,0.97743773,0.0001412475,0.9790823
factorial_eval_1200_v2_holdout,clean,factorial_0614,0.12067707,0.0954378,0.5182899
factorial_eval_1200_v2_holdout,clean,factorial_0618,0.00015486512,1.8904353e-05,0.0004281511
factorial_eval_1200_v2_holdout,clean,factorial_0622,0.9813358,0.0019418785,0.99001837
factorial_eval_1200_v2_holdout,clean,factorial_0626,0.9335959,0.5597645,0.9782014
factorial_eval_1200_v2_holdout,clean,factorial_0630,0.98347104,0.8774878,0.99961436
factorial_eval_1200_v2_holdout,clean,factorial_0634,0.37331843,0.9999822,0.99999774
factorial_eval_1200_v2_holdout,clean,factorial_0638,0.6260172,0.99948967,0.99997807
factorial_eval_1200_v2_holdout,clean,factorial_0642,0.78220665,0.52462184,0.9639437
factorial_eval_1200_v2_holdout,clean,factorial_0646,0.06250932,0.998369,0.99893963
factorial_eval_1200_v2_holdout,clean,factorial_0650,0.9955951,0.96852005,0.99995506
factorial_eval_1200_v2_holdout,clean,factorial_0654,0.97196877,2.309818e-05,0.9660882
factorial_eval_1200_v2_holdout,clean,factorial_0658,0.47758806,0.007322847,0.5487754
factorial_eval_1200_v2_holdout,clean,factorial_0662,0.30296773,0.01626997,0.6276773
factorial_eval_1200_v2_holdout,clean,factorial_0666,0.99993443,0.00023242104,0.999975
factorial_eval_1200_v2_holdout,clean,factorial_0670,0.011122437,0.012414176,0.03523658
factorial_eval_1200_v2_holdout,clean,factorial_0674,0.248346,0.99998283,0.99999523
factorial_eval_1200_v2_holdout,clean,factorial_0678,0.99999636,0.6154834,0.9999998
factorial_eval_1200_v2_holdout,clean,factorial_0682,0.99876857,0.99616414,0.9999994
factorial_eval_1200_v2_holdout,clean,factorial_0686,0.9553,0.99514997,0.99998033
factorial_eval_1200_v2_holdout,clean,factorial_0690,0.9997842,0.1673336,0.99994695
factorial_eval_1200_v2_holdout,clean,factorial_0694,0.9995904,0.99999,1.0
factorial_eval_1200_v2_holdout,clean,factorial_0698,0.9995581,0.99770886,0.9999992
factorial_eval_1200_v2_holdout,clean,factorial_0702,0.9799707,0.0019559218,0.99117434
factorial_eval_1200_v2_holdout,clean,factorial_0706,0.000107304135,0.9956205,0.99379194
factorial_eval_1200_v2_holdout,clean,factorial_0710,0.85968834,0.82335615,0.9967723
factorial_eval_1200_v2_holdout,clean,factorial_0714,0.008557109,0.20916858,0.29005867
factorial_eval_1200_v2_holdout,clean,factorial_0718,0.00060312107,0.7817706,0.79260695
factorial_eval_1200_v2_holdout,clean,factorial_0722,0.99452007,0.9977621,0.99999624
factorial_eval_1200_v2_holdout,clean,factorial_0726,0.94076276,0.99890757,0.9999844
factorial_eval_1200_v2_holdout,clean,factorial_0730,0.00012966567,0.50870836,0.5652851
factorial_eval_1200_v2_holdout,clean,factorial_0734,0.00078313076,0.7240131,0.736322
factorial_eval_1200_v2_holdout,clean,factorial_0738,0.32595667,0.9995655,0.9999472
factorial_eval_1200_v2_holdout,clean,factorial_0742,0.000111774054,0.99977314,0.9997267
factorial_eval_1200_v2_holdout,clean,factorial_0746,0.42874932,0.99213874,0.9989184
factorial_eval_1200_v2_holdout,clean,factorial_0750,0.99942946,0.3743355,0.99988353
factorial_eval_1200_v2_holdout,clean,factorial_0754,0.09508836,0.9997425,0.99988633
factorial_eval_1200_v2_holdout,clean,factorial_0758,0.99738014,0.991331,0.99999046
factorial_eval_1200_v2_holdout,clean,factorial_0762,0.9970076,0.000110327084,0.9982507
factorial_eval_1200_v2_holdout,clean,factorial_0766,0.9938855,0.99999917,1.0
factorial_eval_1200_v2_holdout,clean,factorial_0770,0.99319184,0.24606323,0.99832356
factorial_eval_1200_v2_holdout,clean,factorial_0774,0.9999974,0.39050344,0.9999988
factorial_eval_1200_v2_holdout,clean,factorial_0778,0.99996156,0.9885838,0.9999999
factorial_eval_1200_v2_holdout,clean,factorial_0782,0.99999225,0.98986363,1.0
factorial_eval_1200_v2_holdout,clean,factorial_0786,0.99999106,0.29104224,0.99999774
factorial_eval_1200_v2_holdout,clean,factorial_0790,0.9999878,0.9999567,1.0
factorial_eval_1200_v2_holdout,clean,factorial_0794,0.9999844,0.9983798,1.0
factorial_eval_1200_v2_holdout,clean,factorial_0798,0.6642222,0.9982049,0.99989957
factorial_eval_1200_v2_holdout,clean,factorial_0403,0.0003815528,0.14722636,0.224781
factorial_eval_1200_v2_holdout,clean,factorial_0407,7.27576e-05,0.15003937,0.2652952
factorial_eval_1200_v2_holdout,clean,factorial_0411,6.1610094e-06,0.60279286,0.56089586
factorial_eval_1200_v2_holdout,clean,factorial_0415,7.126511e-05,0.00048009816,0.0016101811
factorial_eval_1200_v2_holdout,clean,factorial_0419,5.292813e-05,0.0018447484,0.0036541426
factorial_eval_1200_v2_holdout,clean,factorial_0423,7.595706e-06,0.07770991,0.089257374
factorial_eval_1200_v2_holdout,clean,factorial_0427,0.15413296,0.011314906,0.20382853
factorial_eval_1200_v2_holdout,clean,factorial_0431,0.94816923,0.93886507,0.999266
factorial_eval_1200_v2_holdout,clean,factorial_0435,0.80407494,0.020644657,0.94309473
factorial_eval_1200_v2_holdout,clean,factorial_0439,0.9993845,0.9999733,1.0
factorial_eval_1200_v2_holdout,clean,factorial_0443,0.67342997,0.00026654365,0.7209065
factorial_eval_1200_v2_holdout,clean,factorial_0447,0.85134965,0.00031634246,0.86470485
factorial_eval_1200_v2_holdout,clean,factorial_0451,0.9873861,0.9865128,0.9999639
factorial_eval_1200_v2_holdout,clean,factorial_0455,0.18602437,0.0019595362,0.32859874
factorial_eval_1200_v2_holdout,clean,factorial_0459,0.99999666,0.70158964,0.99999976
factorial_eval_1200_v2_holdout,clean,factorial_0463,0.99999774,0.9943,1.0
factorial_eval_1200_v2_holdout,clean,factorial_0467,0.6380993,0.9044622,0.99363804
factorial_eval_1200_v2_holdout,clean,factorial_0471,0.010882376,0.99742234,0.9978364
factorial_eval_1200_v2_holdout,clean,factorial_0475,0.82838714,0.9998956,0.9999975
factorial_eval_1200_v2_holdout,clean,factorial_0479,0.8938062,0.9999113,0.9999985
factorial_eval_1200_v2_holdout,clean,factorial_0483,0.9471077,0.9985132,0.9999815
factorial_eval_1200_v2_holdout,clean,factorial_0487,0.99378955,0.9999972,1.0
factorial_eval_1200_v2_holdout,clean,factorial_0491,0.8570913,0.99967873,0.9999894
factorial_eval_1200_v2_holdout,clean,factorial_0495,0.68703043,0.99899924,0.9998808
factorial_eval_1200_v2_holdout,clean,factorial_0499,0.9080442,0.99955744,0.99999344
factorial_eval_1200_v2_holdout,clean,factorial_0503,0.12720263,0.016544865,0.19074738
factorial_eval_1200_v2_holdout,clean,factorial_0507,0.19531593,0.9998816,0.99994385
factorial_eval_1200_v2_holdout,clean,factorial_0511,0.022595167,2.352629e-05,0.022957373
factorial_eval_1200_v2_holdout,clean,factorial_0515,0.9892713,0.48157972,0.9983767
factorial_eval_1200_v2_holdout,clean,factorial_0519,0.9928796,0.31323716,0.99596894
factorial_eval_1200_v2_holdout,clean,factorial_0523,0.009383109,0.0010648438,0.028929515
factorial_eval_1200_v2_holdout,clean,factorial_0527,0.84593916,0.99993896,0.9999969
factorial_eval_1200_v2_holdout,clean,factorial_0531,0.9697415,0.00039678294,0.9772002
factorial_eval_1200_v2_holdout,clean,factorial_0535,0.95963675,0.9550152,0.99944156
factorial_eval_1200_v2_holdout,clean,factorial_0539,0.9669379,0.28137666,0.9850307
factorial_eval_1200_v2_holdout,clean,factorial_0543,0.9919163,0.99996245,0.9999999
factorial_eval_1200_v2_holdout,clean,factorial_0547,0.99384403,0.981923,0.9999117
factorial_eval_1200_v2_holdout,clean,factorial_0551,0.8906607,0.8159646,0.9950989
factorial_eval_1200_v2_holdout,clean,factorial_0555,0.06633325,0.0013401774,0.09877843
factorial_eval_1200_v2_holdout,clean,factorial_0559,0.9868671,0.005706912,0.993369
factorial_eval_1200_v2_holdout,clean,factorial_0563,0.48966455,0.0006440712,0.5130326
factorial_eval_1200_v2_holdout,clean,factorial_0567,0.90492946,0.29248598,0.97961605
factorial_eval_1200_v2_holdout,clean,factorial_0571,0.9974594,1.7691003e-05,0.9972599
factorial_eval_1200_v2_holdout,clean,factorial_0575,0.85574245,0.9890791,0.99886847
factorial_eval_1200_v2_holdout,clean,factorial_0579,0.34143478,0.36088535,0.6996895
factorial_eval_1200_v2_holdout,clean,factorial_0583,0.9940133,0.99836886,0.99999535
factorial_eval_1200_v2_holdout,clean,factorial_0587,0.8041732,0.91366386,0.9955753
factorial_eval_1200_v2_holdout,clean,factorial_0591,0.95737016,0.9999952,1.0
factorial_eval_1200_v2_holdout,clean,factorial_0595,0.99969864,0.9921845,0.99999934
factorial_eval_1200_v2_holdout,clean,factorial_0599,0.99840283,0.9999516,0.99999994
factorial_eval_1200_v2_holdout,clean,factorial_0603,0.0008366269,0.9920117,0.99141145
factorial_eval_1200_v2_holdout,clean,factorial_0607,0.047449723,0.09513721,0.20067003
factorial_eval_1200_v2_holdout,clean,factorial_0611,0.99427056,0.5480078,0.99921745
factorial_eval_1200_v2_holdout,clean,factorial_0615,0.79668295,0.5214517,0.9552301
factorial_eval_1200_v2_holdout,clean,factorial_0619,0.008647706,0.0006208914,0.012621049
factorial_eval_1200_v2_holdout,clean,factorial_0623,0.0009117987,0.5488181,0.5141549
factorial_eval_1200_v2_holdout,clean,factorial_0627,0.9963894,0.9991013,0.99999917
factorial_eval_1200_v2_holdout,clean,factorial_0631,0.33916998,0.99987566,0.99996996
factorial_eval_1200_v2_holdout,clean,factorial_0635,0.044145253,0.99998033,0.9999827
factorial_eval_1200_v2_holdout,clean,factorial_0639,0.03580641,0.08155959,0.3048915
factorial_eval_1200_v2_holdout,clean,factorial_0643,0.0015504587,0.99982244,0.99980384
factorial_eval_1200_v2_holdout,clean,factorial_0647,0.0031446859,0.99113774,0.9908679
factorial_eval_1200_v2_holdout,clean,factorial_0651,0.76678944,0.003884522,0.8220707
factorial_eval_1200_v2_holdout,clean,factorial_0655,0.70572853,0.00013278215,0.70165133
factorial_eval_1200_v2_holdout,clean,factorial_0659,0.42857146,0.9999653,0.9999905
factorial_eval_1200_v2_holdout,clean,factorial_0663,0.71440816,0.00069417205,0.85213315
factorial_eval_1200_v2_holdout,clean,factorial_0667,0.9901993,0.00044055315,0.9911923
factorial_eval_1200_v2_holdout,clean,factorial_0671,0.99317,0.4459197,0.99604297
factorial_eval_1200_v2_holdout,clean,factorial_0675,0.77691567,0.99984443,0.9999914
factorial_eval_1200_v2_holdout,clean,factorial_0679,0.9409698,0.8531048,0.99659663
factorial_eval_1200_v2_holdout,clean,factorial_0683,0.9986702,0.9572854,0.99998116
factorial_eval_1200_v2_holdout,clean,factorial_0687,0.99916434,0.99965763,0.9999999
factorial_eval_1200_v2_holdout,clean,factorial_0691,0.9398055,0.9999979,1.0
factorial_eval_1200_v2_holdout,clean,factorial_0695,0.22845416,0.9996884,0.9999342
factorial_eval_1200_v2_holdout,clean,factorial_0699,0.7522142,0.6375803,0.93354595
factorial_eval_1200_v2_holdout,clean,factorial_0703,0.1976409,0.5229176,0.6903764
factorial_eval_1200_v2_holdout,clean,factorial_0707,0.0005003677,0.054867156,0.1561607
factorial_eval_1200_v2_holdout,clean,factorial_0711,0.005472807,0.66772306,0.7605127
factorial_eval_1200_v2_holdout,clean,factorial_0715,0.03979945,0.99986595,0.99988985
factorial_eval_1200_v2_holdout,clean,factorial_0719,3.0140958e-05,0.9991894,0.99898815
factorial_eval_1200_v2_holdout,clean,factorial_0723,0.00054038106,0.0007207367,0.0032374496
factorial_eval_1200_v2_holdout,clean,factorial_0727,0.019644912,0.99998575,0.99999297
factorial_eval_1200_v2_holdout,clean,factorial_0731,0.15003502,0.9877352,0.99603724
factorial_eval_1200_v2_holdout,clean,factorial_0735,0.13153447,0.9981773,0.99848294
factorial_eval_1200_v2_holdout,clean,factorial_0739,0.62161565,0.99956864,0.9999794
factorial_eval_1200_v2_holdout,clean,factorial_0743,0.015475043,0.99999976,0.9999998
factorial_eval_1200_v2_holdout,clean,factorial_0747,0.00037779094,0.9705882,0.97062874
factorial_eval_1200_v2_holdout,clean,factorial_0751,0.9999777,0.2799484,0.9999865
factorial_eval_1200_v2_holdout,clean,factorial_0755,0.73658615,0.768368,0.98158836
factorial_eval_1200_v2_holdout,clean,factorial_0759,0.076979294,0.20227432,0.48388273
factorial_eval_1200_v2_holdout,clean,factorial_0763,0.9994149,0.016873747,0.99971735
factorial_eval_1200_v2_holdout,clean,factorial_0767,0.9533905,0.9641245,0.9998232
factorial_eval_1200_v2_holdout,clean,factorial_0771,0.60495514,0.9998889,0.9999881
factorial_eval_1200_v2_holdout,clean,factorial_0775,0.99882317,0.9999734,1.0
factorial_eval_1200_v2_holdout,clean,factorial_0779,0.9938129,0.99998033,1.0
factorial_eval_1200_v2_holdout,clean,factorial_0783,0.99977374,0.99932456,0.9999999
factorial_eval_1200_v2_holdout,clean,factorial_0787,0.98474294,0.999902,0.9999999
factorial_eval_1200_v2_holdout,clean,factorial_0791,0.9949391,0.9999994,1.0
factorial_eval_1200_v2_holdout,clean,factorial_0795,0.99683696,0.9995462,0.99999964
factorial_eval_1200_v2_holdout,clean,factorial_0799,0.9999337,0.47302884,0.99997437
phone_factorial_1200_v1,clean,sdm_fake_0000__phonefact_g711_ulaw,0.9997598,0.58164805,0.99996865
phone_factorial_1200_v1,clean,sdm_fake_0001__phonefact_g711_ulaw,0.9987979,0.44210145,0.99980783
phone_factorial_1200_v1,clean,sdm_fake_0002__phonefact_g711_ulaw,0.96563077,0.65836406,0.9941134
phone_factorial_1200_v1,clean,sdm_fake_0003__phonefact_g711_ulaw,0.9537853,4.155189e-05,0.9507262
phone_factorial_1200_v1,clean,sdm_fake_0004__phonefact_g711_ulaw,0.9527434,0.99965703,0.99999726
phone_factorial_1200_v1,clean,sdm_fake_0005__phonefact_g711_ulaw,0.9965791,0.31444114,0.99930465
phone_factorial_1200_v1,clean,sdm_fake_0006__phonefact_g711_ulaw,0.89601916,0.047208592,0.93988335
phone_factorial_1200_v1,clean,sdm_fake_0007__phonefact_g711_ulaw,0.9984845,0.875849,0.99995637
phone_factorial_1200_v1,clean,sdm_fake_0008__phonefact_g711_ulaw,0.8801216,0.48401475,0.9732387
phone_factorial_1200_v1,clean,sdm_fake_0009__phonefact_g711_ulaw,0.977087,0.7954935,0.99876875
phone_factorial_1200_v1,clean,sdm_fake_0010__phonefact_g711_ulaw,0.99297094,0.19925931,0.9983693
phone_factorial_1200_v1,clean,sdm_fake_0011__phonefact_g711_ulaw,0.9351574,0.9938836,0.9998894
phone_factorial_1200_v1,clean,sdm_fake_0012__phonefact_g711_ulaw,0.997493,0.013548062,0.9987763
phone_factorial_1200_v1,clean,sdm_fake_0013__phonefact_g711_ulaw,0.9975255,0.88757944,0.9999554
phone_factorial_1200_v1,clean,sdm_fake_0014__phonefact_g711_ulaw,0.9983416,0.00050638133,0.99876034
phone_factorial_1200_v1,clean,sdm_fake_0015__phonefact_g711_ulaw,0.98621017,0.99823934,0.99999034
phone_factorial_1200_v1,clean,sdm_fake_0016__phonefact_g711_ulaw,0.93862146,0.6889691,0.992536
phone_factorial_1200_v1,clean,sdm_fake_0017__phonefact_g711_ulaw,0.9823812,0.7913037,0.9986504
phone_factorial_1200_v1,clean,sdm_fake_0018__phonefact_g711_ulaw,0.99845994,0.6553155,0.99984884
phone_factorial_1200_v1,clean,sdm_fake_0019__phonefact_g711_ulaw,0.8280457,0.0009767704,0.8725759
phone_factorial_1200_v1,clean,sdm_fake_0020__phonefact_g711_ulaw,0.99958396,0.00043721456,0.9997751
phone_factorial_1200_v1,clean,sdm_fake_0021__phonefact_g711_ulaw,0.98567134,0.96751,0.999857
phone_factorial_1200_v1,clean,sdm_fake_0022__phonefact_g711_ulaw,0.9976733,0.9999603,1.0
phone_factorial_1200_v1,clean,sdm_fake_0023__phonefact_g711_ulaw,0.9886991,0.9996097,0.99999857
phone_factorial_1200_v1,clean,sdm_fake_0024__phonefact_g711_ulaw,0.96190953,0.95203364,0.9995366
phone_factorial_1200_v1,clean,sdm_fake_0025__phonefact_g711_ulaw,0.9595888,0.87800455,0.99805796
phone_factorial_1200_v1,clean,sdm_fake_0026__phonefact_g711_ulaw,0.99060595,0.99854124,0.9999963
phone_factorial_1200_v1,clean,sdm_fake_0027__phonefact_g711_ulaw,0.9528178,0.00026026755,0.96352077
phone_factorial_1200_v1,clean,sdm_fake_0028__phonefact_g711_ulaw,0.95523655,0.9899943,0.99985576
phone_factorial_1200_v1,clean,sdm_fake_0029__phonefact_g711_ulaw,0.9970447,0.02219702,0.998587
phone_factorial_1200_v1,clean,sdm_fake_0030__phonefact_g711_ulaw,0.9477906,0.024390886,0.9788724
phone_factorial_1200_v1,clean,sdm_fake_0031__phonefact_g711_ulaw,0.99220407,0.99984473,0.99999976
phone_factorial_1200_v1,clean,sdm_fake_0032__phonefact_g711_ulaw,0.7963456,0.98524904,0.9988914
phone_factorial_1200_v1,clean,sdm_fake_0033__phonefact_g711_ulaw,0.98401296,0.9826174,0.99993014
phone_factorial_1200_v1,clean,sdm_fake_0034__phonefact_g711_ulaw,0.99952745,0.8729514,0.999991
phone_factorial_1200_v1,clean,sdm_fake_0035__phonefact_g711_ulaw,0.950412,0.7859093,0.99455476
phone_factorial_1200_v1,clean,sdm_fake_0036__phonefact_g711_ulaw,0.98431647,0.03202104,0.9908093
phone_factorial_1200_v1,clean,sdm_fake_0037__phonefact_g711_ulaw,0.9528568,0.77810997,0.99702233
phone_factorial_1200_v1,clean,sdm_fake_0038__phonefact_g711_ulaw,0.992244,0.995914,0.9999943
phone_factorial_1200_v1,clean,sdm_fake_0039__phonefact_g711_ulaw,0.9394702,0.9995469,0.9999933
phone_factorial_1200_v1,clean,sdm_fake_0040__phonefact_g711_ulaw,0.9996089,0.0044111675,0.9998461
phone_factorial_1200_v1,clean,sdm_fake_0041__phonefact_g711_ulaw,0.98826545,0.97470963,0.99990463
phone_factorial_1200_v1,clean,sdm_fake_0042__phonefact_g711_ulaw,0.9065624,0.9992876,0.99998313
phone_factorial_1200_v1,clean,sdm_fake_0043__phonefact_g711_ulaw,0.99342597,0.015929831,0.99645364
phone_factorial_1200_v1,clean,sdm_fake_0044__phonefact_g711_ulaw,0.9867182,0.00705563,0.99085283
phone_factorial_1200_v1,clean,sdm_fake_0045__phonefact_g711_ulaw,0.9931046,0.73918855,0.9994211
phone_factorial_1200_v1,clean,sdm_fake_0046__phonefact_g711_ulaw,0.9934631,0.7126682,0.9994019
phone_factorial_1200_v1,clean,sdm_fake_0047__phonefact_g711_ulaw,0.9770878,6.751286e-05,0.9807223
phone_factorial_1200_v1,clean,sdm_fake_0048__phonefact_g711_ulaw,0.99698013,0.8989816,0.9999132
phone_factorial_1200_v1,clean,sdm_fake_0049__phonefact_g711_ulaw,0.99857056,0.59032047,0.99988776
phone_factorial_1200_v1,clean,sdm_real_0000__phonefact_g711_ulaw,0.95925087,0.12419405,0.98516965
phone_factorial_1200_v1,clean,sdm_real_0001__phonefact_g711_ulaw,0.9183873,0.0033806642,0.9267051
phone_factorial_1200_v1,clean,sdm_real_0002__phonefact_g711_ulaw,0.94128865,0.00037094802,0.94890386
phone_factorial_1200_v1,clean,sdm_real_0003__phonefact_g711_ulaw,0.9790135,0.0035003074,0.9930207
phone_factorial_1200_v1,clean,sdm_real_0004__phonefact_g711_ulaw,0.84268147,0.0003056575,0.8771914
phone_factorial_1200_v1,clean,sdm_real_0005__phonefact_g711_ulaw,0.92813075,3.208249e-05,0.9338322
phone_factorial_1200_v1,clean,sdm_real_0006__phonefact_g711_ulaw,0.9266684,2.3305183e-05,0.9425552
phone_factorial_1200_v1,clean,sdm_real_0007__phonefact_g711_ulaw,0.9396994,0.0026272833,0.97333956
phone_factorial_1200_v1,clean,sdm_real_0008__phonefact_g711_ulaw,0.84104836,0.006511051,0.8893784
phone_factorial_1200_v1,clean,sdm_real_0009__phonefact_g711_ulaw,0.9737604,0.9913825,0.99982905
phone_factorial_1200_v1,clean,sdm_real_0010__phonefact_g711_ulaw,0.61957824,0.00077792245,0.6269054
phone_factorial_1200_v1,clean,sdm_real_0011__phonefact_g711_ulaw,0.99078774,0.04323625,0.99502933
phone_factorial_1200_v1,clean,sdm_real_0012__phonefact_g711_ulaw,0.9830617,0.40858305,0.9977521
phone_factorial_1200_v1,clean,sdm_real_0013__phonefact_g711_ulaw,0.71122015,0.004435545,0.7005918
phone_factorial_1200_v1,clean,sdm_real_0014__phonefact_g711_ulaw,0.93908525,0.0012744421,0.96643543
phone_factorial_1200_v1,clean,sdm_real_0015__phonefact_g711_ulaw,0.9952785,0.9612801,0.99995506
phone_factorial_1200_v1,clean,sdm_real_0016__phonefact_g711_ulaw,0.99843395,0.9998491,1.0
phone_factorial_1200_v1,clean,sdm_real_0017__phonefact_g711_ulaw,0.98211485,0.010114917,0.9933314
phone_factorial_1200_v1,clean,sdm_real_0018__phonefact_g711_ulaw,0.91819215,0.12394999,0.95484424
phone_factorial_1200_v1,clean,sdm_real_0019__phonefact_g711_ulaw,0.9864148,0.33161885,0.9957647
phone_factorial_1200_v1,clean,sdm_real_0020__phonefact_g711_ulaw,0.36078665,0.15711406,0.49693176
phone_factorial_1200_v1,clean,sdm_real_0021__phonefact_g711_ulaw,0.9825933,0.43566805,0.9963406
phone_factorial_1200_v1,clean,sdm_real_0022__phonefact_g711_ulaw,0.9835224,2.7499696e-05,0.9872389
phone_factorial_1200_v1,clean,sdm_real_0023__phonefact_g711_ulaw,0.7218592,0.9942783,0.9990016
phone_factorial_1200_v1,clean,sdm_real_0024__phonefact_g711_ulaw,0.9313595,0.007858563,0.967016
phone_factorial_1200_v1,clean,sdm_real_0025__phonefact_g711_ulaw,0.96833515,0.068520874,0.98909223
phone_factorial_1200_v1,clean,sdm_real_0026__phonefact_g711_ulaw,0.9231211,0.00043926906,0.9422325
phone_factorial_1200_v1,clean,sdm_real_0027__phonefact_g711_ulaw,0.29098186,0.99333656,0.99750006
phone_factorial_1200_v1,clean,sdm_real_0028__phonefact_g711_ulaw,0.57332623,0.87150824,0.96840763
phone_factorial_1200_v1,clean,sdm_real_0029__phonefact_g711_ulaw,0.8757814,0.00018117524,0.8936323
phone_factorial_1200_v1,clean,sdm_real_0030__phonefact_g711_ulaw,0.9754092,0.102819234,0.99097013
phone_factorial_1200_v1,clean,sdm_real_0031__phonefact_g711_ulaw,0.8717624,0.011243496,0.89309525
phone_factorial_1200_v1,clean,sdm_real_0032__phonefact_g711_ulaw,0.7836127,1.0076346e-05,0.794328
phone_factorial_1200_v1,clean,sdm_real_0033__phonefact_g711_ulaw,0.9814385,0.28177947,0.995193
phone_factorial_1200_v1,clean,sdm_real_0034__phonefact_g711_ulaw,0.90008235,0.0025095877,0.9394779
phone_factorial_1200_v1,clean,sdm_real_0035__phonefact_g711_ulaw,0.9702146,0.0018739756,0.97486407
phone_factorial_1200_v1,clean,sdm_real_0036__phonefact_g711_ulaw,0.99319494,0.9925233,0.9999875
phone_factorial_1200_v1,clean,sdm_real_0037__phonefact_g711_ulaw,0.8418585,9.3500195e-05,0.84366286
phone_factorial_1200_v1,clean,sdm_real_0038__phonefact_g711_ulaw,0.8581808,0.0008867923,0.88328516
phone_factorial_1200_v1,clean,sdm_real_0039__phonefact_g711_ulaw,0.9719887,0.6368896,0.99529606
phone_factorial_1200_v1,clean,sdm_real_0040__phonefact_g711_ulaw,0.9310014,0.00073452725,0.9435073
phone_factorial_1200_v1,clean,sdm_real_0041__phonefact_g711_ulaw,0.9973873,0.8323431,0.9999341
phone_factorial_1200_v1,clean,sdm_real_0042__phonefact_g711_ulaw,0.9931071,0.24900505,0.9990227
phone_factorial_1200_v1,clean,sdm_real_0043__phonefact_g711_ulaw,0.8495788,2.3612907e-05,0.8519065
phone_factorial_1200_v1,clean,sdm_real_0044__phonefact_g711_ulaw,0.84133136,0.051064502,0.9572399
phone_factorial_1200_v1,clean,sdm_real_0045__phonefact_g711_ulaw,0.9903199,0.7496052,0.9993251
phone_factorial_1200_v1,clean,sdm_real_0046__phonefact_g711_ulaw,0.9439025,0.99662656,0.9999408
phone_factorial_1200_v1,clean,sdm_real_0047__phonefact_g711_ulaw,0.8173033,0.24254051,0.94733965
phone_factorial_1200_v1,clean,sdm_real_0048__phonefact_g711_ulaw,0.9775121,0.9880905,0.9998858
phone_factorial_1200_v1,clean,sdm_real_0049__phonefact_g711_ulaw,0.93624413,0.00044436334,0.9452784
phone_factorial_1200_v1,clean,sdxeq_0000__phonefact_g711_ulaw,0.98901224,1.774044e-06,0.98870206
phone_factorial_1200_v1,clean,sdxeq_0001__phonefact_g711_ulaw,0.9992757,3.969946e-05,0.9995203
phone_factorial_1200_v1,clean,sdxeq_0002__phonefact_g711_ulaw,0.9998239,0.015653849,0.9999479
phone_factorial_1200_v1,clean,sdxeq_0003__phonefact_g711_ulaw,0.99239224,0.021147737,0.99571
phone_factorial_1200_v1,clean,sdxeq_0004__phonefact_g711_ulaw,0.97978115,0.00020616702,0.973576
phone_factorial_1200_v1,clean,sdxeq_0005__phonefact_g711_ulaw,0.999962,0.0005854708,0.9999844
phone_factorial_1200_v1,clean,sdxeq_0006__phonefact_g711_ulaw,0.9964564,0.0001906747,0.9968565
phone_factorial_1200_v1,clean,sdxeq_0007__phonefact_g711_ulaw,0.99996525,0.46294156,0.99999446
phone_factorial_1200_v1,clean,sdxeq_0008__phonefact_g711_ulaw,0.9896696,0.00033264045,0.99026126
phone_factorial_1200_v1,clean,sdxeq_0009__phonefact_g711_ulaw,0.99986565,3.09677e-05,0.9998982
phone_factorial_1200_v1,clean,sdxeq_0010__phonefact_g711_ulaw,0.99480736,0.0038635312,0.99686146
phone_factorial_1200_v1,clean,sdxeq_0011__phonefact_g711_ulaw,0.084687516,0.6651015,0.743385
phone_factorial_1200_v1,clean,sdxeq_0012__phonefact_g711_ulaw,0.9999706,2.132995e-05,0.99997437
phone_factorial_1200_v1,clean,sdxeq_0013__phonefact_g711_ulaw,0.99993384,0.0034388807,0.99996567
phone_factorial_1200_v1,clean,sdxeq_0014__phonefact_g711_ulaw,0.99999195,0.17280918,0.99999887
phone_factorial_1200_v1,clean,sdxeq_0015__phonefact_g711_ulaw,0.9995311,0.047381736,0.99974847
phone_factorial_1200_v1,clean,sdxeq_0016__phonefact_g711_ulaw,0.9999993,0.022101998,0.9999999
phone_factorial_1200_v1,clean,sdxeq_0017__phonefact_g711_ulaw,0.9978335,1.5758465e-07,0.997792
phone_factorial_1200_v1,clean,sdxeq_0018__phonefact_g711_ulaw,0.9997895,0.0004716582,0.9998312
phone_factorial_1200_v1,clean,sdxeq_0019__phonefact_g711_ulaw,0.9995779,0.00789026,0.9998071
phone_factorial_1200_v1,clean,sdxeq_0020__phonefact_g711_ulaw,0.99975634,0.00054977264,0.99980277
phone_factorial_1200_v1,clean,sdxeq_0021__phonefact_g711_ulaw,0.9999882,0.45557463,0.9999989
phone_factorial_1200_v1,clean,sdxeq_0022__phonefact_g711_ulaw,0.99207664,1.1902005e-06,0.9918122
phone_factorial_1200_v1,clean,sdxeq_0023__phonefact_g711_ulaw,0.9997769,0.0021951501,0.9998398
phone_factorial_1200_v1,clean,sdxeq_0024__phonefact_g711_ulaw,0.9999285,0.0131784985,0.9999741
phone_factorial_1200_v1,clean,sdxeq_0025__phonefact_g711_ulaw,0.9997688,0.00054617866,0.9998554
phone_factorial_1200_v1,clean,sdxeq_0026__phonefact_g711_ulaw,0.99990946,0.2026376,0.99997956
phone_factorial_1200_v1,clean,sdxeq_0027__phonefact_g711_ulaw,0.99999905,0.39826494,0.99999994
phone_factorial_1200_v1,clean,sdxeq_0028__phonefact_g711_ulaw,0.99997425,0.93851113,0.99999964
phone_factorial_1200_v1,clean,sdxeq_0029__phonefact_g711_ulaw,0.99947566,0.9725857,0.9999971
phone_factorial_1200_v1,clean,sdxeq_0030__phonefact_g711_ulaw,1.0,0.6409533,1.0
phone_factorial_1200_v1,clean,sdxeq_0031__phonefact_g711_ulaw,0.9988285,0.98329616,0.99999523
phone_factorial_1200_v1,clean,sdxeq_0032__phonefact_g711_ulaw,0.99914825,0.99967825,1.0
phone_factorial_1200_v1,clean,sdxeq_0033__phonefact_g711_ulaw,0.99999976,0.38458756,0.99999994
phone_factorial_1200_v1,clean,sdxeq_0034__phonefact_g711_ulaw,0.99996233,0.9192216,0.9999993
phone_factorial_1200_v1,clean,sdxeq_0035__phonefact_g711_ulaw,0.99371815,0.99699336,0.99999523
phone_factorial_1200_v1,clean,sdxeq_0036__phonefact_g711_ulaw,0.999983,4.5594054e-05,0.9999923
phone_factorial_1200_v1,clean,sdxeq_0037__phonefact_g711_ulaw,0.9999982,0.82240176,1.0
phone_factorial_1200_v1,clean,sdxeq_0038__phonefact_g711_ulaw,0.99996674,0.9349262,0.9999996
phone_factorial_1200_v1,clean,sdxeq_0039__phonefact_g711_ulaw,0.9982227,0.011627095,0.99948114
phone_factorial_1200_v1,clean,sdxeq_0040__phonefact_g711_ulaw,0.99998486,0.9894506,1.0
phone_factorial_1200_v1,clean,sdxeq_0041__phonefact_g711_ulaw,0.9999665,0.00012733757,0.99997896
phone_factorial_1200_v1,clean,sdxeq_0042__phonefact_g711_ulaw,0.99994516,0.99856025,1.0
phone_factorial_1200_v1,clean,sdxeq_0043__phonefact_g711_ulaw,0.9936174,3.1705156e-05,0.99242425
phone_factorial_1200_v1,clean,sdxeq_0044__phonefact_g711_ulaw,0.9979562,0.9965302,0.9999975
phone_factorial_1200_v1,clean,sdxeq_0045__phonefact_g711_ulaw,0.99999905,0.0025909434,0.9999996
phone_factorial_1200_v1,clean,sdxeq_0046__phonefact_g711_ulaw,0.99997044,0.8882611,0.99999934
phone_factorial_1200_v1,clean,sdxeq_0047__phonefact_g711_ulaw,0.99977785,0.9998876,1.0
phone_factorial_1200_v1,clean,sdxeq_0048__phonefact_g711_ulaw,1.0,0.0015052243,1.0
phone_factorial_1200_v1,clean,sdxeq_0049__phonefact_g711_ulaw,0.9993297,0.9959266,0.9999989
phone_factorial_1200_v1,clean,sdxeq_0050__phonefact_g711_ulaw,0.9808321,0.12766379,0.99591327
phone_factorial_1200_v1,clean,sdxeq_0051__phonefact_g711_ulaw,0.9996027,1.1299966e-05,0.9996283
phone_factorial_1200_v1,clean,sdxeq_0052__phonefact_g711_ulaw,0.9999995,0.008242126,0.99999976
phone_factorial_1200_v1,clean,sdxeq_0053__phonefact_g711_ulaw,0.9998502,0.00019717179,0.9998683
phone_factorial_1200_v1,clean,sdxeq_0054__phonefact_g711_ulaw,0.9994656,3.6494343e-06,0.9995759
phone_factorial_1200_v1,clean,sdxeq_0055__phonefact_g711_ulaw,0.9999993,0.00036653364,0.99999976
phone_factorial_1200_v1,clean,sdxeq_0056__phonefact_g711_ulaw,0.99999774,0.00011929544,0.9999989
phone_factorial_1200_v1,clean,sdxeq_0057__phonefact_g711_ulaw,0.9719251,6.185719e-06,0.9676828
phone_factorial_1200_v1,clean,sdxeq_0058__phonefact_g711_ulaw,0.99999887,0.40353262,0.9999998
phone_factorial_1200_v1,clean,sdxeq_0059__phonefact_g711_ulaw,0.9845362,0.049525645,0.9861835
phone_factorial_1200_v1,clean,sdxeq_0060__phonefact_g711_ulaw,0.9999573,0.71092975,0.9999974
phone_factorial_1200_v1,clean,sdxeq_0061__phonefact_g711_ulaw,0.9998912,0.00012552828,0.999942
phone_factorial_1200_v1,clean,sdxeq_0062__phonefact_g711_ulaw,0.998585,0.0022872025,0.9989774
phone_factorial_1200_v1,clean,sdxeq_0063__phonefact_g711_ulaw,0.9996964,1.3800185e-05,0.9997328
phone_factorial_1200_v1,clean,sdxeq_0064__phonefact_g711_ulaw,0.9996215,0.003908102,0.9996836
phone_factorial_1200_v1,clean,sdxeq_0065__phonefact_g711_ulaw,0.9170326,0.00091009896,0.93844485
phone_factorial_1200_v1,clean,sdxeq_0066__phonefact_g711_ulaw,0.9999894,0.0026085721,0.9999952
phone_factorial_1200_v1,clean,sdxeq_0067__phonefact_g711_ulaw,0.99999905,0.00015674907,0.9999995
phone_factorial_1200_v1,clean,sdxeq_0068__phonefact_g711_ulaw,0.99767554,1.8282117e-05,0.99774677
phone_factorial_1200_v1,clean,sdxeq_0069__phonefact_g711_ulaw,0.9861461,0.009705163,0.99418676
phone_factorial_1200_v1,clean,sdxeq_0070__phonefact_g711_ulaw,0.9972949,0.060917966,0.9991398
phone_factorial_1200_v1,clean,sdxeq_0071__phonefact_g711_ulaw,0.55099833,0.72864425,0.98946106
phone_factorial_1200_v1,clean,sdxeq_0072__phonefact_g711_ulaw,0.99999774,0.0022375835,0.99999917
phone_factorial_1200_v1,clean,sdxeq_0073__phonefact_g711_ulaw,1.0,0.0076039406,1.0
phone_factorial_1200_v1,clean,sdxeq_0074__phonefact_g711_ulaw,0.99887437,5.8904916e-05,0.9990376
phone_factorial_1200_v1,clean,sdxeq_0075__phonefact_g711_ulaw,0.9999225,0.9422151,0.99999917
phone_factorial_1200_v1,clean,sdxeq_0076__phonefact_g711_ulaw,0.99999976,0.0006548268,0.9999999
phone_factorial_1200_v1,clean,sdxeq_0077__phonefact_g711_ulaw,0.99999344,0.3639113,0.9999985
phone_factorial_1200_v1,clean,sdxeq_0078__phonefact_g711_ulaw,0.99999845,0.29612035,0.9999997
phone_factorial_1200_v1,clean,sdxeq_0079__phonefact_g711_ulaw,0.99999994,0.011932176,1.0
phone_factorial_1200_v1,clean,sdxeq_0080__phonefact_g711_ulaw,0.9999999,0.17485015,1.0
phone_factorial_1200_v1,clean,sdxeq_0081__phonefact_g711_ulaw,0.99979377,0.0050574383,0.99989015
phone_factorial_1200_v1,clean,sdxeq_0082__phonefact_g711_ulaw,0.99964416,3.7413931e-06,0.99968755
phone_factorial_1200_v1,clean,sdxeq_0083__phonefact_g711_ulaw,0.9999975,0.033306155,0.99999905
phone_factorial_1200_v1,clean,sdxeq_0084__phonefact_g711_ulaw,0.9999957,0.00064998027,0.99999803
phone_factorial_1200_v1,clean,sdxeq_0085__phonefact_g711_ulaw,0.9999999,0.8569459,1.0
phone_factorial_1200_v1,clean,sdxeq_0086__phonefact_g711_ulaw,0.99999726,3.924714e-05,0.999998
phone_factorial_1200_v1,clean,sdxeq_0087__phonefact_g711_ulaw,0.9820318,6.5726075e-05,0.98293376
phone_factorial_1200_v1,clean,sdxeq_0088__phonefact_g711_ulaw,0.9546479,3.6636911e-06,0.9436822
phone_factorial_1200_v1,clean,sdxeq_0089__phonefact_g711_ulaw,0.846578,9.296125e-05,0.8412533
phone_factorial_1200_v1,clean,sdxeq_0090__phonefact_g711_ulaw,0.9999999,7.10316e-05,0.9999999
phone_factorial_1200_v1,clean,sdxeq_0091__phonefact_g711_ulaw,0.99998194,0.02017191,0.9999933
phone_factorial_1200_v1,clean,sdxeq_0092__phonefact_g711_ulaw,0.9999999,0.4864692,1.0
phone_factorial_1200_v1,clean,sdxeq_0093__phonefact_g711_ulaw,0.9877674,0.00018095515,0.98789406
phone_factorial_1200_v1,clean,sdxeq_0094__phonefact_g711_ulaw,0.99999523,0.0031627193,0.99999785
phone_factorial_1200_v1,clean,sdxeq_0095__phonefact_g711_ulaw,0.9904288,0.28544384,0.99479467
phone_factorial_1200_v1,clean,sdxeq_0096__phonefact_g711_ulaw,0.9999982,0.96576273,1.0
phone_factorial_1200_v1,clean,sdxeq_0097__phonefact_g711_ulaw,1.0,0.41724706,1.0
phone_factorial_1200_v1,clean,sdxeq_0098__phonefact_g711_ulaw,0.9999978,0.00018909402,0.99999887
phone_factorial_1200_v1,clean,sdxeq_0099__phonefact_g711_ulaw,0.99998504,0.71514827,0.99999845
phone_factorial_1200_v1,clean,voice_0000__phonefact_g711_ulaw,0.08392376,0.004645728,0.14774963
phone_factorial_1200_v1,clean,voice_0001__phonefact_g711_ulaw,0.9999988,0.8727038,1.0
phone_factorial_1200_v1,clean,voice_0002__phonefact_g711_ulaw,0.145043,0.82073665,0.9011204
phone_factorial_1200_v1,clean,voice_0003__phonefact_g711_ulaw,0.9966231,0.0429931,0.99961114
phone_factorial_1200_v1,clean,voice_0004__phonefact_g711_ulaw,0.99995416,0.0040289764,0.9999684
phone_factorial_1200_v1,clean,voice_0005__phonefact_g711_ulaw,0.0052689346,0.47397256,0.6636847
phone_factorial_1200_v1,clean,voice_0006__phonefact_g711_ulaw,0.043964934,0.025063498,0.23356411
phone_factorial_1200_v1,clean,voice_0007__phonefact_g711_ulaw,0.00047375803,0.0035783153,0.0153473215
phone_factorial_1200_v1,clean,voice_0008__phonefact_g711_ulaw,0.99994564,0.77295005,0.99999917
phone_factorial_1200_v1,clean,voice_0009__phonefact_g711_ulaw,1.0,0.060741067,1.0
phone_factorial_1200_v1,clean,voice_0010__phonefact_g711_ulaw,0.005878322,0.99156225,0.99613976
phone_factorial_1200_v1,clean,voice_0011__phonefact_g711_ulaw,0.03956821,0.10685981,0.56095266
phone_factorial_1200_v1,clean,voice_0012__phonefact_g711_ulaw,0.16999899,0.0058704293,0.43336123
phone_factorial_1200_v1,clean,voice_0013__phonefact_g711_ulaw,0.10850042,0.40635133,0.7994067
phone_factorial_1200_v1,clean,voice_0014__phonefact_g711_ulaw,0.3196141,0.021661034,0.568979
phone_factorial_1200_v1,clean,voice_0015__phonefact_g711_ulaw,0.000768976,0.30778491,0.48805413
phone_factorial_1200_v1,clean,voice_0016__phonefact_g711_ulaw,0.0033670368,0.029412938,0.09519898
phone_factorial_1200_v1,clean,voice_0017__phonefact_g711_ulaw,0.00042621134,0.07430761,0.20221977
phone_factorial_1200_v1,clean,voice_0018__phonefact_g711_ulaw,1.0,0.36108804,1.0
phone_factorial_1200_v1,clean,voice_0019__phonefact_g711_ulaw,0.6186153,0.014943261,0.81683916
phone_factorial_1200_v1,clean,voice_0020__phonefact_g711_ulaw,8.2387865e-05,0.0008268239,0.0034535246
phone_factorial_1200_v1,clean,voice_0021__phonefact_g711_ulaw,0.9999057,0.009440789,0.9999545
phone_factorial_1200_v1,clean,voice_0022__phonefact_g711_ulaw,0.43098715,0.014102394,0.5449908
phone_factorial_1200_v1,clean,voice_0023__phonefact_g711_ulaw,0.99827504,0.002349228,0.9990599
phone_factorial_1200_v1,clean,voice_0024__phonefact_g711_ulaw,4.320785e-06,0.00014141932,0.00044970782
phone_factorial_1200_v1,clean,voice_0025__phonefact_g711_ulaw,0.9812601,0.6412224,0.99888265
phone_factorial_1200_v1,clean,voice_0026__phonefact_g711_ulaw,0.99998665,0.0033064915,0.99999523
phone_factorial_1200_v1,clean,voice_0027__phonefact_g711_ulaw,0.0014034125,0.00094407203,0.019836118
phone_factorial_1200_v1,clean,voice_0028__phonefact_g711_ulaw,0.8678238,0.3033867,0.9797565
phone_factorial_1200_v1,clean,voice_0029__phonefact_g711_ulaw,3.9908304e-05,0.0011114372,0.009197758
phone_factorial_1200_v1,clean,voice_0030__phonefact_g711_ulaw,0.0026126297,0.0010835269,0.013033846
phone_factorial_1200_v1,clean,voice_0031__phonefact_g711_ulaw,0.00021008862,0.0010874071,0.048571
phone_factorial_1200_v1,clean,voice_0032__phonefact_g711_ulaw,0.03151495,0.00087309,0.078275084
phone_factorial_1200_v1,clean,voice_0033__phonefact_g711_ulaw,0.007712365,0.118488625,0.43901885
phone_factorial_1200_v1,clean,voice_0034__phonefact_g711_ulaw,0.019930143,0.005998458,0.104097165
phone_factorial_1200_v1,clean,voice_0035__phonefact_g711_ulaw,5.688244e-05,0.0028152622,0.012374316
phone_factorial_1200_v1,clean,voice_0036__phonefact_g711_ulaw,0.9887556,0.005875833,0.9931752
phone_factorial_1200_v1,clean,voice_0037__phonefact_g711_ulaw,0.00666132,0.9729435,0.9785961
phone_factorial_1200_v1,clean,voice_0038__phonefact_g711_ulaw,0.21414486,0.019857563,0.52161825
phone_factorial_1200_v1,clean,voice_0039__phonefact_g711_ulaw,0.99999696,0.029217185,0.9999988
phone_factorial_1200_v1,clean,voice_0040__phonefact_g711_ulaw,0.9999671,0.06436312,0.9999942
phone_factorial_1200_v1,clean,voice_0041__phonefact_g711_ulaw,0.99757683,0.0024754363,0.99909234
phone_factorial_1200_v1,clean,voice_0042__phonefact_g711_ulaw,2.89591e-05,0.80943,0.8938129
phone_factorial_1200_v1,clean,voice_0043__phonefact_g711_ulaw,6.1704406e-05,0.0078042625,0.036063828
phone_factorial_1200_v1,clean,voice_0044__phonefact_g711_ulaw,0.0004686398,3.340454e-05,0.0012821634
phone_factorial_1200_v1,clean,voice_0045__phonefact_g711_ulaw,0.8143322,0.73044294,0.97915834
phone_factorial_1200_v1,clean,voice_0046__phonefact_g711_ulaw,0.99999833,0.014817398,0.99999964
phone_factorial_1200_v1,clean,voice_0047__phonefact_g711_ulaw,0.92364526,0.27585483,0.98398685
phone_factorial_1200_v1,clean,voice_0048__phonefact_g711_ulaw,0.99995667,0.95956063,0.99999976
phone_factorial_1200_v1,clean,voice_0049__phonefact_g711_ulaw,0.008615177,0.9652159,0.9693241
phone_factorial_1200_v1,clean,voice_0100__phonefact_g711_ulaw,1.0,0.96799594,1.0
phone_factorial_1200_v1,clean,voice_0101__phonefact_g711_ulaw,0.9999969,0.8717778,0.9999999
phone_factorial_1200_v1,clean,voice_0102__phonefact_g711_ulaw,0.9999912,0.9997642,1.0
phone_factorial_1200_v1,clean,voice_0103__phonefact_g711_ulaw,1.0,0.6537213,1.0
phone_factorial_1200_v1,clean,voice_0104__phonefact_g711_ulaw,0.99999595,0.99656177,1.0
phone_factorial_1200_v1,clean,voice_0105__phonefact_g711_ulaw,1.0,0.97681606,1.0
phone_factorial_1200_v1,clean,voice_0106__phonefact_g711_ulaw,0.9999932,0.0030225562,0.99999726
phone_factorial_1200_v1,clean,voice_0107__phonefact_g711_ulaw,0.99999154,0.99465543,1.0
phone_factorial_1200_v1,clean,voice_0108__phonefact_g711_ulaw,0.9998611,0.7557334,0.9999975
phone_factorial_1200_v1,clean,voice_0109__phonefact_g711_ulaw,0.9999998,0.99860585,1.0
phone_factorial_1200_v1,clean,voice_0110__phonefact_g711_ulaw,0.99991107,0.42067564,0.9999875
phone_factorial_1200_v1,clean,voice_0111__phonefact_g711_ulaw,0.9999997,0.9999701,1.0
phone_factorial_1200_v1,clean,voice_0112__phonefact_g711_ulaw,0.99999994,0.08456339,1.0
phone_factorial_1200_v1,clean,voice_0113__phonefact_g711_ulaw,0.89665115,0.20691407,0.98970866
phone_factorial_1200_v1,clean,voice_0114__phonefact_g711_ulaw,0.9999994,0.37818658,0.99999994
phone_factorial_1200_v1,clean,voice_0115__phonefact_g711_ulaw,0.9999906,0.999537,1.0
phone_factorial_1200_v1,clean,voice_0116__phonefact_g711_ulaw,0.9998742,0.9999458,1.0
phone_factorial_1200_v1,clean,voice_0117__phonefact_g711_ulaw,0.99999976,0.9957253,1.0
phone_factorial_1200_v1,clean,voice_0118__phonefact_g711_ulaw,0.9999976,0.732375,0.99999994
phone_factorial_1200_v1,clean,voice_0119__phonefact_g711_ulaw,0.99999017,0.42448568,0.9999987
phone_factorial_1200_v1,clean,voice_0120__phonefact_g711_ulaw,1.0,0.998234,1.0
phone_factorial_1200_v1,clean,voice_0121__phonefact_g711_ulaw,0.99999917,0.8145994,1.0
phone_factorial_1200_v1,clean,voice_0122__phonefact_g711_ulaw,0.9999956,0.9997231,1.0
phone_factorial_1200_v1,clean,voice_0123__phonefact_g711_ulaw,0.9979207,0.06407061,0.99959135
phone_factorial_1200_v1,clean,voice_0124__phonefact_g711_ulaw,0.99458146,0.99627614,0.99999887
phone_factorial_1200_v1,clean,voice_0125__phonefact_g711_ulaw,0.99944484,0.9994568,0.9999999
phone_factorial_1200_v1,clean,voice_0126__phonefact_g711_ulaw,0.9999999,0.99602497,1.0
phone_factorial_1200_v1,clean,voice_0127__phonefact_g711_ulaw,0.99999994,0.9971803,1.0
phone_factorial_1200_v1,clean,voice_0128__phonefact_g711_ulaw,0.9999982,0.09229691,0.99999964
phone_factorial_1200_v1,clean,voice_0129__phonefact_g711_ulaw,1.0,0.94729966,1.0
phone_factorial_1200_v1,clean,voice_0130__phonefact_g711_ulaw,0.9999707,0.99695146,1.0
phone_factorial_1200_v1,clean,voice_0131__phonefact_g711_ulaw,0.99999964,0.99100786,1.0
phone_factorial_1200_v1,clean,voice_0132__phonefact_g711_ulaw,0.9999985,0.70722824,0.99999994
phone_factorial_1200_v1,clean,voice_0133__phonefact_g711_ulaw,0.9999999,0.9900555,1.0
phone_factorial_1200_v1,clean,voice_0134__phonefact_g711_ulaw,0.8132076,0.4835322,0.98212487
phone_factorial_1200_v1,clean,voice_0135__phonefact_g711_ulaw,0.99997205,0.08711992,0.9999864
phone_factorial_1200_v1,clean,voice_0136__phonefact_g711_ulaw,0.9999998,0.84193355,1.0
phone_factorial_1200_v1,clean,voice_0137__phonefact_g711_ulaw,0.99999976,0.9505894,1.0
phone_factorial_1200_v1,clean,voice_0138__phonefact_g711_ulaw,0.9999999,0.998801,1.0
phone_factorial_1200_v1,clean,voice_0139__phonefact_g711_ulaw,0.99998415,0.9994538,1.0
phone_factorial_1200_v1,clean,voice_0140__phonefact_g711_ulaw,1.0,0.0121724475,1.0
phone_factorial_1200_v1,clean,voice_0141__phonefact_g711_ulaw,1.0,0.93605024,1.0
phone_factorial_1200_v1,clean,voice_0142__phonefact_g711_ulaw,0.9993067,0.9997376,1.0
phone_factorial_1200_v1,clean,voice_0143__phonefact_g711_ulaw,1.0,0.8859594,1.0
phone_factorial_1200_v1,clean,voice_0144__phonefact_g711_ulaw,0.99990654,0.9999229,1.0
phone_factorial_1200_v1,clean,voice_0145__phonefact_g711_ulaw,0.99999994,0.741115,1.0
phone_factorial_1200_v1,clean,voice_0146__phonefact_g711_ulaw,0.99999917,0.9967919,1.0
phone_factorial_1200_v1,clean,voice_0147__phonefact_g711_ulaw,1.0,0.9963624,1.0
phone_factorial_1200_v1,clean,voice_0148__phonefact_g711_ulaw,0.99999875,0.82050645,1.0
phone_factorial_1200_v1,clean,voice_0149__phonefact_g711_ulaw,0.99999976,0.9223014,1.0
phone_factorial_1200_v1,clean,sdm_fake_0000__phonefact_g726_24k,0.9993246,0.5902743,0.9999031
phone_factorial_1200_v1,clean,sdm_fake_0001__phonefact_g726_24k,0.99779564,0.2614895,0.999522
phone_factorial_1200_v1,clean,sdm_fake_0002__phonefact_g726_24k,0.9116544,0.4990105,0.9762933
phone_factorial_1200_v1,clean,sdm_fake_0003__phonefact_g726_24k,0.9063802,2.8535194e-05,0.9090572
phone_factorial_1200_v1,clean,sdm_fake_0004__phonefact_g726_24k,0.9677113,0.9990071,0.9999922
phone_factorial_1200_v1,clean,sdm_fake_0005__phonefact_g726_24k,0.9961077,0.24998242,0.99912137
phone_factorial_1200_v1,clean,sdm_fake_0006__phonefact_g726_24k,0.8987772,0.017482009,0.9333175
phone_factorial_1200_v1,clean,sdm_fake_0007__phonefact_g726_24k,0.9967458,0.85764134,0.99987394
phone_factorial_1200_v1,clean,sdm_fake_0008__phonefact_g726_24k,0.7820376,0.82164896,0.9829868
phone_factorial_1200_v1,clean,sdm_fake_0009__phonefact_g726_24k,0.93894875,0.8734395,0.99779904
phone_factorial_1200_v1,clean,sdm_fake_0010__phonefact_g726_24k,0.9934144,0.22458592,0.9983047
phone_factorial_1200_v1,clean,sdm_fake_0011__phonefact_g726_24k,0.952031,0.9951914,0.9999309
phone_factorial_1200_v1,clean,sdm_fake_0012__phonefact_g726_24k,0.995883,0.042854607,0.9979232
phone_factorial_1200_v1,clean,sdm_fake_0013__phonefact_g726_24k,0.9959968,0.95306313,0.9999687
phone_factorial_1200_v1,clean,sdm_fake_0014__phonefact_g726_24k,0.9982016,0.00048207014,0.99868006
phone_factorial_1200_v1,clean,sdm_fake_0015__phonefact_g726_24k,0.97895956,0.99873483,0.99998903
phone_factorial_1200_v1,clean,sdm_fake_0016__phonefact_g726_24k,0.9078035,0.23505445,0.9693165
phone_factorial_1200_v1,clean,sdm_fake_0017__phonefact_g726_24k,0.9904619,0.9142942,0.999719
phone_factorial_1200_v1,clean,sdm_fake_0018__phonefact_g726_24k,0.9962828,0.5882975,0.9995135
phone_factorial_1200_v1,clean,sdm_fake_0019__phonefact_g726_24k,0.7095777,0.001532942,0.77563936
phone_factorial_1200_v1,clean,sdm_fake_0020__phonefact_g726_24k,0.99939495,0.00043268158,0.9996339
phone_factorial_1200_v1,clean,sdm_fake_0021__phonefact_g726_24k,0.9866698,0.9655602,0.9998638
phone_factorial_1200_v1,clean,sdm_fake_0022__phonefact_g726_24k,0.99679,0.9999636,1.0
phone_factorial_1200_v1,clean,sdm_fake_0023__phonefact_g726_24k,0.9921751,0.9996435,0.999999
phone_factorial_1200_v1,clean,sdm_fake_0024__phonefact_g726_24k,0.9543406,0.928195,0.9992231
phone_factorial_1200_v1,clean,sdm_fake_0025__phonefact_g726_24k,0.87966835,0.8751893,0.9929062
phone_factorial_1200_v1,clean,sdm_fake_0026__phonefact_g726_24k,0.9871398,0.9987662,0.9999955
phone_factorial_1200_v1,clean,sdm_fake_0027__phonefact_g726_24k,0.95525205,0.0007029853,0.9662822
phone_factorial_1200_v1,clean,sdm_fake_0028__phonefact_g726_24k,0.98299557,0.9972261,0.9999916
phone_factorial_1200_v1,clean,sdm_fake_0029__phonefact_g726_24k,0.9968599,0.015202826,0.9985584
phone_factorial_1200_v1,clean,sdm_fake_0030__phonefact_g726_24k,0.9655509,0.034186702,0.98543733
phone_factorial_1200_v1,clean,sdm_fake_0031__phonefact_g726_24k,0.9940983,0.9998261,0.9999998
phone_factorial_1200_v1,clean,sdm_fake_0032__phonefact_g726_24k,0.893674,0.9941337,0.99979895
phone_factorial_1200_v1,clean,sdm_fake_0033__phonefact_g726_24k,0.99148047,0.98654765,0.9999708
phone_factorial_1200_v1,clean,sdm_fake_0034__phonefact_g726_24k,0.9986719,0.8798007,0.9999676
phone_factorial_1200_v1,clean,sdm_fake_0035__phonefact_g726_24k,0.90621734,0.9342816,0.99653006
phone_factorial_1200_v1,clean,sdm_fake_0036__phonefact_g726_24k,0.9899831,0.20893073,0.9967615
phone_factorial_1200_v1,clean,sdm_fake_0037__phonefact_g726_24k,0.9568502,0.7764723,0.9973282
phone_factorial_1200_v1,clean,sdm_fake_0038__phonefact_g726_24k,0.9940156,0.99833465,0.9999986
phone_factorial_1200_v1,clean,sdm_fake_0039__phonefact_g726_24k,0.97586787,0.9994607,0.999997
phone_factorial_1200_v1,clean,sdm_fake_0040__phonefact_g726_24k,0.99925435,0.0054995837,0.9996611
phone_factorial_1200_v1,clean,sdm_fake_0041__phonefact_g726_24k,0.97725487,0.96679246,0.9997752
phone_factorial_1200_v1,clean,sdm_fake_0042__phonefact_g726_24k,0.9683852,0.9983031,0.999986
phone_factorial_1200_v1,clean,sdm_fake_0043__phonefact_g726_24k,0.9941754,0.42669153,0.99913865
phone_factorial_1200_v1,clean,sdm_fake_0044__phonefact_g726_24k,0.9801116,0.0030479121,0.9861061
phone_factorial_1200_v1,clean,sdm_fake_0045__phonefact_g726_24k,0.99111176,0.6869781,0.99907625
phone_factorial_1200_v1,clean,sdm_fake_0046__phonefact_g726_24k,0.9961219,0.9813147,0.999983
phone_factorial_1200_v1,clean,sdm_fake_0047__phonefact_g726_24k,0.95902586,0.00014560597,0.96245813
phone_factorial_1200_v1,clean,sdm_fake_0048__phonefact_g726_24k,0.99510473,0.8599249,0.9998076
phone_factorial_1200_v1,clean,sdm_fake_0049__phonefact_g726_24k,0.9970292,0.50876355,0.99967676
phone_factorial_1200_v1,clean,sdm_real_0000__phonefact_g726_24k,0.9755787,0.53851765,0.99597824
phone_factorial_1200_v1,clean,sdm_real_0001__phonefact_g726_24k,0.9517713,0.0030232728,0.95638925
phone_factorial_1200_v1,clean,sdm_real_0002__phonefact_g726_24k,0.9042865,0.0006115866,0.9083286
phone_factorial_1200_v1,clean,sdm_real_0003__phonefact_g726_24k,0.9883796,0.11925056,0.99797237
phone_factorial_1200_v1,clean,sdm_real_0004__phonefact_g726_24k,0.8668226,0.00030681634,0.8688874
phone_factorial_1200_v1,clean,sdm_real_0005__phonefact_g726_24k,0.96288806,6.91604e-05,0.9665121
phone_factorial_1200_v1,clean,sdm_real_0006__phonefact_g726_24k,0.95990884,0.00014268368,0.9707857
phone_factorial_1200_v1,clean,sdm_real_0007__phonefact_g726_24k,0.9136462,0.00586278,0.9665155
phone_factorial_1200_v1,clean,sdm_real_0008__phonefact_g726_24k,0.81929225,0.044582095,0.90272355
phone_factorial_1200_v1,clean,sdm_real_0009__phonefact_g726_24k,0.9905005,0.8719972,0.99907935
phone_factorial_1200_v1,clean,sdm_real_0010__phonefact_g726_24k,0.7146281,0.0004763671,0.7323388
phone_factorial_1200_v1,clean,sdm_real_0011__phonefact_g726_24k,0.9859172,0.14094278,0.9948306
phone_factorial_1200_v1,clean,sdm_real_0012__phonefact_g726_24k,0.9718271,0.08228205,0.98286873
phone_factorial_1200_v1,clean,sdm_real_0013__phonefact_g726_24k,0.85864174,0.032758545,0.8735045
phone_factorial_1200_v1,clean,sdm_real_0014__phonefact_g726_24k,0.9061887,0.013111204,0.952613
phone_factorial_1200_v1,clean,sdm_real_0015__phonefact_g726_24k,0.99435633,0.9991757,0.99999833
phone_factorial_1200_v1,clean,sdm_real_0016__phonefact_g726_24k,0.9985845,0.9999294,1.0
phone_factorial_1200_v1,clean,sdm_real_0017__phonefact_g726_24k,0.9621641,0.010086031,0.980602
phone_factorial_1200_v1,clean,sdm_real_0018__phonefact_g726_24k,0.94317764,0.08079402,0.9749223
phone_factorial_1200_v1,clean,sdm_real_0019__phonefact_g726_24k,0.9878987,0.9567057,0.9998312
phone_factorial_1200_v1,clean,sdm_real_0020__phonefact_g726_24k,0.32382056,0.21087846,0.5000484
phone_factorial_1200_v1,clean,sdm_real_0021__phonefact_g726_24k,0.98269224,0.72157776,0.9980253
phone_factorial_1200_v1,clean,sdm_real_0022__phonefact_g726_24k,0.9873005,0.00025471053,0.9912961
phone_factorial_1200_v1,clean,sdm_real_0023__phonefact_g726_24k,0.68340254,0.99880874,0.99983114
phone_factorial_1200_v1,clean,sdm_real_0024__phonefact_g726_24k,0.93158233,0.012513505,0.94439185
phone_factorial_1200_v1,clean,sdm_real_0025__phonefact_g726_24k,0.9603717,0.26362807,0.9903852
phone_factorial_1200_v1,clean,sdm_real_0026__phonefact_g726_24k,0.951085,0.006343773,0.96448076
phone_factorial_1200_v1,clean,sdm_real_0027__phonefact_g726_24k,0.1518135,0.99907494,0.9995145
phone_factorial_1200_v1,clean,sdm_real_0028__phonefact_g726_24k,0.538573,0.83396494,0.96571183
phone_factorial_1200_v1,clean,sdm_real_0029__phonefact_g726_24k,0.9513953,0.0050956993,0.97567534
phone_factorial_1200_v1,clean,sdm_real_0030__phonefact_g726_24k,0.98099995,0.37755755,0.9966707
phone_factorial_1200_v1,clean,sdm_real_0031__phonefact_g726_24k,0.9023886,0.26029217,0.9591646
phone_factorial_1200_v1,clean,sdm_real_0032__phonefact_g726_24k,0.6412282,1.7976947e-05,0.6389957
phone_factorial_1200_v1,clean,sdm_real_0033__phonefact_g726_24k,0.9730416,0.26243848,0.9920989
phone_factorial_1200_v1,clean,sdm_real_0034__phonefact_g726_24k,0.90070164,0.0031070968,0.92795545
phone_factorial_1200_v1,clean,sdm_real_0035__phonefact_g726_24k,0.9687699,0.01062711,0.97399247
phone_factorial_1200_v1,clean,sdm_real_0036__phonefact_g726_24k,0.99753237,0.9984792,0.99999875
phone_factorial_1200_v1,clean,sdm_real_0037__phonefact_g726_24k,0.8759799,0.0003850442,0.87506276
phone_factorial_1200_v1,clean,sdm_real_0038__phonefact_g726_24k,0.8737267,0.0035758791,0.8879492
phone_factorial_1200_v1,clean,sdm_real_0039__phonefact_g726_24k,0.96832305,0.5854409,0.9936215
phone_factorial_1200_v1,clean,sdm_real_0040__phonefact_g726_24k,0.9673052,0.0050074765,0.9838153
phone_factorial_1200_v1,clean,sdm_real_0041__phonefact_g726_24k,0.9970958,0.97992516,0.9999914
phone_factorial_1200_v1,clean,sdm_real_0042__phonefact_g726_24k,0.98943555,0.121816784,0.9977615
phone_factorial_1200_v1,clean,sdm_real_0043__phonefact_g726_24k,0.88891387,6.97146e-05,0.8916005
phone_factorial_1200_v1,clean,sdm_real_0044__phonefact_g726_24k,0.35048008,0.009841991,0.6759294
phone_factorial_1200_v1,clean,sdm_real_0045__phonefact_g726_24k,0.9835861,0.5241442,0.9977045
phone_factorial_1200_v1,clean,sdm_real_0046__phonefact_g726_24k,0.8696447,0.96732366,0.99868715
phone_factorial_1200_v1,clean,sdm_real_0047__phonefact_g726_24k,0.7312449,0.6846708,0.9677143
phone_factorial_1200_v1,clean,sdm_real_0048__phonefact_g726_24k,0.9407253,0.90398145,0.9979748
phone_factorial_1200_v1,clean,sdm_real_0049__phonefact_g726_24k,0.9767442,0.00061665184,0.98174584
phone_factorial_1200_v1,clean,sdxeq_0000__phonefact_g726_24k,0.9419912,1.2810087e-06,0.9357277
phone_factorial_1200_v1,clean,sdxeq_0001__phonefact_g726_24k,0.99913794,2.59945e-05,0.9994743
phone_factorial_1200_v1,clean,sdxeq_0002__phonefact_g726_24k,0.99979615,0.0026353628,0.99992657
phone_factorial_1200_v1,clean,sdxeq_0003__phonefact_g726_24k,0.98467064,0.0065180706,0.98691064
phone_factorial_1200_v1,clean,sdxeq_0004__phonefact_g726_24k,0.9922668,0.00080020755,0.9909296
phone_factorial_1200_v1,clean,sdxeq_0005__phonefact_g726_24k,0.99997693,0.003872306,0.9999933
phone_factorial_1200_v1,clean,sdxeq_0006__phonefact_g726_24k,0.8312798,4.039275e-05,0.81282866
phone_factorial_1200_v1,clean,sdxeq_0007__phonefact_g726_24k,0.9999074,0.1364207,0.9999813
phone_factorial_1200_v1,clean,sdxeq_0008__phonefact_g726_24k,0.99144197,0.00012018999,0.9901633
phone_factorial_1200_v1,clean,sdxeq_0009__phonefact_g726_24k,0.9999827,0.0001288825,0.9999894
phone_factorial_1200_v1,clean,sdxeq_0010__phonefact_g726_24k,0.31499845,0.0037152166,0.44373906
phone_factorial_1200_v1,clean,sdxeq_0011__phonefact_g726_24k,0.03263466,0.7399957,0.8118107
phone_factorial_1200_v1,clean,sdxeq_0012__phonefact_g726_24k,0.99994063,1.2157308e-05,0.99995005
phone_factorial_1200_v1,clean,sdxeq_0013__phonefact_g726_24k,0.9999535,0.64224267,0.99999785
phone_factorial_1200_v1,clean,sdxeq_0014__phonefact_g726_24k,0.9999789,0.70306826,0.9999994
phone_factorial_1200_v1,clean,sdxeq_0015__phonefact_g726_24k,0.99918735,0.42207935,0.9997927
phone_factorial_1200_v1,clean,sdxeq_0016__phonefact_g726_24k,0.9999974,0.007677017,0.9999994
phone_factorial_1200_v1,clean,sdxeq_0017__phonefact_g726_24k,0.99899286,1.1490722e-06,0.9990027
phone_factorial_1200_v1,clean,sdxeq_0018__phonefact_g726_24k,0.99899095,0.00014299393,0.99903905
phone_factorial_1200_v1,clean,sdxeq_0019__phonefact_g726_24k,0.9997352,0.0030558375,0.9998537
phone_factorial_1200_v1,clean,sdxeq_0020__phonefact_g726_24k,0.999694,0.00012985064,0.9997343
phone_factorial_1200_v1,clean,sdxeq_0021__phonefact_g726_24k,0.9999692,0.99370885,1.0
phone_factorial_1200_v1,clean,sdxeq_0022__phonefact_g726_24k,0.9955534,1.6866993e-06,0.99549073
phone_factorial_1200_v1,clean,sdxeq_0023__phonefact_g726_24k,0.99978435,0.0018414289,0.9998517
phone_factorial_1200_v1,clean,sdxeq_0024__phonefact_g726_24k,0.99937963,7.6835284e-05,0.9995181
phone_factorial_1200_v1,clean,sdxeq_0025__phonefact_g726_24k,0.9997343,0.0050633866,0.99986434
phone_factorial_1200_v1,clean,sdxeq_0026__phonefact_g726_24k,0.999738,0.058655895,0.99988335
phone_factorial_1200_v1,clean,sdxeq_0027__phonefact_g726_24k,0.99999654,0.002816028,0.9999993
phone_factorial_1200_v1,clean,sdxeq_0028__phonefact_g726_24k,0.9999757,0.23776773,0.99999666
phone_factorial_1200_v1,clean,sdxeq_0029__phonefact_g726_24k,0.9988053,0.48521203,0.9998298
phone_factorial_1200_v1,clean,sdxeq_0030__phonefact_g726_24k,1.0,0.09538883,1.0
phone_factorial_1200_v1,clean,sdxeq_0031__phonefact_g726_24k,0.9984219,0.98930866,0.99999607
phone_factorial_1200_v1,clean,sdxeq_0032__phonefact_g726_24k,0.99420273,0.9992044,0.99999964
phone_factorial_1200_v1,clean,sdxeq_0033__phonefact_g726_24k,0.9999989,0.016999058,0.9999994
phone_factorial_1200_v1,clean,sdxeq_0034__phonefact_g726_24k,0.999941,0.5549959,0.9999914
phone_factorial_1200_v1,clean,sdxeq_0035__phonefact_g726_24k,0.98600686,0.99256414,0.99997205
phone_factorial_1200_v1,clean,sdxeq_0036__phonefact_g726_24k,0.9999639,0.00011501339,0.9999846
phone_factorial_1200_v1,clean,sdxeq_0037__phonefact_g726_24k,0.99998647,0.31889665,0.99999654
phone_factorial_1200_v1,clean,sdxeq_0038__phonefact_g726_24k,0.9999137,0.9724771,0.9999995
phone_factorial_1200_v1,clean,sdxeq_0039__phonefact_g726_24k,0.99874437,0.018008722,0.9997282
phone_factorial_1200_v1,clean,sdxeq_0040__phonefact_g726_24k,0.99994123,0.98665786,0.99999976
phone_factorial_1200_v1,clean,sdxeq_0041__phonefact_g726_24k,0.99837744,7.2978105e-06,0.9987673
phone_factorial_1200_v1,clean,sdxeq_0042__phonefact_g726_24k,0.9998907,0.9963736,1.0
phone_factorial_1200_v1,clean,sdxeq_0043__phonefact_g726_24k,0.985374,0.00017233953,0.9825082
phone_factorial_1200_v1,clean,sdxeq_0044__phonefact_g726_24k,0.99548244,0.96710324,0.99992114
phone_factorial_1200_v1,clean,sdxeq_0045__phonefact_g726_24k,0.9999991,0.0019100036,0.99999964
phone_factorial_1200_v1,clean,sdxeq_0046__phonefact_g726_24k,0.9987148,0.071814165,0.99943733
phone_factorial_1200_v1,clean,sdxeq_0047__phonefact_g726_24k,0.999284,0.9999733,1.0
phone_factorial_1200_v1,clean,sdxeq_0048__phonefact_g726_24k,1.0,0.00057851314,1.0
phone_factorial_1200_v1,clean,sdxeq_0049__phonefact_g726_24k,0.998245,0.99849236,0.9999993
phone_factorial_1200_v1,clean,sdxeq_0050__phonefact_g726_24k,0.9850063,0.23370647,0.99761087
phone_factorial_1200_v1,clean,sdxeq_0051__phonefact_g726_24k,0.9993789,4.3601234e-05,0.99942213
phone_factorial_1200_v1,clean,sdxeq_0052__phonefact_g726_24k,0.9999995,0.0017125346,0.9999999
phone_factorial_1200_v1,clean,sdxeq_0053__phonefact_g726_24k,0.9990828,0.0005229099,0.99915326
phone_factorial_1200_v1,clean,sdxeq_0054__phonefact_g726_24k,0.99986047,2.169322e-06,0.999878
phone_factorial_1200_v1,clean,sdxeq_0055__phonefact_g726_24k,0.99999833,0.00059517677,0.9999994
phone_factorial_1200_v1,clean,sdxeq_0056__phonefact_g726_24k,0.9999904,3.5729527e-06,0.99999416
phone_factorial_1200_v1,clean,sdxeq_0057__phonefact_g726_24k,0.99270266,0.0003371805,0.99369705
phone_factorial_1200_v1,clean,sdxeq_0058__phonefact_g726_24k,0.99999934,0.53024876,0.99999994
phone_factorial_1200_v1,clean,sdxeq_0059__phonefact_g726_24k,0.9872899,0.035097487,0.99121165
phone_factorial_1200_v1,clean,sdxeq_0060__phonefact_g726_24k,0.99942863,0.6999763,0.99995583
phone_factorial_1200_v1,clean,sdxeq_0061__phonefact_g726_24k,0.9998169,0.0005290417,0.99987006
phone_factorial_1200_v1,clean,sdxeq_0062__phonefact_g726_24k,0.9978288,0.01435085,0.9985619
phone_factorial_1200_v1,clean,sdxeq_0063__phonefact_g726_24k,0.9934207,0.0001004049,0.9927136
phone_factorial_1200_v1,clean,sdxeq_0064__phonefact_g726_24k,0.9989468,0.005159146,0.99910164
phone_factorial_1200_v1,clean,sdxeq_0065__phonefact_g726_24k,0.89982116,0.015606497,0.9459987
phone_factorial_1200_v1,clean,sdxeq_0066__phonefact_g726_24k,0.99997514,0.05825553,0.9999887
phone_factorial_1200_v1,clean,sdxeq_0067__phonefact_g726_24k,0.9999993,0.0003182919,0.99999964
phone_factorial_1200_v1,clean,sdxeq_0068__phonefact_g726_24k,0.99719155,0.0003132613,0.9973198
phone_factorial_1200_v1,clean,sdxeq_0069__phonefact_g726_24k,0.9241128,0.148711,0.9873028
phone_factorial_1200_v1,clean,sdxeq_0070__phonefact_g726_24k,0.99975115,0.21014698,0.9999191
phone_factorial_1200_v1,clean,sdxeq_0071__phonefact_g726_24k,0.9283891,0.8753318,0.99916995
phone_factorial_1200_v1,clean,sdxeq_0072__phonefact_g726_24k,0.99999607,0.0008591804,0.9999987
phone_factorial_1200_v1,clean,sdxeq_0073__phonefact_g726_24k,0.9999999,0.0015377587,0.99999994
phone_factorial_1200_v1,clean,sdxeq_0074__phonefact_g726_24k,0.9994123,0.00085494854,0.99955857
phone_factorial_1200_v1,clean,sdxeq_0075__phonefact_g726_24k,0.99953246,0.85455513,0.9999807
phone_factorial_1200_v1,clean,sdxeq_0076__phonefact_g726_24k,0.99999833,2.9936453e-05,0.9999989
phone_factorial_1200_v1,clean,sdxeq_0077__phonefact_g726_24k,0.9999926,0.036610976,0.9999974
phone_factorial_1200_v1,clean,sdxeq_0078__phonefact_g726_24k,0.99998856,0.21486562,0.99999785
phone_factorial_1200_v1,clean,sdxeq_0079__phonefact_g726_24k,0.9999994,0.004859588,0.9999999
phone_factorial_1200_v1,clean,sdxeq_0080__phonefact_g726_24k,0.99999976,0.021630548,0.99999994
phone_factorial_1200_v1,clean,sdxeq_0081__phonefact_g726_24k,0.9994679,0.02323438,0.99962854
phone_factorial_1200_v1,clean,sdxeq_0082__phonefact_g726_24k,0.9988316,1.2536331e-06,0.9988977
phone_factorial_1200_v1,clean,sdxeq_0083__phonefact_g726_24k,0.99999666,0.0065831947,0.99999905
phone_factorial_1200_v1,clean,sdxeq_0084__phonefact_g726_24k,0.99999225,0.0014334396,0.9999961
phone_factorial_1200_v1,clean,sdxeq_0085__phonefact_g726_24k,0.99999994,0.7466086,1.0
phone_factorial_1200_v1,clean,sdxeq_0086__phonefact_g726_24k,0.9999904,1.7054997e-05,0.99999267
phone_factorial_1200_v1,clean,sdxeq_0087__phonefact_g726_24k,0.8855976,6.166691e-05,0.88932157
phone_factorial_1200_v1,clean,sdxeq_0088__phonefact_g726_24k,0.7893349,7.7770653e-07,0.75185645
phone_factorial_1200_v1,clean,sdxeq_0089__phonefact_g726_24k,0.95782876,2.9805773e-05,0.9607313
phone_factorial_1200_v1,clean,sdxeq_0090__phonefact_g726_24k,0.9999996,9.120102e-05,0.99999976
phone_factorial_1200_v1,clean,sdxeq_0091__phonefact_g726_24k,0.9990916,0.0010059136,0.9994225
phone_factorial_1200_v1,clean,sdxeq_0092__phonefact_g726_24k,1.0,0.28566155,1.0
phone_factorial_1200_v1,clean,sdxeq_0093__phonefact_g726_24k,0.9933044,0.0012831484,0.99562526
phone_factorial_1200_v1,clean,sdxeq_0094__phonefact_g726_24k,0.99998534,0.0054121437,0.9999969
phone_factorial_1200_v1,clean,sdxeq_0095__phonefact_g726_24k,0.99784076,0.054124568,0.99856025
phone_factorial_1200_v1,clean,sdxeq_0096__phonefact_g726_24k,0.999993,0.94532776,1.0
phone_factorial_1200_v1,clean,sdxeq_0097__phonefact_g726_24k,1.0,0.041380078,1.0
phone_factorial_1200_v1,clean,sdxeq_0098__phonefact_g726_24k,0.99999696,0.00014798745,0.99999857
phone_factorial_1200_v1,clean,sdxeq_0099__phonefact_g726_24k,0.99998194,0.7264905,0.9999983
phone_factorial_1200_v1,clean,voice_0000__phonefact_g726_24k,0.007032823,0.0053338083,0.02528652
phone_factorial_1200_v1,clean,voice_0001__phonefact_g726_24k,0.9999956,0.7844727,0.99999994
phone_factorial_1200_v1,clean,voice_0002__phonefact_g726_24k,0.0027294701,0.66942704,0.7643091
phone_factorial_1200_v1,clean,voice_0003__phonefact_g726_24k,0.6776184,0.07103165,0.8643802
phone_factorial_1200_v1,clean,voice_0004__phonefact_g726_24k,0.90795696,0.00010813233,0.8971807
phone_factorial_1200_v1,clean,voice_0005__phonefact_g726_24k,0.0014120324,0.00056409294,0.012765983
phone_factorial_1200_v1,clean,voice_0006__phonefact_g726_24k,1.0682232e-05,0.1737222,0.2303908
phone_factorial_1200_v1,clean,voice_0007__phonefact_g726_24k,0.00058028253,0.006904751,0.048701104
phone_factorial_1200_v1,clean,voice_0008__phonefact_g726_24k,0.6339786,0.044676814,0.8577744
phone_factorial_1200_v1,clean,voice_0009__phonefact_g726_24k,0.9999995,0.023509786,0.99999976
phone_factorial_1200_v1,clean,voice_0010__phonefact_g726_24k,0.008286616,0.99990666,0.9999789
phone_factorial_1200_v1,clean,voice_0011__phonefact_g726_24k,0.00018089623,0.021317579,0.11174213
phone_factorial_1200_v1,clean,voice_0012__phonefact_g726_24k,5.287872e-05,0.0061531216,0.024369612
phone_factorial_1200_v1,clean,voice_0013__phonefact_g726_24k,0.00016886105,0.9976744,0.9985741
phone_factorial_1200_v1,clean,voice_0014__phonefact_g726_24k,0.01593705,0.5746814,0.7465037
phone_factorial_1200_v1,clean,voice_0015__phonefact_g726_24k,0.00017151408,0.9856787,0.98820174
phone_factorial_1200_v1,clean,voice_0016__phonefact_g726_24k,0.001194192,0.08106693,0.18505363
phone_factorial_1200_v1,clean,voice_0017__phonefact_g726_24k,0.0001450126,0.90283203,0.9600693
phone_factorial_1200_v1,clean,voice_0018__phonefact_g726_24k,0.99999726,0.5426342,0.9999999
phone_factorial_1200_v1,clean,voice_0019__phonefact_g726_24k,6.423503e-05,0.002231604,0.025087126
phone_factorial_1200_v1,clean,voice_0020__phonefact_g726_24k,0.00013896823,0.0032410827,0.011252817
phone_factorial_1200_v1,clean,voice_0021__phonefact_g726_24k,0.99516904,0.00088245,0.9956709
phone_factorial_1200_v1,clean,voice_0022__phonefact_g726_24k,0.0030160914,0.0072472654,0.018395757
phone_factorial_1200_v1,clean,voice_0023__phonefact_g726_24k,0.19632626,0.004077727,0.46660036
phone_factorial_1200_v1,clean,voice_0024__phonefact_g726_24k,5.562904e-05,0.005291654,0.013851067
phone_factorial_1200_v1,clean,voice_0025__phonefact_g726_24k,0.028686242,0.7134123,0.9028001
phone_factorial_1200_v1,clean,voice_0026__phonefact_g726_24k,0.9999732,0.35637048,0.9999989
phone_factorial_1200_v1,clean,voice_0027__phonefact_g726_24k,0.0001618011,0.00025133483,0.002137536
phone_factorial_1200_v1,clean,voice_0028__phonefact_g726_24k,0.013248094,0.9292296,0.99097455
phone_factorial_1200_v1,clean,voice_0029__phonefact_g726_24k,6.3018933e-06,0.03511816,0.15155298
phone_factorial_1200_v1,clean,voice_0030__phonefact_g726_24k,2.9836365e-06,1.2059331e-05,0.0001675975
phone_factorial_1200_v1,clean,voice_0031__phonefact_g726_24k,1.3439811e-05,0.0005242535,0.010562042
phone_factorial_1200_v1,clean,voice_0032__phonefact_g726_24k,9.6652744e-05,3.1582207e-05,0.00080533273
phone_factorial_1200_v1,clean,voice_0033__phonefact_g726_24k,2.6712696e-05,0.0020170868,0.009076676
phone_factorial_1200_v1,clean,voice_0034__phonefact_g726_24k,0.00032632108,0.0007368969,0.0048285527
phone_factorial_1200_v1,clean,voice_0035__phonefact_g726_24k,6.648478e-07,0.00015635582,0.0005741016
phone_factorial_1200_v1,clean,voice_0036__phonefact_g726_24k,0.062788144,0.016121797,0.48947093
phone_factorial_1200_v1,clean,voice_0037__phonefact_g726_24k,0.0017619198,0.9819616,0.9907526
phone_factorial_1200_v1,clean,voice_0038__phonefact_g726_24k,0.019162774,0.07755962,0.48791742
phone_factorial_1200_v1,clean,voice_0039__phonefact_g726_24k,0.99979985,0.25139526,0.9999809
phone_factorial_1200_v1,clean,voice_0040__phonefact_g726_24k,0.9948926,0.00020642631,0.99351156
phone_factorial_1200_v1,clean,voice_0041__phonefact_g726_24k,0.43585584,0.011006013,0.7180855
phone_factorial_1200_v1,clean,voice_0042__phonefact_g726_24k,1.9448675e-05,0.86919266,0.91045856
phone_factorial_1200_v1,clean,voice_0043__phonefact_g726_24k,3.9490874e-06,0.034071244,0.07597379
phone_factorial_1200_v1,clean,voice_0044__phonefact_g726_24k,0.0017689056,0.0030438388,0.027180005
phone_factorial_1200_v1,clean,voice_0045__phonefact_g726_24k,0.04237889,0.9864739,0.99476546
phone_factorial_1200_v1,clean,voice_0046__phonefact_g726_24k,0.99956715,0.0108468495,0.9999294
phone_factorial_1200_v1,clean,voice_0047__phonefact_g726_24k,0.0010120678,0.00022364847,0.0037270521
phone_factorial_1200_v1,clean,voice_0048__phonefact_g726_24k,0.9995694,0.99052054,0.9999995
phone_factorial_1200_v1,clean,voice_0049__phonefact_g726_24k,0.00014124843,0.25694758,0.24224685
phone_factorial_1200_v1,clean,voice_0100__phonefact_g726_24k,0.9999995,0.16583043,1.0
phone_factorial_1200_v1,clean,voice_0101__phonefact_g726_24k,0.96236366,0.5085329,0.9966186
phone_factorial_1200_v1,clean,voice_0102__phonefact_g726_24k,0.26536196,0.99640405,0.9998205
phone_factorial_1200_v1,clean,voice_0103__phonefact_g726_24k,0.9999963,0.025607161,0.9999989
phone_factorial_1200_v1,clean,voice_0104__phonefact_g726_24k,0.9996411,0.9956447,0.9999997
phone_factorial_1200_v1,clean,voice_0105__phonefact_g726_24k,0.999995,0.86896324,0.99999994
phone_factorial_1200_v1,clean,voice_0106__phonefact_g726_24k,0.9999195,0.08199943,0.99997646
phone_factorial_1200_v1,clean,voice_0107__phonefact_g726_24k,0.99974906,0.9782796,0.99999845
phone_factorial_1200_v1,clean,voice_0108__phonefact_g726_24k,0.9978438,0.25170758,0.9996903
phone_factorial_1200_v1,clean,voice_0109__phonefact_g726_24k,0.9999707,0.8171789,0.9999984
phone_factorial_1200_v1,clean,voice_0110__phonefact_g726_24k,0.9448455,0.133129,0.9790126
phone_factorial_1200_v1,clean,voice_0111__phonefact_g726_24k,0.9999757,0.9999881,1.0
phone_factorial_1200_v1,clean,voice_0112__phonefact_g726_24k,0.99997807,0.01222441,0.9999896
phone_factorial_1200_v1,clean,voice_0113__phonefact_g726_24k,0.00036795237,0.059973262,0.3398633
phone_factorial_1200_v1,clean,voice_0114__phonefact_g726_24k,0.999998,0.78098035,0.99999994
phone_factorial_1200_v1,clean,voice_0115__phonefact_g726_24k,0.9995767,0.99989045,1.0
phone_factorial_1200_v1,clean,voice_0116__phonefact_g726_24k,0.99950373,0.9999454,1.0
phone_factorial_1200_v1,clean,voice_0117__phonefact_g726_24k,0.9999941,0.9923311,1.0
phone_factorial_1200_v1,clean,voice_0118__phonefact_g726_24k,0.99998,0.99256396,1.0
phone_factorial_1200_v1,clean,voice_0119__phonefact_g726_24k,0.99991316,0.55426866,0.9999935
phone_factorial_1200_v1,clean,voice_0120__phonefact_g726_24k,0.9999994,0.99956006,1.0
phone_factorial_1200_v1,clean,voice_0121__phonefact_g726_24k,0.9998949,0.995908,0.9999999
phone_factorial_1200_v1,clean,voice_0122__phonefact_g726_24k,0.8594208,0.9994923,0.99999356
phone_factorial_1200_v1,clean,voice_0123__phonefact_g726_24k,0.7096898,0.32227105,0.953228
phone_factorial_1200_v1,clean,voice_0124__phonefact_g726_24k,0.044826895,0.996596,0.9997462
phone_factorial_1200_v1,clean,voice_0125__phonefact_g726_24k,0.95107365,0.9974416,0.99997544
phone_factorial_1200_v1,clean,voice_0126__phonefact_g726_24k,0.9999677,0.8852973,0.9999994
phone_factorial_1200_v1,clean,voice_0127__phonefact_g726_24k,0.9999851,0.90181607,0.99999976
phone_factorial_1200_v1,clean,voice_0128__phonefact_g726_24k,0.99484,0.0010410477,0.9957216
phone_factorial_1200_v1,clean,voice_0129__phonefact_g726_24k,0.999997,0.2840109,0.9999995
phone_factorial_1200_v1,clean,voice_0130__phonefact_g726_24k,0.96994805,0.61664796,0.99842
phone_factorial_1200_v1,clean,voice_0131__phonefact_g726_24k,0.99995035,0.638186,0.9999989
phone_factorial_1200_v1,clean,voice_0132__phonefact_g726_24k,0.9932897,0.29415166,0.99883616
phone_factorial_1200_v1,clean,voice_0133__phonefact_g726_24k,0.9999168,0.9972643,1.0
phone_factorial_1200_v1,clean,voice_0134__phonefact_g726_24k,0.0025109854,0.8446739,0.89720225
phone_factorial_1200_v1,clean,voice_0135__phonefact_g726_24k,0.9998125,0.28948244,0.9999616
phone_factorial_1200_v1,clean,voice_0136__phonefact_g726_24k,0.9999964,0.9720087,1.0
phone_factorial_1200_v1,clean,voice_0137__phonefact_g726_24k,0.99999547,0.976246,1.0
phone_factorial_1200_v1,clean,voice_0138__phonefact_g726_24k,0.99999595,0.9891839,1.0
phone_factorial_1200_v1,clean,voice_0139__phonefact_g726_24k,0.99890345,0.96873736,0.9999937
phone_factorial_1200_v1,clean,voice_0140__phonefact_g726_24k,0.99987733,0.0026876954,0.99992263
phone_factorial_1200_v1,clean,voice_0141__phonefact_g726_24k,1.0,0.8602728,1.0
phone_factorial_1200_v1,clean,voice_0142__phonefact_g726_24k,0.99983275,0.9997342,1.0
phone_factorial_1200_v1,clean,voice_0143__phonefact_g726_24k,0.99995995,0.15937126,0.99999046
phone_factorial_1200_v1,clean,voice_0144__phonefact_g726_24k,0.967144,0.99791867,0.99998915
phone_factorial_1200_v1,clean,voice_0145__phonefact_g726_24k,0.9999992,0.9488369,1.0
phone_factorial_1200_v1,clean,voice_0146__phonefact_g726_24k,0.9999847,0.9980899,1.0
phone_factorial_1200_v1,clean,voice_0147__phonefact_g726_24k,0.9999999,0.9958649,1.0
phone_factorial_1200_v1,clean,voice_0148__phonefact_g726_24k,0.9999485,0.47264943,0.9999943
phone_factorial_1200_v1,clean,voice_0149__phonefact_g726_24k,0.9999881,0.7487992,0.99999964
phone_factorial_1200_v1,clean,sdm_fake_0000__phonefact_opus_nb_8k,0.8671154,0.90243363,0.99637455
phone_factorial_1200_v1,clean,sdm_fake_0001__phonefact_opus_nb_8k,0.97477216,0.4252501,0.9946785
phone_factorial_1200_v1,clean,sdm_fake_0002__phonefact_opus_nb_8k,0.89673495,0.42608735,0.97103876
phone_factorial_1200_v1,clean,sdm_fake_0003__phonefact_opus_nb_8k,0.57890886,0.00088858226,0.618726
phone_factorial_1200_v1,clean,sdm_fake_0004__phonefact_opus_nb_8k,0.6832204,0.99827194,0.99982005
phone_factorial_1200_v1,clean,sdm_fake_0005__phonefact_opus_nb_8k,0.97969085,0.19508047,0.9921324
phone_factorial_1200_v1,clean,sdm_fake_0006__phonefact_opus_nb_8k,0.6913097,0.13206592,0.8188371
phone_factorial_1200_v1,clean,sdm_fake_0007__phonefact_opus_nb_8k,0.8804053,0.8834398,0.99632746
phone_factorial_1200_v1,clean,sdm_fake_0008__phonefact_opus_nb_8k,0.47667783,0.8259765,0.95305824
phone_factorial_1200_v1,clean,sdm_fake_0009__phonefact_opus_nb_8k,0.5009296,0.3477531,0.79356337
phone_factorial_1200_v1,clean,sdm_fake_0010__phonefact_opus_nb_8k,0.94117963,0.12739524,0.97527146
phone_factorial_1200_v1,clean,sdm_fake_0011__phonefact_opus_nb_8k,0.77553713,0.49584007,0.9254024
phone_factorial_1200_v1,clean,sdm_fake_0012__phonefact_opus_nb_8k,0.99142146,0.35889906,0.997556
phone_factorial_1200_v1,clean,sdm_fake_0013__phonefact_opus_nb_8k,0.93207705,0.42751744,0.98894787
phone_factorial_1200_v1,clean,sdm_fake_0014__phonefact_opus_nb_8k,0.9899982,0.0049135643,0.9925618
phone_factorial_1200_v1,clean,sdm_fake_0015__phonefact_opus_nb_8k,0.92445755,0.9957538,0.9998907
phone_factorial_1200_v1,clean,sdm_fake_0016__phonefact_opus_nb_8k,0.884264,0.70402765,0.9891032
phone_factorial_1200_v1,clean,sdm_fake_0017__phonefact_opus_nb_8k,0.9419657,0.8460875,0.99590254
phone_factorial_1200_v1,clean,sdm_fake_0018__phonefact_opus_nb_8k,0.9607334,0.60806745,0.9937542
phone_factorial_1200_v1,clean,sdm_fake_0019__phonefact_opus_nb_8k,0.61622185,0.0111609185,0.7693275
phone_factorial_1200_v1,clean,sdm_fake_0020__phonefact_opus_nb_8k,0.95437014,0.0012296105,0.9679853
phone_factorial_1200_v1,clean,sdm_fake_0021__phonefact_opus_nb_8k,0.92621684,0.43457133,0.9843025
phone_factorial_1200_v1,clean,sdm_fake_0022__phonefact_opus_nb_8k,0.9759226,0.99994844,0.9999997
phone_factorial_1200_v1,clean,sdm_fake_0023__phonefact_opus_nb_8k,0.5923881,0.95908713,0.9936594
phone_factorial_1200_v1,clean,sdm_fake_0024__phonefact_opus_nb_8k,0.40919352,0.8894148,0.9744405
phone_factorial_1200_v1,clean,sdm_fake_0025__phonefact_opus_nb_8k,0.8397562,0.83534116,0.9915399
phone_factorial_1200_v1,clean,sdm_fake_0026__phonefact_opus_nb_8k,0.93219244,0.9991702,0.9999857
phone_factorial_1200_v1,clean,sdm_fake_0027__phonefact_opus_nb_8k,0.8621511,0.011419757,0.8957209
phone_factorial_1200_v1,clean,sdm_fake_0028__phonefact_opus_nb_8k,0.9216013,0.93000674,0.99775434
phone_factorial_1200_v1,clean,sdm_fake_0029__phonefact_opus_nb_8k,0.95742524,0.02696841,0.9786414
phone_factorial_1200_v1,clean,sdm_fake_0030__phonefact_opus_nb_8k,0.6000743,0.0030388988,0.6830769
phone_factorial_1200_v1,clean,sdm_fake_0031__phonefact_opus_nb_8k,0.95566833,0.99703956,0.9999597
phone_factorial_1200_v1,clean,sdm_fake_0032__phonefact_opus_nb_8k,0.11781161,0.99978185,0.99990296
phone_factorial_1200_v1,clean,sdm_fake_0033__phonefact_opus_nb_8k,0.9617996,0.3386045,0.9901746
phone_factorial_1200_v1,clean,sdm_fake_0034__phonefact_opus_nb_8k,0.9871626,0.36434916,0.9982039
phone_factorial_1200_v1,clean,sdm_fake_0035__phonefact_opus_nb_8k,0.8108052,0.9479442,0.9959054
phone_factorial_1200_v1,clean,sdm_fake_0036__phonefact_opus_nb_8k,0.95879364,0.9548017,0.99931467
phone_factorial_1200_v1,clean,sdm_fake_0037__phonefact_opus_nb_8k,0.61515427,0.90030766,0.9868681
phone_factorial_1200_v1,clean,sdm_fake_0038__phonefact_opus_nb_8k,0.9675324,0.9938314,0.99993694
phone_factorial_1200_v1,clean,sdm_fake_0039__phonefact_opus_nb_8k,0.9254919,0.97864074,0.9994614
phone_factorial_1200_v1,clean,sdm_fake_0040__phonefact_opus_nb_8k,0.9751189,0.74562037,0.9985695
phone_factorial_1200_v1,clean,sdm_fake_0041__phonefact_opus_nb_8k,0.97277504,0.69655555,0.9974364
phone_factorial_1200_v1,clean,sdm_fake_0042__phonefact_opus_nb_8k,0.7998195,0.94382155,0.99467075
phone_factorial_1200_v1,clean,sdm_fake_0043__phonefact_opus_nb_8k,0.976071,0.8463898,0.9987783
phone_factorial_1200_v1,clean,sdm_fake_0044__phonefact_opus_nb_8k,0.83615446,0.005979136,0.89623475
phone_factorial_1200_v1,clean,sdm_fake_0045__phonefact_opus_nb_8k,0.86303174,0.73794025,0.98733324
phone_factorial_1200_v1,clean,sdm_fake_0046__phonefact_opus_nb_8k,0.97425115,0.3084656,0.993559
phone_factorial_1200_v1,clean,sdm_fake_0047__phonefact_opus_nb_8k,0.55108327,0.00075289723,0.59195745
phone_factorial_1200_v1,clean,sdm_fake_0048__phonefact_opus_nb_8k,0.9838249,0.6943222,0.99809515
phone_factorial_1200_v1,clean,sdm_fake_0049__phonefact_opus_nb_8k,0.9742093,0.22201052,0.9917778
phone_factorial_1200_v1,clean,sdm_real_0000__phonefact_opus_nb_8k,0.9315701,0.9346353,0.99774265
phone_factorial_1200_v1,clean,sdm_real_0001__phonefact_opus_nb_8k,0.7519282,0.009893881,0.79230016
phone_factorial_1200_v1,clean,sdm_real_0002__phonefact_opus_nb_8k,0.7132662,0.002585553,0.7462704
phone_factorial_1200_v1,clean,sdm_real_0003__phonefact_opus_nb_8k,0.9670601,0.055417113,0.99441814
phone_factorial_1200_v1,clean,sdm_real_0004__phonefact_opus_nb_8k,0.84474754,0.0024892837,0.86819947
phone_factorial_1200_v1,clean,sdm_real_0005__phonefact_opus_nb_8k,0.9076401,0.50305414,0.99017733
phone_factorial_1200_v1,clean,sdm_real_0006__phonefact_opus_nb_8k,0.7432579,0.00017501826,0.7388456
phone_factorial_1200_v1,clean,sdm_real_0007__phonefact_opus_nb_8k,0.7855774,0.8906006,0.9945924
phone_factorial_1200_v1,clean,sdm_real_0008__phonefact_opus_nb_8k,0.5178469,0.242718,0.7359707
phone_factorial_1200_v1,clean,sdm_real_0009__phonefact_opus_nb_8k,0.8064884,0.97903585,0.99858046
phone_factorial_1200_v1,clean,sdm_real_0010__phonefact_opus_nb_8k,0.32855612,0.0064857844,0.35620588
phone_factorial_1200_v1,clean,sdm_real_0011__phonefact_opus_nb_8k,0.74407136,0.5558268,0.95400524
phone_factorial_1200_v1,clean,sdm_real_0012__phonefact_opus_nb_8k,0.80475587,0.87378854,0.9911346
phone_factorial_1200_v1,clean,sdm_real_0013__phonefact_opus_nb_8k,0.31499797,0.34146303,0.58219653
phone_factorial_1200_v1,clean,sdm_real_0014__phonefact_opus_nb_8k,0.23859765,0.0032558246,0.3073473
phone_factorial_1200_v1,clean,sdm_real_0015__phonefact_opus_nb_8k,0.76951873,0.9997883,0.9999794
phone_factorial_1200_v1,clean,sdm_real_0016__phonefact_opus_nb_8k,0.96115184,0.9987919,0.9999934
phone_factorial_1200_v1,clean,sdm_real_0017__phonefact_opus_nb_8k,0.7134837,0.120359145,0.84925663
phone_factorial_1200_v1,clean,sdm_real_0018__phonefact_opus_nb_8k,0.9451084,0.039631784,0.96991205
phone_factorial_1200_v1,clean,sdm_real_0019__phonefact_opus_nb_8k,0.99500275,0.9956067,0.9999885
phone_factorial_1200_v1,clean,sdm_real_0020__phonefact_opus_nb_8k,0.45889848,0.7863811,0.9161031
phone_factorial_1200_v1,clean,sdm_real_0021__phonefact_opus_nb_8k,0.39205325,0.26477724,0.6684735
phone_factorial_1200_v1,clean,sdm_real_0022__phonefact_opus_nb_8k,0.945253,0.006931147,0.97428477
phone_factorial_1200_v1,clean,sdm_real_0023__phonefact_opus_nb_8k,0.028190266,0.9997343,0.9998125
phone_factorial_1200_v1,clean,sdm_real_0024__phonefact_opus_nb_8k,0.6151319,0.23288792,0.86958784
phone_factorial_1200_v1,clean,sdm_real_0025__phonefact_opus_nb_8k,0.7923286,0.3084786,0.9163356
phone_factorial_1200_v1,clean,sdm_real_0026__phonefact_opus_nb_8k,0.82974976,0.5119253,0.96935713
phone_factorial_1200_v1,clean,sdm_real_0027__phonefact_opus_nb_8k,0.17886811,0.9200845,0.9655695
phone_factorial_1200_v1,clean,sdm_real_0028__phonefact_opus_nb_8k,0.6160512,0.7656603,0.9558669
phone_factorial_1200_v1,clean,sdm_real_0029__phonefact_opus_nb_8k,0.95874655,0.83836937,0.9981345
phone_factorial_1200_v1,clean,sdm_real_0030__phonefact_opus_nb_8k,0.89570236,0.9807844,0.9992584
phone_factorial_1200_v1,clean,sdm_real_0031__phonefact_opus_nb_8k,0.47257775,0.011132387,0.50623006
phone_factorial_1200_v1,clean,sdm_real_0032__phonefact_opus_nb_8k,0.4423352,6.529363e-05,0.4517066
phone_factorial_1200_v1,clean,sdm_real_0033__phonefact_opus_nb_8k,0.51057017,0.4493215,0.86786175
phone_factorial_1200_v1,clean,sdm_real_0034__phonefact_opus_nb_8k,0.09047347,0.08147629,0.23270233
phone_factorial_1200_v1,clean,sdm_real_0035__phonefact_opus_nb_8k,0.8678649,0.7161305,0.9806156
phone_factorial_1200_v1,clean,sdm_real_0036__phonefact_opus_nb_8k,0.9586686,0.9994209,0.99999195
phone_factorial_1200_v1,clean,sdm_real_0037__phonefact_opus_nb_8k,0.7181691,0.22001724,0.88118136
phone_factorial_1200_v1,clean,sdm_real_0038__phonefact_opus_nb_8k,0.18794535,0.018707767,0.23828238
phone_factorial_1200_v1,clean,sdm_real_0039__phonefact_opus_nb_8k,0.9373057,0.9126493,0.99799
phone_factorial_1200_v1,clean,sdm_real_0040__phonefact_opus_nb_8k,0.9339639,0.024391642,0.969442
phone_factorial_1200_v1,clean,sdm_real_0041__phonefact_opus_nb_8k,0.9926319,0.99542236,0.9999931
phone_factorial_1200_v1,clean,sdm_real_0042__phonefact_opus_nb_8k,0.96491635,0.9880445,0.9998892
phone_factorial_1200_v1,clean,sdm_real_0043__phonefact_opus_nb_8k,0.8943381,0.0020744505,0.9107337
phone_factorial_1200_v1,clean,sdm_real_0044__phonefact_opus_nb_8k,0.19990154,0.3064915,0.6528051
phone_factorial_1200_v1,clean,sdm_real_0045__phonefact_opus_nb_8k,0.7765192,0.9218277,0.9930686
phone_factorial_1200_v1,clean,sdm_real_0046__phonefact_opus_nb_8k,0.2503016,0.9802524,0.99271667
phone_factorial_1200_v1,clean,sdm_real_0047__phonefact_opus_nb_8k,0.43155235,0.94576883,0.9858758
phone_factorial_1200_v1,clean,sdm_real_0048__phonefact_opus_nb_8k,0.63174295,0.25969276,0.85416615
phone_factorial_1200_v1,clean,sdm_real_0049__phonefact_opus_nb_8k,0.6386541,0.0023708786,0.6507474
phone_factorial_1200_v1,clean,sdxeq_0000__phonefact_opus_nb_8k,0.631081,2.3633955e-05,0.61835414
phone_factorial_1200_v1,clean,sdxeq_0001__phonefact_opus_nb_8k,0.9487639,0.0031997955,0.9589292
phone_factorial_1200_v1,clean,sdxeq_0002__phonefact_opus_nb_8k,0.020569963,0.61553085,0.70371926
phone_factorial_1200_v1,clean,sdxeq_0003__phonefact_opus_nb_8k,0.011025045,0.0044404245,0.03640285
phone_factorial_1200_v1,clean,sdxeq_0004__phonefact_opus_nb_8k,0.56495917,0.63170654,0.9657002
phone_factorial_1200_v1,clean,sdxeq_0005__phonefact_opus_nb_8k,0.9985199,0.9927353,0.99999684
phone_factorial_1200_v1,clean,sdxeq_0006__phonefact_opus_nb_8k,0.015286284,0.0004251718,0.017841775
phone_factorial_1200_v1,clean,sdxeq_0007__phonefact_opus_nb_8k,0.001157881,0.97584176,0.9742391
phone_factorial_1200_v1,clean,sdxeq_0008__phonefact_opus_nb_8k,0.012840571,0.004581056,0.02844799
phone_factorial_1200_v1,clean,sdxeq_0009__phonefact_opus_nb_8k,0.9297254,0.0022686638,0.9448561
phone_factorial_1200_v1,clean,sdxeq_0010__phonefact_opus_nb_8k,0.00030163053,0.24552938,0.29880464
phone_factorial_1200_v1,clean,sdxeq_0011__phonefact_opus_nb_8k,0.00044042128,0.87813103,0.8807032
phone_factorial_1200_v1,clean,sdxeq_0012__phonefact_opus_nb_8k,0.9993336,0.0005506203,0.99947214
phone_factorial_1200_v1,clean,sdxeq_0013__phonefact_opus_nb_8k,0.84124374,0.8841763,0.9965223
phone_factorial_1200_v1,clean,sdxeq_0014__phonefact_opus_nb_8k,0.9878848,0.7383039,0.999466
phone_factorial_1200_v1,clean,sdxeq_0015__phonefact_opus_nb_8k,0.62214446,0.9994184,0.9999274
phone_factorial_1200_v1,clean,sdxeq_0016__phonefact_opus_nb_8k,0.45502037,0.0030503923,0.5110905
phone_factorial_1200_v1,clean,sdxeq_0017__phonefact_opus_nb_8k,0.976742,0.00033789995,0.9717709
phone_factorial_1200_v1,clean,sdxeq_0018__phonefact_opus_nb_8k,0.20677614,0.0028493584,0.1953044
phone_factorial_1200_v1,clean,sdxeq_0019__phonefact_opus_nb_8k,0.4373299,0.006296631,0.44251198
phone_factorial_1200_v1,clean,sdxeq_0020__phonefact_opus_nb_8k,0.8503527,4.9395276e-05,0.8464849
phone_factorial_1200_v1,clean,sdxeq_0021__phonefact_opus_nb_8k,0.9081593,0.5558069,0.99081874
phone_factorial_1200_v1,clean,sdxeq_0022__phonefact_opus_nb_8k,0.25287306,0.00012366666,0.29890472
phone_factorial_1200_v1,clean,sdxeq_0023__phonefact_opus_nb_8k,0.9528265,0.05229379,0.97105396
phone_factorial_1200_v1,clean,sdxeq_0024__phonefact_opus_nb_8k,0.9371524,0.0010023697,0.94041526
phone_factorial_1200_v1,clean,sdxeq_0025__phonefact_opus_nb_8k,0.9101307,0.81859225,0.9953617
phone_factorial_1200_v1,clean,sdxeq_0026__phonefact_opus_nb_8k,0.49973446,0.059751928,0.6610683
phone_factorial_1200_v1,clean,sdxeq_0027__phonefact_opus_nb_8k,0.9867184,0.17938614,0.9978294
phone_factorial_1200_v1,clean,sdxeq_0028__phonefact_opus_nb_8k,0.81435716,0.17020398,0.94856656
phone_factorial_1200_v1,clean,sdxeq_0029__phonefact_opus_nb_8k,0.75119865,0.5162022,0.97157764
phone_factorial_1200_v1,clean,sdxeq_0030__phonefact_opus_nb_8k,0.99999857,0.79819334,1.0
phone_factorial_1200_v1,clean,sdxeq_0031__phonefact_opus_nb_8k,0.1603002,0.9743471,0.9849745
phone_factorial_1200_v1,clean,sdxeq_0032__phonefact_opus_nb_8k,0.26122576,0.9946722,0.99906003
phone_factorial_1200_v1,clean,sdxeq_0033__phonefact_opus_nb_8k,0.9987,0.82569206,0.9999143
phone_factorial_1200_v1,clean,sdxeq_0034__phonefact_opus_nb_8k,0.99787885,0.06605142,0.998768
phone_factorial_1200_v1,clean,sdxeq_0035__phonefact_opus_nb_8k,0.15979812,0.9988445,0.9993975
phone_factorial_1200_v1,clean,sdxeq_0036__phonefact_opus_nb_8k,0.5591389,0.002527743,0.5699116
phone_factorial_1200_v1,clean,sdxeq_0037__phonefact_opus_nb_8k,0.99778485,0.3277114,0.99940336
phone_factorial_1200_v1,clean,sdxeq_0038__phonefact_opus_nb_8k,0.9213544,0.9825973,0.9997699
phone_factorial_1200_v1,clean,sdxeq_0039__phonefact_opus_nb_8k,0.9613277,0.73180276,0.9984019
phone_factorial_1200_v1,clean,sdxeq_0040__phonefact_opus_nb_8k,0.9322739,0.92200446,0.998845
phone_factorial_1200_v1,clean,sdxeq_0041__phonefact_opus_nb_8k,0.9788752,0.0008763382,0.9834864
phone_factorial_1200_v1,clean,sdxeq_0042__phonefact_opus_nb_8k,0.96015155,0.99723065,0.9999862
phone_factorial_1200_v1,clean,sdxeq_0043__phonefact_opus_nb_8k,0.7597817,0.0012548866,0.7069123
phone_factorial_1200_v1,clean,sdxeq_0044__phonefact_opus_nb_8k,0.17326409,0.97737455,0.98719645
phone_factorial_1200_v1,clean,sdxeq_0045__phonefact_opus_nb_8k,0.9998703,0.04631623,0.999966
phone_factorial_1200_v1,clean,sdxeq_0046__phonefact_opus_nb_8k,0.8749846,0.43857184,0.9734831
phone_factorial_1200_v1,clean,sdxeq_0047__phonefact_opus_nb_8k,0.9805949,0.99999064,0.99999994
phone_factorial_1200_v1,clean,sdxeq_0048__phonefact_opus_nb_8k,0.99999774,0.0051777237,0.9999988
phone_factorial_1200_v1,clean,sdxeq_0049__phonefact_opus_nb_8k,0.9791165,0.85568774,0.9990373
phone_factorial_1200_v1,clean,sdxeq_0050__phonefact_opus_nb_8k,0.8329201,0.9929385,0.99971783
phone_factorial_1200_v1,clean,sdxeq_0051__phonefact_opus_nb_8k,0.9900774,0.0012680849,0.98942757
phone_factorial_1200_v1,clean,sdxeq_0052__phonefact_opus_nb_8k,0.999874,0.98419297,0.99999964
phone_factorial_1200_v1,clean,sdxeq_0053__phonefact_opus_nb_8k,0.28217122,0.0023176624,0.393261
phone_factorial_1200_v1,clean,sdxeq_0054__phonefact_opus_nb_8k,0.9987012,0.00016581696,0.9989558
phone_factorial_1200_v1,clean,sdxeq_0055__phonefact_opus_nb_8k,0.9994723,0.022859365,0.99981356
phone_factorial_1200_v1,clean,sdxeq_0056__phonefact_opus_nb_8k,0.9192653,0.00029754572,0.91300344
phone_factorial_1200_v1,clean,sdxeq_0057__phonefact_opus_nb_8k,0.8997873,0.13280116,0.9613702
phone_factorial_1200_v1,clean,sdxeq_0058__phonefact_opus_nb_8k,0.99908984,0.17491496,0.99945736
phone_factorial_1200_v1,clean,sdxeq_0059__phonefact_opus_nb_8k,0.9971247,0.42330334,0.9992361
phone_factorial_1200_v1,clean,sdxeq_0060__phonefact_opus_nb_8k,0.4400164,0.9999926,0.999999
phone_factorial_1200_v1,clean,sdxeq_0061__phonefact_opus_nb_8k,0.9789823,0.92977095,0.9996332
phone_factorial_1200_v1,clean,sdxeq_0062__phonefact_opus_nb_8k,0.7720092,0.7172583,0.9839376
phone_factorial_1200_v1,clean,sdxeq_0063__phonefact_opus_nb_8k,0.9707798,6.2982406e-05,0.95926416
phone_factorial_1200_v1,clean,sdxeq_0064__phonefact_opus_nb_8k,0.62999606,0.9759902,0.9982427
phone_factorial_1200_v1,clean,sdxeq_0065__phonefact_opus_nb_8k,0.9962194,0.99942505,0.9999995
phone_factorial_1200_v1,clean,sdxeq_0066__phonefact_opus_nb_8k,0.9992355,0.62405264,0.9998869
phone_factorial_1200_v1,clean,sdxeq_0067__phonefact_opus_nb_8k,0.9992838,0.7845381,0.9999323
phone_factorial_1200_v1,clean,sdxeq_0068__phonefact_opus_nb_8k,0.9659568,0.5322701,0.99457395
phone_factorial_1200_v1,clean,sdxeq_0069__phonefact_opus_nb_8k,0.3628617,0.81985784,0.9620135
phone_factorial_1200_v1,clean,sdxeq_0070__phonefact_opus_nb_8k,0.97887516,0.99946153,0.99999434
phone_factorial_1200_v1,clean,sdxeq_0071__phonefact_opus_nb_8k,0.5083278,0.5299546,0.93599284
phone_factorial_1200_v1,clean,sdxeq_0072__phonefact_opus_nb_8k,0.99781346,0.12724042,0.9992167
phone_factorial_1200_v1,clean,sdxeq_0073__phonefact_opus_nb_8k,0.999995,0.8762679,1.0
phone_factorial_1200_v1,clean,sdxeq_0074__phonefact_opus_nb_8k,0.9808635,0.54892755,0.99750376
phone_factorial_1200_v1,clean,sdxeq_0075__phonefact_opus_nb_8k,0.9906649,0.38078147,0.99803996
phone_factorial_1200_v1,clean,sdxeq_0076__phonefact_opus_nb_8k,0.99942136,0.9015491,0.9999857
phone_factorial_1200_v1,clean,sdxeq_0077__phonefact_opus_nb_8k,0.99990296,0.9993781,1.0
phone_factorial_1200_v1,clean,sdxeq_0078__phonefact_opus_nb_8k,0.998428,0.80964386,0.9999229
phone_factorial_1200_v1,clean,sdxeq_0079__phonefact_opus_nb_8k,0.9992765,0.0016195459,0.9995961
phone_factorial_1200_v1,clean,sdxeq_0080__phonefact_opus_nb_8k,0.9532243,0.036482684,0.9895805
phone_factorial_1200_v1,clean,sdxeq_0081__phonefact_opus_nb_8k,0.9729442,0.029163469,0.9846165
phone_factorial_1200_v1,clean,sdxeq_0082__phonefact_opus_nb_8k,0.9989909,0.0005712466,0.9991081
phone_factorial_1200_v1,clean,sdxeq_0083__phonefact_opus_nb_8k,0.99496734,0.9735089,0.9999365
phone_factorial_1200_v1,clean,sdxeq_0084__phonefact_opus_nb_8k,0.99718916,0.0020206948,0.99801147
phone_factorial_1200_v1,clean,sdxeq_0085__phonefact_opus_nb_8k,0.99991167,0.1737197,0.9999701
phone_factorial_1200_v1,clean,sdxeq_0086__phonefact_opus_nb_8k,0.95255494,0.006814234,0.9743316
phone_factorial_1200_v1,clean,sdxeq_0087__phonefact_opus_nb_8k,0.86780477,0.0010395712,0.9166515
phone_factorial_1200_v1,clean,sdxeq_0088__phonefact_opus_nb_8k,0.3702256,0.0034880184,0.39296645
phone_factorial_1200_v1,clean,sdxeq_0089__phonefact_opus_nb_8k,0.6540358,0.013834568,0.71709484
phone_factorial_1200_v1,clean,sdxeq_0090__phonefact_opus_nb_8k,0.999998,0.09768538,0.99999934
phone_factorial_1200_v1,clean,sdxeq_0091__phonefact_opus_nb_8k,0.8068465,0.07122034,0.8931303
phone_factorial_1200_v1,clean,sdxeq_0092__phonefact_opus_nb_8k,0.9999894,0.9996661,1.0
phone_factorial_1200_v1,clean,sdxeq_0093__phonefact_opus_nb_8k,0.9642414,0.26940274,0.9897884
phone_factorial_1200_v1,clean,sdxeq_0094__phonefact_opus_nb_8k,0.9987223,0.0636996,0.9992771
phone_factorial_1200_v1,clean,sdxeq_0095__phonefact_opus_nb_8k,0.9109273,0.0727686,0.938624
phone_factorial_1200_v1,clean,sdxeq_0096__phonefact_opus_nb_8k,0.99851453,0.7278049,0.99990994
phone_factorial_1200_v1,clean,sdxeq_0097__phonefact_opus_nb_8k,0.99971426,0.9916786,0.99999905
phone_factorial_1200_v1,clean,sdxeq_0098__phonefact_opus_nb_8k,0.999865,0.27971372,0.9999696
phone_factorial_1200_v1,clean,sdxeq_0099__phonefact_opus_nb_8k,0.99796987,0.9637184,0.9999771
phone_factorial_1200_v1,clean,voice_0000__phonefact_opus_nb_8k,0.97445005,0.8235407,0.9989418
phone_factorial_1200_v1,clean,voice_0001__phonefact_opus_nb_8k,0.99996257,0.9997483,1.0
phone_factorial_1200_v1,clean,voice_0002__phonefact_opus_nb_8k,0.023577997,0.71552885,0.8556634
phone_factorial_1200_v1,clean,voice_0003__phonefact_opus_nb_8k,0.92148143,0.14189568,0.9782784
phone_factorial_1200_v1,clean,voice_0004__phonefact_opus_nb_8k,0.9647155,0.9967727,0.99999106
phone_factorial_1200_v1,clean,voice_0005__phonefact_opus_nb_8k,0.95934343,0.22233377,0.9957752
phone_factorial_1200_v1,clean,voice_0006__phonefact_opus_nb_8k,0.00015716896,0.9835858,0.98173904
phone_factorial_1200_v1,clean,voice_0007__phonefact_opus_nb_8k,0.012842144,0.10290619,0.34288776
phone_factorial_1200_v1,clean,voice_0008__phonefact_opus_nb_8k,0.39100605,0.99104726,0.9993355
phone_factorial_1200_v1,clean,voice_0009__phonefact_opus_nb_8k,0.99999946,0.93805486,1.0
phone_factorial_1200_v1,clean,voice_0010__phonefact_opus_nb_8k,0.4393636,0.9999429,0.999998
phone_factorial_1200_v1,clean,voice_0011__phonefact_opus_nb_8k,0.8410113,0.99356735,0.9998623
phone_factorial_1200_v1,clean,voice_0012__phonefact_opus_nb_8k,0.0036529107,0.11635726,0.22375914
phone_factorial_1200_v1,clean,voice_0013__phonefact_opus_nb_8k,0.107275024,0.9998983,0.999981
phone_factorial_1200_v1,clean,voice_0014__phonefact_opus_nb_8k,0.021885974,0.9567406,0.9891023
phone_factorial_1200_v1,clean,voice_0015__phonefact_opus_nb_8k,0.00022507577,0.97960556,0.9761367
phone_factorial_1200_v1,clean,voice_0016__phonefact_opus_nb_8k,0.85081124,0.927269,0.99708676
phone_factorial_1200_v1,clean,voice_0017__phonefact_opus_nb_8k,0.00020998168,0.64690477,0.6474749
phone_factorial_1200_v1,clean,voice_0018__phonefact_opus_nb_8k,0.9999864,0.977399,1.0
phone_factorial_1200_v1,clean,voice_0019__phonefact_opus_nb_8k,0.00545626,0.98531747,0.9912636
phone_factorial_1200_v1,clean,voice_0020__phonefact_opus_nb_8k,0.03586137,0.91413224,0.95694256
phone_factorial_1200_v1,clean,voice_0021__phonefact_opus_nb_8k,0.9999707,0.35022846,0.9999956
phone_factorial_1200_v1,clean,voice_0022__phonefact_opus_nb_8k,0.010506737,0.9979826,0.99885356
phone_factorial_1200_v1,clean,voice_0023__phonefact_opus_nb_8k,0.9843326,0.08291507,0.99229974
phone_factorial_1200_v1,clean,voice_0024__phonefact_opus_nb_8k,2.0778769e-05,0.27149364,0.24894567
phone_factorial_1200_v1,clean,voice_0025__phonefact_opus_nb_8k,0.48310792,0.9973214,0.99976975
phone_factorial_1200_v1,clean,voice_0026__phonefact_opus_nb_8k,0.9999784,0.91259193,0.99999994
phone_factorial_1200_v1,clean,voice_0027__phonefact_opus_nb_8k,0.026946422,0.03490815,0.29062024
phone_factorial_1200_v1,clean,voice_0028__phonefact_opus_nb_8k,0.0016226708,0.7944023,0.8023993
phone_factorial_1200_v1,clean,voice_0029__phonefact_opus_nb_8k,1.0275533e-05,0.9068677,0.90330344
phone_factorial_1200_v1,clean,voice_0030__phonefact_opus_nb_8k,0.0025392333,0.7682549,0.8011682
phone_factorial_1200_v1,clean,voice_0031__phonefact_opus_nb_8k,4.3573265e-05,0.76244915,0.83424014
phone_factorial_1200_v1,clean,voice_0032__phonefact_opus_nb_8k,0.13750094,0.6711962,0.85831124
phone_factorial_1200_v1,clean,voice_0033__phonefact_opus_nb_8k,0.034635276,0.9609705,0.9850049
phone_factorial_1200_v1,clean,voice_0034__phonefact_opus_nb_8k,0.030592557,0.95171535,0.98169446
phone_factorial_1200_v1,clean,voice_0035__phonefact_opus_nb_8k,7.048904e-05,0.9363906,0.9318253
phone_factorial_1200_v1,clean,voice_0036__phonefact_opus_nb_8k,0.96664107,0.52272403,0.99579537
phone_factorial_1200_v1,clean,voice_0037__phonefact_opus_nb_8k,0.24166104,0.99967456,0.9999524
phone_factorial_1200_v1,clean,voice_0038__phonefact_opus_nb_8k,0.16962834,0.9459804,0.9890952
phone_factorial_1200_v1,clean,voice_0039__phonefact_opus_nb_8k,0.996071,0.99311984,0.9999978
phone_factorial_1200_v1,clean,voice_0040__phonefact_opus_nb_8k,0.99832624,0.12075491,0.9997776
phone_factorial_1200_v1,clean,voice_0041__phonefact_opus_nb_8k,0.9960594,0.8873078,0.9999639
phone_factorial_1200_v1,clean,voice_0042__phonefact_opus_nb_8k,0.00010275969,0.98798895,0.9926437
phone_factorial_1200_v1,clean,voice_0043__phonefact_opus_nb_8k,0.00052336627,0.9997308,0.9997228
phone_factorial_1200_v1,clean,voice_0044__phonefact_opus_nb_8k,0.0065336344,0.029517233,0.19003586
phone_factorial_1200_v1,clean,voice_0045__phonefact_opus_nb_8k,0.9993002,0.99861276,0.9999998
phone_factorial_1200_v1,clean,voice_0046__phonefact_opus_nb_8k,0.99818397,0.97434664,0.999998
phone_factorial_1200_v1,clean,voice_0047__phonefact_opus_nb_8k,0.21473978,0.99898386,0.99986714
phone_factorial_1200_v1,clean,voice_0048__phonefact_opus_nb_8k,0.9998913,0.9996935,1.0
phone_factorial_1200_v1,clean,voice_0049__phonefact_opus_nb_8k,0.5914262,0.99823344,0.9999024
phone_factorial_1200_v1,clean,voice_0100__phonefact_opus_nb_8k,0.99999905,0.99376094,1.0
phone_factorial_1200_v1,clean,voice_0101__phonefact_opus_nb_8k,0.9993118,0.9975842,0.99999976
phone_factorial_1200_v1,clean,voice_0102__phonefact_opus_nb_8k,0.9978218,0.999869,1.0
phone_factorial_1200_v1,clean,voice_0103__phonefact_opus_nb_8k,0.99999845,0.9997071,1.0
phone_factorial_1200_v1,clean,voice_0104__phonefact_opus_nb_8k,0.99961436,0.9988165,0.99999994
phone_factorial_1200_v1,clean,voice_0105__phonefact_opus_nb_8k,0.9997971,0.99949425,1.0
phone_factorial_1200_v1,clean,voice_0106__phonefact_opus_nb_8k,0.9999572,0.54145515,0.99999714
phone_factorial_1200_v1,clean,voice_0107__phonefact_opus_nb_8k,0.9999529,0.99925566,1.0
phone_factorial_1200_v1,clean,voice_0108__phonefact_opus_nb_8k,0.98650086,0.9987502,0.9999975
phone_factorial_1200_v1,clean,voice_0109__phonefact_opus_nb_8k,0.99983954,0.9998177,1.0
phone_factorial_1200_v1,clean,voice_0110__phonefact_opus_nb_8k,0.998144,0.9702951,0.99999005
phone_factorial_1200_v1,clean,voice_0111__phonefact_opus_nb_8k,0.99997985,0.99998665,1.0
phone_factorial_1200_v1,clean,voice_0112__phonefact_opus_nb_8k,0.99999374,0.8763906,0.9999999
phone_factorial_1200_v1,clean,voice_0113__phonefact_opus_nb_8k,0.16823252,0.9794357,0.988376
phone_factorial_1200_v1,clean,voice_0114__phonefact_opus_nb_8k,0.99998194,0.9967195,1.0
phone_factorial_1200_v1,clean,voice_0115__phonefact_opus_nb_8k,0.99796593,0.99988484,1.0
phone_factorial_1200_v1,clean,voice_0116__phonefact_opus_nb_8k,0.9989556,0.99997807,1.0
phone_factorial_1200_v1,clean,voice_0117__phonefact_opus_nb_8k,0.9999261,0.9997864,1.0
phone_factorial_1200_v1,clean,voice_0118__phonefact_opus_nb_8k,0.9999835,0.99864507,1.0
phone_factorial_1200_v1,clean,voice_0119__phonefact_opus_nb_8k,0.9994662,0.9902853,0.9999994
phone_factorial_1200_v1,clean,voice_0120__phonefact_opus_nb_8k,0.9999995,0.9995669,1.0
phone_factorial_1200_v1,clean,voice_0121__phonefact_opus_nb_8k,0.99998075,0.9987749,1.0
phone_factorial_1200_v1,clean,voice_0122__phonefact_opus_nb_8k,0.052273735,0.9999944,0.9999985
phone_factorial_1200_v1,clean,voice_0123__phonefact_opus_nb_8k,0.055079713,0.9998698,0.999943
phone_factorial_1200_v1,clean,voice_0124__phonefact_opus_nb_8k,0.51806045,0.9999817,0.99999774
phone_factorial_1200_v1,clean,voice_0125__phonefact_opus_nb_8k,0.89900327,0.99947494,0.99997747
phone_factorial_1200_v1,clean,voice_0126__phonefact_opus_nb_8k,0.99999654,0.99985015,1.0
phone_factorial_1200_v1,clean,voice_0127__phonefact_opus_nb_8k,0.99999535,0.99978304,1.0
phone_factorial_1200_v1,clean,voice_0128__phonefact_opus_nb_8k,0.9785712,0.1785374,0.99641263
phone_factorial_1200_v1,clean,voice_0129__phonefact_opus_nb_8k,0.9999929,0.9970648,1.0
phone_factorial_1200_v1,clean,voice_0130__phonefact_opus_nb_8k,0.98950875,0.9970607,0.9999974
phone_factorial_1200_v1,clean,voice_0131__phonefact_opus_nb_8k,0.9999919,0.9997256,1.0
phone_factorial_1200_v1,clean,voice_0132__phonefact_opus_nb_8k,0.99973667,0.9979943,0.9999999
phone_factorial_1200_v1,clean,voice_0133__phonefact_opus_nb_8k,0.9997971,0.99995494,1.0
phone_factorial_1200_v1,clean,voice_0134__phonefact_opus_nb_8k,0.13637874,0.9975128,0.99951893
phone_factorial_1200_v1,clean,voice_0135__phonefact_opus_nb_8k,0.99823713,0.9682783,0.99998677
phone_factorial_1200_v1,clean,voice_0136__phonefact_opus_nb_8k,0.9995781,0.99838316,0.9999999
phone_factorial_1200_v1,clean,voice_0137__phonefact_opus_nb_8k,0.9999975,0.9954493,1.0
phone_factorial_1200_v1,clean,voice_0138__phonefact_opus_nb_8k,0.9999084,0.9999611,1.0
phone_factorial_1200_v1,clean,voice_0139__phonefact_opus_nb_8k,0.99977183,0.9999722,1.0
phone_factorial_1200_v1,clean,voice_0140__phonefact_opus_nb_8k,0.99998045,0.9019303,0.9999998
phone_factorial_1200_v1,clean,voice_0141__phonefact_opus_nb_8k,0.9999974,0.999787,1.0
phone_factorial_1200_v1,clean,voice_0142__phonefact_opus_nb_8k,0.999335,0.9994065,1.0
phone_factorial_1200_v1,clean,voice_0143__phonefact_opus_nb_8k,0.9999999,0.997051,1.0
phone_factorial_1200_v1,clean,voice_0144__phonefact_opus_nb_8k,0.9678313,0.9999339,0.9999997
phone_factorial_1200_v1,clean,voice_0145__phonefact_opus_nb_8k,0.99999917,0.9957477,1.0
phone_factorial_1200_v1,clean,voice_0146__phonefact_opus_nb_8k,0.9999398,0.9998107,1.0
phone_factorial_1200_v1,clean,voice_0147__phonefact_opus_nb_8k,0.9999999,0.99993217,1.0
phone_factorial_1200_v1,clean,voice_0148__phonefact_opus_nb_8k,0.99999607,0.9725437,1.0
phone_factorial_1200_v1,clean,voice_0149__phonefact_opus_nb_8k,0.9999726,0.9991403,1.0
phone_factorial_1200_v1,clean,sdm_fake_0000__phonefact_resample8k,0.99926305,0.43597126,0.9998826
phone_factorial_1200_v1,clean,sdm_fake_0001__phonefact_resample8k,0.99831295,0.8288909,0.99994206
phone_factorial_1200_v1,clean,sdm_fake_0002__phonefact_resample8k,0.8898165,0.5102311,0.97288597
phone_factorial_1200_v1,clean,sdm_fake_0003__phonefact_resample8k,0.9643321,6.9689035e-05,0.9618726
phone_factorial_1200_v1,clean,sdm_fake_0004__phonefact_resample8k,0.9763826,0.9996815,0.999998
phone_factorial_1200_v1,clean,sdm_fake_0005__phonefact_resample8k,0.995754,0.9917196,0.9999931
phone_factorial_1200_v1,clean,sdm_fake_0006__phonefact_resample8k,0.9785719,0.87719834,0.99891996
phone_factorial_1200_v1,clean,sdm_fake_0007__phonefact_resample8k,0.96217436,0.99891627,0.99999565
phone_factorial_1200_v1,clean,sdm_fake_0008__phonefact_resample8k,0.6997769,0.94632673,0.99168265
phone_factorial_1200_v1,clean,sdm_fake_0009__phonefact_resample8k,0.970772,0.9978693,0.9999912
phone_factorial_1200_v1,clean,sdm_fake_0010__phonefact_resample8k,0.947471,0.9574748,0.9993812
phone_factorial_1200_v1,clean,sdm_fake_0011__phonefact_resample8k,0.93194157,0.99996203,0.99999964
phone_factorial_1200_v1,clean,sdm_fake_0012__phonefact_resample8k,0.9968037,0.0120735,0.9984343
phone_factorial_1200_v1,clean,sdm_fake_0013__phonefact_resample8k,0.9781301,0.9998288,0.9999994
phone_factorial_1200_v1,clean,sdm_fake_0014__phonefact_resample8k,0.99972963,0.0023641405,0.99988914
phone_factorial_1200_v1,clean,sdm_fake_0015__phonefact_resample8k,0.97749984,0.9999883,1.0
phone_factorial_1200_v1,clean,sdm_fake_0016__phonefact_resample8k,0.9705378,0.99321806,0.9999357
phone_factorial_1200_v1,clean,sdm_fake_0017__phonefact_resample8k,0.9135721,0.9668752,0.9989686
phone_factorial_1200_v1,clean,sdm_fake_0018__phonefact_resample8k,0.98514163,0.9983055,0.99999624
phone_factorial_1200_v1,clean,sdm_fake_0019__phonefact_resample8k,0.89572847,0.043910813,0.960717
phone_factorial_1200_v1,clean,sdm_fake_0020__phonefact_resample8k,0.9994794,0.0007132356,0.99975336
phone_factorial_1200_v1,clean,sdm_fake_0021__phonefact_resample8k,0.9793647,0.99960566,0.9999989
phone_factorial_1200_v1,clean,sdm_fake_0022__phonefact_resample8k,0.99838877,0.9998801,1.0
phone_factorial_1200_v1,clean,sdm_fake_0023__phonefact_resample8k,0.9352778,0.99999416,0.9999999
phone_factorial_1200_v1,clean,sdm_fake_0024__phonefact_resample8k,0.954564,0.9984681,0.99998057
phone_factorial_1200_v1,clean,sdm_fake_0025__phonefact_resample8k,0.9643073,0.996322,0.99995077
phone_factorial_1200_v1,clean,sdm_fake_0026__phonefact_resample8k,0.996992,0.9998317,0.9999999
phone_factorial_1200_v1,clean,sdm_fake_0027__phonefact_resample8k,0.7543834,0.009609959,0.75652516
phone_factorial_1200_v1,clean,sdm_fake_0028__phonefact_resample8k,0.95144546,0.9999473,0.9999997
phone_factorial_1200_v1,clean,sdm_fake_0029__phonefact_resample8k,0.99748665,0.7779729,0.99988693
phone_factorial_1200_v1,clean,sdm_fake_0030__phonefact_resample8k,0.90306723,0.05006583,0.9524268
phone_factorial_1200_v1,clean,sdm_fake_0031__phonefact_resample8k,0.9990288,0.99993384,1.0
phone_factorial_1200_v1,clean,sdm_fake_0032__phonefact_resample8k,0.9359065,0.9984697,0.99994284
phone_factorial_1200_v1,clean,sdm_fake_0033__phonefact_resample8k,0.98874366,0.9999836,1.0
phone_factorial_1200_v1,clean,sdm_fake_0034__phonefact_resample8k,0.9680917,0.9999397,0.9999997
phone_factorial_1200_v1,clean,sdm_fake_0035__phonefact_resample8k,0.93479264,0.72131425,0.9930264
phone_factorial_1200_v1,clean,sdm_fake_0036__phonefact_resample8k,0.9440538,0.010258067,0.9596906
phone_factorial_1200_v1,clean,sdm_fake_0037__phonefact_resample8k,0.965372,0.9830127,0.9998301
phone_factorial_1200_v1,clean,sdm_fake_0038__phonefact_resample8k,0.9950471,0.9990274,0.99999934
phone_factorial_1200_v1,clean,sdm_fake_0039__phonefact_resample8k,0.93930423,0.9999738,0.99999976
phone_factorial_1200_v1,clean,sdm_fake_0040__phonefact_resample8k,0.991693,0.6016387,0.9988734
phone_factorial_1200_v1,clean,sdm_fake_0041__phonefact_resample8k,0.9883605,0.9999802,1.0
phone_factorial_1200_v1,clean,sdm_fake_0042__phonefact_resample8k,0.9855504,0.99999356,1.0
phone_factorial_1200_v1,clean,sdm_fake_0043__phonefact_resample8k,0.93494415,0.021120125,0.94129467
phone_factorial_1200_v1,clean,sdm_fake_0044__phonefact_resample8k,0.9974712,0.10694994,0.999455
phone_factorial_1200_v1,clean,sdm_fake_0045__phonefact_resample8k,0.98192,0.99462587,0.99997437
phone_factorial_1200_v1,clean,sdm_fake_0046__phonefact_resample8k,0.97185224,0.99938005,0.9999957
phone_factorial_1200_v1,clean,sdm_fake_0047__phonefact_resample8k,0.9372694,0.0011354703,0.9576814
phone_factorial_1200_v1,clean,sdm_fake_0048__phonefact_resample8k,0.99564564,0.99877113,0.99999917
phone_factorial_1200_v1,clean,sdm_fake_0049__phonefact_resample8k,0.9928005,0.9993051,0.9999986
phone_factorial_1200_v1,clean,sdm_real_0000__phonefact_resample8k,0.9487643,0.52852166,0.9906647
phone_factorial_1200_v1,clean,sdm_real_0001__phonefact_resample8k,0.86660624,0.96879816,0.99874675
phone_factorial_1200_v1,clean,sdm_real_0002__phonefact_resample8k,0.9554585,0.00047795833,0.9642768
phone_factorial_1200_v1,clean,sdm_real_0003__phonefact_resample8k,0.9189311,0.067376435,0.9767121
phone_factorial_1200_v1,clean,sdm_real_0004__phonefact_resample8k,0.37231764,0.002311755,0.4474212
phone_factorial_1200_v1,clean,sdm_real_0005__phonefact_resample8k,0.7756132,0.00058326457,0.8051039
phone_factorial_1200_v1,clean,sdm_real_0006__phonefact_resample8k,0.71694624,0.00013653346,0.7320405
phone_factorial_1200_v1,clean,sdm_real_0007__phonefact_resample8k,0.9810763,0.0016020156,0.98946404
phone_factorial_1200_v1,clean,sdm_real_0008__phonefact_resample8k,0.32943785,0.031390935,0.41586632
phone_factorial_1200_v1,clean,sdm_real_0009__phonefact_resample8k,0.8093103,0.7735333,0.9763359
phone_factorial_1200_v1,clean,sdm_real_0010__phonefact_resample8k,0.26441896,0.0019227939,0.2690439
phone_factorial_1200_v1,clean,sdm_real_0011__phonefact_resample8k,0.9488046,0.14709792,0.9662664
phone_factorial_1200_v1,clean,sdm_real_0012__phonefact_resample8k,0.975822,0.980685,0.9998254
phone_factorial_1200_v1,clean,sdm_real_0013__phonefact_resample8k,0.66545355,0.0017967786,0.6518471
phone_factorial_1200_v1,clean,sdm_real_0014__phonefact_resample8k,0.83288157,0.0008453139,0.863084
phone_factorial_1200_v1,clean,sdm_real_0015__phonefact_resample8k,0.98551416,0.9049816,0.9996284
phone_factorial_1200_v1,clean,sdm_real_0016__phonefact_resample8k,0.97475696,0.99999315,1.0
phone_factorial_1200_v1,clean,sdm_real_0017__phonefact_resample8k,0.9630021,0.106241345,0.98972243
phone_factorial_1200_v1,clean,sdm_real_0018__phonefact_resample8k,0.73741317,0.667958,0.95717025
phone_factorial_1200_v1,clean,sdm_real_0019__phonefact_resample8k,0.65441424,0.8494071,0.9784718
phone_factorial_1200_v1,clean,sdm_real_0020__phonefact_resample8k,0.65499055,0.9780557,0.9916638
phone_factorial_1200_v1,clean,sdm_real_0021__phonefact_resample8k,0.76502186,0.013778178,0.7515881
phone_factorial_1200_v1,clean,sdm_real_0022__phonefact_resample8k,0.8972516,1.86238e-05,0.90897864
phone_factorial_1200_v1,clean,sdm_real_0023__phonefact_resample8k,0.5416279,0.99131167,0.99804866
phone_factorial_1200_v1,clean,sdm_real_0024__phonefact_resample8k,0.5542931,0.002945168,0.5347863
phone_factorial_1200_v1,clean,sdm_real_0025__phonefact_resample8k,0.93093246,0.5610389,0.98751247
phone_factorial_1200_v1,clean,sdm_real_0026__phonefact_resample8k,0.95669043,0.042748928,0.97624564
phone_factorial_1200_v1,clean,sdm_real_0027__phonefact_resample8k,0.25450683,0.9983853,0.99905086
phone_factorial_1200_v1,clean,sdm_real_0028__phonefact_resample8k,0.39864492,0.99134266,0.99675506
phone_factorial_1200_v1,clean,sdm_real_0029__phonefact_resample8k,0.8474982,0.00015789601,0.8632785
phone_factorial_1200_v1,clean,sdm_real_0030__phonefact_resample8k,0.90101266,0.15150377,0.9502634
phone_factorial_1200_v1,clean,sdm_real_0031__phonefact_resample8k,0.9738207,0.024550922,0.98450005
phone_factorial_1200_v1,clean,sdm_real_0032__phonefact_resample8k,0.87088954,1.5838421e-05,0.87995183
phone_factorial_1200_v1,clean,sdm_real_0033__phonefact_resample8k,0.78703284,0.6883886,0.9723864
phone_factorial_1200_v1,clean,sdm_real_0034__phonefact_resample8k,0.87772685,0.046347804,0.9501805
phone_factorial_1200_v1,clean,sdm_real_0035__phonefact_resample8k,0.9545928,0.004844376,0.9622507
phone_factorial_1200_v1,clean,sdm_real_0036__phonefact_resample8k,0.95110345,0.93080163,0.9982784
phone_factorial_1200_v1,clean,sdm_real_0037__phonefact_resample8k,0.4354992,3.0272457e-05,0.43733597
phone_factorial_1200_v1,clean,sdm_real_0038__phonefact_resample8k,0.41316283,0.0015349837,0.43735504
phone_factorial_1200_v1,clean,sdm_real_0039__phonefact_resample8k,0.97179306,0.8058541,0.99648
phone_factorial_1200_v1,clean,sdm_real_0040__phonefact_resample8k,0.6870114,0.00015315007,0.6885284
phone_factorial_1200_v1,clean,sdm_real_0041__phonefact_resample8k,0.9951284,0.87660444,0.99980354
phone_factorial_1200_v1,clean,sdm_real_0042__phonefact_resample8k,0.98625314,0.046306446,0.99439603
phone_factorial_1200_v1,clean,sdm_real_0043__phonefact_resample8k,0.8071944,7.3817435e-05,0.8153756
phone_factorial_1200_v1,clean,sdm_real_0044__phonefact_resample8k,0.55366683,0.0009315385,0.5840144
phone_factorial_1200_v1,clean,sdm_real_0045__phonefact_resample8k,0.9736451,0.9995445,0.9999975
phone_factorial_1200_v1,clean,sdm_real_0046__phonefact_resample8k,0.8024627,0.9999679,0.9999987
phone_factorial_1200_v1,clean,sdm_real_0047__phonefact_resample8k,0.8483123,0.9726777,0.9978248
phone_factorial_1200_v1,clean,sdm_real_0048__phonefact_resample8k,0.96493155,0.99363995,0.99993074
phone_factorial_1200_v1,clean,sdm_real_0049__phonefact_resample8k,0.76837665,0.0673793,0.8936513
phone_factorial_1200_v1,clean,sdxeq_0000__phonefact_resample8k,0.74237347,1.605832e-05,0.7710242
phone_factorial_1200_v1,clean,sdxeq_0001__phonefact_resample8k,0.86552066,0.00010435494,0.87876284
phone_factorial_1200_v1,clean,sdxeq_0002__phonefact_resample8k,0.036336496,0.059401542,0.29827884
phone_factorial_1200_v1,clean,sdxeq_0003__phonefact_resample8k,0.0018177077,0.036204405,0.066230096
phone_factorial_1200_v1,clean,sdxeq_0004__phonefact_resample8k,0.39542964,1.8599078e-05,0.35962266
phone_factorial_1200_v1,clean,sdxeq_0005__phonefact_resample8k,0.9965283,0.0002493747,0.9975617
phone_factorial_1200_v1,clean,sdxeq_0006__phonefact_resample8k,0.7419175,0.0003555279,0.76190114
phone_factorial_1200_v1,clean,sdxeq_0007__phonefact_resample8k,0.303352,0.75612146,0.9438627
phone_factorial_1200_v1,clean,sdxeq_0008__phonefact_resample8k,0.9714657,0.0022404084,0.97527283
phone_factorial_1200_v1,clean,sdxeq_0009__phonefact_resample8k,0.9999248,0.0009126081,0.99994713
phone_factorial_1200_v1,clean,sdxeq_0010__phonefact_resample8k,0.99630415,0.8228135,0.99986607
phone_factorial_1200_v1,clean,sdxeq_0011__phonefact_resample8k,7.304975e-05,0.9937506,0.993133
phone_factorial_1200_v1,clean,sdxeq_0012__phonefact_resample8k,0.9997,3.2248416e-05,0.99972177
phone_factorial_1200_v1,clean,sdxeq_0013__phonefact_resample8k,0.99380434,0.0075404965,0.99425673
phone_factorial_1200_v1,clean,sdxeq_0014__phonefact_resample8k,0.9994954,0.07388037,0.9997604
phone_factorial_1200_v1,clean,sdxeq_0015__phonefact_resample8k,0.16342667,0.005589442,0.24184038
phone_factorial_1200_v1,clean,sdxeq_0016__phonefact_resample8k,0.9999943,0.0980433,0.9999989
phone_factorial_1200_v1,clean,sdxeq_0017__phonefact_resample8k,0.998603,4.2274513e-07,0.99842703
phone_factorial_1200_v1,clean,sdxeq_0018__phonefact_resample8k,0.95968753,0.0008248971,0.97389835
phone_factorial_1200_v1,clean,sdxeq_0019__phonefact_resample8k,0.9942916,0.0015270622,0.99475455
phone_factorial_1200_v1,clean,sdxeq_0020__phonefact_resample8k,0.901991,1.89807e-05,0.8478665
phone_factorial_1200_v1,clean,sdxeq_0021__phonefact_resample8k,0.99995166,0.007885199,0.99997985
phone_factorial_1200_v1,clean,sdxeq_0022__phonefact_resample8k,0.24916697,1.8499936e-06,0.27700335
phone_factorial_1200_v1,clean,sdxeq_0023__phonefact_resample8k,0.9987222,0.5673562,0.9998587
phone_factorial_1200_v1,clean,sdxeq_0024__phonefact_resample8k,0.9999,0.0071105403,0.99997574
phone_factorial_1200_v1,clean,sdxeq_0025__phonefact_resample8k,0.99988115,0.010998577,0.99992347
phone_factorial_1200_v1,clean,sdxeq_0026__phonefact_resample8k,0.9605332,0.97814715,0.99986154
phone_factorial_1200_v1,clean,sdxeq_0027__phonefact_resample8k,0.9999987,0.70725304,0.9999999
phone_factorial_1200_v1,clean,sdxeq_0028__phonefact_resample8k,0.9855181,0.9999958,1.0
phone_factorial_1200_v1,clean,sdxeq_0029__phonefact_resample8k,0.8675902,0.99995744,0.9999995
phone_factorial_1200_v1,clean,sdxeq_0030__phonefact_resample8k,0.9999993,0.9819565,1.0
phone_factorial_1200_v1,clean,sdxeq_0031__phonefact_resample8k,0.9905821,0.99980795,0.99999887
phone_factorial_1200_v1,clean,sdxeq_0032__phonefact_resample8k,0.8964344,0.9999945,1.0
phone_factorial_1200_v1,clean,sdxeq_0033__phonefact_resample8k,0.9999955,0.9575842,0.99999994
phone_factorial_1200_v1,clean,sdxeq_0034__phonefact_resample8k,0.9994943,0.9913808,0.9999994
phone_factorial_1200_v1,clean,sdxeq_0035__phonefact_resample8k,0.78873366,0.99999404,0.9999998
phone_factorial_1200_v1,clean,sdxeq_0036__phonefact_resample8k,0.997172,0.0052245394,0.99717444
phone_factorial_1200_v1,clean,sdxeq_0037__phonefact_resample8k,0.9999895,0.70491195,0.99999917
phone_factorial_1200_v1,clean,sdxeq_0038__phonefact_resample8k,0.9993795,0.7607835,0.9999516
phone_factorial_1200_v1,clean,sdxeq_0039__phonefact_resample8k,0.9349023,0.008122997,0.9790256
phone_factorial_1200_v1,clean,sdxeq_0040__phonefact_resample8k,0.99990064,0.99982446,1.0
phone_factorial_1200_v1,clean,sdxeq_0041__phonefact_resample8k,0.99744904,0.001460204,0.9983147
phone_factorial_1200_v1,clean,sdxeq_0042__phonefact_resample8k,0.9843871,0.9999674,1.0
phone_factorial_1200_v1,clean,sdxeq_0043__phonefact_resample8k,0.6076445,0.011609661,0.76014197
phone_factorial_1200_v1,clean,sdxeq_0044__phonefact_resample8k,0.1268734,0.99853927,0.999552
phone_factorial_1200_v1,clean,sdxeq_0045__phonefact_resample8k,0.99982005,0.019550925,0.99989855
phone_factorial_1200_v1,clean,sdxeq_0046__phonefact_resample8k,0.99975055,0.9994529,1.0
phone_factorial_1200_v1,clean,sdxeq_0047__phonefact_resample8k,0.9946691,0.9999508,0.9999999
phone_factorial_1200_v1,clean,sdxeq_0048__phonefact_resample8k,0.9999994,0.8308676,1.0
phone_factorial_1200_v1,clean,sdxeq_0049__phonefact_resample8k,0.98070306,0.9999467,0.9999999
phone_factorial_1200_v1,clean,sdxeq_0050__phonefact_resample8k,0.9085355,0.9964591,0.999845
phone_factorial_1200_v1,clean,sdxeq_0051__phonefact_resample8k,0.99354494,2.0264451e-05,0.99285865
phone_factorial_1200_v1,clean,sdxeq_0052__phonefact_resample8k,0.99994606,0.020927262,0.99998593
phone_factorial_1200_v1,clean,sdxeq_0053__phonefact_resample8k,0.999963,0.009241726,0.9999813
phone_factorial_1200_v1,clean,sdxeq_0054__phonefact_resample8k,0.9992808,0.00043541152,0.9997672
phone_factorial_1200_v1,clean,sdxeq_0055__phonefact_resample8k,0.9999995,0.0005963097,0.9999999
phone_factorial_1200_v1,clean,sdxeq_0056__phonefact_resample8k,0.99978006,3.7031103e-05,0.99981713
phone_factorial_1200_v1,clean,sdxeq_0057__phonefact_resample8k,0.7840793,3.374883e-06,0.7273308
phone_factorial_1200_v1,clean,sdxeq_0058__phonefact_resample8k,0.99997294,0.5933212,0.99999475
phone_factorial_1200_v1,clean,sdxeq_0059__phonefact_resample8k,0.95655555,0.67361796,0.98873866
phone_factorial_1200_v1,clean,sdxeq_0060__phonefact_resample8k,0.99397814,0.999851,0.9999999
phone_factorial_1200_v1,clean,sdxeq_0061__phonefact_resample8k,0.99969196,0.02024857,0.9998497
phone_factorial_1200_v1,clean,sdxeq_0062__phonefact_resample8k,0.9930543,0.02532456,0.99555814
phone_factorial_1200_v1,clean,sdxeq_0063__phonefact_resample8k,0.9678561,1.2113992e-06,0.94469666
phone_factorial_1200_v1,clean,sdxeq_0064__phonefact_resample8k,0.9989133,0.0064485753,0.99941605
phone_factorial_1200_v1,clean,sdxeq_0065__phonefact_resample8k,0.654271,0.10679921,0.8210658
phone_factorial_1200_v1,clean,sdxeq_0066__phonefact_resample8k,0.999957,0.18619797,0.99999154
phone_factorial_1200_v1,clean,sdxeq_0067__phonefact_resample8k,0.9999993,0.00015881173,0.99999976
phone_factorial_1200_v1,clean,sdxeq_0068__phonefact_resample8k,0.99591225,0.00019469755,0.9957775
phone_factorial_1200_v1,clean,sdxeq_0069__phonefact_resample8k,0.64849377,0.0071626515,0.80528045
phone_factorial_1200_v1,clean,sdxeq_0070__phonefact_resample8k,0.9977462,0.8643811,0.9999676
phone_factorial_1200_v1,clean,sdxeq_0071__phonefact_resample8k,0.007534257,0.9181084,0.9484312
phone_factorial_1200_v1,clean,sdxeq_0072__phonefact_resample8k,0.99999076,0.006898582,0.99999774
phone_factorial_1200_v1,clean,sdxeq_0073__phonefact_resample8k,0.99999976,0.077995405,0.9999999
phone_factorial_1200_v1,clean,sdxeq_0074__phonefact_resample8k,0.9969543,0.010858953,0.99679554
phone_factorial_1200_v1,clean,sdxeq_0075__phonefact_resample8k,0.9999747,0.9999833,1.0
phone_factorial_1200_v1,clean,sdxeq_0076__phonefact_resample8k,0.9999989,0.0018414238,0.9999997
phone_factorial_1200_v1,clean,sdxeq_0077__phonefact_resample8k,0.9999635,0.09288723,0.9999902
phone_factorial_1200_v1,clean,sdxeq_0078__phonefact_resample8k,0.9999802,0.9861942,1.0
phone_factorial_1200_v1,clean,sdxeq_0079__phonefact_resample8k,0.9999992,0.9884385,1.0
phone_factorial_1200_v1,clean,sdxeq_0080__phonefact_resample8k,0.99999976,0.23889038,0.99999994
phone_factorial_1200_v1,clean,sdxeq_0081__phonefact_resample8k,0.99994993,0.5402367,0.9999912
phone_factorial_1200_v1,clean,sdxeq_0082__phonefact_resample8k,0.99971175,1.4450817e-05,0.99977934
phone_factorial_1200_v1,clean,sdxeq_0083__phonefact_resample8k,0.9999977,0.1522636,0.99999964
phone_factorial_1200_v1,clean,sdxeq_0084__phonefact_resample8k,0.9999975,0.14014941,0.99999917
phone_factorial_1200_v1,clean,sdxeq_0085__phonefact_resample8k,0.9999998,0.9864205,1.0
phone_factorial_1200_v1,clean,sdxeq_0086__phonefact_resample8k,0.9999656,3.6248763e-05,0.9999714
phone_factorial_1200_v1,clean,sdxeq_0087__phonefact_resample8k,0.065990224,0.0020253435,0.104367875
phone_factorial_1200_v1,clean,sdxeq_0088__phonefact_resample8k,0.98803985,3.7467063e-07,0.984114
phone_factorial_1200_v1,clean,sdxeq_0089__phonefact_resample8k,0.22987409,0.00013345077,0.26382288
phone_factorial_1200_v1,clean,sdxeq_0090__phonefact_resample8k,0.9999988,6.4733904e-05,0.9999993
phone_factorial_1200_v1,clean,sdxeq_0091__phonefact_resample8k,0.9999993,0.17195687,0.99999976
phone_factorial_1200_v1,clean,sdxeq_0092__phonefact_resample8k,1.0,0.9728488,1.0
phone_factorial_1200_v1,clean,sdxeq_0093__phonefact_resample8k,0.75404024,0.2680762,0.91078573
phone_factorial_1200_v1,clean,sdxeq_0094__phonefact_resample8k,0.99995625,0.00092888495,0.9999708
phone_factorial_1200_v1,clean,sdxeq_0095__phonefact_resample8k,0.90548086,0.870221,0.99596965
phone_factorial_1200_v1,clean,sdxeq_0096__phonefact_resample8k,0.99994564,0.99951386,1.0
phone_factorial_1200_v1,clean,sdxeq_0097__phonefact_resample8k,1.0,0.607757,1.0
phone_factorial_1200_v1,clean,sdxeq_0098__phonefact_resample8k,0.9997481,0.025916006,0.9999087
phone_factorial_1200_v1,clean,sdxeq_0099__phonefact_resample8k,0.999969,0.9960356,1.0
phone_factorial_1200_v1,clean,voice_0000__phonefact_resample8k,0.0014159267,0.003972214,0.012011503
phone_factorial_1200_v1,clean,voice_0001__phonefact_resample8k,0.99985665,0.994485,0.9999999
phone_factorial_1200_v1,clean,voice_0002__phonefact_resample8k,0.13428436,0.99435025,0.99741197
phone_factorial_1200_v1,clean,voice_0003__phonefact_resample8k,0.015726876,0.37874928,0.66382945
phone_factorial_1200_v1,clean,voice_0004__phonefact_resample8k,0.594386,0.3355945,0.87504905
phone_factorial_1200_v1,clean,voice_0005__phonefact_resample8k,0.0027816873,0.91146374,0.9289331
phone_factorial_1200_v1,clean,voice_0006__phonefact_resample8k,0.00024107144,0.9025723,0.9168943
phone_factorial_1200_v1,clean,voice_0007__phonefact_resample8k,0.000112401714,0.5089028,0.5991998
phone_factorial_1200_v1,clean,voice_0008__phonefact_resample8k,0.7499968,0.99933517,0.9999876
phone_factorial_1200_v1,clean,voice_0009__phonefact_resample8k,0.99999547,0.59578013,0.9999994
phone_factorial_1200_v1,clean,voice_0010__phonefact_resample8k,6.690373e-05,0.9988538,0.9984789
phone_factorial_1200_v1,clean,voice_0011__phonefact_resample8k,0.013314027,0.9911916,0.997372
phone_factorial_1200_v1,clean,voice_0012__phonefact_resample8k,0.03148362,0.94653034,0.9618499
phone_factorial_1200_v1,clean,voice_0013__phonefact_resample8k,0.00016612094,0.9981415,0.9983065
phone_factorial_1200_v1,clean,voice_0014__phonefact_resample8k,0.00035585323,0.93669176,0.94008255
phone_factorial_1200_v1,clean,voice_0015__phonefact_resample8k,0.000990552,0.9996556,0.9997362
phone_factorial_1200_v1,clean,voice_0016__phonefact_resample8k,0.0019297434,0.88513833,0.89958227
phone_factorial_1200_v1,clean,voice_0017__phonefact_resample8k,0.00019644095,0.95674527,0.96239126
phone_factorial_1200_v1,clean,voice_0018__phonefact_resample8k,0.99999845,0.9970274,1.0
phone_factorial_1200_v1,clean,voice_0019__phonefact_resample8k,0.0017907865,0.72168386,0.7325001
phone_factorial_1200_v1,clean,voice_0020__phonefact_resample8k,8.578105e-06,0.043678135,0.05953697
phone_factorial_1200_v1,clean,voice_0021__phonefact_resample8k,0.9744643,0.038296096,0.988852
phone_factorial_1200_v1,clean,voice_0022__phonefact_resample8k,2.9928811e-05,0.69755125,0.7130536
phone_factorial_1200_v1,clean,voice_0023__phonefact_resample8k,0.9632668,0.26279104,0.9881902
phone_factorial_1200_v1,clean,voice_0024__phonefact_resample8k,1.456301e-06,0.037089273,0.03209472
phone_factorial_1200_v1,clean,voice_0025__phonefact_resample8k,0.7039951,0.99188375,0.9995028
phone_factorial_1200_v1,clean,voice_0026__phonefact_resample8k,0.9999871,0.9953362,1.0
phone_factorial_1200_v1,clean,voice_0027__phonefact_resample8k,0.00026716673,0.012586616,0.04432423
phone_factorial_1200_v1,clean,voice_0028__phonefact_resample8k,0.80819964,0.6549592,0.9849238
phone_factorial_1200_v1,clean,voice_0029__phonefact_resample8k,1.2448536e-06,0.12796283,0.25267702
phone_factorial_1200_v1,clean,voice_0030__phonefact_resample8k,5.8647156e-06,0.0027901256,0.005459147
phone_factorial_1200_v1,clean,voice_0031__phonefact_resample8k,4.946937e-06,0.010579128,0.05315722
phone_factorial_1200_v1,clean,voice_0032__phonefact_resample8k,0.0003852188,0.01057571,0.07909985
phone_factorial_1200_v1,clean,voice_0033__phonefact_resample8k,9.462383e-05,0.61089396,0.6877589
phone_factorial_1200_v1,clean,voice_0034__phonefact_resample8k,0.003706394,0.25605074,0.44373378
phone_factorial_1200_v1,clean,voice_0035__phonefact_resample8k,2.9991445e-06,0.0025771249,0.0046943044
phone_factorial_1200_v1,clean,voice_0036__phonefact_resample8k,0.018148262,0.40396208,0.5989573
phone_factorial_1200_v1,clean,voice_0037__phonefact_resample8k,0.0013314073,0.99913436,0.9994043
phone_factorial_1200_v1,clean,voice_0038__phonefact_resample8k,0.0004693031,0.9783602,0.9799669
phone_factorial_1200_v1,clean,voice_0039__phonefact_resample8k,0.9825145,0.98670506,0.9999782
phone_factorial_1200_v1,clean,voice_0040__phonefact_resample8k,0.99869794,0.020071898,0.99953365
phone_factorial_1200_v1,clean,voice_0041__phonefact_resample8k,0.0008773804,0.9428227,0.9835111
phone_factorial_1200_v1,clean,voice_0042__phonefact_resample8k,1.2153051e-05,0.1993258,0.5144509
phone_factorial_1200_v1,clean,voice_0043__phonefact_resample8k,4.7525313e-07,0.08010566,0.08459942
phone_factorial_1200_v1,clean,voice_0044__phonefact_resample8k,4.774759e-05,0.0055579813,0.018071396
phone_factorial_1200_v1,clean,voice_0045__phonefact_resample8k,0.01667858,0.99970925,0.99986637
phone_factorial_1200_v1,clean,voice_0046__phonefact_resample8k,0.9999989,0.9587079,1.0
phone_factorial_1200_v1,clean,voice_0047__phonefact_resample8k,0.0012873618,0.8582642,0.930168
phone_factorial_1200_v1,clean,voice_0048__phonefact_resample8k,0.99979705,0.99984646,1.0
phone_factorial_1200_v1,clean,voice_0049__phonefact_resample8k,0.043165237,0.99884295,0.99915284
phone_factorial_1200_v1,clean,voice_0100__phonefact_resample8k,1.0,0.9988123,1.0
phone_factorial_1200_v1,clean,voice_0101__phonefact_resample8k,0.99999034,0.99987555,1.0
phone_factorial_1200_v1,clean,voice_0102__phonefact_resample8k,0.99999654,0.9999747,1.0
phone_factorial_1200_v1,clean,voice_0103__phonefact_resample8k,0.9999993,0.9663524,1.0
phone_factorial_1200_v1,clean,voice_0104__phonefact_resample8k,0.9999993,0.9998766,1.0
phone_factorial_1200_v1,clean,voice_0105__phonefact_resample8k,0.99999964,0.99853945,1.0
phone_factorial_1200_v1,clean,voice_0106__phonefact_resample8k,0.9997651,0.33564857,0.9999701
phone_factorial_1200_v1,clean,voice_0107__phonefact_resample8k,0.99997187,0.99998903,1.0
phone_factorial_1200_v1,clean,voice_0108__phonefact_resample8k,0.99985087,0.99884653,0.99999994
phone_factorial_1200_v1,clean,voice_0109__phonefact_resample8k,0.9999858,0.9998058,1.0
phone_factorial_1200_v1,clean,voice_0110__phonefact_resample8k,0.9998392,0.9985582,1.0
phone_factorial_1200_v1,clean,voice_0111__phonefact_resample8k,0.9999996,0.9999989,1.0
phone_factorial_1200_v1,clean,voice_0112__phonefact_resample8k,0.99999946,0.98902285,1.0
phone_factorial_1200_v1,clean,voice_0113__phonefact_resample8k,0.6477183,0.636721,0.9006524
phone_factorial_1200_v1,clean,voice_0114__phonefact_resample8k,0.99998605,0.97822666,1.0
phone_factorial_1200_v1,clean,voice_0115__phonefact_resample8k,0.9999889,0.99997556,1.0
phone_factorial_1200_v1,clean,voice_0116__phonefact_resample8k,0.9999318,0.99999374,1.0
phone_factorial_1200_v1,clean,voice_0117__phonefact_resample8k,0.9999981,0.99820566,1.0
phone_factorial_1200_v1,clean,voice_0118__phonefact_resample8k,0.9999831,0.99635994,1.0
phone_factorial_1200_v1,clean,voice_0119__phonefact_resample8k,0.9968908,0.9997933,0.9999999
phone_factorial_1200_v1,clean,voice_0120__phonefact_resample8k,1.0,0.9999405,1.0
phone_factorial_1200_v1,clean,voice_0121__phonefact_resample8k,0.99999917,0.999423,1.0
phone_factorial_1200_v1,clean,voice_0122__phonefact_resample8k,0.99998903,0.9999488,1.0
phone_factorial_1200_v1,clean,voice_0123__phonefact_resample8k,0.9747361,0.75618935,0.9994886
phone_factorial_1200_v1,clean,voice_0124__phonefact_resample8k,0.98368007,0.99999166,1.0
phone_factorial_1200_v1,clean,voice_0125__phonefact_resample8k,0.99811304,0.999251,0.9999994
phone_factorial_1200_v1,clean,voice_0126__phonefact_resample8k,0.99999917,0.9999877,1.0
phone_factorial_1200_v1,clean,voice_0127__phonefact_resample8k,0.9999995,0.9999782,1.0
phone_factorial_1200_v1,clean,voice_0128__phonefact_resample8k,0.9999949,0.9997846,1.0
phone_factorial_1200_v1,clean,voice_0129__phonefact_resample8k,1.0,0.9764859,1.0
phone_factorial_1200_v1,clean,voice_0130__phonefact_resample8k,0.9999726,0.9997269,1.0
phone_factorial_1200_v1,clean,voice_0131__phonefact_resample8k,0.9999995,0.99862516,1.0
phone_factorial_1200_v1,clean,voice_0132__phonefact_resample8k,0.9997947,0.9999095,1.0
phone_factorial_1200_v1,clean,voice_0133__phonefact_resample8k,0.99999547,0.99976575,1.0
phone_factorial_1200_v1,clean,voice_0134__phonefact_resample8k,0.9303313,0.9995924,0.99999714
phone_factorial_1200_v1,clean,voice_0135__phonefact_resample8k,0.99986136,0.9996839,1.0
phone_factorial_1200_v1,clean,voice_0136__phonefact_resample8k,0.9999957,0.9987575,1.0
phone_factorial_1200_v1,clean,voice_0137__phonefact_resample8k,0.99999976,0.9997976,1.0
phone_factorial_1200_v1,clean,voice_0138__phonefact_resample8k,0.9999999,0.9999318,1.0
phone_factorial_1200_v1,clean,voice_0139__phonefact_resample8k,0.99996233,0.9999821,1.0
phone_factorial_1200_v1,clean,voice_0140__phonefact_resample8k,1.0,0.99517524,1.0
phone_factorial_1200_v1,clean,voice_0141__phonefact_resample8k,1.0,0.99698406,1.0
phone_factorial_1200_v1,clean,voice_0142__phonefact_resample8k,0.9999615,0.9999981,1.0
phone_factorial_1200_v1,clean,voice_0143__phonefact_resample8k,1.0,0.9913585,1.0
phone_factorial_1200_v1,clean,voice_0144__phonefact_resample8k,0.9997231,0.9999882,1.0
phone_factorial_1200_v1,clean,voice_0145__phonefact_resample8k,0.99999964,0.998726,1.0
phone_factorial_1200_v1,clean,voice_0146__phonefact_resample8k,0.9999974,0.99993247,1.0
phone_factorial_1200_v1,clean,voice_0147__phonefact_resample8k,0.99999905,0.9999209,1.0
phone_factorial_1200_v1,clean,voice_0148__phonefact_resample8k,0.99999976,0.99920315,1.0
phone_factorial_1200_v1,clean,voice_0149__phonefact_resample8k,0.99999297,0.9997751,1.0
yue_cross_component_audit_v1,clean,yue_000_concurrent_v0_m0,0.78139925,0.41356182,0.93920344
yue_cross_component_audit_v1,clean,yue_000_music_fake,0.9827393,0.99995685,0.9999999
yue_cross_component_audit_v1,clean,yue_000_partial_overlap_v0_m0,0.004323405,0.016132321,0.040148422
yue_cross_component_audit_v1,clean,yue_000_sequential_v0_m0,0.08743595,0.25241503,0.4934489
yue_cross_component_audit_v1,clean,yue_001_concurrent_v0_m0,0.00035859187,0.14466466,0.13293181
yue_cross_component_audit_v1,clean,yue_001_music_fake,0.996148,0.9999974,1.0
yue_cross_component_audit_v1,clean,yue_001_partial_overlap_v0_m0,0.0014436996,0.009670531,0.03131326
yue_cross_component_audit_v1,clean,yue_001_sequential_v0_m0,0.7883,0.00014710813,0.84865165
yue_cross_component_audit_v1,clean,yue_002_concurrent_v0_m0,0.128773,0.00031065042,0.12816194
yue_cross_component_audit_v1,clean,yue_002_music_fake,0.97006464,0.99980104,0.99999857
yue_cross_component_audit_v1,clean,yue_002_partial_overlap_v1_m0,0.8035108,0.0029747812,0.8417255
yue_cross_component_audit_v1,clean,yue_002_sequential_v1_m0,0.9996259,0.016742742,0.9997251
yue_cross_component_audit_v1,clean,yue_003_concurrent_v1_m0,0.82311755,0.04102362,0.96006393
yue_cross_component_audit_v1,clean,yue_003_native_vocal_fake_music,0.45389047,0.9999953,0.99999964
yue_cross_component_audit_v1,clean,yue_003_partial_overlap_v1_m0,0.92853856,0.9964841,0.9999636
yue_cross_component_audit_v1,clean,yue_003_sequential_v1_m0,0.26728505,0.07978226,0.5681577
yue_cross_component_audit_v1,clean,yue_004_concurrent_v1_m0,0.9578533,1.0856101e-05,0.955799
yue_cross_component_audit_v1,clean,yue_004_native_vocal_fake_music,0.96302086,0.9999998,1.0
yue_cross_component_audit_v1,clean,yue_004_partial_overlap_v1_m0,0.99543715,0.00021515545,0.997814
yue_cross_component_audit_v1,clean,yue_004_sequential_v1_m0,0.999236,0.000106626394,0.99935025
yue_cross_component_audit_v1,clean,yue_005_concurrent_v1_m0,0.9852674,0.0013789681,0.9906856
yue_cross_component_audit_v1,clean,yue_005_native_vocal_fake_music,0.8828238,0.9999496,0.99999917
yue_cross_component_audit_v1,clean,yue_005_partial_overlap_v1_m0,0.98849213,0.003935384,0.99393344
yue_cross_component_audit_v1,clean,yue_005_sequential_v1_m0,0.99963117,0.23716478,0.9997987
yue_cross_component_audit_v1,clean,yue_006_concurrent_v1_m0,0.9746881,0.041348554,0.99534893
yue_cross_component_audit_v1,clean,yue_006_native_vocal_fake_music,0.9742415,0.99999464,1.0
yue_cross_component_audit_v1,clean,yue_006_partial_overlap_v1_m0,0.7965776,0.6134451,0.97047627
yue_cross_component_audit_v1,clean,yue_006_sequential_v1_m0,0.992566,0.9996828,0.9999999
yue_cross_component_audit_v1,clean,yue_007_concurrent_v1_m0,0.3506882,0.000133052,0.33516243
yue_cross_component_audit_v1,clean,yue_007_partial_overlap_v0_m0,0.56025153,3.4652712e-05,0.579148
yue_cross_component_audit_v1,clean,yue_007_sequential_v0_m0,0.9348983,0.00095943804,0.9423344
yue_cross_component_audit_v1,clean,yue_000_concurrent_v0_m1,0.99292004,0.049971595,0.99652356
yue_cross_component_audit_v1,clean,yue_000_music_real,0.7716559,0.31759924,0.90079695
yue_cross_component_audit_v1,clean,yue_000_partial_overlap_v0_m1,0.45073465,0.10368044,0.76684743
yue_cross_component_audit_v1,clean,yue_000_sequential_v0_m1,0.06605602,0.99938524,0.99967414
yue_cross_component_audit_v1,clean,yue_001_concurrent_v0_m1,0.06417844,0.83963513,0.8715905
yue_cross_component_audit_v1,clean,yue_001_music_real,0.89371896,0.13693894,0.97259516
yue_cross_component_audit_v1,clean,yue_001_partial_overlap_v0_m1,0.017029686,0.97974896,0.9818259
yue_cross_component_audit_v1,clean,yue_001_sequential_v0_m1,0.18171749,0.9999908,0.99999785
yue_cross_component_audit_v1,clean,yue_002_concurrent_v0_m1,0.047964633,0.008705363,0.09281739
yue_cross_component_audit_v1,clean,yue_002_music_real,0.8008174,0.050384272,0.9239208
yue_cross_component_audit_v1,clean,yue_002_partial_overlap_v1_m1,0.9999569,0.006805816,0.9999738
yue_cross_component_audit_v1,clean,yue_002_sequential_v1_m1,0.99997735,0.8740852,0.9999995
yue_cross_component_audit_v1,clean,yue_003_concurrent_v1_m1,0.6702006,0.99999547,0.9999998
yue_cross_component_audit_v1,clean,yue_003_native_vocal_real_music,0.7940705,5.3226202e-05,0.8128163
yue_cross_component_audit_v1,clean,yue_003_partial_overlap_v1_m1,0.9456983,0.99999285,1.0
yue_cross_component_audit_v1,clean,yue_003_sequential_v1_m1,0.9936274,0.9999988,1.0
yue_cross_component_audit_v1,clean,yue_004_concurrent_v1_m1,0.84007275,0.019295098,0.9338728
yue_cross_component_audit_v1,clean,yue_004_native_vocal_real_music,0.9907117,0.04312639,0.9945922
yue_cross_component_audit_v1,clean,yue_004_partial_overlap_v1_m1,0.9283805,0.85936093,0.99880123
yue_cross_component_audit_v1,clean,yue_004_sequential_v1_m1,0.9983406,0.99992216,1.0
yue_cross_component_audit_v1,clean,yue_005_concurrent_v1_m1,0.9851917,0.000142871,0.984689
yue_cross_component_audit_v1,clean,yue_005_native_vocal_real_music,0.96242905,0.5073418,0.9947694
yue_cross_component_audit_v1,clean,yue_005_partial_overlap_v1_m1,0.9990369,0.009932578,0.9995715
yue_cross_component_audit_v1,clean,yue_005_sequential_v1_m1,0.99317527,0.2705077,0.998992
yue_cross_component_audit_v1,clean,yue_006_concurrent_v1_m1,0.9334309,0.9610685,0.9996478
yue_cross_component_audit_v1,clean,yue_006_native_vocal_real_music,0.1865536,0.9999622,0.9999866
yue_cross_component_audit_v1,clean,yue_006_partial_overlap_v1_m1,0.8934469,0.99994135,0.9999995
yue_cross_component_audit_v1,clean,yue_006_sequential_v1_m1,0.93694806,0.99999124,1.0
yue_cross_component_audit_v1,clean,yue_007_concurrent_v1_m1,0.99353975,0.79604185,0.99963135
yue_cross_component_audit_v1,clean,yue_007_partial_overlap_v0_m1,0.7749393,0.13598433,0.92994285
yue_cross_component_audit_v1,clean,yue_007_sequential_v0_m1,0.99897933,0.58355683,0.99989593
yue_cross_component_audit_v1,clean,yue_000_concurrent_v1_m0,0.8129506,0.17856967,0.92572397
yue_cross_component_audit_v1,clean,yue_000_native_vocal_fake_music,0.9901991,0.9993919,0.9999989
yue_cross_component_audit_v1,clean,yue_000_partial_overlap_v1_m0,0.9998099,0.009845508,0.9998636
yue_cross_component_audit_v1,clean,yue_000_sequential_v1_m0,0.9999273,0.37097737,0.999967
yue_cross_component_audit_v1,clean,yue_001_concurrent_v1_m0,0.9977883,0.011285761,0.9985385
yue_cross_component_audit_v1,clean,yue_001_native_vocal_fake_music,0.983987,0.9999982,1.0
yue_cross_component_audit_v1,clean,yue_001_partial_overlap_v1_m0,0.99984574,0.0013154233,0.9999057
yue_cross_component_audit_v1,clean,yue_001_sequential_v1_m0,0.99995536,0.00072724133,0.99996805
yue_cross_component_audit_v1,clean,yue_002_concurrent_v1_m0,0.87396157,0.0028958232,0.8968971
yue_cross_component_audit_v1,clean,yue_002_partial_overlap_v0_m0,0.00012460876,0.00071188615,0.0038549495
yue_cross_component_audit_v1,clean,yue_002_sequential_v0_m0,0.0020126968,0.002591238,0.01014984
yue_cross_component_audit_v1,clean,yue_003_concurrent_v0_m0,0.9979999,0.00011008831,0.9985442
yue_cross_component_audit_v1,clean,yue_003_music_fake,0.9778133,0.9999995,1.0
yue_cross_component_audit_v1,clean,yue_003_partial_overlap_v0_m0,0.23520748,2.1907064e-05,0.28981382
yue_cross_component_audit_v1,clean,yue_003_sequential_v0_m0,0.57946265,6.726645e-05,0.63569415
yue_cross_component_audit_v1,clean,yue_004_concurrent_v0_m0,0.52639914,0.013494747,0.6130555
yue_cross_component_audit_v1,clean,yue_004_music_fake,0.9870709,0.99999917,1.0
yue_cross_component_audit_v1,clean,yue_004_partial_overlap_v0_m0,0.27406675,0.0013358154,0.3785986
yue_cross_component_audit_v1,clean,yue_004_sequential_v0_m0,0.85209435,0.011911862,0.932407
yue_cross_component_audit_v1,clean,yue_005_concurrent_v0_m0,0.6348685,0.000723853,0.6684572
yue_cross_component_audit_v1,clean,yue_005_music_fake,0.9192076,0.99991673,0.9999982
yue_cross_component_audit_v1,clean,yue_005_partial_overlap_v0_m0,0.04839939,0.013723197,0.1792008
yue_cross_component_audit_v1,clean,yue_005_sequential_v0_m0,0.08720196,0.9406843,0.9631011
yue_cross_component_audit_v1,clean,yue_006_concurrent_v0_m0,0.017567318,0.004043636,0.086554416
yue_cross_component_audit_v1,clean,yue_006_music_fake,0.8404192,0.9999927,0.9999999
yue_cross_component_audit_v1,clean,yue_006_partial_overlap_v0_m0,0.11490521,0.20195086,0.5129101
yue_cross_component_audit_v1,clean,yue_006_sequential_v0_m0,0.26322806,0.46621704,0.71436316
yue_cross_component_audit_v1,clean,yue_007_concurrent_v0_m0,0.6903182,3.6606114e-05,0.68396485
yue_cross_component_audit_v1,clean,yue_007_music_fake,0.8824556,0.99962103,0.99999154
yue_cross_component_audit_v1,clean,yue_007_partial_overlap_v1_m0,0.6236976,0.0023603074,0.7700491
yue_cross_component_audit_v1,clean,yue_007_sequential_v1_m0,0.30097866,0.65769386,0.8711959
yue_cross_component_audit_v1,clean,yue_000_concurrent_v1_m1,0.99888396,0.035330005,0.9992453
yue_cross_component_audit_v1,clean,yue_000_native_vocal_real_music,0.951109,0.6203257,0.9887669
yue_cross_component_audit_v1,clean,yue_000_partial_overlap_v1_m1,0.99988925,0.079731256,0.99994165
yue_cross_component_audit_v1,clean,yue_000_sequential_v1_m1,0.99999297,0.29237142,0.99999624
yue_cross_component_audit_v1,clean,yue_001_concurrent_v1_m1,0.9999435,0.9953551,1.0
yue_cross_component_audit_v1,clean,yue_001_native_vocal_real_music,0.99552596,0.99652857,0.9999958
yue_cross_component_audit_v1,clean,yue_001_partial_overlap_v1_m1,0.99998677,0.9731355,0.99999994
yue_cross_component_audit_v1,clean,yue_001_sequential_v1_m1,0.9994788,0.99995756,1.0
yue_cross_component_audit_v1,clean,yue_002_concurrent_v1_m1,0.99997693,0.0032687045,0.9999815
yue_cross_component_audit_v1,clean,yue_002_partial_overlap_v0_m1,0.006093675,0.10671488,0.39408514
yue_cross_component_audit_v1,clean,yue_002_sequential_v0_m1,0.04083998,0.9969408,0.9980549
yue_cross_component_audit_v1,clean,yue_003_concurrent_v0_m1,0.36107472,0.99776495,0.99968064
yue_cross_component_audit_v1,clean,yue_003_music_real,0.9764557,0.00028011244,0.98351836
yue_cross_component_audit_v1,clean,yue_003_partial_overlap_v0_m1,0.0008995456,0.98643476,0.98686004
yue_cross_component_audit_v1,clean,yue_003_sequential_v0_m1,0.08550389,0.9999961,0.99999875
yue_cross_component_audit_v1,clean,yue_004_concurrent_v0_m1,0.99477714,0.95469797,0.9999887
yue_cross_component_audit_v1,clean,yue_004_music_real,0.99279964,0.031425923,0.99603665
yue_cross_component_audit_v1,clean,yue_004_partial_overlap_v0_m1,0.7976811,0.98149776,0.9995408
yue_cross_component_audit_v1,clean,yue_004_sequential_v0_m1,0.31886518,0.9999635,0.99999547
yue_cross_component_audit_v1,clean,yue_005_concurrent_v0_m1,0.99889505,0.002981425,0.99908125
yue_cross_component_audit_v1,clean,yue_005_music_real,0.72677743,0.7047589,0.9663303
yue_cross_component_audit_v1,clean,yue_005_partial_overlap_v0_m1,0.003932542,0.008088399,0.028800428
yue_cross_component_audit_v1,clean,yue_005_sequential_v0_m1,0.19640234,0.2015994,0.5731306
yue_cross_component_audit_v1,clean,yue_006_concurrent_v0_m1,0.34960395,0.004902766,0.48399407
yue_cross_component_audit_v1,clean,yue_006_music_real,0.28321967,0.99972886,0.9999069
yue_cross_component_audit_v1,clean,yue_006_partial_overlap_v0_m1,0.6190692,0.2211533,0.88237643
yue_cross_component_audit_v1,clean,yue_006_sequential_v0_m1,0.9908657,0.99874926,0.999998
yue_cross_component_audit_v1,clean,yue_007_concurrent_v0_m1,0.939487,0.03055891,0.9825861
yue_cross_component_audit_v1,clean,yue_007_music_real,0.22704697,0.013708768,0.26386607
yue_cross_component_audit_v1,clean,yue_007_partial_overlap_v1_m1,0.22166748,0.9703442,0.991249
yue_cross_component_audit_v1,clean,yue_007_sequential_v1_m1,0.6901041,0.9994898,0.9999906
